project,rank,id,aliases,severity,published,modified,withdrawn,github_reviewed_at,nvd_published_at,fixed,summary
certifi,4,GHSA-248v-346w-9cwc,CVE-2024-39689 PYSEC-2024-230,LOW,2024-07-05T20:06:40Z,2026-09-10T03:50:15.994602411Z,,2024-07-05T20:06:40Z,2024-07-05T19:15:10Z,2024.7.4,Certifi removes GLOBALTRUST root certificate
certifi,4,GHSA-43fp-rhv2-5gv8,CVE-2022-23491 PYSEC-2022-42986,MODERATE,2022-12-07T23:05:18Z,2025-02-12T18:53:14.421067Z,,2022-12-07T23:05:18Z,2022-12-07T22:15:00Z,2022.12.07,Certifi removing TrustCor root certificate
certifi,4,GHSA-xqr8-7jwr-rhp7,CVE-2023-37920 PYSEC-2023-135,HIGH,2023-07-25T14:43:53Z,2026-09-10T03:50:08.653753752Z,,2023-07-25T14:43:53Z,2023-07-25T21:15:10Z,2023.7.22,Removal of e-Tugra root certificate
certifi,4,PYSEC-2022-42986,CVE-2022-23491 GHSA-43fp-rhv2-5gv8,,2022-12-07T22:15:00Z,2023-11-08T04:08:19.066843Z,,,,2022.12.7,
certifi,4,PYSEC-2023-135,CVE-2023-37920 GHSA-xqr8-7jwr-rhp7,,2023-08-03T19:36:12Z,2023-11-08T04:13:04.801823Z,,,,2023.7.22,
certifi,4,PYSEC-2024-230,CVE-2024-39689 GHSA-248v-346w-9cwc,,2024-07-05T19:15:10Z,2026-06-10T17:14:18.786020835Z,,,,2024.7.4,
idna,5,GHSA-65pc-fj4g-8rjx,CVE-2026-45409 PYSEC-2026-215,MODERATE,2026-05-19T14:34:32Z,2026-09-10T03:50:45.700124422Z,,2026-05-19T14:34:32Z,2026-06-05T23:16:43Z,3.15,Internationalized Domain Names in Applications (IDNA): Specially crafted inputs to idna.encode() can bypass CVE-2024-3651 fix
idna,5,GHSA-jjg7-2v4v-x38h,CVE-2024-3651 PYSEC-2024-60,MODERATE,2024-04-11T21:32:40Z,2026-09-10T03:50:12.774088619Z,,2024-04-11T21:32:40Z,2024-07-07T18:15:09Z,3.7,Internationalized Domain Names in Applications (IDNA) vulnerable to denial of service from specially crafted inputs to idna.encode
idna,5,PYSEC-2024-60,CVE-2024-3651 GHSA-jjg7-2v4v-x38h,,2024-07-07T18:15:00Z,2026-06-10T17:01:21.102419358Z,,,,3.7,
idna,5,PYSEC-2026-215,CVE-2026-45409 GHSA-65pc-fj4g-8rjx,,2026-06-05T23:16:43.343Z,2026-06-16T16:15:04.639265054Z,,,,3.15,
urllib3,6,GHSA-2xpw-w6gg-jr37,CVE-2025-66471 PYSEC-2026-1994,HIGH,2025-12-05T18:15:54Z,2026-09-25T17:15:05.968189421Z,,2025-12-05T18:15:54Z,2025-12-05T17:16:04Z,2.6.0,urllib3 streaming API improperly handles highly compressed data
urllib3,6,GHSA-34jh-p97f-mpxf,CVE-2024-37891 PYSEC-2026-1995,MODERATE,2024-06-17T21:37:20Z,2026-09-10T03:50:14.811193644Z,,2024-06-17T21:37:20Z,2024-06-17T20:15:13Z,1.26.19 2.2.2,urllib3's Proxy-Authorization request header isn't stripped during cross-origin redirects
urllib3,6,GHSA-38jv-5279-wg99,CVE-2026-21441 PYSEC-2026-1996,HIGH,2026-01-07T19:18:14Z,2026-09-10T03:50:32.562010895Z,,2026-01-07T19:18:14Z,2026-01-07T22:15:44Z,2.6.3,Decompression-bomb safeguards bypassed when following HTTP redirects (streaming API)
urllib3,6,GHSA-48p4-8xcf-vxj5,CVE-2025-50182 PYSEC-2026-1997,MODERATE,2025-06-18T17:50:11Z,2026-09-10T03:50:24.821170285Z,,2025-06-18T17:50:11Z,2025-06-19T02:15:17Z,2.5.0,urllib3 does not control redirects in browsers and Node.js
urllib3,6,GHSA-5phf-pp7p-vc2r,CVE-2021-28363 PYSEC-2021-59,MODERATE,2021-03-19T19:42:11Z,2026-07-08T06:28:26.820684687Z,,2021-03-19T19:41:48Z,2021-03-15T18:15:00Z,1.26.4,Using default SSLContext for HTTPS requests in an HTTPS proxy doesn't verify certificate hostname for proxy connection
urllib3,6,GHSA-g4mx-q9vg-27p4,CVE-2023-45803 PYSEC-2023-212,MODERATE,2023-10-17T20:15:25Z,2026-09-10T03:50:03.706889410Z,,2023-10-17T20:15:25Z,2023-10-17T20:15:10Z,2.0.7 1.26.18,urllib3's request body not stripped after redirect from 303 status changes request method to GET
urllib3,6,GHSA-gm62-xv2j-4w53,CVE-2025-66418 PYSEC-2026-1998,HIGH,2025-12-05T18:15:19Z,2026-09-10T03:50:58.741847479Z,,2025-12-05T18:15:19Z,2025-12-05T16:15:51Z,2.6.0,urllib3 allows an unbounded number of links in the decompression chain
urllib3,6,GHSA-gwvm-45gx-3cf8,CVE-2018-25091 PYSEC-2023-207,MODERATE,2023-10-15T21:30:26Z,2024-11-18T23:24:00.169548Z,,2023-10-17T14:21:39Z,2023-10-15T19:15:09Z,1.24.2,Authorization Header forwarded on redirect
urllib3,6,GHSA-hmv2-79q8-fv6g,CVE-2020-7212 PYSEC-2020-149,HIGH,2021-04-30T17:31:43Z,2024-11-18T22:35:00.503678Z,,2021-04-22T22:04:31Z,2020-03-06T20:15:00Z,1.25.8,Uncontrolled Resource Consumption in urllib3
urllib3,6,GHSA-mf9v-mfxr-j63j,CVE-2026-44432 PYSEC-2026-142,HIGH,2026-05-11T14:51:45Z,2026-09-10T03:51:06.409994465Z,,2026-05-11T14:51:45Z,2026-05-13T16:16:57Z,2.7.0,urllib3: Decompression-bomb safeguards bypassed in parts of the streaming API
urllib3,6,GHSA-mh33-7rrq-662w,CVE-2019-11324 PYSEC-2019-133,HIGH,2019-04-19T16:55:10Z,2024-11-18T22:25:21.266722Z,,2019-04-19T16:54:21Z,2019-04-18T21:29:00Z,1.24.2,Improper Certificate Validation in urllib3
urllib3,6,GHSA-pq67-6m6q-mj2v,CVE-2025-50181 PYSEC-2026-1999,MODERATE,2025-06-18T17:50:00Z,2026-09-10T03:50:25.299291456Z,,2025-06-18T17:50:00Z,2025-06-19T01:15:24Z,2.5.0,urllib3 redirects are not disabled when retries are disabled on PoolManager instantiation
urllib3,6,GHSA-q2q7-5pp4-w6pg,CVE-2021-33503 PYSEC-2021-108,HIGH,2021-06-01T21:19:32Z,2026-07-08T06:00:54.217433740Z,,2021-05-28T22:09:12Z,2021-06-29T11:15:00Z,1.26.5,Catastrophic backtracking in URL authority parser when passed URL containing many @ characters
urllib3,6,GHSA-qccp-gfcp-xxvc,CVE-2026-44431 PYSEC-2026-141,HIGH,2026-05-11T14:51:20Z,2026-09-10T03:50:47.272765640Z,,2026-05-11T14:51:20Z,2026-05-13T16:16:57Z,2.7.0,urllib3: Sensitive headers forwarded across origins in proxied low-level redirects
urllib3,6,GHSA-r64q-w8jr-g9qp,CVE-2019-11236 PYSEC-2019-132,MODERATE,2022-05-13T01:09:23Z,2024-11-18T23:01:35.378516Z,,2022-06-28T15:02:18Z,2019-04-15T15:29:00Z,1.24.3,Improper Neutralization of CRLF Sequences in urllib3 library for Python
urllib3,6,GHSA-v4w5-p2hg-8fh6,CVE-2016-9015 PYSEC-2017-98,MODERATE,2022-05-17T03:05:04Z,2024-11-18T23:23:42.457541Z,,2023-07-31T20:59:18Z,2017-01-11T16:59:00Z,1.18.1,Urllib3 Incorrect Certificate Validation
urllib3,6,GHSA-v845-jxx5-vc9f,CVE-2023-43804 PYSEC-2023-192,HIGH,2023-10-02T23:27:05Z,2026-09-10T03:49:24.753610811Z,,2023-10-02T23:27:05Z,2023-10-04T17:15:10Z,2.0.6 1.26.17,`Cookie` HTTP header isn't stripped on cross-origin redirects
urllib3,6,GHSA-wqvq-5m8c-6g24,CVE-2020-26137 PYSEC-2020-148,MODERATE,2021-06-18T18:46:43Z,2024-11-18T22:47:07.792720Z,,2021-06-17T22:13:47Z,2020-09-30T18:15:00Z,1.25.9,CRLF injection in urllib3
urllib3,6,GHSA-www2-v7xj-xrc6,CVE-2018-20060 PYSEC-2018-32,CRITICAL,2018-12-12T15:52:07Z,2024-12-27T18:35:28.737156Z,,2020-06-16T22:01:30Z,2018-12-11T17:29:00Z,1.23,Exposure of Sensitive Information to an Unauthorized Actor in urllib3
urllib3,6,PYSEC-2017-98,CVE-2016-9015 GHSA-v4w5-p2hg-8fh6,,2017-01-11T16:59:00Z,2026-06-10T17:02:48.350726400Z,,,,1.18.1,
urllib3,6,PYSEC-2018-32,CVE-2018-20060 GHSA-www2-v7xj-xrc6,,2018-12-11T17:29:00Z,2023-11-08T04:00:10.720105Z,,,,1.23,
urllib3,6,PYSEC-2019-132,CVE-2019-11236 GHSA-r64q-w8jr-g9qp,,2019-04-15T15:29:00Z,2023-11-08T04:01:00.047784Z,,,,1.24.3,
urllib3,6,PYSEC-2019-133,CVE-2019-11324 GHSA-mh33-7rrq-662w,,2019-04-18T21:29:00Z,2023-11-08T04:01:00.967964Z,,,,1.24.2,
urllib3,6,PYSEC-2020-148,CVE-2020-26137 GHSA-wqvq-5m8c-6g24,,2020-09-30T18:15:00Z,2023-11-08T04:03:14.251187Z,,,,1.25.9,
urllib3,6,PYSEC-2020-149,CVE-2020-7212 GHSA-hmv2-79q8-fv6g,,2020-03-06T20:15:00Z,2023-11-08T04:03:58.967412Z,,,,1.25.8,
urllib3,6,PYSEC-2021-108,CVE-2021-33503 GHSA-q2q7-5pp4-w6pg,,2021-06-29T11:15:00Z,2026-06-08T10:15:12.134263625Z,,,,1.26.5,
urllib3,6,PYSEC-2021-59,CVE-2021-28363 GHSA-5phf-pp7p-vc2r,,2021-03-15T18:15:00Z,2023-11-08T04:05:29.804412Z,,,,1.26.4,
urllib3,6,PYSEC-2023-192,CVE-2023-43804 GHSA-v845-jxx5-vc9f,,2023-10-04T17:15:00Z,2023-11-08T04:13:33.452167Z,,,,2.0.6 1.26.17,
urllib3,6,PYSEC-2023-207,CVE-2018-25091 GHSA-gwvm-45gx-3cf8,,2023-10-15T19:15:00Z,2026-06-10T17:02:48.915096311Z,,,,1.24.2,
urllib3,6,PYSEC-2023-212,CVE-2023-45803 GHSA-g4mx-q9vg-27p4,,2023-10-17T20:15:00Z,2023-11-08T04:13:39.165450Z,,,,2.0.7 1.26.18,
urllib3,6,PYSEC-2026-141,CVE-2026-44431 GHSA-qccp-gfcp-xxvc,,2026-05-13T16:16:57.150Z,2026-05-20T09:19:20.983812Z,,,,2.7.0,
urllib3,6,PYSEC-2026-142,CVE-2026-44432 GHSA-mf9v-mfxr-j63j,,2026-05-13T16:16:57.303Z,2026-05-20T09:19:21.038869Z,,,,2.7.0,
urllib3,6,PYSEC-2026-1994,CVE-2025-66471 GHSA-2xpw-w6gg-jr37,,2026-07-07T16:03:12.332335Z,2026-07-07T17:48:15.379954669Z,,,,2.6.0,urllib3 streaming API improperly handles highly compressed data
urllib3,6,PYSEC-2026-1995,CVE-2024-37891 GHSA-34jh-p97f-mpxf,,2026-07-07T14:34:34.848392Z,2026-07-07T17:48:15.400192088Z,,,,1.26.19 2.2.2,urllib3's Proxy-Authorization request header isn't stripped during cross-origin redirects
urllib3,6,PYSEC-2026-1996,CVE-2026-21441 GHSA-38jv-5279-wg99,,2026-07-07T16:03:16.841533Z,2026-07-07T17:48:15.382053236Z,,,,2.6.3,Decompression-bomb safeguards bypassed when following HTTP redirects (streaming API)
urllib3,6,PYSEC-2026-1997,CVE-2025-50182 GHSA-48p4-8xcf-vxj5,,2026-07-07T16:02:55.593591Z,2026-07-07T17:48:15.745179657Z,,,,2.5.0,urllib3 does not control redirects in browsers and Node.js
urllib3,6,PYSEC-2026-1998,CVE-2025-66418 GHSA-gm62-xv2j-4w53,,2026-07-07T16:03:12.278581Z,2026-07-07T17:47:54.140852492Z,,,,2.6.0,urllib3 allows an unbounded number of links in the decompression chain
urllib3,6,PYSEC-2026-1999,CVE-2025-50181 GHSA-pq67-6m6q-mj2v,,2026-07-07T16:02:55.519678Z,2026-07-07T17:47:54.161376347Z,,,,2.5.0,urllib3 redirects are not disabled when retries are disabled on PoolManager instantiation
requests,7,GHSA-652x-xj99-gmcc,CVE-2014-1830 PYSEC-2014-14,MODERATE,2022-05-14T02:09:22Z,2024-10-21T22:22:54.104555Z,,2022-07-07T22:49:51Z,2014-10-15T14:55:00Z,2.3.0,Exposure of Sensitive Information to an Unauthorized Actor in Requests
requests,7,GHSA-9hjg-9r4m-mvj7,CVE-2024-47081 PYSEC-2026-1872,MODERATE,2025-06-09T19:06:08Z,2026-09-10T03:50:25.139398550Z,,2025-06-09T19:06:08Z,2025-06-09T18:15:24Z,2.32.4,Requests vulnerable to .netrc credentials leak via malicious URLs
requests,7,GHSA-9wx4-h78v-vm56,CVE-2024-35195 PYSEC-2026-1873,MODERATE,2024-05-20T20:15:00Z,2026-09-10T03:50:13.740879755Z,,2024-05-20T20:15:00Z,2024-05-20T21:15:09Z,2.32.0,Requests `Session` object does not verify requests after making first request with verify=False
requests,7,GHSA-cfj3-7x9c-4p3h,CVE-2014-1829 PYSEC-2014-13,MODERATE,2022-05-17T03:49:35Z,2024-10-26T22:51:23.384075Z,,2022-07-07T22:49:52Z,2014-10-15T14:55:00Z,2.3.0,Exposure of Sensitive Information to an Unauthorized Actor in Requests
requests,7,GHSA-gc5v-m9x4-r6x2,CVE-2026-25645 PYSEC-2026-2275,MODERATE,2026-03-25T16:56:28Z,2026-09-10T03:50:39.207922076Z,,2026-03-25T16:56:28Z,2026-03-25T17:16:52Z,2.33.0,Requests has Insecure Temp File Reuse in its extract_zipped_paths() utility function
requests,7,GHSA-j8r2-6x86-q33q,CVE-2023-32681 PYSEC-2023-74,MODERATE,2023-05-22T20:36:32Z,2026-09-10T03:50:01.756149727Z,,2023-05-22T20:36:32Z,2023-05-26T18:15:14Z,2.31.0,Unintended leak of Proxy-Authorization header in requests
requests,7,GHSA-pg2w-x9wp-vw92,CVE-2015-2296 PYSEC-2015-17,MODERATE,2022-05-13T01:11:23Z,2024-12-01T05:57:02.796059Z,,2023-07-31T23:49:22Z,2015-03-18T16:59:00Z,2.6.0,Python Requests Session Fixation
requests,7,GHSA-x84v-xcm2-53pg,CVE-2018-18074 PYSEC-2018-28,HIGH,2018-10-29T19:06:46Z,2024-10-21T21:42:55.896669Z,,2020-06-16T22:02:40Z,2018-10-09T17:29:00Z,2.20.0,Insufficiently Protected Credentials in Requests
requests,7,PYSEC-2014-13,CVE-2014-1829 GHSA-cfj3-7x9c-4p3h,,2014-10-15T14:55:00Z,2023-11-08T03:57:34.760439Z,,,,2.3.0,
requests,7,PYSEC-2014-14,CVE-2014-1830 GHSA-652x-xj99-gmcc,,2014-10-15T14:55:00Z,2023-11-08T03:57:34.820933Z,,,,2.3.0,
requests,7,PYSEC-2015-17,CVE-2015-2296 GHSA-pg2w-x9wp-vw92,,2015-03-18T16:59:00Z,2026-06-10T17:02:37.461577652Z,,,,2.6.0,
requests,7,PYSEC-2018-28,CVE-2018-18074 GHSA-x84v-xcm2-53pg,,2018-10-09T17:29:00Z,2023-11-08T04:00:04.815794Z,,,,2.20.0,
requests,7,PYSEC-2023-74,CVE-2023-32681 GHSA-j8r2-6x86-q33q,,2023-05-26T18:15:00Z,2023-11-08T04:12:35.436175Z,,,,2.31.0,
requests,7,PYSEC-2026-1872,CVE-2024-47081 GHSA-9hjg-9r4m-mvj7,,2026-07-07T16:02:54.151964Z,2026-07-07T17:47:00.332079836Z,,,,2.32.4,Requests vulnerable to .netrc credentials leak via malicious URLs
requests,7,PYSEC-2026-1873,CVE-2024-35195 GHSA-9wx4-h78v-vm56,,2026-07-07T11:45:42.890131Z,2026-07-07T17:46:36.762141019Z,,,,2.32.0,Requests `Session` object does not verify requests after making first request with verify=False
requests,7,PYSEC-2026-2275,CVE-2026-25645 GHSA-gc5v-m9x4-r6x2,,2026-03-25T17:16:52.970Z,2026-07-13T07:15:43.964902190Z,,,,2.33.0,
setuptools,9,GHSA-27x4-j476-jp5f,CVE-2013-1633 PYSEC-2013-22,HIGH,2022-05-17T05:01:02Z,2024-10-22T17:02:06.583304Z,,2023-08-29T18:46:57Z,2013-08-06T02:52:00Z,0.7,Setuptools vulnerable to Man-in-the-middle attacks
setuptools,9,GHSA-5rjg-fvgr-3xxf,BIT-setuptools-2025-47273 CVE-2025-47273 PYSEC-2025-49,HIGH,2025-05-19T16:52:43Z,2026-09-10T03:50:24.253527717Z,,2025-05-19T16:52:43Z,2025-05-17T16:15:19Z,78.1.1,setuptools has a path traversal vulnerability in PackageIndex.download that leads to Arbitrary File Write
setuptools,9,GHSA-cx63-2mw6-8hw5,BIT-setuptools-2024-6345 CVE-2024-6345 PYSEC-2026-1918,HIGH,2024-07-15T03:30:57Z,2026-09-10T03:50:16.663495061Z,,2024-07-15T16:25:38Z,2024-07-15T01:15:01Z,70.0.0,setuptools vulnerable to Command Injection via package URL
setuptools,9,GHSA-h35f-9h28-mq5c,BIT-setuptools-2026-59890 CVE-2026-59890 PYSEC-2026-3447,MODERATE,2026-07-21T19:09:21Z,2026-09-10T03:50:52.323347787Z,,2026-07-21T19:09:21Z,2026-07-08T17:17:27Z,83.0.0,setuptools: MANIFEST.in exclusion bypass in sdist via Unicode normalization collision (NFC/NFD) on macOS APFS/HFS+
setuptools,9,GHSA-r9hx-vwmv-q579,BIT-setuptools-2022-40897 CVE-2022-40897 PYSEC-2022-43012,HIGH,2022-12-23T00:30:23Z,2026-08-07T08:12:25.181519588Z,,2022-12-27T14:51:05Z,2022-12-23T00:15:00Z,65.5.1,pypa/setuptools vulnerable to Regular Expression Denial of Service (ReDoS)
setuptools,9,PYSEC-2013-22,CVE-2013-1633 GHSA-27x4-j476-jp5f,,2013-08-06T02:52:00Z,2026-06-10T17:02:39.576960663Z,,,,0.7,
setuptools,9,PYSEC-2022-43012,BIT-setuptools-2022-40897 CVE-2022-40897 GHSA-r9hx-vwmv-q579,,2022-12-23T00:15:00Z,2026-06-10T17:02:40.148961359Z,,,,65.5.1,
setuptools,9,PYSEC-2025-49,BIT-setuptools-2025-47273 CVE-2025-47273 GHSA-5rjg-fvgr-3xxf,,2025-05-17T16:15:19Z,2026-05-11T00:26:34.671259971Z,,,,78.1.1,
setuptools,9,PYSEC-2026-1918,BIT-setuptools-2024-6345 CVE-2024-6345 GHSA-cx63-2mw6-8hw5,,2026-07-07T14:34:36.817041Z,2026-07-07T17:57:13.326243614Z,,,,70.0.0,setuptools vulnerable to Command Injection via package URL
setuptools,9,PYSEC-2026-3447,BIT-setuptools-2026-59890 CVE-2026-59890 GHSA-h35f-9h28-mq5c,,2026-07-08T17:17:27.020Z,2026-07-14T10:56:37.948360943Z,,,,83.0.0,
cryptography,10,GHSA-39hc-v87j-747x,,MODERATE,2022-11-02T18:11:56Z,2024-12-03T06:08:44.549863Z,,2022-11-02T18:11:56Z,,38.0.3,Vulnerable OpenSSL included in cryptography wheels
cryptography,10,GHSA-3ww4-gg4f-jr7f,CVE-2023-50782 PYSEC-2026-1283,HIGH,2024-02-05T21:30:31Z,2026-09-10T03:50:05.279171645Z,,2024-02-05T23:04:50Z,2024-02-05T21:15:11Z,42.0.0,Python Cryptography package vulnerable to Bleichenbacher timing oracle attack
cryptography,10,GHSA-537c-gmf6-5ccf,,HIGH,2026-06-15T20:12:27Z,2026-09-10T03:50:48.298936410Z,,2026-06-15T20:12:27Z,,48.0.1,Vulnerable OpenSSL included in cryptography wheels
cryptography,10,GHSA-5cpq-8wj7-hf2v,,LOW,2023-06-02T17:13:10Z,2026-09-10T03:50:02.133725445Z,,2023-06-02T17:13:10Z,,41.0.0,Vulnerable OpenSSL included in cryptography wheels
cryptography,10,GHSA-6vqw-3v5j-54x4,CVE-2024-26130 PYSEC-2024-225,HIGH,2024-02-21T18:04:40Z,2026-09-10T03:50:09.815640629Z,,2024-02-21T18:04:40Z,2024-02-21T17:15:09Z,42.0.4,cryptography NULL pointer dereference with pkcs12.serialize_key_and_certificates when called with a non-matching certificate and private key and an hmac_hash override
cryptography,10,GHSA-79v4-65xg-pq4g,CVE-2024-12797 PYSEC-2026-1284,LOW,2025-02-11T18:06:42Z,2026-09-10T03:50:22.501671988Z,,2025-02-11T18:06:42Z,2025-02-11T16:15:38Z,44.0.1,Vulnerable OpenSSL included in cryptography wheels
cryptography,10,GHSA-9v9h-cgj8-h64p,CVE-2024-0727 PYSEC-2026-1285,MODERATE,2024-01-26T09:30:23Z,2026-09-10T03:50:09.410128409Z,,2024-02-16T20:48:36Z,2024-01-26T09:15:07Z,42.0.2,Null pointer dereference in PKCS12 parsing
cryptography,10,GHSA-cf7p-gm2m-833m,CVE-2023-38325 PYSEC-2023-112,HIGH,2023-07-14T21:31:08Z,2026-09-10T03:49:57.356196452Z,,2023-07-14T22:14:26Z,2023-07-14T20:15:09Z,41.0.2,cryptography mishandles SSH certificates
cryptography,10,GHSA-fcf9-3qw3-gxmj,CVE-2018-10903 PYSEC-2018-52,HIGH,2018-07-31T18:28:09Z,2024-09-13T18:23:23.420507Z,,2020-06-16T21:34:18Z,,2.3,PyCA Cryptography vulnerable to GCM tag forgery
cryptography,10,GHSA-g6cj-pr64-35w5,CVE-2026-69247 PYSEC-2026-3552,HIGH,2026-08-03T21:17:00Z,2026-09-10T03:50:53.610446769Z,,2026-08-03T21:17:00Z,,50.0.0,cryptography: PKCS#7 EnvelopedData decryption exposes a Bleichenbacher oracle through distinguishable errors and timing
cryptography,10,GHSA-h4gh-qq45-vh27,,MODERATE,2024-09-03T21:59:48Z,2026-09-10T03:50:18.241644273Z,,2024-09-03T21:59:48Z,,43.0.1,pyca/cryptography has a vulnerable OpenSSL included in cryptography wheels
cryptography,10,GHSA-hggm-jpg3-v476,CVE-2020-25659 PYSEC-2021-62,HIGH,2020-10-27T20:33:13Z,2024-11-24T05:24:23.229640Z,,2020-10-27T20:32:44Z,2021-01-11T16:15:00Z,3.2,RSA decryption vulnerable to Bleichenbacher timing vulnerability
cryptography,10,GHSA-jfhm-5ghh-2f97,CVE-2023-49083 PYSEC-2023-254,MODERATE,2023-11-28T20:46:46Z,2026-09-10T03:49:59.095260608Z,,2023-11-28T20:46:46Z,2023-11-29T19:15:07Z,41.0.6,cryptography vulnerable to NULL-dereference when loading PKCS7 certificates
cryptography,10,GHSA-jm77-qphf-c4w8,,LOW,2023-08-01T22:34:41Z,2026-09-10T03:50:02.832467975Z,,2023-08-01T22:34:41Z,,41.0.3,pyca/cryptography's wheels include vulnerable OpenSSL
cryptography,10,GHSA-jwv3-5hgf-82ww,CVE-2026-69249 PYSEC-2026-3553,HIGH,2026-08-03T21:26:50Z,2026-09-24T14:45:10.238420831Z,,2026-08-03T21:26:50Z,2026-08-03T22:16:52Z,49.0.0,python-cryptography: Duplicate self-signed intermediates can cause exponential path-building
cryptography,10,GHSA-m2h6-j472-rp4c,CVE-2026-69248 PYSEC-2026-3554,MODERATE,2026-08-03T21:26:57Z,2026-09-24T15:00:04.719975807Z,,2026-08-03T21:26:57Z,2026-08-03T22:16:52Z,49.0.0,python-cryptography verifier accepts wildcard DNS names allowing escape from permittedSubtrees
cryptography,10,GHSA-m959-cc7f-wv43,CVE-2026-34073 PYSEC-2026-35,LOW,2026-03-27T19:56:21Z,2026-09-10T03:51:00.592317622Z,,2026-03-27T19:56:21Z,2026-03-31T03:15:59Z,46.0.6,cryptography has incomplete DNS name constraint enforcement on peer names
cryptography,10,GHSA-p423-j2cm-9vmq,CVE-2026-39892 PYSEC-2026-36,MODERATE,2026-04-08T19:23:08Z,2026-09-10T03:50:44.766981051Z,,2026-04-08T19:23:08Z,2026-04-08T21:17:01Z,46.0.7,Cryptography vulnerable to buffer overflow if non-contiguous buffers were passed to APIs
cryptography,10,GHSA-q3cj-2r34-2cwc,CVE-2016-9243 PYSEC-2017-8,HIGH,2022-05-17T02:51:56Z,2024-09-13T20:24:39.475398Z,,2022-06-17T21:29:04Z,2017-03-27T17:59:00Z,1.5.3,Improper input validation in cryptography
cryptography,10,GHSA-r6ph-v2qm-q3c2,CVE-2026-26007 PYSEC-2026-2141,HIGH,2026-02-10T21:27:06Z,2026-09-10T03:50:59.750965345Z,,2026-02-10T21:27:06Z,2026-02-10T22:17:00Z,46.0.5,cryptography Vulnerable to a Subgroup Attack Due to Missing Subgroup Validation for SECT Curves
cryptography,10,GHSA-rhm9-p9w5-fwm7,CVE-2020-36242 PYSEC-2021-63,HIGH,2021-02-10T01:32:27Z,2025-02-15T05:29:30.639484Z,,2021-02-10T01:31:02Z,2021-02-07T20:15:00Z,3.3.2,PyCA Cryptography symmetrically encrypting large values can lead to integer overflow
cryptography,10,GHSA-v8gr-m533-ghj9,,LOW,2023-09-21T17:07:01Z,2026-09-10T03:50:03.291941916Z,,2023-09-21T17:07:01Z,,41.0.4,Vulnerable OpenSSL included in cryptography wheels
cryptography,10,GHSA-w7pp-m8wf-vj6r,CVE-2023-23931 PYSEC-2023-11,MODERATE,2023-02-07T20:54:10Z,2026-09-10T03:49:52.124485319Z,,2023-02-07T20:54:10Z,2023-02-07T21:15:00Z,39.0.1,Cipher.update_into can corrupt memory if passed an immutable python object as the outbuf
cryptography,10,GHSA-x4qr-2fvf-3mr5,CVE-2023-0286 PYSEC-2026-800 RUSTSEC-2023-0006,HIGH,2023-02-08T22:17:06Z,2026-09-10T03:49:52.275131140Z,,2023-02-08T22:17:06Z,2023-02-08T20:15:00Z,39.0.1,Vulnerable OpenSSL included in cryptography wheels
cryptography,10,PYSEC-2017-8,CVE-2016-9243 GHSA-q3cj-2r34-2cwc,,2017-03-27T17:59:00Z,2023-11-08T03:58:38.234221Z,,,,1.5.3,
cryptography,10,PYSEC-2018-52,CVE-2018-10903 GHSA-fcf9-3qw3-gxmj,,2018-07-30T16:29:00Z,2023-11-08T03:59:44.669160Z,,,,2.3,
cryptography,10,PYSEC-2021-62,CVE-2020-25659 GHSA-hggm-jpg3-v476,,2021-01-11T16:15:00Z,2023-11-08T04:03:11.264590Z,,,,3.2.1,
cryptography,10,PYSEC-2021-63,CVE-2020-36242 GHSA-rhm9-p9w5-fwm7,,2021-02-07T20:15:00Z,2023-11-08T04:03:42.949464Z,,,,3.3.2,
cryptography,10,PYSEC-2023-11,CVE-2023-23931 GHSA-w7pp-m8wf-vj6r,,2023-02-07T21:15:00Z,2026-02-22T22:48:42.243064Z,,,,39.0.1,
cryptography,10,PYSEC-2023-112,CVE-2023-38325 GHSA-cf7p-gm2m-833m,,2023-07-14T20:15:00Z,2026-06-10T17:00:55.200316706Z,,,,41.0.2,
cryptography,10,PYSEC-2023-254,CVE-2023-49083 GHSA-jfhm-5ghh-2f97,,2023-11-29T19:15:00Z,2024-02-17T07:41:40.326359Z,,,,41.0.6,
cryptography,10,PYSEC-2024-225,CVE-2024-26130 GHSA-6vqw-3v5j-54x4,,2024-02-21T17:15:09Z,2026-06-10T17:14:19.430885581Z,,,,42.0.4,
cryptography,10,PYSEC-2026-1283,CVE-2023-50782 GHSA-3ww4-gg4f-jr7f,,2026-07-07T11:45:32.057431Z,2026-07-07T17:47:34.768177954Z,,,,42.0.0,Python Cryptography package vulnerable to Bleichenbacher timing oracle attack
cryptography,10,PYSEC-2026-1284,CVE-2024-12797 GHSA-79v4-65xg-pq4g,,2026-07-07T14:34:49.574389Z,2026-07-07T17:47:34.798935568Z,,,,44.0.1,Vulnerable OpenSSL included in cryptography wheels
cryptography,10,PYSEC-2026-1285,CVE-2024-0727 GHSA-9v9h-cgj8-h64p,,2026-07-07T11:45:31.186666Z,2026-07-07T17:47:34.802728704Z,,,,42.0.2,Null pointer dereference in PKCS12 parsing
cryptography,10,PYSEC-2026-2141,CVE-2026-26007 GHSA-r6ph-v2qm-q3c2,,2026-02-10T22:17:00.307Z,2026-07-13T07:15:23.314483004Z,,,,46.0.5,
cryptography,10,PYSEC-2026-35,CVE-2026-34073 GHSA-m959-cc7f-wv43,,2026-03-31T03:15:59.123Z,2026-05-20T09:18:55.884138Z,,,,46.0.6,
cryptography,10,PYSEC-2026-3552,CVE-2026-69247 GHSA-g6cj-pr64-35w5,,2026-08-04T11:34:47.697724Z,2026-08-04T14:30:15.036332054Z,,,,50.0.0,cryptography: PKCS#7 EnvelopedData decryption exposes a Bleichenbacher oracle through distinguishable errors and timing
cryptography,10,PYSEC-2026-3553,CVE-2026-69249 GHSA-jwv3-5hgf-82ww,,2026-08-04T11:34:47.857042Z,2026-08-04T14:30:26.222821809Z,,,,49.0.0,python-cryptography: Duplicate self-signed intermediates can cause exponential path-building
cryptography,10,PYSEC-2026-3554,CVE-2026-69248 GHSA-m2h6-j472-rp4c,,2026-08-04T11:34:48.085980Z,2026-08-04T14:30:26.230323446Z,,,,49.0.0,python-cryptography verifier accepts wildcard DNS names allowing escape from permittedSubtrees
cryptography,10,PYSEC-2026-36,CVE-2026-39892 GHSA-p423-j2cm-9vmq,,2026-04-08T21:17:01.547Z,2026-05-20T09:18:55.965312Z,,,,46.0.7,
cryptography,10,PYSEC-2026-800,CVE-2023-0286 GHSA-x4qr-2fvf-3mr5 RUSTSEC-2023-0006,,2026-07-07T10:17:27.618960Z,2026-07-07T11:56:31.245321569Z,,,,39.0.1,Vulnerable OpenSSL included in cryptography wheels
pygments,13,GHSA-5239-wwwm-4pmq,CVE-2026-4539 PYSEC-2026-2987,LOW,2026-03-22T06:30:15Z,2026-09-10T03:50:59.780634752Z,,2026-03-24T20:33:39Z,2026-03-22T06:16:20Z,2.20.0,Pygments has Regular Expression Denial of Service (ReDoS) due to Inefficient Regex for GUID Matching
pygments,13,GHSA-9w8r-397f-prfh,CVE-2021-20270 PYSEC-2021-140,HIGH,2021-04-20T16:35:47Z,2024-10-14T18:43:36.784789Z,,2021-04-12T20:58:03Z,2021-03-23T17:15:00Z,2.7.4,Infinite Loop in Pygments
pygments,13,GHSA-fff8-4w9p-7v76,CVE-2015-8557 PYSEC-2016-32,CRITICAL,2022-05-17T02:37:56Z,2024-10-24T22:26:14.588075Z,,2022-06-03T15:40:31Z,2016-01-08T20:59:00Z,2.1,Command Injection in Pygments
pygments,13,GHSA-mrwq-x4v8-fh7p,CVE-2022-40896 PYSEC-2023-117,MODERATE,2023-07-19T15:30:26Z,2024-10-24T22:27:47.389299Z,,2023-07-20T11:00:04Z,2023-07-19T15:15:10Z,2.15.0,Pygments vulnerable to ReDoS
pygments,13,GHSA-pq64-v7f5-gqh8,CVE-2021-27291 PYSEC-2021-141,HIGH,2021-03-29T16:33:03Z,2024-10-14T18:40:16.220059Z,,2021-03-22T20:28:40Z,2021-03-17T13:15:00Z,2.7.4,Pygments vulnerable to Regular Expression Denial of Service (ReDoS)
pygments,13,PYSEC-2016-32,CVE-2015-8557 GHSA-fff8-4w9p-7v76,,2016-01-08T20:59:00Z,2023-11-08T03:58:02.518743Z,,,,2.1,
pygments,13,PYSEC-2021-140,CVE-2021-20270 GHSA-9w8r-397f-prfh,,2021-03-23T17:15:00Z,2023-11-08T04:04:36.317980Z,,,,2.7.4,
pygments,13,PYSEC-2021-141,CVE-2021-27291 GHSA-pq64-v7f5-gqh8,,2021-03-17T13:15:00Z,2023-11-08T04:05:24.065715Z,,,,2.7.4,
pygments,13,PYSEC-2023-117,CVE-2022-40896 GHSA-mrwq-x4v8-fh7p,,2023-07-19T15:15:00Z,2026-06-10T17:01:44.543779692Z,,,,2.15.1,
pygments,13,PYSEC-2026-2987,CVE-2026-4539 GHSA-5239-wwwm-4pmq,,2026-07-13T14:36:44.333679Z,2026-07-13T16:32:42.870544840Z,,,,2.20.0,Pygments has Regular Expression Denial of Service (ReDoS) due to Inefficient Regex for GUID Matching
pyyaml,14,GHSA-3pqx-4fqf-j49f,CVE-2019-20477 PYSEC-2020-176,CRITICAL,2021-04-20T16:40:42Z,2024-10-25T21:23:11.506576Z,,2021-04-08T19:24:04Z,2020-02-19T04:15:00Z,5.2,Deserialization of Untrusted Data in PyYAML
pyyaml,14,GHSA-6757-jp84-gxfx,CVE-2020-1747 PYSEC-2020-96,CRITICAL,2021-04-20T16:14:24Z,2026-05-04T08:57:14.897560893Z,,2021-04-07T22:29:00Z,2020-03-24T15:15:00Z,5.3.1,Improper Input Validation in PyYAML
pyyaml,14,GHSA-8q59-q68h-6hv4,CVE-2020-14343 PYSEC-2021-142,CRITICAL,2021-03-25T21:26:26Z,2026-02-04T03:33:10.792778Z,,2021-03-25T21:15:23Z,2021-02-09T21:15:00Z,5.4,Improper Input Validation in PyYAML
pyyaml,14,GHSA-rprw-h62v-c2w7,CVE-2017-18342 PYSEC-2018-49,CRITICAL,2019-01-04T17:45:26Z,2026-07-01T17:45:34.796248930Z,,2020-06-16T21:55:26Z,,5.1,PyYAML insecurely deserializes YAML strings leading to arbitrary code execution
pyyaml,14,PYSEC-2018-49,CVE-2017-18342 GHSA-rprw-h62v-c2w7,,2018-06-27T12:29:00Z,2023-11-08T03:59:15.614863Z,,,,5.1,
pyyaml,14,PYSEC-2020-176,CVE-2019-20477 GHSA-3pqx-4fqf-j49f,,2020-02-19T04:15:00Z,2023-11-08T04:01:30.627114Z,,,,5.2b1,
pyyaml,14,PYSEC-2020-96,CVE-2020-1747 GHSA-6757-jp84-gxfx,,2020-03-24T15:15:00Z,2026-05-04T08:57:14.897560893Z,,,,5.3.1,
pyyaml,14,PYSEC-2021-142,CVE-2020-14343 GHSA-8q59-q68h-6hv4,,2021-02-09T21:15:00Z,2023-11-08T04:02:26.414885Z,,,,5.4,
pydantic,18,GHSA-5jqp-qgf6-3pvh,CVE-2021-29510 PYSEC-2021-47,MODERATE,2021-05-13T20:23:17Z,2026-07-08T06:29:37.051969770Z,,2021-05-13T18:54:35Z,2021-05-13T19:15:00Z,1.6.2 1.8.2 1.7.4,"Use of ""infinity"" as an input to datetime and date fields causes infinite loop in pydantic"
pydantic,18,GHSA-mr82-8j83-vxmv,CVE-2024-3772 PYSEC-2026-1812,MODERATE,2024-04-15T03:31:00Z,2026-08-07T08:12:04.281121542Z,,2024-04-15T18:11:28Z,2024-04-15T03:16:07Z,2.4.0 1.10.13,Pydantic regular expression denial of service
pydantic,18,PYSEC-2021-47,CVE-2021-29510 GHSA-5jqp-qgf6-3pvh,,2021-05-13T19:15:00Z,2026-06-08T11:15:47.381921256Z,,,,1.6.2 1.7.4 1.8.2,
pydantic,18,PYSEC-2026-1812,CVE-2024-3772 GHSA-mr82-8j83-vxmv,,2026-07-07T11:45:38.517274Z,2026-07-07T17:48:03.529509569Z,,,,1.10.13 2.4.0,Pydantic regular expression denial of service
numpy,19,GHSA-2fc2-6r4j-p65h,CVE-2014-1859 PYSEC-2018-34,HIGH,2022-05-14T01:08:34Z,2024-10-01T21:25:39.590447Z,,2022-06-17T21:06:08Z,2018-01-08T19:29:00Z,1.8.1,Numpy arbitrary file write via symlink attack
numpy,19,GHSA-5545-2q6w-2gh6,CVE-2021-41495 PYSEC-2021-856,HIGH,2022-02-08T00:00:56Z,2023-11-08T04:06:59.212424Z,,2022-06-21T20:10:22Z,2021-12-17T20:15:00Z,1.19,NumPy NULL Pointer Dereference
numpy,19,GHSA-6p56-wp2h-9hxr,CVE-2021-33430 PYSEC-2021-854,MODERATE,2022-01-07T00:09:39Z,2024-09-26T15:01:21.525444Z,,2022-01-04T20:52:47Z,2021-12-17T19:15:00Z,1.21,NumPy Buffer Overflow (Disputed)
numpy,19,GHSA-9fq2-x9r6-wfmf,CVE-2019-6446 PYSEC-2019-108,CRITICAL,2022-05-24T22:00:57Z,2026-07-06T15:30:15.818392869Z,,2023-07-18T20:19:35Z,2019-01-16T05:29:01Z,1.16.3,Numpy Deserialization of Untrusted Data
numpy,19,GHSA-cw6w-4rcx-xphc,CVE-2014-1858 PYSEC-2018-33,HIGH,2022-05-14T03:48:04Z,2024-10-07T21:24:52.642615Z,,2022-06-17T21:06:41Z,2018-01-08T19:29:00Z,1.8.1,Arbitrary file write in NumPy
numpy,19,GHSA-f7c7-j99h-c22f,CVE-2021-41496 PYSEC-2021-857,MODERATE,2022-02-08T00:00:56Z,2023-11-08T04:06:59.274139Z,,2022-06-21T20:09:56Z,2021-12-17T20:15:00Z,1.19,Buffer Copy without Checking Size of Input in NumPy
numpy,19,GHSA-fpfv-jqm9-f5jm,CVE-2021-34141 PYSEC-2021-855,MODERATE,2021-12-18T00:00:41Z,2023-11-08T04:06:07.388275Z,,2022-06-21T20:12:53Z,2021-12-17T19:15:00Z,1.22,Incorrect Comparison in NumPy
numpy,19,GHSA-frgw-fgh6-9g52,CVE-2017-12852 PYSEC-2017-1,HIGH,2022-05-13T01:42:46Z,2023-11-08T03:58:54.336802Z,,2022-06-17T21:05:33Z,2017-08-15T16:29:00Z,1.13.3,Numpy missing input validation
numpy,19,PYSEC-2017-1,CVE-2017-12852 GHSA-frgw-fgh6-9g52,,2017-08-15T16:29:00Z,2023-11-08T03:58:54.336802Z,,,,1.13.3,
numpy,19,PYSEC-2018-33,CVE-2014-1858 GHSA-cw6w-4rcx-xphc,,2018-01-08T19:29:00Z,2023-11-08T03:57:35.308828Z,,,,1.8.1,
numpy,19,PYSEC-2018-34,CVE-2014-1859 GHSA-2fc2-6r4j-p65h,,2018-01-08T19:29:00Z,2023-11-08T03:57:35.369858Z,,,,1.8.1,
numpy,19,PYSEC-2019-108,CVE-2019-6446 GHSA-9fq2-x9r6-wfmf,,2019-01-16T05:29:00Z,2026-06-10T17:02:26.371473951Z,,,,1.16.1,
numpy,19,PYSEC-2021-854,CVE-2021-33430 GHSA-6p56-wp2h-9hxr,,2021-12-17T19:15:00Z,2023-11-08T04:06:04.438690Z,,,,1.10.0,
numpy,19,PYSEC-2021-855,CVE-2021-34141 GHSA-fpfv-jqm9-f5jm,,2021-12-17T19:15:00Z,2023-11-08T04:06:07.388275Z,,,,1.10.0,
numpy,19,PYSEC-2021-856,CVE-2021-41495 GHSA-5545-2q6w-2gh6,,2021-12-17T20:15:00Z,2023-11-08T04:06:59.212424Z,,,,1.19.1,
numpy,19,PYSEC-2021-857,CVE-2021-41496 GHSA-f7c7-j99h-c22f,,2021-12-17T20:15:00Z,2023-11-08T04:06:59.274139Z,,,,1.19.0,
click,20,PYSEC-2026-2132,CVE-2026-7246 GHSA-47fr-3ffg-hgmw,,2026-04-30T14:16:36.433Z,2026-07-13T07:15:21.899333658Z,,,,8.3.3,
anyio,22,GHSA-3w57-8xmc-8v26,CVE-2026-63349,HIGH,2026-09-18T17:17:23Z,2026-09-18T17:30:08.405302732Z,,2026-09-18T17:17:23Z,,4.14.2,AnyIO run_process/open_process ignores extra_groups and can retain parent supplementary groups
anyio,22,GHSA-5p39-cfhj-2xmp,CVE-2026-64847,MODERATE,2026-09-18T17:17:10Z,2026-09-18T17:30:07.278440290Z,,2026-09-18T17:17:10Z,,4.14.2,AnyIO process-pool workers can block indefinitely on undrained stderr
anyio,22,GHSA-82r6-8w77-94w6,CVE-2026-63374,CRITICAL,2026-09-18T17:17:18Z,2026-09-18T17:30:07.278457589Z,,2026-09-18T17:17:18Z,,4.14.2,AnyIO: TLSStream IDNA 2003 host name encoding enables potential TLS certificate spoofing
pytest,23,GHSA-6w46-j5rx-g56g,CVE-2025-71176 PYSEC-2026-1845,MODERATE,2026-01-22T06:30:29Z,2026-09-10T03:50:32.768043789Z,,2026-04-13T16:38:46Z,2026-01-22T05:16:17Z,9.0.3,pytest has vulnerable tmpdir handling
pytest,23,PYSEC-2026-1845,CVE-2025-71176 GHSA-6w46-j5rx-g56g,,2026-07-07T16:03:19.758250Z,2026-07-07T17:47:51.848748359Z,,,,9.0.3,pytest has vulnerable tmpdir handling
h11,28,GHSA-vqfr-h8mv-ghfj,CVE-2025-43859 PYSEC-2026-348,CRITICAL,2025-04-24T16:07:56Z,2026-09-10T03:50:24.086696793Z,,2025-04-24T16:07:56Z,2025-04-24T19:15:47Z,0.16.0,h11 accepts some malformed Chunked-Encoding bodies
h11,28,PYSEC-2026-348,CVE-2025-43859 GHSA-vqfr-h8mv-ghfj,,2026-06-29T11:50:35.684909Z,2026-07-01T20:22:54.082067Z,,,,0.16.0,h11 accepts some malformed Chunked-Encoding bodies
protobuf,31,GHSA-7gcm-g887-7qv7,CVE-2026-0994 PYSEC-2026-1805,HIGH,2026-01-23T15:31:35Z,2026-09-10T03:50:32.795512159Z,,2026-01-23T16:56:33Z,2026-01-23T15:16:06Z,6.33.5 5.29.6,protobuf affected by a JSON recursion depth bypass
protobuf,31,GHSA-8gq9-2x98-w8hf,CVE-2022-1941 PYSEC-2026-899,HIGH,2022-09-23T20:31:15Z,2026-07-08T06:28:21.826447100Z,,2022-09-23T20:31:15Z,2022-09-22T15:15:00Z,3.18.3 3.19.5 3.20.2 4.21.6,protobuf-cpp and protobuf-python have potential Denial of Service issue
protobuf,31,GHSA-8qvm-5x2c-j2w7,CVE-2025-4565 PYSEC-2026-1806,HIGH,2025-06-16T16:02:58Z,2026-09-10T03:50:25.255076549Z,,2025-06-16T16:02:58Z,2025-06-16T15:15:24Z,4.25.8 5.29.5 6.31.1,protobuf-python has a potential Denial of Service issue
protobuf,31,GHSA-jwvw-v7c5-m82h,CVE-2015-5237 PYSEC-2017-65,HIGH,2022-05-13T01:06:54Z,2026-07-09T16:56:19.686722863Z,,2022-06-17T21:54:16Z,2017-09-25T17:29:00Z,3.4.0,protobuf susceptible to buffer overflow
protobuf,31,PYSEC-2017-65,CVE-2015-5237 GHSA-jwvw-v7c5-m82h,,2017-09-25T17:29:00Z,2026-07-09T16:56:19.686722863Z,,,,3.4.0,
protobuf,31,PYSEC-2022-48,CVE-2021-22570 GHSA-77rm-9x9h-xj3g,,2022-01-26T14:15:00Z,2026-01-28T03:41:23.240277Z,,,,3.15.0,
protobuf,31,PYSEC-2026-1805,CVE-2026-0994 GHSA-7gcm-g887-7qv7,,2026-07-07T16:03:20.164682Z,2026-07-07T17:48:07.140464416Z,,,,5.29.6 6.33.5,protobuf affected by a JSON recursion depth bypass
protobuf,31,PYSEC-2026-1806,CVE-2025-4565 GHSA-8qvm-5x2c-j2w7,,2026-07-07T16:02:55.431384Z,2026-07-07T17:48:07.186137733Z,,,,4.25.8 5.29.5 6.31.1,protobuf-python has a potential Denial of Service issue
protobuf,31,PYSEC-2026-899,CVE-2022-1941 GHSA-8gq9-2x98-w8hf,,2026-07-07T10:17:22.281659Z,2026-07-07T11:45:17.408026989Z,,,,3.18.3 3.19.5 3.20.2 4.21.6,protobuf-cpp and protobuf-python have potential Denial of Service issue
httpx,33,GHSA-h8pj-cxx2-jfg2,CVE-2021-41945 PYSEC-2022-183,CRITICAL,2022-04-29T00:00:25Z,2025-02-13T05:30:38.616835Z,,2022-04-29T22:55:38Z,2022-04-28T14:15:00Z,0.23.0,Improper Input Validation in httpx
httpx,33,PYSEC-2022-183,CVE-2021-41945 GHSA-h8pj-cxx2-jfg2,,2022-04-28T14:15:00Z,2023-11-08T04:07:03.301932Z,,,,0.20.0,
python-dotenv,37,GHSA-mf9w-mj56-hr94,CVE-2026-28684 PYSEC-2026-2270,MODERATE,2026-04-21T14:38:57Z,2026-09-10T03:51:02.363430883Z,,2026-04-21T14:38:57Z,2026-04-20T17:16:33Z,1.2.2,python-dotenv: Symlink following in set_key allows arbitrary file overwrite via cross-device rename fallback
python-dotenv,37,PYSEC-2026-2270,CVE-2026-28684 GHSA-mf9w-mj56-hr94,,2026-04-20T17:16:33.087Z,2026-07-13T07:15:44.015809613Z,,,,1.2.2,
pandas,39,PYSEC-2020-73,CVE-2020-13091,,2020-05-15T19:15:00Z,2023-11-08T04:02:12.263851Z,,,,1.0.4,
jinja2,40,GHSA-462w-v97r-4m45,CVE-2019-10906 PYSEC-2019-217,HIGH,2019-04-10T14:30:24Z,2024-09-24T21:03:59.802687Z,,2020-06-16T20:57:35Z,2019-04-07T00:29:00Z,2.10.1,Jinja2 sandbox escape via string formatting
jinja2,40,GHSA-8r7q-cvjq-x353,CVE-2014-1402 PYSEC-2014-8,HIGH,2022-05-14T04:04:14Z,2024-09-24T18:48:44.375484Z,,2022-07-07T22:50:31Z,2014-05-19T14:55:00Z,2.7.2,Incorrect Privilege Assignment in Jinja2
jinja2,40,GHSA-cpwx-vrp4-4pq7,CVE-2025-27516 PYSEC-2026-1471,MODERATE,2025-03-05T20:40:14Z,2026-09-10T03:49:48.526758681Z,,2025-03-05T20:40:14Z,2025-03-05T21:15:20Z,3.1.6,Jinja2 vulnerable to sandbox breakout through attr filter selecting format method
jinja2,40,GHSA-fqh9-2qgg-h84h,CVE-2014-0012 PYSEC-2014-82,MODERATE,2022-05-17T04:01:00Z,2024-09-23T20:03:14.751414Z,,2023-02-14T00:58:39Z,2014-05-19T14:55:00Z,2.7.2,Insecure Temporary File in Jinja2
jinja2,40,GHSA-g3rq-g295-4j3m,CVE-2020-28493 PYSEC-2021-66 SNYK-PYTHON-JINJA2-1012994,MODERATE,2021-03-19T21:28:05Z,2025-02-14T05:26:14.565160Z,,2021-03-13T01:08:09Z,2021-02-01T20:15:00Z,2.11.3,Regular Expression Denial of Service (ReDoS) in Jinja2
jinja2,40,GHSA-gmj6-6f8f-6699,CVE-2024-56201 PYSEC-2026-1472,MODERATE,2024-12-23T17:54:12Z,2026-09-10T03:50:56.152882717Z,,2024-12-23T17:54:12Z,2024-12-23T16:15:07Z,3.1.5,Jinja has a sandbox breakout through malicious filenames
jinja2,40,GHSA-h5c8-rqwp-cp95,CVE-2024-22195 PYSEC-2026-1473,MODERATE,2024-01-11T15:20:48Z,2026-09-10T03:50:00.236017440Z,,2024-01-11T15:20:48Z,2024-01-11T03:15:11Z,3.1.3,Jinja vulnerable to HTML attribute injection when passing user input as keys to xmlattr filter
jinja2,40,GHSA-h75v-3vvj-5mfj,CVE-2024-34064 PYSEC-2026-1474,MODERATE,2024-05-06T14:20:59Z,2026-09-10T03:50:13.786450101Z,,2024-05-06T14:20:59Z,2024-05-06T15:15:23Z,3.1.4,Jinja vulnerable to HTML attribute injection when passing user input as keys to xmlattr filter
jinja2,40,GHSA-hj2j-77xm-mc5v,CVE-2016-10745 PYSEC-2019-220,HIGH,2019-04-10T14:30:13Z,2024-09-24T21:04:16.963502Z,,2020-06-16T21:40:24Z,,2.8.1,Jinja2 sandbox escape vulnerability
jinja2,40,GHSA-q2x7-8rv6-6q7h,CVE-2024-56326 PYSEC-2026-1475,MODERATE,2024-12-23T17:56:08Z,2026-09-10T03:50:21.662855250Z,,2024-12-23T17:56:08Z,2024-12-23T16:15:07Z,3.1.5,Jinja has a sandbox breakout through indirect reference to format method
jinja2,40,PYSEC-2014-8,CVE-2014-1402 GHSA-8r7q-cvjq-x353,,2014-05-19T14:55:00Z,2023-11-08T03:57:34.512953Z,,,,2.7.2,
jinja2,40,PYSEC-2014-82,CVE-2014-0012 GHSA-fqh9-2qgg-h84h,,2014-05-19T14:55:00Z,2026-06-10T17:01:55.953302840Z,,,,2.7.3,
jinja2,40,PYSEC-2019-217,CVE-2019-10906 GHSA-462w-v97r-4m45,,2019-04-07T00:29:00Z,2023-11-08T04:00:58.644982Z,,,,2.10.1,
jinja2,40,PYSEC-2019-220,CVE-2016-10745 GHSA-hj2j-77xm-mc5v,,2019-04-08T13:29:00Z,2023-11-08T03:58:21.453618Z,,,,2.8.1,
jinja2,40,PYSEC-2021-66,CVE-2020-28493 GHSA-g3rq-g295-4j3m SNYK-PYTHON-JINJA2-1012994,,2021-02-01T20:15:00Z,2023-11-08T04:03:28.543308Z,,,,2.11.3,
jinja2,40,PYSEC-2026-1471,CVE-2025-27516 GHSA-cpwx-vrp4-4pq7,,2026-07-07T14:34:50.446969Z,2026-07-07T17:46:43.358335981Z,,,,3.1.6,Jinja2 vulnerable to sandbox breakout through attr filter selecting format method
jinja2,40,PYSEC-2026-1472,CVE-2024-56201 GHSA-gmj6-6f8f-6699,,2026-07-07T14:34:47.677447Z,2026-07-07T17:46:46.013371684Z,,,,3.1.5,Jinja has a sandbox breakout through malicious filenames
jinja2,40,PYSEC-2026-1473,CVE-2024-22195 GHSA-h5c8-rqwp-cp95,,2026-07-07T11:45:29.949639Z,2026-07-07T17:46:13.853151947Z,,,,3.1.3,Jinja vulnerable to HTML attribute injection when passing user input as keys to xmlattr filter
jinja2,40,PYSEC-2026-1474,CVE-2024-34064 GHSA-h75v-3vvj-5mfj,,2026-07-07T11:45:41.875280Z,2026-07-07T17:46:13.832160246Z,,,,3.1.4,Jinja vulnerable to HTML attribute injection when passing user input as keys to xmlattr filter
jinja2,40,PYSEC-2026-1475,CVE-2024-56326 GHSA-q2x7-8rv6-6q7h,,2026-07-07T14:34:47.732576Z,2026-07-07T17:46:13.842466429Z,,,,3.1.5,Jinja has a sandbox breakout through indirect reference to format method
filelock,43,GHSA-qmgc-5h2g-mvrw,CVE-2026-22701 PYSEC-2026-1374,MODERATE,2026-01-13T18:44:55Z,2026-09-10T03:50:33.702580779Z,,2026-01-13T18:44:55Z,2026-01-10T06:15:52Z,3.20.3,filelock Time-of-Check-Time-of-Use (TOCTOU) Symlink Vulnerability in SoftFileLock
filelock,43,GHSA-w853-jp5j-5j7f,CVE-2025-68146 PYSEC-2026-1375,MODERATE,2025-12-16T20:52:55Z,2026-09-10T03:50:32.252960082Z,,2025-12-16T20:52:55Z,,3.20.1,filelock has a TOCTOU race condition which allows symlink attacks during lock file creation
filelock,43,PYSEC-2026-1374,CVE-2026-22701 GHSA-qmgc-5h2g-mvrw,,2026-07-07T16:03:18.208767Z,2026-07-07T17:47:14.848248670Z,,,,3.20.3,filelock Time-of-Check-Time-of-Use (TOCTOU) Symlink Vulnerability in SoftFileLock
filelock,43,PYSEC-2026-1375,CVE-2025-68146 GHSA-w853-jp5j-5j7f,,2026-07-07T16:03:13.114668Z,2026-07-07T17:47:15.042627092Z,,,,3.20.1,filelock has a TOCTOU race condition which allows symlink attacks during lock file creation
pip,44,GHSA-4gv5-qhvr-36vv,CVE-2013-1888 PYSEC-2013-9,MODERATE,2022-05-13T01:11:25Z,2024-10-14T18:29:20.945091Z,,2022-07-08T19:05:45Z,2013-08-17T06:54:00Z,1.3,Improper Link Resolution Before File Access in pip
pip,44,GHSA-4xh5-x5gv-qwph,CVE-2025-8869 PYSEC-2026-1795,MODERATE,2025-09-24T15:31:14Z,2026-09-10T03:50:27.949321787Z,,2025-09-24T20:04:58Z,2025-09-24T15:15:41Z,25.3,pip's fallback tar extraction doesn't check symbolic links point to extraction directory
pip,44,GHSA-53mr-44pp-crf4,CVE-2014-8991 PYSEC-2014-11,MODERATE,2022-05-13T01:11:25Z,2024-11-29T05:39:38.937913Z,,2023-10-19T17:39:17Z,2014-11-24T15:59:00Z,6.0,pip lack of randomness in build directory
pip,44,GHSA-58qw-9mgm-455v,CVE-2026-3219 PYSEC-2026-2875,MODERATE,2026-04-20T18:31:48Z,2026-09-10T03:50:42.838011658Z,,2026-04-24T15:48:17Z,2026-04-20T16:16:45Z,26.1,pip has an interpretation conflict due to handling both concatenated tar and ZIP files as ZIP files
pip,44,GHSA-5xp3-jfq3-5q8x,CVE-2021-3572 PYSEC-2021-437,HIGH,2021-11-15T17:45:01Z,2026-03-24T01:43:49.374945Z,,2021-11-12T19:41:47Z,2021-11-10T18:15:00Z,21.1,Improper Input Validation in pip
pip,44,GHSA-6vgw-5pg2-w6jp,CVE-2026-1703 PYSEC-2026-1796,LOW,2026-02-02T15:30:34Z,2026-09-10T03:50:34.266257578Z,,2026-02-02T22:08:51Z,2026-02-02T15:16:30Z,26.0,pip Path Traversal vulnerability
pip,44,GHSA-c5h8-cq4v-cvfm,CVE-2013-5123 PYSEC-2019-160,HIGH,2022-05-24T22:01:03Z,2024-10-14T22:00:55.355945Z,,2022-07-07T23:28:34Z,2019-11-05T22:15:00Z,1.5,Improper Authentication in pip
pip,44,GHSA-g3p5-fjj9-h8gj,CVE-2013-1629 PYSEC-2013-8,HIGH,2022-05-13T01:11:25Z,2024-10-09T21:37:11.504647Z,,2022-07-08T19:00:03Z,2013-08-06T02:52:00Z,1.3,Improper Input Validation in pip
pip,44,GHSA-gpvv-69j7-gwj8,CVE-2019-20916 PYSEC-2020-173,HIGH,2021-06-09T17:35:04Z,2024-10-14T18:39:41.495125Z,,2021-05-04T22:55:04Z,2020-09-04T20:15:00Z,19.2,Path Traversal in pip
pip,44,GHSA-jp4c-xjxw-mgf9,CVE-2026-6357 PYSEC-2026-2876,MODERATE,2026-04-27T15:30:52Z,2026-09-10T03:50:44.656580653Z,,2026-05-05T22:05:46Z,2026-04-27T15:16:20Z,26.1,pip Vulnerable to Inclusion of Functionality from Untrusted Control Sphere
pip,44,GHSA-mq26-g339-26xf,CVE-2023-5752 PYSEC-2023-228,MODERATE,2023-10-25T18:32:26Z,2026-09-10T03:50:03.949904915Z,,2023-10-30T15:00:34Z,2023-10-25T18:17:44Z,23.3,Command Injection in pip when used with Mercurial
pip,44,GHSA-qwm4-qh6w-59xr,CVE-2026-13346 PYSEC-2026-3721,MODERATE,2026-07-29T21:30:59Z,2026-09-10T03:50:52.923367736Z,,2026-09-01T18:57:42Z,2026-07-29T19:16:44Z,26.2.0,pip would incorrectly handle doubly-encoded package URLs from indexes
pip,44,GHSA-wf93-45jw-7689,CVE-2026-8643 PYSEC-2026-196,MODERATE,2026-06-01T18:31:53Z,2026-09-10T03:51:09.636289073Z,,2026-07-08T21:00:36Z,2026-06-01T17:17:35Z,26.1.2, pip: Path traversal in console_scripts/gui_scripts entry point names allows installing scripts outside of target directory
pip,44,PYSEC-2013-8,CVE-2013-1629 GHSA-g3p5-fjj9-h8gj,,2013-08-06T02:52:00Z,2023-11-08T03:57:14.405621Z,,,,1.3,
pip,44,PYSEC-2013-9,CVE-2013-1888 GHSA-4gv5-qhvr-36vv,,2013-08-17T06:54:00Z,2023-11-08T03:57:16.010568Z,,,,1.3,
pip,44,PYSEC-2014-11,CVE-2014-8991 GHSA-53mr-44pp-crf4,,2014-11-24T15:59:00Z,2026-06-10T17:02:29.101310793Z,,,,6.0,
pip,44,PYSEC-2019-160,CVE-2013-5123 GHSA-c5h8-cq4v-cvfm,,2019-11-05T22:15:00Z,2023-11-08T03:57:25.017822Z,,,,1.5,
pip,44,PYSEC-2020-173,CVE-2019-20916 GHSA-gpvv-69j7-gwj8,,2020-09-04T20:15:00Z,2023-11-08T04:01:31.361287Z,,,,19.2,
pip,44,PYSEC-2021-437,CVE-2021-3572 GHSA-5xp3-jfq3-5q8x,,2021-11-10T18:15:00Z,2026-03-24T01:42:38.485764Z,,,,21.1,
pip,44,PYSEC-2023-228,CVE-2023-5752 GHSA-mq26-g339-26xf,,2023-10-25T18:17:00Z,2026-06-10T17:01:27.606909654Z,,,,23.3,
pip,44,PYSEC-2026-1795,CVE-2025-8869 GHSA-4xh5-x5gv-qwph,,2026-07-07T16:03:05.322538Z,2026-07-07T17:48:06.199964147Z,,,,25.3,pip's fallback tar extraction doesn't check symbolic links point to extraction directory
pip,44,PYSEC-2026-1796,CVE-2026-1703 GHSA-6vgw-5pg2-w6jp,,2026-07-07T16:36:56.040886Z,2026-07-07T17:48:06.240646692Z,,,,26.0,pip Path Traversal vulnerability
pip,44,PYSEC-2026-196,CVE-2026-8643 GHSA-wf93-45jw-7689,,2026-06-01T17:17:35.770Z,2026-07-13T16:45:04.859457874Z,,,,26.1.2,
pip,44,PYSEC-2026-2875,CVE-2026-3219 GHSA-58qw-9mgm-455v,,2026-07-13T15:02:52.238290Z,2026-07-13T16:31:33.455648094Z,,,,26.1,pip has an interpretation conflict due to handling both concatenated tar and ZIP files as ZIP files
pip,44,PYSEC-2026-2876,CVE-2026-6357 GHSA-jp4c-xjxw-mgf9,,2026-07-13T15:02:53.633904Z,2026-07-13T16:32:57.447552480Z,,,,26.1,pip Vulnerable to Inclusion of Functionality from Untrusted Control Sphere
pip,44,PYSEC-2026-3721,CVE-2026-13346 GHSA-qwm4-qh6w-59xr,,2026-07-29T19:16:44.267Z,2026-09-10T11:15:08.939447160Z,,,,26.2,
pyjwt,45,GHSA-752w-5fwx-jx9f,CVE-2026-32597 PYSEC-2026-120,HIGH,2026-03-13T20:05:04Z,2026-09-10T03:50:59.993704484Z,,2026-03-13T20:05:04Z,2026-03-13T19:55:09Z,2.12.0,PyJWT accepts unknown `crit` header extensions
pyjwt,45,GHSA-75c5-xw7c-p5pm,CVE-2024-53861 PYSEC-2026-1814,LOW,2024-12-02T18:34:11Z,2026-09-10T03:50:21.333090692Z,,2024-12-02T18:34:11Z,2024-11-29T19:15:09Z,2.10.1,PyJWT Issuer field partial matches allowed
pyjwt,45,GHSA-993g-76c3-p5m4,CVE-2026-48522 PYSEC-2026-175,MODERATE,2026-06-15T19:28:41Z,2026-09-10T03:50:49.179286182Z,,2026-06-15T19:28:41Z,2026-05-28T16:16:29Z,2.13.0,"PyJWKClient: missing scheme allowlist enables CVE-2024-21643-class SSRF + token forgery via file://, ftp://, data: schemes"
pyjwt,45,GHSA-ffqj-6fqr-9h24,CVE-2022-29217 PYSEC-2022-202,HIGH,2022-05-24T22:17:27Z,2024-10-15T16:27:42.751871Z,,2022-05-24T22:17:27Z,2022-05-24T15:15:00Z,2.4.0,Key confusion through non-blocklisted public key formats
pyjwt,45,GHSA-fhv5-28vv-h8m8,CVE-2026-48524 PYSEC-2026-177,LOW,2026-06-15T17:28:46Z,2026-09-10T03:50:49.375741307Z,,2026-06-15T17:28:46Z,2026-05-28T16:16:29Z,2.13.0,PyJWKClient unbounded JWKS endpoint requests via attacker-controlled kid values (DoS)
pyjwt,45,GHSA-jq35-7prp-9v3f,CVE-2026-48523 PYSEC-2026-176,MODERATE,2026-06-15T19:27:48Z,2026-09-10T03:51:08.776007275Z,,2026-06-15T19:27:48Z,2026-05-28T16:16:29Z,2.13.0,PyJWT: Algorithm allow-list bypass when decoding with `PyJWK` / `PyJWKClient` keys
pyjwt,45,GHSA-r9jw-mwhq-wp62,CVE-2017-11424 PYSEC-2017-24,HIGH,2022-05-13T01:42:19Z,2024-12-05T05:30:36.784778Z,,2022-09-12T14:50:37Z,2017-08-24T16:29:00Z,1.5.1,PyJWT vulnerable to key confusion attacks
pyjwt,45,GHSA-w7vc-732c-9m39,CVE-2026-48525 PYSEC-2026-178,MODERATE,2026-06-15T19:29:12Z,2026-09-10T03:50:50.801195449Z,,2026-06-15T19:29:12Z,2026-05-28T16:16:29Z,2.13.0,PyJWT: Unauthenticated DoS via unbounded Base64URL decoding of unused payload segment in b64=false detached JWS
pyjwt,45,GHSA-xgmm-8j9v-c9wx,CVE-2026-48526 PYSEC-2026-179,HIGH,2026-06-15T19:28:06Z,2026-09-10T03:51:09.678127621Z,,2026-06-15T19:28:06Z,2026-05-28T16:16:29Z,2.13.0,PyJWT: Public-key JWK accepted as HMAC secret enables forged HS256 tokens when mixed families are allowed
pyjwt,45,PYSEC-2017-24,CVE-2017-11424 GHSA-r9jw-mwhq-wp62,,2017-08-24T16:29:00Z,2023-11-08T03:58:49.234860Z,,,,1.5.1,
pyjwt,45,PYSEC-2022-202,CVE-2022-29217 GHSA-ffqj-6fqr-9h24,,2022-05-24T15:15:00Z,2023-11-08T04:09:10.999573Z,,,,2.4.0,
pyjwt,45,PYSEC-2025-183,CVE-2025-45768,,2025-07-31T21:15:27.320Z,2026-05-21T15:00:28.178881228Z,,,,,
pyjwt,45,PYSEC-2026-120,CVE-2026-32597 GHSA-752w-5fwx-jx9f,,2026-03-13T19:55:09.500Z,2026-05-20T09:19:15.426301Z,,,,2.12.0,
pyjwt,45,PYSEC-2026-175,CVE-2026-48522 GHSA-993g-76c3-p5m4,,2026-05-28T16:16:29.150Z,2026-06-02T12:15:09.282275410Z,,,,2.13.0,
pyjwt,45,PYSEC-2026-176,CVE-2026-48523 GHSA-jq35-7prp-9v3f,,2026-05-28T16:16:29.280Z,2026-06-02T12:15:10.358230706Z,,,,2.12.1,
pyjwt,45,PYSEC-2026-177,CVE-2026-48524 GHSA-fhv5-28vv-h8m8,,2026-05-28T16:16:29.403Z,2026-06-02T12:15:10.363704191Z,,,,2.13.0,
pyjwt,45,PYSEC-2026-178,CVE-2026-48525 GHSA-w7vc-732c-9m39,,2026-05-28T16:16:29.533Z,2026-06-02T12:15:10.739334903Z,,,,2.13.0,
pyjwt,45,PYSEC-2026-179,CVE-2026-48526 GHSA-xgmm-8j9v-c9wx,,2026-05-28T16:16:29.657Z,2026-06-02T12:15:10.840770477Z,,,,2.13.0,
pyjwt,45,PYSEC-2026-1814,CVE-2024-53861 GHSA-75c5-xw7c-p5pm,,2026-07-07T14:34:46.000573Z,2026-07-07T17:48:03.529862550Z,,,,2.10.1,PyJWT Issuer field partial matches allowed
starlette,46,GHSA-2c2j-9gv5-cj73,CVE-2025-54121 PYSEC-2026-1941,MODERATE,2025-07-21T19:34:23Z,2026-09-10T03:50:25.704876348Z,,2025-07-21T19:34:23Z,2025-07-21T20:15:41Z,0.47.2,Starlette has possible denial-of-service vector when parsing large files in multipart forms
starlette,46,GHSA-74m5-2c7w-9w3x,CVE-2023-30798 PYSEC-2023-48,HIGH,2023-02-14T21:31:28Z,2026-07-08T06:52:56.583902347Z,,2023-02-14T21:31:28Z,,0.25.0,MultipartParser denial of service with too many fields or files
starlette,46,GHSA-7f5h-v6xp-fcq8,CVE-2025-62727 PYSEC-2026-1942,HIGH,2025-10-28T20:38:01Z,2026-09-10T03:50:29.490992457Z,,2025-10-28T20:38:01Z,2025-10-28T21:15:40Z,0.49.1,Starlette vulnerable to O(n^2) DoS via Range header merging in ``starlette.responses.FileResponse``
starlette,46,GHSA-82w8-qh3p-5jfq,CVE-2026-54283 PYSEC-2026-249,HIGH,2026-06-15T20:39:53Z,2026-09-10T03:51:08.156199030Z,,2026-06-15T20:39:53Z,,1.3.1,Starlette: request.form() limits silently ignored for application/x-www-form-urlencoded enable DoS
starlette,46,GHSA-86qp-5c8j-p5mr,CVE-2026-48710 PYSEC-2026-161 X41-2026-002,MODERATE,2026-06-04T13:15:17Z,2026-09-10T03:51:08.121685407Z,,2026-06-04T13:15:17Z,2026-05-26T22:16:44Z,1.0.1,"Starlette has missing Host header validation that poisons request.url.path, bypassing path-based security checks"
starlette,46,GHSA-f96h-pmfr-66vw,CVE-2024-47874 PYSEC-2026-1943,HIGH,2024-10-15T18:12:57Z,2026-09-10T03:50:19.756287586Z,,2024-10-15T18:12:57Z,2024-10-15T16:15:05Z,0.40.0,Starlette Denial of service (DoS) via multipart/form-data
starlette,46,GHSA-jp82-jpqv-5vv3,CVE-2026-54282 PYSEC-2026-248,LOW,2026-06-15T20:38:08Z,2026-09-10T03:50:50.050800090Z,,2026-06-15T20:38:08Z,2026-06-22T18:16:46Z,1.3.0,Starlette: Unvalidated request path concatenated into authority poisons request.url.hostname
starlette,46,GHSA-v5gw-mw7f-84px,CVE-2023-29159 PYSEC-2023-83,MODERATE,2023-05-17T03:49:14Z,2026-07-08T06:53:10.504182631Z,,2023-05-17T03:49:14Z,,0.27.0,Starlette has Path Traversal vulnerability in StaticFiles
starlette,46,GHSA-wqp7-x3pw-xc5r,CVE-2026-48818 PYSEC-2026-2281,HIGH,2026-06-15T20:16:30Z,2026-09-10T03:50:51.079936646Z,,2026-06-15T20:16:30Z,,1.1.0,Starlette: SSRF and NTLM credential theft via UNC paths in StaticFiles on Windows
starlette,46,GHSA-x746-7m8f-x49c,CVE-2026-48817 PYSEC-2026-2280,MODERATE,2026-06-15T20:16:05Z,2026-09-10T03:50:12.272722043Z,,2026-06-15T20:16:05Z,2026-06-17T20:17:22Z,1.1.0,Starlette: Arbitrary HTTP method dispatched to `HTTPEndpoint` attributes via `getattr`
starlette,46,PYSEC-2023-48,CVE-2023-30798 GHSA-74m5-2c7w-9w3x,,2023-04-21T16:15:00Z,2024-10-28T15:41:59.716521Z,,,,0.25.0,
starlette,46,PYSEC-2023-83,CVE-2023-29159 GHSA-v5gw-mw7f-84px,,2023-06-01T02:15:00Z,2023-11-08T04:12:16.846611Z,,,,0.27.0,
starlette,46,PYSEC-2026-161,CVE-2026-48710 GHSA-86qp-5c8j-p5mr X41-2026-002,,2026-05-22T13:10:03Z,2026-05-26T15:41:31.112064345Z,,,,1.0.1,"BadHost: Missing Host header validation poisons request.url.path, bypassing path-based security checks"
starlette,46,PYSEC-2026-1941,CVE-2025-54121 GHSA-2c2j-9gv5-cj73,,2026-07-07T16:02:58.086064Z,2026-07-07T17:47:58.806073973Z,,,,0.47.2,Starlette has possible denial-of-service vector when parsing large files in multipart forms
starlette,46,PYSEC-2026-1942,CVE-2025-62727 GHSA-7f5h-v6xp-fcq8,,2026-07-07T16:03:08.430192Z,2026-07-07T17:47:58.859983831Z,,,,0.49.1,Starlette vulnerable to O(n^2) DoS via Range header merging in ``starlette.responses.FileResponse``
starlette,46,PYSEC-2026-1943,CVE-2024-47874 GHSA-f96h-pmfr-66vw,,2026-07-07T14:34:43.184287Z,2026-07-07T17:47:58.815486711Z,,,,0.40.0,Starlette Denial of service (DoS) via multipart/form-data
starlette,46,PYSEC-2026-2280,CVE-2026-48817 GHSA-x746-7m8f-x49c,,2026-06-17T20:17:22.427Z,2026-07-13T07:15:42.498495396Z,,,,1.1.0,
starlette,46,PYSEC-2026-2281,CVE-2026-48818 GHSA-wqp7-x3pw-xc5r,,2026-06-17T19:18:09.807Z,2026-07-13T07:15:42.493904758Z,,,,1.1.0,
starlette,46,PYSEC-2026-248,CVE-2026-54282 GHSA-jp82-jpqv-5vv3,,2026-06-22T18:16:46.807Z,2026-06-27T11:15:06.799060438Z,,,,1.3.0,
starlette,46,PYSEC-2026-249,CVE-2026-54283 GHSA-82w8-qh3p-5jfq,,2026-06-22T18:16:46.943Z,2026-06-27T11:15:06.800792374Z,,,,1.3.1,
uvicorn,47,GHSA-33c7-2mpw-hg34,CVE-2020-7694 PYSEC-2020-150 SNYK-PYTHON-UVICORN-575560,HIGH,2020-07-29T18:07:16Z,2024-11-18T22:34:41.829085Z,,2020-07-29T17:37:27Z,2020-07-27T12:15:00Z,0.11.7,Log injection in uvicorn
uvicorn,47,GHSA-f97h-2pfx-f59f,CVE-2020-7695 PYSEC-2020-151 SNYK-PYTHON-UVICORN-570471,HIGH,2020-07-29T18:07:20Z,2024-11-18T22:36:16.950355Z,,2020-07-29T17:37:41Z,2020-07-27T12:15:00Z,0.11.7,HTTP response splitting in uvicorn
uvicorn,47,PYSEC-2020-150,CVE-2020-7694 GHSA-33c7-2mpw-hg34 SNYK-PYTHON-UVICORN-575560,,2020-07-27T12:15:00Z,2023-11-08T04:04:05.255138Z,,,,0.11.7,
uvicorn,47,PYSEC-2020-151,CVE-2020-7695 GHSA-f97h-2pfx-f59f SNYK-PYTHON-UVICORN-570471,,2020-07-27T12:15:00Z,2023-11-08T04:04:05.317553Z,,,,0.11.7,
litellm,48,GHSA-3xr8-qfvj-9p9j,CVE-2024-4888 PYSEC-2026-1540,HIGH,2024-06-06T21:30:37Z,2026-09-10T03:49:18.835971080Z,,2024-06-06T22:55:45Z,2024-06-06T19:16:03Z,1.35.36,Arbitrary file deletion in litellm
litellm,48,GHSA-46cm-pfwv-cgf8,CVE-2024-2952 PYSEC-2026-387,CRITICAL,2024-04-10T18:30:48Z,2026-09-10T03:50:11.252627712Z,,2024-04-10T22:18:53Z,2024-04-10T17:15:54Z,1.34.42,LiteLLM has Server-Side Template Injection vulnerability in /completions endpoint
litellm,48,GHSA-4g5m-c9r5-49xf,CVE-2026-59819 PYSEC-2026-3476,LOW,2026-07-22T22:38:04Z,2026-09-10T03:51:10.285552912Z,,2026-07-22T22:38:04Z,2026-07-08T20:16:57Z,1.83.10,LiteLLM: Local file read via request-supplied OIDC file references
litellm,48,GHSA-4jcj-7x88-m979,CVE-2026-12773,MODERATE,2026-06-21T06:32:07Z,2026-09-10T22:45:04.152231756Z,,2026-09-10T22:32:02Z,2026-06-21T04:16:28Z,1.84.0,LiteLLM: MCP Proxy Has Improper Authentication
litellm,48,GHSA-4xpc-pv4p-pm3w,CVE-2026-49468 PYSEC-2026-388,CRITICAL,2026-06-16T23:38:26Z,2026-09-10T03:50:48.301716737Z,,2026-06-16T23:38:26Z,2026-06-22T21:16:25Z,1.84.0,LiteLLM: Authentication Bypass via Host Header Injection
litellm,48,GHSA-53gh-p8jc-7rg8,CVE-2024-6825 PYSEC-2026-1541,HIGH,2025-03-20T12:32:45Z,2026-09-10T03:49:47.802618913Z,,2025-03-20T19:55:11Z,2025-03-20T10:15:33Z,,LiteLLM Vulnerable to Remote Code Execution (RCE)
litellm,48,GHSA-53mr-6c8q-9789,CVE-2026-35029 PYSEC-2026-2597,HIGH,2026-04-03T21:59:31Z,2026-09-10T03:50:43.006877910Z,,2026-04-03T21:59:31Z,2026-04-06T17:17:12Z,1.83.0,LiteLLM: Privilege escalation via unrestricted proxy configuration endpoint
litellm,48,GHSA-5jmr-gcrj-2c9q,CVE-2026-59820 PYSEC-2026-3477,MODERATE,2026-07-22T22:37:15Z,2026-09-10T03:51:10.470938459Z,,2026-07-22T22:37:15Z,2026-07-08T20:16:57Z,1.83.7,LiteLLM: Arbitrary file write via path traversal in Skills archive extraction
litellm,48,GHSA-5mg7-485q-xm76,,CRITICAL,2026-03-25T14:25:42Z,2026-03-27T00:50:10.385894Z,,2026-03-25T14:25:42Z,,,Two LiteLLM versions published containing credential harvesting malware
litellm,48,GHSA-69x8-hrgq-fjj8,,HIGH,2026-04-08T00:04:12Z,2026-09-10T03:50:43.345454907Z,,2026-04-08T00:04:12Z,,1.83.0,LiteLLM: Password hash exposure and pass-the-hash authentication bypass
litellm,48,GHSA-6qr3-3g89-m4jj,CVE-2026-12770,LOW,2026-06-21T03:30:24Z,2026-09-10T22:45:04.151189632Z,,2026-09-10T22:32:49Z,2026-06-21T01:16:22Z,,LiteLLM: Admin Key Handler Has Improper Authorization
litellm,48,GHSA-6wvf-77m9-58rm,CVE-2026-37004 PYSEC-2026-3861,CRITICAL,2026-08-27T21:31:31Z,2026-09-10T12:25:33.314139929Z,,2026-09-08T21:31:48Z,2026-08-27T20:17:41Z,1.83.7,LiteLLM vulnerable to server-side template injection in the /prompts/test endpoint
litellm,48,GHSA-72m8-9m7m-h278,CVE-2026-59821 PYSEC-2026-3478,LOW,2026-07-22T22:38:55Z,2026-09-10T03:51:10.829513778Z,,2026-07-22T22:38:55Z,2026-07-08T20:16:57Z,1.82.0,LiteLLM: Custom Code Guardrails production endpoints bypass code safety checks
litellm,48,GHSA-7488-6r32-c95q,CVE-2026-59822 PYSEC-2026-3479,HIGH,2026-07-22T22:38:33Z,2026-09-10T03:51:10.889726310Z,,2026-07-22T22:38:33Z,2026-07-08T20:16:57Z,1.84.0,LiteLLM: MCP Authentication Bypass via OAuth2 Passthrough Fallback
litellm,48,GHSA-7ggm-4rjg-594w,CVE-2024-4264 PYSEC-2026-1542,HIGH,2024-05-18T00:30:42Z,2026-09-10T03:50:13.427652069Z,,2024-05-20T16:39:43Z,2024-05-18T00:15:07Z,,litellm passes untrusted data to `eval` function without sanitization
litellm,48,GHSA-879v-fggm-vxw2,CVE-2025-0330 PYSEC-2026-1543,HIGH,2025-03-20T12:32:52Z,2026-09-10T03:50:23.214350081Z,,2025-03-20T20:59:37Z,2025-03-20T10:15:52Z,,LiteLLM Has a Leakage of Langfuse API Keys
litellm,48,GHSA-8j42-pcfm-3467,CVE-2024-4890 PYSEC-2026-1544,MODERATE,2024-06-06T21:30:37Z,2026-09-10T03:50:15.174348208Z,,2024-06-06T22:53:18Z,2024-06-06T19:16:03Z,,SQL injection in litellm
litellm,48,GHSA-c693-x898-5g4h,CVE-2026-12798,LOW,2026-06-21T12:30:52Z,2026-09-14T18:27:48.226628117Z,,2026-09-14T18:11:43Z,2026-06-21T10:16:17Z,,BerriAI litellm has SSRF via Unvalidated spec_path URL in MCP OpenAPI Spec Loader
litellm,48,GHSA-fh2c-86xm-pm2x,CVE-2024-8984 PYSEC-2026-1545,HIGH,2025-03-20T12:32:49Z,2026-09-10T03:50:23.212886789Z,,2025-03-20T20:56:29Z,2025-03-20T10:15:45Z,1.56.2,LiteLLM Vulnerable to Denial of Service (DoS) via Crafted HTTP Request
litellm,48,GHSA-fjcf-3j3r-78rp,CVE-2025-0628 PYSEC-2026-1546,HIGH,2025-03-20T12:32:52Z,2026-09-10T03:49:48.554945419Z,,2025-03-20T21:00:46Z,2025-03-20T10:15:53Z,1.61.15,LiteLLM Has an Improper Authorization Vulnerability
litellm,48,GHSA-g26j-5385-hhw3,CVE-2024-6587 PYSEC-2026-1547,HIGH,2024-09-13T18:31:47Z,2026-09-10T03:50:56.061352411Z,,2024-09-13T19:29:08Z,2024-09-13T16:15:04Z,1.44.8,LiteLLM Server-Side Request Forgery (SSRF) vulnerability
litellm,48,GHSA-g5pg-73fc-hjwq,CVE-2024-9606 PYSEC-2026-1548,HIGH,2025-03-20T12:32:51Z,2026-09-10T03:49:48.563145603Z,,2025-03-20T21:02:06Z,2025-03-20T10:15:49Z,1.44.12,LiteLLM Reveals Portion of API Key via a Logging File
litellm,48,GHSA-gppg-gqw8-wh9g,CVE-2024-5751 PYSEC-2026-389,CRITICAL,2024-06-27T21:32:08Z,2026-09-10T03:50:15.484935814Z,,2024-06-28T21:06:26Z,2024-06-27T19:15:16Z,1.40.16,litellm vulnerable to remote code execution based on using eval unsafely
litellm,48,GHSA-gw2q-qw9j-rgv7,CVE-2024-10188 PYSEC-2026-1549,HIGH,2025-03-20T12:32:38Z,2026-09-10T03:49:48.460295687Z,,2025-03-20T18:54:47Z,2025-03-20T10:15:14Z,1.53.1.dev1,LiteLLM Vulnerable to Denial of Service (DoS)
litellm,48,GHSA-h6m6-jj8v-94jj,CVE-2024-5225 PYSEC-2026-1550,MODERATE,2024-06-06T21:30:37Z,2026-09-10T03:50:15.470806763Z,,2024-06-06T22:54:22Z,2024-06-06T19:16:06Z,1.40.0,SQL injection in litellm
litellm,48,GHSA-hx8v-g79f-8w5f,CVE-2026-59823,MODERATE,2026-09-17T14:51:21Z,2026-09-17T15:00:05.938768774Z,,2026-09-17T14:51:21Z,2026-09-16T19:17:21Z,1.83.9,LiteLLM Proxy has server-side request forgery via the `user_config` request parameter
litellm,48,GHSA-j37q-q7p9-vpwm,CVE-2026-12795,MODERATE,2026-06-21T09:30:51Z,2026-09-10T22:45:04.140507172Z,,2026-09-10T22:34:40Z,2026-06-21T09:16:25Z,,LiteLLM: SSO Debug Flow Has Improper Authentication
litellm,48,GHSA-jjhc-v7c2-5hh6,CVE-2026-35030 PYSEC-2026-390,CRITICAL,2026-04-03T21:59:50Z,2026-09-10T03:50:44.584849813Z,,2026-04-03T21:59:50Z,2026-04-06T17:17:12Z,1.83.0,LiteLLM: Authentication bypass via OIDC userinfo cache key collision
litellm,48,GHSA-m2v5-74w2-qhcj,CVE-2026-12799,LOW,2026-06-21T12:30:52Z,2026-09-14T18:27:50.175948782Z,,2026-09-14T18:11:50Z,2026-06-21T10:16:17Z,,BerriAI litellm: UI User Enumeration leads to System-Wide Information Disclosure
litellm,48,GHSA-mf52-j94g-746m,CVE-2026-12772,LOW,2026-06-21T03:30:24Z,2026-09-10T19:45:05.196970373Z,,2026-09-10T19:42:49Z,2026-06-21T03:16:22Z,,LiteLLM: PROXY_ADMIN database API Key Generator Has Insufficient Session Expiration
litellm,48,GHSA-p897-vf7j-f5h8,CVE-2026-12797,LOW,2026-06-21T12:30:52Z,2026-09-14T18:27:50.648286205Z,,2026-09-14T18:11:28Z,2026-06-21T10:16:16Z,,BerriAI litellm has Security Feature Bypass in BannedKeywords and AzureContentSafety Guardrails via call_type Mismatch on Async Endpoints
litellm,48,GHSA-qmf3-4767-5fg3,CVE-2026-12771,LOW,2026-06-21T03:30:24Z,2026-09-10T20:00:39.609957796Z,,2026-09-10T19:43:35Z,2026-06-21T02:16:41Z,,LiteLLM: M2M JWT Handler Has Improper Authorization
litellm,48,GHSA-qqcv-vg9f-5rr3,CVE-2024-5710 PYSEC-2026-1551,MODERATE,2024-06-27T21:32:08Z,2026-09-10T03:50:15.780180917Z,,2024-06-28T14:34:15Z,2024-06-27T19:15:15Z,1.40.15,litellm vulnerable to improper access control in team management
litellm,48,GHSA-qrc4-49gv-mv9m,CVE-2026-47101 PYSEC-2026-2598,HIGH,2026-05-21T21:30:36Z,2026-09-10T03:51:06.939723116Z,,2026-06-23T22:47:38Z,2026-05-21T21:16:32Z,1.83.14,LiteLLM allows an authenticated internal_user to create API keys with access to routes that their role does not permit
litellm,48,GHSA-r75f-5x8p-qvmc,CVE-2026-42208 PYSEC-2026-391,CRITICAL,2026-04-24T16:17:07Z,2026-09-10T03:51:02.984377704Z,,2026-04-24T16:17:07Z,2026-05-08T04:16:19Z,1.83.7,LiteLLM has SQL Injection in Proxy API key verification
litellm,48,GHSA-v4p8-mg3p-g94g,CVE-2026-42271 PYSEC-2026-2599,HIGH,2026-04-25T23:27:54Z,2026-09-10T03:51:03.195872876Z,,2026-04-25T23:27:54Z,2026-05-08T04:16:21Z,1.83.7,LiteLLM: Authenticated command execution via MCP stdio test endpoints
litellm,48,GHSA-w2mh-qq9q-453x,CVE-2026-12796,LOW,2026-06-21T12:30:52Z,2026-09-14T18:15:04.923184693Z,,2026-09-14T17:19:21Z,2026-06-21T10:16:15Z,,BerriAI litellm: SSO Login Does Not Invalidate Previous UI Session Tokens
litellm,48,GHSA-wpfp-gwwc-vwq6,CVE-2026-47102 PYSEC-2026-2600,HIGH,2026-05-21T21:30:37Z,2026-09-10T03:50:47.941656453Z,,2026-06-23T22:48:10Z,2026-05-21T21:16:32Z,1.83.10,LiteLLM allows a user to modify their own user_role via the /user/update endpoint
litellm,48,GHSA-wxxx-gvqv-xp7p,CVE-2026-40217 PYSEC-2026-2601,HIGH,2026-05-11T16:17:23Z,2026-09-10T03:51:07.231161323Z,,2026-05-11T16:17:23Z,,1.83.10,LiteLLM has a sandbox escape in custom-code guardrail
litellm,48,GHSA-xqmj-j6mv-4862,CVE-2026-42203 PYSEC-2026-2602,HIGH,2026-04-24T16:02:42Z,2026-09-10T03:50:45.007056853Z,,2026-04-24T16:02:42Z,2026-05-08T04:16:19Z,1.83.7,LiteLLM: Server-Side Template Injection in /prompts/test endpoint
litellm,48,MAL-2026-2144,PYSEC-2026-2,,2026-03-24T11:15:14Z,2026-03-26T10:03:39.944842Z,,,,,Malicious code in litellm (PyPI)
litellm,48,PYSEC-2026-1540,CVE-2024-4888 GHSA-3xr8-qfvj-9p9j,,2026-07-07T14:34:34.023334Z,2026-07-07T17:46:51.378408347Z,,,,1.35.36,Arbitrary file deletion in litellm
litellm,48,PYSEC-2026-1541,CVE-2024-6825 GHSA-53gh-p8jc-7rg8,,2026-07-07T14:34:54.867610Z,2026-07-07T17:46:52.152742975Z,,,,,LiteLLM Vulnerable to Remote Code Execution (RCE)
litellm,48,PYSEC-2026-1542,CVE-2024-4264 GHSA-7ggm-4rjg-594w,,2026-07-07T11:45:42.739863Z,2026-07-07T17:46:52.809734083Z,,,,,litellm passes untrusted data to `eval` function without sanitization
litellm,48,PYSEC-2026-1543,CVE-2025-0330 GHSA-879v-fggm-vxw2,,2026-07-07T14:34:58.666687Z,2026-07-07T17:46:52.775649455Z,,,,,LiteLLM Has a Leakage of Langfuse API Keys
litellm,48,PYSEC-2026-1544,CVE-2024-4890 GHSA-8j42-pcfm-3467,,2026-07-07T14:34:34.255023Z,2026-07-07T17:46:52.764073225Z,,,,,SQL injection in litellm
litellm,48,PYSEC-2026-1545,CVE-2024-8984 GHSA-fh2c-86xm-pm2x,,2026-07-07T14:34:57.277763Z,2026-07-07T17:46:52.755581343Z,,,,1.56.2,LiteLLM Vulnerable to Denial of Service (DoS) via Crafted HTTP Request
litellm,48,PYSEC-2026-1546,CVE-2025-0628 GHSA-fjcf-3j3r-78rp,,2026-07-07T14:34:58.397880Z,2026-07-07T17:47:30.597877284Z,,,,1.61.15,LiteLLM Has an Improper Authorization Vulnerability
litellm,48,PYSEC-2026-1547,CVE-2024-6587 GHSA-g26j-5385-hhw3,,2026-07-07T14:34:40.863022Z,2026-07-07T17:47:30.584958775Z,,,,1.44.8,LiteLLM Server-Side Request Forgery (SSRF) vulnerability
litellm,48,PYSEC-2026-1548,CVE-2024-9606 GHSA-g5pg-73fc-hjwq,,2026-07-07T14:34:57.987531Z,2026-07-07T17:47:30.602678897Z,,,,1.44.12,LiteLLM Reveals Portion of API Key via a Logging File
litellm,48,PYSEC-2026-1549,CVE-2024-10188 GHSA-gw2q-qw9j-rgv7,,2026-07-07T14:34:51.139299Z,2026-07-07T17:47:31.679886691Z,,,,1.53.1.dev1,LiteLLM Vulnerable to Denial of Service (DoS)
litellm,48,PYSEC-2026-1550,CVE-2024-5225 GHSA-h6m6-jj8v-94jj,,2026-07-07T14:34:34.436601Z,2026-07-07T17:47:31.656864316Z,,,,1.40.0,SQL injection in litellm
litellm,48,PYSEC-2026-1551,CVE-2024-5710 GHSA-qqcv-vg9f-5rr3,,2026-07-07T14:34:35.921148Z,2026-07-07T17:46:15.218903287Z,,,,1.40.15,litellm vulnerable to improper access control in team management
litellm,48,PYSEC-2026-2,MAL-2026-2144,,2026-03-24T15:35:32Z,2026-03-25T16:45:07.164747Z,,,,,Two litellm versions published containing credential harvesting malware
litellm,48,PYSEC-2026-2597,CVE-2026-35029 GHSA-53mr-6c8q-9789,,2026-07-13T14:36:47.761732Z,2026-07-13T16:32:03.793894601Z,,,,1.83.0,LiteLLM: Privilege escalation via unrestricted proxy configuration endpoint
litellm,48,PYSEC-2026-2598,CVE-2026-47101 GHSA-qrc4-49gv-mv9m,,2026-07-13T15:19:10.943370Z,2026-07-13T16:32:04.017038242Z,,,,1.83.14,LiteLLM allows an authenticated internal_user to create API keys with access to routes that their role does not permit
litellm,48,PYSEC-2026-2599,CVE-2026-42271 GHSA-v4p8-mg3p-g94g,,2026-07-13T15:02:53.541330Z,2026-07-13T16:32:04.086728418Z,,,,1.83.7,LiteLLM: Authenticated command execution via MCP stdio test endpoints
litellm,48,PYSEC-2026-2600,CVE-2026-47102 GHSA-wpfp-gwwc-vwq6,,2026-07-13T15:19:11.059386Z,2026-07-13T16:32:04.301271937Z,,,,1.83.10,LiteLLM allows a user to modify their own user_role via the /user/update endpoint
litellm,48,PYSEC-2026-2601,CVE-2026-40217 GHSA-wxxx-gvqv-xp7p,,2026-07-13T15:15:44.443320Z,2026-07-13T16:32:04.565604725Z,,,,1.83.10,LiteLLM has a sandbox escape in custom-code guardrail
litellm,48,PYSEC-2026-2602,CVE-2026-42203 GHSA-xqmj-j6mv-4862,,2026-07-13T15:02:53.267150Z,2026-07-13T16:32:04.546343789Z,,,,1.83.7,LiteLLM: Server-Side Template Injection in /prompts/test endpoint
litellm,48,PYSEC-2026-3476,CVE-2026-59819 GHSA-4g5m-c9r5-49xf,,2026-07-23T11:41:48.509556Z,2026-07-23T15:00:12.511484226Z,,,,1.83.10,LiteLLM: Local file read via request-supplied OIDC file references
litellm,48,PYSEC-2026-3477,CVE-2026-59820 GHSA-5jmr-gcrj-2c9q,,2026-07-23T11:41:48.408586Z,2026-07-23T15:00:15.302353609Z,,,,1.83.7,LiteLLM: Arbitrary file write via path traversal in Skills archive extraction
litellm,48,PYSEC-2026-3478,CVE-2026-59821 GHSA-72m8-9m7m-h278,,2026-07-23T11:41:48.799224Z,2026-07-23T15:00:14.016159175Z,,,,1.82.0,LiteLLM: Custom Code Guardrails production endpoints bypass code safety checks
litellm,48,PYSEC-2026-3479,CVE-2026-59822 GHSA-7488-6r32-c95q,,2026-07-23T11:41:48.668599Z,2026-07-23T15:00:13.909880217Z,,,,1.84.0,LiteLLM: MCP Authentication Bypass via OAuth2 Passthrough Fallback
litellm,48,PYSEC-2026-3861,CVE-2026-37004 GHSA-6wvf-77m9-58rm,,2026-09-10T09:44:57.753158Z,2026-09-10T12:15:08.177938502Z,,,,1.83.7,LiteLLM vulnerable to server-side template injection in the /prompts/test endpoint
litellm,48,PYSEC-2026-387,CVE-2024-2952 GHSA-46cm-pfwv-cgf8,,2026-06-29T11:50:39.562812Z,2026-07-01T20:22:56.238364Z,,,,1.34.42,LiteLLM has Server-Side Template Injection vulnerability in /completions endpoint
litellm,48,PYSEC-2026-388,CVE-2026-49468 GHSA-4xpc-pv4p-pm3w,,2026-06-29T11:50:52.648950Z,2026-07-01T20:22:56.295059Z,,,,1.84.0,LiteLLM: Authentication Bypass via Host Header Injection
litellm,48,PYSEC-2026-389,CVE-2024-5751 GHSA-gppg-gqw8-wh9g,,2026-06-29T11:50:41.762215Z,2026-07-01T20:22:56.345088Z,,,,1.40.16,litellm vulnerable to remote code execution based on using eval unsafely
litellm,48,PYSEC-2026-390,CVE-2026-35030 GHSA-jjhc-v7c2-5hh6,,2026-06-29T11:50:47.498250Z,2026-07-01T20:22:56.400828Z,,,,1.83.0,LiteLLM: Authentication bypass via OIDC userinfo cache key collision
litellm,48,PYSEC-2026-391,CVE-2026-42208 GHSA-r75f-5x8p-qvmc,,2026-06-29T11:50:45.645996Z,2026-07-01T20:22:56.429351Z,,,,1.83.7,LiteLLM has SQL Injection in Proxy API key verification
aiohttp,49,GHSA-27mf-ghqm-j3j8,CVE-2024-52303 PYSEC-2026-1096,MODERATE,2024-11-18T21:02:17Z,2026-09-10T03:50:20.382497140Z,,2024-11-18T21:02:17Z,2024-11-18T20:15:06Z,3.10.11,aiohttp has a memory leak when middleware is enabled when requesting a resource with a non-allowed method
aiohttp,49,GHSA-2fqr-mr3j-6wp8,CVE-2026-54279 PYSEC-2026-2112,LOW,2026-06-15T20:08:51Z,2026-09-10T03:51:07.471021274Z,,2026-06-15T20:08:51Z,,3.14.1,aiohttp: Host-Only Cookies Become Domain Cookies After CookieJar Persistence
aiohttp,49,GHSA-2vrm-gr82-f7m5,CVE-2026-34514 PYSEC-2026-2096,LOW,2026-04-01T21:20:06Z,2026-09-10T03:50:42.288164171Z,,2026-04-01T21:20:06Z,2026-04-01T21:16:59Z,3.13.4,AIOHTTP has CRLF injection through multipart part content type header construction
aiohttp,49,GHSA-3wq7-rqq7-wx6j,CVE-2026-34517 PYSEC-2026-2099,LOW,2026-04-01T21:47:07Z,2026-09-10T03:50:42.683852324Z,,2026-04-01T21:47:07Z,2026-04-01T21:16:59Z,3.13.4,AIOHTTP has late size enforcement for non-file multipart fields causes memory DoS
aiohttp,49,GHSA-45c4-8wx5-qw6w,CVE-2023-37276 PYSEC-2023-120,MODERATE,2023-07-20T14:52:00Z,2026-09-10T03:49:42.592843584Z,,2023-07-20T14:52:00Z,2023-07-19T20:15:10Z,3.8.5,aiohttp.web.Application vulnerable to HTTP request smuggling via llhttp HTTP request parser
aiohttp,49,GHSA-4fvr-rgm6-gqmc,CVE-2026-54273 PYSEC-2026-2107,MODERATE,2026-06-15T20:10:32Z,2026-09-10T03:51:07.881817751Z,,2026-06-15T20:10:32Z,,3.14.1,aiohttp: HTTP/1 Pipelined Requests Queue Without Limit
aiohttp,49,GHSA-4m7w-qmgq-4wj5,CVE-2026-54275 PYSEC-2026-237,LOW,2026-06-15T20:11:13Z,2026-09-10T03:50:48.205198252Z,,2026-06-15T20:11:13Z,,3.14.1,aiohttp: TLS Server Hostname Override Is Ignored When Reusing HTTPS Connections
aiohttp,49,GHSA-54jq-c3m8-4m76,CVE-2025-69226 PYSEC-2026-1097,LOW,2026-01-05T23:09:51Z,2026-09-10T03:50:32.751498447Z,,2026-01-05T23:09:51Z,2026-01-05T23:15:40Z,3.13.3,AIOHTTP vulnerable to brute-force leak of internal static ﬁle path components
aiohttp,49,GHSA-5h86-8mv2-jq9f,CVE-2024-23334 PYSEC-2024-24,HIGH,2024-01-29T22:31:03Z,2026-09-10T03:50:04.835842803Z,,2024-01-29T22:31:03Z,2024-01-29T23:15:08Z,3.9.2,aiohttp is vulnerable to directory traversal
aiohttp,49,GHSA-5m98-qgg9-wh84,CVE-2024-30251 PYSEC-2026-1098,HIGH,2024-05-03T17:29:54Z,2026-09-10T03:50:13.407749365Z,,2024-05-03T17:29:54Z,2024-05-02T14:15:09Z,3.9.4,aiohttp vulnerable to Denial of Service when trying to parse malformed POST requests
aiohttp,49,GHSA-63hf-3vf5-4wqf,CVE-2026-34520 PYSEC-2026-2102,LOW,2026-04-01T21:49:06Z,2026-09-10T03:50:43.255807027Z,,2026-04-01T21:49:06Z,2026-04-01T21:17:00Z,3.13.4,AIOHTTP's C parser (llhttp) accepts null bytes and control characters in response header values - header injection/security bypass
aiohttp,49,GHSA-63hw-fmq6-xxg2,CVE-2026-54277 PYSEC-2026-2110,MODERATE,2026-06-15T20:09:16Z,2026-09-10T03:50:48.460120366Z,,2026-06-15T20:09:16Z,,3.14.1,aiohttp: C HTTP Parser Bypasses max_line_size for Fragmented Lines
aiohttp,49,GHSA-69f9-5gxw-wvc2,CVE-2025-69224 PYSEC-2026-1099,LOW,2026-01-05T22:58:57Z,2026-09-10T03:49:54.440954011Z,,2026-01-05T22:58:57Z,2026-01-05T23:15:40Z,3.13.3,AIOHTTP's unicode processing of header values could cause parsing discrepancies
aiohttp,49,GHSA-6jhg-hg63-jvvf,CVE-2025-69228 PYSEC-2026-1100,MODERATE,2026-01-05T23:13:14Z,2026-09-10T03:50:32.839537992Z,,2026-01-05T23:13:14Z,2026-01-06T00:15:48Z,3.13.3,AIOHTTP vulnerable to  denial of service through large payloads
aiohttp,49,GHSA-6mq8-rvhq-8wgg,CVE-2025-69223 PYSEC-2026-1101,HIGH,2026-01-05T22:58:41Z,2026-09-10T03:50:32.830751052Z,,2026-01-05T22:58:41Z,2026-01-05T22:15:53Z,3.13.3,AIOHTTP's HTTP Parser auto_decompress feature is vulnerable to zip bomb
aiohttp,49,GHSA-7gpw-8wmc-pm8g,CVE-2024-27306 PYSEC-2026-1102,MODERATE,2024-04-18T13:45:21Z,2026-09-10T03:50:11.218890208Z,,2024-04-18T13:45:21Z,2024-04-18T15:15:29Z,3.9.4,aiohttp Cross-site Scripting vulnerability on index pages for static file handling
aiohttp,49,GHSA-8495-4g3g-x7pr,CVE-2024-52304 PYSEC-2026-1103,MODERATE,2024-11-18T21:02:32Z,2026-09-10T03:50:20.487002605Z,,2024-11-18T21:02:32Z,2024-11-18T21:15:06Z,3.10.11,aiohttp allows request smuggling due to incorrect parsing of chunk extensions
aiohttp,49,GHSA-8qpw-xqxj-h4r2,CVE-2024-23829 PYSEC-2024-26,MODERATE,2024-01-29T22:30:07Z,2026-09-10T03:50:04.962384666Z,,2024-01-29T22:30:07Z,2024-01-29T23:15:08Z,3.9.2,"aiohttp's HTTP parser (the python one, not llhttp) still overly lenient about separators"
aiohttp,49,GHSA-9548-qrrj-x5pj,CVE-2025-53643 PYSEC-2026-1104,LOW,2025-07-14T19:33:31Z,2026-09-10T03:50:26.231846188Z,,2025-07-14T19:33:31Z,2025-07-14T21:15:27Z,3.12.14, AIOHTTP is vulnerable to HTTP Request/Response Smuggling through incorrect parsing of chunked trailer sections
aiohttp,49,GHSA-966j-vmvw-g2g9,CVE-2026-34518 PYSEC-2026-2100,LOW,2026-04-01T21:47:46Z,2026-09-10T03:51:01.374434696Z,,2026-04-01T21:47:46Z,2026-04-01T21:17:00Z,3.13.4,AIOHTTP leaks Cookie and Proxy-Authorization headers on cross-origin redirect
aiohttp,49,GHSA-9x8q-7h8h-wcw9,CVE-2026-54280 PYSEC-2026-2113,LOW,2026-06-15T20:10:44Z,2026-09-10T03:50:55.382836820Z,,2026-06-15T20:10:44Z,,3.14.1,aiohttp: Payload Response Resources Are Not Closed After Mid-Body Disconnect
aiohttp,49,GHSA-c427-h43c-vf67,CVE-2026-34525 PYSEC-2026-2103,MODERATE,2026-04-01T21:49:45Z,2026-09-10T03:51:01.505705751Z,,2026-04-01T21:49:45Z,2026-04-01T21:17:00Z,3.13.4,AIOHTTP accepts duplicate Host headers
aiohttp,49,GHSA-cq5v-8q36-5273,CVE-2026-69244 PYSEC-2026-3545,HIGH,2026-08-03T20:51:13Z,2026-09-10T03:51:13.983479281Z,,2026-08-03T20:51:13Z,,3.14.3,AIOHTTP: Out-of-bounds heap read in C HTTP response parser error path (malformed chunked response)
aiohttp,49,GHSA-fh55-r93g-j68g,CVE-2025-69230 PYSEC-2026-1105,LOW,2026-01-05T23:13:46Z,2026-09-10T03:50:33.047685052Z,,2026-01-05T23:13:46Z,2026-01-06T00:15:48Z,3.13.3,AIOHTTP Vulnerable to Cookie Parser Warning Storm
aiohttp,49,GHSA-g3cq-j2xw-wf74,CVE-2026-54278 PYSEC-2026-2111,MODERATE,2026-06-15T20:09:51Z,2026-09-10T03:51:08.751749295Z,,2026-06-15T20:09:51Z,,3.14.1,aiohttp: Unread Compressed Request Bodies Bypass client_max_size During Cleanup
aiohttp,49,GHSA-g84x-mcqj-x9qq,CVE-2025-69229 PYSEC-2026-1106,MODERATE,2026-01-05T23:13:29Z,2026-09-10T03:50:33.073865205Z,,2026-01-05T23:13:29Z,2026-01-06T00:15:48Z,3.13.3,AIOHTTP vulnerable to DoS through chunked messages
aiohttp,49,GHSA-gfw2-4jvh-wgfg,CVE-2023-47627 PYSEC-2023-246,MODERATE,2023-11-14T22:20:59Z,2026-09-10T03:49:59.098190473Z,,2023-11-14T22:20:59Z,2023-11-14T21:15:12Z,3.8.6,"AIOHTTP has problems in HTTP parser (the python one, not llhttp)"
aiohttp,49,GHSA-hcc4-c3v8-rx92,CVE-2026-34513 PYSEC-2026-2095,LOW,2026-04-01T21:19:22Z,2026-09-10T03:51:02.067006429Z,,2026-04-01T21:19:22Z,2026-04-01T21:16:59Z,3.13.4,AIOHTTP Affected by Denial of Service (DoS) via Unbounded DNS Cache in TCPConnector
aiohttp,49,GHSA-hg6j-4rv6-33pg,CVE-2026-47265 PYSEC-2026-2105,MODERATE,2026-06-03T21:34:38Z,2026-09-10T03:50:49.888335735Z,,2026-06-03T21:34:38Z,2026-06-02T20:16:37Z,3.14.0,AIOHTTP is vulnerable to cross-origin redirect with per-request cookies
aiohttp,49,GHSA-hpj7-wq8m-9hgp,CVE-2026-54276 PYSEC-2026-2109,MODERATE,2026-06-15T20:09:06Z,2026-09-10T03:50:49.899674354Z,,2026-06-15T20:09:06Z,,3.14.1,aiohttp: DigestAuthMiddleware Applies Credentials to Cross-Origin Redirect Challenges
aiohttp,49,GHSA-jg22-mg44-37j8,CVE-2026-34993 PYSEC-2026-2104,MODERATE,2026-06-03T20:56:54Z,2026-09-10T03:51:08.847676311Z,,2026-06-03T20:56:54Z,2026-06-02T20:16:34Z,3.14.0,AIOHTTP is Vulnerable to Deserialization of Untrusted Data
aiohttp,49,GHSA-jj3x-wxrx-4x23,CVE-2025-69227 PYSEC-2026-1107,MODERATE,2026-01-05T23:10:15Z,2026-09-10T03:50:33.308966616Z,,2026-01-05T23:10:15Z,2026-01-06T00:15:48Z,3.13.3,AIOHTTP vulnerable to DoS when bypassing asserts
aiohttp,49,GHSA-jwhx-xcg6-8xhj,CVE-2024-42367 PYSEC-2026-1108,MODERATE,2024-08-09T16:49:58Z,2026-09-10T03:50:18.259191283Z,,2024-08-09T16:49:58Z,2024-08-12T13:38:34Z,3.10.2,"In aiohttp, compressed files as symlinks are not protected from path traversal"
aiohttp,49,GHSA-m5qp-6w8w-w647,CVE-2026-34516 PYSEC-2026-2098,MODERATE,2026-04-01T21:43:07Z,2026-09-10T03:51:02.372876858Z,,2026-04-01T21:43:07Z,2026-04-01T21:16:59Z,3.13.4,AIOHTTP has a Multipart Header Size Bypass
aiohttp,49,GHSA-m6qw-4cw2-hm4m,CVE-2026-50269 PYSEC-2026-2106,LOW,2026-06-15T20:07:26Z,2026-09-10T03:51:09.078868018Z,,2026-06-15T20:07:26Z,,3.14.0,aiohttp: CRLF injection in multipart headers
aiohttp,49,GHSA-mfx4-hv73-q22v,CVE-2026-69243 PYSEC-2026-3546,MODERATE,2026-08-03T20:46:10Z,2026-09-10T03:51:14.385788837Z,,2026-08-03T20:46:10Z,,3.14.2,AIOHTTP: HTTP request smuggling via WebSocket upgrade
aiohttp,49,GHSA-mq44-7p77-q5h7,CVE-2026-59881 PYSEC-2026-3547,MODERATE,2026-08-03T20:40:55Z,2026-09-10T03:51:14.489650589Z,,2026-08-03T20:40:55Z,2026-07-30T19:18:33Z,3.14.2,AIOHTTP: WebSocket client accepts compressed frames without negotiated permessage-deflate
aiohttp,49,GHSA-mqqc-3gqh-h2x8,CVE-2025-69225 PYSEC-2026-1109,LOW,2026-01-05T23:09:30Z,2026-09-10T03:50:33.538693726Z,,2026-01-05T23:09:30Z,2026-01-06T00:15:47Z,3.13.3,AIOHTTP has unicode match groups in regexes for ASCII protocol elements
aiohttp,49,GHSA-mwh4-6h8g-pg8w,CVE-2026-34519 PYSEC-2026-2101,LOW,2026-04-01T21:48:24Z,2026-09-10T03:50:44.819886754Z,,2026-04-01T21:48:24Z,2026-04-01T21:17:00Z,3.13.4,AIOHTTP has HTTP response splitting via \r in reason phrase
aiohttp,49,GHSA-p998-jp59-783m,CVE-2026-34515 PYSEC-2026-2097,MODERATE,2026-04-01T21:26:36Z,2026-09-10T03:51:02.565661873Z,,2026-04-01T21:26:36Z,2026-04-01T21:16:59Z,3.13.4,AIOHTTP affected by UNC SSRF/NTLMv2 Credential Theft/Local File Read in static resource handler on Windows
aiohttp,49,GHSA-pjjw-qhg8-p2p9,,MODERATE,2023-11-27T23:15:38Z,2026-09-10T03:50:04.355249499Z,,2023-11-27T23:15:38Z,,3.8.6,aiohttp has vulnerable dependency that is vulnerable to request smuggling
aiohttp,49,GHSA-q3qx-c6g2-7pw2,CVE-2023-49081 PYSEC-2023-250,MODERATE,2023-11-27T23:17:42Z,2026-09-10T03:49:47.740711002Z,,2023-11-27T23:17:42Z,2023-11-30T07:15:08Z,3.9.0,aiohttp's ClientSession is vulnerable to CRLF injection via version
aiohttp,49,GHSA-qvrw-v9rv-5rjx,CVE-2023-49082 PYSEC-2023-251,MODERATE,2023-11-27T23:17:24Z,2026-09-10T03:49:59.157526982Z,,2023-11-27T23:17:24Z,2023-11-29T20:15:08Z,3.9.0,aiohttp's ClientSession is vulnerable to CRLF injection via method
aiohttp,49,GHSA-v6wp-4m6f-gcjg,CVE-2021-21330 PYSEC-2021-76,LOW,2021-02-26T02:11:57Z,2026-07-08T06:27:43.955932046Z,,2021-02-26T02:11:40Z,2021-02-26T03:15:00Z,3.7.4,`aiohttp` Open Redirect vulnerability (`normalize_path_middleware` middleware)
aiohttp,49,GHSA-w2fm-2cpv-w7v5,CVE-2026-22815 PYSEC-2026-2094,MODERATE,2026-04-01T19:45:17Z,2026-09-10T03:51:03.588955358Z,,2026-04-01T19:45:17Z,2026-04-01T21:16:58Z,3.13.4,"aiohttp allows unlimited trailer headers, leading to possible uncapped memory usage"
aiohttp,49,GHSA-xcgm-r5h9-7989,CVE-2026-54274 PYSEC-2026-2108,MODERATE,2026-06-15T20:11:22Z,2026-09-10T03:50:12.346397944Z,,2026-06-15T20:11:22Z,,3.14.1,aiohttp: Incomplete websocket frame payloads bypass memory limits
aiohttp,49,GHSA-xx9p-xxvh-7g8j,CVE-2023-47641 PYSEC-2023-247,LOW,2023-11-14T20:36:25Z,2025-11-03T22:48:44.279957Z,,2023-11-14T20:36:25Z,2023-11-14T21:15:13Z,3.8.0,Aiohttp has inconsistent interpretation of `Content-Length` vs. `Transfer-Encoding` differing in C and Python fallbacks
aiohttp,49,PYSEC-2021-76,CVE-2021-21330 GHSA-v6wp-4m6f-gcjg,,2021-02-26T03:15:00Z,2023-11-08T04:04:41.517445Z,,,,3.7.4,
aiohttp,49,PYSEC-2023-120,CVE-2023-37276 GHSA-45c4-8wx5-qw6w,,2023-07-20T14:52:00Z,2023-11-08T04:13:00.855432Z,,,,3.8.5,aiohttp.web.Application vulnerable to HTTP request smuggling via llhttp HTTP request parser
aiohttp,49,PYSEC-2023-246,CVE-2023-47627 GHSA-gfw2-4jvh-wgfg,,2023-11-14T21:15:00Z,2023-11-22T23:41:28.136683Z,,,,3.8.6,
aiohttp,49,PYSEC-2023-247,CVE-2023-47641 GHSA-xx9p-xxvh-7g8j,,2023-11-14T21:15:00Z,2023-11-22T23:41:23.846045Z,,,,3.8.0,
aiohttp,49,PYSEC-2023-250,CVE-2023-49081 GHSA-q3qx-c6g2-7pw2,,2023-11-30T07:15:00Z,2024-01-29T16:41:42.718733Z,,,,3.9.0,
aiohttp,49,PYSEC-2023-251,CVE-2023-49082 GHSA-qvrw-v9rv-5rjx,,2023-11-29T20:15:00Z,2024-01-29T16:41:42.479153Z,,,,3.9.0,
aiohttp,49,PYSEC-2024-24,CVE-2024-23334 GHSA-5h86-8mv2-jq9f,,2024-01-29T23:15:00Z,2024-02-05T20:43:19.143053Z,,,,3.9.2,
aiohttp,49,PYSEC-2024-26,CVE-2024-23829 GHSA-8qpw-xqxj-h4r2,,2024-01-29T23:15:00Z,2024-02-06T20:41:46.176337Z,,,,3.9.2,
aiohttp,49,PYSEC-2026-1096,CVE-2024-52303 GHSA-27mf-ghqm-j3j8,,2026-07-07T14:34:45.010533Z,2026-07-07T17:46:18.681380663Z,,,,3.10.11,aiohttp has a memory leak when middleware is enabled when requesting a resource with a non-allowed method
aiohttp,49,PYSEC-2026-1097,CVE-2025-69226 GHSA-54jq-c3m8-4m76,,2026-07-07T16:03:15.611250Z,2026-07-07T17:46:18.706941624Z,,,,3.13.3,AIOHTTP vulnerable to brute-force leak of internal static ﬁle path components
aiohttp,49,PYSEC-2026-1098,CVE-2024-30251 GHSA-5m98-qgg9-wh84,,2026-07-07T11:45:40.794194Z,2026-07-07T17:46:25.596075903Z,,,,3.9.4,aiohttp vulnerable to Denial of Service when trying to parse malformed POST requests
aiohttp,49,PYSEC-2026-1099,CVE-2025-69224 GHSA-69f9-5gxw-wvc2,,2026-07-07T16:03:15.238774Z,2026-07-07T17:46:25.754485012Z,,,,3.13.3,AIOHTTP's unicode processing of header values could cause parsing discrepancies
aiohttp,49,PYSEC-2026-1100,CVE-2025-69228 GHSA-6jhg-hg63-jvvf,,2026-07-07T16:03:16.152840Z,2026-07-07T17:46:25.742429087Z,,,,3.13.3,AIOHTTP vulnerable to  denial of service through large payloads
aiohttp,49,PYSEC-2026-1101,CVE-2025-69223 GHSA-6mq8-rvhq-8wgg,,2026-07-07T16:03:14.921646Z,2026-07-07T17:46:25.749760014Z,,,,3.13.3,AIOHTTP's HTTP Parser auto_decompress feature is vulnerable to zip bomb
aiohttp,49,PYSEC-2026-1102,CVE-2024-27306 GHSA-7gpw-8wmc-pm8g,,2026-07-07T11:45:39.766336Z,2026-07-07T17:46:25.711160585Z,,,,3.9.4,aiohttp Cross-site Scripting vulnerability on index pages for static file handling
aiohttp,49,PYSEC-2026-1103,CVE-2024-52304 GHSA-8495-4g3g-x7pr,,2026-07-07T14:34:45.226773Z,2026-07-07T17:46:25.745431925Z,,,,3.10.11,aiohttp allows request smuggling due to incorrect parsing of chunk extensions
aiohttp,49,PYSEC-2026-1104,CVE-2025-53643 GHSA-9548-qrrj-x5pj,,2026-07-07T16:02:58.017770Z,2026-07-07T17:46:26.996029094Z,,,,3.12.14, AIOHTTP is vulnerable to HTTP Request/Response Smuggling through incorrect parsing of chunked trailer sections
aiohttp,49,PYSEC-2026-1105,CVE-2025-69230 GHSA-fh55-r93g-j68g,,2026-07-07T16:03:16.575751Z,2026-07-07T17:46:27.010151241Z,,,,3.13.3,AIOHTTP Vulnerable to Cookie Parser Warning Storm
aiohttp,49,PYSEC-2026-1106,CVE-2025-69229 GHSA-g84x-mcqj-x9qq,,2026-07-07T16:03:16.385072Z,2026-07-07T17:46:27.138455769Z,,,,3.13.3,AIOHTTP vulnerable to DoS through chunked messages
aiohttp,49,PYSEC-2026-1107,CVE-2025-69227 GHSA-jj3x-wxrx-4x23,,2026-07-07T16:03:15.809963Z,2026-07-07T17:46:27.143278789Z,,,,3.13.3,AIOHTTP vulnerable to DoS when bypassing asserts
aiohttp,49,PYSEC-2026-1108,CVE-2024-42367 GHSA-jwhx-xcg6-8xhj,,2026-07-07T14:34:38.838715Z,2026-07-07T17:46:11.097837758Z,,,,3.10.2,"In aiohttp, compressed files as symlinks are not protected from path traversal"
aiohttp,49,PYSEC-2026-1109,CVE-2025-69225 GHSA-mqqc-3gqh-h2x8,,2026-07-07T16:03:15.425479Z,2026-07-07T17:46:11.106200219Z,,,,3.13.3,AIOHTTP has unicode match groups in regexes for ASCII protocol elements
aiohttp,49,PYSEC-2026-2094,CVE-2026-22815 GHSA-w2fm-2cpv-w7v5,,2026-04-01T21:16:58.513Z,2026-07-13T07:15:22.106615044Z,,,,3.13.4,
aiohttp,49,PYSEC-2026-2095,CVE-2026-34513 GHSA-hcc4-c3v8-rx92,,2026-04-01T21:16:59.267Z,2026-07-13T07:15:20.515103859Z,,,,3.13.4,
aiohttp,49,PYSEC-2026-2096,CVE-2026-34514 GHSA-2vrm-gr82-f7m5,,2026-04-01T21:16:59.417Z,2026-07-13T07:15:20.512283753Z,,,,3.13.4,
aiohttp,49,PYSEC-2026-2097,CVE-2026-34515 GHSA-p998-jp59-783m,,2026-04-01T21:16:59.570Z,2026-07-13T07:15:22.020193929Z,,,,3.13.4,
aiohttp,49,PYSEC-2026-2098,CVE-2026-34516 GHSA-m5qp-6w8w-w647,,2026-04-01T21:16:59.723Z,2026-07-13T07:15:20.606847597Z,,,,3.13.4,
aiohttp,49,PYSEC-2026-2099,CVE-2026-34517 GHSA-3wq7-rqq7-wx6j,,2026-04-01T21:16:59.870Z,2026-07-13T07:15:20.410799609Z,,,,3.13.4,
aiohttp,49,PYSEC-2026-2100,CVE-2026-34518 GHSA-966j-vmvw-g2g9,,2026-04-01T21:17:00.020Z,2026-07-13T07:15:20.558859332Z,,,,3.13.4,
aiohttp,49,PYSEC-2026-2101,CVE-2026-34519 GHSA-mwh4-6h8g-pg8w,,2026-04-01T21:17:00.170Z,2026-07-13T07:15:20.567213669Z,,,,3.13.4,
aiohttp,49,PYSEC-2026-2102,CVE-2026-34520 GHSA-63hf-3vf5-4wqf,,2026-04-01T21:17:00.333Z,2026-07-13T07:15:12.708711382Z,,,,3.13.4,
aiohttp,49,PYSEC-2026-2103,CVE-2026-34525 GHSA-c427-h43c-vf67,,2026-04-01T21:17:00.490Z,2026-07-13T07:15:12.738469444Z,,,,3.13.4,
aiohttp,49,PYSEC-2026-2104,CVE-2026-34993 GHSA-jg22-mg44-37j8,,2026-06-02T20:16:34.857Z,2026-07-13T07:15:12.748393707Z,,,,3.14.0,
aiohttp,49,PYSEC-2026-2105,CVE-2026-47265 GHSA-hg6j-4rv6-33pg,,2026-06-02T20:16:37.903Z,2026-07-13T07:15:15.566262179Z,,,,3.14.0,
aiohttp,49,PYSEC-2026-2106,CVE-2026-50269 GHSA-m6qw-4cw2-hm4m,,2026-06-22T18:16:42.920Z,2026-07-13T07:15:15.667130045Z,,,,3.14.0,
aiohttp,49,PYSEC-2026-2107,CVE-2026-54273 GHSA-4fvr-rgm6-gqmc,,2026-06-22T18:16:45.743Z,2026-07-13T07:15:15.784194566Z,,,,3.14.1,
aiohttp,49,PYSEC-2026-2108,CVE-2026-54274 GHSA-xcgm-r5h9-7989,,2026-06-22T18:16:45.877Z,2026-07-13T07:15:15.772445691Z,,,,3.14.1,
aiohttp,49,PYSEC-2026-2109,CVE-2026-54276 GHSA-hpj7-wq8m-9hgp,,2026-06-22T18:16:46.133Z,2026-07-13T07:15:14.193967551Z,,,,3.14.1,
aiohttp,49,PYSEC-2026-2110,CVE-2026-54277 GHSA-63hw-fmq6-xxg2,,2026-06-22T18:16:46.263Z,2026-07-13T07:15:14.229711467Z,,,,3.14.1,
aiohttp,49,PYSEC-2026-2111,CVE-2026-54278 GHSA-g3cq-j2xw-wf74,,2026-06-22T18:16:46.393Z,2026-07-13T07:15:14.301970035Z,,,,3.14.1,
aiohttp,49,PYSEC-2026-2112,CVE-2026-54279 GHSA-2fqr-mr3j-6wp8,,2026-06-22T18:16:46.527Z,2026-07-13T07:15:14.351268374Z,,,,3.14.1,
aiohttp,49,PYSEC-2026-2113,CVE-2026-54280 GHSA-9x8q-7h8h-wcw9,,2026-06-22T18:16:46.670Z,2026-07-13T07:15:14.367176911Z,,,,3.14.1,
aiohttp,49,PYSEC-2026-237,CVE-2026-54275 GHSA-4m7w-qmgq-4wj5,,2026-06-22T18:16:46.010Z,2026-06-27T11:15:05.309750506Z,,,,3.14.1,
aiohttp,49,PYSEC-2026-3545,CVE-2026-69244 GHSA-cq5v-8q36-5273,,2026-08-04T11:34:47.557457Z,2026-08-04T14:30:13.745471923Z,,,,3.14.3,AIOHTTP: Out-of-bounds heap read in C HTTP response parser error path (malformed chunked response)
aiohttp,49,PYSEC-2026-3546,CVE-2026-69243 GHSA-mfx4-hv73-q22v,,2026-08-04T11:34:47.269769Z,2026-08-04T14:30:13.791061724Z,,,,3.14.2,AIOHTTP: HTTP request smuggling via WebSocket upgrade
aiohttp,49,PYSEC-2026-3547,CVE-2026-59881 GHSA-mq44-7p77-q5h7,,2026-08-04T11:34:46.955491Z,2026-08-04T14:30:14.644343094Z,,,,3.14.2,AIOHTTP: WebSocket client accepts compressed frames without negotiated permessage-deflate
tqdm,50,GHSA-g7vv-2v7x-gj9p,CVE-2024-34062 PYSEC-2026-1976,LOW,2024-05-03T19:33:28Z,2026-09-10T03:50:13.776534451Z,,2024-05-03T19:33:28Z,2024-05-03T10:15:08Z,4.66.3,tqdm CLI arguments injection attack
tqdm,50,GHSA-r7q7-xcjw-qx8q,CVE-2016-10075 PYSEC-2017-74,HIGH,2022-05-14T02:19:48Z,2026-09-10T03:49:40.289529890Z,,2023-07-28T23:24:28Z,2017-01-19T20:59:00Z,4.11.2 4.11.2,TDQM Arbitrary Code Execution
tqdm,50,PYSEC-2017-74,CVE-2016-10075 GHSA-r7q7-xcjw-qx8q,,2017-01-19T20:59:00Z,2026-06-10T17:02:44.390372289Z,,,,4.11.2,
tqdm,50,PYSEC-2026-1976,CVE-2024-34062 GHSA-g7vv-2v7x-gj9p,,2026-07-07T11:45:41.060200Z,2026-07-07T17:48:11.555580867Z,,,,4.66.3,tqdm CLI arguments injection attack
markdown-it-py,56,GHSA-jrwr-5x3p-hvc3,CVE-2023-26302 PYSEC-2023-23,HIGH,2023-02-23T00:30:40Z,2024-09-30T17:01:37.639305Z,,2023-02-23T19:40:54Z,2023-02-22T23:15:00Z,2.2.0,markdown-it-py Denial of Service vulnerability in the command line interface
markdown-it-py,56,GHSA-vrjv-mxr7-vjf8,CVE-2023-26303 PYSEC-2023-24,HIGH,2023-02-23T00:30:39Z,2024-09-30T20:36:38.036289Z,,2023-02-23T19:40:55Z,2023-02-23T00:15:00Z,2.2.0,markdown-it-py Denial of Service vulnerability
markdown-it-py,56,PYSEC-2023-23,CVE-2023-26302 GHSA-jrwr-5x3p-hvc3,,2023-02-22T23:15:00Z,2026-06-10T17:02:03.233399984Z,,,,2.2.0,
markdown-it-py,56,PYSEC-2023-24,CVE-2023-26303 GHSA-vrjv-mxr7-vjf8,,2023-02-23T00:15:00Z,2026-06-10T17:02:03.248247640Z,,,,2.2.0,
fastapi,60,GHSA-8h2j-cgx8-6xv7,CVE-2021-32677 PYSEC-2021-100,HIGH,2021-06-10T15:43:54Z,2026-07-08T06:28:18.554408310Z,,2021-06-09T13:34:54Z,2021-06-09T18:15:00Z,0.65.2,Cross-Site Request Forgery (CSRF) in FastAPI
fastapi,60,PYSEC-2021-100,CVE-2021-32677 GHSA-8h2j-cgx8-6xv7,,2021-06-09T18:15:00Z,2023-11-08T04:05:56.616377Z,,,,0.65.2,
fastapi,60,PYSEC-2024-38,CVE-2024-24762 GHSA-2jv5-9r88-3w3p GHSA-qf9m-vfgh-m389 PYSEC-2026-1850,,2024-02-05T15:15:00Z,2026-07-07T17:56:49.144644089Z,,,,0.109.1,
pyasn1,65,GHSA-63vm-454h-vhhq,CVE-2026-23490 PYSEC-2026-1810,HIGH,2026-01-16T19:19:25Z,2026-09-10T03:49:54.331513613Z,,2026-01-16T19:19:25Z,2026-01-16T19:16:19Z,0.6.2,pyasn1 has a DoS vulnerability in decoder
pyasn1,65,GHSA-8ppf-4f7h-5ppj,CVE-2026-59885 PYSEC-2026-3456,HIGH,2026-07-21T19:11:03Z,2026-09-10T03:51:11.103855167Z,,2026-07-21T19:11:03Z,2026-07-14T17:17:14Z,0.6.4,pyasn1: Quadratic complexity in OBJECT IDENTIFIER and RELATIVE-OID processing allows denial of service
pyasn1,65,GHSA-hm4w-wwcw-mr6r,CVE-2026-59886 PYSEC-2026-3457,HIGH,2026-07-21T19:11:20Z,2026-09-10T03:50:12.333773315Z,,2026-07-21T19:11:20Z,2026-07-14T17:17:15Z,0.6.4,pyasn1: Uncontrolled resource consumption when converting decoded REAL values
pyasn1,65,GHSA-jr27-m4p2-rc6r,CVE-2026-30922 PYSEC-2026-2263,HIGH,2026-03-17T16:17:33Z,2026-09-09T15:45:11.173742426Z,,2026-03-17T16:17:33Z,2026-03-18T04:17:18Z,0.6.3,Denial of Service in pyasn1 via Unbounded Recursion
pyasn1,65,GHSA-m4p7-r5rc-7g4j,CVE-2026-59884 PYSEC-2026-3455,HIGH,2026-07-21T19:10:11Z,2026-09-10T03:50:52.562707948Z,,2026-07-21T19:10:11Z,2026-07-14T17:17:14Z,0.6.4,pyasn1 BER/CER/DER decoder denial of service via unbounded long-form tag IDs
pyasn1,65,PYSEC-2026-1810,CVE-2026-23490 GHSA-63vm-454h-vhhq,,2026-07-07T16:03:19.018533Z,2026-07-07T17:48:03.492099219Z,,,,0.6.2,pyasn1 has a DoS vulnerability in decoder
pyasn1,65,PYSEC-2026-2263,CVE-2026-30922 GHSA-jr27-m4p2-rc6r,,2026-03-18T04:17:18.397Z,2026-07-13T07:15:40.277367904Z,,,,0.6.3,
pyasn1,65,PYSEC-2026-3455,CVE-2026-59884 GHSA-m4p7-r5rc-7g4j,,2026-07-14T17:17:14.750Z,2026-07-22T11:00:08.839373736Z,,,,0.6.4,
pyasn1,65,PYSEC-2026-3456,CVE-2026-59885 GHSA-8ppf-4f7h-5ppj,,2026-07-14T17:17:14.880Z,2026-07-22T11:00:08.814095424Z,,,,0.6.4,
pyasn1,65,PYSEC-2026-3457,CVE-2026-59886 GHSA-hm4w-wwcw-mr6r,,2026-07-14T17:17:15.010Z,2026-07-22T11:00:08.839691351Z,,,,0.6.4,
wheel,66,GHSA-8rrh-rw8j-w5fx,CVE-2026-24049 PYSEC-2026-2047,HIGH,2026-01-22T18:02:56Z,2026-09-10T03:50:32.887502862Z,,2026-01-22T18:02:56Z,2026-01-22T05:16:23Z,0.46.2,Wheel Affected by Arbitrary File Permission Modification via Path Traversal in wheel unpack
wheel,66,GHSA-qwmp-2cf2-g9g6,CVE-2022-40898 PYSEC-2022-43017,HIGH,2022-12-23T00:30:23Z,2024-11-19T19:22:35.244591Z,,2022-12-26T19:42:25Z,2022-12-23T00:15:00Z,0.38.1,pypa/wheel vulnerable to Regular Expression denial of service (ReDoS)
wheel,66,PYSEC-2022-43017,CVE-2022-40898 GHSA-qwmp-2cf2-g9g6,,2022-12-23T00:15:00Z,2026-06-10T17:02:50.204495025Z,,,,0.38.1,
wheel,66,PYSEC-2026-2047,CVE-2026-24049 GHSA-8rrh-rw8j-w5fx,,2026-07-07T16:03:19.867108Z,2026-07-07T17:47:43.451695844Z,,,,0.46.2,Wheel Affected by Arbitrary File Permission Modification via Path Traversal in wheel unpack
websockets,67,GHSA-6g87-ff9q-v847,CVE-2018-1000518 PYSEC-2018-79,HIGH,2018-09-17T20:46:52Z,2024-11-19T18:23:42.891487Z,,2020-06-16T21:19:15Z,2018-06-26T16:29:00Z,5.0,websockets is vulnerable to denial of service by memory exhaustion
websockets,67,GHSA-8ch4-58qp-g3mp,CVE-2021-33880 PYSEC-2021-95,HIGH,2021-06-11T17:43:14Z,2024-11-19T18:25:23.133425Z,,2021-06-10T16:24:45Z,2021-06-06T15:15:00Z,9.1,Observable Timing Discrepancy in aaugustin websockets library
websockets,67,PYSEC-2018-79,CVE-2018-1000518 GHSA-6g87-ff9q-v847,,2018-06-26T16:29:00Z,2023-11-08T03:59:38.649508Z,,,,5.0,
websockets,67,PYSEC-2021-95,CVE-2021-33880 GHSA-8ch4-58qp-g3mp,,2021-06-06T15:15:00Z,2023-11-08T04:06:06.475813Z,,,,9.1,
pillow,72,GHSA-3c5c-7235-994j,CVE-2016-2533 PYSEC-2016-19,HIGH,2018-07-24T20:15:13Z,2026-04-09T18:26:05.864111202Z,,2020-06-16T20:54:46Z,,3.1.1,Pillow buffer overflow in ImagingPcdDecode
pillow,72,GHSA-3f63-hfp8-52jq,BIT-pillow-2023-50447 CVE-2023-50447 PYSEC-2026-457,CRITICAL,2024-01-19T21:30:35Z,2026-09-10T03:50:04.766695102Z,,2024-01-22T21:28:18Z,2024-01-19T20:15:11Z,10.2.0,Arbitrary Code Execution in Pillow
pillow,72,GHSA-3wvg-mj6g-m9cv,BIT-pillow-2021-27922 CVE-2021-27922 PYSEC-2021-41,HIGH,2021-03-18T19:55:21Z,2025-08-15T14:25:07.863555Z,,2021-03-12T23:20:39Z,2021-03-03T09:15:00Z,8.1.2,Pillow Uncontrolled Resource Consumption
pillow,72,GHSA-3xv8-3j54-hgrp,BIT-pillow-2020-10378 CVE-2020-10378 PYSEC-2020-77,HIGH,2021-11-03T18:04:53Z,2025-06-06T15:13:14.202950Z,,2021-11-03T17:26:02Z,2020-06-25T19:15:00Z,7.1.0,Out-of-bounds read in Pillow
pillow,72,GHSA-43fq-w8qq-v88h,BIT-pillow-2020-11538 CVE-2020-11538 PYSEC-2020-80,CRITICAL,2020-07-27T21:52:36Z,2024-10-09T20:02:20.538595Z,,2020-07-27T21:35:11Z,2020-06-25T19:15:00Z,7.1.0,Out-of-bounds read in Pillow
pillow,72,GHSA-44wm-f244-xhp3,BIT-pillow-2024-28219 CVE-2024-28219 PYSEC-2026-1793,HIGH,2024-04-03T03:30:30Z,2026-09-10T03:50:11.139712157Z,,2024-04-03T14:53:39Z,2024-04-03T03:15:09Z,10.3.0,Pillow buffer overflow vulnerability
pillow,72,GHSA-45hq-cxwh-f6vc,BIT-pillow-2026-55379 CVE-2026-55379 PYSEC-2026-2255,HIGH,2026-07-20T21:13:18Z,2026-09-10T03:50:51.372929814Z,,2026-07-20T21:13:18Z,2026-07-06T19:17:08Z,12.3.0,Pillow `BdfFontFile`: `Image.new()` called without `_decompression_bomb_check()` — bomb protection bypass via font loading
pillow,72,GHSA-4fx9-vc88-q2xc,,LOW,2022-03-11T23:39:27Z,2024-12-05T05:35:12.297192Z,,2022-03-11T23:39:27Z,,9.0.0,Infinite loop in Pillow
pillow,72,GHSA-4x4j-2g7c-83w6,BIT-pillow-2026-55798 CVE-2026-55798 PYSEC-2026-2257,MODERATE,2026-07-20T21:14:14Z,2026-09-10T03:51:10.324377232Z,,2026-07-20T21:14:14Z,2026-07-06T19:17:08Z,12.3.0,Pillow: WindowsViewer.get_command() OS command injection via unescaped shell path
pillow,72,GHSA-57h3-9rgr-c24m,BIT-pillow-2021-25289 CVE-2021-25289 PYSEC-2021-35,CRITICAL,2021-03-29T16:35:16Z,2024-10-08T13:22:45.198644Z,,2021-03-22T22:07:48Z,2021-03-19T04:15:00Z,8.1.1,Out of bounds write in Pillow
pillow,72,GHSA-5gm3-px64-rw72,CVE-2019-19911 PYSEC-2020-172,HIGH,2020-04-01T16:36:44Z,2024-10-08T13:22:59.440420Z,,2020-04-01T16:30:58Z,2020-01-05T22:15:00Z,6.2.2,Uncontrolled Resource Consumption in Pillow
pillow,72,GHSA-5x94-69rx-g8h2,BIT-pillow-2026-54060 CVE-2026-54060 PYSEC-2026-2254,HIGH,2026-07-20T21:08:40Z,2026-09-10T03:51:10.514604451Z,,2026-07-20T21:08:40Z,2026-07-06T19:17:08Z,12.3.0,Pillow: `FontFile.compile()`: `Image.new()` called without `_decompression_bomb_check()`
pillow,72,GHSA-5xmw-vc9v-4wf2,BIT-pillow-2026-42309 CVE-2026-42309 PYSEC-2026-2251,MODERATE,2026-05-04T20:18:27Z,2026-09-10T03:51:04.701007027Z,,2026-05-04T20:18:27Z,2026-05-09T06:16:10Z,12.2.0,Pillow has a heap buffer overflow with nested list coordinates
pillow,72,GHSA-62p4-gmf7-7g93,BIT-pillow-2026-54058 CVE-2026-54058 PYSEC-2026-3493,HIGH,2026-07-20T21:08:13Z,2026-09-10T03:51:10.632149522Z,,2026-07-20T21:08:13Z,2026-07-14T17:17:03Z,12.3.0,Pillow: Out-of-bounds read via attacker-controlled row stride on Pillow's mmap path (McIdas AREA files)
pillow,72,GHSA-6r8x-57c9-28j4,BIT-pillow-2026-59199 CVE-2026-59199 PYSEC-2026-3451,HIGH,2026-07-20T23:09:53Z,2026-09-10T03:51:10.822199342Z,,2026-07-20T23:09:53Z,2026-07-14T16:17:01Z,12.3.0,Pillow: Heap out-of-bounds write `Image.paste()` / `Image.crop()` via signed coordinate overflow
pillow,72,GHSA-7534-mm45-c74v,BIT-pillow-2021-34552 CVE-2021-34552 PYSEC-2021-331,CRITICAL,2021-10-05T20:24:41Z,2024-10-09T21:10:34.327533Z,,2021-10-05T18:52:50Z,2021-07-13T17:15:00Z,8.3.0,Buffer Overflow in Pillow
pillow,72,GHSA-77gc-v2xv-rvvh,BIT-pillow-2021-25287 CVE-2021-25287 PYSEC-2021-137,HIGH,2021-06-08T18:49:02Z,2024-10-09T21:25:17.588681Z,,2021-06-03T21:44:57Z,2021-06-02T16:15:00Z,8.2.0,Out-of-bounds Read in Pillow
pillow,72,GHSA-7r7m-5h27-29hp,BIT-pillow-2021-28676 CVE-2021-28676 PYSEC-2021-92,HIGH,2021-06-08T18:48:53Z,2024-10-14T18:25:51.489802Z,,2021-06-03T21:46:13Z,2021-06-02T16:15:00Z,8.2.0,Potential infinite loop in Pillow
pillow,72,GHSA-8843-m7mw-mxqm,BIT-pillow-2020-10379 CVE-2020-10379 PYSEC-2020-78,HIGH,2020-07-27T21:52:41Z,2025-06-06T15:13:20.298139Z,,2020-07-27T21:51:48Z,2020-06-25T19:15:00Z,7.1.0,Buffer overflow in Pillow
pillow,72,GHSA-8ghj-p4vj-mr35,BIT-pillow-2023-44271 CVE-2023-44271 PYSEC-2023-227,HIGH,2023-11-03T06:36:30Z,2024-10-14T21:23:45.339098Z,,2023-11-03T19:39:43Z,2023-11-03T05:15:30Z,10.0.0,Pillow Denial of Service vulnerability
pillow,72,GHSA-8m9x-pxwq-j236,CVE-2014-3007 PYSEC-2014-87,CRITICAL,2022-05-17T04:45:39Z,2024-10-09T21:11:12.984800Z,,2023-08-16T23:26:35Z,2014-04-27T20:55:00Z,2.5.0,Pillow command injection
pillow,72,GHSA-8v84-f9pq-wr9x,BIT-pillow-2026-54059 CVE-2026-54059 PYSEC-2026-2253,HIGH,2026-07-20T21:08:27Z,2026-09-10T03:51:11.229114807Z,,2026-07-20T21:08:27Z,2026-07-06T19:17:08Z,12.3.0,Pillow `PcfFontFile._load_bitmaps()`: `Image.frombytes()` called without `_decompression_bomb_check()` — bomb protection bypass via PCF font loading
pillow,72,GHSA-8vj2-vxx3-667w,BIT-pillow-2022-22817 CVE-2022-22817 PYSEC-2022-10,CRITICAL,2022-01-12T20:07:33Z,2024-10-14T18:26:08.636369Z,,2022-01-11T18:03:44Z,2022-01-10T14:12:00Z,9.0.1,Arbitrary expression injection in Pillow
pillow,72,GHSA-8xjq-8fcg-g5hw,BIT-pillow-2021-25290 CVE-2021-25290 PYSEC-2021-36,HIGH,2021-03-29T16:35:36Z,2024-10-08T13:23:21.252680Z,,2021-03-22T22:06:28Z,2021-03-19T04:15:00Z,8.1.1,Out-of-bounds Write in Pillow
pillow,72,GHSA-8xjv-v9xq-m5h9,CVE-2016-0775 PYSEC-2016-6,HIGH,2018-07-24T20:15:36Z,2024-10-09T20:25:16.253664Z,,2020-06-16T21:26:56Z,,3.1.1,Pillow Buffer overflow in ImagingFliDecode
pillow,72,GHSA-95q3-8gr9-gm8w,BIT-pillow-2021-27923 CVE-2021-27923 PYSEC-2021-42,HIGH,2021-03-18T19:54:43Z,2025-08-15T14:25:58.420732Z,,2021-03-12T23:37:20Z,2021-03-03T09:15:00Z,8.1.2,Pillow Denial of Service by Uncontrolled Resource Consumption
pillow,72,GHSA-98vv-pw6r-q6q4,BIT-pillow-2021-23437 CVE-2021-23437 PYSEC-2021-317 SNYK-PYTHON-PILLOW-1319443,HIGH,2021-09-07T23:08:10Z,2024-10-09T21:08:55.452380Z,,2021-09-07T15:15:55Z,2021-09-03T16:15:00Z,8.3.2,Uncontrolled Resource Consumption in pillow
pillow,72,GHSA-9hw9-ch79-4vh6,BIT-pillow-2026-59205 CVE-2026-59205 PYSEC-2026-3453,HIGH,2026-07-20T23:19:00Z,2026-09-10T03:51:11.334365483Z,,2026-07-20T23:19:00Z,2026-07-14T16:17:02Z,12.3.0,Pillow: Controlled heap out-of-bounds write in Pillow `ImageCmsTransform.apply()` via output mode mismatch
pillow,72,GHSA-9hx2-hgq2-2g4f,BIT-pillow-2021-25292 CVE-2021-25292 PYSEC-2021-38,MODERATE,2021-03-29T16:35:46Z,2024-10-09T21:24:57.273766Z,,2021-03-22T22:05:35Z,2021-03-19T04:15:00Z,8.1.1,Regular Expression Denial of Service (ReDoS) in Pillow
pillow,72,GHSA-9j59-75qj-795w,BIT-pillow-2022-24303 CVE-2022-24303 PYSEC-2022-168,HIGH,2022-03-11T23:10:32Z,2024-10-14T18:43:28.549080Z,,2022-03-11T23:10:32Z,2022-03-28T02:15:00Z,9.0.1,Path traversal in Pillow
pillow,72,GHSA-cfh3-3jmp-rvhc,BIT-pillow-2026-25990 CVE-2026-25990 PYSEC-2026-2249,HIGH,2026-02-11T14:22:50Z,2026-09-10T03:50:59.393816085Z,,2026-02-11T14:22:50Z,2026-02-11T21:16:20Z,12.1.1,Pillow affected by out-of-bounds write when loading PSD images
pillow,72,GHSA-cfmr-38g9-f2h7,CVE-2014-3589 PYSEC-2014-10,HIGH,2022-05-14T02:05:20Z,2024-10-08T13:23:16.366355Z,,2023-08-16T21:51:21Z,2014-08-25T14:55:00Z,2.3.2 2.5.2,Pillow denial of service via Crafted Block Size
pillow,72,GHSA-cqhg-xjhh-p8hf,BIT-pillow-2020-10177 CVE-2020-10177 PYSEC-2020-76,HIGH,2020-07-27T21:52:43Z,2024-10-09T21:26:00.542395Z,,2020-07-27T21:52:00Z,2020-06-25T19:15:00Z,7.1.0,Out-of-bounds reads in Pillow
pillow,72,GHSA-f4w8-cv6p-x6r5,BIT-pillow-2021-27921 CVE-2021-27921 PYSEC-2021-40,HIGH,2021-03-18T19:55:13Z,2025-08-15T14:26:48.805609Z,,2021-03-12T23:35:22Z,2021-03-03T09:15:00Z,8.1.2,Pillow Denial of Service by Uncontrolled Resource Consumption
pillow,72,GHSA-f5g8-5qq7-938w,BIT-pillow-2020-35653 CVE-2020-35653 PYSEC-2021-69,HIGH,2021-03-18T19:55:41Z,2024-10-08T13:22:43.207345Z,,2021-03-12T23:15:44Z,2021-01-12T09:15:00Z,8.1.0,Pillow Out-of-bounds Read
pillow,72,GHSA-fj7v-r99m-22gq,BIT-pillow-2026-59198 CVE-2026-59198 PYSEC-2026-3494,MODERATE,2026-07-20T23:09:36Z,2026-09-10T03:50:51.891240357Z,,2026-07-20T23:09:36Z,2026-07-14T16:17:01Z,12.3.0,Pillow TGA RLE encoder can serialize up to ~57 KB of adjacent heap data into generated images
pillow,72,GHSA-g6rj-rv7j-xwp4,BIT-pillow-2021-28675 CVE-2021-28675 PYSEC-2021-139,HIGH,2021-06-08T18:49:11Z,2024-10-09T20:23:47.599939Z,,2021-06-03T21:41:46Z,2021-06-02T15:15:00Z,8.2.0,Pillow denial of service
pillow,72,GHSA-h5rf-vgqx-wjv2,CVE-2014-9601 PYSEC-2015-16,HIGH,2022-05-14T02:05:56Z,2024-10-09T21:08:13.244669Z,,2023-08-16T22:08:45Z,2015-01-16T16:59:00Z,2.7.0,Pillow denial of service via PNG bomb
pillow,72,GHSA-hf64-x4gq-p99h,BIT-pillow-2020-35655 CVE-2020-35655 PYSEC-2021-71,MODERATE,2021-03-18T19:55:34Z,2024-10-08T13:23:04.536308Z,,2021-03-12T23:17:03Z,2021-01-12T09:15:00Z,8.1.0,Pillow Out-of-bounds Read
pillow,72,GHSA-hggx-3h72-49ww,CVE-2016-0740 PYSEC-2016-5,MODERATE,2018-07-24T20:03:51Z,2024-10-09T19:46:10.474967Z,,2020-06-16T21:40:09Z,,3.1.1,Pillow Buffer overflow in ImagingLibTiffDecode
pillow,72,GHSA-hj69-c76v-86wr,BIT-pillow-2020-5313 CVE-2020-5313 PYSEC-2020-84,HIGH,2020-04-01T16:36:00Z,2024-10-08T13:02:51.390006Z,,2020-04-01T16:15:16Z,2020-01-03T01:15:00Z,6.2.2,Out-of-bounds Read in Pillow
pillow,72,GHSA-hjfx-8p6c-g7gx,BIT-pillow-2021-28678 CVE-2021-28678 PYSEC-2021-94,MODERATE,2021-06-08T18:49:20Z,2024-10-14T21:48:01.061332Z,,2021-06-03T21:38:37Z,2021-06-02T16:15:00Z,8.2.0,Insufficient Verification of Data Authenticity in Pillow
pillow,72,GHSA-hr8g-f6r6-mr22,BIT-pillow-2022-30595 CVE-2022-30595 PYSEC-2022-43145,HIGH,2022-05-26T00:01:27Z,2024-11-26T18:40:59Z,,2022-06-01T21:22:06Z,2022-05-25T12:15:00Z,9.1.1,Buffer over-flow in Pillow
pillow,72,GHSA-hvr8-466p-75rh,CVE-2016-4009 PYSEC-2016-7,CRITICAL,2018-07-24T20:15:48Z,2024-10-08T13:22:43.044902Z,,2020-06-16T21:41:06Z,,3.1.1,Pillow Integer overflow in ImagingResampleHorizontal
pillow,72,GHSA-j6f7-g425-4gmx,CVE-2014-3598 PYSEC-2015-15,HIGH,2022-05-14T02:05:20Z,2024-11-29T05:39:23.806220Z,,2024-04-29T11:27:37Z,2015-05-01T15:59:00Z,2.5.3,Pillow is vulnerable to Denial of Service (DOS) in the Jpeg2KImagePlugin
pillow,72,GHSA-j7hp-h8jx-5ppr,A-299477569 ASB-A-299477569 CVE-2023-4863 CVE-2023-5129 PYSEC-2026-1794 RUSTSEC-2023-0060 RUSTSEC-2023-0061,HIGH,2023-09-12T15:30:20Z,2026-09-10T03:50:01.877717636Z,,2023-09-14T16:20:50Z,2023-09-12T15:15:24Z,10.0.1,libwebp: OOB write in BuildHuffmanTable
pillow,72,GHSA-j7mj-748x-7p78,CVE-2019-16865 PYSEC-2019-110,HIGH,2019-10-22T14:40:42Z,2024-10-09T21:24:53.635612Z,,2019-10-17T17:43:21Z,,6.2.0,DOS attack in Pillow when processing specially crafted image files
pillow,72,GHSA-jgpv-4h4c-xhw3,,MODERATE,2021-04-23T16:54:36Z,2024-12-02T05:42:54.453520Z,,2021-04-22T17:01:01Z,,8.1.2,Uncontrolled Resource Consumption in pillow
pillow,72,GHSA-jjj6-mw9f-p565,BIT-pillow-2026-59200 CVE-2026-59200 PYSEC-2026-3495,HIGH,2026-07-20T23:11:29Z,2026-09-10T03:50:12.341825852Z,,2026-07-20T23:11:29Z,2026-07-14T17:17:14Z,12.3.0,Pillow: Decompression Bomb DoS via PdfParser.PdfStream.decode()
pillow,72,GHSA-m2vv-5vj5-2hm7,BIT-pillow-2022-45198 CVE-2022-45198 PYSEC-2022-42979,HIGH,2022-11-14T12:00:15Z,2024-10-14T18:39:06.000592Z,,2022-11-22T00:14:54Z,2022-11-14T07:15:00Z,9.2.0,Pillow vulnerable to Data Amplification attack.
pillow,72,GHSA-mvg9-xffr-p774,BIT-pillow-2021-25291 CVE-2021-25291 PYSEC-2021-37,HIGH,2021-03-29T16:35:57Z,2024-10-09T21:25:39.006444Z,,2021-03-22T22:05:25Z,2021-03-19T04:15:00Z,8.2.0,Out of bounds read in Pillow
pillow,72,GHSA-p43w-g3c5-g5mq,BIT-pillow-2021-25293 CVE-2021-25293 PYSEC-2021-39,HIGH,2021-03-29T16:35:27Z,2024-10-09T20:24:39.871914Z,,2021-03-22T22:07:38Z,2021-03-19T04:15:00Z,8.1.1,Out of bounds read in Pillow
pillow,72,GHSA-p49h-hjvm-jg3h,BIT-pillow-2020-5312 CVE-2020-5312 PYSEC-2020-83,CRITICAL,2021-11-03T18:05:04Z,2024-10-08T13:23:23.927728Z,,2021-11-03T17:28:10Z,2020-01-03T01:15:00Z,6.2.2,PCX P mode buffer overflow in Pillow
pillow,72,GHSA-pg7v-jwj7-p798,BIT-pillow-2026-59203 CVE-2026-59203 PYSEC-2026-3452,MODERATE,2026-07-20T23:11:51Z,2026-09-10T03:50:52.876709782Z,,2026-07-20T23:11:51Z,2026-07-14T16:17:02Z,12.3.0,Pillow EpsImagePlugin negative %%BeginBinary byte count causes infinite loop denial of service
pillow,72,GHSA-phj9-mv4w-65pm,BIT-pillow-2026-55380 CVE-2026-55380 PYSEC-2026-2256,HIGH,2026-07-20T21:13:35Z,2026-09-10T03:51:11.734605509Z,,2026-07-20T21:13:35Z,2026-07-06T19:17:08Z,12.3.0,Pillow `GdImageFile._open()`: image dimensions accepted without `_decompression_bomb_check()`
pillow,72,GHSA-pw3c-h7wp-cvhx,BIT-pillow-2022-22815 CVE-2022-22815 PYSEC-2022-8,MODERATE,2022-01-12T20:07:43Z,2024-10-14T18:38:03.414350Z,,2022-01-11T18:02:06Z,2022-01-10T14:12:00Z,9.0.0,Improper Initialization in Pillow
pillow,72,GHSA-pwv6-vv43-88gr,BIT-pillow-2026-42311 CVE-2026-42311 PYSEC-2026-2252,HIGH,2026-05-04T20:20:31Z,2026-09-10T03:50:47.242104143Z,,2026-05-04T20:20:31Z,2026-05-09T06:16:10Z,12.2.0,Pillow has an OOB Write with Invalid PSD Tile Extents (Integer Overflow)
pillow,72,GHSA-q4mp-jvh2-76fj,BIT-pillow-2022-45199 CVE-2022-45199 PYSEC-2022-42980,HIGH,2022-11-14T12:00:15Z,2024-10-14T18:44:08.213946Z,,2022-11-15T13:24:05Z,2022-11-14T07:15:00Z,9.3.0,Pillow subject to DoS via SAMPLESPERPIXEL tag
pillow,72,GHSA-q5hq-fp76-qmrc,BIT-pillow-2021-28677 CVE-2021-28677 PYSEC-2021-93,HIGH,2021-06-08T18:49:36Z,2024-10-14T21:48:17.575679Z,,2021-06-03T21:33:17Z,2021-06-02T16:15:00Z,8.2.0,Uncontrolled Resource Consumption in Pillow
pillow,72,GHSA-r73j-pqj5-w3x7,BIT-pillow-2026-42310 CVE-2026-42310 PYSEC-2026-2874,MODERATE,2026-05-04T20:19:30Z,2026-09-10T03:50:55.309086884Z,,2026-05-04T20:19:30Z,2026-05-09T06:16:10Z,12.2.0,Pillow has a PDF Parsing Trailer Infinite Loop (DoS)
pillow,72,GHSA-r7rm-8j6h-r933,BIT-pillow-2020-5311 CVE-2020-5311 PYSEC-2020-82,CRITICAL,2022-05-24T17:05:33Z,2024-10-08T13:23:04.128649Z,,2022-06-23T18:03:29Z,2020-01-03T01:15:00Z,6.2.2,Buffer Copy without Checking Size of Input in Pillow
pillow,72,GHSA-r854-96gq-rfg3,CVE-2014-1933 PYSEC-2014-23,MODERATE,2020-05-18T17:41:19Z,2025-04-13T23:36:22.968033Z,,2020-05-18T17:41:04Z,2014-04-17T14:55:11Z,2.3.1,Pillow Temporary file name leakage
pillow,72,GHSA-rwr3-c2q8-gm56,CVE-2016-9189 PYSEC-2016-8,MODERATE,2018-07-24T20:08:27Z,2024-10-08T13:22:46.521030Z,,2020-06-16T21:56:09Z,,3.3.2,Pillow Integer overflow in Map.c
pillow,72,GHSA-rwv7-3v45-hg29,BIT-pillow-2021-25288 CVE-2021-25288 PYSEC-2021-138,HIGH,2021-06-08T18:49:28Z,2024-10-09T21:25:47.466845Z,,2021-06-03T21:36:38Z,2021-06-02T16:15:00Z,8.2.0,Pillow Out-of-bounds Read vulnerability
pillow,72,GHSA-v9pc-9mvp-x87g,CVE-2016-3076 PYSEC-2017-92,HIGH,2022-05-17T02:47:20Z,2024-10-09T21:25:28.863663Z,,2024-04-22T22:34:49Z,2017-04-24T18:59:00Z,3.1.2,Pillow Buffer overflow in Jpeg2KEncode.c
pillow,72,GHSA-vcqg-3p29-xw73,BIT-pillow-2020-5310 CVE-2020-5310 PYSEC-2020-81,CRITICAL,2021-11-03T18:04:41Z,2024-10-08T13:22:46.929242Z,,2021-11-03T17:23:34Z,2020-01-03T01:15:00Z,6.2.2,Integer overflow in Pillow
pillow,72,GHSA-vj42-xq3r-hr3r,BIT-pillow-2020-10994 CVE-2020-10994 PYSEC-2020-79,HIGH,2020-07-27T21:52:39Z,2024-10-09T20:01:45.805562Z,,2020-07-27T21:51:26Z,2020-06-25T19:15:00Z,7.1.0,Out-of-bounds reads in Pillow
pillow,72,GHSA-vjc4-5qp5-m44j,BIT-pillow-2026-59204 CVE-2026-59204 PYSEC-2026-3496,HIGH,2026-07-20T23:18:32Z,2026-09-10T03:50:53.107920034Z,,2026-07-20T23:18:32Z,2026-07-14T16:17:02Z,12.3.0,Pillow JPEG2000 tiled decode retains a growing scratch buffer and can be used for denial of service
pillow,72,GHSA-vqcj-wrf2-7v73,BIT-pillow-2020-35654 CVE-2020-35654 PYSEC-2021-70,HIGH,2021-03-18T19:55:27Z,2024-10-14T18:39:21.207820Z,,2021-03-12T23:18:25Z,2021-01-12T09:15:00Z,8.1.0,Pillow Out-of-bounds Write
pillow,72,GHSA-w4vg-rf63-f3j3,CVE-2016-9190 PYSEC-2016-9,HIGH,2018-07-12T14:45:42Z,2024-10-08T13:02:50.775750Z,,2020-06-16T21:59:34Z,,3.3.2,"Arbitrary code using ""crafted image file"" approach affecting Pillow"
pillow,72,GHSA-whj4-6x5x-4v2j,BIT-pillow-2026-40192 CVE-2026-40192 PYSEC-2026-2250,HIGH,2026-04-13T19:22:35Z,2026-09-10T03:51:03.847830288Z,,2026-04-13T19:22:35Z,2026-04-15T23:16:10Z,12.2.0,FITS GZIP decompression bomb in Pillow
pillow,72,GHSA-wjx4-4jcj-g98j,BIT-pillow-2026-42308 CVE-2026-42308 PYSEC-2026-165,MODERATE,2026-05-04T20:18:45Z,2026-09-10T03:50:47.950262681Z,,2026-05-04T20:18:45Z,2026-05-09T06:16:09Z,12.2.0,Pillow has an integer overflow when processing fonts
pillow,72,GHSA-x895-2wrm-hvp7,CVE-2014-1932 PYSEC-2014-22,HIGH,2022-05-17T02:39:13Z,2024-10-09T20:24:22.774135Z,,2023-08-16T22:52:39Z,2014-04-17T14:55:00Z,2.3.1,PIL and Pillow Vulnerable to Symlink Attack on Tmpfiles
pillow,72,GHSA-xg8h-j46f-w952,BIT-pillow-2025-48379 CVE-2025-48379 PYSEC-2025-61,HIGH,2025-07-01T17:29:37Z,2026-09-10T03:50:26.431657121Z,,2025-07-01T17:29:37Z,2025-07-01T19:15:27Z,11.3.0,Pillow vulnerability can cause write buffer overflow on BCn encoding
pillow,72,GHSA-xj96-63gp-2gmr,BIT-pillow-2026-59197 CVE-2026-59197 PYSEC-2026-3454,HIGH,2026-07-20T23:08:58Z,2026-09-10T03:50:53.192759645Z,,2026-07-20T23:08:58Z,2026-07-14T17:17:14Z,12.3.0,Pillow: Heap out-of-bounds write in `ImageFilter.RankFilter` via integer overflow in `ImagingExpand`
pillow,72,GHSA-xrcv-f9gm-v42c,BIT-pillow-2022-22816 CVE-2022-22816 PYSEC-2022-9,MODERATE,2022-01-12T20:07:41Z,2024-10-14T18:38:42.596412Z,,2022-01-11T18:02:58Z,2022-01-10T14:12:00Z,9.0.0,Out-of-bounds Read in Pillow
pillow,72,OSV-2022-1074,,,2022-10-22T00:00:27.668938Z,2022-11-09T00:00:27.669183Z,,,,,Invalid-free in _dealloc
pillow,72,OSV-2022-715,,,2022-08-15T00:00:50.156496Z,2022-10-30T22:16:00Z,,,,,Segv on unknown address in jpeg_read_scanlines
pillow,72,PYSEC-2014-10,CVE-2014-3589 GHSA-cfmr-38g9-f2h7,,2014-08-25T14:55:00Z,2026-06-10T17:02:31.584099399Z,,,,2.3.2 2.5.2,
pillow,72,PYSEC-2014-22,CVE-2014-1932 GHSA-x895-2wrm-hvp7,,2014-04-17T14:55:00Z,2026-06-10T17:02:54.675174686Z,,,,2.3.1,
pillow,72,PYSEC-2014-23,CVE-2014-1933 GHSA-r854-96gq-rfg3,,2014-04-17T14:55:00Z,2023-11-08T03:57:35.856922Z,,,,2.3.1,
pillow,72,PYSEC-2014-87,CVE-2014-3007 GHSA-8m9x-pxwq-j236,,2014-04-27T20:55:00Z,2026-06-10T17:02:29.159885757Z,,,,2.5.0,
pillow,72,PYSEC-2015-15,CVE-2014-3598 GHSA-j6f7-g425-4gmx,,2015-05-01T15:59:00Z,2026-06-10T17:02:29.206078964Z,,,,2.5.3,
pillow,72,PYSEC-2015-16,CVE-2014-9601 GHSA-h5rf-vgqx-wjv2,,2015-01-16T16:59:00Z,2026-06-10T17:02:29.207826113Z,,,,2.7.0,
pillow,72,PYSEC-2016-19,CVE-2016-2533 GHSA-3c5c-7235-994j,,2016-04-13T16:59:00Z,2026-04-09T18:24:24.120962Z,,,,3.1.1,
pillow,72,PYSEC-2016-5,CVE-2016-0740 GHSA-hggx-3h72-49ww,,2016-04-13T16:59:00Z,2023-11-08T03:58:05.992552Z,,,,3.1.1,
pillow,72,PYSEC-2016-6,CVE-2016-0775 GHSA-8xjv-v9xq-m5h9,,2016-04-13T16:59:00Z,2023-11-08T03:58:06.553217Z,,,,3.1.1,
pillow,72,PYSEC-2016-7,CVE-2016-4009 GHSA-hvr8-466p-75rh,,2016-04-13T16:59:00Z,2023-11-08T03:58:28.124806Z,,,,3.1.1,
pillow,72,PYSEC-2016-8,CVE-2016-9189 GHSA-rwr3-c2q8-gm56,,2016-11-04T10:59:00Z,2023-11-08T03:58:38.056533Z,,,,3.3.2,
pillow,72,PYSEC-2016-9,CVE-2016-9190 GHSA-w4vg-rf63-f3j3,,2016-11-04T10:59:00Z,2023-11-08T03:58:38.172599Z,,,,3.3.2,
pillow,72,PYSEC-2017-92,CVE-2016-3076 GHSA-v9pc-9mvp-x87g,,2017-04-24T18:59:00Z,2026-06-10T17:02:29.228891550Z,,,,3.1.2,
pillow,72,PYSEC-2019-110,CVE-2019-16865 GHSA-j7mj-748x-7p78,,2019-10-04T22:15:00Z,2023-11-08T04:01:21.952780Z,,,,6.2.0,
pillow,72,PYSEC-2020-172,CVE-2019-19911 GHSA-5gm3-px64-rw72,,2020-01-05T22:15:00Z,2023-11-08T04:01:29.773452Z,,,,6.2.2,
pillow,72,PYSEC-2020-76,BIT-pillow-2020-10177 CVE-2020-10177 GHSA-cqhg-xjhh-p8hf,,2020-06-25T19:15:00Z,2023-12-06T00:59:58.356689Z,,,,7.1.0,
pillow,72,PYSEC-2020-77,BIT-pillow-2020-10378 CVE-2020-10378 GHSA-3xv8-3j54-hgrp,,2020-06-25T19:15:00Z,2025-06-06T15:13:14.202950Z,,,,7.1.0,
pillow,72,PYSEC-2020-78,BIT-pillow-2020-10379 CVE-2020-10379 GHSA-8843-m7mw-mxqm,,2020-06-25T19:15:00Z,2025-06-06T15:13:20.298139Z,,,,7.1.0,
pillow,72,PYSEC-2020-79,BIT-pillow-2020-10994 CVE-2020-10994 GHSA-vj42-xq3r-hr3r,,2020-06-25T19:15:00Z,2023-12-06T01:00:00.423780Z,,,,7.0.0,
pillow,72,PYSEC-2020-80,BIT-pillow-2020-11538 CVE-2020-11538 GHSA-43fq-w8qq-v88h,,2020-06-25T19:15:00Z,2023-12-06T01:00:02.150254Z,,,,7.1.0,
pillow,72,PYSEC-2020-81,BIT-pillow-2020-5310 CVE-2020-5310 GHSA-vcqg-3p29-xw73,,2020-01-03T01:15:00Z,2023-12-06T01:00:36.189371Z,,,,6.2.2,
pillow,72,PYSEC-2020-82,BIT-pillow-2020-5311 CVE-2020-5311 GHSA-r7rm-8j6h-r933,,2020-01-03T01:15:00Z,2023-12-06T01:00:36.248901Z,,,,6.2.2,
pillow,72,PYSEC-2020-83,BIT-pillow-2020-5312 CVE-2020-5312 GHSA-p49h-hjvm-jg3h,,2020-01-03T01:15:00Z,2023-12-06T01:00:36.307889Z,,,,6.2.2,
pillow,72,PYSEC-2020-84,BIT-pillow-2020-5313 CVE-2020-5313 GHSA-hj69-c76v-86wr,,2020-01-03T01:15:00Z,2023-12-06T01:00:36.368409Z,,,,6.2.2,
pillow,72,PYSEC-2021-137,BIT-pillow-2021-25287 CVE-2021-25287 GHSA-77gc-v2xv-rvvh,,2021-06-02T16:15:00Z,2023-12-06T01:00:57.410419Z,,,,8.2.0,
pillow,72,PYSEC-2021-138,BIT-pillow-2021-25288 CVE-2021-25288 GHSA-rwv7-3v45-hg29,,2021-06-02T16:15:00Z,2023-12-06T01:00:57.469230Z,,,,8.2.0,
pillow,72,PYSEC-2021-139,BIT-pillow-2021-28675 CVE-2021-28675 GHSA-g6rj-rv7j-xwp4,,2021-06-02T15:15:00Z,2023-12-06T01:01:01.804750Z,,,,8.2.0,
pillow,72,PYSEC-2021-317,BIT-pillow-2021-23437 CVE-2021-23437 GHSA-98vv-pw6r-q6q4 SNYK-PYTHON-PILLOW-1319443,,2021-09-03T16:15:00Z,2023-12-06T01:00:56.992827Z,,,,8.3.2,
pillow,72,PYSEC-2021-331,BIT-pillow-2021-34552 CVE-2021-34552 GHSA-7534-mm45-c74v,,2021-07-13T17:15:00Z,2023-12-06T01:01:17.659994Z,,,,8.3.0,
pillow,72,PYSEC-2021-35,BIT-pillow-2021-25289 CVE-2021-25289 GHSA-57h3-9rgr-c24m,,2021-03-19T04:15:00Z,2023-12-06T01:00:57.530328Z,,,,8.1.1,
pillow,72,PYSEC-2021-36,BIT-pillow-2021-25290 CVE-2021-25290 GHSA-8xjq-8fcg-g5hw,,2021-03-19T04:15:00Z,2023-12-06T01:00:57.594160Z,,,,8.1.1,
pillow,72,PYSEC-2021-37,BIT-pillow-2021-25291 CVE-2021-25291 GHSA-mvg9-xffr-p774,,2021-03-19T04:15:00Z,2023-12-06T01:00:57.655070Z,,,,8.1.1,
pillow,72,PYSEC-2021-38,BIT-pillow-2021-25292 CVE-2021-25292 GHSA-9hx2-hgq2-2g4f,,2021-03-19T04:15:00Z,2023-12-06T01:00:57.715274Z,,,,8.1.1,
pillow,72,PYSEC-2021-39,BIT-pillow-2021-25293 CVE-2021-25293 GHSA-p43w-g3c5-g5mq,,2021-03-19T04:15:00Z,2023-12-06T01:00:57.774707Z,,,,8.1.1,
pillow,72,PYSEC-2021-40,BIT-pillow-2021-27921 CVE-2021-27921 GHSA-f4w8-cv6p-x6r5,,2021-03-03T09:15:00Z,2023-12-06T01:00:59.774190Z,,,,8.1.1,
pillow,72,PYSEC-2021-41,BIT-pillow-2021-27922 CVE-2021-27922 GHSA-3wvg-mj6g-m9cv,,2021-03-03T09:15:00Z,2023-12-06T01:00:59.834667Z,,,,8.1.1,
pillow,72,PYSEC-2021-42,BIT-pillow-2021-27923 CVE-2021-27923 GHSA-95q3-8gr9-gm8w,,2021-03-03T09:15:00Z,2023-12-06T01:00:59.895861Z,,,,8.1.1,
pillow,72,PYSEC-2021-69,BIT-pillow-2020-35653 CVE-2020-35653 GHSA-f5g8-5qq7-938w,,2021-01-12T09:15:00Z,2023-12-06T01:00:33.361922Z,,,,8.1.0,
pillow,72,PYSEC-2021-70,BIT-pillow-2020-35654 CVE-2020-35654 GHSA-vqcj-wrf2-7v73,,2021-01-12T09:15:00Z,2023-12-06T01:00:33.419964Z,,,,8.1.0,
pillow,72,PYSEC-2021-71,BIT-pillow-2020-35655 CVE-2020-35655 GHSA-hf64-x4gq-p99h,,2021-01-12T09:15:00Z,2023-12-06T01:00:33.478747Z,,,,8.1.0,
pillow,72,PYSEC-2021-92,BIT-pillow-2021-28676 CVE-2021-28676 GHSA-7r7m-5h27-29hp,,2021-06-02T16:15:00Z,2023-12-06T01:01:01.865326Z,,,,8.2.0,
pillow,72,PYSEC-2021-93,BIT-pillow-2021-28677 CVE-2021-28677 GHSA-q5hq-fp76-qmrc,,2021-06-02T16:15:00Z,2023-12-06T01:01:01.924504Z,,,,8.2.0,
pillow,72,PYSEC-2021-94,BIT-pillow-2021-28678 CVE-2021-28678 GHSA-hjfx-8p6c-g7gx,,2021-06-02T16:15:00Z,2023-12-06T01:01:01.984751Z,,,,8.2.0,
pillow,72,PYSEC-2022-10,BIT-pillow-2022-22817 CVE-2022-22817 GHSA-8vj2-vxx3-667w,,2022-01-10T14:12:00Z,2023-12-06T01:01:58.166055Z,,,,9.0.0,
pillow,72,PYSEC-2022-168,BIT-pillow-2022-24303 CVE-2022-24303 GHSA-9j59-75qj-795w,,2022-03-28T02:15:00Z,2023-12-06T01:02:03.848876Z,,,,9.0.1,
pillow,72,PYSEC-2022-42979,BIT-pillow-2022-45198 CVE-2022-45198 GHSA-m2vv-5vj5-2hm7,,2022-11-14T07:15:00Z,2026-06-10T17:02:31.598361984Z,,,,9.2.0,
pillow,72,PYSEC-2022-42980,BIT-pillow-2022-45199 CVE-2022-45199 GHSA-q4mp-jvh2-76fj,,2022-11-14T07:15:00Z,2026-06-10T17:02:31.598026305Z,,,,9.3.0,
pillow,72,PYSEC-2022-43145,BIT-pillow-2022-30595 CVE-2022-30595 GHSA-hr8g-f6r6-mr22,,2022-05-25T12:15:00Z,2024-11-25T22:42:00.503393Z,,,,9.1.1,
pillow,72,PYSEC-2022-8,BIT-pillow-2022-22815 CVE-2022-22815 GHSA-pw3c-h7wp-cvhx,,2022-01-10T14:12:00Z,2023-12-06T01:01:58.043772Z,,,,9.0.0,
pillow,72,PYSEC-2022-9,BIT-pillow-2022-22816 CVE-2022-22816 GHSA-xrcv-f9gm-v42c,,2022-01-10T14:12:00Z,2023-12-06T01:01:58.105368Z,,,,9.0.0,
pillow,72,PYSEC-2023-175,,,2023-09-20T05:29:33Z,2026-02-04T03:22:30.928037Z,,,,10.0.1,
pillow,72,PYSEC-2023-227,BIT-pillow-2023-44271 CVE-2023-44271 GHSA-8ghj-p4vj-mr35,,2023-11-03T05:15:00Z,2026-06-10T17:02:31.597832523Z,,,,10.0.0,
pillow,72,PYSEC-2025-61,BIT-pillow-2025-48379 CVE-2025-48379 GHSA-xg8h-j46f-w952,,2025-07-01T19:15:27Z,2025-07-07T14:12:46.226030Z,,,,11.3.0,
pillow,72,PYSEC-2026-165,BIT-pillow-2026-42308 CVE-2026-42308 GHSA-wjx4-4jcj-g98j,,2026-05-09T06:16:09.793Z,2026-05-27T13:56:18.230226284Z,,,,12.2.0,
pillow,72,PYSEC-2026-1793,BIT-pillow-2024-28219 CVE-2024-28219 GHSA-44wm-f244-xhp3,,2026-07-07T11:45:37.253510Z,2026-07-07T17:57:00.234584017Z,,,,10.3.0,Pillow buffer overflow vulnerability
pillow,72,PYSEC-2026-1794,A-299477569 ASB-A-299477569 CVE-2023-4863 CVE-2023-5129 GHSA-j7hp-h8jx-5ppr RUSTSEC-2023-0060 RUSTSEC-2023-0061,,2026-07-07T11:45:24.102852Z,2026-07-07T17:56:20.858779255Z,,,,10.0.1,libwebp: OOB write in BuildHuffmanTable
pillow,72,PYSEC-2026-2249,BIT-pillow-2026-25990 CVE-2026-25990 GHSA-cfh3-3jmp-rvhc,,2026-02-11T21:16:20.670Z,2026-07-13T07:26:49.514806069Z,,,,12.1.1,
pillow,72,PYSEC-2026-2250,BIT-pillow-2026-40192 CVE-2026-40192 GHSA-whj4-6x5x-4v2j,,2026-04-15T23:16:10.053Z,2026-07-13T07:26:24.246094941Z,,,,12.2.0,
pillow,72,PYSEC-2026-2251,BIT-pillow-2026-42309 CVE-2026-42309 GHSA-5xmw-vc9v-4wf2,,2026-05-09T06:16:10.073Z,2026-07-13T07:26:28.768890335Z,,,,12.2.0,
pillow,72,PYSEC-2026-2252,BIT-pillow-2026-42311 CVE-2026-42311 GHSA-pwv6-vv43-88gr,,2026-05-09T06:16:10.430Z,2026-07-13T07:26:52.198871129Z,,,,12.2.0,
pillow,72,PYSEC-2026-2253,BIT-pillow-2026-54059 CVE-2026-54059 GHSA-8v84-f9pq-wr9x,,2026-07-06T19:17:08.127Z,2026-07-13T07:26:49.281845979Z,,,,12.3.0,
pillow,72,PYSEC-2026-2254,BIT-pillow-2026-54060 CVE-2026-54060 GHSA-5x94-69rx-g8h2,,2026-07-06T19:17:08.270Z,2026-07-13T07:26:56.196935469Z,,,,12.3.0,
pillow,72,PYSEC-2026-2255,BIT-pillow-2026-55379 CVE-2026-55379 GHSA-45hq-cxwh-f6vc,,2026-07-06T19:17:08.577Z,2026-07-13T07:26:26.726353373Z,,,,12.3.0,
pillow,72,PYSEC-2026-2256,BIT-pillow-2026-55380 CVE-2026-55380 GHSA-phj9-mv4w-65pm,,2026-07-06T19:17:08.703Z,2026-07-13T07:26:17.085341343Z,,,,12.3.0,
pillow,72,PYSEC-2026-2257,BIT-pillow-2026-55798 CVE-2026-55798 GHSA-4x4j-2g7c-83w6,,2026-07-06T19:17:08.830Z,2026-07-13T07:26:48.229039344Z,,,,12.3.0,
pillow,72,PYSEC-2026-2874,BIT-pillow-2026-42310 CVE-2026-42310 GHSA-r73j-pqj5-w3x7,,2026-07-13T15:02:57.093476Z,2026-07-13T16:42:37.358429541Z,,,,12.2.0,Pillow has a PDF Parsing Trailer Infinite Loop (DoS)
pillow,72,PYSEC-2026-3451,BIT-pillow-2026-59199 CVE-2026-59199 GHSA-6r8x-57c9-28j4,,2026-07-14T16:17:01.937Z,2026-07-15T20:11:36.266805254Z,,,,12.3.0,
pillow,72,PYSEC-2026-3452,BIT-pillow-2026-59203 CVE-2026-59203 GHSA-pg7v-jwj7-p798,,2026-07-14T16:17:02.063Z,2026-07-15T20:11:27.953713427Z,,,,12.3.0,
pillow,72,PYSEC-2026-3453,BIT-pillow-2026-59205 CVE-2026-59205 GHSA-9hw9-ch79-4vh6,,2026-07-14T16:17:02.370Z,2026-07-15T20:11:15.582336837Z,,,,12.3.0,
pillow,72,PYSEC-2026-3454,BIT-pillow-2026-59197 CVE-2026-59197 GHSA-xj96-63gp-2gmr,,2026-07-14T17:17:14.487Z,2026-07-22T11:11:36.231472645Z,,,,12.3.0,
pillow,72,PYSEC-2026-3493,BIT-pillow-2026-54058 CVE-2026-54058 GHSA-62p4-gmf7-7g93,,2026-07-23T11:41:47.654008Z,2026-07-23T15:11:42.568996050Z,,,,12.3.0,Pillow: Out-of-bounds read via attacker-controlled row stride on Pillow's mmap path (McIdas AREA files)
pillow,72,PYSEC-2026-3494,BIT-pillow-2026-59198 CVE-2026-59198 GHSA-fj7v-r99m-22gq,,2026-07-23T11:41:47.966667Z,2026-07-23T15:11:28.382441947Z,,,,12.3.0,Pillow TGA RLE encoder can serialize up to ~57 KB of adjacent heap data into generated images
pillow,72,PYSEC-2026-3495,BIT-pillow-2026-59200 CVE-2026-59200 GHSA-jjj6-mw9f-p565,,2026-07-23T11:41:48.075769Z,2026-07-23T15:11:28.034031834Z,,,,12.3.0,Pillow: Decompression Bomb DoS via PdfParser.PdfStream.decode()
pillow,72,PYSEC-2026-3496,BIT-pillow-2026-59204 CVE-2026-59204 GHSA-vjc4-5qp5-m44j,,2026-07-23T11:41:48.190567Z,2026-07-23T15:11:20.720915099Z,,,,12.3.0,Pillow JPEG2000 tiled decode retains a growing scratch buffer and can be used for denial of service
pillow,72,PYSEC-2026-457,BIT-pillow-2023-50447 CVE-2023-50447 GHSA-3f63-hfp8-52jq,,2026-06-29T11:50:41.331802Z,2026-07-01T20:23:00.296282Z,,,,10.2.0,Arbitrary Code Execution in Pillow
zipp,78,GHSA-jfmj-5v4g-7637,CVE-2024-5569 PYSEC-2026-2074,MODERATE,2024-07-09T00:31:40Z,2026-09-10T03:49:18.747455573Z,,2024-07-09T17:25:54Z,2024-07-09T00:15:02Z,3.19.1,zipp Denial of Service vulnerability
zipp,78,PYSEC-2026-2074,CVE-2024-5569 GHSA-jfmj-5v4g-7637,,2026-07-07T14:34:36.616482Z,2026-07-07T17:48:17.171146333Z,,,,3.19.1,zipp Denial of Service vulnerability
virtualenv,81,GHSA-3jhc-wjqf-5f2c,CVE-2011-4617 PYSEC-2011-23,MODERATE,2022-05-17T05:35:07Z,2024-11-18T23:23:05.684284Z,,2024-01-19T17:40:42Z,2011-12-31T01:55:00Z,1.5,Virtualenv Allows Symlink Attack on /tmp/
virtualenv,81,GHSA-597g-3phw-6986,BIT-virtualenv-2026-22702 CVE-2026-22702 PYSEC-2026-2009,MODERATE,2026-01-13T18:45:57Z,2026-09-10T03:50:32.732715893Z,,2026-01-13T18:45:57Z,2026-01-10T07:16:02Z,20.36.1,virtualenv Has TOCTOU Vulnerabilities in Directory Creation
virtualenv,81,GHSA-rqc4-2hc7-8c8v,BIT-virtualenv-2024-53899 CVE-2024-53899 PYSEC-2024-187,HIGH,2024-11-24T18:31:39Z,2026-09-10T03:50:56.097648777Z,,2025-01-13T17:01:51Z,2024-11-24T16:15:06Z,20.26.6,virtualenv allows command injection through activation scripts for a virtual environment
virtualenv,81,PYSEC-2011-23,CVE-2011-4617 GHSA-3jhc-wjqf-5f2c,,2011-12-31T01:55:00Z,2026-06-10T17:02:46.281359072Z,,,,1.5,
virtualenv,81,PYSEC-2024-187,BIT-virtualenv-2024-53899 CVE-2024-53899 GHSA-rqc4-2hc7-8c8v,,2024-11-24T16:15:06Z,2026-06-10T17:02:47.269303411Z,,,,20.26.6,
virtualenv,81,PYSEC-2026-2009,BIT-virtualenv-2026-22702 CVE-2026-22702 GHSA-597g-3phw-6986,,2026-07-07T16:03:18.266289Z,2026-07-07T17:57:28.238961214Z,,,,20.36.1,virtualenv Has TOCTOU Vulnerabilities in Directory Creation
pydantic-settings,83,GHSA-4xgf-cpjx-pc3j,CVE-2026-58203,MODERATE,2026-06-19T22:10:42Z,2026-09-10T03:50:48.282428168Z,,2026-06-19T22:10:42Z,,2.14.2,"pydantic-settings: NestedSecretsSettingsSource follows symlinks outside secrets_dir, enabling local file read and bypassing secrets_dir_max_size"
pyarrow,95,GHSA-5wvp-7f3h-6wmm,CVE-2023-47248 PYSEC-2023-238,CRITICAL,2023-11-09T09:30:26Z,2026-09-10T03:50:04.164494775Z,,2023-11-09T22:18:21Z,2023-11-09T09:15:08Z,14.0.1,PyArrow: Arbitrary code execution when loading a malicious data file
pyarrow,95,GHSA-8cw2-jv5c-c825,CVE-2019-12408 PYSEC-2019-195,HIGH,2022-05-24T17:00:40Z,2024-10-21T21:26:52.318112Z,,2022-06-28T14:36:34Z,2019-11-08T19:15:00Z,0.15.1,Missing Initialization of Resource in Apache Arrow
pyarrow,95,GHSA-cjw4-2w9r-r8mv,CVE-2019-12410 PYSEC-2019-196,HIGH,2022-05-24T17:00:40Z,2024-10-21T20:26:49.848433Z,,2022-06-28T14:36:30Z,2019-11-08T19:15:00Z,0.15.1,Missing Initialization of Resource in Apache Arrow
pyarrow,95,GHSA-rgxp-2hwp-jwgg,CVE-2026-25087 PYSEC-2026-113,HIGH,2026-02-17T15:31:35Z,2026-09-10T03:50:35.750182003Z,,2026-06-05T21:39:35Z,2026-02-17T14:16:01Z,23.0.1,Apache Arrow: Potential use-after-free when reading IPC file with pre-buffering
pyarrow,95,PYSEC-2019-195,CVE-2019-12408 GHSA-8cw2-jv5c-c825,,2019-11-08T19:15:00Z,2026-06-10T17:01:39.667400278Z,,,,0.15.0,
pyarrow,95,PYSEC-2019-196,CVE-2019-12410 GHSA-cjw4-2w9r-r8mv,,2019-11-08T19:15:00Z,2023-11-08T04:01:04.600457Z,,,,0.15.0,
pyarrow,95,PYSEC-2023-238,CVE-2023-47248 GHSA-5wvp-7f3h-6wmm,,2023-11-17T17:41:59Z,2023-11-20T09:26:47.189113Z,,,,14.0.1,
pyarrow,95,PYSEC-2024-161,CVE-2024-52338,,2024-11-28T17:15:48Z,2025-01-14T05:57:19.017909Z,,,,17.0.0,
pyarrow,95,PYSEC-2026-113,CVE-2026-25087 GHSA-rgxp-2hwp-jwgg,,2026-02-17T14:16:01.947Z,2026-06-10T17:01:40.430051819Z,,,,23.0.1,
python-multipart,96,GHSA-2jv5-9r88-3w3p,CVE-2024-24762 GHSA-qf9m-vfgh-m389 PYSEC-2024-38 PYSEC-2026-1850,HIGH,2024-02-12T17:28:12Z,2026-09-10T03:50:05.199982721Z,,2024-02-12T17:28:12Z,,0.0.7,python-multipart vulnerable to Content-Type Header ReDoS
python-multipart,96,GHSA-59g5-xgcq-4qw3,CVE-2024-53981 PYSEC-2026-1851,HIGH,2024-12-02T21:37:04Z,2026-09-10T03:50:21.270678783Z,,2024-12-02T21:37:04Z,2024-12-02T16:15:14Z,0.0.18,Denial of service (DoS) via deformation `multipart/form-data` boundary
python-multipart,96,GHSA-5rvq-cxj2-64vf,CVE-2026-53539 PYSEC-2026-3036,HIGH,2026-06-15T20:24:09Z,2026-09-10T03:50:48.426087467Z,,2026-06-15T20:24:09Z,,0.0.30,python-multipart: Quadratic-time querystring parsing with semicolon separators causes CPU denial of service
python-multipart,96,GHSA-6jv3-5f52-599m,CVE-2026-53538 PYSEC-2026-3037,LOW,2026-06-15T20:22:25Z,2026-09-10T03:51:07.925895532Z,,2026-06-15T20:22:25Z,,0.0.30,python-multipart: Semicolon treated as querystring field separator enables parameter smuggling
python-multipart,96,GHSA-mj87-hwqh-73pj,CVE-2026-40347 PYSEC-2026-3038,MODERATE,2026-04-15T19:45:44Z,2026-09-10T03:51:02.322677211Z,,2026-04-15T19:45:44Z,2026-04-18T00:16:38Z,0.0.26,python-multipart affected by Denial of Service via large multipart preamble or epilogue data
python-multipart,96,GHSA-pp6c-gr5w-3c5g,CVE-2026-42561 PYSEC-2026-3039,HIGH,2026-05-06T21:56:14Z,2026-09-10T03:50:47.215892833Z,,2026-05-06T21:56:14Z,2026-05-13T21:16:47Z,0.0.27,python-multipart has Denial of Service via unbounded multipart part headers
python-multipart,96,GHSA-v9pg-7xvm-68hf,CVE-2026-53540 PYSEC-2026-3040,LOW,2026-06-15T20:23:45Z,2026-09-10T03:50:50.590441047Z,,2026-06-15T20:23:45Z,,0.0.31,python-multipart: Negative Content-Length in parse_form buffers the entire body in memory
python-multipart,96,GHSA-vffw-93wf-4j4q,CVE-2026-53537 PYSEC-2026-3041,LOW,2026-06-15T20:20:51Z,2026-09-10T03:50:50.585695996Z,,2026-06-15T20:20:51Z,2026-06-22T18:16:44Z,0.0.30,python-multipart: Content-Disposition parameter smuggling via RFC 2231/5987 extended parameters
python-multipart,96,GHSA-wp53-j4wj-2cfg,CVE-2026-24486 PYSEC-2026-1852,HIGH,2026-01-26T23:28:05Z,2026-09-10T03:50:59.359593372Z,,2026-01-26T23:28:05Z,2026-01-27T01:16:02Z,0.0.22,Python-Multipart has Arbitrary File Write via Non-Default Configuration
python-multipart,96,PYSEC-2026-1850,CVE-2024-24762 GHSA-2jv5-9r88-3w3p GHSA-qf9m-vfgh-m389 PYSEC-2024-38,,2026-07-07T11:45:32.513395Z,2026-07-07T17:56:49.144644089Z,,,,0.0.7,python-multipart vulnerable to Content-Type Header ReDoS
python-multipart,96,PYSEC-2026-1851,CVE-2024-53981 GHSA-59g5-xgcq-4qw3,,2026-07-07T14:34:46.120148Z,2026-07-07T17:48:07.212662534Z,,,,0.0.18,Denial of service (DoS) via deformation `multipart/form-data` boundary
python-multipart,96,PYSEC-2026-1852,CVE-2026-24486 GHSA-wp53-j4wj-2cfg,,2026-07-07T16:03:20.509610Z,2026-07-07T17:48:07.217083848Z,,,,0.0.22,Python-Multipart has Arbitrary File Write via Non-Default Configuration
python-multipart,96,PYSEC-2026-3036,CVE-2026-53539 GHSA-5rvq-cxj2-64vf,,2026-07-13T15:46:17.364140Z,2026-07-13T16:33:29.036422056Z,,,,0.0.30,python-multipart: Quadratic-time querystring parsing with semicolon separators causes CPU denial of service
python-multipart,96,PYSEC-2026-3037,CVE-2026-53538 GHSA-6jv3-5f52-599m,,2026-07-13T15:46:17.263527Z,2026-07-13T16:33:29.021693741Z,,,,0.0.30,python-multipart: Semicolon treated as querystring field separator enables parameter smuggling
python-multipart,96,PYSEC-2026-3038,CVE-2026-40347 GHSA-mj87-hwqh-73pj,,2026-07-13T15:02:48.004841Z,2026-07-13T16:33:29.086443165Z,,,,0.0.26,python-multipart affected by Denial of Service via large multipart preamble or epilogue data
python-multipart,96,PYSEC-2026-3039,CVE-2026-42561 GHSA-pp6c-gr5w-3c5g,,2026-07-13T15:15:39.936658Z,2026-07-13T16:33:29.070412322Z,,,,0.0.27,python-multipart has Denial of Service via unbounded multipart part headers
python-multipart,96,PYSEC-2026-3040,CVE-2026-53540 GHSA-v9pg-7xvm-68hf,,2026-07-13T15:46:17.309964Z,2026-07-13T16:33:29.088234122Z,,,,0.0.31,python-multipart: Negative Content-Length in parse_form buffers the entire body in memory
python-multipart,96,PYSEC-2026-3041,CVE-2026-53537 GHSA-vffw-93wf-4j4q,,2026-07-13T15:46:17.215883Z,2026-07-13T16:33:29.205974608Z,,,,0.0.30,python-multipart: Content-Disposition parameter smuggling via RFC 2231/5987 extended parameters
grpcio,99,GHSA-496j-2rq6-j6cc,CVE-2023-33953 PYSEC-2026-1424,HIGH,2023-08-09T15:30:15Z,2026-07-07T17:57:05.612219692Z,,2024-07-30T10:26:43Z,2023-08-09T13:15:09Z,1.53.2 1.54.3 1.55.2 1.56.2,Excessive Iteration in gRPC
grpcio,99,GHSA-6628-q6j9-w8vg,CVE-2023-1428 PYSEC-2026-1425,HIGH,2023-07-06T21:15:08Z,2026-09-10T03:49:54.880238612Z,,2023-07-06T23:56:28Z,2023-06-09T11:15:09Z,1.53.0,gRPC Reachable Assertion issue
grpcio,99,GHSA-9hxf-ppjv-w6rq,CVE-2023-32732 PYSEC-2026-1426,MODERATE,2023-07-06T21:15:08Z,2026-09-10T03:49:57.444519346Z,,2023-07-06T23:56:31Z,2023-06-09T11:15:09Z,1.53.1 1.54.2,gRPC connection termination issue
grpcio,99,GHSA-cfgp-2977-2fmm,CVE-2023-32731 PYSEC-2026-1427,HIGH,2023-07-05T19:12:51Z,2026-09-10T03:49:57.873321723Z,,2023-07-05T20:26:48Z,2023-06-09T11:15:09Z,1.53.1 1.54.2,Connection confusion in gRPC
grpcio,99,GHSA-p25m-jpj4-qcrr,CVE-2023-4785 PYSEC-2026-1428,HIGH,2023-09-13T18:31:26Z,2026-09-10T03:49:58.731823990Z,,2024-02-02T20:42:27Z,2023-09-13T17:15:10Z,1.55.3 1.54.3 1.53.2,Denial of Service Vulnerability in gRPC TCP Server (Posix-compatible platforms)
grpcio,99,PYSEC-2017-101,CVE-2017-8359,,2017-04-30T17:59:00Z,2023-11-08T03:59:27.803334Z,,,,1.3.0,
grpcio,99,PYSEC-2026-1424,CVE-2023-33953 GHSA-496j-2rq6-j6cc,,2026-07-07T11:45:22.144608Z,2026-07-07T17:47:41.894319032Z,,,,1.53.2 1.54.3 1.55.2 1.56.2,Excessive Iteration in gRPC
grpcio,99,PYSEC-2026-1425,CVE-2023-1428 GHSA-6628-q6j9-w8vg,,2026-07-07T11:45:20.615704Z,2026-07-07T17:47:41.795733660Z,,,,1.53.0,gRPC Reachable Assertion issue
grpcio,99,PYSEC-2026-1426,CVE-2023-32732 GHSA-9hxf-ppjv-w6rq,,2026-07-07T11:45:20.840192Z,2026-07-07T17:47:41.848620701Z,,,,1.53.1 1.54.2,gRPC connection termination issue
grpcio,99,PYSEC-2026-1427,CVE-2023-32731 GHSA-cfgp-2977-2fmm,,2026-07-07T11:45:19.959086Z,2026-07-07T17:47:41.821414149Z,,,,1.53.1 1.54.2,Connection confusion in gRPC
grpcio,99,PYSEC-2026-1428,CVE-2023-4785 GHSA-p25m-jpj4-qcrr,,2026-07-07T11:45:24.303647Z,2026-07-07T17:47:41.898069367Z,,,,1.55.3 1.54.3 1.53.2,Denial of Service Vulnerability in gRPC TCP Server (Posix-compatible platforms)
soupsieve,100,GHSA-2wc2-fm75-p42x,CVE-2026-49476 PYSEC-2026-3071,HIGH,2026-07-09T13:37:40Z,2026-09-10T03:50:51.299551127Z,,2026-07-09T13:37:40Z,,2.8.4,Soup Sieve has Memory Exhaustion via Large Comma-Separated Selector Lists
soupsieve,100,GHSA-836r-79rf-4m37,CVE-2026-49477 PYSEC-2026-3072,HIGH,2026-07-09T13:37:46Z,2026-09-10T03:51:10.949295830Z,,2026-07-09T13:37:46Z,,2.8.4,Soup Sieve: Regular Expression Denial of Service (ReDoS) via Selector Parser
soupsieve,100,GHSA-gjv8-xp57-g29c,CVE-2026-86000,MODERATE,2026-09-17T20:32:58Z,2026-09-17T20:45:06.589610839Z,,2026-09-17T20:32:58Z,2026-09-17T16:18:16Z,2.9.0,Soup Sieve: Polynomial-time ReDoS (O(n²)) in the `IDENTIFIER` / `VALUE` selector sub-patterns
soupsieve,100,GHSA-j934-xhv5-fg8f,CVE-2026-85999,MODERATE,2026-09-17T20:32:53Z,2026-09-17T20:45:05.791958465Z,,2026-09-17T20:32:53Z,2026-09-17T16:18:16Z,2.9.0,Soup Sieve: Polynomial-time ReDoS (O(n²)) in the whitespace/comment trimming regex `RE_WS_END` (triggers on VALID selectors)
soupsieve,100,PYSEC-2026-3071,CVE-2026-49476 GHSA-2wc2-fm75-p42x,,2026-07-13T15:46:30.039329Z,2026-07-13T16:31:33.701425500Z,,,,2.8.4,Soup Sieve has Memory Exhaustion via Large Comma-Separated Selector Lists
soupsieve,100,PYSEC-2026-3072,CVE-2026-49477 GHSA-836r-79rf-4m37,,2026-07-13T15:46:30.094646Z,2026-07-13T16:31:33.705856864Z,,,,2.8.4,Soup Sieve: Regular Expression Denial of Service (ReDoS) via Selector Parser
sqlalchemy,104,GHSA-38fc-9xqv-7f7q,CVE-2019-7548 PYSEC-2019-124,CRITICAL,2019-04-16T15:50:39Z,2024-10-28T14:44:28.684092Z,,2020-06-16T20:54:34Z,2019-02-06T21:29:00Z,1.2.19,SQLAlchemy is vulnerable to SQL Injection via group_by parameter 
sqlalchemy,104,GHSA-887w-45rq-vxgf,CVE-2019-7164 PYSEC-2019-123,CRITICAL,2019-04-16T15:50:41Z,2026-06-09T18:41:13Z,,2020-06-16T21:24:54Z,2019-02-20T00:29:00Z,1.3.0b3,SQLAlchemy vulnerable to SQL Injection via order_by parameter
sqlalchemy,104,GHSA-hfg2-wf6j-x53p,CVE-2012-0805 PYSEC-2012-9,CRITICAL,2022-05-14T03:49:27Z,2024-10-28T15:04:29.386399Z,,2024-04-30T08:33:05Z,2012-06-05T22:55:00Z,0.7.0b4,SQLAlchemy vulnerable to SQL injection
sqlalchemy,104,PYSEC-2012-9,CVE-2012-0805 GHSA-hfg2-wf6j-x53p,,2012-06-05T22:55:00Z,2026-06-10T17:02:41.761007706Z,,,,0.7.0,
sqlalchemy,104,PYSEC-2019-123,CVE-2019-7164 GHSA-887w-45rq-vxgf,,2019-02-20T00:29:00Z,2026-06-09T17:00:05.645958339Z,,,,1.3.0b3,
sqlalchemy,104,PYSEC-2019-124,CVE-2019-7548 GHSA-38fc-9xqv-7f7q,,2019-02-06T21:29:00Z,2023-11-08T04:01:38.796449Z,,,,1.2.18,
scipy,106,GHSA-xp76-357g-9wqq,CVE-2013-4251 PYSEC-2019-156,HIGH,2022-05-05T00:28:59Z,2024-10-22T17:10:52.066559Z,,2024-04-29T09:54:20Z,2019-11-04T20:15:00Z,0.12.1,SciPy creates insecure temporary directories
scipy,106,PYSEC-2019-156,CVE-2013-4251 GHSA-xp76-357g-9wqq,,2019-11-04T20:15:00Z,2026-06-10T17:02:46.015942867Z,,,,0.12.1,
scipy,106,PYSEC-2023-102,CVE-2023-25399 GHSA-9jx5-6pgf-crrp,,2023-07-05T17:15:00Z,2026-06-10T17:11:23.230726715Z,,,,1.10.0,
scipy,106,PYSEC-2023-114,CVE-2023-29824 GHSA-jrfm-2h82-xg28,,2023-07-06T21:15:00Z,2026-06-10T17:11:12.706043830Z,,,,1.8.0,
lxml,109,GHSA-55x5-fj6c-h6m8,CVE-2021-43818 PYSEC-2021-852,MODERATE,2021-12-13T18:14:36Z,2026-07-08T06:28:08.789724998Z,,2021-12-13T18:12:54Z,2021-12-13T18:15:00Z,4.6.5,lxml's HTML Cleaner allows crafted and SVG embedded scripts to pass through
lxml,109,GHSA-57qw-cc2g-pv5p,CVE-2014-3146 PYSEC-2014-9,MODERATE,2022-05-14T04:01:59Z,2024-09-30T17:23:00.823195Z,,2023-08-04T20:12:48Z,2014-05-14T19:55:00Z,3.3.5,lxml Cross-site Scripting Via Control Characters
lxml,109,GHSA-jq4v-f5q6-mjqq,CVE-2021-28957 PYSEC-2021-19,MODERATE,2021-03-22T16:53:53Z,2024-09-30T17:01:18.596416Z,,2021-03-22T16:52:59Z,2021-03-21T05:15:00Z,4.6.3,lxml vulnerable to Cross-Site Scripting 
lxml,109,GHSA-pgww-xf46-h92r,CVE-2020-27783 PYSEC-2020-62,MODERATE,2021-01-07T21:54:01Z,2025-12-20T05:25:57.674445Z,,2021-01-07T21:53:43Z,2020-12-03T17:15:00Z,4.6.2,lxml vulnerable to Cross-site Scripting
lxml,109,GHSA-vfmq-68hx-4jfw,CVE-2026-41066 PYSEC-2026-87,HIGH,2026-04-21T20:38:44Z,2026-09-10T03:51:03.302383702Z,,2026-04-21T20:38:44Z,2026-04-24T17:16:20Z,6.1.0,lxml: Default configuration of iterparse() and ETCompatXMLParser() allows XXE to local files
lxml,109,GHSA-wrxv-2j5q-m38w,CVE-2022-2309 PYSEC-2022-230,MODERATE,2022-07-06T00:00:30Z,2025-11-04T20:44:22.372909Z,,2022-07-06T19:14:23Z,2022-07-05T10:15:00Z,4.9.1,lxml NULL Pointer Dereference allows attackers to cause a denial of service
lxml,109,GHSA-xp26-p53h-6h2p,CVE-2018-19787 PYSEC-2018-12,MODERATE,2022-05-13T01:13:21Z,2025-12-20T05:59:46.868377Z,,2022-06-28T23:26:59Z,2018-12-02T10:29:00Z,4.2.5,Improper Neutralization of Input During Web Page Generation in LXML
lxml,109,PYSEC-2014-9,CVE-2014-3146 GHSA-57qw-cc2g-pv5p,,2014-05-14T19:55:00Z,2026-06-10T17:00:40.512273712Z,,,,3.3.5,
lxml,109,PYSEC-2018-12,CVE-2018-19787 GHSA-xp26-p53h-6h2p,,2018-12-02T10:29:00Z,2023-11-08T04:00:08.560552Z,,,,4.2.5,
lxml,109,PYSEC-2020-62,CVE-2020-27783 GHSA-pgww-xf46-h92r,,2020-12-03T17:15:00Z,2023-11-08T04:03:22.239924Z,,,,4.6.2,
lxml,109,PYSEC-2021-19,CVE-2021-28957 GHSA-jq4v-f5q6-mjqq,,2021-03-21T05:15:00Z,2023-11-08T04:05:32.182293Z,,,,4.6.3,
lxml,109,PYSEC-2021-852,CVE-2021-43818 GHSA-55x5-fj6c-h6m8,,2021-12-13T18:15:00Z,2026-04-09T18:24:01.261452Z,,,,4.6.5,
lxml,109,PYSEC-2022-230,CVE-2022-2309 GHSA-wrxv-2j5q-m38w,,2022-07-05T10:15:00Z,2023-11-08T04:08:16.338038Z,,,,4.9.1,
lxml,109,PYSEC-2026-87,CVE-2026-41066 GHSA-vfmq-68hx-4jfw,,2026-04-24T17:16:20.933Z,2026-05-20T09:19:06.179641Z,,,,6.1.0,
psutil,112,GHSA-qfc5-mcwq-26q8,CVE-2019-18874 PYSEC-2019-41,HIGH,2020-03-12T17:02:50Z,2024-10-21T21:25:46.489783Z,,2020-03-12T17:02:28Z,,5.6.6,Double Free in psutil
psutil,112,PYSEC-2019-41,CVE-2019-18874 GHSA-qfc5-mcwq-26q8,,2019-11-12T02:15:00Z,2023-11-08T04:01:26.639734Z,,,,5.6.6,
opentelemetry-instrumentation,114,GHSA-5rv5-6h4r-h22v,CVE-2023-43810 PYSEC-2026-1752,HIGH,2023-10-02T23:29:42Z,2026-09-10T03:50:03.497176578Z,,2023-10-02T23:29:42Z,2023-10-06T14:15:12Z,0.41b0,opentelemetry-instrumentation Denial of Service vulnerability due to unbound cardinality metrics
opentelemetry-instrumentation,114,PYSEC-2026-1752,CVE-2023-43810 GHSA-5rv5-6h4r-h22v,,2026-07-07T11:45:25.310552Z,2026-07-07T17:46:23.923569649Z,,,,0.41b0,opentelemetry-instrumentation Denial of Service vulnerability due to unbound cardinality metrics
openpyxl,120,GHSA-chqf-hx79-gxc6,CVE-2017-5992 PYSEC-2017-48,MODERATE,2022-05-17T02:58:54Z,2024-10-07T21:35:38.976036Z,,2022-07-01T11:49:57Z,2017-02-15T19:59:00Z,2.4.2,Improper Restriction of XML External Entity Reference in Openpyxl
openpyxl,120,PYSEC-2017-48,CVE-2017-5992 GHSA-chqf-hx79-gxc6,,2017-02-15T19:59:00Z,2023-11-08T03:59:23.709780Z,,,,2.4.1,
mcp,122,GHSA-3qhf-m339-9g5v,CVE-2025-53366 PYSEC-2026-1616,HIGH,2025-07-04T22:06:49Z,2026-07-16T18:45:48.199122861Z,,2025-07-04T22:06:49Z,2025-07-04T22:15:22Z,1.9.4,"MCP Python SDK vulnerability in the FastMCP Server causes validation error, leading to DoS"
mcp,122,GHSA-9h52-p55h-vw2f,CVE-2025-66416 PYSEC-2026-1617,HIGH,2025-12-02T16:52:08Z,2026-09-10T03:50:31.741008234Z,,2025-12-02T16:52:08Z,2025-12-02T19:15:52Z,1.23.0,Model Context Protocol (MCP) Python SDK does not enable DNS rebinding protection by default
mcp,122,GHSA-hvrp-rf83-w775,CVE-2026-52870 PYSEC-2026-3481,HIGH,2026-07-16T19:56:12Z,2026-09-10T03:51:11.568526826Z,,2026-07-16T19:56:12Z,2026-07-15T20:17:38Z,1.27.2,MCP Python SDK: Experimental task handlers allow any client to access and cancel other clients' tasks
mcp,122,GHSA-j975-95f5-7wqh,CVE-2025-53365 PYSEC-2026-1618,HIGH,2025-07-04T22:06:31Z,2026-07-16T18:45:48.211743797Z,,2025-07-04T22:06:31Z,2025-07-04T22:15:22Z,1.10.0,"MCP Python SDK has Unhandled Exception in Streamable HTTP Transport, Leading to Denial of Service"
mcp,122,GHSA-jpw9-pfvf-9f58,CVE-2026-52869 PYSEC-2026-3482,HIGH,2026-07-16T19:58:53Z,2026-09-10T03:50:52.526763662Z,,2026-07-16T19:58:53Z,2026-07-15T20:17:38Z,1.27.2,MCP Python SDK: HTTP transports serve session requests without verifying the authenticated principal
mcp,122,GHSA-vj7q-gjh5-988w,CVE-2026-59950 PYSEC-2026-3483,HIGH,2026-07-16T20:14:34Z,2026-09-10T03:50:53.083568399Z,,2026-07-16T20:14:34Z,2026-07-15T21:16:55Z,1.28.1,MCP Python SDK: WebSocket server transport does not support Host/Origin validation
mcp,122,PYSEC-2026-1616,CVE-2025-53366 GHSA-3qhf-m339-9g5v,,2026-07-07T16:02:56.172263Z,2026-07-07T17:47:03.420621263Z,,,,1.9.4,"MCP Python SDK vulnerability in the FastMCP Server causes validation error, leading to DoS"
mcp,122,PYSEC-2026-1617,CVE-2025-66416 GHSA-9h52-p55h-vw2f,,2026-07-07T16:03:11.859199Z,2026-07-07T17:47:04.409703799Z,,,,1.23.0,Model Context Protocol (MCP) Python SDK does not enable DNS rebinding protection by default
mcp,122,PYSEC-2026-1618,CVE-2025-53365 GHSA-j975-95f5-7wqh,,2026-07-07T16:02:56.105116Z,2026-07-07T17:47:04.395676741Z,,,,1.10.0,"MCP Python SDK has Unhandled Exception in Streamable HTTP Transport, Leading to Denial of Service"
mcp,122,PYSEC-2026-3481,CVE-2026-52870 GHSA-hvrp-rf83-w775,,2026-07-23T11:41:46.409906Z,2026-07-23T15:00:13.878977054Z,,,,1.27.2,MCP Python SDK: Experimental task handlers allow any client to access and cancel other clients' tasks
mcp,122,PYSEC-2026-3482,CVE-2026-52869 GHSA-jpw9-pfvf-9f58,,2026-07-23T11:41:46.472358Z,2026-07-23T15:00:13.853115115Z,,,,1.27.2,MCP Python SDK: HTTP transports serve session requests without verifying the authenticated principal
mcp,122,PYSEC-2026-3483,CVE-2026-59950 GHSA-vj7q-gjh5-988w,,2026-07-23T11:41:46.534440Z,2026-07-23T15:00:13.898863418Z,,,,1.28.1,MCP Python SDK: WebSocket server transport does not support Host/Origin validation
sglang,127,GHSA-36m8-w8qf-g76p,CVE-2026-7304 PYSEC-2026-535,CRITICAL,2026-05-18T12:31:47Z,2026-06-29T12:26:45.976954513Z,,2026-05-29T17:29:23Z,2026-05-18T12:16:16Z,,SGLang: Unauthenticated RCE via --enable-custom-logit-processor
sglang,127,GHSA-6m5f-673f-5vh7,CVE-2026-7669 PYSEC-2026-3062,MODERATE,2026-05-03T00:31:37Z,2026-07-13T16:43:02.235489118Z,,2026-05-07T21:09:28Z,2026-05-02T22:16:24Z,,SGLang has an Improper Input Validation/Injection Issue
sglang,127,GHSA-9w53-xr52-mwgj,CVE-2025-10164 PYSEC-2026-1919,MODERATE,2025-09-09T21:30:26Z,2026-07-07T17:57:17.070646539Z,,2025-10-29T16:00:05Z,2025-09-09T19:15:45Z,0.5.4,SGLang Remote Code Execution Vulnerability via Unsafe Deserialization in update_weights_from_tensor
sglang,127,GHSA-gwv6-pq6m-p3rq,CVE-2026-7301 PYSEC-2026-536,CRITICAL,2026-05-18T12:31:47Z,2026-06-29T12:26:50.090921908Z,,2026-05-29T17:23:09Z,2026-05-18T12:16:16Z,,SGLanG: Multimodal scheduler deserializes untrusted pickle data on 0.0.0.0 ROUTER socket
sglang,127,GHSA-hvwj-8w5g-28rg,CVE-2026-3989 PYSEC-2026-3063,HIGH,2026-03-12T12:30:29Z,2026-07-13T16:43:13.408665182Z,,2026-03-12T17:39:04Z,2026-03-12T12:15:59Z,0.5.10,SGLangs `replay_request_dump.py` contains an insecure pickle.load() without validation and proper deserialization
sglang,127,GHSA-jrcc-j37m-v8fg,CVE-2026-10775 PYSEC-2026-3695,LOW,2026-06-04T00:30:25Z,2026-08-19T12:55:40.635417226Z,,2026-08-17T21:52:47Z,2026-06-03T23:16:17Z,,SGLang is Vulnerable to DoS via the data_hash Function
sglang,127,GHSA-jx93-g359-86wm,CVE-2026-3060 PYSEC-2026-537,CRITICAL,2026-03-12T12:30:29Z,2026-06-29T12:26:46.288364029Z,,2026-03-12T17:38:54Z,2026-03-12T12:15:59Z,0.5.10,SGLang's encoder parallel disaggregation system is vulnerable to unauthenticated remote code execution through the disaggregation module
sglang,127,GHSA-m2jr-x4gq-5rmj,CVE-2026-10300 PYSEC-2026-3064,LOW,2026-06-02T00:31:58Z,2026-07-13T16:43:01.549365609Z,,2026-07-09T13:43:55Z,2026-06-01T23:16:19Z,,SGLang: Reachable Assertion via  lora_path  in LoRAManager enables remote Denial of Dervice
sglang,127,GHSA-qwrp-wghp-94q2,CVE-2026-7302 PYSEC-2026-538,CRITICAL,2026-05-18T12:31:47Z,2026-06-29T12:26:46.757767068Z,,2026-05-29T17:26:20Z,2026-05-18T12:16:16Z,,SGLang's multimodal generation runtime has an unauthenticated path traversal vulnerability
sglang,127,GHSA-rgq9-fqf5-fv58,CVE-2026-3059 GHSA-3cp7-c6q2-94xr PYSEC-2026-539,CRITICAL,2026-03-12T12:30:29Z,2026-06-29T12:26:50.712384581Z,,2026-03-12T17:38:58Z,2026-03-12T12:15:59Z,0.5.10,SGLang's multimodal generation module is vulnerable to unauthenticated remote code execution through the ZMQ broker
sglang,127,PYSEC-2026-1919,CVE-2025-10164 GHSA-9w53-xr52-mwgj,,2026-07-07T16:03:04.360123Z,2026-07-07T17:48:10.269625963Z,,,,0.5.4,SGLang Remote Code Execution Vulnerability via Unsafe Deserialization in update_weights_from_tensor
sglang,127,PYSEC-2026-3062,CVE-2026-7669 GHSA-6m5f-673f-5vh7,,2026-07-13T15:02:56.168010Z,2026-07-13T16:32:48.412027207Z,,,,,SGLang has an Improper Input Validation/Injection Issue
sglang,127,PYSEC-2026-3063,CVE-2026-3989 GHSA-hvwj-8w5g-28rg,,2026-07-13T14:36:42.325880Z,2026-07-13T16:32:48.453310935Z,,,,0.5.10,SGLangs `replay_request_dump.py` contains an insecure pickle.load() without validation and proper deserialization
sglang,127,PYSEC-2026-3064,CVE-2026-10300 GHSA-m2jr-x4gq-5rmj,,2026-07-13T15:35:23.866026Z,2026-07-13T16:32:49.216514631Z,,,,,SGLang: Reachable Assertion via  lora_path  in LoRAManager enables remote Denial of Dervice
sglang,127,PYSEC-2026-3695,CVE-2026-10775 GHSA-jrcc-j37m-v8fg,,2026-08-19T11:56:24.847653Z,2026-08-19T12:45:06.857032943Z,,,,,SGLang is Vulnerable to DoS via the data_hash Function
sglang,127,PYSEC-2026-535,CVE-2026-7304 GHSA-36m8-w8qf-g76p,,2026-06-29T11:50:49.669447Z,2026-07-01T20:23:04.977005Z,,,,,SGLang: Unauthenticated RCE via --enable-custom-logit-processor
sglang,127,PYSEC-2026-536,CVE-2026-7301 GHSA-gwv6-pq6m-p3rq,,2026-06-29T11:50:49.817132Z,2026-07-01T20:23:04.984433Z,,,,,SGLanG: Multimodal scheduler deserializes untrusted pickle data on 0.0.0.0 ROUTER socket
sglang,127,PYSEC-2026-537,CVE-2026-3060 GHSA-jx93-g359-86wm,,2026-06-29T11:50:44.656805Z,2026-07-13T16:15:33.280535890Z,,,,0.5.10,SGLang's encoder parallel disaggregation system is vulnerable to unauthenticated remote code execution through the disaggregation module
sglang,127,PYSEC-2026-538,CVE-2026-7302 GHSA-qwrp-wghp-94q2,,2026-06-29T11:50:50.577356Z,2026-07-01T20:23:05.004815Z,,,,,SGLang's multimodal generation runtime has an unauthenticated path traversal vulnerability
sglang,127,PYSEC-2026-539,CVE-2026-3059 GHSA-3cp7-c6q2-94xr GHSA-rgq9-fqf5-fv58,,2026-06-29T11:50:45.317059Z,2026-07-13T16:15:33.436475286Z,,,,0.5.10,SGLang's multimodal generation module is vulnerable to unauthenticated remote code execution through the ZMQ broker
oauthlib,128,GHSA-3pgj-pg6c-r5p7,CVE-2022-36087 PYSEC-2022-269,MODERATE,2022-09-16T21:02:52Z,2024-10-07T17:04:39.169086Z,,2022-09-16T21:02:52Z,2022-09-09T21:15:00Z,3.2.2,OAuthLib vulnerable to DoS when attacker provides malicious IPV6 URI
oauthlib,128,PYSEC-2022-269,CVE-2022-36087 GHSA-3pgj-pg6c-r5p7,,2022-09-09T21:15:00Z,2023-11-08T04:10:00.371667Z,,,,3.2.1,
dnspython,130,GHSA-3rq5-2g8h-59hc,CVE-2023-29483 PYSEC-2026-1307 PYSEC-2026-2472,MODERATE,2024-04-11T15:30:48Z,2026-09-10T03:50:11.305148352Z,,2024-04-12T21:25:53Z,2024-04-11T14:15:12Z,2.6.1,Potential DoS via the Tudoor mechanism in eventlet and dnspython
dnspython,130,PYSEC-2026-1307,CVE-2023-29483 GHSA-3rq5-2g8h-59hc PYSEC-2026-2472,,2026-07-07T11:45:38.225602Z,2026-07-13T16:42:52.437776766Z,,,,2.6.1,Potential DoS via the Tudoor mechanism in eventlet and dnspython
pyopenssl,143,GHSA-2rcm-phc9-3945,CVE-2018-1000808 PYSEC-2018-24,HIGH,2018-10-10T16:10:23Z,2024-10-21T21:26:43.686806Z,,2020-06-16T20:52:58Z,2018-10-08T15:29:00Z,17.5.0,Pyopenssl Incorrect Memory Management
pyopenssl,143,GHSA-5pwr-322w-8jr4,CVE-2026-27459 PYSEC-2026-2269,HIGH,2026-03-16T16:22:29Z,2026-09-10T03:50:37.586707545Z,,2026-03-16T16:22:29Z,2026-03-18T00:16:19Z,26.0.0,pyOpenSSL DTLS cookie callback buffer overflow
pyopenssl,143,GHSA-6748-36qp-fx6r,CVE-2013-4314 PYSEC-2013-31,HIGH,2022-05-17T04:56:46Z,2024-10-24T22:06:51.043867Z,,2024-02-23T20:57:09Z,2013-09-30T21:55:00Z,0.13.1,PyOpenSSL Mishandles NUL Byte In Certificate Subject Alternative Name
pyopenssl,143,GHSA-p28m-34f6-967q,CVE-2018-1000807 PYSEC-2018-23,HIGH,2018-10-10T16:10:38Z,2024-10-15T16:39:23.634847Z,,2020-06-16T21:47:43Z,2018-10-08T15:29:00Z,17.5.0,PyOpenSSL Use-After-Free vulnerability
pyopenssl,143,GHSA-vp96-hxj8-p424,CVE-2026-27448 PYSEC-2026-2268,LOW,2026-03-16T15:15:43Z,2026-09-10T03:51:00.753013360Z,,2026-03-16T15:15:43Z,2026-03-18T00:16:19Z,26.0.0,pyOpenSSL allows TLS connection bypass via unhandled callback exception in set_tlsext_servername_callback
pyopenssl,143,PYSEC-2013-31,CVE-2013-4314 GHSA-6748-36qp-fx6r,,2013-09-30T21:55:00Z,2026-06-10T17:01:45.680612135Z,,,,0.13.1,
pyopenssl,143,PYSEC-2018-23,CVE-2018-1000807 GHSA-p28m-34f6-967q,,2018-10-08T15:29:00Z,2023-11-08T03:59:40.132715Z,,,,17.5.0,
pyopenssl,143,PYSEC-2018-24,CVE-2018-1000808 GHSA-2rcm-phc9-3945,,2018-10-08T15:29:00Z,2023-11-08T03:59:40.194341Z,,,,17.5.0,
pyopenssl,143,PYSEC-2026-2268,CVE-2026-27448 GHSA-vp96-hxj8-p424,,2026-03-18T00:16:19.107Z,2026-07-13T07:15:42.074177418Z,,,,26.0.0,
pyopenssl,143,PYSEC-2026-2269,CVE-2026-27459 GHSA-5pwr-322w-8jr4,,2026-03-18T00:16:19.273Z,2026-07-13T07:15:42.174035827Z,,,,26.0.0,
rsa,145,GHSA-537h-rv9q-vvph,CVE-2020-13757 PYSEC-2020-99,HIGH,2021-03-24T18:24:39Z,2024-10-21T22:00:53.647822Z,,2021-03-24T18:24:28Z,2020-06-01T19:15:00Z,4.1,Python-RSA decryption of ciphertext leads to DoS
rsa,145,GHSA-8rjr-6qq5-pj9p,CVE-2016-1494 PYSEC-2016-10,MODERATE,2022-05-14T00:59:49Z,2024-10-21T22:10:52.441583Z,,2023-07-28T20:46:52Z,2016-01-13T15:59:00Z,3.3,Python RSA allows attackers to spoof signatures
rsa,145,GHSA-xrx6-fmxq-rjj2,CVE-2020-25658 PYSEC-2020-100,HIGH,2021-04-30T17:35:15Z,2024-10-26T22:49:36.190678Z,,2021-04-20T17:11:41Z,2020-11-12T14:15:00Z,4.7,Timing attacks in python-rsa
rsa,145,PYSEC-2016-10,CVE-2016-1494 GHSA-8rjr-6qq5-pj9p,,2016-01-13T15:59:00Z,2026-06-10T17:02:37.320428281Z,,,,3.3,
rsa,145,PYSEC-2020-100,CVE-2020-25658 GHSA-xrx6-fmxq-rjj2,,2020-11-12T14:15:00Z,2023-11-08T04:03:11.202381Z,,,,4.7,
rsa,145,PYSEC-2020-99,CVE-2020-13757 GHSA-537h-rv9q-vvph,,2020-06-01T19:15:00Z,2023-11-08T04:02:21.687509Z,,,,4.1,
msgpack,147,GHSA-6v7p-g79w-8964,CVE-2026-57585 PYSEC-2026-3625,HIGH,2026-06-19T21:42:55Z,2026-09-10T03:51:07.975753919Z,,2026-06-19T21:42:55Z,,1.2.1,MessagePack for Python: Out-of-bounds read / crash on Unpacker reuse after a caught error
msgpack,147,PYSEC-2026-3625,CVE-2026-57585 GHSA-6v7p-g79w-8964,,2026-06-30T22:16:57.837Z,2026-08-07T09:45:09.966898625Z,,,,1.2.1,
werkzeug,153,GHSA-29vq-49wr-vm6x,CVE-2026-27199 PYSEC-2026-2320,MODERATE,2026-02-19T20:32:45Z,2026-09-10T03:50:33.709103081Z,,2026-02-19T20:32:45Z,2026-02-21T06:17:00Z,3.1.6, Werkzeug safe_join() allows Windows special device names
werkzeug,153,GHSA-2g68-c3qc-8985,CVE-2024-34069 PYSEC-2026-2043,HIGH,2024-05-06T14:21:27Z,2026-09-10T03:50:13.189126850Z,,2024-05-06T14:21:27Z,2024-05-06T15:15:23Z,3.0.3,Werkzeug debugger vulnerable to remote execution when interacting with attacker controlled domain
werkzeug,153,GHSA-3p3h-qghp-hvh2,CVE-2020-28724 PYSEC-2020-157,MODERATE,2021-04-20T16:30:26Z,2024-11-19T18:25:03.456250Z,,2021-04-15T20:51:30Z,2020-11-18T15:15:00Z,0.11.6,Open Redirect in werkzeug
werkzeug,153,GHSA-87hc-h4r5-73f7,CVE-2026-21860 PYSEC-2026-2044,MODERATE,2026-01-08T19:51:21Z,2026-09-10T03:50:32.862525778Z,,2026-01-08T19:51:21Z,2026-01-08T19:15:59Z,3.1.5, Werkzeug safe_join() allows Windows special device names with compound extensions
werkzeug,153,GHSA-f9vj-2wh5-fj8j,CVE-2024-49766 PYSEC-2026-2045,MODERATE,2024-10-25T19:43:41Z,2026-09-10T03:50:19.894904779Z,,2024-10-25T19:43:41Z,2024-10-25T20:15:04Z,3.0.6,Werkzeug safe_join not safe on Windows
werkzeug,153,GHSA-gq9m-qvpx-68hc,CVE-2019-14806 PYSEC-2019-140,HIGH,2019-08-21T16:15:24Z,2024-11-19T18:22:43.515928Z,,2019-08-21T16:01:59Z,2019-08-09T15:15:00Z,0.15.3,Pallets Werkzeug Insufficient Entropy
werkzeug,153,GHSA-h2fp-xgx6-xh6f,CVE-2016-10516 PYSEC-2017-43,MODERATE,2022-05-14T03:46:35Z,2024-11-19T19:10:53.946430Z,,2022-06-17T21:22:48Z,2017-10-23T16:29:00Z,0.11.11,Pallets Werkzeug cross-site scripting vulnerability
werkzeug,153,GHSA-hgf8-39gv-g3f2,CVE-2025-66221 PYSEC-2026-2046,MODERATE,2025-12-02T00:27:38Z,2026-09-10T03:50:31.900494607Z,,2025-12-02T00:27:38Z,2025-11-29T03:16:00Z,3.1.4,Werkzeug safe_join() allows Windows special device names
werkzeug,153,GHSA-hrfv-mqp8-q5rw,CVE-2023-46136 PYSEC-2023-221,MODERATE,2023-10-25T14:22:59Z,2026-09-10T03:50:03.799599710Z,,2023-10-25T14:22:59Z,2023-10-25T18:17:36Z,3.0.1 2.3.8,Werkzeug DoS: High resource usage when parsing multipart/form-data containing a large part with CR/LF character at the beginning
werkzeug,153,GHSA-j544-7q9p-6xp8,CVE-2019-14322 PYSEC-2026-1065,HIGH,2022-05-24T16:51:33Z,2026-07-07T11:56:35.016614553Z,,2023-02-02T01:32:51Z,2019-07-28T13:15:00Z,0.15.5,Pallets Werkzeug vulnerable to Path Traversal
werkzeug,153,GHSA-px8h-6qxv-m22q,CVE-2023-23934 PYSEC-2023-57,LOW,2023-02-15T15:37:03Z,2026-09-10T03:50:07.890803222Z,,2023-02-15T15:37:03Z,2023-02-14T20:15:00Z,2.2.3,Incorrect parsing of nameless cookies leads to __Host- cookies bypass
werkzeug,153,GHSA-q34m-jh98-gwm2,CVE-2024-49767 PYSEC-2026-1860 PYSEC-2026-3417,MODERATE,2024-10-25T19:44:43Z,2026-09-10T03:50:19.984825326Z,,2024-10-25T19:44:43Z,2024-10-25T20:15:04Z,3.0.6,Werkzeug possible resource exhaustion when parsing file data in forms
werkzeug,153,GHSA-xg9f-g7g7-2323,CVE-2023-25577 PYSEC-2023-58,HIGH,2023-02-15T15:36:26Z,2026-09-10T03:49:52.206975143Z,,2023-02-15T15:36:26Z,2023-02-14T20:15:00Z,2.2.3,High resource usage when parsing multipart form data with many fields
werkzeug,153,PYSEC-2017-43,CVE-2016-10516 GHSA-h2fp-xgx6-xh6f,,2017-10-23T16:29:00Z,2023-11-08T03:58:10.053222Z,,,,0.11.11,
werkzeug,153,PYSEC-2019-140,CVE-2019-14806 GHSA-gq9m-qvpx-68hc,,2019-08-09T15:15:00Z,2023-11-08T04:01:10.893476Z,,,,0.15.3,
werkzeug,153,PYSEC-2020-157,CVE-2020-28724 GHSA-3p3h-qghp-hvh2,,2020-11-18T15:15:00Z,2023-11-08T04:03:29.158614Z,,,,0.11.6,
werkzeug,153,PYSEC-2022-203,CVE-2022-29361,,2022-05-25T01:15:00Z,2023-11-08T04:09:13.275498Z,,,,2.1.1,
werkzeug,153,PYSEC-2023-221,CVE-2023-46136 GHSA-hrfv-mqp8-q5rw,,2023-10-25T18:17:00Z,2023-11-08T18:38:34.170214Z,,,,2.3.8 3.0.1,
werkzeug,153,PYSEC-2023-57,CVE-2023-23934 GHSA-px8h-6qxv-m22q,,2023-02-14T20:15:00Z,2023-11-08T04:11:43.091670Z,,,,2.2.3,
werkzeug,153,PYSEC-2023-58,CVE-2023-25577 GHSA-xg9f-g7g7-2323,,2023-02-14T20:15:00Z,2023-11-08T04:11:52.539843Z,,,,2.2.3,
werkzeug,153,PYSEC-2026-1065,CVE-2019-14322 GHSA-j544-7q9p-6xp8,,2026-07-06T08:03:28.302032Z,2026-07-07T11:45:36.920070957Z,,,,0.15.5,Pallets Werkzeug vulnerable to Path Traversal
werkzeug,153,PYSEC-2026-2043,CVE-2024-34069 GHSA-2g68-c3qc-8985,,2026-07-07T11:45:41.944642Z,2026-07-07T17:47:56.449875668Z,,,,3.0.3,Werkzeug debugger vulnerable to remote execution when interacting with attacker controlled domain
werkzeug,153,PYSEC-2026-2044,CVE-2026-21860 GHSA-87hc-h4r5-73f7,,2026-07-07T16:03:17.057343Z,2026-07-07T17:47:56.418445755Z,,,,3.1.5, Werkzeug safe_join() allows Windows special device names with compound extensions
werkzeug,153,PYSEC-2026-2045,CVE-2024-49766 GHSA-f9vj-2wh5-fj8j,,2026-07-07T14:34:43.390514Z,2026-07-07T17:47:56.415783418Z,,,,3.0.6,Werkzeug safe_join not safe on Windows
werkzeug,153,PYSEC-2026-2046,CVE-2025-66221 GHSA-hgf8-39gv-g3f2,,2026-07-07T16:03:11.673679Z,2026-07-07T17:47:56.418201869Z,,,,3.1.4,Werkzeug safe_join() allows Windows special device names
werkzeug,153,PYSEC-2026-2320,CVE-2026-27199 GHSA-29vq-49wr-vm6x,,2026-02-21T06:17:00.710Z,2026-07-13T07:15:48.093424944Z,,,,3.1.6,
werkzeug,153,PYSEC-2026-3417,CVE-2024-49767 GHSA-q34m-jh98-gwm2 PYSEC-2026-1860,,2026-07-13T14:36:32.817473Z,2026-07-13T16:43:34.482065524Z,,,,3.0.6,Werkzeug possible resource exhaustion when parsing file data in forms
redis,155,GHSA-24wv-mv5m-xv4h,CVE-2023-28858 PYSEC-2023-45,MODERATE,2023-03-26T21:30:23Z,2024-10-25T21:54:11.332865Z,,2023-03-27T21:31:45Z,2023-03-26T19:15:00Z,4.4.3 4.5.3 4.3.6,redis-py Race Condition vulnerability
redis,155,GHSA-8fww-64cx-x8p5,CVE-2023-28859 PYSEC-2023-46,HIGH,2023-03-26T21:30:23Z,2024-10-25T21:53:20.660854Z,,2023-03-27T21:31:52Z,2023-03-26T19:15:00Z,4.5.4 4.4.4,redis-py Race Condition due to incomplete fix
redis,155,PYSEC-2023-45,CVE-2023-28858 GHSA-24wv-mv5m-xv4h,,2023-03-26T19:15:00Z,2026-06-10T17:02:35.114158126Z,,,,4.3.6 4.4.3 4.5.3,
redis,155,PYSEC-2023-46,CVE-2023-28859 GHSA-8fww-64cx-x8p5,,2023-03-26T19:15:00Z,2026-06-10T17:02:35.124062693Z,,,,4.4.4 4.5.4,
gitpython,156,GHSA-284h-m62q-gf8w,CVE-2026-78676 PYSEC-2026-3786,CRITICAL,2026-09-08T18:39:40Z,2026-09-08T19:00:06.885837775Z,,2026-09-08T18:39:40Z,,3.1.59,"GitPython: Dormant multi-line git-config values are corrupted into live injected directives (e.g. core.hooksPath) on any unrelated GitConfigParser write, enabling RCE"
gitpython,156,GHSA-2f96-g7mh-g2hx,CVE-2026-67325 PYSEC-2026-3836,HIGH,2026-07-21T19:43:43Z,2026-09-23T05:15:05.950374846Z,,2026-07-21T19:43:43Z,,3.1.51,GitPython: Command Injection via git long-option prefix abbreviation bypass of CVE-2026-42215 blocklist
gitpython,156,GHSA-2mqj-m65w-jghx,CVE-2024-22190 PYSEC-2024-4,HIGH,2024-01-10T15:46:00Z,2026-09-10T03:50:04.639399145Z,,2024-01-10T15:46:00Z,2024-01-11T02:15:48Z,3.1.41,Untrusted search path under some conditions on Windows allows arbitrary code execution
gitpython,156,GHSA-3f7w-8rr8-f37f,CVE-2026-73620 PYSEC-2026-3949,HIGH,2026-08-03T20:09:56Z,2026-09-10T13:10:44.075529324Z,,2026-08-03T20:09:56Z,,3.1.57,GitPython: Unguarded git option forwarding in IndexFile.checkout() and TagReference.create() enables arbitrary file overwrite and arbitrary file read
gitpython,156,GHSA-3rp5-jjmw-4wv2,CVE-2026-69097 PYSEC-2026-3981,HIGH,2026-07-24T16:22:02Z,2026-09-17T09:10:35.253135365Z,,2026-07-24T16:22:02Z,,3.1.53,GitPython: git-config section-name injection enables arbitrary config directives (core.sshCommand RCE)
gitpython,156,GHSA-3wxw-xv34-2frg,CVE-2026-78679 PYSEC-2026-3837,MODERATE,2026-09-08T19:42:22Z,2026-09-23T05:15:05.925079070Z,,2026-09-08T19:42:22Z,,3.1.59,"GitPython: TagReference.create positional reference bypasses kwargs-only --file guard, enabling arbitrary file read (incomplete fix of 3af0c251)"
gitpython,156,GHSA-4gmw-gg2m-w46p,CVE-2026-76219 PYSEC-2026-3838,HIGH,2026-08-07T15:33:57Z,2026-09-10T12:25:42.767166279Z,,2026-08-07T15:33:57Z,,3.1.58,GitPython: Unguarded git read-tree option forwarding in IndexFile.from_tree/reset/merge_tree enables arbitrary file overwrite
gitpython,156,GHSA-539m-9xh6-q6rr,CVE-2026-73619 PYSEC-2026-3948,MODERATE,2026-08-03T20:14:28Z,2026-09-10T13:11:01.695990206Z,,2026-08-03T20:14:28Z,,3.1.57,"GitPython: Incomplete unsafe_git_archive_options denylist omits --add-file / --add-virtual-file, enabling arbitrary file read via Repo.archive()"
gitpython,156,GHSA-5xxx-qhh7-9287,CVE-2026-78678 PYSEC-2026-3788,MODERATE,2026-09-08T18:41:31Z,2026-09-08T19:00:06.904435463Z,,2026-09-08T18:41:31Z,,3.1.59,"GitPython: Incomplete unsafe_git_revision_options denylist omits --contents/-S, enabling arbitrary file read via Repo.blame()"
gitpython,156,GHSA-6p8h-3wgx-97gf,CVE-2026-73623 PYSEC-2026-3952,HIGH,2026-07-24T16:42:09Z,2026-09-10T13:11:03.995690741Z,,2026-07-24T16:42:09Z,,3.1.54,GitPython: Incomplete unsafe_git_clone_options denylist omits --template enabling arbitrary command execution via clone hooks
gitpython,156,GHSA-7545-fcxq-7j24,CVE-2026-44243 PYSEC-2026-2162,HIGH,2026-05-06T19:38:48Z,2026-09-10T03:50:45.903378498Z,,2026-05-06T19:38:48Z,2026-05-07T19:16:02Z,3.1.48,GitPython reference APIs has a path traversal vulnerability that allows arbitrary file write and delete outside the repository
gitpython,156,GHSA-7833-fr7j-v32q,CVE-2026-78675 PYSEC-2026-3785,HIGH,2026-09-08T18:38:51Z,2026-09-23T05:15:05.931147061Z,,2026-09-08T18:38:51Z,,3.1.59,GitPython: Arbitrary local file content disclosure via [include] directive in untrusted .gitmodules (SubmoduleConfigParser never disables merge_includes)
gitpython,156,GHSA-8mcc-hrx5-hvxc,CVE-2026-78677 PYSEC-2026-3787,HIGH,2026-09-08T18:41:52Z,2026-09-08T19:00:06.914140693Z,,2026-09-08T18:41:52Z,,3.1.59,"GitPython: clone_from()/clone() omit --separate-git-dir from unsafe_git_clone_options, enabling arbitrary git-directory creation outside the destination"
gitpython,156,GHSA-94p4-4cq8-9g67,CVE-2026-73622 PYSEC-2026-3951,HIGH,2026-07-24T21:45:16Z,2026-09-24T14:45:07.411775302Z,,2026-07-24T21:45:16Z,,3.1.55,GitPython: Environment-variable exfiltration via Repo.create_remote() / Remote.add() URL (incomplete fix of GHSA-rwj8-pgh3-r573)
gitpython,156,GHSA-956x-8gvw-wg5v,CVE-2026-67323 PYSEC-2026-3839,HIGH,2026-07-21T20:10:06Z,2026-09-10T12:25:39.217544351Z,,2026-07-21T20:10:06Z,,3.1.51,"GitPython: command injection via unguarded Git options in `Repo.archive()`, `git.ls_remote()`, and arbitrary file overwrite via `Repo.iter_commits()` / `Repo.blame()`"
gitpython,156,GHSA-9rj7-rf2p-w77r,CVE-2026-76218 PYSEC-2026-3840,HIGH,2026-08-07T15:36:43Z,2026-09-10T12:25:55.324487522Z,,2026-08-07T15:36:43Z,,3.1.58,GitPython: Unguarded git option forwarding in Repo.init enables arbitrary command execution via --template clone hooks
gitpython,156,GHSA-cwvm-v4w8-q58c,CVE-2023-41040 PYSEC-2023-165,MODERATE,2023-08-30T20:09:36Z,2025-11-04T16:49:25.840497Z,,2023-08-30T20:09:36Z,2023-08-30T22:15:09Z,3.1.37,GitPython blind local file inclusion
gitpython,156,GHSA-fjr4-x663-mwxc,CVE-2026-73624,HIGH,2026-07-24T16:41:20Z,2026-09-10T03:50:51.919825118Z,,2026-07-24T16:41:20Z,,3.1.54,GitPython: Arbitrary file overwrite via git diff --output argument injection in Diffable.diff (key- and value-controlled)
gitpython,156,GHSA-hcpj-qp55-gfph,CVE-2022-24439 PYSEC-2022-42992,CRITICAL,2022-12-06T06:30:17Z,2025-11-04T16:49:34.739763Z,,2022-12-06T14:33:52Z,2022-12-06T05:15:00Z,3.1.30,GitPython vulnerable to Remote Code Execution due to improper user input validation
gitpython,156,GHSA-hh9p-6wh2-4mfc,CVE-2026-76217 PYSEC-2026-3841,MODERATE,2026-08-07T15:43:56Z,2026-09-10T12:26:07.095223621Z,,2026-08-07T15:43:56Z,,3.1.58,GitPython: Arbitrary file read via --pathspec-from-file in IndexFile.remove() and Head.checkout()
gitpython,156,GHSA-hmq2-w58f-27jc,CVE-2026-76222 PYSEC-2026-3784,HIGH,2026-08-07T15:45:39Z,2026-09-08T21:00:05.149418166Z,,2026-08-07T15:45:39Z,,3.1.58,GitPython: Arbitrary Git Repository Creation Outside the Working Tree via Unvalidated .gitmodules Submodule Name in GitPython
gitpython,156,GHSA-jm78-9fvv-mhgr,CVE-2026-76221 PYSEC-2026-3783,HIGH,2026-08-07T15:46:35Z,2026-09-10T03:51:14.296736368Z,,2026-08-07T15:46:35Z,,3.1.58,"GitPython: git-config OPTION-name injection via =/#/whitespace bypasses name validator, enabling forged core.sshCommand/hooksPath (RCE)"
gitpython,156,GHSA-mv93-w799-cj2w,CVE-2026-67326 PYSEC-2026-3980,HIGH,2026-05-08T23:19:02Z,2026-09-17T09:10:55.928803360Z,,2026-05-08T23:19:02Z,,3.1.50,"GitPython: Newline injection in config_writer() section parameter bypasses CVE-2026-42215 patch, enabling RCE via core.hooksPath"
gitpython,156,GHSA-p538-c434-8v24,CVE-2026-73621 PYSEC-2026-3950,MODERATE,2026-08-03T20:23:17Z,2026-09-10T13:10:55.177009469Z,,2026-08-03T20:23:17Z,,3.1.56,GitPython: Arbitrary file truncation via git rev-list --output argument injection in unguarded Commit.count
gitpython,156,GHSA-pr76-5cm5-w9cj,CVE-2023-40267 PYSEC-2023-137,CRITICAL,2023-08-11T09:30:36Z,2025-11-04T17:01:55.137311Z,,2023-08-11T19:48:27Z,2023-08-11T07:15:09Z,3.1.32,GitPython vulnerable to remote code execution due to insufficient sanitization of input arguments
gitpython,156,GHSA-r9mr-m37c-5fr3,CVE-2026-73625 PYSEC-2026-3953,HIGH,2026-07-24T16:42:57Z,2026-09-10T13:10:47.448946391Z,,2026-07-24T16:42:57Z,,3.1.54,GitPython: Unsafe git option guard bypass via single-character kwarg value token smuggling enables arbitrary command execution
gitpython,156,GHSA-rpm5-65cw-6hj4,CVE-2026-42215 PYSEC-2026-2160,HIGH,2026-04-25T23:42:16Z,2026-09-10T03:51:03.167884784Z,,2026-04-25T23:42:16Z,2026-05-07T19:16:01Z,3.1.47,GitPython has Command Injection via Git options bypass
gitpython,156,GHSA-rwj8-pgh3-r573,CVE-2026-67322 PYSEC-2026-3842,HIGH,2026-07-21T22:06:09Z,2026-09-24T18:28:17.149390188Z,,2026-07-21T22:06:09Z,,3.1.52,GitPython: Environment-variable exfiltration via os.path.expandvars() on Repo.clone_from() URL
gitpython,156,GHSA-v396-v7q4-x2qj,CVE-2026-67324 PYSEC-2026-3947,HIGH,2026-07-21T19:43:14Z,2026-09-10T13:10:52.450096763Z,,2026-07-21T19:43:14Z,,3.1.51,GitPython unsafe clone option gate bypass through joined short options
gitpython,156,GHSA-v87r-6q3f-2j67,CVE-2026-44244 PYSEC-2026-2163,HIGH,2026-05-06T21:58:00Z,2026-09-10T03:50:47.691444343Z,,2026-05-06T21:58:00Z,2026-05-07T19:16:02Z,3.1.49,GitPython: Newline injection in config_writer().set_value() enables RCE via core.hooksPath
gitpython,156,GHSA-wfm5-v35h-vwf4,CVE-2023-40590 PYSEC-2023-161,HIGH,2023-08-29T23:33:53Z,2026-09-10T03:49:57.778784153Z,,2023-08-29T23:33:53Z,2023-08-28T18:15:08Z,3.1.33,GitPython untrusted search path on Windows systems leading to arbitrary code execution
gitpython,156,GHSA-wvpp-8hx9-p66j,CVE-2026-76220 PYSEC-2026-3843,HIGH,2026-08-07T15:49:07Z,2026-09-10T12:26:01.792035310Z,,2026-08-07T15:49:07Z,,3.1.58,GitPython: Unsafe git option guard bypass via split_single_char_options=False short-option token smuggling enables command execution
gitpython,156,GHSA-x2qx-6953-8485,CVE-2026-42284 PYSEC-2026-2161,HIGH,2026-04-25T23:41:49Z,2026-09-10T03:51:03.787491179Z,,2026-04-25T23:41:49Z,2026-05-07T19:16:01Z,3.1.47,GitPython: Unsafe option check validates multi_options before shlex.split transformation
gitpython,156,PYSEC-2022-42992,CVE-2022-24439 GHSA-hcpj-qp55-gfph,,2022-12-06T05:15:00Z,2026-06-10T17:01:18.875610166Z,,,,3.1.30,
gitpython,156,PYSEC-2023-137,CVE-2023-40267 GHSA-pr76-5cm5-w9cj,,2023-08-11T07:15:00Z,2023-11-08T04:13:20.148850Z,,,,3.1.32,
gitpython,156,PYSEC-2023-161,CVE-2023-40590 GHSA-wfm5-v35h-vwf4,,2023-08-28T18:15:00Z,2023-11-08T04:13:22.478104Z,,,,3.1.33,
gitpython,156,PYSEC-2023-165,CVE-2023-41040 GHSA-cwvm-v4w8-q58c,,2023-08-30T22:15:00Z,2023-11-08T04:13:23.455909Z,,,,3.1.35,
gitpython,156,PYSEC-2024-4,CVE-2024-22190 GHSA-2mqj-m65w-jghx,,2024-01-11T02:15:00Z,2024-01-18T16:56:49.522045Z,,,,3.1.41,
gitpython,156,PYSEC-2026-2160,CVE-2026-42215 GHSA-rpm5-65cw-6hj4,,2026-05-07T19:16:01.640Z,2026-07-13T07:15:30.240215909Z,,,,3.1.47,
gitpython,156,PYSEC-2026-2161,CVE-2026-42284 GHSA-x2qx-6953-8485,,2026-05-07T19:16:01.783Z,2026-07-13T07:15:21.469164335Z,,,,3.1.47,
gitpython,156,PYSEC-2026-2162,CVE-2026-44243 GHSA-7545-fcxq-7j24,,2026-05-07T19:16:02.227Z,2026-07-13T07:15:30.236821515Z,,,,3.1.48,
gitpython,156,PYSEC-2026-2163,CVE-2026-44244 GHSA-v87r-6q3f-2j67,,2026-05-07T19:16:02.357Z,2026-07-13T07:15:30.296343566Z,,,,3.1.49,
gitpython,156,PYSEC-2026-3783,CVE-2026-76221 GHSA-jm78-9fvv-mhgr,,2026-08-19T14:17:48.463Z,2026-09-03T11:00:04.968236439Z,,,,3.1.58,
gitpython,156,PYSEC-2026-3784,CVE-2026-76222 GHSA-hmq2-w58f-27jc,,2026-08-19T14:17:48.603Z,2026-09-03T11:00:04.961358995Z,,,,3.1.58,
gitpython,156,PYSEC-2026-3785,CVE-2026-78675 GHSA-7833-fr7j-v32q,,2026-08-25T02:16:51.887Z,2026-09-03T11:00:03.889244490Z,,,,3.1.59,
gitpython,156,PYSEC-2026-3786,CVE-2026-78676 GHSA-284h-m62q-gf8w,,2026-08-25T02:16:52.030Z,2026-09-03T11:00:04.961597508Z,,,,3.1.59,
gitpython,156,PYSEC-2026-3787,CVE-2026-78677 GHSA-8mcc-hrx5-hvxc,,2026-08-25T02:16:52.173Z,2026-09-03T11:00:04.953767849Z,,,,3.1.59,
gitpython,156,PYSEC-2026-3788,CVE-2026-78678 GHSA-5xxx-qhh7-9287,,2026-08-25T02:16:52.313Z,2026-09-03T11:00:03.883495034Z,,,,3.1.59,
gitpython,156,PYSEC-2026-3836,CVE-2026-67325 GHSA-2f96-g7mh-g2hx,,2026-09-10T09:44:50.744282Z,2026-09-10T12:15:05.545830326Z,,,,3.1.51,GitPython: Command Injection via git long-option prefix abbreviation bypass of CVE-2026-42215 blocklist
gitpython,156,PYSEC-2026-3837,CVE-2026-78679 GHSA-3wxw-xv34-2frg,,2026-09-10T09:45:00.699290Z,2026-09-10T12:15:03.987482723Z,,,,3.1.59,"GitPython: TagReference.create positional reference bypasses kwargs-only --file guard, enabling arbitrary file read (incomplete fix of 3af0c251)"
gitpython,156,PYSEC-2026-3838,CVE-2026-76219 GHSA-4gmw-gg2m-w46p,,2026-09-10T09:44:51.252944Z,2026-09-10T12:15:06.247351775Z,,,,3.1.58,GitPython: Unguarded git read-tree option forwarding in IndexFile.from_tree/reset/merge_tree enables arbitrary file overwrite
gitpython,156,PYSEC-2026-3839,CVE-2026-67323 GHSA-956x-8gvw-wg5v,,2026-09-10T09:44:50.805512Z,2026-09-10T12:15:03.995784695Z,,,,3.1.51,"GitPython: command injection via unguarded Git options in `Repo.archive()`, `git.ls_remote()`, and arbitrary file overwrite via `Repo.iter_commits()` / `Repo.blame()`"
gitpython,156,PYSEC-2026-3840,CVE-2026-76218 GHSA-9rj7-rf2p-w77r,,2026-09-10T09:44:51.318929Z,2026-09-10T12:15:03.992306235Z,,,,3.1.58,GitPython: Unguarded git option forwarding in Repo.init enables arbitrary command execution via --template clone hooks
gitpython,156,PYSEC-2026-3841,CVE-2026-76217 GHSA-hh9p-6wh2-4mfc,,2026-09-10T09:44:51.369852Z,2026-09-10T12:15:05.094485309Z,,,,3.1.58,GitPython: Arbitrary file read via --pathspec-from-file in IndexFile.remove() and Head.checkout()
gitpython,156,PYSEC-2026-3842,CVE-2026-67322 GHSA-rwj8-pgh3-r573,,2026-09-10T09:44:50.856130Z,2026-09-10T12:15:06.099914989Z,,,,3.1.52,GitPython: Environment-variable exfiltration via os.path.expandvars() on Repo.clone_from() URL
gitpython,156,PYSEC-2026-3843,CVE-2026-76220 GHSA-wvpp-8hx9-p66j,,2026-09-10T09:44:51.423124Z,2026-09-10T12:15:03.997640280Z,,,,3.1.58,GitPython: Unsafe git option guard bypass via split_single_char_options=False short-option token smuggling enables command execution
gitpython,156,PYSEC-2026-3947,CVE-2026-67324 GHSA-v396-v7q4-x2qj,,2026-08-01T13:17:02.770Z,2026-09-11T13:45:02.949863536Z,,,,3.1.51,
gitpython,156,PYSEC-2026-3948,CVE-2026-73619 GHSA-539m-9xh6-q6rr,,2026-08-13T12:17:26.913Z,2026-09-10T13:00:04.161761623Z,,,,3.1.57,
gitpython,156,PYSEC-2026-3949,CVE-2026-73620 GHSA-3f7w-8rr8-f37f,,2026-08-13T12:17:27.057Z,2026-09-10T13:00:03.319543022Z,,,,3.1.57,
gitpython,156,PYSEC-2026-3950,CVE-2026-73621 GHSA-p538-c434-8v24,,2026-08-13T12:17:27.200Z,2026-09-10T13:00:04.116168992Z,,,,3.1.56,
gitpython,156,PYSEC-2026-3951,CVE-2026-73622 GHSA-94p4-4cq8-9g67,,2026-08-13T12:17:27.337Z,2026-09-10T13:00:03.315495609Z,,,,3.1.55,
gitpython,156,PYSEC-2026-3952,CVE-2026-73623 GHSA-6p8h-3wgx-97gf,,2026-08-13T12:17:27.477Z,2026-09-10T13:00:04.176613331Z,,,,3.1.54,
gitpython,156,PYSEC-2026-3953,CVE-2026-73625 GHSA-r9mr-m37c-5fr3,,2026-08-13T12:17:27.753Z,2026-09-10T13:00:03.314243173Z,,,,3.1.54,
gitpython,156,PYSEC-2026-3980,CVE-2026-67326 GHSA-mv93-w799-cj2w,,2026-08-01T13:17:03.063Z,2026-09-17T09:00:03.365357969Z,,,,3.1.50,
gitpython,156,PYSEC-2026-3981,CVE-2026-69097 GHSA-3rp5-jjmw-4wv2,,2026-08-03T14:16:30.677Z,2026-09-17T09:00:03.367215284Z,,,,3.1.53,
gitpython,156,PYSEC-2026-3982,CVE-2026-87817 GHSA-239g-whfq-7xj9,,2026-09-09T12:17:16.830Z,2026-09-17T09:00:03.355630821Z,,,,3.1.60,
gitpython,156,PYSEC-2026-3983,CVE-2026-87818 GHSA-whh4-5q6c-9v3x,,2026-09-09T12:17:16.980Z,2026-09-21T08:15:02.528759790Z,,,,3.1.60,
gitpython,156,PYSEC-2026-3984,CVE-2026-87819 GHSA-g5vv-9gxw-82hx,,2026-09-09T12:17:17.120Z,2026-09-17T09:00:03.352876639Z,,,,3.1.60,
fonttools,157,GHSA-6673-4983-2vx5,CVE-2023-45139 PYSEC-2026-1388,HIGH,2024-01-09T16:01:10Z,2026-09-10T03:50:04.834179707Z,,2024-01-09T16:01:10Z,2024-01-10T16:15:46Z,4.43.0,fonttools XML External Entity Injection (XXE) Vulnerability
fonttools,157,GHSA-768j-98cg-p3fv,CVE-2025-66034 PYSEC-2026-1389,MODERATE,2025-12-01T19:07:00Z,2026-09-10T03:50:31.754255627Z,,2025-12-01T19:07:00Z,2025-11-29T01:16:02Z,4.60.2,fontTools is Vulnerable to Arbitrary File Write and XML injection in fontTools.varLib
fonttools,157,PYSEC-2026-1388,CVE-2023-45139 GHSA-6673-4983-2vx5,,2026-07-07T11:45:29.872888Z,2026-07-07T17:47:21.814862636Z,,,,4.43.0,fonttools XML External Entity Injection (XXE) Vulnerability
fonttools,157,PYSEC-2026-1389,CVE-2025-66034 GHSA-768j-98cg-p3fv,,2026-07-07T16:03:11.465612Z,2026-07-07T17:47:21.823307009Z,,,,4.60.2,fontTools is Vulnerable to Arbitrary File Write and XML injection in fontTools.varLib
langchain,158,GHSA-2qmj-7962-cjq8,CVE-2023-36258 PYSEC-2023-98,CRITICAL,2023-07-03T21:30:57Z,2024-11-22T23:04:53.400191Z,,2023-07-06T15:11:23Z,2023-07-03T21:15:09Z,0.0.247,langchain arbitrary code execution vulnerability
langchain,158,GHSA-3644-q5cj-c5c7,CVE-2026-45134 PYSEC-2026-2555 PYSEC-2026-2560 PYSEC-2026-2582,HIGH,2026-05-13T15:29:30Z,2026-09-10T03:51:04.416695616Z,,2026-05-13T15:29:30Z,2026-05-27T20:16:38Z,0.3.30,LangSmith SDK: Public prompt pull deserializes untrusted manifests without trust boundary warning
langchain,158,GHSA-3hjh-jh2h-vrg6,CVE-2024-2965 PYSEC-2024-118 PYSEC-2026-2561,MODERATE,2024-06-06T21:30:36Z,2026-07-13T16:43:37.506313050Z,,2024-06-06T22:20:20Z,2024-06-06T19:15:55Z,0.2.5,Denial of service in langchain-community
langchain,158,GHSA-45pg-36p6-83v9,CVE-2024-8309 PYSEC-2024-115 PYSEC-2026-1507,LOW,2024-10-29T15:32:05Z,2026-07-07T17:57:12.591755527Z,,2024-10-29T19:54:15Z,2024-10-29T13:15:10Z,0.2.0,Langchain SQL Injection vulnerability
langchain,158,GHSA-57fc-8q82-gfp3,CVE-2023-36188 PYSEC-2023-109,CRITICAL,2023-07-06T15:30:33Z,2026-07-06T15:00:09.441861606Z,,2023-07-06T21:08:40Z,2023-07-06T14:15:10Z,0.0.247,langchain vulnerable to arbitrary code execution
langchain,158,GHSA-655w-fm8m-m478,CVE-2023-46229 PYSEC-2023-205,HIGH,2023-10-19T06:30:23Z,2024-09-30T16:26:08.583699Z,,2023-10-19T16:35:44Z,2023-10-19T05:15:58Z,0.0.317,LangChain Server Side Request Forgery vulnerability
langchain,158,GHSA-6643-h7h5-x9wh,CVE-2023-34541 PYSEC-2023-92,CRITICAL,2023-06-20T15:31:09Z,2024-12-07T05:37:44.789430Z,,2023-06-21T22:09:21Z,2023-06-20T15:15:11Z,0.0.247,Langchain vulnerable to arbitrary code execution
langchain,158,GHSA-6h8p-4hx9-w66c,CVE-2023-32786 PYSEC-2026-1508,HIGH,2023-10-21T00:30:47Z,2026-07-07T17:57:20.555991364Z,,2023-10-24T01:36:13Z,2023-10-20T22:15:10Z,0.0.329,Langchain Server-Side Request Forgery vulnerability
langchain,158,GHSA-7gfq-f96f-g85j,CVE-2023-36281 PYSEC-2023-151,CRITICAL,2023-08-22T21:30:27Z,2024-09-30T16:36:44.050961Z,,2023-08-23T13:22:25Z,2023-08-22T19:16:36Z,0.0.312,langchain vulnerable to arbitrary code execution
langchain,158,GHSA-7q94-qpjr-xpgm,CVE-2023-36189 PYSEC-2023-110,HIGH,2023-07-06T15:30:33Z,2024-10-21T21:01:20.237777Z,,2023-07-06T21:11:05Z,2023-07-06T14:15:10Z,0.0.247,langchain SQL Injection vulnerability
langchain,158,GHSA-8h5w-f6q9-wg35,CVE-2023-32785 PYSEC-2026-372,CRITICAL,2023-10-21T00:30:47Z,2026-06-29T12:26:09.494263818Z,,2023-10-24T01:41:25Z,2023-10-20T22:15:10Z,0.0.247,Langchain SQL Injection vulnerability
langchain,158,GHSA-92j5-3459-qgp4,CVE-2023-38896 PYSEC-2023-146,CRITICAL,2023-08-15T18:31:32Z,2024-09-27T21:48:10.474794Z,,2023-08-15T21:18:47Z,2023-08-15T17:15:12Z,0.0.236,LangChain vulnerable to arbitrary code execution
langchain,158,GHSA-f73w-4m7g-ch9x,CVE-2023-39631 PYSEC-2023-162 PYSEC-2023-163,CRITICAL,2023-09-01T18:30:41Z,2025-02-20T23:01:00.348246Z,,2023-09-01T21:57:43Z,2023-09-01T16:15:08Z,0.0.308,Langchain vulnerable to arbitrary code execution via the evaluate function in the numexpr library
langchain,158,GHSA-fj32-q626-pjjc,CVE-2023-38860 PYSEC-2023-145,CRITICAL,2023-08-15T18:31:32Z,2024-09-27T18:01:17.289232Z,,2023-08-15T20:01:59Z,2023-08-15T17:15:11Z,0.0.247,LangChain vulnerable to arbitrary code execution
langchain,158,GHSA-fprp-p869-w6q2,CVE-2023-29374 PYSEC-2023-18,CRITICAL,2023-04-05T03:30:17Z,2025-02-12T18:43:20.461717Z,,2023-04-05T19:39:41Z,2023-04-05T02:15:00Z,,LangChain vulnerable to code injection
langchain,158,GHSA-gr75-jv2w-4656,CVE-2026-55443 PYSEC-2026-2192 PYSEC-2026-2556,MODERATE,2026-06-16T15:03:14Z,2026-09-10T03:51:08.737829576Z,,2026-06-16T15:03:14Z,2026-06-22T19:17:21Z,1.3.9,LangChain: Path traversal and sandbox escape in LangChain file-search middleware and loaders
langchain,158,GHSA-gwqq-6vq7-5j86,CVE-2023-36095 PYSEC-2023-138,CRITICAL,2023-08-05T03:30:19Z,2024-09-27T18:01:36.035324Z,,2023-08-09T14:11:52Z,2023-08-05T03:15:13Z,0.0.236,langchain Code Injection vulnerability
langchain,158,GHSA-h59x-p739-982c,CVE-2024-28088 PYSEC-2024-43 PYSEC-2024-45,LOW,2024-03-04T00:30:53Z,2024-12-03T05:59:19.205896Z,,2024-03-06T16:13:39Z,2024-03-04T00:15:47Z,0.0.339,LangChain directory traversal vulnerability
langchain,158,GHSA-h9j7-5xvc-qhg5,CVE-2024-0243 PYSEC-2024-235 PYSEC-2026-1509,LOW,2024-02-26T18:30:29Z,2026-07-07T17:56:41.991383859Z,,2024-02-26T20:56:21Z,2024-02-26T16:27:49Z,0.1.0,langchain Server-Side Request Forgery vulnerability
langchain,158,GHSA-prgp-w7vf-ch62,CVE-2023-39659 PYSEC-2023-147,CRITICAL,2023-08-15T18:31:32Z,2024-09-27T21:33:25.955251Z,,2023-08-15T20:01:29Z,2023-08-15T17:15:12Z,0.0.325,LangChain vulnerable to arbitrary code execution
langchain,158,GHSA-rgp8-pm28-3759,CVE-2024-3571 PYSEC-2026-1510,MODERATE,2024-04-16T00:30:34Z,2026-07-07T17:56:42.554873452Z,,2024-04-16T18:26:53Z,2024-04-16T00:15:12Z,0.0.353,langchain vulnerable to path traversal
langchain,158,GHSA-x32c-59v5-h7fg,CVE-2023-34540 PYSEC-2023-91,CRITICAL,2023-06-14T15:30:39Z,2025-02-21T05:28:32.059487Z,,2023-06-14T21:02:46Z,2023-06-14T15:15:10Z,0.0.225,Langchain OS Command Injection vulnerability
langchain,158,PYSEC-2023-109,CVE-2023-36188 GHSA-57fc-8q82-gfp3,,2023-07-06T14:15:00Z,2026-06-10T17:01:09.326674805Z,,,,0.0.247,
langchain,158,PYSEC-2023-110,CVE-2023-36189 GHSA-7q94-qpjr-xpgm,,2023-07-06T14:15:00Z,2026-06-10T17:01:09.253570203Z,,,,0.0.247,
langchain,158,PYSEC-2023-138,CVE-2023-36095 GHSA-gwqq-6vq7-5j86,,2023-08-05T03:15:00Z,2026-06-10T17:01:59.374667036Z,,,,0.0.236,
langchain,158,PYSEC-2023-145,CVE-2023-38860 GHSA-fj32-q626-pjjc,,2023-08-15T17:15:00Z,2026-06-10T17:01:59.588223152Z,,,,0.0.247,
langchain,158,PYSEC-2023-146,CVE-2023-38896 GHSA-92j5-3459-qgp4,,2023-08-15T17:15:00Z,2026-06-10T17:01:59.667484695Z,,,,0.0.195,
langchain,158,PYSEC-2023-147,CVE-2023-39659 GHSA-prgp-w7vf-ch62,,2023-08-15T17:15:00Z,2026-06-10T17:02:00.020660387Z,,,,0.0.233,
langchain,158,PYSEC-2023-151,CVE-2023-36281 GHSA-7gfq-f96f-g85j,,2023-08-22T19:16:00Z,2026-06-10T17:02:00.098771930Z,,,,0.0.171,
langchain,158,PYSEC-2023-162,CVE-2023-39631 GHSA-f73w-4m7g-ch9x PYSEC-2023-163,,2023-09-01T16:15:00Z,2023-11-08T04:13:15.129905Z,,,,0.0.308,
langchain,158,PYSEC-2023-18,CVE-2023-29374 GHSA-fprp-p869-w6q2,,2023-04-05T02:15:00Z,2026-06-10T17:01:57.057107444Z,,,,0.0.132,
langchain,158,PYSEC-2023-205,CVE-2023-46229 GHSA-655w-fm8m-m478,,2023-10-19T05:15:00Z,2026-06-10T17:01:57.192140358Z,,,,0.0.317,
langchain,158,PYSEC-2023-91,CVE-2023-34540 GHSA-x32c-59v5-h7fg,,2023-06-14T15:15:00Z,2026-06-10T17:01:57.225134351Z,,,,0.0.225,
langchain,158,PYSEC-2023-92,CVE-2023-34541 GHSA-6643-h7h5-x9wh,,2023-06-20T15:15:00Z,2026-06-10T17:01:57.456705303Z,,,,0.0.247,
langchain,158,PYSEC-2023-98,CVE-2023-36258 GHSA-2qmj-7962-cjq8,,2023-07-03T21:15:00Z,2026-06-10T17:01:58.047656384Z,,,,0.0.247,
langchain,158,PYSEC-2024-118,CVE-2024-2965 GHSA-3hjh-jh2h-vrg6 PYSEC-2026-2561,,2024-06-06T19:15:00Z,2026-07-13T16:43:37.506313050Z,,,,0.2.5,
langchain,158,PYSEC-2024-323,CVE-2024-5998 GHSA-f2jm-rw3h-6phg PYSEC-2026-1514,,2024-09-17T12:15:02.977Z,2026-07-13T07:26:23.643495355Z,,,,0.2.9,
langchain,158,PYSEC-2024-43,CVE-2024-28088 GHSA-h59x-p739-982c PYSEC-2024-45,,2024-03-04T00:15:00Z,2024-03-13T23:41:33.247986Z,,,,0.1.11,
langchain,158,PYSEC-2026-1507,CVE-2024-8309 GHSA-45pg-36p6-83v9 PYSEC-2024-115,,2026-07-07T14:34:43.617965Z,2026-07-07T17:57:12.591755527Z,,,,0.2.0,Langchain SQL Injection vulnerability
langchain,158,PYSEC-2026-1508,CVE-2023-32786 GHSA-6h8p-4hx9-w66c,,2026-07-07T11:45:26.029662Z,2026-07-07T17:46:48.007351783Z,,,,0.0.329,Langchain Server-Side Request Forgery vulnerability
langchain,158,PYSEC-2026-1509,CVE-2024-0243 GHSA-h9j7-5xvc-qhg5 PYSEC-2024-235,,2026-07-07T11:45:32.931836Z,2026-07-07T17:56:41.991383859Z,,,,0.1.0,langchain Server-Side Request Forgery vulnerability
langchain,158,PYSEC-2026-1510,CVE-2024-3571 GHSA-rgp8-pm28-3759,,2026-07-07T11:45:39.448710Z,2026-07-07T17:46:48.058667165Z,,,,0.0.353,langchain vulnerable to path traversal
langchain,158,PYSEC-2026-2192,CVE-2026-55443 GHSA-gr75-jv2w-4656 PYSEC-2026-2556,,2026-06-22T19:17:21.537Z,2026-07-13T16:43:09.845932020Z,,,,1.3.9,
langchain,158,PYSEC-2026-2555,CVE-2026-45134 GHSA-3644-q5cj-c5c7 PYSEC-2026-2560 PYSEC-2026-2582,,2026-07-13T15:15:46.836675Z,2026-07-13T16:43:39.736848907Z,,,,0.3.30,LangSmith SDK: Public prompt pull deserializes untrusted manifests without trust boundary warning
langchain,158,PYSEC-2026-372,CVE-2023-32785 GHSA-8h5w-f6q9-wg35,,2026-06-29T11:50:43.657008Z,2026-07-01T20:22:55.646349Z,,,,0.0.247,Langchain SQL Injection vulnerability
scikit-learn,162,GHSA-jjw5-xxj6-pcv5,CVE-2020-13092 PYSEC-2020-107,CRITICAL,2022-05-24T17:17:59Z,2024-10-22T18:05:32.284452Z,,2024-04-22T22:55:41Z,2020-05-15T19:15:00Z,,scikit-learn Deserialization of Untrusted Data
scikit-learn,162,GHSA-jw8x-6495-233v,CVE-2024-5206 PYSEC-2024-110,MODERATE,2024-06-06T21:30:37Z,2026-09-10T03:50:15.628224747Z,,2024-06-17T22:31:08Z,2024-06-06T19:16:06Z,1.5.0,scikit-learn sensitive data leakage vulnerability
scikit-learn,162,GHSA-jxfp-4rvq-9h9m,CVE-2020-28975 PYSEC-2020-108,HIGH,2022-05-24T17:34:40Z,2024-12-03T06:16:59.181481Z,,2024-02-01T20:59:15Z,2020-11-21T21:15:00Z,1.0.1,scikit-learn Denial of Service
scikit-learn,162,PYSEC-2020-107,CVE-2020-13092 GHSA-jjw5-xxj6-pcv5,,2020-05-15T19:15:00Z,2026-06-10T17:02:41.393980472Z,,,,0.23.1,
scikit-learn,162,PYSEC-2020-108,CVE-2020-28975 GHSA-jxfp-4rvq-9h9m,,2020-11-21T21:15:00Z,2026-06-10T17:02:41.379397513Z,,,,0.24.dev0,
scikit-learn,162,PYSEC-2024-110,CVE-2024-5206 GHSA-jw8x-6495-233v,,2024-06-06T19:16:00Z,2026-06-10T17:02:43.910139851Z,,,,1.5.0,
orjson,167,GHSA-hx9q-6w63-j58v,CVE-2025-67221 PYSEC-2026-107,HIGH,2026-01-22T18:30:33Z,2026-09-10T03:50:33.258377926Z,,2026-01-22T18:55:43Z,2026-01-22T17:16:01Z,3.11.6,orjson does not limit recursion for deeply nested JSON documents
orjson,167,GHSA-pwr2-4v36-6qpr,CVE-2024-27454 PYSEC-2024-40,HIGH,2024-02-26T18:30:31Z,2026-09-10T03:50:09.881449775Z,,2024-02-26T21:31:06Z,2024-02-26T16:28:00Z,3.9.15,orjson does not limit recursion for deeply nested JSON documents
orjson,167,PYSEC-2024-40,CVE-2024-27454 GHSA-pwr2-4v36-6qpr,,2024-02-26T16:28:00Z,2026-06-10T17:02:27.884394738Z,,,,3.9.15,
orjson,167,PYSEC-2026-107,CVE-2025-67221 GHSA-hx9q-6w63-j58v,,2026-01-22T17:16:01.433Z,2026-06-10T17:02:27.794281728Z,,,,3.11.5,
pynacl,169,GHSA-mrfv-m5wm-5w6w,CVE-2025-69277 PYSEC-2026-1448 PYSEC-2026-3002,MODERATE,2025-12-31T06:30:18Z,2026-09-10T03:50:32.114968115Z,,2026-01-06T17:12:24Z,2025-12-31T06:15:41Z,1.6.2,libsodium has Incomplete List of Disallowed Inputs
pynacl,169,PYSEC-2026-3002,CVE-2025-69277 GHSA-mrfv-m5wm-5w6w PYSEC-2026-1448,,2026-07-13T14:36:34.230612Z,2026-07-13T16:43:23.604670369Z,,,,1.6.2,libsodium has Incomplete List of Disallowed Inputs
azure-core,173,GHSA-jm66-cg57-jjv5,CVE-2026-21226 PYSEC-2026-1208,HIGH,2026-01-13T21:31:44Z,2026-09-10T03:50:33.330380695Z,,2026-01-13T21:57:47Z,2026-01-13T19:16:23Z,1.38.0,Azure Core is vulnerable to deserialization of untrusted data
azure-core,173,PYSEC-2026-1208,CVE-2026-21226 GHSA-jm66-cg57-jjv5,,2026-07-07T16:03:18.455480Z,2026-07-07T17:47:32.613512309Z,,,,1.38.0,Azure Core is vulnerable to deserialization of untrusted data
joblib,181,GHSA-6hrg-qmvc-2xh8,CVE-2022-21797 PYSEC-2022-288,CRITICAL,2022-09-27T00:00:22Z,2025-02-14T05:27:38.075091Z,,2022-09-30T04:44:04Z,2022-09-26T05:15:00Z,1.2.0,joblib vulnerable to arbitrary code execution
joblib,181,PYSEC-2022-288,CVE-2022-21797 GHSA-6hrg-qmvc-2xh8,,2022-09-26T05:15:00Z,2026-06-10T17:01:53.951213026Z,,,,1.2.0,
mako,183,GHSA-2h4p-vjrc-8xpq,CVE-2026-44307 PYSEC-2026-2617,HIGH,2026-05-06T21:45:16Z,2026-09-10T03:50:45.452547864Z,,2026-05-06T21:45:16Z,2026-05-12T22:16:37Z,1.3.12,Mako vulnerable to path traversal via backslash URI on Windows in TemplateLookup
mako,183,GHSA-7q8x-38mc-p84f,CVE-2010-2480 PYSEC-2010-1,MODERATE,2022-05-17T05:48:31Z,2024-09-30T20:26:39.089654Z,,2023-02-04T00:15:40Z,2010-07-02T19:00:00Z,0.3.4,Mako contains Cross-site Scripting vulnerability
mako,183,GHSA-v92g-xgxw-vvmm,CVE-2026-41205 PYSEC-2026-88,HIGH,2026-04-16T21:16:40Z,2026-09-10T03:51:03.377000392Z,,2026-04-16T21:16:40Z,2026-04-23T19:17:29Z,1.3.11,Mako: Path traversal via double-slash URI prefix in TemplateLookup
mako,183,GHSA-v973-fxgf-6xhp,CVE-2022-40023 PYSEC-2022-260,HIGH,2022-09-16T17:20:25Z,2025-12-03T15:46:59.399133Z,,2022-09-16T17:20:25Z,2022-09-07T13:15:00Z,1.2.2,mako is vulnerable to Regular Expression Denial of Service
mako,183,PYSEC-2010-1,CVE-2010-2480 GHSA-7q8x-38mc-p84f,,2010-07-02T19:00:00Z,2026-06-10T17:00:40.513369422Z,,,,0.3.4,
mako,183,PYSEC-2022-260,CVE-2022-40023 GHSA-v973-fxgf-6xhp,,2022-09-07T13:15:00Z,2023-11-08T04:10:22.118239Z,,,,1.2.2,
mako,183,PYSEC-2026-2617,CVE-2026-44307 GHSA-2h4p-vjrc-8xpq,,2026-07-13T15:15:39.881159Z,2026-07-13T16:32:12.378322773Z,,,,1.3.12,Mako vulnerable to path traversal via backslash URI on Windows in TemplateLookup
mako,183,PYSEC-2026-88,CVE-2026-41205 GHSA-v92g-xgxw-vvmm,,2026-04-23T19:17:29.270Z,2026-05-20T09:19:06.232960Z,,,,1.3.11,
h2,187,GHSA-6hr6-w5qg-qmwg,CVE-2026-71554 PYSEC-2026-3628,MODERATE,2026-08-06T21:53:41Z,2026-09-10T03:51:13.136510577Z,,2026-08-06T21:53:41Z,,4.4.1,h2: Duplicate Host header could facilitate request smuggling
h2,187,GHSA-847f-9342-265h,CVE-2025-57804 PYSEC-2026-1435,MODERATE,2025-08-25T20:44:43Z,2026-09-10T03:50:26.965133425Z,,2025-08-25T20:44:43Z,2025-08-25T21:15:37Z,4.3.0,h2 allows HTTP Request Smuggling due to illegal characters in headers
h2,187,PYSEC-2026-1435,CVE-2025-57804 GHSA-847f-9342-265h,,2026-07-07T16:03:01.951354Z,2026-07-07T17:47:39.182570446Z,,,,4.3.0,h2 allows HTTP Request Smuggling due to illegal characters in headers
h2,187,PYSEC-2026-3628,CVE-2026-71554 GHSA-6hr6-w5qg-qmwg,,2026-08-10T10:43:51.432758Z,2026-08-10T11:30:11.413688625Z,,,,4.4.1,h2: Duplicate Host header could facilitate request smuggling
azure-identity,188,GHSA-m5vv-6r4h-3vj9,CVE-2024-35255 GO-2024-2918 PYSEC-2026-1209,MODERATE,2024-06-11T18:30:50Z,2026-09-10T03:50:17.839035905Z,,2024-06-11T19:57:01Z,2024-06-11T17:16:03Z,1.16.1,Azure Identity Libraries and Microsoft Authentication Library Elevation of Privilege Vulnerability
azure-identity,188,PYSEC-2026-1209,CVE-2024-35255 GHSA-m5vv-6r4h-3vj9 GO-2024-2918,,2026-07-07T14:34:34.609113Z,2026-07-07T17:57:23.206090382Z,,,,1.16.1,Azure Identity Libraries and Microsoft Authentication Library Elevation of Privilege Vulnerability
keyring,189,GHSA-8867-vpm3-g98g,CVE-2012-5578 PYSEC-2019-182,HIGH,2020-03-10T20:56:41Z,2024-09-27T21:47:17.109124Z,,2020-03-10T20:56:29Z,,0.10,Incorrect Default Permissions in keyring
keyring,189,GHSA-p3h7-3c45-qj4v,CVE-2012-4571 PYSEC-2012-8,HIGH,2022-05-17T05:18:21Z,2024-09-27T17:35:00.524030Z,,2023-08-29T21:40:04Z,2012-11-30T22:55:00Z,0.9.2,Python Keyring does not securely initialize encryption cipher
keyring,189,GHSA-p86x-652p-6385,CVE-2012-5577 PYSEC-2019-181,HIGH,2020-03-11T21:36:38Z,2024-09-27T18:34:49.184551Z,,2020-03-11T21:36:23Z,,0.10,Incorrect Default Permissions in keyring
keyring,189,PYSEC-2012-8,CVE-2012-4571 GHSA-p3h7-3c45-qj4v,,2012-11-30T22:55:00Z,2026-06-10T17:01:57.006905394Z,,,,0.9.2,
keyring,189,PYSEC-2019-181,CVE-2012-5577 GHSA-p86x-652p-6385,,2019-10-28T17:15:00Z,2023-11-08T03:57:10.031819Z,,,,0.10,
keyring,189,PYSEC-2019-182,CVE-2012-5578 GHSA-8867-vpm3-g98g,,2019-11-25T13:15:00Z,2023-11-08T03:57:10.093723Z,,,,0.10.1,
hpack,194,GHSA-8v8h-hg4w-mvq2,CVE-2026-59980,MODERATE,2026-09-24T19:43:26Z,2026-09-24T20:00:05.127253557Z,,2026-09-24T19:43:26Z,2026-09-23T23:17:11Z,4.2.0,hpack: Unbounded variable integer decoding can cause run-away computation on malformed input
hpack,194,GHSA-ffq8-576r-v26g,CVE-2016-6581 PYSEC-2017-87,HIGH,2019-07-05T21:11:05Z,2024-11-30T05:39:01.605415Z,,2020-06-16T21:34:33Z,,2.3.0,HPACK Denial of Service vulnerability (HPACK Bomb)
hpack,194,PYSEC-2017-87,CVE-2016-6581 GHSA-ffq8-576r-v26g,,2017-01-10T15:59:00Z,2023-11-08T03:58:32.800713Z,,,,2.3.0,
flask,196,GHSA-4grg-w6v8-c28g,CVE-2025-47278 PYSEC-2026-1377,LOW,2025-05-13T20:25:26Z,2026-09-10T03:50:24.238504042Z,,2025-05-13T20:25:26Z,2025-05-13T16:15:32Z,3.1.1,Flask uses fallback key instead of current signing key
flask,196,GHSA-562c-5r94-xh97,CVE-2018-1000656 PYSEC-2018-66,HIGH,2018-08-23T19:10:40Z,2025-02-21T05:29:40.872529Z,,2020-06-16T21:00:05Z,,0.12.3,Flask is vulnerable to Denial of Service via incorrect encoding of JSON data
flask,196,GHSA-5wv5-4vpf-pj6m,CVE-2019-1010083 PYSEC-2019-179,HIGH,2019-07-19T16:12:46Z,2024-09-20T21:24:25.140560Z,,2019-07-19T04:59:45Z,2019-07-17T14:15:00Z,1.0,Pallets Project Flask is vulnerable to Denial of Service via Unexpected memory usage
flask,196,GHSA-68rp-wp8r-4726,CVE-2026-27205 PYSEC-2026-2151,LOW,2026-02-19T20:45:41Z,2026-09-10T03:49:54.354981590Z,,2026-02-19T20:45:41Z,2026-02-21T06:17:00Z,3.1.3,Flask session does not add `Vary: Cookie` header when accessed in some ways
flask,196,GHSA-m2qf-hxjv-5gpq,CVE-2023-30861 PYSEC-2023-62,HIGH,2023-05-01T19:22:20Z,2026-09-10T03:50:01.763387498Z,,2023-05-01T19:22:20Z,2023-05-02T18:15:52Z,2.3.2 2.2.5,Flask vulnerable to possible disclosure of permanent session cookie due to missing Vary: Cookie header
flask,196,PYSEC-2018-66,CVE-2018-1000656 GHSA-562c-5r94-xh97,,2018-08-20T19:31:00Z,2023-11-08T03:59:39.887416Z,,,,0.12.3,
flask,196,PYSEC-2019-179,CVE-2019-1010083 GHSA-5wv5-4vpf-pj6m,,2019-07-17T14:15:00Z,2023-11-08T04:00:40.602062Z,,,,1.0,
flask,196,PYSEC-2023-62,CVE-2023-30861 GHSA-m2qf-hxjv-5gpq,,2023-05-02T18:15:00Z,2023-11-08T04:12:28.231927Z,,,,2.2.5 2.3.2,
flask,196,PYSEC-2026-1377,CVE-2025-47278 GHSA-4grg-w6v8-c28g,,2026-07-07T16:02:52.410162Z,2026-07-07T17:47:38.870624830Z,,,,3.1.1,Flask uses fallback key instead of current signing key
flask,196,PYSEC-2026-2151,CVE-2026-27205 GHSA-68rp-wp8r-4726,,2026-02-21T06:17:00.910Z,2026-07-13T07:15:25.033843440Z,,,,3.1.3,
