build_id,pair_id,role,commit,path,target,context,class,sub,reason,flags,decided_by,judge_reason,names_L,spec,own_pkgs,own_spec,other_pin,T_files,T_lock,pypi,pypi_spec,installers,effects,notes
P001-s1-0,P001,snapshot,d367d1dc0f27,containers/Dockerfile,,,1,,uv sync with lock uv.lock,may re-lock,script,,,,,,,uv.lock,yes,,,uv,others::named package pipx || others::named package uv || T::uv sync with lock uv.lock || T::uv sync with lock uv.lock,
P001-s1-1,P001,snapshot,d367d1dc0f27,containers/Dockerfile,production,,1,,uv sync with lock uv.lock,may re-lock,script,,,,,,,uv.lock,yes,,,uv,others::named package pipx || others::named package uv || T::uv sync with lock uv.lock || T::uv sync with lock uv.lock,
P001-s1-2,P001,snapshot,d367d1dc0f27,containers/Dockerfile,testing,,1,,uv sync with lock uv.lock,may re-lock,script,,,,,,,uv.lock,yes,,,uv,others::named package pipx || others::named package uv || T::uv sync with lock uv.lock || T::uv sync with lock uv.lock || T::uv sync with lock uv.lock,
P001-s1-3,P001,snapshot,d367d1dc0f27,containers/Dockerfile,publish,,1,,uv sync with lock uv.lock,,script,,,,,,,uv.lock,yes,,,uv,others::named package pipx || others::named package uv || T::uv sync with lock uv.lock,
P001-s2-0,P001,snapshot,d367d1dc0f27,containers/Dockerfile.envoy,,,5,no Python install,,,script,,,,,,,,no,,,,,
P001-s3-0,P001,snapshot,d367d1dc0f27,containers/Dockerfile.mock,,containers,5,other named packages only,,,script,,,,,,,,no,,,,others::named package fastapi || others::named package uvicorn || others::named package pyyaml,
P001-s4-0,P001,snapshot,d367d1dc0f27,containers/Dockerfile.moto,,containers,5,other named packages only,,,script,,,,,,,,no,,,,others::named package moto,
P001-h1-0,P001,head,43929a63d826,containers/Dockerfile,,,1,,uv sync with lock uv.lock,may re-lock,script,,,,,,,uv.lock,yes,,,uv,others::named package pipx || others::named package uv || T::uv sync with lock uv.lock || T::uv sync with lock uv.lock,
P001-h1-1,P001,head,43929a63d826,containers/Dockerfile,production,,1,,uv sync with lock uv.lock,may re-lock,script,,,,,,,uv.lock,yes,,,uv,others::named package pipx || others::named package uv || T::uv sync with lock uv.lock || T::uv sync with lock uv.lock,
P001-h1-2,P001,head,43929a63d826,containers/Dockerfile,testing,,1,,uv sync with lock uv.lock,may re-lock,script,,,,,,,uv.lock,yes,,,uv,others::named package pipx || others::named package uv || T::uv sync with lock uv.lock || T::uv sync with lock uv.lock || T::uv sync with lock uv.lock,
P001-h1-3,P001,head,43929a63d826,containers/Dockerfile,publish,,1,,uv sync with lock uv.lock,,script,,,,,,,uv.lock,yes,,,uv,others::named package pipx || others::named package uv || T::uv sync with lock uv.lock,
P001-h2-0,P001,head,43929a63d826,containers/Dockerfile.envoy,,,5,no Python install,,,script,,,,,,,,no,,,,,
P001-h3-0,P001,head,43929a63d826,containers/Dockerfile.mock,,containers,5,other named packages only,,,script,,,,,,,,no,,,,others::named package fastapi || others::named package uvicorn || others::named package pyyaml,
P001-h4-0,P001,head,43929a63d826,containers/Dockerfile.moto,,containers,5,other named packages only,,,script,,,,,,,,no,,,,others::named package moto,
P013-s1-0,P013,snapshot,904373abf472,Dockerfile,,,1,,uv sync with lock uv.lock,,script,,,,,,,uv.lock,yes,,,uv,T::uv sync with lock uv.lock || T::uv sync with lock uv.lock,
P013-s1-1,P013,snapshot,904373abf472,Dockerfile,base,,1,,uv sync with lock uv.lock,,script,,,,,,,uv.lock,yes,,,uv,T::uv sync with lock uv.lock || T::uv sync with lock uv.lock,
P014-s1-0,P014,snapshot,7424073216db,Dockerfile,,,1,,uv sync with lock uv.lock,,script,,,,,,,uv.lock,yes,,,uv,T::uv sync with lock uv.lock || T::uv sync with lock uv.lock,
P014-s1-1,P014,snapshot,7424073216db,Dockerfile,base,,1,,uv sync with lock uv.lock,,script,,,,,,,uv.lock,yes,,,uv,T::uv sync with lock uv.lock || T::uv sync with lock uv.lock,
P013-h1-0,P013,head,47188f37d069,Dockerfile,,,1,,uv sync with lock uv.lock,,script,,,,,,,uv.lock,yes,,,uv,T::uv sync with lock uv.lock || T::uv sync with lock uv.lock || T::uv sync with lock uv.lock,
P014-h1-0,P014,head,47188f37d069,Dockerfile,,,1,,uv sync with lock uv.lock,,script,,,,,,,uv.lock,yes,,,uv,T::uv sync with lock uv.lock || T::uv sync with lock uv.lock || T::uv sync with lock uv.lock,
P013-h1-1,P013,head,47188f37d069,Dockerfile,core,,1,,uv sync with lock uv.lock,,script,,,,,,,uv.lock,yes,,,uv,T::uv sync with lock uv.lock || T::uv sync with lock uv.lock,
P014-h1-1,P014,head,47188f37d069,Dockerfile,core,,1,,uv sync with lock uv.lock,,script,,,,,,,uv.lock,yes,,,uv,T::uv sync with lock uv.lock || T::uv sync with lock uv.lock,
P013-h1-2,P013,head,47188f37d069,Dockerfile,full,,1,,uv sync with lock uv.lock,,script,,,,,,,uv.lock,yes,,,uv,T::uv sync with lock uv.lock || T::uv sync with lock uv.lock || T::uv sync with lock uv.lock,
P014-h1-2,P014,head,47188f37d069,Dockerfile,full,,1,,uv sync with lock uv.lock,,script,,,,,,,uv.lock,yes,,,uv,T::uv sync with lock uv.lock || T::uv sync with lock uv.lock || T::uv sync with lock uv.lock,
P017-s1-0,P017,snapshot,91f5fa6ff26b,Dockerfile,,,1,,"the manifest takes its dependencies from requirements.txt (T), which is in the build; installing the project takes L from it",,writer,manifest names T file requirements.txt (read pattern yes; T file available yes),,,,,,,no,,,-r manifest,T::-r requirements.txt || judge::manifest names T file requirements.txt (read pattern yes; T file available yes),
P017-h1-0,P017,head,1c155a3c2923,Dockerfile,,,1,,"the manifest takes its dependencies from requirements.txt (T), which is in the build; installing the project takes L from it",,writer,manifest names T file requirements.txt (read pattern yes; T file available yes),,,,,,,no,,,-r manifest,T::-r requirements.txt || judge::manifest names T file requirements.txt (read pattern yes; T file available yes),
P020-s1-0,P020,snapshot,2dd40fce4442,benchmark/Dockerfile,,benchmark,6,would not build,"rule (2) fixes the context at benchmark/, since COPY . /aider needs nothing else; /aider then holds no manifest and `uv pip install -e /aider[dev]` would fail",,writer,no manifest found for /aider[dev] at /aider,,,,,,,no,,,no,others::named package pip || others::named package uv || judge::no manifest found for /aider[dev] at /aider,script rustup.sh not in the repository (not copied)
P020-s2-0,P020,snapshot,2dd40fce4442,docker/Dockerfile,,,1,,"the manifest takes its dependencies from requirements.txt (T), which is in the build; installing the project takes L from it",,writer,manifest names T file requirements.txt (read pattern yes; T file available yes),,,,,,,yes,,,manifest,others::named package pip || judge::manifest names T file requirements.txt (read pattern yes; T file available yes) || others::named package boto3 || others::named package google-cloud-aiplatform,script aider not in the repository (not copied)
P020-s2-1,P020,snapshot,2dd40fce4442,docker/Dockerfile,aider,,1,,"the manifest takes its dependencies from requirements.txt (T), which is in the build; installing the project takes L from it",,writer,manifest names T file requirements.txt (read pattern yes; T file available yes),,,,,,,yes,,,manifest,others::named package pip || judge::manifest names T file requirements.txt (read pattern yes; T file available yes) || others::named package boto3 || others::named package google-cloud-aiplatform,script aider not in the repository (not copied)
P020-s2-2,P020,snapshot,2dd40fce4442,docker/Dockerfile,aider-full,,1,,"the manifest takes its dependencies from requirements.txt (T), which is in the build; installing the project takes L from it",,writer,manifest names T file requirements.txt (read pattern yes; T file available yes),,,,,,,yes,,,manifest,others::named package pip || judge::manifest names T file requirements.txt (read pattern yes; T file available yes) || others::named package boto3,script aider not in the repository (not copied)
P020-s3-0,P020,snapshot,2dd40fce4442,scripts/Dockerfile.jekyll,,,5,no Python install,same class in every candidate context,,script,,,,,,,,,,,,,
P021-s1-0,P021,snapshot,edfe0c801b49,benchmark/Dockerfile,,benchmark,6,would not build,"rule (2) fixes the context at benchmark/, since COPY . /aider needs nothing else; /aider then holds no manifest and `uv pip install -e /aider[dev]` would fail",,writer,no manifest found for /aider[dev] at /aider,,,,,,,no,,,no,others::named package pip || others::named package uv || judge::no manifest found for /aider[dev] at /aider,script rustup.sh not in the repository (not copied)
P021-s2-0,P021,snapshot,edfe0c801b49,docker/Dockerfile,,,1,,"the manifest takes its dependencies from requirements.txt (T), which is in the build; installing the project takes L from it",,writer,manifest names T file requirements.txt (read pattern yes; T file available yes),,,,,,,yes,,,manifest,others::named package pip || judge::manifest names T file requirements.txt (read pattern yes; T file available yes) || others::named package boto3 || others::named package google-cloud-aiplatform,script aider not in the repository (not copied)
P021-s2-1,P021,snapshot,edfe0c801b49,docker/Dockerfile,aider,,1,,"the manifest takes its dependencies from requirements.txt (T), which is in the build; installing the project takes L from it",,writer,manifest names T file requirements.txt (read pattern yes; T file available yes),,,,,,,yes,,,manifest,others::named package pip || judge::manifest names T file requirements.txt (read pattern yes; T file available yes) || others::named package boto3 || others::named package google-cloud-aiplatform,script aider not in the repository (not copied)
P021-s2-2,P021,snapshot,edfe0c801b49,docker/Dockerfile,aider-full,,1,,"the manifest takes its dependencies from requirements.txt (T), which is in the build; installing the project takes L from it",,writer,manifest names T file requirements.txt (read pattern yes; T file available yes),,,,,,,yes,,,manifest,others::named package pip || judge::manifest names T file requirements.txt (read pattern yes; T file available yes) || others::named package boto3,script aider not in the repository (not copied)
P021-s3-0,P021,snapshot,edfe0c801b49,scripts/Dockerfile.jekyll,,,5,no Python install,,,script,,,,,,,,no,,,,,script docker-entrypoint.sh not in the repository (not copied)
P022-s1-0,P022,snapshot,bdb4d9ff8ef8,benchmark/Dockerfile,,benchmark,6,would not build,"rule (2) fixes the context at benchmark/, since COPY . /aider needs nothing else; /aider then holds no manifest and `uv pip install -e /aider[dev]` would fail",,writer,no manifest found for /aider[dev] at /aider,,,,,,,no,,,no,others::named package pip || others::named package uv || judge::no manifest found for /aider[dev] at /aider,script rustup.sh not in the repository (not copied)
P023-s1-0,P023,snapshot,bdb4d9ff8ef8,benchmark/Dockerfile,,benchmark,6,would not build,"rule (2) fixes the context at benchmark/, since COPY . /aider needs nothing else; /aider then holds no manifest and `uv pip install -e /aider[dev]` would fail",,writer,no manifest found for /aider[dev] at /aider,,,,,,,no,,,no,others::named package pip || others::named package uv || judge::no manifest found for /aider[dev] at /aider,script rustup.sh not in the repository (not copied)
P024-s1-0,P024,snapshot,bdb4d9ff8ef8,benchmark/Dockerfile,,benchmark,6,would not build,"rule (2) fixes the context at benchmark/, since COPY . /aider needs nothing else; /aider then holds no manifest and `uv pip install -e /aider[dev]` would fail",,writer,no manifest found for /aider[dev] at /aider,,,,,,,no,,,no,others::named package pip || others::named package uv || judge::no manifest found for /aider[dev] at /aider,script rustup.sh not in the repository (not copied)
P022-s2-0,P022,snapshot,bdb4d9ff8ef8,docker/Dockerfile,,,1,,"the manifest takes its dependencies from requirements.txt (T), which is in the build; installing the project takes L from it",,writer,manifest names T file requirements.txt (read pattern yes; T file available yes),,,,,,,yes,,,manifest,others::named package pip || judge::manifest names T file requirements.txt (read pattern yes; T file available yes) || others::named package boto3 || others::named package google-cloud-aiplatform,script aider not in the repository (not copied)
P023-s2-0,P023,snapshot,bdb4d9ff8ef8,docker/Dockerfile,,,1,,"the manifest takes its dependencies from requirements.txt (T), which is in the build; installing the project takes L from it",,writer,manifest names T file requirements.txt (read pattern yes; T file available yes),,,,,,,yes,,,manifest,others::named package pip || judge::manifest names T file requirements.txt (read pattern yes; T file available yes) || others::named package boto3 || others::named package google-cloud-aiplatform,script aider not in the repository (not copied)
P024-s2-0,P024,snapshot,bdb4d9ff8ef8,docker/Dockerfile,,,1,,"the manifest takes its dependencies from requirements.txt (T), which is in the build; installing the project takes L from it",,writer,manifest names T file requirements.txt (read pattern yes; T file available yes),,,,,,,yes,,,manifest,others::named package pip || judge::manifest names T file requirements.txt (read pattern yes; T file available yes) || others::named package boto3 || others::named package google-cloud-aiplatform,script aider not in the repository (not copied)
P022-s2-1,P022,snapshot,bdb4d9ff8ef8,docker/Dockerfile,aider,,1,,"the manifest takes its dependencies from requirements.txt (T), which is in the build; installing the project takes L from it",,writer,manifest names T file requirements.txt (read pattern yes; T file available yes),,,,,,,yes,,,manifest,others::named package pip || judge::manifest names T file requirements.txt (read pattern yes; T file available yes) || others::named package boto3 || others::named package google-cloud-aiplatform,script aider not in the repository (not copied)
P023-s2-1,P023,snapshot,bdb4d9ff8ef8,docker/Dockerfile,aider,,1,,"the manifest takes its dependencies from requirements.txt (T), which is in the build; installing the project takes L from it",,writer,manifest names T file requirements.txt (read pattern yes; T file available yes),,,,,,,yes,,,manifest,others::named package pip || judge::manifest names T file requirements.txt (read pattern yes; T file available yes) || others::named package boto3 || others::named package google-cloud-aiplatform,script aider not in the repository (not copied)
P024-s2-1,P024,snapshot,bdb4d9ff8ef8,docker/Dockerfile,aider,,1,,"the manifest takes its dependencies from requirements.txt (T), which is in the build; installing the project takes L from it",,writer,manifest names T file requirements.txt (read pattern yes; T file available yes),,,,,,,yes,,,manifest,others::named package pip || judge::manifest names T file requirements.txt (read pattern yes; T file available yes) || others::named package boto3 || others::named package google-cloud-aiplatform,script aider not in the repository (not copied)
P022-s2-2,P022,snapshot,bdb4d9ff8ef8,docker/Dockerfile,aider-full,,1,,"the manifest takes its dependencies from requirements.txt (T), which is in the build; installing the project takes L from it",,writer,manifest names T file requirements.txt (read pattern yes; T file available yes),,,,,,,yes,,,manifest,others::named package pip || judge::manifest names T file requirements.txt (read pattern yes; T file available yes) || others::named package boto3,script aider not in the repository (not copied)
P023-s2-2,P023,snapshot,bdb4d9ff8ef8,docker/Dockerfile,aider-full,,1,,"the manifest takes its dependencies from requirements.txt (T), which is in the build; installing the project takes L from it",,writer,manifest names T file requirements.txt (read pattern yes; T file available yes),,,,,,,yes,,,manifest,others::named package pip || judge::manifest names T file requirements.txt (read pattern yes; T file available yes) || others::named package boto3,script aider not in the repository (not copied)
P024-s2-2,P024,snapshot,bdb4d9ff8ef8,docker/Dockerfile,aider-full,,1,,"the manifest takes its dependencies from requirements.txt (T), which is in the build; installing the project takes L from it",,writer,manifest names T file requirements.txt (read pattern yes; T file available yes),,,,,,,yes,,,manifest,others::named package pip || judge::manifest names T file requirements.txt (read pattern yes; T file available yes) || others::named package boto3,script aider not in the repository (not copied)
P022-s3-0,P022,snapshot,bdb4d9ff8ef8,scripts/Dockerfile.jekyll,,,5,no Python install,,,script,,,,,,,,no,,,,,script docker-entrypoint.sh not in the repository (not copied)
P023-s3-0,P023,snapshot,bdb4d9ff8ef8,scripts/Dockerfile.jekyll,,,5,no Python install,,,script,,,,,,,,no,,,,,script docker-entrypoint.sh not in the repository (not copied)
P024-s3-0,P024,snapshot,bdb4d9ff8ef8,scripts/Dockerfile.jekyll,,,5,no Python install,,,script,,,,,,,,no,,,,,script docker-entrypoint.sh not in the repository (not copied)
P025-s1-0,P025,snapshot,928bb49c4b5f,benchmark/Dockerfile,,benchmark,6,would not build,"rule (2) fixes the context at benchmark/, since COPY . /aider needs nothing else; /aider then holds no manifest and `uv pip install -e /aider[dev]` would fail",,writer,no manifest found for /aider[dev] at /aider,,,,,,,no,,,no,others::named package pip || others::named package uv || judge::no manifest found for /aider[dev] at /aider,script rustup.sh not in the repository (not copied)
P025-s2-0,P025,snapshot,928bb49c4b5f,docker/Dockerfile,,,1,,"the manifest takes its dependencies from requirements.txt (T), which is in the build; installing the project takes L from it",,writer,manifest names T file requirements.txt (read pattern yes; T file available yes),,,,,,,yes,,,manifest,others::named package pip || judge::manifest names T file requirements.txt (read pattern yes; T file available yes) || others::named package boto3 || others::named package google-cloud-aiplatform,script aider not in the repository (not copied)
P025-s2-1,P025,snapshot,928bb49c4b5f,docker/Dockerfile,aider,,1,,"the manifest takes its dependencies from requirements.txt (T), which is in the build; installing the project takes L from it",,writer,manifest names T file requirements.txt (read pattern yes; T file available yes),,,,,,,yes,,,manifest,others::named package pip || judge::manifest names T file requirements.txt (read pattern yes; T file available yes) || others::named package boto3 || others::named package google-cloud-aiplatform,script aider not in the repository (not copied)
P025-s2-2,P025,snapshot,928bb49c4b5f,docker/Dockerfile,aider-full,,1,,"the manifest takes its dependencies from requirements.txt (T), which is in the build; installing the project takes L from it",,writer,manifest names T file requirements.txt (read pattern yes; T file available yes),,,,,,,yes,,,manifest,others::named package pip || judge::manifest names T file requirements.txt (read pattern yes; T file available yes) || others::named package boto3,script aider not in the repository (not copied)
P025-s3-0,P025,snapshot,928bb49c4b5f,scripts/Dockerfile.jekyll,,,5,no Python install,,,script,,,,,,,,no,,,,,script docker-entrypoint.sh not in the repository (not copied)
P026-s1-0,P026,snapshot,3ec8ec5a7d69,benchmark/Dockerfile,,benchmark,6,would not build,"rule (2) fixes the context at benchmark/, since COPY . /aider needs nothing else; /aider then holds no manifest and `uv pip install -e /aider[dev]` would fail",,writer,no manifest found for /aider[dev] at /aider,,,,,,,no,,,no,others::named package pip || others::named package uv || judge::no manifest found for /aider[dev] at /aider,script rustup.sh not in the repository (not copied)
P026-s2-0,P026,snapshot,3ec8ec5a7d69,docker/Dockerfile,,,1,,"the manifest takes its dependencies from requirements.txt (T), which is in the build; installing the project takes L from it",,writer,manifest names T file requirements.txt (read pattern yes; T file available yes),,,,,,,yes,,,manifest,others::named package pip || judge::manifest names T file requirements.txt (read pattern yes; T file available yes) || others::named package boto3 || others::named package google-cloud-aiplatform,script aider not in the repository (not copied)
P026-s2-1,P026,snapshot,3ec8ec5a7d69,docker/Dockerfile,aider,,1,,"the manifest takes its dependencies from requirements.txt (T), which is in the build; installing the project takes L from it",,writer,manifest names T file requirements.txt (read pattern yes; T file available yes),,,,,,,yes,,,manifest,others::named package pip || judge::manifest names T file requirements.txt (read pattern yes; T file available yes) || others::named package boto3 || others::named package google-cloud-aiplatform,script aider not in the repository (not copied)
P026-s2-2,P026,snapshot,3ec8ec5a7d69,docker/Dockerfile,aider-full,,1,,"the manifest takes its dependencies from requirements.txt (T), which is in the build; installing the project takes L from it",,writer,manifest names T file requirements.txt (read pattern yes; T file available yes),,,,,,,yes,,,manifest,others::named package pip || judge::manifest names T file requirements.txt (read pattern yes; T file available yes) || others::named package boto3,script aider not in the repository (not copied)
P026-s3-0,P026,snapshot,3ec8ec5a7d69,scripts/Dockerfile.jekyll,,,5,no Python install,,,script,,,,,,,,no,,,,,script docker-entrypoint.sh not in the repository (not copied)
P027-s1-0,P027,snapshot,5dc9490bb35f,benchmark/Dockerfile,,benchmark,6,would not build,"rule (2) fixes the context at benchmark/, since COPY . /aider needs nothing else; /aider then holds no manifest and `uv pip install -e /aider[dev]` would fail",,writer,no manifest found for /aider[dev] at /aider,,,,,,,no,,,no,others::named package pip || others::named package uv || judge::no manifest found for /aider[dev] at /aider,script rustup.sh not in the repository (not copied)
P027-s2-0,P027,snapshot,5dc9490bb35f,docker/Dockerfile,,,1,,"the manifest takes its dependencies from requirements.txt (T), which is in the build; installing the project takes L from it",,writer,manifest names T file requirements.txt (read pattern yes; T file available yes),,,,,,,yes,,,manifest,others::named package pip || judge::manifest names T file requirements.txt (read pattern yes; T file available yes) || others::named package boto3 || others::named package google-cloud-aiplatform,script aider not in the repository (not copied)
P027-s2-1,P027,snapshot,5dc9490bb35f,docker/Dockerfile,aider,,1,,"the manifest takes its dependencies from requirements.txt (T), which is in the build; installing the project takes L from it",,writer,manifest names T file requirements.txt (read pattern yes; T file available yes),,,,,,,yes,,,manifest,others::named package pip || judge::manifest names T file requirements.txt (read pattern yes; T file available yes) || others::named package boto3 || others::named package google-cloud-aiplatform,script aider not in the repository (not copied)
P027-s2-2,P027,snapshot,5dc9490bb35f,docker/Dockerfile,aider-full,,1,,"the manifest takes its dependencies from requirements.txt (T), which is in the build; installing the project takes L from it",,writer,manifest names T file requirements.txt (read pattern yes; T file available yes),,,,,,,yes,,,manifest,others::named package pip || judge::manifest names T file requirements.txt (read pattern yes; T file available yes) || others::named package boto3,script aider not in the repository (not copied)
P027-s3-0,P027,snapshot,5dc9490bb35f,scripts/Dockerfile.jekyll,,,5,no Python install,,,script,,,,,,,,no,,,,,script docker-entrypoint.sh not in the repository (not copied)
P020-h1-0,P020,head,5dc9490bb35f,benchmark/Dockerfile,,benchmark,6,would not build,"rule (2) fixes the context at benchmark/, since COPY . /aider needs nothing else; /aider then holds no manifest and `uv pip install -e /aider[dev]` would fail",,writer,no manifest found for /aider[dev] at /aider,,,,,,,no,,,no,others::named package pip || others::named package uv || judge::no manifest found for /aider[dev] at /aider,script rustup.sh not in the repository (not copied)
P021-h1-0,P021,head,5dc9490bb35f,benchmark/Dockerfile,,benchmark,6,would not build,"rule (2) fixes the context at benchmark/, since COPY . /aider needs nothing else; /aider then holds no manifest and `uv pip install -e /aider[dev]` would fail",,writer,no manifest found for /aider[dev] at /aider,,,,,,,no,,,no,others::named package pip || others::named package uv || judge::no manifest found for /aider[dev] at /aider,script rustup.sh not in the repository (not copied)
P022-h1-0,P022,head,5dc9490bb35f,benchmark/Dockerfile,,benchmark,6,would not build,"rule (2) fixes the context at benchmark/, since COPY . /aider needs nothing else; /aider then holds no manifest and `uv pip install -e /aider[dev]` would fail",,writer,no manifest found for /aider[dev] at /aider,,,,,,,no,,,no,others::named package pip || others::named package uv || judge::no manifest found for /aider[dev] at /aider,script rustup.sh not in the repository (not copied)
P023-h1-0,P023,head,5dc9490bb35f,benchmark/Dockerfile,,benchmark,6,would not build,"rule (2) fixes the context at benchmark/, since COPY . /aider needs nothing else; /aider then holds no manifest and `uv pip install -e /aider[dev]` would fail",,writer,no manifest found for /aider[dev] at /aider,,,,,,,no,,,no,others::named package pip || others::named package uv || judge::no manifest found for /aider[dev] at /aider,script rustup.sh not in the repository (not copied)
P024-h1-0,P024,head,5dc9490bb35f,benchmark/Dockerfile,,benchmark,6,would not build,"rule (2) fixes the context at benchmark/, since COPY . /aider needs nothing else; /aider then holds no manifest and `uv pip install -e /aider[dev]` would fail",,writer,no manifest found for /aider[dev] at /aider,,,,,,,no,,,no,others::named package pip || others::named package uv || judge::no manifest found for /aider[dev] at /aider,script rustup.sh not in the repository (not copied)
P025-h1-0,P025,head,5dc9490bb35f,benchmark/Dockerfile,,benchmark,6,would not build,"rule (2) fixes the context at benchmark/, since COPY . /aider needs nothing else; /aider then holds no manifest and `uv pip install -e /aider[dev]` would fail",,writer,no manifest found for /aider[dev] at /aider,,,,,,,no,,,no,others::named package pip || others::named package uv || judge::no manifest found for /aider[dev] at /aider,script rustup.sh not in the repository (not copied)
P026-h1-0,P026,head,5dc9490bb35f,benchmark/Dockerfile,,benchmark,6,would not build,"rule (2) fixes the context at benchmark/, since COPY . /aider needs nothing else; /aider then holds no manifest and `uv pip install -e /aider[dev]` would fail",,writer,no manifest found for /aider[dev] at /aider,,,,,,,no,,,no,others::named package pip || others::named package uv || judge::no manifest found for /aider[dev] at /aider,script rustup.sh not in the repository (not copied)
P027-h1-0,P027,head,5dc9490bb35f,benchmark/Dockerfile,,benchmark,6,would not build,"rule (2) fixes the context at benchmark/, since COPY . /aider needs nothing else; /aider then holds no manifest and `uv pip install -e /aider[dev]` would fail",,writer,no manifest found for /aider[dev] at /aider,,,,,,,no,,,no,others::named package pip || others::named package uv || judge::no manifest found for /aider[dev] at /aider,script rustup.sh not in the repository (not copied)
P020-h2-0,P020,head,5dc9490bb35f,docker/Dockerfile,,,1,,"the manifest takes its dependencies from requirements.txt (T), which is in the build; installing the project takes L from it",,writer,manifest names T file requirements.txt (read pattern yes; T file available yes),,,,,,,yes,,,manifest,others::named package pip || judge::manifest names T file requirements.txt (read pattern yes; T file available yes) || others::named package boto3 || others::named package google-cloud-aiplatform,script aider not in the repository (not copied)
P021-h2-0,P021,head,5dc9490bb35f,docker/Dockerfile,,,1,,"the manifest takes its dependencies from requirements.txt (T), which is in the build; installing the project takes L from it",,writer,manifest names T file requirements.txt (read pattern yes; T file available yes),,,,,,,yes,,,manifest,others::named package pip || judge::manifest names T file requirements.txt (read pattern yes; T file available yes) || others::named package boto3 || others::named package google-cloud-aiplatform,script aider not in the repository (not copied)
P022-h2-0,P022,head,5dc9490bb35f,docker/Dockerfile,,,1,,"the manifest takes its dependencies from requirements.txt (T), which is in the build; installing the project takes L from it",,writer,manifest names T file requirements.txt (read pattern yes; T file available yes),,,,,,,yes,,,manifest,others::named package pip || judge::manifest names T file requirements.txt (read pattern yes; T file available yes) || others::named package boto3 || others::named package google-cloud-aiplatform,script aider not in the repository (not copied)
P023-h2-0,P023,head,5dc9490bb35f,docker/Dockerfile,,,1,,"the manifest takes its dependencies from requirements.txt (T), which is in the build; installing the project takes L from it",,writer,manifest names T file requirements.txt (read pattern yes; T file available yes),,,,,,,yes,,,manifest,others::named package pip || judge::manifest names T file requirements.txt (read pattern yes; T file available yes) || others::named package boto3 || others::named package google-cloud-aiplatform,script aider not in the repository (not copied)
P024-h2-0,P024,head,5dc9490bb35f,docker/Dockerfile,,,1,,"the manifest takes its dependencies from requirements.txt (T), which is in the build; installing the project takes L from it",,writer,manifest names T file requirements.txt (read pattern yes; T file available yes),,,,,,,yes,,,manifest,others::named package pip || judge::manifest names T file requirements.txt (read pattern yes; T file available yes) || others::named package boto3 || others::named package google-cloud-aiplatform,script aider not in the repository (not copied)
P025-h2-0,P025,head,5dc9490bb35f,docker/Dockerfile,,,1,,"the manifest takes its dependencies from requirements.txt (T), which is in the build; installing the project takes L from it",,writer,manifest names T file requirements.txt (read pattern yes; T file available yes),,,,,,,yes,,,manifest,others::named package pip || judge::manifest names T file requirements.txt (read pattern yes; T file available yes) || others::named package boto3 || others::named package google-cloud-aiplatform,script aider not in the repository (not copied)
P026-h2-0,P026,head,5dc9490bb35f,docker/Dockerfile,,,1,,"the manifest takes its dependencies from requirements.txt (T), which is in the build; installing the project takes L from it",,writer,manifest names T file requirements.txt (read pattern yes; T file available yes),,,,,,,yes,,,manifest,others::named package pip || judge::manifest names T file requirements.txt (read pattern yes; T file available yes) || others::named package boto3 || others::named package google-cloud-aiplatform,script aider not in the repository (not copied)
P027-h2-0,P027,head,5dc9490bb35f,docker/Dockerfile,,,1,,"the manifest takes its dependencies from requirements.txt (T), which is in the build; installing the project takes L from it",,writer,manifest names T file requirements.txt (read pattern yes; T file available yes),,,,,,,yes,,,manifest,others::named package pip || judge::manifest names T file requirements.txt (read pattern yes; T file available yes) || others::named package boto3 || others::named package google-cloud-aiplatform,script aider not in the repository (not copied)
P020-h2-1,P020,head,5dc9490bb35f,docker/Dockerfile,aider,,1,,"the manifest takes its dependencies from requirements.txt (T), which is in the build; installing the project takes L from it",,writer,manifest names T file requirements.txt (read pattern yes; T file available yes),,,,,,,yes,,,manifest,others::named package pip || judge::manifest names T file requirements.txt (read pattern yes; T file available yes) || others::named package boto3 || others::named package google-cloud-aiplatform,script aider not in the repository (not copied)
P021-h2-1,P021,head,5dc9490bb35f,docker/Dockerfile,aider,,1,,"the manifest takes its dependencies from requirements.txt (T), which is in the build; installing the project takes L from it",,writer,manifest names T file requirements.txt (read pattern yes; T file available yes),,,,,,,yes,,,manifest,others::named package pip || judge::manifest names T file requirements.txt (read pattern yes; T file available yes) || others::named package boto3 || others::named package google-cloud-aiplatform,script aider not in the repository (not copied)
P022-h2-1,P022,head,5dc9490bb35f,docker/Dockerfile,aider,,1,,"the manifest takes its dependencies from requirements.txt (T), which is in the build; installing the project takes L from it",,writer,manifest names T file requirements.txt (read pattern yes; T file available yes),,,,,,,yes,,,manifest,others::named package pip || judge::manifest names T file requirements.txt (read pattern yes; T file available yes) || others::named package boto3 || others::named package google-cloud-aiplatform,script aider not in the repository (not copied)
P023-h2-1,P023,head,5dc9490bb35f,docker/Dockerfile,aider,,1,,"the manifest takes its dependencies from requirements.txt (T), which is in the build; installing the project takes L from it",,writer,manifest names T file requirements.txt (read pattern yes; T file available yes),,,,,,,yes,,,manifest,others::named package pip || judge::manifest names T file requirements.txt (read pattern yes; T file available yes) || others::named package boto3 || others::named package google-cloud-aiplatform,script aider not in the repository (not copied)
P024-h2-1,P024,head,5dc9490bb35f,docker/Dockerfile,aider,,1,,"the manifest takes its dependencies from requirements.txt (T), which is in the build; installing the project takes L from it",,writer,manifest names T file requirements.txt (read pattern yes; T file available yes),,,,,,,yes,,,manifest,others::named package pip || judge::manifest names T file requirements.txt (read pattern yes; T file available yes) || others::named package boto3 || others::named package google-cloud-aiplatform,script aider not in the repository (not copied)
P025-h2-1,P025,head,5dc9490bb35f,docker/Dockerfile,aider,,1,,"the manifest takes its dependencies from requirements.txt (T), which is in the build; installing the project takes L from it",,writer,manifest names T file requirements.txt (read pattern yes; T file available yes),,,,,,,yes,,,manifest,others::named package pip || judge::manifest names T file requirements.txt (read pattern yes; T file available yes) || others::named package boto3 || others::named package google-cloud-aiplatform,script aider not in the repository (not copied)
P026-h2-1,P026,head,5dc9490bb35f,docker/Dockerfile,aider,,1,,"the manifest takes its dependencies from requirements.txt (T), which is in the build; installing the project takes L from it",,writer,manifest names T file requirements.txt (read pattern yes; T file available yes),,,,,,,yes,,,manifest,others::named package pip || judge::manifest names T file requirements.txt (read pattern yes; T file available yes) || others::named package boto3 || others::named package google-cloud-aiplatform,script aider not in the repository (not copied)
P027-h2-1,P027,head,5dc9490bb35f,docker/Dockerfile,aider,,1,,"the manifest takes its dependencies from requirements.txt (T), which is in the build; installing the project takes L from it",,writer,manifest names T file requirements.txt (read pattern yes; T file available yes),,,,,,,yes,,,manifest,others::named package pip || judge::manifest names T file requirements.txt (read pattern yes; T file available yes) || others::named package boto3 || others::named package google-cloud-aiplatform,script aider not in the repository (not copied)
P020-h2-2,P020,head,5dc9490bb35f,docker/Dockerfile,aider-full,,1,,"the manifest takes its dependencies from requirements.txt (T), which is in the build; installing the project takes L from it",,writer,manifest names T file requirements.txt (read pattern yes; T file available yes),,,,,,,yes,,,manifest,others::named package pip || judge::manifest names T file requirements.txt (read pattern yes; T file available yes) || others::named package boto3,script aider not in the repository (not copied)
P021-h2-2,P021,head,5dc9490bb35f,docker/Dockerfile,aider-full,,1,,"the manifest takes its dependencies from requirements.txt (T), which is in the build; installing the project takes L from it",,writer,manifest names T file requirements.txt (read pattern yes; T file available yes),,,,,,,yes,,,manifest,others::named package pip || judge::manifest names T file requirements.txt (read pattern yes; T file available yes) || others::named package boto3,script aider not in the repository (not copied)
P022-h2-2,P022,head,5dc9490bb35f,docker/Dockerfile,aider-full,,1,,"the manifest takes its dependencies from requirements.txt (T), which is in the build; installing the project takes L from it",,writer,manifest names T file requirements.txt (read pattern yes; T file available yes),,,,,,,yes,,,manifest,others::named package pip || judge::manifest names T file requirements.txt (read pattern yes; T file available yes) || others::named package boto3,script aider not in the repository (not copied)
P023-h2-2,P023,head,5dc9490bb35f,docker/Dockerfile,aider-full,,1,,"the manifest takes its dependencies from requirements.txt (T), which is in the build; installing the project takes L from it",,writer,manifest names T file requirements.txt (read pattern yes; T file available yes),,,,,,,yes,,,manifest,others::named package pip || judge::manifest names T file requirements.txt (read pattern yes; T file available yes) || others::named package boto3,script aider not in the repository (not copied)
P024-h2-2,P024,head,5dc9490bb35f,docker/Dockerfile,aider-full,,1,,"the manifest takes its dependencies from requirements.txt (T), which is in the build; installing the project takes L from it",,writer,manifest names T file requirements.txt (read pattern yes; T file available yes),,,,,,,yes,,,manifest,others::named package pip || judge::manifest names T file requirements.txt (read pattern yes; T file available yes) || others::named package boto3,script aider not in the repository (not copied)
P025-h2-2,P025,head,5dc9490bb35f,docker/Dockerfile,aider-full,,1,,"the manifest takes its dependencies from requirements.txt (T), which is in the build; installing the project takes L from it",,writer,manifest names T file requirements.txt (read pattern yes; T file available yes),,,,,,,yes,,,manifest,others::named package pip || judge::manifest names T file requirements.txt (read pattern yes; T file available yes) || others::named package boto3,script aider not in the repository (not copied)
P026-h2-2,P026,head,5dc9490bb35f,docker/Dockerfile,aider-full,,1,,"the manifest takes its dependencies from requirements.txt (T), which is in the build; installing the project takes L from it",,writer,manifest names T file requirements.txt (read pattern yes; T file available yes),,,,,,,yes,,,manifest,others::named package pip || judge::manifest names T file requirements.txt (read pattern yes; T file available yes) || others::named package boto3,script aider not in the repository (not copied)
P027-h2-2,P027,head,5dc9490bb35f,docker/Dockerfile,aider-full,,1,,"the manifest takes its dependencies from requirements.txt (T), which is in the build; installing the project takes L from it",,writer,manifest names T file requirements.txt (read pattern yes; T file available yes),,,,,,,yes,,,manifest,others::named package pip || judge::manifest names T file requirements.txt (read pattern yes; T file available yes) || others::named package boto3,script aider not in the repository (not copied)
P020-h3-0,P020,head,5dc9490bb35f,scripts/Dockerfile.jekyll,,,5,no Python install,,,script,,,,,,,,no,,,,,script docker-entrypoint.sh not in the repository (not copied)
P021-h3-0,P021,head,5dc9490bb35f,scripts/Dockerfile.jekyll,,,5,no Python install,,,script,,,,,,,,no,,,,,script docker-entrypoint.sh not in the repository (not copied)
P022-h3-0,P022,head,5dc9490bb35f,scripts/Dockerfile.jekyll,,,5,no Python install,,,script,,,,,,,,no,,,,,script docker-entrypoint.sh not in the repository (not copied)
P023-h3-0,P023,head,5dc9490bb35f,scripts/Dockerfile.jekyll,,,5,no Python install,,,script,,,,,,,,no,,,,,script docker-entrypoint.sh not in the repository (not copied)
P024-h3-0,P024,head,5dc9490bb35f,scripts/Dockerfile.jekyll,,,5,no Python install,,,script,,,,,,,,no,,,,,script docker-entrypoint.sh not in the repository (not copied)
P025-h3-0,P025,head,5dc9490bb35f,scripts/Dockerfile.jekyll,,,5,no Python install,,,script,,,,,,,,no,,,,,script docker-entrypoint.sh not in the repository (not copied)
P026-h3-0,P026,head,5dc9490bb35f,scripts/Dockerfile.jekyll,,,5,no Python install,,,script,,,,,,,,no,,,,,script docker-entrypoint.sh not in the repository (not copied)
P027-h3-0,P027,head,5dc9490bb35f,scripts/Dockerfile.jekyll,,,5,no Python install,,,script,,,,,,,,no,,,,,script docker-entrypoint.sh not in the repository (not copied)
P033-s1-0,P033,snapshot,e98b0b1c1d71,Dockerfile,,,1,,project . with manifest in T,,script,,,,,,,pyproject.toml,no,,,project,T::project . with manifest in T,script get_helm.sh not in the repository (not copied)
P033-h1-0,P033,head,e27540975a2c,Dockerfile,,,1,,project . with manifest in T,,script,,,,,,,pyproject.toml,no,,,project,T::project . with manifest in T,script get_helm.sh not in the repository (not copied)
P035-s1-0,P035,snapshot,9e1bf5cb39b6,client/Dockerfile,,client,2,other file,client/requirements.txt,,script,,no,,,,,,no,,,client/requirements.txt,fresh:other file:client/requirements.txt,
P035-s2-0,P035,snapshot,9e1bf5cb39b6,server/Dockerfile,,server,1,,-r server/requirements.txt,,script,,,,,,,server/requirements.txt,yes,,,-r,T::-r server/requirements.txt,
P035-h1-0,P035,head,b9485f73c484,client/Dockerfile,,client,2,other file,client/requirements.txt,,script,,no,,,,,,no,,,client/requirements.txt,fresh:other file:client/requirements.txt,
P035-h2-0,P035,head,b9485f73c484,server/Dockerfile,,server,1,,-r server/requirements.txt,,script,,,,,,,server/requirements.txt,yes,,,-r,T::-r server/requirements.txt,
P036-s1-0,P036,snapshot,a86b8ef21ec1,local.dockerfile,,,1,,uv sync with lock uv.lock,,script,,,,,,,uv.lock,yes,,,uv,T::uv sync with lock uv.lock || T::uv sync with lock uv.lock,
P036-s2-0,P036,snapshot,a86b8ef21ec1,docker-compose.yml#frankfurter_api,,,5,no Python install,,,script,,,,,,,,no,,,,,
P036-h1-0,P036,head,119383a5a272,local.dockerfile,,,1,,uv sync with lock uv.lock,,script,,,,,,,uv.lock,yes,,,uv,T::uv sync with lock uv.lock || T::uv sync with lock uv.lock,
P036-h2-0,P036,head,119383a5a272,docker-compose.yml#frankfurter_api,,,5,no Python install,,,script,,,,,,,,no,,,,,
P041-s1-0,P041,snapshot,35b1f2a5a6e2,Dockerfile,,,1,,poetry install with lock poetry.lock,,script,,,,,,,poetry.lock,yes,,,poetry,others::named package poetry || T::poetry install with lock poetry.lock,
P042-s1-0,P042,snapshot,aaf1bee38a2a,Dockerfile,,,6,script not read,same class in every candidate context,,script,,,,,,,,,,,,,
P042-s2-0,P042,snapshot,aaf1bee38a2a,Dockerfile.ci,,,6,script not read,same class in every candidate context,,script,,,,,,,,,,,,,
P042-s3-0,P042,snapshot,aaf1bee38a2a,chart/dockerfiles/pgbouncer-exporter/Dockerfile,,chart/dockerfiles/pgbouncer-exporter,5,no Python install,,,script,,,,,,,,no,,,,,script pgbouncer_exporter not in the repository (stage)
P042-s4-0,P042,snapshot,aaf1bee38a2a,chart/dockerfiles/pgbouncer/Dockerfile,,chart/dockerfiles/pgbouncer,6,build argument,/pgbouncer-⟨ARG:PGBOUNCER_VERSION⟩/Makefile,,script,,,,,,,,no,,,build,und::build argument || und::build argument,script configure not in the repository (not copied); script pgbouncer not in the repository (stage)
P042-s5-0,P042,snapshot,aaf1bee38a2a,docker-stack-docs/docker-examples/extending/add-airflow-configuration/Dockerfile,,docker-stack-docs/docker-examples/extending/add-airflow-configuration,5,no Python install,,,script,,,,,,,,no,,,,,
P042-s6-0,P042,snapshot,aaf1bee38a2a,docker-stack-docs/docker-examples/extending/add-apt-packages/Dockerfile,,docker-stack-docs/docker-examples/extending/add-apt-packages,5,no Python install,,,script,,,,,,,,no,,,,,
P042-s7-0,P042,snapshot,aaf1bee38a2a,docker-stack-docs/docker-examples/extending/add-build-essential-extend/Dockerfile,,docker-stack-docs/docker-examples/extending/add-build-essential-extend,5,other named packages only,,,script,,,,,,,,no,,,,others::named package apache-airflow || others::named package mpi4py,
P042-s8-0,P042,snapshot,aaf1bee38a2a,docker-stack-docs/docker-examples/extending/add-providers/Dockerfile,,docker-stack-docs/docker-examples/extending/add-providers,5,other named packages only,,,script,,,,,,,,no,,,,others::named package apache-airflow || others::named package apache-airflow-providers-apache-spark,
P042-s9-0,P042,snapshot,aaf1bee38a2a,docker-stack-docs/docker-examples/extending/add-pypi-packages-constraints/Dockerfile,,docker-stack-docs/docker-examples/extending/add-pypi-packages-constraints,6,would not build,${HOME}/constraints.txt not in the image,,script,,,,,,,,no,,,would,und::would not build || others::named package apache-airflow || others::named package lxml,
P042-s10-0,P042,snapshot,aaf1bee38a2a,docker-stack-docs/docker-examples/extending/add-pypi-packages-uv/Dockerfile,,docker-stack-docs/docker-examples/extending/add-pypi-packages-uv,5,other named packages only,,,script,,,,,,,,no,,,,others::named package apache-airflow || others::named package lxml,
P042-s11-0,P042,snapshot,aaf1bee38a2a,docker-stack-docs/docker-examples/extending/add-pypi-packages/Dockerfile,,docker-stack-docs/docker-examples/extending/add-pypi-packages,5,other named packages only,,,script,,,,,,,,no,,,,others::named package apache-airflow || others::named package lxml,
P042-s12-0,P042,snapshot,aaf1bee38a2a,docker-stack-docs/docker-examples/extending/add-requirement-packages/Dockerfile,,docker-stack-docs/docker-examples/extending/add-requirement-packages,2,other file,docker-stack-docs/docker-examples/extending/add-requirement-packages/requirements.txt,,script,,no,,,,,,no,,,docker-stack-docs/docker-examples/extending/add-requirement-packages/requirements.txt,fresh:other file:docker-stack-docs/docker-examples/extending/add-requirement-packages/requirement || others::named package apache-airflow,
P042-s13-0,P042,snapshot,aaf1bee38a2a,docker-stack-docs/docker-examples/extending/custom-providers/Dockerfile,,docker-stack-docs/docker-examples/extending/custom-providers,5,other named packages only,,,script,,,,,,,,no,,,,others::named package apache-airflow || others::named package apache-airflow-providers-docker,
P042-s14-0,P042,snapshot,aaf1bee38a2a,docker-stack-docs/docker-examples/extending/embedding-dags/Dockerfile,,docker-stack-docs/docker-examples/extending/embedding-dags,5,no Python install,,,script,,,,,,,,no,,,,,
P042-s15-0,P042,snapshot,aaf1bee38a2a,docker-stack-docs/docker-examples/extending/writable-directory/Dockerfile,,docker-stack-docs/docker-examples/extending/writable-directory,5,no Python install,,,script,,,,,,,,no,,,,,
P042-s16-0,P042,snapshot,aaf1bee38a2a,docker-stack-docs/docker-images-recipes/gcloud.Dockerfile,,docker-stack-docs/docker-images-recipes,5,no Python install,,,script,,,,,,,,no,,,,,script install.sh not in the repository (not copied)
P042-s17-0,P042,snapshot,aaf1bee38a2a,docker-stack-docs/docker-images-recipes/go-beam.Dockerfile,,docker-stack-docs/docker-images-recipes,5,no Python install,,,script,,,,,,,,no,,,,,
P042-s18-0,P042,snapshot,aaf1bee38a2a,docker-stack-docs/docker-images-recipes/hadoop.Dockerfile,,docker-stack-docs/docker-images-recipes,5,no Python install,,,script,,,,,,,,no,,,,,
P042-s19-0,P042,snapshot,aaf1bee38a2a,providers/amazon/src/airflow/providers/amazon/aws/executors/Dockerfile,,,5,no Python install,same class in every candidate context,,script,,,,,,,,,,,,,
P042-s20-0,P042,snapshot,aaf1bee38a2a,scripts/ci/dockerfiles/apache-rat/Dockerfile,,scripts/ci/dockerfiles/apache-rat,5,no Python install,,,script,,,,,,,,no,,,,,
P042-s21-0,P042,snapshot,aaf1bee38a2a,scripts/ci/dockerfiles/krb5-kdc-server/Dockerfile,,scripts/ci/dockerfiles/krb5-kdc-server,5,other named packages only,,,script,,,,,,,,no,,,,others::named package supervisor,script supervisord not in the repository (not copied)
P042-s22-0,P042,snapshot,aaf1bee38a2a,scripts/ci/dockerfiles/stress/Dockerfile,,scripts/ci/dockerfiles/stress,5,no Python install,,,script,,,,,,,,no,,,,,script configure not in the repository (not copied); script Makefile not in the repository (not copied); script Makefile not in the repository (not copied); script stress not in the repository (not co
P042-s23-0,P042,snapshot,aaf1bee38a2a,scripts/ci/dockerfiles/trino/Dockerfile,,scripts/ci/dockerfiles/trino,5,no Python install,,,script,,,,,,,,no,,,,,script run-trino not in the repository (not copied)
P042-h1-0,P042,head,a3555c74cfcf,Dockerfile,,,6,script not read,same class in every candidate context,,script,,,,,,,,,,,,,
P042-h2-0,P042,head,a3555c74cfcf,Dockerfile.ci,,,6,script not read,same class in every candidate context,,script,,,,,,,,,,,,,
P042-h3-0,P042,head,a3555c74cfcf,airflow-e2e-tests/docker/Dockerfile.java,,airflow-e2e-tests/docker,5,no Python install,,,script,,,,,,,,no,,,,,
P042-h4-0,P042,head,a3555c74cfcf,airflow-e2e-tests/docker/openlineage-compat.Dockerfile,,,6,context,classes differ across candidate contexts,,script,,,,,,,,,,,,,
P042-h5-0,P042,head,a3555c74cfcf,chart/dockerfiles/pgbouncer-exporter/Dockerfile,,chart/dockerfiles/pgbouncer-exporter,5,no Python install,,,script,,,,,,,,no,,,,,script pgbouncer_exporter not in the repository (stage)
P042-h6-0,P042,head,a3555c74cfcf,chart/dockerfiles/pgbouncer/Dockerfile,,chart/dockerfiles/pgbouncer,6,build argument,/pgbouncer-⟨ARG:PGBOUNCER_VERSION⟩/Makefile,,script,,,,,,,,no,,,build,und::build argument || und::build argument,script configure not in the repository (not copied); script pgbouncer not in the repository (stage)
P042-h7-0,P042,head,a3555c74cfcf,docker-stack-docs/docker-examples/extending/add-airflow-configuration/Dockerfile,,docker-stack-docs/docker-examples/extending/add-airflow-configuration,5,no Python install,,,script,,,,,,,,no,,,,,
P042-h8-0,P042,head,a3555c74cfcf,docker-stack-docs/docker-examples/extending/add-apt-packages/Dockerfile,,docker-stack-docs/docker-examples/extending/add-apt-packages,5,no Python install,,,script,,,,,,,,no,,,,,
P042-h9-0,P042,head,a3555c74cfcf,docker-stack-docs/docker-examples/extending/add-build-essential-extend/Dockerfile,,docker-stack-docs/docker-examples/extending/add-build-essential-extend,5,other named packages only,,,script,,,,,,,,no,,,,others::named package apache-airflow || others::named package mpi4py,
P042-h10-0,P042,head,a3555c74cfcf,docker-stack-docs/docker-examples/extending/add-providers/Dockerfile,,docker-stack-docs/docker-examples/extending/add-providers,5,other named packages only,,,script,,,,,,,,no,,,,others::named package apache-airflow || others::named package apache-airflow-providers-apache-spark,
P042-h11-0,P042,head,a3555c74cfcf,docker-stack-docs/docker-examples/extending/add-pypi-packages-constraints/Dockerfile,,docker-stack-docs/docker-examples/extending/add-pypi-packages-constraints,6,would not build,${HOME}/constraints.txt not in the image,,script,,,,,,,,no,,,would,und::would not build || others::named package apache-airflow || others::named package lxml,
P042-h12-0,P042,head,a3555c74cfcf,docker-stack-docs/docker-examples/extending/add-pypi-packages-uv/Dockerfile,,docker-stack-docs/docker-examples/extending/add-pypi-packages-uv,5,other named packages only,,,script,,,,,,,,no,,,,others::named package apache-airflow || others::named package lxml,
P042-h13-0,P042,head,a3555c74cfcf,docker-stack-docs/docker-examples/extending/add-pypi-packages/Dockerfile,,docker-stack-docs/docker-examples/extending/add-pypi-packages,5,other named packages only,,,script,,,,,,,,no,,,,others::named package apache-airflow || others::named package lxml,
P042-h14-0,P042,head,a3555c74cfcf,docker-stack-docs/docker-examples/extending/add-python-venv/Dockerfile,,docker-stack-docs/docker-examples/extending/add-python-venv,2,other file,docker-stack-docs/docker-examples/extending/add-python-venv/requirements.txt,,script,,no,,,,,,no,,,docker-stack-docs/docker-examples/extending/add-python-venv/requirements.txt,fresh:other file:docker-stack-docs/docker-examples/extending/add-python-venv/requirements.txt,
P042-h15-0,P042,head,a3555c74cfcf,docker-stack-docs/docker-examples/extending/add-requirement-packages/Dockerfile,,docker-stack-docs/docker-examples/extending/add-requirement-packages,2,other file,docker-stack-docs/docker-examples/extending/add-requirement-packages/requirements.txt,,script,,no,,,,,,no,,,docker-stack-docs/docker-examples/extending/add-requirement-packages/requirements.txt,fresh:other file:docker-stack-docs/docker-examples/extending/add-requirement-packages/requirement || others::named package apache-airflow,
P042-h16-0,P042,head,a3555c74cfcf,docker-stack-docs/docker-examples/extending/custom-providers/Dockerfile,,docker-stack-docs/docker-examples/extending/custom-providers,5,other named packages only,,,script,,,,,,,,no,,,,others::named package apache-airflow || others::named package apache-airflow-providers-docker,
P042-h17-0,P042,head,a3555c74cfcf,docker-stack-docs/docker-examples/extending/embedding-dags/Dockerfile,,docker-stack-docs/docker-examples/extending/embedding-dags,5,no Python install,,,script,,,,,,,,no,,,,,
P042-h18-0,P042,head,a3555c74cfcf,docker-stack-docs/docker-examples/extending/writable-directory/Dockerfile,,docker-stack-docs/docker-examples/extending/writable-directory,5,no Python install,,,script,,,,,,,,no,,,,,
P042-h19-0,P042,head,a3555c74cfcf,docker-stack-docs/docker-images-recipes/gcloud.Dockerfile,,docker-stack-docs/docker-images-recipes,5,no Python install,,,script,,,,,,,,no,,,,,script install.sh not in the repository (not copied)
P042-h20-0,P042,head,a3555c74cfcf,docker-stack-docs/docker-images-recipes/go-beam.Dockerfile,,docker-stack-docs/docker-images-recipes,5,no Python install,,,script,,,,,,,,no,,,,,
P042-h21-0,P042,head,a3555c74cfcf,docker-stack-docs/docker-images-recipes/hadoop.Dockerfile,,docker-stack-docs/docker-images-recipes,5,no Python install,,,script,,,,,,,,no,,,,,
P042-h22-0,P042,head,a3555c74cfcf,kubernetes-tests/lang_sdk/Dockerfile.java,,kubernetes-tests/lang_sdk,5,no Python install,,,script,,,,,,,,no,,,,,
P042-h23-0,P042,head,a3555c74cfcf,providers/amazon/src/airflow/providers/amazon/aws/executors/Dockerfile,,,5,no Python install,same class in every candidate context,,script,,,,,,,,,,,,,
P042-h24-0,P042,head,a3555c74cfcf,providers/amazon/src/airflow/providers/amazon/aws/executors/aws_lambda/docker/Dockerfile,,providers/amazon/src/airflow/providers/amazon/aws/executors/aws_lambda/docker,5,other named packages only,,,script,,,,,,,,no,,,,others::named package pip || others::named package apache-airflow,script install not in the repository (not copied)
P042-h25-0,P042,head,a3555c74cfcf,providers/informatica/dev/informatica_simulator/Dockerfile,,providers/informatica/dev/informatica_simulator,2,other file,providers/informatica/dev/informatica_simulator/requirements.txt,,script,,no,,,,,,no,,,providers/informatica/dev/informatica_simulator/requirements.txt,fresh:other file:providers/informatica/dev/informatica_simulator/requirements.txt,
P042-h26-0,P042,head,a3555c74cfcf,scripts/ci/dockerfiles/apache-rat/Dockerfile,,scripts/ci/dockerfiles/apache-rat,5,no Python install,,,script,,,,,,,,no,,,,,
P042-h27-0,P042,head,a3555c74cfcf,scripts/ci/dockerfiles/krb5-kdc-server/Dockerfile,,scripts/ci/dockerfiles/krb5-kdc-server,5,other named packages only,,,script,,,,,,,,no,,,,others::named package supervisor,script supervisord not in the repository (not copied)
P042-h28-0,P042,head,a3555c74cfcf,scripts/ci/dockerfiles/stress/Dockerfile,,scripts/ci/dockerfiles/stress,5,no Python install,,,script,,,,,,,,no,,,,,script configure not in the repository (not copied); script Makefile not in the repository (not copied); script Makefile not in the repository (not copied); script stress not in the repository (not co
P042-h29-0,P042,head,a3555c74cfcf,scripts/ci/dockerfiles/trino/Dockerfile,,scripts/ci/dockerfiles/trino,5,no Python install,,,script,,,,,,,,no,,,,,script run-trino not in the repository (not copied)
P043-s1-0,P043,snapshot,7f83a3d9ba11,Dockerfile,,,1,,project . with manifest in T,,script,,yes,>=2.12.0,,,,pyproject.toml,no,,,project requirements.txt,others::named package pip || others::named package torch || fresh:other file:requirements.txt || T::project . with manifest in T || others::named package itsdangerous || others::named package fastapi || others::named package uvicorn || others::named package redis || others::named package python-multipart,
P043-h1-0,P043,head,8ebbb1712208,Dockerfile,,,1,,project . with manifest in T,,script,,yes,>=2.12.0,,,,pyproject.toml,no,,,project requirements.txt,others::named package pip || others::named package torch || fresh:other file:requirements.txt || T::project . with manifest in T || others::named package itsdangerous || others::named package fastapi || others::named package uvicorn || others::named package redis || others::named package python-multipart,
P044-s1-0,P044,snapshot,39db5a8cc8a3,Dockerfile,,,1,,-r requirements.txt,,script,,no,,,,,requirements.txt,no,,,-r requirements-dev.txt,others::named package cython || T::-r requirements.txt || fresh:other file:requirements-dev.txt,
P044-h1-0,P044,head,c8b18f186015,Dockerfile,,,1,,-r requirements.txt,,script,,no,,,,,requirements.txt,no,,,-r requirements-dev.txt,others::named package cython || T::-r requirements.txt || fresh:other file:requirements-dev.txt,
P045-s1-0,P045,snapshot,f982a98c85ee,z8ter/scaffold/create_project_template/Dockerfile,,z8ter/scaffold/create_project_template,2,other file,z8ter/scaffold/create_project_template/requirements.txt,,script,,no,,,,,,no,,,z8ter/scaffold/create_project_template/requirements.txt,fresh:other file:z8ter/scaffold/create_project_template/requirements.txt,
P045-h1-0,P045,head,85702db7beb7,z8ter/scaffold/create_project_template/Dockerfile,,z8ter/scaffold/create_project_template,2,other file,z8ter/scaffold/create_project_template/requirements.txt,,script,,no,,,,,,no,,,z8ter/scaffold/create_project_template/requirements.txt,fresh:other file:z8ter/scaffold/create_project_template/requirements.txt,
P046-s1-0,P046,snapshot,f787323dd4f8,Dockerfile,,,1,,project .[dev] with manifest in T,,script,,,,,,,pyproject.toml,no,,,project,others::named package pip || T::project .[dev] with manifest in T || others::named package grpcio || others::named package grpcio-tools,
P047-s1-0,P047,snapshot,f787323dd4f8,Dockerfile,,,1,,project .[dev] with manifest in T,,script,,,,,,,pyproject.toml,no,,,project,others::named package pip || T::project .[dev] with manifest in T || others::named package grpcio || others::named package grpcio-tools,
P046-s1-1,P046,snapshot,f787323dd4f8,Dockerfile,runtime,,1,,project .[dev] with manifest in T,,script,,,,,,,pyproject.toml,no,,,project,others::named package pip || T::project .[dev] with manifest in T || others::named package grpcio || others::named package grpcio-tools,
P047-s1-1,P047,snapshot,f787323dd4f8,Dockerfile,runtime,,1,,project .[dev] with manifest in T,,script,,,,,,,pyproject.toml,no,,,project,others::named package pip || T::project .[dev] with manifest in T || others::named package grpcio || others::named package grpcio-tools,
P046-h1-0,P046,head,48925dcb558d,Dockerfile,,,1,,project . with manifest in T,,script,,,,,,,pyproject.toml,no,,,project,"others::named package pip || T::project .[dev,security] with manifest in T || T::project . with manifest in T",
P047-h1-0,P047,head,48925dcb558d,Dockerfile,,,1,,project . with manifest in T,,script,,,,,,,pyproject.toml,no,,,project,"others::named package pip || T::project .[dev,security] with manifest in T || T::project . with manifest in T",
P046-h1-1,P046,head,48925dcb558d,Dockerfile,runtime,,1,,project . with manifest in T,,script,,,,,,,pyproject.toml,no,,,project,"others::named package pip || T::project .[dev,security] with manifest in T || T::project . with manifest in T",
P047-h1-1,P047,head,48925dcb558d,Dockerfile,runtime,,1,,project . with manifest in T,,script,,,,,,,pyproject.toml,no,,,project,"others::named package pip || T::project .[dev,security] with manifest in T || T::project . with manifest in T",
P049-s1-0,P049,snapshot,e7c0708e149d,Containerfile,,,1,,-r pip-requirements.txt (T) installs L in the builder venv; the later `pip install --no-deps .` installs no dependency,,writer,manifest names T file pip-dev-requirements.txt (read pattern yes; T file available no),,,,,,,no,,,-r manifest,others::named package pip || others::named package cython || others::named package setuptools || others::named package wheel || others::named package 9f88a2f73e6b7faadb591971c6a17b360ebbc3bf from a URL || others::named package pyrepl from a URL || T::-r pip-requirements.txt || judge::manifest names T file pip-dev-requirements.txt (read pattern yes; T file availab,script install.sh not in the repository (not copied); script an-website not in the repository (stage)
P050-s1-0,P050,snapshot,d0ff5122f7de,Containerfile,,,1,,-r pip-requirements.txt (T) installs L in the builder venv; the later `pip install --no-deps .` installs no dependency,,writer,manifest names T file pip-dev-requirements.txt (read pattern yes; T file available no),,,,,,,no,,,-r manifest script,others::named package pip || others::named package cython || others::named package setuptools || others::named package wheel || others::named package 9f88a2f73e6b7faadb591971c6a17b360ebbc3bf from a URL || others::named package pyrepl from a URL || T::-r pip-requirements.txt || judge::manifest names T file pip-dev-requirements.txt (read pattern yes; T file availab || und::script not read,script Makefile not in the repository (not copied); script an-website not in the repository (stage)
P051-s1-0,P051,snapshot,7a5038611dad,Containerfile,,,1,,-r pip-requirements.txt (T) installs L in the builder venv; the later `pip install --no-deps .` installs no dependency,,writer,manifest names T file pip-dev-requirements.txt (read pattern yes; T file available no),,,,,,,no,,,-r manifest script,others::named package pip || others::named package cython || others::named package setuptools || others::named package wheel || others::named package 9f88a2f73e6b7faadb591971c6a17b360ebbc3bf from a URL || others::named package pyrepl from a URL || T::-r pip-requirements.txt || judge::manifest names T file pip-dev-requirements.txt (read pattern yes; T file availab || und::script not read,script Makefile not in the repository (not copied); script an-website not in the repository (stage)
P052-s1-0,P052,snapshot,1389088b9c4c,Containerfile,,,1,,-r pip-requirements.txt (T) installs L in the builder venv; the later `pip install --no-deps .` installs no dependency,,writer,manifest names T file pip-dev-requirements.txt (read pattern yes; T file available no),,,,,,,no,,,-r manifest script,others::named package pip || others::named package cython || others::named package setuptools || others::named package wheel || others::named package 9f88a2f73e6b7faadb591971c6a17b360ebbc3bf from a URL || others::named package pip || others::named package pyrepl from a URL || T::-r pip-requirements.txt || judge::manifest names T file pip-dev-requirements.txt (read pattern yes; T file availab || und::script not read,script Makefile not in the repository (not copied); script an-website not in the repository (stage)
P053-s1-0,P053,snapshot,d58d85413d27,Containerfile,,,1,,-r pip-requirements.txt (T) installs L in the builder venv; the later `pip install --no-deps .` installs no dependency,,writer,manifest names T file pip-dev-requirements.txt (read pattern yes; T file available no),,,,,,,no,,,-r manifest script,others::named package pip || others::named package cython || others::named package setuptools || others::named package wheel || others::named package 9f88a2f73e6b7faadb591971c6a17b360ebbc3bf from a URL || others::named package pip || others::named package pyrepl from a URL || T::-r pip-requirements.txt || judge::manifest names T file pip-dev-requirements.txt (read pattern yes; T file availab || und::script not read,script Makefile not in the repository (not copied); script an-website not in the repository (stage)
P054-s1-0,P054,snapshot,5bb5e75ec951,Containerfile,,,1,,-r pip-requirements.txt (T) installs L in the builder venv; the later `pip install --no-deps .` installs no dependency,,writer,manifest names T file pip-dev-requirements.txt (read pattern yes; T file available no),,,,,,,no,,,-r manifest script,others::named package pip || others::named package cython || others::named package setuptools || others::named package wheel || others::named package 9f88a2f73e6b7faadb591971c6a17b360ebbc3bf from a URL || others::named package pip || others::named package pyrepl from a URL || T::-r pip-requirements.txt || judge::manifest names T file pip-dev-requirements.txt (read pattern yes; T file availab || und::script not read,script Makefile not in the repository (not copied); script an-website not in the repository (stage)
P049-h1-0,P049,head,521f0f754ab3,Containerfile,,,1,,-r pip-requirements.txt (T) installs L in the builder venv; the later `pip install --no-deps .` installs no dependency,,writer,manifest names T file pip-dev-requirements.txt (read pattern yes; T file available no),,,,,,,no,,,-r manifest script,others::named package pip || others::named package cython || others::named package setuptools || others::named package wheel || others::named package 9f88a2f73e6b7faadb591971c6a17b360ebbc3bf from a URL || others::named package pip || others::named package pyrepl from a URL || T::-r pip-requirements.txt || judge::manifest names T file pip-dev-requirements.txt (read pattern yes; T file availab || und::script not read,script Makefile not in the repository (not copied); script an-website not in the repository (stage)
P050-h1-0,P050,head,521f0f754ab3,Containerfile,,,1,,-r pip-requirements.txt (T) installs L in the builder venv; the later `pip install --no-deps .` installs no dependency,,writer,manifest names T file pip-dev-requirements.txt (read pattern yes; T file available no),,,,,,,no,,,-r manifest script,others::named package pip || others::named package cython || others::named package setuptools || others::named package wheel || others::named package 9f88a2f73e6b7faadb591971c6a17b360ebbc3bf from a URL || others::named package pip || others::named package pyrepl from a URL || T::-r pip-requirements.txt || judge::manifest names T file pip-dev-requirements.txt (read pattern yes; T file availab || und::script not read,script Makefile not in the repository (not copied); script an-website not in the repository (stage)
P051-h1-0,P051,head,521f0f754ab3,Containerfile,,,1,,-r pip-requirements.txt (T) installs L in the builder venv; the later `pip install --no-deps .` installs no dependency,,writer,manifest names T file pip-dev-requirements.txt (read pattern yes; T file available no),,,,,,,no,,,-r manifest script,others::named package pip || others::named package cython || others::named package setuptools || others::named package wheel || others::named package 9f88a2f73e6b7faadb591971c6a17b360ebbc3bf from a URL || others::named package pip || others::named package pyrepl from a URL || T::-r pip-requirements.txt || judge::manifest names T file pip-dev-requirements.txt (read pattern yes; T file availab || und::script not read,script Makefile not in the repository (not copied); script an-website not in the repository (stage)
P052-h1-0,P052,head,521f0f754ab3,Containerfile,,,1,,-r pip-requirements.txt (T) installs L in the builder venv; the later `pip install --no-deps .` installs no dependency,,writer,manifest names T file pip-dev-requirements.txt (read pattern yes; T file available no),,,,,,,no,,,-r manifest script,others::named package pip || others::named package cython || others::named package setuptools || others::named package wheel || others::named package 9f88a2f73e6b7faadb591971c6a17b360ebbc3bf from a URL || others::named package pip || others::named package pyrepl from a URL || T::-r pip-requirements.txt || judge::manifest names T file pip-dev-requirements.txt (read pattern yes; T file availab || und::script not read,script Makefile not in the repository (not copied); script an-website not in the repository (stage)
P053-h1-0,P053,head,521f0f754ab3,Containerfile,,,1,,-r pip-requirements.txt (T) installs L in the builder venv; the later `pip install --no-deps .` installs no dependency,,writer,manifest names T file pip-dev-requirements.txt (read pattern yes; T file available no),,,,,,,no,,,-r manifest script,others::named package pip || others::named package cython || others::named package setuptools || others::named package wheel || others::named package 9f88a2f73e6b7faadb591971c6a17b360ebbc3bf from a URL || others::named package pip || others::named package pyrepl from a URL || T::-r pip-requirements.txt || judge::manifest names T file pip-dev-requirements.txt (read pattern yes; T file availab || und::script not read,script Makefile not in the repository (not copied); script an-website not in the repository (stage)
P054-h1-0,P054,head,521f0f754ab3,Containerfile,,,1,,-r pip-requirements.txt (T) installs L in the builder venv; the later `pip install --no-deps .` installs no dependency,,writer,manifest names T file pip-dev-requirements.txt (read pattern yes; T file available no),,,,,,,no,,,-r manifest script,others::named package pip || others::named package cython || others::named package setuptools || others::named package wheel || others::named package 9f88a2f73e6b7faadb591971c6a17b360ebbc3bf from a URL || others::named package pip || others::named package pyrepl from a URL || T::-r pip-requirements.txt || judge::manifest names T file pip-dev-requirements.txt (read pattern yes; T file availab || und::script not read,script Makefile not in the repository (not copied); script an-website not in the repository (stage)
P059-s1-0,P059,snapshot,ac6ccbb3171d,docker/Dockerfile,,docker,6,would not build,rule (2) fixes the context at docker/ (COPY . needs nothing else); the project directories the install steps name are not in it,,writer,unparsed package argument `ls,,,,,,,no,,,unparsed,others::named package uv || judge::unparsed package argument `ls,script nvm.sh not in the repository (not copied); script nvm.sh not in the repository (not copied)
P060-s1-0,P060,snapshot,77712f1306ab,docker/Dockerfile,,docker,6,would not build,rule (2) fixes the context at docker/ (COPY . needs nothing else); the project directories the install steps name are not in it,,writer,unparsed package argument `ls,,,,,,,no,,,unparsed,others::named package uv || judge::unparsed package argument `ls,script nvm.sh not in the repository (not copied); script nvm.sh not in the repository (not copied)
P059-h1-0,P059,head,9a358cdc3964,docker/Dockerfile,,docker,6,would not build,rule (2) fixes the context at docker/ (COPY . needs nothing else); the project directories the install steps name are not in it,,writer,unparsed package argument `ls,,,,,,,no,,,unparsed,others::named package uv || judge::unparsed package argument `ls,script nvm.sh not in the repository (not copied); script nvm.sh not in the repository (not copied)
P060-h1-0,P060,head,9a358cdc3964,docker/Dockerfile,,docker,6,would not build,rule (2) fixes the context at docker/ (COPY . needs nothing else); the project directories the install steps name are not in it,,writer,unparsed package argument `ls,,,,,,,no,,,unparsed,others::named package uv || judge::unparsed package argument `ls,script nvm.sh not in the repository (not copied); script nvm.sh not in the repository (not copied)
P062-s1-0,P062,snapshot,19b1d8cf6029,src/amazon-bedrock-agentcore-mcp-server/Dockerfile,,src/amazon-bedrock-agentcore-mcp-server,2,other file,"src/amazon-bedrock-agentcore-mcp-server/uv-requirements.txt; uv sync lock src/amazon-bedrock-agentcore-mcp-server/uv.lock not in T, without L",,script,,no,,,,,,no,,,src/amazon-bedrock-agentcore-mcp-server/uv-requirements.txt uv,"fresh:other file:src/amazon-bedrock-agentcore-mcp-server/uv-requirements.txt || fresh:other file:uv sync lock src/amazon-bedrock-agentcore-mcp-server/uv.lock not in T, without L || fresh:other file:uv sync lock src/amazon-bedrock-agentcore-mcp-server/uv.lock not in T, without L",
P062-s2-0,P062,snapshot,19b1d8cf6029,src/amazon-kendra-index-mcp-server/Dockerfile,,src/amazon-kendra-index-mcp-server,2,other file,"src/amazon-kendra-index-mcp-server/uv-requirements.txt; uv sync lock src/amazon-kendra-index-mcp-server/uv.lock not in T, without L",,script,,no,,,,,,no,,,src/amazon-kendra-index-mcp-server/uv-requirements.txt uv,"fresh:other file:src/amazon-kendra-index-mcp-server/uv-requirements.txt || fresh:other file:uv sync lock src/amazon-kendra-index-mcp-server/uv.lock not in T, without L || fresh:other file:uv sync lock src/amazon-kendra-index-mcp-server/uv.lock not in T, without L",
P062-s3-0,P062,snapshot,19b1d8cf6029,src/amazon-mq-mcp-server/Dockerfile,,src/amazon-mq-mcp-server,2,other file,"src/amazon-mq-mcp-server/uv-requirements.txt; uv sync lock src/amazon-mq-mcp-server/uv.lock not in T, without L",,script,,no,,,,,,no,,,src/amazon-mq-mcp-server/uv-requirements.txt uv,"fresh:other file:src/amazon-mq-mcp-server/uv-requirements.txt || fresh:other file:uv sync lock src/amazon-mq-mcp-server/uv.lock not in T, without L || fresh:other file:uv sync lock src/amazon-mq-mcp-server/uv.lock not in T, without L",
P062-s4-0,P062,snapshot,19b1d8cf6029,src/amazon-neptune-mcp-server/Dockerfile,,src/amazon-neptune-mcp-server,2,other file,"src/amazon-neptune-mcp-server/uv-requirements.txt; uv sync lock src/amazon-neptune-mcp-server/uv.lock not in T, without L",,script,,no,,,,,,no,,,src/amazon-neptune-mcp-server/uv-requirements.txt uv,"fresh:other file:src/amazon-neptune-mcp-server/uv-requirements.txt || fresh:other file:uv sync lock src/amazon-neptune-mcp-server/uv.lock not in T, without L || fresh:other file:uv sync lock src/amazon-neptune-mcp-server/uv.lock not in T, without L",
P062-s5-0,P062,snapshot,19b1d8cf6029,src/amazon-qbusiness-anonymous-mcp-server/Dockerfile,,src/amazon-qbusiness-anonymous-mcp-server,2,other file,"src/amazon-qbusiness-anonymous-mcp-server/uv-requirements.txt; uv sync lock src/amazon-qbusiness-anonymous-mcp-server/uv.lock not in T, without L",,script,,no,,,,,,no,,,src/amazon-qbusiness-anonymous-mcp-server/uv-requirements.txt uv,"fresh:other file:src/amazon-qbusiness-anonymous-mcp-server/uv-requirements.txt || fresh:other file:uv sync lock src/amazon-qbusiness-anonymous-mcp-server/uv.lock not in T, without || fresh:other file:uv sync lock src/amazon-qbusiness-anonymous-mcp-server/uv.lock not in T, without",
P062-s6-0,P062,snapshot,19b1d8cf6029,src/amazon-sns-sqs-mcp-server/Dockerfile,,src/amazon-sns-sqs-mcp-server,2,other file,"src/amazon-sns-sqs-mcp-server/uv-requirements.txt; uv sync lock src/amazon-sns-sqs-mcp-server/uv.lock not in T, without L",,script,,no,,,,,,no,,,src/amazon-sns-sqs-mcp-server/uv-requirements.txt uv,"fresh:other file:src/amazon-sns-sqs-mcp-server/uv-requirements.txt || fresh:other file:uv sync lock src/amazon-sns-sqs-mcp-server/uv.lock not in T, without L || fresh:other file:uv sync lock src/amazon-sns-sqs-mcp-server/uv.lock not in T, without L",
P062-s7-0,P062,snapshot,19b1d8cf6029,src/aurora-dsql-mcp-server/Dockerfile,,src/aurora-dsql-mcp-server,2,other file,"src/aurora-dsql-mcp-server/uv-requirements.txt; uv sync lock src/aurora-dsql-mcp-server/uv.lock not in T, without L",,script,,no,,,,,,no,,,src/aurora-dsql-mcp-server/uv-requirements.txt uv,"fresh:other file:src/aurora-dsql-mcp-server/uv-requirements.txt || fresh:other file:uv sync lock src/aurora-dsql-mcp-server/uv.lock not in T, without L || fresh:other file:uv sync lock src/aurora-dsql-mcp-server/uv.lock not in T, without L",
P062-s8-0,P062,snapshot,19b1d8cf6029,src/aws-api-mcp-server/Dockerfile,,src/aws-api-mcp-server,1,,uv sync with lock src/aws-api-mcp-server/uv.lock,,script,,no,,,,,src/aws-api-mcp-server/uv.lock,yes,,,src/aws-api-mcp-server/uv-requirements.txt uv,fresh:other file:src/aws-api-mcp-server/uv-requirements.txt || T::uv sync with lock src/aws-api-mcp-server/uv.lock || T::uv sync with lock src/aws-api-mcp-server/uv.lock,
P062-s9-0,P062,snapshot,19b1d8cf6029,src/aws-appsync-mcp-server/Dockerfile,,src/aws-appsync-mcp-server,2,other file,"src/aws-appsync-mcp-server/uv-requirements.txt; uv sync lock src/aws-appsync-mcp-server/uv.lock not in T, without L",,script,,no,,,,,,no,,,src/aws-appsync-mcp-server/uv-requirements.txt uv,"fresh:other file:src/aws-appsync-mcp-server/uv-requirements.txt || fresh:other file:uv sync lock src/aws-appsync-mcp-server/uv.lock not in T, without L || fresh:other file:uv sync lock src/aws-appsync-mcp-server/uv.lock not in T, without L",
P062-s10-0,P062,snapshot,19b1d8cf6029,src/aws-bedrock-custom-model-import-mcp-server/Dockerfile,,src/aws-bedrock-custom-model-import-mcp-server,2,other file,"src/aws-bedrock-custom-model-import-mcp-server/uv-requirements.txt; uv sync lock src/aws-bedrock-custom-model-import-mcp-server/uv.lock not in T, without L",,script,,no,,,,,,no,,,src/aws-bedrock-custom-model-import-mcp-server/uv-requirements.txt uv,"fresh:other file:src/aws-bedrock-custom-model-import-mcp-server/uv-requirements.txt || fresh:other file:uv sync lock src/aws-bedrock-custom-model-import-mcp-server/uv.lock not in T, wi || fresh:other file:uv sync lock src/aws-bedrock-custom-model-import-mcp-server/uv.lock not in T, wi",
P062-s11-0,P062,snapshot,19b1d8cf6029,src/aws-bedrock-data-automation-mcp-server/Dockerfile,,src/aws-bedrock-data-automation-mcp-server,2,other file,"src/aws-bedrock-data-automation-mcp-server/uv-requirements.txt; uv sync lock src/aws-bedrock-data-automation-mcp-server/uv.lock not in T, without L",,script,,no,,,,,,no,,,src/aws-bedrock-data-automation-mcp-server/uv-requirements.txt uv,"fresh:other file:src/aws-bedrock-data-automation-mcp-server/uv-requirements.txt || fresh:other file:uv sync lock src/aws-bedrock-data-automation-mcp-server/uv.lock not in T, withou || fresh:other file:uv sync lock src/aws-bedrock-data-automation-mcp-server/uv.lock not in T, withou",
P062-s12-0,P062,snapshot,19b1d8cf6029,src/aws-dataprocessing-mcp-server/Dockerfile,,src/aws-dataprocessing-mcp-server,2,other file,"src/aws-dataprocessing-mcp-server/uv-requirements.txt; uv sync lock src/aws-dataprocessing-mcp-server/uv.lock not in T, without L",,script,,no,,,,,,no,,,src/aws-dataprocessing-mcp-server/uv-requirements.txt uv,"fresh:other file:src/aws-dataprocessing-mcp-server/uv-requirements.txt || fresh:other file:uv sync lock src/aws-dataprocessing-mcp-server/uv.lock not in T, without L || fresh:other file:uv sync lock src/aws-dataprocessing-mcp-server/uv.lock not in T, without L",
P062-s13-0,P062,snapshot,19b1d8cf6029,src/aws-diagram-mcp-server/Dockerfile,,src/aws-diagram-mcp-server,2,other file,"src/aws-diagram-mcp-server/uv-requirements.txt; uv sync lock src/aws-diagram-mcp-server/uv.lock not in T, without L",,script,,no,,,,,,no,,,src/aws-diagram-mcp-server/uv-requirements.txt uv,"fresh:other file:src/aws-diagram-mcp-server/uv-requirements.txt || fresh:other file:uv sync lock src/aws-diagram-mcp-server/uv.lock not in T, without L || fresh:other file:uv sync lock src/aws-diagram-mcp-server/uv.lock not in T, without L",script nightly not in the repository (not copied); script env not in the repository (not copied); script env not in the repository (not copied); script env not in the repository (not copied)
P062-s14-0,P062,snapshot,19b1d8cf6029,src/aws-documentation-mcp-server/Dockerfile,,src/aws-documentation-mcp-server,2,other file,"src/aws-documentation-mcp-server/uv-requirements.txt; uv sync lock src/aws-documentation-mcp-server/uv.lock not in T, without L",,script,,no,,,,,,no,,,src/aws-documentation-mcp-server/uv-requirements.txt uv,"fresh:other file:src/aws-documentation-mcp-server/uv-requirements.txt || fresh:other file:uv sync lock src/aws-documentation-mcp-server/uv.lock not in T, without L || fresh:other file:uv sync lock src/aws-documentation-mcp-server/uv.lock not in T, without L",
P062-s15-0,P062,snapshot,19b1d8cf6029,src/aws-healthomics-mcp-server/Dockerfile,,src/aws-healthomics-mcp-server,2,other file,"src/aws-healthomics-mcp-server/uv-requirements.txt; uv sync lock src/aws-healthomics-mcp-server/uv.lock not in T, without L",,script,,no,,,,,,no,,,src/aws-healthomics-mcp-server/uv-requirements.txt uv,"fresh:other file:src/aws-healthomics-mcp-server/uv-requirements.txt || fresh:other file:uv sync lock src/aws-healthomics-mcp-server/uv.lock not in T, without L || fresh:other file:uv sync lock src/aws-healthomics-mcp-server/uv.lock not in T, without L",
P062-s16-0,P062,snapshot,19b1d8cf6029,src/aws-iac-mcp-server/Dockerfile,,src/aws-iac-mcp-server,2,other file,"src/aws-iac-mcp-server/uv-requirements.txt; uv sync lock src/aws-iac-mcp-server/uv.lock not in T, without L",,script,,no,,,,,,no,,,src/aws-iac-mcp-server/uv-requirements.txt uv,"fresh:other file:src/aws-iac-mcp-server/uv-requirements.txt || fresh:other file:uv sync lock src/aws-iac-mcp-server/uv.lock not in T, without L || fresh:other file:uv sync lock src/aws-iac-mcp-server/uv.lock not in T, without L",
P062-s17-0,P062,snapshot,19b1d8cf6029,src/aws-iot-sitewise-mcp-server/Dockerfile,,src/aws-iot-sitewise-mcp-server,2,other file,"src/aws-iot-sitewise-mcp-server/uv-requirements.txt; uv sync lock src/aws-iot-sitewise-mcp-server/uv.lock not in T, without L",,script,,no,,,,,,no,,,src/aws-iot-sitewise-mcp-server/uv-requirements.txt uv,"fresh:other file:src/aws-iot-sitewise-mcp-server/uv-requirements.txt || fresh:other file:uv sync lock src/aws-iot-sitewise-mcp-server/uv.lock not in T, without L || fresh:other file:uv sync lock src/aws-iot-sitewise-mcp-server/uv.lock not in T, without L",
P062-s18-0,P062,snapshot,19b1d8cf6029,src/aws-location-mcp-server/Dockerfile,,src/aws-location-mcp-server,2,other file,"src/aws-location-mcp-server/uv-requirements.txt; uv sync lock src/aws-location-mcp-server/uv.lock not in T, without L",,script,,no,,,,,,no,,,src/aws-location-mcp-server/uv-requirements.txt uv,"fresh:other file:src/aws-location-mcp-server/uv-requirements.txt || fresh:other file:uv sync lock src/aws-location-mcp-server/uv.lock not in T, without L || fresh:other file:uv sync lock src/aws-location-mcp-server/uv.lock not in T, without L",
P062-s19-0,P062,snapshot,19b1d8cf6029,src/aws-msk-mcp-server/Dockerfile,,src/aws-msk-mcp-server,2,other file,"src/aws-msk-mcp-server/uv-requirements.txt; uv sync lock src/aws-msk-mcp-server/uv.lock not in T, without L",,script,,no,,,,,,no,,,src/aws-msk-mcp-server/uv-requirements.txt uv,"fresh:other file:src/aws-msk-mcp-server/uv-requirements.txt || fresh:other file:uv sync lock src/aws-msk-mcp-server/uv.lock not in T, without L || fresh:other file:uv sync lock src/aws-msk-mcp-server/uv.lock not in T, without L",
P062-s20-0,P062,snapshot,19b1d8cf6029,src/aws-network-mcp-server/Dockerfile,,src/aws-network-mcp-server,2,other file,"src/aws-network-mcp-server/uv-requirements.txt; uv sync lock src/aws-network-mcp-server/uv.lock not in T, without L",,script,,no,,,,,,no,,,src/aws-network-mcp-server/uv-requirements.txt uv,"fresh:other file:src/aws-network-mcp-server/uv-requirements.txt || fresh:other file:uv sync lock src/aws-network-mcp-server/uv.lock not in T, without L || fresh:other file:uv sync lock src/aws-network-mcp-server/uv.lock not in T, without L",
P062-s21-0,P062,snapshot,19b1d8cf6029,src/aws-pricing-mcp-server/Dockerfile,,src/aws-pricing-mcp-server,2,other file,"src/aws-pricing-mcp-server/uv-requirements.txt; uv sync lock src/aws-pricing-mcp-server/uv.lock not in T, without L",,script,,no,,,,,,no,,,src/aws-pricing-mcp-server/uv-requirements.txt uv,"fresh:other file:src/aws-pricing-mcp-server/uv-requirements.txt || fresh:other file:uv sync lock src/aws-pricing-mcp-server/uv.lock not in T, without L || fresh:other file:uv sync lock src/aws-pricing-mcp-server/uv.lock not in T, without L",
P062-s22-0,P062,snapshot,19b1d8cf6029,src/bedrock-kb-retrieval-mcp-server/Dockerfile,,src/bedrock-kb-retrieval-mcp-server,2,other file,"src/bedrock-kb-retrieval-mcp-server/uv-requirements.txt; uv sync lock src/bedrock-kb-retrieval-mcp-server/uv.lock not in T, without L",,script,,no,,,,,,no,,,src/bedrock-kb-retrieval-mcp-server/uv-requirements.txt uv,"fresh:other file:src/bedrock-kb-retrieval-mcp-server/uv-requirements.txt || fresh:other file:uv sync lock src/bedrock-kb-retrieval-mcp-server/uv.lock not in T, without L || fresh:other file:uv sync lock src/bedrock-kb-retrieval-mcp-server/uv.lock not in T, without L",
P062-s23-0,P062,snapshot,19b1d8cf6029,src/billing-cost-management-mcp-server/Dockerfile,,src/billing-cost-management-mcp-server,2,other file,"src/billing-cost-management-mcp-server/uv-requirements.txt; uv sync lock src/billing-cost-management-mcp-server/uv.lock not in T, without L",,script,,no,,,,,,no,,,src/billing-cost-management-mcp-server/uv-requirements.txt uv,"fresh:other file:src/billing-cost-management-mcp-server/uv-requirements.txt || fresh:other file:uv sync lock src/billing-cost-management-mcp-server/uv.lock not in T, without L || fresh:other file:uv sync lock src/billing-cost-management-mcp-server/uv.lock not in T, without L",
P062-s24-0,P062,snapshot,19b1d8cf6029,src/ccapi-mcp-server/Dockerfile,,src/ccapi-mcp-server,2,other file,"src/ccapi-mcp-server/uv-requirements.txt; uv sync lock src/ccapi-mcp-server/uv.lock not in T, without L",,script,,no,,,,,,no,,,src/ccapi-mcp-server/uv-requirements.txt uv,"fresh:other file:src/ccapi-mcp-server/uv-requirements.txt || fresh:other file:uv sync lock src/ccapi-mcp-server/uv.lock not in T, without L || fresh:other file:uv sync lock src/ccapi-mcp-server/uv.lock not in T, without L",
P062-s25-0,P062,snapshot,19b1d8cf6029,src/cdk-mcp-server/Dockerfile,,src/cdk-mcp-server,2,other file,"src/cdk-mcp-server/uv-requirements.txt; uv sync lock src/cdk-mcp-server/uv.lock not in T, without L",,script,,no,,,,,,no,,,src/cdk-mcp-server/uv-requirements.txt uv,"fresh:other file:src/cdk-mcp-server/uv-requirements.txt || fresh:other file:uv sync lock src/cdk-mcp-server/uv.lock not in T, without L || fresh:other file:uv sync lock src/cdk-mcp-server/uv.lock not in T, without L",
P062-s26-0,P062,snapshot,19b1d8cf6029,src/cfn-mcp-server/Dockerfile,,src/cfn-mcp-server,2,other file,"src/cfn-mcp-server/uv-requirements.txt; uv sync lock src/cfn-mcp-server/uv.lock not in T, without L",,script,,no,,,,,,no,,,src/cfn-mcp-server/uv-requirements.txt uv,"fresh:other file:src/cfn-mcp-server/uv-requirements.txt || fresh:other file:uv sync lock src/cfn-mcp-server/uv.lock not in T, without L || fresh:other file:uv sync lock src/cfn-mcp-server/uv.lock not in T, without L",
P062-s27-0,P062,snapshot,19b1d8cf6029,src/cloudtrail-mcp-server/Dockerfile,,src/cloudtrail-mcp-server,2,other file,"src/cloudtrail-mcp-server/uv-requirements.txt; uv sync lock src/cloudtrail-mcp-server/uv.lock not in T, without L",,script,,no,,,,,,no,,,src/cloudtrail-mcp-server/uv-requirements.txt uv,"fresh:other file:src/cloudtrail-mcp-server/uv-requirements.txt || fresh:other file:uv sync lock src/cloudtrail-mcp-server/uv.lock not in T, without L || fresh:other file:uv sync lock src/cloudtrail-mcp-server/uv.lock not in T, without L",
P062-s28-0,P062,snapshot,19b1d8cf6029,src/cloudwatch-applicationsignals-mcp-server/Dockerfile,,src/cloudwatch-applicationsignals-mcp-server,2,other file,"src/cloudwatch-applicationsignals-mcp-server/uv-requirements.txt; uv sync lock src/cloudwatch-applicationsignals-mcp-server/uv.lock not in T, without L",,script,,no,,,,,,no,,,src/cloudwatch-applicationsignals-mcp-server/uv-requirements.txt uv,"fresh:other file:src/cloudwatch-applicationsignals-mcp-server/uv-requirements.txt || fresh:other file:uv sync lock src/cloudwatch-applicationsignals-mcp-server/uv.lock not in T, with || fresh:other file:uv sync lock src/cloudwatch-applicationsignals-mcp-server/uv.lock not in T, with",
P062-s29-0,P062,snapshot,19b1d8cf6029,src/cloudwatch-mcp-server/Dockerfile,,src/cloudwatch-mcp-server,2,other file,"src/cloudwatch-mcp-server/uv-requirements.txt; uv sync lock src/cloudwatch-mcp-server/uv.lock not in T, without L",,script,,no,,,,,,no,,,src/cloudwatch-mcp-server/uv-requirements.txt uv,"fresh:other file:src/cloudwatch-mcp-server/uv-requirements.txt || fresh:other file:uv sync lock src/cloudwatch-mcp-server/uv.lock not in T, without L || fresh:other file:uv sync lock src/cloudwatch-mcp-server/uv.lock not in T, without L",
P062-s30-0,P062,snapshot,19b1d8cf6029,src/core-mcp-server/Dockerfile,,src/core-mcp-server,4,,uv sync lock src/core-mcp-server/uv.lock not in T locks L,,script,,no,,,,1.44.7,,no,,,src/core-mcp-server/uv-requirements.txt uv,fresh:other file:src/core-mcp-server/uv-requirements.txt || other_pin::uv sync lock src/core-mcp-server/uv.lock not in T locks L || other_pin::uv sync lock src/core-mcp-server/uv.lock not in T locks L,
P062-s31-0,P062,snapshot,19b1d8cf6029,src/cost-explorer-mcp-server/Dockerfile,,src/cost-explorer-mcp-server,2,other file,"src/cost-explorer-mcp-server/uv-requirements.txt; uv sync lock src/cost-explorer-mcp-server/uv.lock not in T, without L",,script,,no,,,,,,no,,,src/cost-explorer-mcp-server/uv-requirements.txt uv,"fresh:other file:src/cost-explorer-mcp-server/uv-requirements.txt || fresh:other file:uv sync lock src/cost-explorer-mcp-server/uv.lock not in T, without L || fresh:other file:uv sync lock src/cost-explorer-mcp-server/uv.lock not in T, without L",
P062-s32-0,P062,snapshot,19b1d8cf6029,src/document-loader-mcp-server/Dockerfile,,src/document-loader-mcp-server,2,other file,"src/document-loader-mcp-server/uv-requirements.txt; uv sync lock src/document-loader-mcp-server/uv.lock not in T, without L",,script,,no,,,,,,no,,,src/document-loader-mcp-server/uv-requirements.txt uv,"fresh:other file:src/document-loader-mcp-server/uv-requirements.txt || fresh:other file:uv sync lock src/document-loader-mcp-server/uv.lock not in T, without L || fresh:other file:uv sync lock src/document-loader-mcp-server/uv.lock not in T, without L",
P062-s33-0,P062,snapshot,19b1d8cf6029,src/dynamodb-mcp-server/Dockerfile,,src/dynamodb-mcp-server,4,,uv sync lock src/dynamodb-mcp-server/uv.lock not in T locks L,,script,,no,,,,1.44.67,,no,,,src/dynamodb-mcp-server/uv-requirements.txt uv,fresh:other file:src/dynamodb-mcp-server/uv-requirements.txt || other_pin::uv sync lock src/dynamodb-mcp-server/uv.lock not in T locks L || other_pin::uv sync lock src/dynamodb-mcp-server/uv.lock not in T locks L,
P062-s34-0,P062,snapshot,19b1d8cf6029,src/eks-mcp-server/Dockerfile,,src/eks-mcp-server,2,other file,"src/eks-mcp-server/uv-requirements.txt; uv sync lock src/eks-mcp-server/uv.lock not in T, without L",,script,,no,,,,,,no,,,src/eks-mcp-server/uv-requirements.txt uv,"fresh:other file:src/eks-mcp-server/uv-requirements.txt || fresh:other file:uv sync lock src/eks-mcp-server/uv.lock not in T, without L || fresh:other file:uv sync lock src/eks-mcp-server/uv.lock not in T, without L",
P062-s35-0,P062,snapshot,19b1d8cf6029,src/elasticache-mcp-server/Dockerfile,,src/elasticache-mcp-server,2,other file,"src/elasticache-mcp-server/uv-requirements.txt; uv sync lock src/elasticache-mcp-server/uv.lock not in T, without L",,script,,no,,,,,,no,,,src/elasticache-mcp-server/uv-requirements.txt uv,"fresh:other file:src/elasticache-mcp-server/uv-requirements.txt || fresh:other file:uv sync lock src/elasticache-mcp-server/uv.lock not in T, without L || fresh:other file:uv sync lock src/elasticache-mcp-server/uv.lock not in T, without L",
P062-s36-0,P062,snapshot,19b1d8cf6029,src/healthimaging-mcp-server/Dockerfile,,src/healthimaging-mcp-server,2,other file,"src/healthimaging-mcp-server/uv-requirements.txt; uv sync lock src/healthimaging-mcp-server/uv.lock not in T, without L",,script,,no,,,,,,no,,,src/healthimaging-mcp-server/uv-requirements.txt uv,"fresh:other file:src/healthimaging-mcp-server/uv-requirements.txt || fresh:other file:uv sync lock src/healthimaging-mcp-server/uv.lock not in T, without L || fresh:other file:uv sync lock src/healthimaging-mcp-server/uv.lock not in T, without L",
P062-s37-0,P062,snapshot,19b1d8cf6029,src/healthlake-mcp-server/Dockerfile,,src/healthlake-mcp-server,2,other file,"src/healthlake-mcp-server/uv-requirements.txt; uv sync lock src/healthlake-mcp-server/uv.lock not in T, without L",,script,,no,,,,,,no,,,src/healthlake-mcp-server/uv-requirements.txt uv,"fresh:other file:src/healthlake-mcp-server/uv-requirements.txt || fresh:other file:uv sync lock src/healthlake-mcp-server/uv.lock not in T, without L || fresh:other file:uv sync lock src/healthlake-mcp-server/uv.lock not in T, without L",
P062-s38-0,P062,snapshot,19b1d8cf6029,src/iam-mcp-server/Dockerfile,,src/iam-mcp-server,2,other file,"src/iam-mcp-server/uv-requirements.txt; uv sync lock src/iam-mcp-server/uv.lock not in T, without L",,script,,no,,,,,,no,,,src/iam-mcp-server/uv-requirements.txt uv,"fresh:other file:src/iam-mcp-server/uv-requirements.txt || fresh:other file:uv sync lock src/iam-mcp-server/uv.lock not in T, without L || fresh:other file:uv sync lock src/iam-mcp-server/uv.lock not in T, without L",
P062-s39-0,P062,snapshot,19b1d8cf6029,src/lambda-tool-mcp-server/Dockerfile,,src/lambda-tool-mcp-server,2,other file,"src/lambda-tool-mcp-server/uv-requirements.txt; uv sync lock src/lambda-tool-mcp-server/uv.lock not in T, without L",,script,,no,,,,,,no,,,src/lambda-tool-mcp-server/uv-requirements.txt uv,"fresh:other file:src/lambda-tool-mcp-server/uv-requirements.txt || fresh:other file:uv sync lock src/lambda-tool-mcp-server/uv.lock not in T, without L || fresh:other file:uv sync lock src/lambda-tool-mcp-server/uv.lock not in T, without L",
P062-s40-0,P062,snapshot,19b1d8cf6029,src/memcached-mcp-server/Dockerfile,,src/memcached-mcp-server,2,other file,"src/memcached-mcp-server/uv-requirements.txt; uv sync lock src/memcached-mcp-server/uv.lock not in T, without L",,script,,no,,,,,,no,,,src/memcached-mcp-server/uv-requirements.txt uv,"fresh:other file:src/memcached-mcp-server/uv-requirements.txt || fresh:other file:uv sync lock src/memcached-mcp-server/uv.lock not in T, without L || fresh:other file:uv sync lock src/memcached-mcp-server/uv.lock not in T, without L",
P062-s41-0,P062,snapshot,19b1d8cf6029,src/mysql-mcp-server/Dockerfile,,src/mysql-mcp-server,2,other file,"src/mysql-mcp-server/uv-requirements.txt; uv sync lock src/mysql-mcp-server/uv.lock not in T, without L",,script,,no,,,,,,no,,,src/mysql-mcp-server/uv-requirements.txt uv,"fresh:other file:src/mysql-mcp-server/uv-requirements.txt || fresh:other file:uv sync lock src/mysql-mcp-server/uv.lock not in T, without L || fresh:other file:uv sync lock src/mysql-mcp-server/uv.lock not in T, without L",
P062-s42-0,P062,snapshot,19b1d8cf6029,src/nova-canvas-mcp-server/Dockerfile,,src/nova-canvas-mcp-server,2,other file,"src/nova-canvas-mcp-server/uv-requirements.txt; uv sync lock src/nova-canvas-mcp-server/uv.lock not in T, without L",,script,,no,,,,,,no,,,src/nova-canvas-mcp-server/uv-requirements.txt uv,"fresh:other file:src/nova-canvas-mcp-server/uv-requirements.txt || fresh:other file:uv sync lock src/nova-canvas-mcp-server/uv.lock not in T, without L || fresh:other file:uv sync lock src/nova-canvas-mcp-server/uv.lock not in T, without L",
P062-s43-0,P062,snapshot,19b1d8cf6029,src/openapi-mcp-server/Dockerfile,,src/openapi-mcp-server,2,other file,"src/openapi-mcp-server/uv-requirements.txt; uv sync lock src/openapi-mcp-server/uv.lock not in T, without L",,script,,no,,,,,,no,,,src/openapi-mcp-server/uv-requirements.txt uv,"fresh:other file:src/openapi-mcp-server/uv-requirements.txt || fresh:other file:uv sync lock src/openapi-mcp-server/uv.lock not in T, without L || fresh:other file:uv sync lock src/openapi-mcp-server/uv.lock not in T, without L",
P062-s44-0,P062,snapshot,19b1d8cf6029,src/postgres-mcp-server/Dockerfile,,src/postgres-mcp-server,2,other file,"src/postgres-mcp-server/uv-requirements.txt; uv sync lock src/postgres-mcp-server/uv.lock not in T, without L",,script,,no,,,,,,no,,,src/postgres-mcp-server/uv-requirements.txt uv,"fresh:other file:src/postgres-mcp-server/uv-requirements.txt || fresh:other file:uv sync lock src/postgres-mcp-server/uv.lock not in T, without L || fresh:other file:uv sync lock src/postgres-mcp-server/uv.lock not in T, without L",
P062-s45-0,P062,snapshot,19b1d8cf6029,src/prometheus-mcp-server/Dockerfile,,src/prometheus-mcp-server,2,other file,"src/prometheus-mcp-server/uv-requirements.txt; uv sync lock src/prometheus-mcp-server/uv.lock not in T, without L",,script,,no,,,,,,no,,,src/prometheus-mcp-server/uv-requirements.txt uv,"fresh:other file:src/prometheus-mcp-server/uv-requirements.txt || fresh:other file:uv sync lock src/prometheus-mcp-server/uv.lock not in T, without L || fresh:other file:uv sync lock src/prometheus-mcp-server/uv.lock not in T, without L",
P062-s46-0,P062,snapshot,19b1d8cf6029,src/redshift-mcp-server/Dockerfile,,src/redshift-mcp-server,2,other file,"src/redshift-mcp-server/uv-requirements.txt; uv sync lock src/redshift-mcp-server/uv.lock not in T, without L",,script,,no,,,,,,no,,,src/redshift-mcp-server/uv-requirements.txt uv,"fresh:other file:src/redshift-mcp-server/uv-requirements.txt || fresh:other file:uv sync lock src/redshift-mcp-server/uv.lock not in T, without L || fresh:other file:uv sync lock src/redshift-mcp-server/uv.lock not in T, without L",
P062-s47-0,P062,snapshot,19b1d8cf6029,src/s3-tables-mcp-server/Dockerfile,,src/s3-tables-mcp-server,2,other file,"src/s3-tables-mcp-server/uv-requirements.txt; uv sync lock src/s3-tables-mcp-server/uv.lock not in T, without L",,script,,no,,,,,,no,,,src/s3-tables-mcp-server/uv-requirements.txt uv,"fresh:other file:src/s3-tables-mcp-server/uv-requirements.txt || fresh:other file:uv sync lock src/s3-tables-mcp-server/uv.lock not in T, without L || fresh:other file:uv sync lock src/s3-tables-mcp-server/uv.lock not in T, without L",
P062-s48-0,P062,snapshot,19b1d8cf6029,src/stepfunctions-tool-mcp-server/Dockerfile,,src/stepfunctions-tool-mcp-server,2,other file,"src/stepfunctions-tool-mcp-server/uv-requirements.txt; uv sync lock src/stepfunctions-tool-mcp-server/uv.lock not in T, without L",,script,,no,,,,,,no,,,src/stepfunctions-tool-mcp-server/uv-requirements.txt uv,"fresh:other file:src/stepfunctions-tool-mcp-server/uv-requirements.txt || fresh:other file:uv sync lock src/stepfunctions-tool-mcp-server/uv.lock not in T, without L || fresh:other file:uv sync lock src/stepfunctions-tool-mcp-server/uv.lock not in T, without L",
P062-s49-0,P062,snapshot,19b1d8cf6029,src/terraform-mcp-server/Dockerfile,,src/terraform-mcp-server,2,other file,"src/terraform-mcp-server/uv-requirements.txt; uv sync lock src/terraform-mcp-server/uv.lock not in T, without L",,script,,no,,,,,,no,,,src/terraform-mcp-server/uv-requirements.txt uv,"fresh:other file:src/terraform-mcp-server/uv-requirements.txt || fresh:other file:uv sync lock src/terraform-mcp-server/uv.lock not in T, without L || fresh:other file:uv sync lock src/terraform-mcp-server/uv.lock not in T, without L",
P062-s50-0,P062,snapshot,19b1d8cf6029,src/timestream-for-influxdb-mcp-server/Dockerfile,,src/timestream-for-influxdb-mcp-server,2,other file,"src/timestream-for-influxdb-mcp-server/uv-requirements.txt; uv sync lock src/timestream-for-influxdb-mcp-server/uv.lock not in T, without L",,script,,no,,,,,,no,,,src/timestream-for-influxdb-mcp-server/uv-requirements.txt uv,"fresh:other file:src/timestream-for-influxdb-mcp-server/uv-requirements.txt || fresh:other file:uv sync lock src/timestream-for-influxdb-mcp-server/uv.lock not in T, without L || fresh:other file:uv sync lock src/timestream-for-influxdb-mcp-server/uv.lock not in T, without L",
P062-s51-0,P062,snapshot,19b1d8cf6029,src/valkey-mcp-server/Dockerfile,,src/valkey-mcp-server,2,other file,"src/valkey-mcp-server/uv-requirements.txt; uv sync lock src/valkey-mcp-server/uv.lock not in T, without L",,script,,no,,,,,,no,,,src/valkey-mcp-server/uv-requirements.txt uv,"fresh:other file:src/valkey-mcp-server/uv-requirements.txt || fresh:other file:uv sync lock src/valkey-mcp-server/uv.lock not in T, without L || fresh:other file:uv sync lock src/valkey-mcp-server/uv.lock not in T, without L",
P062-h1-0,P062,head,69a3cb031839,src/amazon-bedrock-agentcore-mcp-server/Dockerfile,,src/amazon-bedrock-agentcore-mcp-server,2,other file,"src/amazon-bedrock-agentcore-mcp-server/uv-requirements.txt; uv sync lock src/amazon-bedrock-agentcore-mcp-server/uv.lock not in T, without L",,script,,no,,,,,,no,,,src/amazon-bedrock-agentcore-mcp-server/uv-requirements.txt uv,"fresh:other file:src/amazon-bedrock-agentcore-mcp-server/uv-requirements.txt || fresh:other file:uv sync lock src/amazon-bedrock-agentcore-mcp-server/uv.lock not in T, without L || fresh:other file:uv sync lock src/amazon-bedrock-agentcore-mcp-server/uv.lock not in T, without L",
P062-h2-0,P062,head,69a3cb031839,src/amazon-kendra-index-mcp-server/Dockerfile,,src/amazon-kendra-index-mcp-server,2,other file,"src/amazon-kendra-index-mcp-server/uv-requirements.txt; uv sync lock src/amazon-kendra-index-mcp-server/uv.lock not in T, without L",,script,,no,,,,,,no,,,src/amazon-kendra-index-mcp-server/uv-requirements.txt uv,"fresh:other file:src/amazon-kendra-index-mcp-server/uv-requirements.txt || fresh:other file:uv sync lock src/amazon-kendra-index-mcp-server/uv.lock not in T, without L || fresh:other file:uv sync lock src/amazon-kendra-index-mcp-server/uv.lock not in T, without L",
P062-h3-0,P062,head,69a3cb031839,src/amazon-mq-mcp-server/Dockerfile,,src/amazon-mq-mcp-server,2,other file,"src/amazon-mq-mcp-server/uv-requirements.txt; uv sync lock src/amazon-mq-mcp-server/uv.lock not in T, without L",,script,,no,,,,,,no,,,src/amazon-mq-mcp-server/uv-requirements.txt uv,"fresh:other file:src/amazon-mq-mcp-server/uv-requirements.txt || fresh:other file:uv sync lock src/amazon-mq-mcp-server/uv.lock not in T, without L || fresh:other file:uv sync lock src/amazon-mq-mcp-server/uv.lock not in T, without L",
P062-h4-0,P062,head,69a3cb031839,src/amazon-neptune-mcp-server/Dockerfile,,src/amazon-neptune-mcp-server,2,other file,"src/amazon-neptune-mcp-server/uv-requirements.txt; uv sync lock src/amazon-neptune-mcp-server/uv.lock not in T, without L",,script,,no,,,,,,no,,,src/amazon-neptune-mcp-server/uv-requirements.txt uv,"fresh:other file:src/amazon-neptune-mcp-server/uv-requirements.txt || fresh:other file:uv sync lock src/amazon-neptune-mcp-server/uv.lock not in T, without L || fresh:other file:uv sync lock src/amazon-neptune-mcp-server/uv.lock not in T, without L",
P062-h5-0,P062,head,69a3cb031839,src/amazon-qbusiness-anonymous-mcp-server/Dockerfile,,src/amazon-qbusiness-anonymous-mcp-server,2,other file,"src/amazon-qbusiness-anonymous-mcp-server/uv-requirements.txt; uv sync lock src/amazon-qbusiness-anonymous-mcp-server/uv.lock not in T, without L",,script,,no,,,,,,no,,,src/amazon-qbusiness-anonymous-mcp-server/uv-requirements.txt uv,"fresh:other file:src/amazon-qbusiness-anonymous-mcp-server/uv-requirements.txt || fresh:other file:uv sync lock src/amazon-qbusiness-anonymous-mcp-server/uv.lock not in T, without || fresh:other file:uv sync lock src/amazon-qbusiness-anonymous-mcp-server/uv.lock not in T, without",
P062-h6-0,P062,head,69a3cb031839,src/amazon-sns-sqs-mcp-server/Dockerfile,,src/amazon-sns-sqs-mcp-server,2,other file,"src/amazon-sns-sqs-mcp-server/uv-requirements.txt; uv sync lock src/amazon-sns-sqs-mcp-server/uv.lock not in T, without L",,script,,no,,,,,,no,,,src/amazon-sns-sqs-mcp-server/uv-requirements.txt uv,"fresh:other file:src/amazon-sns-sqs-mcp-server/uv-requirements.txt || fresh:other file:uv sync lock src/amazon-sns-sqs-mcp-server/uv.lock not in T, without L || fresh:other file:uv sync lock src/amazon-sns-sqs-mcp-server/uv.lock not in T, without L",
P062-h7-0,P062,head,69a3cb031839,src/amazon-translate-mcp-server/Dockerfile,,src/amazon-translate-mcp-server,2,other file,"src/amazon-translate-mcp-server/uv-requirements.txt; uv sync lock src/amazon-translate-mcp-server/uv.lock not in T, without L",,script,,no,,,,,,no,,,src/amazon-translate-mcp-server/uv-requirements.txt uv,"fresh:other file:src/amazon-translate-mcp-server/uv-requirements.txt || fresh:other file:uv sync lock src/amazon-translate-mcp-server/uv.lock not in T, without L || fresh:other file:uv sync lock src/amazon-translate-mcp-server/uv.lock not in T, without L",
P062-h8-0,P062,head,69a3cb031839,src/aurora-dsql-mcp-server/Dockerfile,,src/aurora-dsql-mcp-server,2,other file,"src/aurora-dsql-mcp-server/uv-requirements.txt; uv sync lock src/aurora-dsql-mcp-server/uv.lock not in T, without L",,script,,no,,,,,,no,,,src/aurora-dsql-mcp-server/uv-requirements.txt uv,"fresh:other file:src/aurora-dsql-mcp-server/uv-requirements.txt || fresh:other file:uv sync lock src/aurora-dsql-mcp-server/uv.lock not in T, without L || fresh:other file:uv sync lock src/aurora-dsql-mcp-server/uv.lock not in T, without L",
P062-h9-0,P062,head,69a3cb031839,src/aws-api-mcp-server/Dockerfile,,src/aws-api-mcp-server,1,,uv sync with lock src/aws-api-mcp-server/uv.lock,,script,,no,,,,,src/aws-api-mcp-server/uv.lock,yes,,,src/aws-api-mcp-server/uv-requirements.txt uv,fresh:other file:src/aws-api-mcp-server/uv-requirements.txt || T::uv sync with lock src/aws-api-mcp-server/uv.lock || T::uv sync with lock src/aws-api-mcp-server/uv.lock,
P062-h10-0,P062,head,69a3cb031839,src/aws-appsync-mcp-server/Dockerfile,,src/aws-appsync-mcp-server,2,other file,"src/aws-appsync-mcp-server/uv-requirements.txt; uv sync lock src/aws-appsync-mcp-server/uv.lock not in T, without L",,script,,no,,,,,,no,,,src/aws-appsync-mcp-server/uv-requirements.txt uv,"fresh:other file:src/aws-appsync-mcp-server/uv-requirements.txt || fresh:other file:uv sync lock src/aws-appsync-mcp-server/uv.lock not in T, without L || fresh:other file:uv sync lock src/aws-appsync-mcp-server/uv.lock not in T, without L",
P062-h11-0,P062,head,69a3cb031839,src/aws-bedrock-custom-model-import-mcp-server/Dockerfile,,src/aws-bedrock-custom-model-import-mcp-server,2,other file,"src/aws-bedrock-custom-model-import-mcp-server/uv-requirements.txt; uv sync lock src/aws-bedrock-custom-model-import-mcp-server/uv.lock not in T, without L",,script,,no,,,,,,no,,,src/aws-bedrock-custom-model-import-mcp-server/uv-requirements.txt uv,"fresh:other file:src/aws-bedrock-custom-model-import-mcp-server/uv-requirements.txt || fresh:other file:uv sync lock src/aws-bedrock-custom-model-import-mcp-server/uv.lock not in T, wi || fresh:other file:uv sync lock src/aws-bedrock-custom-model-import-mcp-server/uv.lock not in T, wi",
P062-h12-0,P062,head,69a3cb031839,src/aws-dataprocessing-mcp-server/Dockerfile,,src/aws-dataprocessing-mcp-server,2,other file,"src/aws-dataprocessing-mcp-server/uv-requirements.txt; uv sync lock src/aws-dataprocessing-mcp-server/uv.lock not in T, without L",,script,,no,,,,,,no,,,src/aws-dataprocessing-mcp-server/uv-requirements.txt uv,"fresh:other file:src/aws-dataprocessing-mcp-server/uv-requirements.txt || fresh:other file:uv sync lock src/aws-dataprocessing-mcp-server/uv.lock not in T, without L || fresh:other file:uv sync lock src/aws-dataprocessing-mcp-server/uv.lock not in T, without L",
P062-h13-0,P062,head,69a3cb031839,src/aws-documentation-mcp-server/Dockerfile,,src/aws-documentation-mcp-server,2,other file,"src/aws-documentation-mcp-server/uv-requirements.txt; uv sync lock src/aws-documentation-mcp-server/uv.lock not in T, without L",,script,,no,,,,,,no,,,src/aws-documentation-mcp-server/uv-requirements.txt uv,"fresh:other file:src/aws-documentation-mcp-server/uv-requirements.txt || fresh:other file:uv sync lock src/aws-documentation-mcp-server/uv.lock not in T, without L || fresh:other file:uv sync lock src/aws-documentation-mcp-server/uv.lock not in T, without L",
P062-h14-0,P062,head,69a3cb031839,src/aws-for-sap-management-mcp-server/Dockerfile,,src/aws-for-sap-management-mcp-server,2,other file,"src/aws-for-sap-management-mcp-server/uv-requirements.txt; uv sync lock src/aws-for-sap-management-mcp-server/uv.lock not in T, without L",,script,,no,,,,,,no,,,src/aws-for-sap-management-mcp-server/uv-requirements.txt uv,"fresh:other file:src/aws-for-sap-management-mcp-server/uv-requirements.txt || fresh:other file:uv sync lock src/aws-for-sap-management-mcp-server/uv.lock not in T, without L || fresh:other file:uv sync lock src/aws-for-sap-management-mcp-server/uv.lock not in T, without L",
P062-h15-0,P062,head,69a3cb031839,src/aws-healthomics-mcp-server/Dockerfile,,src/aws-healthomics-mcp-server,2,other file,"src/aws-healthomics-mcp-server/uv-requirements.txt; uv sync lock src/aws-healthomics-mcp-server/uv.lock not in T, without L",,script,,no,,,,,,no,,,src/aws-healthomics-mcp-server/uv-requirements.txt uv,"fresh:other file:src/aws-healthomics-mcp-server/uv-requirements.txt || fresh:other file:uv sync lock src/aws-healthomics-mcp-server/uv.lock not in T, without L || fresh:other file:uv sync lock src/aws-healthomics-mcp-server/uv.lock not in T, without L",
P062-h16-0,P062,head,69a3cb031839,src/aws-healthomics-mcp-server/integration/deploy/image/mcp.Dockerfile,,src/aws-healthomics-mcp-server,2,other file,"src/aws-healthomics-mcp-server/uv-requirements.txt; uv sync lock src/aws-healthomics-mcp-server/uv.lock not in T, without L",,script,,no,,,,,,no,,,src/aws-healthomics-mcp-server/uv-requirements.txt uv,"fresh:other file:src/aws-healthomics-mcp-server/uv-requirements.txt || fresh:other file:uv sync lock src/aws-healthomics-mcp-server/uv.lock not in T, without L || fresh:other file:uv sync lock src/aws-healthomics-mcp-server/uv.lock not in T, without L",
P062-h17-0,P062,head,69a3cb031839,src/aws-iac-mcp-server/Dockerfile,,src/aws-iac-mcp-server,2,other file,"src/aws-iac-mcp-server/uv-requirements.txt; uv sync lock src/aws-iac-mcp-server/uv.lock not in T, without L",,script,,no,,,,,,no,,,src/aws-iac-mcp-server/uv-requirements.txt uv,"fresh:other file:src/aws-iac-mcp-server/uv-requirements.txt || fresh:other file:uv sync lock src/aws-iac-mcp-server/uv.lock not in T, without L || fresh:other file:uv sync lock src/aws-iac-mcp-server/uv.lock not in T, without L",
P062-h18-0,P062,head,69a3cb031839,src/aws-iot-sitewise-mcp-server/Dockerfile,,src/aws-iot-sitewise-mcp-server,2,other file,"src/aws-iot-sitewise-mcp-server/uv-requirements.txt; uv sync lock src/aws-iot-sitewise-mcp-server/uv.lock not in T, without L",,script,,no,,,,,,no,,,src/aws-iot-sitewise-mcp-server/uv-requirements.txt uv,"fresh:other file:src/aws-iot-sitewise-mcp-server/uv-requirements.txt || fresh:other file:uv sync lock src/aws-iot-sitewise-mcp-server/uv.lock not in T, without L || fresh:other file:uv sync lock src/aws-iot-sitewise-mcp-server/uv.lock not in T, without L",
P062-h19-0,P062,head,69a3cb031839,src/aws-location-mcp-server/Dockerfile,,src/aws-location-mcp-server,2,other file,"src/aws-location-mcp-server/uv-requirements.txt; uv sync lock src/aws-location-mcp-server/uv.lock not in T, without L",,script,,no,,,,,,no,,,src/aws-location-mcp-server/uv-requirements.txt uv,"fresh:other file:src/aws-location-mcp-server/uv-requirements.txt || fresh:other file:uv sync lock src/aws-location-mcp-server/uv.lock not in T, without L || fresh:other file:uv sync lock src/aws-location-mcp-server/uv.lock not in T, without L",
P062-h20-0,P062,head,69a3cb031839,src/aws-network-mcp-server/Dockerfile,,src/aws-network-mcp-server,2,other file,"src/aws-network-mcp-server/uv-requirements.txt; uv sync lock src/aws-network-mcp-server/uv.lock not in T, without L",,script,,no,,,,,,no,,,src/aws-network-mcp-server/uv-requirements.txt uv,"fresh:other file:src/aws-network-mcp-server/uv-requirements.txt || fresh:other file:uv sync lock src/aws-network-mcp-server/uv.lock not in T, without L || fresh:other file:uv sync lock src/aws-network-mcp-server/uv.lock not in T, without L",
P062-h21-0,P062,head,69a3cb031839,src/aws-pricing-mcp-server/Dockerfile,,src/aws-pricing-mcp-server,2,other file,"src/aws-pricing-mcp-server/uv-requirements.txt; uv sync lock src/aws-pricing-mcp-server/uv.lock not in T, without L",,script,,no,,,,,,no,,,src/aws-pricing-mcp-server/uv-requirements.txt uv,"fresh:other file:src/aws-pricing-mcp-server/uv-requirements.txt || fresh:other file:uv sync lock src/aws-pricing-mcp-server/uv.lock not in T, without L || fresh:other file:uv sync lock src/aws-pricing-mcp-server/uv.lock not in T, without L",
P062-h22-0,P062,head,69a3cb031839,src/bedrock-kb-retrieval-mcp-server/Dockerfile,,src/bedrock-kb-retrieval-mcp-server,2,other file,"src/bedrock-kb-retrieval-mcp-server/uv-requirements.txt; uv sync lock src/bedrock-kb-retrieval-mcp-server/uv.lock not in T, without L",,script,,no,,,,,,no,,,src/bedrock-kb-retrieval-mcp-server/uv-requirements.txt uv,"fresh:other file:src/bedrock-kb-retrieval-mcp-server/uv-requirements.txt || fresh:other file:uv sync lock src/bedrock-kb-retrieval-mcp-server/uv.lock not in T, without L || fresh:other file:uv sync lock src/bedrock-kb-retrieval-mcp-server/uv.lock not in T, without L",
P062-h23-0,P062,head,69a3cb031839,src/billing-cost-management-mcp-server/Dockerfile,,src/billing-cost-management-mcp-server,2,other file,"src/billing-cost-management-mcp-server/uv-requirements.txt; uv sync lock src/billing-cost-management-mcp-server/uv.lock not in T, without L",,script,,no,,,,,,no,,,src/billing-cost-management-mcp-server/uv-requirements.txt uv,"fresh:other file:src/billing-cost-management-mcp-server/uv-requirements.txt || fresh:other file:uv sync lock src/billing-cost-management-mcp-server/uv.lock not in T, without L || fresh:other file:uv sync lock src/billing-cost-management-mcp-server/uv.lock not in T, without L",
P062-h24-0,P062,head,69a3cb031839,src/ccapi-mcp-server/Dockerfile,,src/ccapi-mcp-server,2,other file,"src/ccapi-mcp-server/uv-requirements.txt; uv sync lock src/ccapi-mcp-server/uv.lock not in T, without L",,script,,no,,,,,,no,,,src/ccapi-mcp-server/uv-requirements.txt uv,"fresh:other file:src/ccapi-mcp-server/uv-requirements.txt || fresh:other file:uv sync lock src/ccapi-mcp-server/uv.lock not in T, without L || fresh:other file:uv sync lock src/ccapi-mcp-server/uv.lock not in T, without L",
P062-h25-0,P062,head,69a3cb031839,src/cloudtrail-mcp-server/Dockerfile,,src/cloudtrail-mcp-server,2,other file,"src/cloudtrail-mcp-server/uv-requirements.txt; uv sync lock src/cloudtrail-mcp-server/uv.lock not in T, without L",,script,,no,,,,,,no,,,src/cloudtrail-mcp-server/uv-requirements.txt uv,"fresh:other file:src/cloudtrail-mcp-server/uv-requirements.txt || fresh:other file:uv sync lock src/cloudtrail-mcp-server/uv.lock not in T, without L || fresh:other file:uv sync lock src/cloudtrail-mcp-server/uv.lock not in T, without L",
P062-h26-0,P062,head,69a3cb031839,src/cloudwatch-applicationsignals-mcp-server/Dockerfile,,src/cloudwatch-applicationsignals-mcp-server,2,other file,"src/cloudwatch-applicationsignals-mcp-server/uv-requirements.txt; uv sync lock src/cloudwatch-applicationsignals-mcp-server/uv.lock not in T, without L",,script,,no,,,,,,no,,,src/cloudwatch-applicationsignals-mcp-server/uv-requirements.txt uv,"fresh:other file:src/cloudwatch-applicationsignals-mcp-server/uv-requirements.txt || fresh:other file:uv sync lock src/cloudwatch-applicationsignals-mcp-server/uv.lock not in T, with || fresh:other file:uv sync lock src/cloudwatch-applicationsignals-mcp-server/uv.lock not in T, with",
P062-h27-0,P062,head,69a3cb031839,src/cloudwatch-mcp-server/Dockerfile,,src/cloudwatch-mcp-server,2,other file,"src/cloudwatch-mcp-server/uv-requirements.txt; uv sync lock src/cloudwatch-mcp-server/uv.lock not in T, without L",,script,,no,,,,,,no,,,src/cloudwatch-mcp-server/uv-requirements.txt uv,"fresh:other file:src/cloudwatch-mcp-server/uv-requirements.txt || fresh:other file:uv sync lock src/cloudwatch-mcp-server/uv.lock not in T, without L || fresh:other file:uv sync lock src/cloudwatch-mcp-server/uv.lock not in T, without L",
P062-h28-0,P062,head,69a3cb031839,src/document-loader-mcp-server/Dockerfile,,src/document-loader-mcp-server,2,other file,"src/document-loader-mcp-server/uv-requirements.txt; uv sync lock src/document-loader-mcp-server/uv.lock not in T, without L",,script,,no,,,,,,no,,,src/document-loader-mcp-server/uv-requirements.txt uv,"fresh:other file:src/document-loader-mcp-server/uv-requirements.txt || fresh:other file:uv sync lock src/document-loader-mcp-server/uv.lock not in T, without L || fresh:other file:uv sync lock src/document-loader-mcp-server/uv.lock not in T, without L",
P062-h29-0,P062,head,69a3cb031839,src/dynamodb-mcp-server/Dockerfile,,src/dynamodb-mcp-server,4,,uv sync lock src/dynamodb-mcp-server/uv.lock not in T locks L,,script,,no,,,,1.44.67,,no,,,src/dynamodb-mcp-server/uv-requirements.txt uv,fresh:other file:src/dynamodb-mcp-server/uv-requirements.txt || other_pin::uv sync lock src/dynamodb-mcp-server/uv.lock not in T locks L || other_pin::uv sync lock src/dynamodb-mcp-server/uv.lock not in T locks L,
P062-h30-0,P062,head,69a3cb031839,src/eks-mcp-server/Dockerfile,,src/eks-mcp-server,2,other file,"src/eks-mcp-server/uv-requirements.txt; uv sync lock src/eks-mcp-server/uv.lock not in T, without L",,script,,no,,,,,,no,,,src/eks-mcp-server/uv-requirements.txt uv,"fresh:other file:src/eks-mcp-server/uv-requirements.txt || fresh:other file:uv sync lock src/eks-mcp-server/uv.lock not in T, without L || fresh:other file:uv sync lock src/eks-mcp-server/uv.lock not in T, without L",
P062-h31-0,P062,head,69a3cb031839,src/elasticache-mcp-server/Dockerfile,,src/elasticache-mcp-server,2,other file,"src/elasticache-mcp-server/uv-requirements.txt; uv sync lock src/elasticache-mcp-server/uv.lock not in T, without L",,script,,no,,,,,,no,,,src/elasticache-mcp-server/uv-requirements.txt uv,"fresh:other file:src/elasticache-mcp-server/uv-requirements.txt || fresh:other file:uv sync lock src/elasticache-mcp-server/uv.lock not in T, without L || fresh:other file:uv sync lock src/elasticache-mcp-server/uv.lock not in T, without L",
P062-h32-0,P062,head,69a3cb031839,src/healthimaging-mcp-server/Dockerfile,,src/healthimaging-mcp-server,2,other file,"src/healthimaging-mcp-server/uv-requirements.txt; uv sync lock src/healthimaging-mcp-server/uv.lock not in T, without L",,script,,no,,,,,,no,,,src/healthimaging-mcp-server/uv-requirements.txt uv,"fresh:other file:src/healthimaging-mcp-server/uv-requirements.txt || fresh:other file:uv sync lock src/healthimaging-mcp-server/uv.lock not in T, without L || fresh:other file:uv sync lock src/healthimaging-mcp-server/uv.lock not in T, without L",
P062-h33-0,P062,head,69a3cb031839,src/healthlake-mcp-server/Dockerfile,,src/healthlake-mcp-server,2,other file,"src/healthlake-mcp-server/uv-requirements.txt; uv sync lock src/healthlake-mcp-server/uv.lock not in T, without L",,script,,no,,,,,,no,,,src/healthlake-mcp-server/uv-requirements.txt uv,"fresh:other file:src/healthlake-mcp-server/uv-requirements.txt || fresh:other file:uv sync lock src/healthlake-mcp-server/uv.lock not in T, without L || fresh:other file:uv sync lock src/healthlake-mcp-server/uv.lock not in T, without L",
P062-h34-0,P062,head,69a3cb031839,src/iam-mcp-server/Dockerfile,,src/iam-mcp-server,2,other file,"src/iam-mcp-server/uv-requirements.txt; uv sync lock src/iam-mcp-server/uv.lock not in T, without L",,script,,no,,,,,,no,,,src/iam-mcp-server/uv-requirements.txt uv,"fresh:other file:src/iam-mcp-server/uv-requirements.txt || fresh:other file:uv sync lock src/iam-mcp-server/uv.lock not in T, without L || fresh:other file:uv sync lock src/iam-mcp-server/uv.lock not in T, without L",
P062-h35-0,P062,head,69a3cb031839,src/lambda-tool-mcp-server/Dockerfile,,src/lambda-tool-mcp-server,2,other file,"src/lambda-tool-mcp-server/uv-requirements.txt; uv sync lock src/lambda-tool-mcp-server/uv.lock not in T, without L",,script,,no,,,,,,no,,,src/lambda-tool-mcp-server/uv-requirements.txt uv,"fresh:other file:src/lambda-tool-mcp-server/uv-requirements.txt || fresh:other file:uv sync lock src/lambda-tool-mcp-server/uv.lock not in T, without L || fresh:other file:uv sync lock src/lambda-tool-mcp-server/uv.lock not in T, without L",
P062-h36-0,P062,head,69a3cb031839,src/memcached-mcp-server/Dockerfile,,src/memcached-mcp-server,2,other file,"src/memcached-mcp-server/uv-requirements.txt; uv sync lock src/memcached-mcp-server/uv.lock not in T, without L",,script,,no,,,,,,no,,,src/memcached-mcp-server/uv-requirements.txt uv,"fresh:other file:src/memcached-mcp-server/uv-requirements.txt || fresh:other file:uv sync lock src/memcached-mcp-server/uv.lock not in T, without L || fresh:other file:uv sync lock src/memcached-mcp-server/uv.lock not in T, without L",
P062-h37-0,P062,head,69a3cb031839,src/mssql-mcp-server/Dockerfile,,src/mssql-mcp-server,2,other file,"src/mssql-mcp-server/uv-requirements.txt; uv sync lock src/mssql-mcp-server/uv.lock not in T, without L",,script,,no,,,,,,no,,,src/mssql-mcp-server/uv-requirements.txt uv,"fresh:other file:src/mssql-mcp-server/uv-requirements.txt || fresh:other file:uv sync lock src/mssql-mcp-server/uv.lock not in T, without L || fresh:other file:uv sync lock src/mssql-mcp-server/uv.lock not in T, without L",
P062-h38-0,P062,head,69a3cb031839,src/mysql-mcp-server/Dockerfile,,src/mysql-mcp-server,2,other file,"src/mysql-mcp-server/uv-requirements.txt; uv sync lock src/mysql-mcp-server/uv.lock not in T, without L",,script,,no,,,,,,no,,,src/mysql-mcp-server/uv-requirements.txt uv,"fresh:other file:src/mysql-mcp-server/uv-requirements.txt || fresh:other file:uv sync lock src/mysql-mcp-server/uv.lock not in T, without L || fresh:other file:uv sync lock src/mysql-mcp-server/uv.lock not in T, without L",
P062-h39-0,P062,head,69a3cb031839,src/openapi-mcp-server/Dockerfile,,src/openapi-mcp-server,2,other file,"src/openapi-mcp-server/uv-requirements.txt; uv sync lock src/openapi-mcp-server/uv.lock not in T, without L",,script,,no,,,,,,no,,,src/openapi-mcp-server/uv-requirements.txt uv,"fresh:other file:src/openapi-mcp-server/uv-requirements.txt || fresh:other file:uv sync lock src/openapi-mcp-server/uv.lock not in T, without L || fresh:other file:uv sync lock src/openapi-mcp-server/uv.lock not in T, without L",
P062-h40-0,P062,head,69a3cb031839,src/oracle-mcp-server/Dockerfile,,src/oracle-mcp-server,2,other file,"src/oracle-mcp-server/uv-requirements.txt; uv sync lock src/oracle-mcp-server/uv.lock not in T, without L",,script,,no,,,,,,no,,,src/oracle-mcp-server/uv-requirements.txt uv,"fresh:other file:src/oracle-mcp-server/uv-requirements.txt || fresh:other file:uv sync lock src/oracle-mcp-server/uv.lock not in T, without L || fresh:other file:uv sync lock src/oracle-mcp-server/uv.lock not in T, without L",
P062-h41-0,P062,head,69a3cb031839,src/postgres-mcp-server/Dockerfile,,src/postgres-mcp-server,2,other file,"src/postgres-mcp-server/uv-requirements.txt; uv sync lock src/postgres-mcp-server/uv.lock not in T, without L",,script,,no,,,,,,no,,,src/postgres-mcp-server/uv-requirements.txt uv,"fresh:other file:src/postgres-mcp-server/uv-requirements.txt || fresh:other file:uv sync lock src/postgres-mcp-server/uv.lock not in T, without L || fresh:other file:uv sync lock src/postgres-mcp-server/uv.lock not in T, without L",
P062-h42-0,P062,head,69a3cb031839,src/prometheus-mcp-server/Dockerfile,,src/prometheus-mcp-server,2,other file,"src/prometheus-mcp-server/uv-requirements.txt; uv sync lock src/prometheus-mcp-server/uv.lock not in T, without L",,script,,no,,,,,,no,,,src/prometheus-mcp-server/uv-requirements.txt uv,"fresh:other file:src/prometheus-mcp-server/uv-requirements.txt || fresh:other file:uv sync lock src/prometheus-mcp-server/uv.lock not in T, without L || fresh:other file:uv sync lock src/prometheus-mcp-server/uv.lock not in T, without L",
P062-h43-0,P062,head,69a3cb031839,src/redshift-mcp-server/Dockerfile,,src/redshift-mcp-server,2,other file,"src/redshift-mcp-server/uv-requirements.txt; uv sync lock src/redshift-mcp-server/uv.lock not in T, without L",,script,,no,,,,,,no,,,src/redshift-mcp-server/uv-requirements.txt uv,"fresh:other file:src/redshift-mcp-server/uv-requirements.txt || fresh:other file:uv sync lock src/redshift-mcp-server/uv.lock not in T, without L || fresh:other file:uv sync lock src/redshift-mcp-server/uv.lock not in T, without L",
P062-h44-0,P062,head,69a3cb031839,src/s3-tables-mcp-server/Dockerfile,,src/s3-tables-mcp-server,2,other file,"src/s3-tables-mcp-server/uv-requirements.txt; uv sync lock src/s3-tables-mcp-server/uv.lock not in T, without L",,script,,no,,,,,,no,,,src/s3-tables-mcp-server/uv-requirements.txt uv,"fresh:other file:src/s3-tables-mcp-server/uv-requirements.txt || fresh:other file:uv sync lock src/s3-tables-mcp-server/uv.lock not in T, without L || fresh:other file:uv sync lock src/s3-tables-mcp-server/uv.lock not in T, without L",
P062-h45-0,P062,head,69a3cb031839,src/security-agent-mcp-server/Dockerfile,,src/security-agent-mcp-server,2,other file,"src/security-agent-mcp-server/uv-requirements.txt; uv sync lock src/security-agent-mcp-server/uv.lock not in T, without L",,script,,no,,,,,,no,,,src/security-agent-mcp-server/uv-requirements.txt uv,"fresh:other file:src/security-agent-mcp-server/uv-requirements.txt || fresh:other file:uv sync lock src/security-agent-mcp-server/uv.lock not in T, without L || fresh:other file:uv sync lock src/security-agent-mcp-server/uv.lock not in T, without L",
P062-h46-0,P062,head,69a3cb031839,src/stepfunctions-tool-mcp-server/Dockerfile,,src/stepfunctions-tool-mcp-server,2,other file,"src/stepfunctions-tool-mcp-server/uv-requirements.txt; uv sync lock src/stepfunctions-tool-mcp-server/uv.lock not in T, without L",,script,,no,,,,,,no,,,src/stepfunctions-tool-mcp-server/uv-requirements.txt uv,"fresh:other file:src/stepfunctions-tool-mcp-server/uv-requirements.txt || fresh:other file:uv sync lock src/stepfunctions-tool-mcp-server/uv.lock not in T, without L || fresh:other file:uv sync lock src/stepfunctions-tool-mcp-server/uv.lock not in T, without L",
P062-h47-0,P062,head,69a3cb031839,src/timestream-for-influxdb-mcp-server/Dockerfile,,src/timestream-for-influxdb-mcp-server,2,other file,"src/timestream-for-influxdb-mcp-server/uv-requirements.txt; uv sync lock src/timestream-for-influxdb-mcp-server/uv.lock not in T, without L",,script,,no,,,,,,no,,,src/timestream-for-influxdb-mcp-server/uv-requirements.txt uv,"fresh:other file:src/timestream-for-influxdb-mcp-server/uv-requirements.txt || fresh:other file:uv sync lock src/timestream-for-influxdb-mcp-server/uv.lock not in T, without L || fresh:other file:uv sync lock src/timestream-for-influxdb-mcp-server/uv.lock not in T, without L",
P062-h48-0,P062,head,69a3cb031839,src/valkey-mcp-server/Dockerfile,,src/valkey-mcp-server,2,other file,"src/valkey-mcp-server/uv-requirements.txt; uv sync lock src/valkey-mcp-server/uv.lock not in T, without L",,script,,no,,,,,,no,,,src/valkey-mcp-server/uv-requirements.txt uv,"fresh:other file:src/valkey-mcp-server/uv-requirements.txt || fresh:other file:uv sync lock src/valkey-mcp-server/uv.lock not in T, without L || fresh:other file:uv sync lock src/valkey-mcp-server/uv.lock not in T, without L",
P063-s1-0,P063,snapshot,f45c95c1f527,docker/Dockerfile,,,3,,same class in every candidate context,,script,,,,,,,,,not read,,,,
P064-s1-0,P064,snapshot,a4e683292016,docker/Dockerfile,,,3,,same class in every candidate context,,script,,,,,,,,,not read,,,,
P063-h1-0,P063,head,c55d724457d0,docker/Dockerfile,,,6,context,classes differ across candidate contexts,,script,,,,,,,,,,,,,
P064-h1-0,P064,head,c55d724457d0,docker/Dockerfile,,,6,context,classes differ across candidate contexts,,script,,,,,,,,,,,,,
P068-h1-0,P068,head,30973785cd40,fixtures/cmdi/Dockerfile,,fixtures/cmdi,5,no Python install,,,script,,,,,,,,no,,,,,
P068-h2-0,P068,head,30973785cd40,fixtures/pathtrav/Dockerfile,,fixtures/pathtrav,5,no Python install,,,script,,,,,,,,no,,,,,
P068-h3-0,P068,head,30973785cd40,fixtures/sqli/Dockerfile,,fixtures/sqli,5,no Python install,,,script,,,,,,,,no,,,,,
P068-h4-0,P068,head,30973785cd40,fixtures/ssrf/Dockerfile,,fixtures/ssrf,5,no Python install,,,script,,,,,,,,no,,,,,
P068-h5-0,P068,head,30973785cd40,fixtures/toolchain-c/Dockerfile,,fixtures/toolchain-c,5,no Python install,,,script,,,,,,,,no,,,,,
P070-s1-0,P070,snapshot,423092ed7eba,Dockerfile,,,1,,-r requirements.txt,,script,,,,,,,requirements.txt,no,,,-r,others::named package pip || T::-r requirements.txt,
P071-s1-0,P071,snapshot,d57a125e5286,Dockerfile,,,2,lock unused,project . (pyproject.toml not in T),,script,,yes,poetry:^2.7.0,,,,,no,,,project,fresh:other file:project . (pyproject.toml not in T),
P071-s2-0,P071,snapshot,d57a125e5286,Dockerfile.full,,,2,lock unused,project . (pyproject.toml not in T),,script,,yes,poetry:^2.7.0,,,,,no,,,project,fresh:other file:project . (pyproject.toml not in T),
P071-h1-0,P071,head,a6fb827bb144,Dockerfile,,,2,other file,project . (pyproject.toml not in T),,script,,yes,"<3,>=2.7.0",,,,,no,,,project,fresh:other file:project . (pyproject.toml not in T),
P071-h2-0,P071,head,a6fb827bb144,Dockerfile.full,,,2,other file,project . (pyproject.toml not in T),,script,,yes,"<3,>=2.7.0",,,,,no,,,project,fresh:other file:project . (pyproject.toml not in T),
P072-s1-0,P072,snapshot,2014c4ed4f88,Dockerfile,,,1,,"the manifest takes its dependencies from requirements.txt (T), which is in the build; installing the project takes L from it",,writer,manifest names T file requirements.txt (read pattern yes; T file available yes),,,,,,,no,,,-r manifest,others::named package pip || T::-r requirements.txt || judge::manifest names T file requirements.txt (read pattern yes; T file available yes),
P072-h1-0,P072,head,9f0c0b34b45b,Dockerfile,,,1,,"the manifest takes its dependencies from requirements.txt (T), which is in the build; installing the project takes L from it",,writer,manifest names T file requirements.txt (read pattern yes; T file available yes),,,,,,,no,,,-r manifest,others::named package pip || T::-r requirements.txt || judge::manifest names T file requirements.txt (read pattern yes; T file available yes),
P073-s1-0,P073,snapshot,6fadd46f5bbe,Dockerfile,,,1,,-r requirements.txt,,script,,,,,,,requirements.txt,no,,,-r,T::-r requirements.txt,
P074-s1-0,P074,snapshot,69701d131705,Dockerfile,,,1,,-r requirements.txt,,script,,,,,,,requirements.txt,no,,,-r,T::-r requirements.txt,
P073-h1-0,P073,head,53dcb60097bc,Dockerfile,,,4,,"installs requirements.lock, which pins L exactly but is a name LH008 did not read",,writer,"pin of L in requirements.lock, a file LH008 would not read by name",,,,,,,no,,,pin,"judge::pin of L in requirements.lock, a file LH008 would not read by name",
P074-h1-0,P074,head,53dcb60097bc,Dockerfile,,,4,,"installs requirements.lock, which pins L exactly but is a name LH008 did not read",,writer,"pin of L in requirements.lock, a file LH008 would not read by name",,,,,,,no,,,pin,"judge::pin of L in requirements.lock, a file LH008 would not read by name",
P075-s1-0,P075,snapshot,e54a83490888,Dockerfile,,,1,,"tox builds pgrubic's own wheel from pyproject.toml (T, exact pin) in the build stage; pip installs that wheel and must satisfy its pin",,writer,tox task,,,,,,,no,,,tox wheel,others::named package pip || others::named package tox || judge::tox task || neutral::wheel from a stage or step in the build || others::named package pip,
P075-h1-0,P075,head,2f8c648b6f78,Dockerfile,,,4,,uv sync lock uv.lock not in T locks L,,script,,,,,,3.1.62,,no,,,uv,other_pin::uv sync lock uv.lock not in T locks L,
P078-s1-0,P078,snapshot,21661d3af73d,Dockerfile,,,5,no Python install,,,script,,,,,,,,no,,,,,
P078-h1-0,P078,head,21661d3af73d,Dockerfile,,,5,no Python install,,,script,,,,,,,,no,,,,,
P079-s1-0,P079,snapshot,0bef817574bc,Dockerfile,,,6,would not build,"uv sync requires uv.lock, not available",,script,,,,,,,,no,,,uv would,T::uv sync without lock; manifest in T || und::would not build,script chromium-browser not in the repository (not copied)
P079-s2-0,P079,snapshot,0bef817574bc,Dockerfile.fast,,,6,would not build,"uv sync requires uv.lock, not available",,script,,,,,,,,no,,,would,und::would not build,
P079-s3-0,P079,snapshot,0bef817574bc,docker/base-images/chromium/Dockerfile,,,5,other named packages only,,,script,,,,,,,,no,,,,others::named package playwright,
P079-s4-0,P079,snapshot,0bef817574bc,docker/base-images/python-deps/Dockerfile,,,6,context,classes differ across candidate contexts,,script,,,,,,,,,,,,,
P079-s5-0,P079,snapshot,0bef817574bc,docker/base-images/system/Dockerfile,,docker/base-images/system,5,no Python install,,,script,,,,,,,,no,,,,,
P080-s1-0,P080,snapshot,eee98ff27257,Dockerfile,,,6,would not build,"uv sync requires uv.lock, not available",,script,,,,,,,,no,,,uv would,T::uv sync without lock; manifest in T || und::would not build,script chromium-browser not in the repository (not copied)
P080-s2-0,P080,snapshot,eee98ff27257,Dockerfile.fast,,,6,would not build,"uv sync requires uv.lock, not available",,script,,,,,,,,no,,,would,und::would not build,
P080-s3-0,P080,snapshot,eee98ff27257,docker/base-images/chromium/Dockerfile,,,5,other named packages only,,,script,,,,,,,,no,,,,others::named package playwright,
P080-s4-0,P080,snapshot,eee98ff27257,docker/base-images/python-deps/Dockerfile,,,6,context,classes differ across candidate contexts,,script,,,,,,,,,,,,,
P080-s5-0,P080,snapshot,eee98ff27257,docker/base-images/system/Dockerfile,,docker/base-images/system,5,no Python install,,,script,,,,,,,,no,,,,,
P081-s1-0,P081,snapshot,e026a51fd34d,Dockerfile,,,6,would not build,"uv sync requires uv.lock, not available",,script,,,,,,,,no,,,uv would,T::uv sync without lock; manifest in T || und::would not build,script chromium-browser not in the repository (not copied)
P081-s2-0,P081,snapshot,e026a51fd34d,Dockerfile.fast,,,6,would not build,"uv sync requires uv.lock, not available",,script,,,,,,,,no,,,would,und::would not build,
P081-s3-0,P081,snapshot,e026a51fd34d,docker/base-images/chromium/Dockerfile,,,5,other named packages only,,,script,,,,,,,,no,,,,others::named package playwright,
P081-s4-0,P081,snapshot,e026a51fd34d,docker/base-images/python-deps/Dockerfile,,,6,context,classes differ across candidate contexts,,script,,,,,,,,,,,,,
P081-s5-0,P081,snapshot,e026a51fd34d,docker/base-images/system/Dockerfile,,docker/base-images/system,5,no Python install,,,script,,,,,,,,no,,,,,
P079-h1-0,P079,head,4cbe921673b4,Dockerfile,,,6,would not build,"uv sync requires uv.lock, not available",,script,,,,,,,,no,,,uv would,T::uv sync without lock; manifest in T || und::would not build,script chromium-browser not in the repository (not copied)
P080-h1-0,P080,head,4cbe921673b4,Dockerfile,,,6,would not build,"uv sync requires uv.lock, not available",,script,,,,,,,,no,,,uv would,T::uv sync without lock; manifest in T || und::would not build,script chromium-browser not in the repository (not copied)
P081-h1-0,P081,head,4cbe921673b4,Dockerfile,,,6,would not build,"uv sync requires uv.lock, not available",,script,,,,,,,,no,,,uv would,T::uv sync without lock; manifest in T || und::would not build,script chromium-browser not in the repository (not copied)
P079-h2-0,P079,head,4cbe921673b4,Dockerfile.fast,,,6,would not build,"uv sync requires uv.lock, not available",,script,,,,,,,,no,,,would,und::would not build,
P080-h2-0,P080,head,4cbe921673b4,Dockerfile.fast,,,6,would not build,"uv sync requires uv.lock, not available",,script,,,,,,,,no,,,would,und::would not build,
P081-h2-0,P081,head,4cbe921673b4,Dockerfile.fast,,,6,would not build,"uv sync requires uv.lock, not available",,script,,,,,,,,no,,,would,und::would not build,
P079-h3-0,P079,head,4cbe921673b4,docker/base-images/chromium/Dockerfile,,,5,other named packages only,,,script,,,,,,,,no,,,,others::named package playwright,
P080-h3-0,P080,head,4cbe921673b4,docker/base-images/chromium/Dockerfile,,,5,other named packages only,,,script,,,,,,,,no,,,,others::named package playwright,
P081-h3-0,P081,head,4cbe921673b4,docker/base-images/chromium/Dockerfile,,,5,other named packages only,,,script,,,,,,,,no,,,,others::named package playwright,
P079-h4-0,P079,head,4cbe921673b4,docker/base-images/python-deps/Dockerfile,,,6,context,classes differ across candidate contexts,,script,,,,,,,,,,,,,
P080-h4-0,P080,head,4cbe921673b4,docker/base-images/python-deps/Dockerfile,,,6,context,classes differ across candidate contexts,,script,,,,,,,,,,,,,
P081-h4-0,P081,head,4cbe921673b4,docker/base-images/python-deps/Dockerfile,,,6,context,classes differ across candidate contexts,,script,,,,,,,,,,,,,
P079-h5-0,P079,head,4cbe921673b4,docker/base-images/system/Dockerfile,,docker/base-images/system,5,no Python install,,,script,,,,,,,,no,,,,,
P080-h5-0,P080,head,4cbe921673b4,docker/base-images/system/Dockerfile,,docker/base-images/system,5,no Python install,,,script,,,,,,,,no,,,,,
P081-h5-0,P081,head,4cbe921673b4,docker/base-images/system/Dockerfile,,docker/base-images/system,5,no Python install,,,script,,,,,,,,no,,,,,
P084-s1-0,P084,snapshot,d9a8c02a45bd,Containerfile,,,2,lock unused,project .[llama-cpp] (pyproject.toml not in T),,script,,yes,"<1.82.7,>=1.80.0 | ?",,,,,no,,,project,others::named package uv || fresh:other file:project .[llama-cpp] (pyproject.toml not in T) || others::named package llama-cpp-python,
P084-h1-0,P084,head,be6623e24177,Containerfile,,,2,other file,project . (pyproject.toml not in T); project .[llama-cpp] (pyproject.toml not in T),,script,,yes,>=1.83.0 | ?,,,,,no,,,project,others::named package uv || others::named package torch || fresh:other file:project .[llama-cpp] (pyproject.toml not in T) || fresh:other file:project . (pyproject.toml not in T),
P085-s1-0,P085,snapshot,7cd85a0946fd,Dockerfile,,,2,other file,installs requirements.txt and a poetry export of poetry.lock (neither in T); nothing reads example-project/requirements.txt,,writer,requirements file from stage 1,no,,,,,,no,,,poetry project requirements requirements.txt,"fresh:other file:requirements.txt || fresh:other file:poetry export lock poetry.lock not in T, without L || fresh:other file:poetry export lock poetry.lock not in T, without L || judge::requirements file from stage 1 || fresh:other file:project . (pyproject.toml not in T)",
P085-s2-0,P085,snapshot,7cd85a0946fd,example-project/Dockerfile,,example-project,2,other file,installs requirements.txt and a poetry export of poetry.lock (neither in T); nothing reads example-project/requirements.txt,,writer,requirements file from stage 1,no,,,,,,no,,,-r poetry project requirements,"T::-r example-project/requirements.txt || fresh:other file:poetry export lock example-project/poetry.lock not in T, without L || fresh:other file:poetry export lock example-project/poetry.lock not in T, without L || judge::requirements file from stage 1 || fresh:other file:project . (pyproject.toml not in T)",
P086-s1-0,P086,snapshot,26024ddde533,Dockerfile,,,2,other file,installs requirements.txt and a poetry export of poetry.lock (neither in T); nothing reads example-project/requirements.txt,,writer,requirements file from stage 1,no,,,,,,no,,,poetry project requirements requirements.txt,fresh:other file:requirements.txt || T::poetry export with lock poetry.lock || T::poetry export with lock poetry.lock || judge::requirements file from stage 1 || fresh:other file:project . (pyproject.toml not in T),
P086-s2-0,P086,snapshot,26024ddde533,example-project/Dockerfile,,example-project,2,other file,installs requirements.txt and a poetry export of poetry.lock (neither in T); nothing reads example-project/requirements.txt,,writer,requirements file from stage 1,no,,,,,,no,,,example-project/requirements.txt poetry project requirements,fresh:other file:example-project/requirements.txt || T::poetry export with lock example-project/poetry.lock || T::poetry export with lock example-project/poetry.lock || judge::requirements file from stage 1 || fresh:other file:project . (pyproject.toml not in T),
P085-h1-0,P085,head,296b5c33d844,Dockerfile,,,2,other file,installs requirements.txt and a poetry export of poetry.lock (neither in T); nothing reads example-project/requirements.txt,,writer,requirements file from stage 1,no,,,,,,no,,,poetry project requirements requirements.txt,"fresh:other file:requirements.txt || fresh:other file:poetry export lock poetry.lock not in T, without L || fresh:other file:poetry export lock poetry.lock not in T, without L || judge::requirements file from stage 1 || fresh:other file:project . (pyproject.toml not in T)",
P086-h1-0,P086,head,296b5c33d844,Dockerfile,,,2,other file,installs requirements.txt and a poetry export of poetry.lock (neither in T); nothing reads example-project/requirements.txt,,writer,requirements file from stage 1,no,,,,,,no,,,poetry project requirements requirements.txt,fresh:other file:requirements.txt || T::poetry export with lock poetry.lock || T::poetry export with lock poetry.lock || judge::requirements file from stage 1 || fresh:other file:project . (pyproject.toml not in T),
P085-h2-0,P085,head,296b5c33d844,example-project/Dockerfile,,example-project,2,other file,installs requirements.txt and a poetry export of poetry.lock (neither in T); nothing reads example-project/requirements.txt,,writer,requirements file from stage 1,no,,,,,,no,,,-r poetry project requirements,"T::-r example-project/requirements.txt || fresh:other file:poetry export lock example-project/poetry.lock not in T, without L || fresh:other file:poetry export lock example-project/poetry.lock not in T, without L || judge::requirements file from stage 1 || fresh:other file:project . (pyproject.toml not in T)",
P086-h2-0,P086,head,296b5c33d844,example-project/Dockerfile,,example-project,2,other file,installs requirements.txt and a poetry export of poetry.lock (neither in T); nothing reads example-project/requirements.txt,,writer,requirements file from stage 1,no,,,,,,no,,,example-project/requirements.txt poetry project requirements,fresh:other file:example-project/requirements.txt || T::poetry export with lock example-project/poetry.lock || T::poetry export with lock example-project/poetry.lock || judge::requirements file from stage 1 || fresh:other file:project . (pyproject.toml not in T),
P087-s1-0,P087,snapshot,60ed6343815e,Dockerfile,,,1,,uv sync with lock uv.lock,,script,,,,,,,uv.lock,yes,,,uv,T::uv sync with lock uv.lock || T::uv sync with lock uv.lock,
P087-s1-1,P087,snapshot,60ed6343815e,Dockerfile,build-image,,1,,uv sync with lock uv.lock,,script,,,,,,,uv.lock,yes,,,uv,T::uv sync with lock uv.lock,
P087-h1-0,P087,head,25fee89b8cff,Dockerfile,,,1,,uv sync with lock uv.lock,,script,,,,,,,uv.lock,yes,,,uv,T::uv sync with lock uv.lock || T::uv sync with lock uv.lock,
P087-h1-1,P087,head,25fee89b8cff,Dockerfile,build-image,,1,,uv sync with lock uv.lock,,script,,,,,,,uv.lock,yes,,,uv,T::uv sync with lock uv.lock,
P093-s1-0,P093,snapshot,d1f039bb596c,docker/Dockerfile,,docker,6,external,/home/grimoire/conf/requirements.txt comes from grimoirelab/requirements.txt (from outside the repository),,script,,,,,,,,no,,,external,und::external,
P093-s2-0,P093,snapshot,d1f039bb596c,third-party/Dockerfile-grimoirelab-3p,,third-party,5,no Python install,,,script,,,,,,,,no,,,,,script entrypoint.sh not in the repository (not copied)
P094-s1-0,P094,snapshot,ec8739916528,docker/Dockerfile,,docker,6,external,/home/grimoire/conf/requirements.txt comes from grimoirelab/requirements.txt (from outside the repository),,script,,,,,,,,no,,,external,und::external,
P095-s1-0,P095,snapshot,ec8739916528,docker/Dockerfile,,docker,6,external,/home/grimoire/conf/requirements.txt comes from grimoirelab/requirements.txt (from outside the repository),,script,,,,,,,,no,,,external,und::external,
P096-s1-0,P096,snapshot,40876fffa809,docker/Dockerfile,,docker,6,external,/home/grimoire/conf/requirements.txt comes from grimoirelab/requirements.txt (from outside the repository),,script,,,,,,,,no,,,external,und::external,
P097-s1-0,P097,snapshot,7b52eba56a76,docker/Dockerfile,,docker,6,external,/home/grimoire/conf/requirements.txt comes from grimoirelab/requirements.txt (from outside the repository),,script,,,,,,,,no,,,external,und::external,
P098-s1-0,P098,snapshot,7b52eba56a76,docker/Dockerfile,,docker,6,external,/home/grimoire/conf/requirements.txt comes from grimoirelab/requirements.txt (from outside the repository),,script,,,,,,,,no,,,external,und::external,
P099-s1-0,P099,snapshot,bb5ddfbf0344,docker/Dockerfile,,docker,6,external,/home/grimoire/conf/requirements.txt comes from grimoirelab/requirements.txt (from outside the repository),,script,,,,,,,,no,,,external,und::external,
P100-s1-0,P100,snapshot,04ac551c8886,docker/Dockerfile,,docker,6,external,/home/grimoire/conf/requirements.txt comes from grimoirelab/requirements.txt (from outside the repository),,script,,,,,,,,no,,,external,und::external,
P093-h1-0,P093,head,3dc791f33b0c,docker/Dockerfile,,docker,6,external,/home/grimoire/conf/requirements.txt comes from grimoirelab/requirements.txt (from outside the repository),,script,,,,,,,,no,,,external,und::external,
P094-h1-0,P094,head,3dc791f33b0c,docker/Dockerfile,,docker,6,external,/home/grimoire/conf/requirements.txt comes from grimoirelab/requirements.txt (from outside the repository),,script,,,,,,,,no,,,external,und::external,
P095-h1-0,P095,head,3dc791f33b0c,docker/Dockerfile,,docker,6,external,/home/grimoire/conf/requirements.txt comes from grimoirelab/requirements.txt (from outside the repository),,script,,,,,,,,no,,,external,und::external,
P096-h1-0,P096,head,3dc791f33b0c,docker/Dockerfile,,docker,6,external,/home/grimoire/conf/requirements.txt comes from grimoirelab/requirements.txt (from outside the repository),,script,,,,,,,,no,,,external,und::external,
P097-h1-0,P097,head,3dc791f33b0c,docker/Dockerfile,,docker,6,external,/home/grimoire/conf/requirements.txt comes from grimoirelab/requirements.txt (from outside the repository),,script,,,,,,,,no,,,external,und::external,
P098-h1-0,P098,head,3dc791f33b0c,docker/Dockerfile,,docker,6,external,/home/grimoire/conf/requirements.txt comes from grimoirelab/requirements.txt (from outside the repository),,script,,,,,,,,no,,,external,und::external,
P099-h1-0,P099,head,3dc791f33b0c,docker/Dockerfile,,docker,6,external,/home/grimoire/conf/requirements.txt comes from grimoirelab/requirements.txt (from outside the repository),,script,,,,,,,,no,,,external,und::external,
P100-h1-0,P100,head,3dc791f33b0c,docker/Dockerfile,,docker,6,external,/home/grimoire/conf/requirements.txt comes from grimoirelab/requirements.txt (from outside the repository),,script,,,,,,,,no,,,external,und::external,
P101-s1-0,P101,snapshot,af4e21fae151,Dockerfile,,,3,,own package dolphie from the index (specifier not parsed),,script,,,,dolphie,dolphie,,,no,published range,"<0.6.0,>=0.5.5",own,index_own::own package dolphie from the index (specifier not parsed),
P101-h1-0,P101,head,7522dd539390,Dockerfile,,,3,,own package dolphie from the index (specifier not parsed),,script,,,,dolphie,dolphie,,,no,,,own,index_own::own package dolphie from the index (specifier not parsed),
P102-s1-0,P102,snapshot,ac97e4661597,Dockerfile,,,1,,"the manifest takes its dependencies from requirements.txt (T), which is in the build; installing the project takes L from it",,writer,manifest names T file requirements.txt (read pattern yes; T file available yes),no,,,,,,no,,,manifest web_ui/requirements.txt,others::named package pip || others::named package setuptools || others::named package wheel || judge::manifest names T file requirements.txt (read pattern yes; T file available yes) || fresh:other file:web_ui/requirements.txt,
P104-s1-0,P104,snapshot,4f993c341361,Dockerfile,,,1,,uv sync with lock uv.lock,,script,,,,,,,uv.lock,yes,,,uv,T::uv sync with lock uv.lock || T::uv sync with lock uv.lock || T::uv sync with lock uv.lock || T::uv sync with lock uv.lock || T::uv sync with lock uv.lock || T::uv sync with lock uv.lock || T::uv sync with lock uv.lock || T::uv sync with lock uv.lock || T::uv sync with lock uv.lock || T::uv sync with lock uv.lock || T::uv sync with lock uv.lock || T::uv sync with lock uv.lock || T::uv sync with lock uv.lock || T::uv sync with lock uv.lock || T::uv sync with lock uv.lock || T::uv sync with lock uv.lock,script custodian not in the repository (stage)
P104-s2-0,P104,snapshot,4f993c341361,tools/c7n_mailer/Dockerfile,,,1,,uv sync with lock uv.lock,,script,,,,,,,uv.lock,yes,,,uv,T::uv sync with lock uv.lock || T::uv sync with lock uv.lock || T::uv sync with lock uv.lock || T::uv sync with lock uv.lock || T::uv sync with lock uv.lock || T::uv sync with lock uv.lock || T::uv sync with lock uv.lock || T::uv sync with lock uv.lock || T::uv sync with lock uv.lock || T::uv sync with lock uv.lock || T::uv sync with lock uv.lock || T::uv sync with lock uv.lock || T::uv sync with lock uv.lock || T::uv sync with lock uv.lock || T::uv sync with lock uv.lock || T::uv sync with lock uv.lock || T::uv sync with lock uv.lock,script c7n-mailer not in the repository (stage)
P104-s3-0,P104,snapshot,4f993c341361,tools/c7n_org/Dockerfile,,,1,,uv sync with lock uv.lock,,script,,,,,,,uv.lock,yes,,,uv,T::uv sync with lock uv.lock || T::uv sync with lock uv.lock || T::uv sync with lock uv.lock || T::uv sync with lock uv.lock || T::uv sync with lock uv.lock || T::uv sync with lock uv.lock || T::uv sync with lock uv.lock || T::uv sync with lock uv.lock || T::uv sync with lock uv.lock || T::uv sync with lock uv.lock || T::uv sync with lock uv.lock || T::uv sync with lock uv.lock || T::uv sync with lock uv.lock || T::uv sync with lock uv.lock || T::uv sync with lock uv.lock || T::uv sync with lock uv.lock || T::uv sync with lock uv.lock,script c7n-org not in the repository (stage)
P104-s4-0,P104,snapshot,4f993c341361,tools/c7n_policystream/Dockerfile,,,1,,uv sync with lock uv.lock,,script,,,,,,,uv.lock,yes,,,uv,T::uv sync with lock uv.lock || T::uv sync with lock uv.lock || T::uv sync with lock uv.lock || T::uv sync with lock uv.lock || T::uv sync with lock uv.lock || T::uv sync with lock uv.lock || T::uv sync with lock uv.lock || T::uv sync with lock uv.lock || T::uv sync with lock uv.lock || T::uv sync with lock uv.lock || T::uv sync with lock uv.lock || T::uv sync with lock uv.lock || T::uv sync with lock uv.lock || T::uv sync with lock uv.lock || T::uv sync with lock uv.lock || T::uv sync with lock uv.lock || T::uv sync with lock uv.lock,script c7n-policystream not in the repository (stage)
P105-s1-0,P105,snapshot,d3b885e57a0d,Dockerfile,,,1,,uv sync with lock uv.lock,,script,,,,,,,uv.lock,yes,,,uv,T::uv sync with lock uv.lock || T::uv sync with lock uv.lock || T::uv sync with lock uv.lock || T::uv sync with lock uv.lock || T::uv sync with lock uv.lock || T::uv sync with lock uv.lock || T::uv sync with lock uv.lock || T::uv sync with lock uv.lock || T::uv sync with lock uv.lock || T::uv sync with lock uv.lock || T::uv sync with lock uv.lock || T::uv sync with lock uv.lock || T::uv sync with lock uv.lock || T::uv sync with lock uv.lock || T::uv sync with lock uv.lock || T::uv sync with lock uv.lock,script custodian not in the repository (stage)
P105-s2-0,P105,snapshot,d3b885e57a0d,tools/c7n_mailer/Dockerfile,,,1,,uv sync with lock uv.lock,,script,,,,,,,uv.lock,yes,,,uv,T::uv sync with lock uv.lock || T::uv sync with lock uv.lock || T::uv sync with lock uv.lock || T::uv sync with lock uv.lock || T::uv sync with lock uv.lock || T::uv sync with lock uv.lock || T::uv sync with lock uv.lock || T::uv sync with lock uv.lock || T::uv sync with lock uv.lock || T::uv sync with lock uv.lock || T::uv sync with lock uv.lock || T::uv sync with lock uv.lock || T::uv sync with lock uv.lock || T::uv sync with lock uv.lock || T::uv sync with lock uv.lock || T::uv sync with lock uv.lock || T::uv sync with lock uv.lock,script c7n-mailer not in the repository (stage)
P105-s3-0,P105,snapshot,d3b885e57a0d,tools/c7n_org/Dockerfile,,,1,,uv sync with lock uv.lock,,script,,,,,,,uv.lock,yes,,,uv,T::uv sync with lock uv.lock || T::uv sync with lock uv.lock || T::uv sync with lock uv.lock || T::uv sync with lock uv.lock || T::uv sync with lock uv.lock || T::uv sync with lock uv.lock || T::uv sync with lock uv.lock || T::uv sync with lock uv.lock || T::uv sync with lock uv.lock || T::uv sync with lock uv.lock || T::uv sync with lock uv.lock || T::uv sync with lock uv.lock || T::uv sync with lock uv.lock || T::uv sync with lock uv.lock || T::uv sync with lock uv.lock || T::uv sync with lock uv.lock || T::uv sync with lock uv.lock,script c7n-org not in the repository (stage)
P105-s4-0,P105,snapshot,d3b885e57a0d,tools/c7n_policystream/Dockerfile,,,1,,uv sync with lock uv.lock,,script,,,,,,,uv.lock,yes,,,uv,T::uv sync with lock uv.lock || T::uv sync with lock uv.lock || T::uv sync with lock uv.lock || T::uv sync with lock uv.lock || T::uv sync with lock uv.lock || T::uv sync with lock uv.lock || T::uv sync with lock uv.lock || T::uv sync with lock uv.lock || T::uv sync with lock uv.lock || T::uv sync with lock uv.lock || T::uv sync with lock uv.lock || T::uv sync with lock uv.lock || T::uv sync with lock uv.lock || T::uv sync with lock uv.lock || T::uv sync with lock uv.lock || T::uv sync with lock uv.lock || T::uv sync with lock uv.lock,script c7n-policystream not in the repository (stage)
P106-s1-0,P106,snapshot,cdd88529d6ec,Dockerfile,,,1,,uv sync with lock uv.lock,,script,,,,,,,uv.lock,yes,,,uv,T::uv sync with lock uv.lock || T::uv sync with lock uv.lock || T::uv sync with lock uv.lock || T::uv sync with lock uv.lock || T::uv sync with lock uv.lock || T::uv sync with lock uv.lock || T::uv sync with lock uv.lock || T::uv sync with lock uv.lock || T::uv sync with lock uv.lock || T::uv sync with lock uv.lock || T::uv sync with lock uv.lock || T::uv sync with lock uv.lock || T::uv sync with lock uv.lock || T::uv sync with lock uv.lock || T::uv sync with lock uv.lock || T::uv sync with lock uv.lock,script custodian not in the repository (stage)
P106-s2-0,P106,snapshot,cdd88529d6ec,tools/c7n_mailer/Dockerfile,,,1,,uv sync with lock uv.lock,,script,,,,,,,uv.lock,yes,,,uv,T::uv sync with lock uv.lock || T::uv sync with lock uv.lock || T::uv sync with lock uv.lock || T::uv sync with lock uv.lock || T::uv sync with lock uv.lock || T::uv sync with lock uv.lock || T::uv sync with lock uv.lock || T::uv sync with lock uv.lock || T::uv sync with lock uv.lock || T::uv sync with lock uv.lock || T::uv sync with lock uv.lock || T::uv sync with lock uv.lock || T::uv sync with lock uv.lock || T::uv sync with lock uv.lock || T::uv sync with lock uv.lock || T::uv sync with lock uv.lock || T::uv sync with lock uv.lock,script c7n-mailer not in the repository (stage)
P106-s3-0,P106,snapshot,cdd88529d6ec,tools/c7n_org/Dockerfile,,,1,,uv sync with lock uv.lock,,script,,,,,,,uv.lock,yes,,,uv,T::uv sync with lock uv.lock || T::uv sync with lock uv.lock || T::uv sync with lock uv.lock || T::uv sync with lock uv.lock || T::uv sync with lock uv.lock || T::uv sync with lock uv.lock || T::uv sync with lock uv.lock || T::uv sync with lock uv.lock || T::uv sync with lock uv.lock || T::uv sync with lock uv.lock || T::uv sync with lock uv.lock || T::uv sync with lock uv.lock || T::uv sync with lock uv.lock || T::uv sync with lock uv.lock || T::uv sync with lock uv.lock || T::uv sync with lock uv.lock || T::uv sync with lock uv.lock,script c7n-org not in the repository (stage)
P106-s4-0,P106,snapshot,cdd88529d6ec,tools/c7n_policystream/Dockerfile,,,1,,uv sync with lock uv.lock,,script,,,,,,,uv.lock,yes,,,uv,T::uv sync with lock uv.lock || T::uv sync with lock uv.lock || T::uv sync with lock uv.lock || T::uv sync with lock uv.lock || T::uv sync with lock uv.lock || T::uv sync with lock uv.lock || T::uv sync with lock uv.lock || T::uv sync with lock uv.lock || T::uv sync with lock uv.lock || T::uv sync with lock uv.lock || T::uv sync with lock uv.lock || T::uv sync with lock uv.lock || T::uv sync with lock uv.lock || T::uv sync with lock uv.lock || T::uv sync with lock uv.lock || T::uv sync with lock uv.lock || T::uv sync with lock uv.lock,script c7n-policystream not in the repository (stage)
P104-h1-0,P104,head,be9983ac56a1,Dockerfile,,,1,,uv sync with lock uv.lock,,script,,,,,,,uv.lock,yes,,,uv,T::uv sync with lock uv.lock || T::uv sync with lock uv.lock || T::uv sync with lock uv.lock || T::uv sync with lock uv.lock || T::uv sync with lock uv.lock || T::uv sync with lock uv.lock || T::uv sync with lock uv.lock || T::uv sync with lock uv.lock || T::uv sync with lock uv.lock || T::uv sync with lock uv.lock || T::uv sync with lock uv.lock || T::uv sync with lock uv.lock || T::uv sync with lock uv.lock || T::uv sync with lock uv.lock || T::uv sync with lock uv.lock || T::uv sync with lock uv.lock,script custodian not in the repository (stage)
P105-h1-0,P105,head,be9983ac56a1,Dockerfile,,,1,,uv sync with lock uv.lock,,script,,,,,,,uv.lock,yes,,,uv,T::uv sync with lock uv.lock || T::uv sync with lock uv.lock || T::uv sync with lock uv.lock || T::uv sync with lock uv.lock || T::uv sync with lock uv.lock || T::uv sync with lock uv.lock || T::uv sync with lock uv.lock || T::uv sync with lock uv.lock || T::uv sync with lock uv.lock || T::uv sync with lock uv.lock || T::uv sync with lock uv.lock || T::uv sync with lock uv.lock || T::uv sync with lock uv.lock || T::uv sync with lock uv.lock || T::uv sync with lock uv.lock || T::uv sync with lock uv.lock,script custodian not in the repository (stage)
P106-h1-0,P106,head,be9983ac56a1,Dockerfile,,,1,,uv sync with lock uv.lock,,script,,,,,,,uv.lock,yes,,,uv,T::uv sync with lock uv.lock || T::uv sync with lock uv.lock || T::uv sync with lock uv.lock || T::uv sync with lock uv.lock || T::uv sync with lock uv.lock || T::uv sync with lock uv.lock || T::uv sync with lock uv.lock || T::uv sync with lock uv.lock || T::uv sync with lock uv.lock || T::uv sync with lock uv.lock || T::uv sync with lock uv.lock || T::uv sync with lock uv.lock || T::uv sync with lock uv.lock || T::uv sync with lock uv.lock || T::uv sync with lock uv.lock || T::uv sync with lock uv.lock,script custodian not in the repository (stage)
P104-h2-0,P104,head,be9983ac56a1,tools/c7n_mailer/Dockerfile,,,1,,uv sync with lock uv.lock,,script,,,,,,,uv.lock,yes,,,uv,T::uv sync with lock uv.lock || T::uv sync with lock uv.lock || T::uv sync with lock uv.lock || T::uv sync with lock uv.lock || T::uv sync with lock uv.lock || T::uv sync with lock uv.lock || T::uv sync with lock uv.lock || T::uv sync with lock uv.lock || T::uv sync with lock uv.lock || T::uv sync with lock uv.lock || T::uv sync with lock uv.lock || T::uv sync with lock uv.lock || T::uv sync with lock uv.lock || T::uv sync with lock uv.lock || T::uv sync with lock uv.lock || T::uv sync with lock uv.lock || T::uv sync with lock uv.lock,script c7n-mailer not in the repository (stage)
P105-h2-0,P105,head,be9983ac56a1,tools/c7n_mailer/Dockerfile,,,1,,uv sync with lock uv.lock,,script,,,,,,,uv.lock,yes,,,uv,T::uv sync with lock uv.lock || T::uv sync with lock uv.lock || T::uv sync with lock uv.lock || T::uv sync with lock uv.lock || T::uv sync with lock uv.lock || T::uv sync with lock uv.lock || T::uv sync with lock uv.lock || T::uv sync with lock uv.lock || T::uv sync with lock uv.lock || T::uv sync with lock uv.lock || T::uv sync with lock uv.lock || T::uv sync with lock uv.lock || T::uv sync with lock uv.lock || T::uv sync with lock uv.lock || T::uv sync with lock uv.lock || T::uv sync with lock uv.lock || T::uv sync with lock uv.lock,script c7n-mailer not in the repository (stage)
P106-h2-0,P106,head,be9983ac56a1,tools/c7n_mailer/Dockerfile,,,1,,uv sync with lock uv.lock,,script,,,,,,,uv.lock,yes,,,uv,T::uv sync with lock uv.lock || T::uv sync with lock uv.lock || T::uv sync with lock uv.lock || T::uv sync with lock uv.lock || T::uv sync with lock uv.lock || T::uv sync with lock uv.lock || T::uv sync with lock uv.lock || T::uv sync with lock uv.lock || T::uv sync with lock uv.lock || T::uv sync with lock uv.lock || T::uv sync with lock uv.lock || T::uv sync with lock uv.lock || T::uv sync with lock uv.lock || T::uv sync with lock uv.lock || T::uv sync with lock uv.lock || T::uv sync with lock uv.lock || T::uv sync with lock uv.lock,script c7n-mailer not in the repository (stage)
P104-h3-0,P104,head,be9983ac56a1,tools/c7n_org/Dockerfile,,,1,,uv sync with lock uv.lock,,script,,,,,,,uv.lock,yes,,,uv,T::uv sync with lock uv.lock || T::uv sync with lock uv.lock || T::uv sync with lock uv.lock || T::uv sync with lock uv.lock || T::uv sync with lock uv.lock || T::uv sync with lock uv.lock || T::uv sync with lock uv.lock || T::uv sync with lock uv.lock || T::uv sync with lock uv.lock || T::uv sync with lock uv.lock || T::uv sync with lock uv.lock || T::uv sync with lock uv.lock || T::uv sync with lock uv.lock || T::uv sync with lock uv.lock || T::uv sync with lock uv.lock || T::uv sync with lock uv.lock || T::uv sync with lock uv.lock,script c7n-org not in the repository (stage)
P105-h3-0,P105,head,be9983ac56a1,tools/c7n_org/Dockerfile,,,1,,uv sync with lock uv.lock,,script,,,,,,,uv.lock,yes,,,uv,T::uv sync with lock uv.lock || T::uv sync with lock uv.lock || T::uv sync with lock uv.lock || T::uv sync with lock uv.lock || T::uv sync with lock uv.lock || T::uv sync with lock uv.lock || T::uv sync with lock uv.lock || T::uv sync with lock uv.lock || T::uv sync with lock uv.lock || T::uv sync with lock uv.lock || T::uv sync with lock uv.lock || T::uv sync with lock uv.lock || T::uv sync with lock uv.lock || T::uv sync with lock uv.lock || T::uv sync with lock uv.lock || T::uv sync with lock uv.lock || T::uv sync with lock uv.lock,script c7n-org not in the repository (stage)
P106-h3-0,P106,head,be9983ac56a1,tools/c7n_org/Dockerfile,,,1,,uv sync with lock uv.lock,,script,,,,,,,uv.lock,yes,,,uv,T::uv sync with lock uv.lock || T::uv sync with lock uv.lock || T::uv sync with lock uv.lock || T::uv sync with lock uv.lock || T::uv sync with lock uv.lock || T::uv sync with lock uv.lock || T::uv sync with lock uv.lock || T::uv sync with lock uv.lock || T::uv sync with lock uv.lock || T::uv sync with lock uv.lock || T::uv sync with lock uv.lock || T::uv sync with lock uv.lock || T::uv sync with lock uv.lock || T::uv sync with lock uv.lock || T::uv sync with lock uv.lock || T::uv sync with lock uv.lock || T::uv sync with lock uv.lock,script c7n-org not in the repository (stage)
P104-h4-0,P104,head,be9983ac56a1,tools/c7n_policystream/Dockerfile,,,1,,uv sync with lock uv.lock,,script,,,,,,,uv.lock,yes,,,uv,T::uv sync with lock uv.lock || T::uv sync with lock uv.lock || T::uv sync with lock uv.lock || T::uv sync with lock uv.lock || T::uv sync with lock uv.lock || T::uv sync with lock uv.lock || T::uv sync with lock uv.lock || T::uv sync with lock uv.lock || T::uv sync with lock uv.lock || T::uv sync with lock uv.lock || T::uv sync with lock uv.lock || T::uv sync with lock uv.lock || T::uv sync with lock uv.lock || T::uv sync with lock uv.lock || T::uv sync with lock uv.lock || T::uv sync with lock uv.lock || T::uv sync with lock uv.lock,script c7n-policystream not in the repository (stage)
P105-h4-0,P105,head,be9983ac56a1,tools/c7n_policystream/Dockerfile,,,1,,uv sync with lock uv.lock,,script,,,,,,,uv.lock,yes,,,uv,T::uv sync with lock uv.lock || T::uv sync with lock uv.lock || T::uv sync with lock uv.lock || T::uv sync with lock uv.lock || T::uv sync with lock uv.lock || T::uv sync with lock uv.lock || T::uv sync with lock uv.lock || T::uv sync with lock uv.lock || T::uv sync with lock uv.lock || T::uv sync with lock uv.lock || T::uv sync with lock uv.lock || T::uv sync with lock uv.lock || T::uv sync with lock uv.lock || T::uv sync with lock uv.lock || T::uv sync with lock uv.lock || T::uv sync with lock uv.lock || T::uv sync with lock uv.lock,script c7n-policystream not in the repository (stage)
P106-h4-0,P106,head,be9983ac56a1,tools/c7n_policystream/Dockerfile,,,1,,uv sync with lock uv.lock,,script,,,,,,,uv.lock,yes,,,uv,T::uv sync with lock uv.lock || T::uv sync with lock uv.lock || T::uv sync with lock uv.lock || T::uv sync with lock uv.lock || T::uv sync with lock uv.lock || T::uv sync with lock uv.lock || T::uv sync with lock uv.lock || T::uv sync with lock uv.lock || T::uv sync with lock uv.lock || T::uv sync with lock uv.lock || T::uv sync with lock uv.lock || T::uv sync with lock uv.lock || T::uv sync with lock uv.lock || T::uv sync with lock uv.lock || T::uv sync with lock uv.lock || T::uv sync with lock uv.lock || T::uv sync with lock uv.lock,script c7n-policystream not in the repository (stage)
P107-s1-0,P107,snapshot,b4d6b95a1c41,Dockerfile,,,1,,uv sync with lock uv.lock,,script,,no,"<1.1,>=1.0.0",,,,uv.lock,yes,,,project uv,others::named package pip || T::uv sync with lock uv.lock || fresh:other file:project . (pyproject.toml not in T),
P107-h1-0,P107,head,48db19e3bbfb,Dockerfile,,,1,,uv sync with lock uv.lock,,script,,no,"<1.4,>=1.0.0",,,,uv.lock,yes,,,project uv,T::uv sync with lock uv.lock || fresh:other file:project . (pyproject.toml not in T),
P111-s1-0,P111,snapshot,5e930f9181ea,docker/Dockerfile,,,1,,requirements-output.txt includes requirements.txt,,script,,,,,,,requirements-output.txt|requirements.txt,no,,,-r requirements-output.txt,others::named package pip || others::named package setuptools || others::named package wheel || others::named package cffi || T::-r requirements.txt || T::requirements-output.txt includes requirements.txt,script twistd not in the repository (stage)
P111-h1-0,P111,head,ecbe0b99b30f,docker/Dockerfile,,,1,,requirements-output.txt includes requirements.txt,,script,,,,,,,requirements-output.txt|requirements.txt,no,,,-r requirements-output.txt,others::named package pip || others::named package setuptools || others::named package wheel || others::named package cffi || T::-r requirements.txt || T::requirements-output.txt includes requirements.txt,script twistd not in the repository (stage)
P112-s1-0,P112,snapshot,02b63ac2a7f8,Dockerfile,,,1,,uv run with lock uv.lock,at start;may re-lock,script,,,,,,,uv.lock,yes,,,uv,T::uv sync with lock uv.lock || T@start::uv run with lock uv.lock,
P112-h1-0,P112,head,6b32dfae3d66,Dockerfile,,,1,,uv run with lock uv.lock,at start;may re-lock,script,,,,,,,uv.lock,yes,,,uv,T::uv sync with lock uv.lock || T@start::uv run with lock uv.lock,
P113-s1-0,P113,snapshot,8411aba60b26,Dockerfile,,,1,,uv run with lock uv.lock,at start;may re-lock,script,,,,,,,uv.lock,yes,,,uv,T::uv sync with lock uv.lock || T@start::uv run with lock uv.lock,
P113-h1-0,P113,head,a65dfe171a96,Dockerfile,,,1,,uv run with lock uv.lock,at start;may re-lock,script,,,,,,,uv.lock,yes,,,uv,T::uv sync with lock uv.lock || T@start::uv run with lock uv.lock,
P114-s1-0,P114,snapshot,a7606a557c53,app-engine/Dockerfile,,,5,no Python install,,,script,,,,,,,,no,,,,,
P114-s2-0,P114,snapshot,a7606a557c53,app-engine/task-runner/Dockerfile,,app-engine/task-runner,5,no Python install,,,script,,,,,,,,no,,,,,
P114-s3-0,P114,snapshot,a7606a557c53,cbir/Dockerfile,,cbir,1,,uv sync with lock cbir/uv.lock,may re-lock,script,,,,,,,cbir/uv.lock,yes,,,uv,T::uv sync with lock cbir/uv.lock || T::uv sync with lock cbir/uv.lock,
P114-s4-0,P114,snapshot,a7606a557c53,clients/python/Dockerfile,,clients/python,1,,project . with manifest in T,,script,,,,,,,clients/python/pyproject.toml,no,,,project,T::project . with manifest in T,
P114-s5-0,P114,snapshot,a7606a557c53,core/Dockerfile,,,5,no Python install,,,script,,,,,,,,no,,,,,
P114-s6-0,P114,snapshot,a7606a557c53,e2e-tests/Dockerfile,,,5,no Python install,,,script,,,,,,,,no,,,,,
P114-s7-0,P114,snapshot,a7606a557c53,iam/Dockerfile,,iam,5,no Python install,,,script,,,,,,,,no,,,,,script kc.sh not in the repository (not copied); script kc.sh not in the repository (stage)
P114-s8-0,P114,snapshot,a7606a557c53,pims/Dockerfile,,,6,script not read,$PRE_START_PATH called at depth 2,,script,,,,,,,,no,,,script uv,T::uv sync with lock pims/uv.lock || T::uv sync with lock pims/uv.lock || und@start::script not read,
P114-s9-0,P114,snapshot,a7606a557c53,pims/docker/worker.dockerfile,,pims,6,script not read,$PRE_START_PATH called at depth 2,,script,,,,,,,,no,,,script,und@start::script not read,
P114-s10-0,P114,snapshot,a7606a557c53,repository/Dockerfile,,,5,no Python install,,,script,,,,,,,,no,,,,,
P114-s11-0,P114,snapshot,a7606a557c53,sam/Dockerfile,,sam,1,,uv sync with lock sam/uv.lock,may re-lock,script,,,,,,,sam/uv.lock,yes,,,uv,T::uv sync with lock sam/uv.lock || T::uv sync with lock sam/uv.lock,
P114-s12-0,P114,snapshot,a7606a557c53,web-ui/Dockerfile,,web-ui,5,no Python install,,,script,,,,,,,,no,,,,,
P114-h1-0,P114,head,340ccb0395a2,app-engine/Dockerfile,,,5,no Python install,,,script,,,,,,,,no,,,,,
P114-h2-0,P114,head,340ccb0395a2,app-engine/task-runner/Dockerfile,,app-engine/task-runner,5,no Python install,,,script,,,,,,,,no,,,,,
P114-h3-0,P114,head,340ccb0395a2,cbir/Dockerfile,,cbir,1,,uv sync with lock cbir/uv.lock,may re-lock,script,,,,,,,cbir/uv.lock,yes,,,uv,T::uv sync with lock cbir/uv.lock || T::uv sync with lock cbir/uv.lock,
P114-h4-0,P114,head,340ccb0395a2,clients/python/Dockerfile,,clients/python,1,,project . with manifest in T,,script,,,,,,,clients/python/pyproject.toml,no,,,project,T::project . with manifest in T,
P114-h5-0,P114,head,340ccb0395a2,core/Dockerfile,,,5,no Python install,,,script,,,,,,,,no,,,,,
P114-h6-0,P114,head,340ccb0395a2,e2e-tests/Dockerfile,,,5,no Python install,,,script,,,,,,,,no,,,,,
P114-h7-0,P114,head,340ccb0395a2,iam/Dockerfile,,iam,5,no Python install,,,script,,,,,,,,no,,,,,script kc.sh not in the repository (not copied); script kc.sh not in the repository (stage)
P114-h8-0,P114,head,340ccb0395a2,pims/Dockerfile,,,6,script not read,$PRE_START_PATH called at depth 2,,script,,,,,,,,no,,,script uv,T::uv sync with lock pims/uv.lock || T::uv sync with lock pims/uv.lock || und@start::script not read,
P114-h9-0,P114,head,340ccb0395a2,pims/docker/worker.dockerfile,,pims,6,script not read,$PRE_START_PATH called at depth 2,,script,,,,,,,,no,,,script,und@start::script not read,
P114-h10-0,P114,head,340ccb0395a2,repository/Dockerfile,,,5,no Python install,,,script,,,,,,,,no,,,,,
P114-h11-0,P114,head,340ccb0395a2,sam/Dockerfile,,sam,1,,uv sync with lock sam/uv.lock,may re-lock,script,,,,,,,sam/uv.lock,yes,,,uv,T::uv sync with lock sam/uv.lock || T::uv sync with lock sam/uv.lock,
P114-h12-0,P114,head,340ccb0395a2,sam/Dockerfile.weights,,sam,5,no Python install,,,script,,,,,,,,no,,,,,
P114-h13-0,P114,head,340ccb0395a2,web-ui/Dockerfile,,web-ui,5,no Python install,,,script,,,,,,,,no,,,,,
P119-s1-0,P119,snapshot,df1e8ea1a115,Dockerfile,,,1,,uv sync with lock uv.lock,,script,,,,,,,uv.lock,yes,,,uv,T::uv sync with lock uv.lock || T::uv sync with lock uv.lock,
P119-h1-0,P119,head,7c9f1ae75314,Dockerfile,,,1,,uv sync with lock uv.lock,,script,,,,,,,uv.lock,yes,,,uv,T::uv sync with lock uv.lock || T::uv sync with lock uv.lock,
P120-s1-0,P120,snapshot,ee7c2f68cfb1,.container/Dockerfile,,.container,6,would not build,no FROM instruction,,script,,,,,,,,,,,,,
P120-h1-0,P120,head,ee7c2f68cfb1,.container/Dockerfile,,.container,6,would not build,no FROM instruction,,script,,,,,,,,,,,,,
P125-s1-0,P125,snapshot,57233a798d18,Dockerfile,,,1,,-r requirements.txt,,script,,,,,,,requirements.txt,no,,,-r,T::-r requirements.txt,
P125-h1-0,P125,head,2a6438e64a15,Dockerfile,,,1,,-r requirements.txt,,script,,,,,,,requirements.txt,no,,,-r,T::-r requirements.txt,
P126-s1-0,P126,snapshot,9156d2af3dc3,Dockerfile,,,1,,-r requirements.txt,,script,,,,,,,requirements.txt,no,,,-r,T::-r requirements.txt,
P126-h1-0,P126,head,da894a842c18,Dockerfile,,,1,,-r requirements.txt,,script,,,,,,,requirements.txt,no,,,-r,T::-r requirements.txt,
P127-s1-0,P127,snapshot,870783abbca8,packages/a11y-dashboard/Dockerfile,,,5,no Python install,same class in every candidate context,,script,,,,,,,,,,,,,
P127-s2-0,P127,snapshot,870783abbca8,packages/docker-images/Dockerfile,,packages/docker-images,5,no Python install,,,script,,,,,,,,no,,,,,
P128-s1-0,P128,snapshot,ededde954f4e,packages/a11y-dashboard/Dockerfile,,,5,no Python install,same class in every candidate context,,script,,,,,,,,,,,,,
P128-s2-0,P128,snapshot,ededde954f4e,packages/docker-images/Dockerfile,,packages/docker-images,5,no Python install,,,script,,,,,,,,no,,,,,
P129-s1-0,P129,snapshot,ff614049a23c,packages/a11y-dashboard/Dockerfile,,,5,no Python install,same class in every candidate context,,script,,,,,,,,,,,,,
P129-s2-0,P129,snapshot,ff614049a23c,packages/docker-images/Dockerfile,,packages/docker-images,5,no Python install,,,script,,,,,,,,no,,,,,
P127-h1-0,P127,head,7488ac06c05e,packages/a11y-dashboard/Dockerfile,,,5,no Python install,same class in every candidate context,,script,,,,,,,,,,,,,
P128-h1-0,P128,head,7488ac06c05e,packages/a11y-dashboard/Dockerfile,,,5,no Python install,same class in every candidate context,,script,,,,,,,,,,,,,
P129-h1-0,P129,head,7488ac06c05e,packages/a11y-dashboard/Dockerfile,,,5,no Python install,same class in every candidate context,,script,,,,,,,,,,,,,
P127-h2-0,P127,head,7488ac06c05e,packages/docker-images/Dockerfile,,packages/docker-images,5,no Python install,,,script,,,,,,,,no,,,,,
P128-h2-0,P128,head,7488ac06c05e,packages/docker-images/Dockerfile,,packages/docker-images,5,no Python install,,,script,,,,,,,,no,,,,,
P129-h2-0,P129,head,7488ac06c05e,packages/docker-images/Dockerfile,,packages/docker-images,5,no Python install,,,script,,,,,,,,no,,,,,
P132-s1-0,P132,snapshot,2d58e085c6c6,Dockerfile,,,5,other named packages only,,,script,,,,,,,,no,,,wheel,others::named package build || others::named package psycopg2 || others::named package gunicorn || neutral::wheel from a stage or step in the build,
P132-h1-0,P132,head,c1a648605ef0,Dockerfile,,,5,other named packages only,,,script,,,,,,,,no,,,wheel,others::named package build || others::named package psycopg2 || others::named package gunicorn || neutral::wheel from a stage or step in the build,
P139-s1-0,P139,snapshot,946f3b37e7ad,.docker/Dockerfile.base,,,5,no Python install,,,script,,,,,,,,no,,,,,
P139-h1-0,P139,head,946f3b37e7ad,.docker/Dockerfile.base,,,5,no Python install,,,script,,,,,,,,no,,,,,
P140-s1-0,P140,snapshot,c5147e2e1445,Dockerfile,,,1,,project .[ml] with manifest in T,,script,,,,,,,pyproject.toml,no,,,project,others::named package pip || T::project .[ml] with manifest in T || others::named package uvicorn,
P141-s1-0,P141,snapshot,b8fc1a7a7f39,Dockerfile,,,2,other file,project .[ml] (pyproject.toml not in T),,script,,yes," | <1.1,>=0.49 | ?",,,,,no,,,project,others::named package pip || fresh:other file:project .[ml] (pyproject.toml not in T) || others::named package uvicorn,
P142-s1-0,P142,snapshot,4b42b90133fd,Dockerfile,,,1,,project .[ml] with manifest in T,,script,,,,,,,pyproject.toml,no,,,project,others::named package pip || T::project .[ml] with manifest in T || others::named package uvicorn,
P140-h1-0,P140,head,76f782a701d2,Dockerfile,,,1,,project .[ml] with manifest in T,,script,,,,,,,pyproject.toml,no,,,project,others::named package pip || T::project .[ml] with manifest in T || others::named package uvicorn,
P141-h1-0,P141,head,76f782a701d2,Dockerfile,,,2,other file,project .[ml] (pyproject.toml not in T),,script,,yes," | <2,>=1.3.1 | ?",,,,,no,,,project,others::named package pip || fresh:other file:project .[ml] (pyproject.toml not in T) || others::named package uvicorn,
P142-h1-0,P142,head,76f782a701d2,Dockerfile,,,1,,project .[ml] with manifest in T,,script,,,,,,,pyproject.toml,no,,,project,others::named package pip || T::project .[ml] with manifest in T || others::named package uvicorn,
P143-s1-0,P143,snapshot,30c8c6870383,docker/Dockerfile,,,1,,"the manifest takes its dependencies from requirements.txt (T), which is in the build; installing the project takes L from it",,writer,manifest names T file requirements.txt (read pattern yes; T file available yes),,,,,,,no,,,-r manifest,others::named package pip || others::named package uv || T::-r requirements.txt || judge::manifest names T file requirements.txt (read pattern yes; T file available yes),
P144-s1-0,P144,snapshot,a075f63b59c6,docker/Dockerfile,,,1,,"the manifest takes its dependencies from requirements.txt (T), which is in the build; installing the project takes L from it",,writer,manifest names T file requirements.txt (read pattern yes; T file available yes),,,,,,,no,,,-r manifest,others::named package pip || others::named package uv || T::-r requirements.txt || judge::manifest names T file requirements.txt (read pattern yes; T file available yes),
P145-s1-0,P145,snapshot,fbfb5d401f99,docker/Dockerfile,,,1,,"the manifest takes its dependencies from requirements.txt (T), which is in the build; installing the project takes L from it",,writer,manifest names T file requirements.txt (read pattern yes; T file available yes),,,,,,,no,,,-r manifest,others::named package pip || others::named package uv || T::-r requirements.txt || judge::manifest names T file requirements.txt (read pattern yes; T file available yes),
P146-s1-0,P146,snapshot,7533835e044a,docker/Dockerfile,,,1,,"the manifest takes its dependencies from requirements.txt (T), which is in the build; installing the project takes L from it",,writer,manifest names T file requirements.txt (read pattern yes; T file available yes),,,,,,,no,,,-r manifest,others::named package pip || others::named package uv || T::-r requirements.txt || judge::manifest names T file requirements.txt (read pattern yes; T file available yes),
P143-h1-0,P143,head,c1303c048bd9,docker/Dockerfile,,,1,,"the manifest takes its dependencies from requirements.txt (T), which is in the build; installing the project takes L from it",,writer,manifest names T file requirements.txt (read pattern yes; T file available yes),,,,,,,no,,,-r manifest,others::named package pip || others::named package uv || T::-r requirements.txt || others::named package esphome-device-builder || judge::manifest names T file requirements.txt (read pattern yes; T file available yes),
P144-h1-0,P144,head,c1303c048bd9,docker/Dockerfile,,,1,,"the manifest takes its dependencies from requirements.txt (T), which is in the build; installing the project takes L from it",,writer,manifest names T file requirements.txt (read pattern yes; T file available yes),,,,,,,no,,,-r manifest,others::named package pip || others::named package uv || T::-r requirements.txt || others::named package esphome-device-builder || judge::manifest names T file requirements.txt (read pattern yes; T file available yes),
P145-h1-0,P145,head,c1303c048bd9,docker/Dockerfile,,,1,,"the manifest takes its dependencies from requirements.txt (T), which is in the build; installing the project takes L from it",,writer,manifest names T file requirements.txt (read pattern yes; T file available yes),,,,,,,no,,,-r manifest,others::named package pip || others::named package uv || T::-r requirements.txt || others::named package esphome-device-builder || judge::manifest names T file requirements.txt (read pattern yes; T file available yes),
P146-h1-0,P146,head,c1303c048bd9,docker/Dockerfile,,,1,,"the manifest takes its dependencies from requirements.txt (T), which is in the build; installing the project takes L from it",,writer,manifest names T file requirements.txt (read pattern yes; T file available yes),,,,,,,no,,,-r manifest,others::named package pip || others::named package uv || T::-r requirements.txt || others::named package esphome-device-builder || judge::manifest names T file requirements.txt (read pattern yes; T file available yes),
P147-s1-0,P147,snapshot,f566ce3bbd44,Dockerfile,,,1,,-r requirements-dev.txt,,script,,,,,,,requirements-dev.txt,yes,,,-r,T::-r requirements.txt || T::-r requirements-dev.txt,
P147-h1-0,P147,head,ff3d7f158e2f,Dockerfile,,,4,,uv export lock uv.lock not in T locks L,,script,,,,,,2.7.0,,no,,,-r installs uv,others::named package uv || T::-r requirements.txt || other_pin::uv export lock uv.lock not in T locks L || neutral::installs a file generated in the build,
P148-s1-0,P148,snapshot,c59d98bf48cc,Dockerfile,,,1,,uv sync --locked from uv.lock (T) fills the venv; the later `uv pip install` of the sdist keeps installed versions (D7); hatch only prints the version,,writer,hatch task,yes,~=2.6.3,,,,,yes,,,hatch project uv,others::named package setuptools || others::named package wheel || T::uv sync with lock uv.lock || others::named package virtualenv || others::named package hatch || others::named package hatch-vcs || judge::hatch task || fresh:other file:project /fides (pyproject.toml not in T),
P148-s1-1,P148,snapshot,c59d98bf48cc,Dockerfile,test,,1,,uv sync --locked from uv.lock (T) fills the venv; the later `uv pip install` of the sdist keeps installed versions (D7); hatch only prints the version,,writer,hatch task,yes,~=2.6.3,,,,,yes,,,hatch project uv,others::named package setuptools || others::named package wheel || T::uv sync with lock uv.lock || others::named package virtualenv || others::named package hatch || others::named package hatch-vcs || judge::hatch task || fresh:other file:project /fides (pyproject.toml not in T),
P148-s2-0,P148,snapshot,c59d98bf48cc,clients/sample-app/Dockerfile,,clients/sample-app,5,no Python install,,,script,,,,,,,,no,,,,,
P149-s1-0,P149,snapshot,2ad72af88fa5,Dockerfile,,,1,,uv sync --locked from uv.lock (T) fills the venv; the later `uv pip install` of the sdist keeps installed versions (D7); hatch only prints the version,,writer,hatch task,yes,~=2.12.0,,,,,yes,,,hatch project uv,others::named package setuptools || others::named package wheel || T::uv sync with lock uv.lock || others::named package virtualenv || others::named package hatch || others::named package hatch-vcs || judge::hatch task || fresh:other file:project /fides (pyproject.toml not in T),
P149-s1-1,P149,snapshot,2ad72af88fa5,Dockerfile,test,,1,,uv sync --locked from uv.lock (T) fills the venv; the later `uv pip install` of the sdist keeps installed versions (D7); hatch only prints the version,,writer,hatch task,yes,~=2.12.0,,,,,yes,,,hatch project uv,others::named package setuptools || others::named package wheel || T::uv sync with lock uv.lock || others::named package virtualenv || others::named package hatch || others::named package hatch-vcs || judge::hatch task || fresh:other file:project /fides (pyproject.toml not in T),
P149-s2-0,P149,snapshot,2ad72af88fa5,clients/sample-app/Dockerfile,,clients/sample-app,5,no Python install,,,script,,,,,,,,no,,,,,
P148-h1-0,P148,head,e87f3ff835af,Dockerfile,,,1,,uv sync --locked from uv.lock (T) fills the venv; the later `uv pip install` of the sdist keeps installed versions (D7); hatch only prints the version,,writer,hatch task,yes,~=2.6.3,,,,,yes,,,hatch project uv,others::named package setuptools || others::named package wheel || T::uv sync with lock uv.lock || others::named package virtualenv || others::named package hatch || others::named package hatch-vcs || judge::hatch task || fresh:other file:project /fides (pyproject.toml not in T),
P149-h1-0,P149,head,e87f3ff835af,Dockerfile,,,1,,uv sync --locked from uv.lock (T) fills the venv; the later `uv pip install` of the sdist keeps installed versions (D7); hatch only prints the version,,writer,hatch task,yes,~=2.12.0,,,,,yes,,,hatch project uv,others::named package setuptools || others::named package wheel || T::uv sync with lock uv.lock || others::named package virtualenv || others::named package hatch || others::named package hatch-vcs || judge::hatch task || fresh:other file:project /fides (pyproject.toml not in T),
P148-h1-1,P148,head,e87f3ff835af,Dockerfile,test,,1,,uv sync --locked from uv.lock (T) fills the venv; the later `uv pip install` of the sdist keeps installed versions (D7); hatch only prints the version,,writer,hatch task,yes,~=2.6.3,,,,,yes,,,hatch project uv,others::named package setuptools || others::named package wheel || T::uv sync with lock uv.lock || others::named package virtualenv || others::named package hatch || others::named package hatch-vcs || judge::hatch task || fresh:other file:project /fides (pyproject.toml not in T),
P149-h1-1,P149,head,e87f3ff835af,Dockerfile,test,,1,,uv sync --locked from uv.lock (T) fills the venv; the later `uv pip install` of the sdist keeps installed versions (D7); hatch only prints the version,,writer,hatch task,yes,~=2.12.0,,,,,yes,,,hatch project uv,others::named package setuptools || others::named package wheel || T::uv sync with lock uv.lock || others::named package virtualenv || others::named package hatch || others::named package hatch-vcs || judge::hatch task || fresh:other file:project /fides (pyproject.toml not in T),
P148-h2-0,P148,head,e87f3ff835af,clients/sample-app/Dockerfile,,clients/sample-app,5,no Python install,,,script,,,,,,,,no,,,,,
P149-h2-0,P149,head,e87f3ff835af,clients/sample-app/Dockerfile,,clients/sample-app,5,no Python install,,,script,,,,,,,,no,,,,,
P150-s1-0,P150,snapshot,6da2cce6bf3a,Dockerfile,,,1,,-r requirements.txt,,script,,,,,,,requirements.txt,no,,,-r,T::-r requirements.txt,
P150-h1-0,P150,head,a1f03f8cbb9f,Dockerfile,,,1,,-r requirements.txt,,script,,,,,,,requirements.txt,no,,,-r,T::-r requirements.txt,
P155-s1-0,P155,snapshot,aabab0a6eddc,futuresearch-mcp/deploy/Dockerfile,,,1,,uv sync with lock uv.lock,may re-lock,script,,,,,,,uv.lock,yes,,,uv,T::uv sync with lock uv.lock,
P155-h1-0,P155,head,35ea3b4ca6c4,futuresearch-mcp/deploy/Dockerfile,,,1,,uv sync with lock uv.lock,may re-lock,script,,,,,,,uv.lock,yes,,,uv,T::uv sync with lock uv.lock,
P158-s1-0,P158,snapshot,5f29fc5e3d38,.k8s_ci.Dockerfile,,,5,other named packages only,,,script,,,,,,,,no,,,,others::named package virtualenv || others::named package ansible,
P158-s2-0,P158,snapshot,5f29fc5e3d38,client/Dockerfile,,client,5,no Python install,,,script,,,,,,,,no,,,,,
P158-s3-0,P158,snapshot,5f29fc5e3d38,lib/galaxy/web/proxy/js/Dockerfile,,lib/galaxy/web/proxy/js,5,no Python install,,,script,,,,,,,,no,,,,,
P159-s1-0,P159,snapshot,2b06d179d95c,.k8s_ci.Dockerfile,,,5,other named packages only,,,script,,,,,,,,no,,,,others::named package virtualenv || others::named package ansible,
P159-s2-0,P159,snapshot,2b06d179d95c,client/Dockerfile,,client,5,no Python install,,,script,,,,,,,,no,,,,,
P159-s3-0,P159,snapshot,2b06d179d95c,lib/galaxy/web/proxy/js/Dockerfile,,lib/galaxy/web/proxy/js,5,no Python install,,,script,,,,,,,,no,,,,,
P160-s1-0,P160,snapshot,5a0579d2dee8,.k8s_ci.Dockerfile,,,5,other named packages only,,,script,,,,,,,,no,,,,others::named package virtualenv || others::named package ansible,
P160-s2-0,P160,snapshot,5a0579d2dee8,client/Dockerfile,,client,5,no Python install,,,script,,,,,,,,no,,,,,
P160-s3-0,P160,snapshot,5a0579d2dee8,lib/galaxy/web/proxy/js/Dockerfile,,lib/galaxy/web/proxy/js,5,no Python install,,,script,,,,,,,,no,,,,,
P161-s1-0,P161,snapshot,59b15b531423,.k8s_ci.Dockerfile,,,5,other named packages only,,,script,,,,,,,,no,,,,others::named package virtualenv || others::named package ansible,
P161-s2-0,P161,snapshot,59b15b531423,client/Dockerfile,,client,5,no Python install,,,script,,,,,,,,no,,,,,
P161-s3-0,P161,snapshot,59b15b531423,lib/galaxy/web/proxy/js/Dockerfile,,lib/galaxy/web/proxy/js,5,no Python install,,,script,,,,,,,,no,,,,,
P162-s1-0,P162,snapshot,907cbe3ee352,.k8s_ci.Dockerfile,,,5,other named packages only,,,script,,,,,,,,no,,,,others::named package virtualenv || others::named package ansible,
P162-s2-0,P162,snapshot,907cbe3ee352,client/Dockerfile,,client,5,no Python install,,,script,,,,,,,,no,,,,,
P162-s3-0,P162,snapshot,907cbe3ee352,lib/galaxy/web/proxy/js/Dockerfile,,lib/galaxy/web/proxy/js,5,no Python install,,,script,,,,,,,,no,,,,,
P163-s1-0,P163,snapshot,bbac30d66bac,.k8s_ci.Dockerfile,,,5,other named packages only,,,script,,,,,,,,no,,,,others::named package virtualenv || others::named package ansible,
P163-s2-0,P163,snapshot,bbac30d66bac,client/Dockerfile,,client,5,no Python install,,,script,,,,,,,,no,,,,,
P163-s3-0,P163,snapshot,bbac30d66bac,lib/galaxy/web/proxy/js/Dockerfile,,lib/galaxy/web/proxy/js,5,no Python install,,,script,,,,,,,,no,,,,,
P158-h1-0,P158,head,a396860c90a6,.k8s_ci.Dockerfile,,,5,other named packages only,,,script,,,,,,,,no,,,,others::named package virtualenv || others::named package ansible,
P159-h1-0,P159,head,a396860c90a6,.k8s_ci.Dockerfile,,,5,other named packages only,,,script,,,,,,,,no,,,,others::named package virtualenv || others::named package ansible,
P160-h1-0,P160,head,a396860c90a6,.k8s_ci.Dockerfile,,,5,other named packages only,,,script,,,,,,,,no,,,,others::named package virtualenv || others::named package ansible,
P161-h1-0,P161,head,a396860c90a6,.k8s_ci.Dockerfile,,,5,other named packages only,,,script,,,,,,,,no,,,,others::named package virtualenv || others::named package ansible,
P162-h1-0,P162,head,a396860c90a6,.k8s_ci.Dockerfile,,,5,other named packages only,,,script,,,,,,,,no,,,,others::named package virtualenv || others::named package ansible,
P163-h1-0,P163,head,a396860c90a6,.k8s_ci.Dockerfile,,,5,other named packages only,,,script,,,,,,,,no,,,,others::named package virtualenv || others::named package ansible,
P158-h2-0,P158,head,a396860c90a6,client/Dockerfile,,client,5,no Python install,,,script,,,,,,,,no,,,,,
P159-h2-0,P159,head,a396860c90a6,client/Dockerfile,,client,5,no Python install,,,script,,,,,,,,no,,,,,
P160-h2-0,P160,head,a396860c90a6,client/Dockerfile,,client,5,no Python install,,,script,,,,,,,,no,,,,,
P161-h2-0,P161,head,a396860c90a6,client/Dockerfile,,client,5,no Python install,,,script,,,,,,,,no,,,,,
P162-h2-0,P162,head,a396860c90a6,client/Dockerfile,,client,5,no Python install,,,script,,,,,,,,no,,,,,
P163-h2-0,P163,head,a396860c90a6,client/Dockerfile,,client,5,no Python install,,,script,,,,,,,,no,,,,,
P158-h3-0,P158,head,a396860c90a6,lib/galaxy/web/proxy/js/Dockerfile,,lib/galaxy/web/proxy/js,5,no Python install,,,script,,,,,,,,no,,,,,
P159-h3-0,P159,head,a396860c90a6,lib/galaxy/web/proxy/js/Dockerfile,,lib/galaxy/web/proxy/js,5,no Python install,,,script,,,,,,,,no,,,,,
P160-h3-0,P160,head,a396860c90a6,lib/galaxy/web/proxy/js/Dockerfile,,lib/galaxy/web/proxy/js,5,no Python install,,,script,,,,,,,,no,,,,,
P161-h3-0,P161,head,a396860c90a6,lib/galaxy/web/proxy/js/Dockerfile,,lib/galaxy/web/proxy/js,5,no Python install,,,script,,,,,,,,no,,,,,
P162-h3-0,P162,head,a396860c90a6,lib/galaxy/web/proxy/js/Dockerfile,,lib/galaxy/web/proxy/js,5,no Python install,,,script,,,,,,,,no,,,,,
P163-h3-0,P163,head,a396860c90a6,lib/galaxy/web/proxy/js/Dockerfile,,lib/galaxy/web/proxy/js,5,no Python install,,,script,,,,,,,,no,,,,,
P158-h4-0,P158,head,a396860c90a6,packages/job_execution/Dockerfile,,,5,other named packages only,,,script,,,,,,,,no,,,,others::named package boto3 || others::named package azure-storage-blob || others::named package python-irodsclient || others::named package galaxy-util || others::named package galaxy-tool-util-models || others::named package galaxy-config || others::named package galaxy-schema || others::named package galaxy-tool-util || others::named package galaxy-files || others::named package galaxy-objectstore || others::named package galaxy-data || others::named package galaxy-job-execution,
P159-h4-0,P159,head,a396860c90a6,packages/job_execution/Dockerfile,,,5,other named packages only,,,script,,,,,,,,no,,,,others::named package boto3 || others::named package azure-storage-blob || others::named package python-irodsclient || others::named package galaxy-util || others::named package galaxy-tool-util-models || others::named package galaxy-config || others::named package galaxy-schema || others::named package galaxy-tool-util || others::named package galaxy-files || others::named package galaxy-objectstore || others::named package galaxy-data || others::named package galaxy-job-execution,
P160-h4-0,P160,head,a396860c90a6,packages/job_execution/Dockerfile,,,5,other named packages only,,,script,,,,,,,,no,,,,others::named package boto3 || others::named package azure-storage-blob || others::named package python-irodsclient || others::named package galaxy-util || others::named package galaxy-tool-util-models || others::named package galaxy-config || others::named package galaxy-schema || others::named package galaxy-tool-util || others::named package galaxy-files || others::named package galaxy-objectstore || others::named package galaxy-data || others::named package galaxy-job-execution,
P161-h4-0,P161,head,a396860c90a6,packages/job_execution/Dockerfile,,,5,other named packages only,,,script,,,,,,,,no,,,,others::named package boto3 || others::named package azure-storage-blob || others::named package python-irodsclient || others::named package galaxy-util || others::named package galaxy-tool-util-models || others::named package galaxy-config || others::named package galaxy-schema || others::named package galaxy-tool-util || others::named package galaxy-files || others::named package galaxy-objectstore || others::named package galaxy-data || others::named package galaxy-job-execution,
P162-h4-0,P162,head,a396860c90a6,packages/job_execution/Dockerfile,,,5,other named packages only,,,script,,,,,,,,no,,,,others::named package boto3 || others::named package azure-storage-blob || others::named package python-irodsclient || others::named package galaxy-util || others::named package galaxy-tool-util-models || others::named package galaxy-config || others::named package galaxy-schema || others::named package galaxy-tool-util || others::named package galaxy-files || others::named package galaxy-objectstore || others::named package galaxy-data || others::named package galaxy-job-execution,
P163-h4-0,P163,head,a396860c90a6,packages/job_execution/Dockerfile,,,5,other named packages only,,,script,,,,,,,,no,,,,others::named package boto3 || others::named package azure-storage-blob || others::named package python-irodsclient || others::named package galaxy-util || others::named package galaxy-tool-util-models || others::named package galaxy-config || others::named package galaxy-schema || others::named package galaxy-tool-util || others::named package galaxy-files || others::named package galaxy-objectstore || others::named package galaxy-data || others::named package galaxy-job-execution,
P168-s1-0,P168,snapshot,95f757be6e8f,Dockerfile,,,1,,project . with manifest in T,,script,,,,,,,pyproject.toml,no,,,project,T::project . with manifest in T,
P168-s2-0,P168,snapshot,95f757be6e8f,docker/base/ubuntu/Dockerfile,,docker/base/ubuntu,5,other named packages only,no invoke task runs: `ln -s $(which invoke) ...` was misread as a call; the rest installs other named packages only,,writer,invoke task,,,,,,,no,,,invoke,others::named package uwsgi || others::named package pip || others::named package wheel || others::named package invoke || others::named package gdal || judge::invoke task || others::named package sherlock,
P169-s1-0,P169,snapshot,2e61721e39c5,Dockerfile,,,1,,project . with manifest in T,,script,,,,,,,pyproject.toml,no,,,project,T::project . with manifest in T,
P169-s2-0,P169,snapshot,2e61721e39c5,docker/base/ubuntu/Dockerfile,,docker/base/ubuntu,5,other named packages only,no invoke task runs: `ln -s $(which invoke) ...` was misread as a call; the rest installs other named packages only,,writer,invoke task,,,,,,,no,,,invoke,others::named package uwsgi || others::named package pip || others::named package wheel || others::named package invoke || others::named package gdal || judge::invoke task || others::named package sherlock,
P170-s1-0,P170,snapshot,5c0036db6886,Dockerfile,,,1,,project . with manifest in T,,script,,,,,,,pyproject.toml,no,,,project,T::project . with manifest in T,
P170-s2-0,P170,snapshot,5c0036db6886,docker/base/ubuntu/Dockerfile,,docker/base/ubuntu,5,other named packages only,no invoke task runs: `ln -s $(which invoke) ...` was misread as a call; the rest installs other named packages only,,writer,invoke task,,,,,,,no,,,invoke,others::named package uwsgi || others::named package pip || others::named package wheel || others::named package invoke || others::named package gdal || judge::invoke task || others::named package sherlock,
P168-h1-0,P168,head,d20eac4e7b2c,Dockerfile,,,1,,project . with manifest in T,,script,,,,,,,pyproject.toml,no,,,project,others::named package pip || others::named package setuptools || others::named package wheel || T::project . with manifest in T,
P169-h1-0,P169,head,d20eac4e7b2c,Dockerfile,,,1,,project . with manifest in T,,script,,,,,,,pyproject.toml,no,,,project,others::named package pip || others::named package setuptools || others::named package wheel || T::project . with manifest in T,
P170-h1-0,P170,head,d20eac4e7b2c,Dockerfile,,,1,,project . with manifest in T,,script,,,,,,,pyproject.toml,no,,,project,others::named package pip || others::named package setuptools || others::named package wheel || T::project . with manifest in T,
P168-h2-0,P168,head,d20eac4e7b2c,docker/base/ubuntu/24/Dockerfile,,docker/base/ubuntu/24,5,other named packages only,no invoke task runs: `ln -s $(which invoke) ...` was misread as a call; the rest installs other named packages only,,writer,invoke task,,,,,,,no,,,invoke,others::named package uwsgi || others::named package pip || others::named package wheel || others::named package invoke || others::named package gdal || judge::invoke task || others::named package sherlock,
P169-h2-0,P169,head,d20eac4e7b2c,docker/base/ubuntu/24/Dockerfile,,docker/base/ubuntu/24,5,other named packages only,no invoke task runs: `ln -s $(which invoke) ...` was misread as a call; the rest installs other named packages only,,writer,invoke task,,,,,,,no,,,invoke,others::named package uwsgi || others::named package pip || others::named package wheel || others::named package invoke || others::named package gdal || judge::invoke task || others::named package sherlock,
P170-h2-0,P170,head,d20eac4e7b2c,docker/base/ubuntu/24/Dockerfile,,docker/base/ubuntu/24,5,other named packages only,no invoke task runs: `ln -s $(which invoke) ...` was misread as a call; the rest installs other named packages only,,writer,invoke task,,,,,,,no,,,invoke,others::named package uwsgi || others::named package pip || others::named package wheel || others::named package invoke || others::named package gdal || judge::invoke task || others::named package sherlock,
P168-h3-0,P168,head,d20eac4e7b2c,docker/base/ubuntu/26/Dockerfile,,docker/base/ubuntu/26,5,other named packages only,no invoke task runs: `ln -s $(which invoke) ...` was misread as a call; the rest installs other named packages only,,writer,invoke task,,,,,,,no,,,invoke,others::named package uwsgi || others::named package pip || others::named package wheel || others::named package invoke || others::named package gdal || judge::invoke task || others::named package sherlock,
P169-h3-0,P169,head,d20eac4e7b2c,docker/base/ubuntu/26/Dockerfile,,docker/base/ubuntu/26,5,other named packages only,no invoke task runs: `ln -s $(which invoke) ...` was misread as a call; the rest installs other named packages only,,writer,invoke task,,,,,,,no,,,invoke,others::named package uwsgi || others::named package pip || others::named package wheel || others::named package invoke || others::named package gdal || judge::invoke task || others::named package sherlock,
P170-h3-0,P170,head,d20eac4e7b2c,docker/base/ubuntu/26/Dockerfile,,docker/base/ubuntu/26,5,other named packages only,no invoke task runs: `ln -s $(which invoke) ...` was misread as a call; the rest installs other named packages only,,writer,invoke task,,,,,,,no,,,invoke,others::named package uwsgi || others::named package pip || others::named package wheel || others::named package invoke || others::named package gdal || judge::invoke task || others::named package sherlock,
P174-s1-0,P174,snapshot,e51455a3936c,docker/Dockerfile,,docker,3,,own package seclab-taskflow-agent from the index,,script,,,,seclab-taskflow-agent,seclab-taskflow-agent,,,no,published pin,==2.6.3,own,index_own::own package seclab-taskflow-agent from the index,
P174-h1-0,P174,head,cdcb6fcd65c3,docker/Dockerfile,,docker,3,,own package seclab-taskflow-agent from the index,,script,,,,seclab-taskflow-agent,seclab-taskflow-agent,,,no,,,own,index_own::own package seclab-taskflow-agent from the index,
P175-s1-0,P175,snapshot,f3cdbae6e372,Dockerfile,,,3,,own package nanobot-webui from the index,,script,,,,nanobot-webui,nanobot-webui==0.2.7.post3,,,no,published pin,==0.0.26,own,others::named package uv || index_own::own package nanobot-webui from the index,script docker-entrypoint.sh not in the repository (not copied)
P175-h1-0,P175,head,c886730eefac,Dockerfile,,,3,,own package nanobot-webui from the index,,script,,,,nanobot-webui,nanobot-webui==0.2.7.post3,,,no,,,own,others::named package uv || index_own::own package nanobot-webui from the index,script docker-entrypoint.sh not in the repository (not copied)
P177-s1-0,P177,snapshot,425b205d131d,action/Dockerfile,,action,3,,own package repository-updater from the index,,script,,,,repository-updater,repository-updater==2.0.1,,,no,published pin,==3.1.46,own,index_own::own package repository-updater from the index,
P177-s2-0,P177,snapshot,425b205d131d,docker/Dockerfile,,docker,3,,own package repository-updater from the index,,script,,,,repository-updater,repository-updater==2.0.1,,,no,published pin,==3.1.46,own,index_own::own package repository-updater from the index,
P177-h1-0,P177,head,c36731c26ada,action/Dockerfile,,action,3,,own package repository-updater from the index,,script,,,,repository-updater,repository-updater==2.0.1,,,no,,,own,index_own::own package repository-updater from the index,
P177-h2-0,P177,head,c36731c26ada,docker/Dockerfile,,docker,3,,own package repository-updater from the index,,script,,,,repository-updater,repository-updater==2.0.1,,,no,,,own,index_own::own package repository-updater from the index,
P180-s1-0,P180,snapshot,426213dd2982,Dockerfile,,,1,,same class in every candidate context,,script,,,,,,,,,,,,,
P180-s2-0,P180,snapshot,426213dd2982,Dockerfile.dev,,,1,,"-r requirements.txt (T) with -c homeassistant/package_constraints.txt, which pins L to the same version; the awk-named packages are other packages",,writer,"pin of L in homeassistant/package_constraints.txt, a file LH008 would not read by name",,,,,,,no,,,-r pin,"others::source outside the repository /usr/src/~/hass-release || T::-r requirements.txt || judge::pin of L in homeassistant/package_constraints.txt, a file LH008 would not read b",
P180-s3-0,P180,snapshot,426213dd2982,script/hassfest/docker/Dockerfile,,,1,,"-r requirements.txt (T) with -c homeassistant/package_constraints.txt, which pins L to the same version; the awk-named packages are other packages",,writer,no manifest found for pipdeptree==$(awk -F'==' '/^pipdeptree==/{print $2}' /tmp/requirements_test.txt) at /github/workspace/pipdeptree==$(awk -F'==' '/^pipdeptree==/{print $2}' /tmp/requirements_test.txt); no manifest found for ruff==$(awk -F'==' '/^ruff==/{print $2}' /tmp/requirements_test_pre_comm,,,,,,,no,,,-r no would,judge::no manifest found for uv==$(awk -F'==' '/^uv==/{print $2}' /usr/src/homeassistan || T::-r requirements.txt || und::would not build || judge::no manifest found for pipdeptree==$(awk -F'==' '/^pipdeptree==/{print $2}' /tmp/ || judge::no manifest found for tqdm==$(awk -F'==' '/^tqdm==/{print $2}' /tmp/requirements || judge::no manifest found for ruff==$(awk -F'==' '/^ruff==/{print $2}' /tmp/requirements,script entrypoint.sh not in the repository (not copied)
P180-h1-0,P180,head,a94a4f83dac5,Dockerfile,,,1,,same class in every candidate context,,script,,,,,,,,,,,,,
P180-h2-0,P180,head,a94a4f83dac5,Dockerfile.dev,,,1,,"-r requirements.txt (T) with -c homeassistant/package_constraints.txt, which pins L to the same version; the awk-named packages are other packages",,writer,"pin of L in homeassistant/package_constraints.txt, a file LH008 would not read by name",,,,,,,no,,,-r pin,"others::source outside the repository /usr/src/~/hass-release || T::-r requirements.txt || judge::pin of L in homeassistant/package_constraints.txt, a file LH008 would not read b",
P180-h3-0,P180,head,a94a4f83dac5,script/hassfest/docker/Dockerfile,,,6,would not build,/usr/src/homeassistant/homeassistant/package_constraints.txt not in the image,,script,,,,,,,,no,,,-r no would,judge::no manifest found for uv==$(awk -F'==' '/^uv==/{print $2}' /usr/src/homeassistan || judge::no manifest found for pipdeptree==$(awk -F'==' '/^pipdeptree==/{print $2}' /tmp/ || judge::no manifest found for tqdm==$(awk -F'==' '/^tqdm==/{print $2}' /tmp/requirements || judge::no manifest found for ruff==$(awk -F'==' '/^ruff==/{print $2}' /tmp/requirements || T::-r requirements.txt || und::would not build,script entrypoint.sh not in the repository (not copied)
P181-s1-0,P181,snapshot,a5013a7e677d,Dockerfile,,,1,,uv sync with lock uv.lock,,script,,,,,,,uv.lock,yes,,,uv,T::uv sync with lock uv.lock || T::uv sync with lock uv.lock,
P181-s2-0,P181,snapshot,a5013a7e677d,homeassistant-addon-dev/Dockerfile,,,1,,uv sync with lock uv.lock,,script,,,,,,,uv.lock,yes,,,uv,T::uv sync with lock uv.lock || T::uv sync with lock uv.lock,
P181-s3-0,P181,snapshot,a5013a7e677d,homeassistant-addon-webhook-proxy/Dockerfile,,homeassistant-addon-webhook-proxy,5,no Python install,,,script,,,,,,,,no,,,,,
P181-s4-0,P181,snapshot,a5013a7e677d,homeassistant-addon/Dockerfile,,,1,,uv sync with lock uv.lock,,script,,,,,,,uv.lock,yes,,,uv,T::uv sync with lock uv.lock || T::uv sync with lock uv.lock,
P182-s1-0,P182,snapshot,2c0148ba512a,Dockerfile,,,1,,uv sync with lock uv.lock,,script,,,,,,,uv.lock,yes,,,uv,T::uv sync with lock uv.lock || T::uv sync with lock uv.lock,
P182-s2-0,P182,snapshot,2c0148ba512a,homeassistant-addon-dev/Dockerfile,,,1,,uv sync with lock uv.lock,,script,,,,,,,uv.lock,yes,,,uv,T::uv sync with lock uv.lock || T::uv sync with lock uv.lock,
P182-s3-0,P182,snapshot,2c0148ba512a,homeassistant-addon-webhook-proxy/Dockerfile,,homeassistant-addon-webhook-proxy,5,no Python install,,,script,,,,,,,,no,,,,,
P182-s4-0,P182,snapshot,2c0148ba512a,homeassistant-addon/Dockerfile,,,1,,uv sync with lock uv.lock,,script,,,,,,,uv.lock,yes,,,uv,T::uv sync with lock uv.lock || T::uv sync with lock uv.lock,
P181-h1-0,P181,head,15b64abfc940,Dockerfile,,,1,,uv sync with lock uv.lock,,script,,,,,,,uv.lock,yes,,,uv,T::uv sync with lock uv.lock || T::uv sync with lock uv.lock,
P182-h1-0,P182,head,15b64abfc940,Dockerfile,,,1,,uv sync with lock uv.lock,,script,,,,,,,uv.lock,yes,,,uv,T::uv sync with lock uv.lock || T::uv sync with lock uv.lock,
P181-h2-0,P181,head,15b64abfc940,homeassistant-addon-dev/Dockerfile,,,1,,uv sync with lock uv.lock,,script,,,,,,,uv.lock,yes,,,uv,T::uv sync with lock uv.lock || T::uv sync with lock uv.lock,
P182-h2-0,P182,head,15b64abfc940,homeassistant-addon-dev/Dockerfile,,,1,,uv sync with lock uv.lock,,script,,,,,,,uv.lock,yes,,,uv,T::uv sync with lock uv.lock || T::uv sync with lock uv.lock,
P181-h3-0,P181,head,15b64abfc940,homeassistant-addon-webhook-proxy-dev/Dockerfile,,homeassistant-addon-webhook-proxy-dev,5,no Python install,,,script,,,,,,,,no,,,,,
P182-h3-0,P182,head,15b64abfc940,homeassistant-addon-webhook-proxy-dev/Dockerfile,,homeassistant-addon-webhook-proxy-dev,5,no Python install,,,script,,,,,,,,no,,,,,
P181-h4-0,P181,head,15b64abfc940,homeassistant-addon-webhook-proxy/Dockerfile,,homeassistant-addon-webhook-proxy,5,no Python install,,,script,,,,,,,,no,,,,,
P182-h4-0,P182,head,15b64abfc940,homeassistant-addon-webhook-proxy/Dockerfile,,homeassistant-addon-webhook-proxy,5,no Python install,,,script,,,,,,,,no,,,,,
P181-h5-0,P181,head,15b64abfc940,homeassistant-addon/Dockerfile,,,1,,uv sync with lock uv.lock,,script,,,,,,,uv.lock,yes,,,uv,T::uv sync with lock uv.lock || T::uv sync with lock uv.lock,
P182-h5-0,P182,head,15b64abfc940,homeassistant-addon/Dockerfile,,,1,,uv sync with lock uv.lock,,script,,,,,,,uv.lock,yes,,,uv,T::uv sync with lock uv.lock || T::uv sync with lock uv.lock,
P183-s1-0,P183,snapshot,77e927caccf8,Dockerfile,,,1,,uv sync with lock uv.lock,,script,,,,,,,uv.lock,yes,,,uv,T::uv sync with lock uv.lock,
P183-h1-0,P183,head,bb179acf530b,Dockerfile,,,1,,uv sync with lock uv.lock,,script,,,,,,,uv.lock,yes,,,uv,T::uv sync with lock uv.lock,
P184-s1-0,P184,snapshot,c056473d6149,agents/canvas/Dockerfile,,,1,,uv sync with lock agents/canvas/uv.lock,may re-lock,script,,,,,,,agents/canvas/uv.lock,yes,,,uv,T::uv sync with lock agents/canvas/uv.lock,script server not in the repository (not copied)
P184-s2-0,P184,snapshot,c056473d6149,agents/chat/Dockerfile,,,1,,uv sync with lock agents/chat/uv.lock,may re-lock,script,,,,,,,agents/chat/uv.lock,yes,,,uv,T::uv sync with lock agents/chat/uv.lock,script server not in the repository (not copied)
P184-s3-0,P184,snapshot,c056473d6149,agents/form/Dockerfile,,,1,,uv sync with lock agents/form/uv.lock,may re-lock,script,,,,,,,agents/form/uv.lock,yes,,,uv,T::uv sync with lock agents/form/uv.lock,script server not in the repository (not copied)
P184-s4-0,P184,snapshot,c056473d6149,agents/rag/Dockerfile,,,1,,uv sync with lock agents/rag/uv.lock,may re-lock,script,,,,,,,agents/rag/uv.lock,yes,,,uv,T::uv sync with lock agents/rag/uv.lock,script server not in the repository (not copied)
P184-s5-0,P184,snapshot,c056473d6149,apps/agentstack-server/Dockerfile,,apps/agentstack-server,6,external,"the install reads dist/, an artefact built outside the recipe (not in the tree at this commit)",,writer,wheel /dist/*.tar.gz of unknown origin,,,,,,,no,,,wheel would,und::would not build || judge::wheel /dist/*.tar.gz of unknown origin,
P184-s6-0,P184,snapshot,c056473d6149,apps/agentstack-ui/Dockerfile,,,5,no Python install,,,script,,,,,,,,no,,,,,
P184-s7-0,P184,snapshot,c056473d6149,apps/beeai-web/Dockerfile,,,5,no Python install,,,script,,,,,,,,no,,,,,
P184-s8-0,P184,snapshot,c056473d6149,apps/keycloak-theme/Dockerfile,,apps/keycloak-theme,5,no Python install,,,script,,,,,,,,no,,,,,script kc.sh not in the repository (not copied); script kc.sh not in the repository (not copied)
P184-s9-0,P184,snapshot,c056473d6149,apps/supergateway/Dockerfile,,apps/supergateway,5,no Python install,,,script,,,,,,,,no,,,,,
P185-s1-0,P185,snapshot,4df0fef605e2,agents/canvas/Dockerfile,,,1,,uv sync with lock agents/canvas/uv.lock,may re-lock,script,,,,,,,agents/canvas/uv.lock,yes,,,uv,T::uv sync with lock agents/canvas/uv.lock,script server not in the repository (not copied)
P185-s2-0,P185,snapshot,4df0fef605e2,agents/chat/Dockerfile,,,1,,uv sync with lock agents/chat/uv.lock,may re-lock,script,,,,,,,agents/chat/uv.lock,yes,,,uv,T::uv sync with lock agents/chat/uv.lock,script server not in the repository (not copied)
P185-s3-0,P185,snapshot,4df0fef605e2,agents/form/Dockerfile,,,1,,uv sync with lock agents/form/uv.lock,may re-lock,script,,,,,,,agents/form/uv.lock,yes,,,uv,T::uv sync with lock agents/form/uv.lock,script server not in the repository (not copied)
P185-s4-0,P185,snapshot,4df0fef605e2,agents/rag/Dockerfile,,,1,,uv sync with lock agents/rag/uv.lock,may re-lock,script,,,,,,,agents/rag/uv.lock,yes,,,uv,T::uv sync with lock agents/rag/uv.lock,script server not in the repository (not copied)
P185-s5-0,P185,snapshot,4df0fef605e2,apps/agentstack-server/Dockerfile,,apps/agentstack-server,6,external,"the install reads dist/, an artefact built outside the recipe (not in the tree at this commit)",,writer,wheel /dist/*.tar.gz of unknown origin,,,,,,,no,,,wheel would,und::would not build || judge::wheel /dist/*.tar.gz of unknown origin,
P185-s6-0,P185,snapshot,4df0fef605e2,apps/agentstack-ui/Dockerfile,,,5,no Python install,,,script,,,,,,,,no,,,,,
P185-s7-0,P185,snapshot,4df0fef605e2,apps/beeai-web/Dockerfile,,,5,no Python install,,,script,,,,,,,,no,,,,,
P185-s8-0,P185,snapshot,4df0fef605e2,apps/keycloak-theme/Dockerfile,,apps/keycloak-theme,5,no Python install,,,script,,,,,,,,no,,,,,script kc.sh not in the repository (not copied); script kc.sh not in the repository (not copied)
P185-s9-0,P185,snapshot,4df0fef605e2,apps/supergateway/Dockerfile,,apps/supergateway,5,no Python install,,,script,,,,,,,,no,,,,,
P186-s1-0,P186,snapshot,89af8855d5b4,agents/canvas/Dockerfile,,,1,,uv sync with lock agents/canvas/uv.lock,may re-lock,script,,,,,,,agents/canvas/uv.lock,yes,,,uv,T::uv sync with lock agents/canvas/uv.lock,script server not in the repository (not copied)
P186-s2-0,P186,snapshot,89af8855d5b4,agents/chat/Dockerfile,,,1,,uv sync with lock agents/chat/uv.lock,may re-lock,script,,,,,,,agents/chat/uv.lock,yes,,,uv,T::uv sync with lock agents/chat/uv.lock,script server not in the repository (not copied)
P186-s3-0,P186,snapshot,89af8855d5b4,agents/deepagents_content_builder/Dockerfile,,,1,,uv sync with lock agents/deepagents_content_builder/uv.lock,may re-lock,script,,,,,,,agents/deepagents_content_builder/uv.lock,yes,,,uv,T::uv sync with lock agents/deepagents_content_builder/uv.lock,script server not in the repository (not copied)
P186-s4-0,P186,snapshot,89af8855d5b4,agents/form/Dockerfile,,,1,,uv sync with lock agents/form/uv.lock,may re-lock,script,,,,,,,agents/form/uv.lock,yes,,,uv,T::uv sync with lock agents/form/uv.lock,script server not in the repository (not copied)
P186-s5-0,P186,snapshot,89af8855d5b4,agents/langgraph-reflection/Dockerfile,,,1,,uv sync with lock agents/langgraph-reflection/uv.lock,may re-lock,script,,,,,,,agents/langgraph-reflection/uv.lock,yes,,,uv,T::uv sync with lock agents/langgraph-reflection/uv.lock,script server not in the repository (not copied)
P186-s6-0,P186,snapshot,89af8855d5b4,agents/rag/Dockerfile,,,1,,uv sync with lock agents/rag/uv.lock,may re-lock,script,,,,,,,agents/rag/uv.lock,yes,,,uv,T::uv sync with lock agents/rag/uv.lock,script server not in the repository (not copied)
P186-s7-0,P186,snapshot,89af8855d5b4,apps/agentstack-server/Dockerfile,,apps/agentstack-server,6,external,"the install reads dist/, an artefact built outside the recipe (not in the tree at this commit)",,writer,wheel /dist/*.tar.gz of unknown origin,,,,,,,no,,,wheel would,und::would not build || judge::wheel /dist/*.tar.gz of unknown origin,
P186-s8-0,P186,snapshot,89af8855d5b4,apps/agentstack-ui/Dockerfile,,,5,no Python install,,,script,,,,,,,,no,,,,,
P186-s9-0,P186,snapshot,89af8855d5b4,apps/beeai-web/Dockerfile,,,5,no Python install,,,script,,,,,,,,no,,,,,
P186-s10-0,P186,snapshot,89af8855d5b4,apps/keycloak-theme/Dockerfile,,apps/keycloak-theme,5,no Python install,,,script,,,,,,,,no,,,,,script kc.sh not in the repository (not copied); script kc.sh not in the repository (not copied)
P186-s11-0,P186,snapshot,89af8855d5b4,apps/supergateway/Dockerfile,,apps/supergateway,5,no Python install,,,script,,,,,,,,no,,,,,
P187-s1-0,P187,snapshot,79c786049d39,agents/canvas/Dockerfile,,,1,,uv sync with lock agents/canvas/uv.lock,may re-lock,script,,,,,,,agents/canvas/uv.lock,yes,,,uv,T::uv sync with lock agents/canvas/uv.lock,script server not in the repository (not copied)
P187-s2-0,P187,snapshot,79c786049d39,agents/chat/Dockerfile,,,1,,uv sync with lock agents/chat/uv.lock,may re-lock,script,,,,,,,agents/chat/uv.lock,yes,,,uv,T::uv sync with lock agents/chat/uv.lock,script server not in the repository (not copied)
P187-s3-0,P187,snapshot,79c786049d39,agents/deepagents_content_builder/Dockerfile,,,1,,uv sync with lock agents/deepagents_content_builder/uv.lock,may re-lock,script,,,,,,,agents/deepagents_content_builder/uv.lock,yes,,,uv,T::uv sync with lock agents/deepagents_content_builder/uv.lock,script server not in the repository (not copied)
P187-s4-0,P187,snapshot,79c786049d39,agents/form/Dockerfile,,,1,,uv sync with lock agents/form/uv.lock,may re-lock,script,,,,,,,agents/form/uv.lock,yes,,,uv,T::uv sync with lock agents/form/uv.lock,script server not in the repository (not copied)
P187-s5-0,P187,snapshot,79c786049d39,agents/langgraph-reflection/Dockerfile,,,1,,uv sync with lock agents/langgraph-reflection/uv.lock,may re-lock,script,,,,,,,agents/langgraph-reflection/uv.lock,yes,,,uv,T::uv sync with lock agents/langgraph-reflection/uv.lock,script server not in the repository (not copied)
P187-s6-0,P187,snapshot,79c786049d39,agents/rag/Dockerfile,,,1,,uv sync with lock agents/rag/uv.lock,may re-lock,script,,,,,,,agents/rag/uv.lock,yes,,,uv,T::uv sync with lock agents/rag/uv.lock,script server not in the repository (not copied)
P187-s7-0,P187,snapshot,79c786049d39,apps/agentstack-server/Dockerfile,,apps/agentstack-server,6,external,"the install reads dist/, an artefact built outside the recipe (not in the tree at this commit)",,writer,wheel /dist/*.tar.gz of unknown origin,,,,,,,no,,,wheel would,und::would not build || judge::wheel /dist/*.tar.gz of unknown origin,
P187-s8-0,P187,snapshot,79c786049d39,apps/agentstack-ui/Dockerfile,,,5,no Python install,,,script,,,,,,,,no,,,,,
P187-s9-0,P187,snapshot,79c786049d39,apps/beeai-web/Dockerfile,,,5,no Python install,,,script,,,,,,,,no,,,,,
P187-s10-0,P187,snapshot,79c786049d39,apps/keycloak-theme/Dockerfile,,apps/keycloak-theme,5,no Python install,,,script,,,,,,,,no,,,,,script kc.sh not in the repository (not copied); script kc.sh not in the repository (not copied)
P187-s11-0,P187,snapshot,79c786049d39,apps/supergateway/Dockerfile,,apps/supergateway,5,no Python install,,,script,,,,,,,,no,,,,,
P184-h1-0,P184,head,79c786049d39,agents/canvas/Dockerfile,,,1,,uv sync with lock agents/canvas/uv.lock,may re-lock,script,,,,,,,agents/canvas/uv.lock,yes,,,uv,T::uv sync with lock agents/canvas/uv.lock,script server not in the repository (not copied)
P185-h1-0,P185,head,79c786049d39,agents/canvas/Dockerfile,,,1,,uv sync with lock agents/canvas/uv.lock,may re-lock,script,,,,,,,agents/canvas/uv.lock,yes,,,uv,T::uv sync with lock agents/canvas/uv.lock,script server not in the repository (not copied)
P186-h1-0,P186,head,79c786049d39,agents/canvas/Dockerfile,,,1,,uv sync with lock agents/canvas/uv.lock,may re-lock,script,,,,,,,agents/canvas/uv.lock,yes,,,uv,T::uv sync with lock agents/canvas/uv.lock,script server not in the repository (not copied)
P187-h1-0,P187,head,79c786049d39,agents/canvas/Dockerfile,,,1,,uv sync with lock agents/canvas/uv.lock,may re-lock,script,,,,,,,agents/canvas/uv.lock,yes,,,uv,T::uv sync with lock agents/canvas/uv.lock,script server not in the repository (not copied)
P184-h2-0,P184,head,79c786049d39,agents/chat/Dockerfile,,,1,,uv sync with lock agents/chat/uv.lock,may re-lock,script,,,,,,,agents/chat/uv.lock,yes,,,uv,T::uv sync with lock agents/chat/uv.lock,script server not in the repository (not copied)
P185-h2-0,P185,head,79c786049d39,agents/chat/Dockerfile,,,1,,uv sync with lock agents/chat/uv.lock,may re-lock,script,,,,,,,agents/chat/uv.lock,yes,,,uv,T::uv sync with lock agents/chat/uv.lock,script server not in the repository (not copied)
P186-h2-0,P186,head,79c786049d39,agents/chat/Dockerfile,,,1,,uv sync with lock agents/chat/uv.lock,may re-lock,script,,,,,,,agents/chat/uv.lock,yes,,,uv,T::uv sync with lock agents/chat/uv.lock,script server not in the repository (not copied)
P187-h2-0,P187,head,79c786049d39,agents/chat/Dockerfile,,,1,,uv sync with lock agents/chat/uv.lock,may re-lock,script,,,,,,,agents/chat/uv.lock,yes,,,uv,T::uv sync with lock agents/chat/uv.lock,script server not in the repository (not copied)
P184-h3-0,P184,head,79c786049d39,agents/deepagents_content_builder/Dockerfile,,,4,,uv sync lock agents/deepagents_content_builder/uv.lock not in T locks L,,script,,,,,,46.0.5,,no,,,uv,other_pin::uv sync lock agents/deepagents_content_builder/uv.lock not in T locks L,script server not in the repository (not copied)
P185-h3-0,P185,head,79c786049d39,agents/deepagents_content_builder/Dockerfile,,,4,,uv sync lock agents/deepagents_content_builder/uv.lock not in T locks L,,script,,,,,,2.11.0,,no,,,uv,other_pin::uv sync lock agents/deepagents_content_builder/uv.lock not in T locks L,script server not in the repository (not copied)
P186-h3-0,P186,head,79c786049d39,agents/deepagents_content_builder/Dockerfile,,,1,,uv sync with lock agents/deepagents_content_builder/uv.lock,may re-lock,script,,,,,,,agents/deepagents_content_builder/uv.lock,yes,,,uv,T::uv sync with lock agents/deepagents_content_builder/uv.lock,script server not in the repository (not copied)
P187-h3-0,P187,head,79c786049d39,agents/deepagents_content_builder/Dockerfile,,,1,,uv sync with lock agents/deepagents_content_builder/uv.lock,may re-lock,script,,,,,,,agents/deepagents_content_builder/uv.lock,yes,,,uv,T::uv sync with lock agents/deepagents_content_builder/uv.lock,script server not in the repository (not copied)
P184-h4-0,P184,head,79c786049d39,agents/form/Dockerfile,,,1,,uv sync with lock agents/form/uv.lock,may re-lock,script,,,,,,,agents/form/uv.lock,yes,,,uv,T::uv sync with lock agents/form/uv.lock,script server not in the repository (not copied)
P185-h4-0,P185,head,79c786049d39,agents/form/Dockerfile,,,1,,uv sync with lock agents/form/uv.lock,may re-lock,script,,,,,,,agents/form/uv.lock,yes,,,uv,T::uv sync with lock agents/form/uv.lock,script server not in the repository (not copied)
P186-h4-0,P186,head,79c786049d39,agents/form/Dockerfile,,,1,,uv sync with lock agents/form/uv.lock,may re-lock,script,,,,,,,agents/form/uv.lock,yes,,,uv,T::uv sync with lock agents/form/uv.lock,script server not in the repository (not copied)
P187-h4-0,P187,head,79c786049d39,agents/form/Dockerfile,,,1,,uv sync with lock agents/form/uv.lock,may re-lock,script,,,,,,,agents/form/uv.lock,yes,,,uv,T::uv sync with lock agents/form/uv.lock,script server not in the repository (not copied)
P184-h5-0,P184,head,79c786049d39,agents/langgraph-reflection/Dockerfile,,,4,,uv sync lock agents/langgraph-reflection/uv.lock not in T locks L,,script,,,,,,46.0.5,,no,,,uv,other_pin::uv sync lock agents/langgraph-reflection/uv.lock not in T locks L,script server not in the repository (not copied)
P185-h5-0,P185,head,79c786049d39,agents/langgraph-reflection/Dockerfile,,,4,,uv sync lock agents/langgraph-reflection/uv.lock not in T locks L,,script,,,,,,2.11.0,,no,,,uv,other_pin::uv sync lock agents/langgraph-reflection/uv.lock not in T locks L,script server not in the repository (not copied)
P186-h5-0,P186,head,79c786049d39,agents/langgraph-reflection/Dockerfile,,,1,,uv sync with lock agents/langgraph-reflection/uv.lock,may re-lock,script,,,,,,,agents/langgraph-reflection/uv.lock,yes,,,uv,T::uv sync with lock agents/langgraph-reflection/uv.lock,script server not in the repository (not copied)
P187-h5-0,P187,head,79c786049d39,agents/langgraph-reflection/Dockerfile,,,1,,uv sync with lock agents/langgraph-reflection/uv.lock,may re-lock,script,,,,,,,agents/langgraph-reflection/uv.lock,yes,,,uv,T::uv sync with lock agents/langgraph-reflection/uv.lock,script server not in the repository (not copied)
P184-h6-0,P184,head,79c786049d39,agents/rag/Dockerfile,,,1,,uv sync with lock agents/rag/uv.lock,may re-lock,script,,,,,,,agents/rag/uv.lock,yes,,,uv,T::uv sync with lock agents/rag/uv.lock,script server not in the repository (not copied)
P185-h6-0,P185,head,79c786049d39,agents/rag/Dockerfile,,,1,,uv sync with lock agents/rag/uv.lock,may re-lock,script,,,,,,,agents/rag/uv.lock,yes,,,uv,T::uv sync with lock agents/rag/uv.lock,script server not in the repository (not copied)
P186-h6-0,P186,head,79c786049d39,agents/rag/Dockerfile,,,1,,uv sync with lock agents/rag/uv.lock,may re-lock,script,,,,,,,agents/rag/uv.lock,yes,,,uv,T::uv sync with lock agents/rag/uv.lock,script server not in the repository (not copied)
P187-h6-0,P187,head,79c786049d39,agents/rag/Dockerfile,,,1,,uv sync with lock agents/rag/uv.lock,may re-lock,script,,,,,,,agents/rag/uv.lock,yes,,,uv,T::uv sync with lock agents/rag/uv.lock,script server not in the repository (not copied)
P184-h7-0,P184,head,79c786049d39,apps/agentstack-server/Dockerfile,,apps/agentstack-server,6,external,"the install reads dist/, an artefact built outside the recipe (not in the tree at this commit)",,writer,wheel /dist/*.tar.gz of unknown origin,,,,,,,no,,,wheel would,und::would not build || judge::wheel /dist/*.tar.gz of unknown origin,
P185-h7-0,P185,head,79c786049d39,apps/agentstack-server/Dockerfile,,apps/agentstack-server,6,external,"the install reads dist/, an artefact built outside the recipe (not in the tree at this commit)",,writer,wheel /dist/*.tar.gz of unknown origin,,,,,,,no,,,wheel would,und::would not build || judge::wheel /dist/*.tar.gz of unknown origin,
P186-h7-0,P186,head,79c786049d39,apps/agentstack-server/Dockerfile,,apps/agentstack-server,6,external,"the install reads dist/, an artefact built outside the recipe (not in the tree at this commit)",,writer,wheel /dist/*.tar.gz of unknown origin,,,,,,,no,,,wheel would,und::would not build || judge::wheel /dist/*.tar.gz of unknown origin,
P187-h7-0,P187,head,79c786049d39,apps/agentstack-server/Dockerfile,,apps/agentstack-server,6,external,"the install reads dist/, an artefact built outside the recipe (not in the tree at this commit)",,writer,wheel /dist/*.tar.gz of unknown origin,,,,,,,no,,,wheel would,und::would not build || judge::wheel /dist/*.tar.gz of unknown origin,
P184-h8-0,P184,head,79c786049d39,apps/agentstack-ui/Dockerfile,,,5,no Python install,,,script,,,,,,,,no,,,,,
P185-h8-0,P185,head,79c786049d39,apps/agentstack-ui/Dockerfile,,,5,no Python install,,,script,,,,,,,,no,,,,,
P186-h8-0,P186,head,79c786049d39,apps/agentstack-ui/Dockerfile,,,5,no Python install,,,script,,,,,,,,no,,,,,
P187-h8-0,P187,head,79c786049d39,apps/agentstack-ui/Dockerfile,,,5,no Python install,,,script,,,,,,,,no,,,,,
P184-h9-0,P184,head,79c786049d39,apps/beeai-web/Dockerfile,,,5,no Python install,,,script,,,,,,,,no,,,,,
P185-h9-0,P185,head,79c786049d39,apps/beeai-web/Dockerfile,,,5,no Python install,,,script,,,,,,,,no,,,,,
P186-h9-0,P186,head,79c786049d39,apps/beeai-web/Dockerfile,,,5,no Python install,,,script,,,,,,,,no,,,,,
P187-h9-0,P187,head,79c786049d39,apps/beeai-web/Dockerfile,,,5,no Python install,,,script,,,,,,,,no,,,,,
P184-h10-0,P184,head,79c786049d39,apps/keycloak-theme/Dockerfile,,apps/keycloak-theme,5,no Python install,,,script,,,,,,,,no,,,,,script kc.sh not in the repository (not copied); script kc.sh not in the repository (not copied)
P185-h10-0,P185,head,79c786049d39,apps/keycloak-theme/Dockerfile,,apps/keycloak-theme,5,no Python install,,,script,,,,,,,,no,,,,,script kc.sh not in the repository (not copied); script kc.sh not in the repository (not copied)
P186-h10-0,P186,head,79c786049d39,apps/keycloak-theme/Dockerfile,,apps/keycloak-theme,5,no Python install,,,script,,,,,,,,no,,,,,script kc.sh not in the repository (not copied); script kc.sh not in the repository (not copied)
P187-h10-0,P187,head,79c786049d39,apps/keycloak-theme/Dockerfile,,apps/keycloak-theme,5,no Python install,,,script,,,,,,,,no,,,,,script kc.sh not in the repository (not copied); script kc.sh not in the repository (not copied)
P184-h11-0,P184,head,79c786049d39,apps/supergateway/Dockerfile,,apps/supergateway,5,no Python install,,,script,,,,,,,,no,,,,,
P185-h11-0,P185,head,79c786049d39,apps/supergateway/Dockerfile,,apps/supergateway,5,no Python install,,,script,,,,,,,,no,,,,,
P186-h11-0,P186,head,79c786049d39,apps/supergateway/Dockerfile,,apps/supergateway,5,no Python install,,,script,,,,,,,,no,,,,,
P187-h11-0,P187,head,79c786049d39,apps/supergateway/Dockerfile,,apps/supergateway,5,no Python install,,,script,,,,,,,,no,,,,,
P188-s1-0,P188,snapshot,7edb8ec3e4f3,src/guardx/containers/Dockerfile.analysis,,src/guardx/containers,5,other named packages only,,,script,,,,,,,,no,,,,others::named package bandit || others::named package detect-secrets || others::named package ruff,
P188-s2-0,P188,snapshot,7edb8ec3e4f3,src/guardx/containers/Dockerfile.sandbox,,src/guardx/containers,5,other named packages only,,,script,,,,,,,,no,,,,others::named package npyfile || others::named package netcdf4 || others::named package pandas || others::named package cartopy || others::named package statistics || others::named package yfinance || others::named package keras || others::named package seaborn || others::named package geopandas || others::named package statsmodels || others::named package dates || others::named package scikit-learn || others::named package matplotlib || others::named package pytz || others::named package scipy || others::named package cycler || others::named package openweathermap || others::named package num,
P188-s3-0,P188,snapshot,7edb8ec3e4f3,src/guardx/containers/Dockerfile.specialization,,,6,would not build,same class in every candidate context,,script,,,,,,,,,,,,,
P188-h1-0,P188,head,450811b28ade,src/guardx/containers/Dockerfile.analysis,,src/guardx/containers,5,other named packages only,,,script,,,,,,,,no,,,,others::named package bandit || others::named package detect-secrets || others::named package ruff,
P188-h2-0,P188,head,450811b28ade,src/guardx/containers/Dockerfile.sandbox,,src/guardx/containers,5,other named packages only,,,script,,,,,,,,no,,,,others::named package npyfile || others::named package netcdf4 || others::named package pandas || others::named package cartopy || others::named package statistics || others::named package yfinance || others::named package keras || others::named package seaborn || others::named package geopandas || others::named package statsmodels || others::named package dates || others::named package scikit-learn || others::named package matplotlib || others::named package pytz || others::named package scipy || others::named package cycler || others::named package openweathermap || others::named package num,
P188-h3-0,P188,head,450811b28ade,src/guardx/containers/Dockerfile.specialization,,,6,would not build,same class in every candidate context,,script,,,,,,,,,,,,,
P190-s1-0,P190,snapshot,99f55277a5c6,Dockerfile,,,6,would not build,"setup.py opens ./pyproject.toml, which the build does not place beside it in /tmp; the project install would fail",,writer,manifest names T file pyproject.toml (read pattern yes; T file available no),yes,any,,,,,no,,,L manifest,fresh:upgrade:L inline  || others::named package pillow || others::named package pandas || others::named package anonympy || others::named package dask || others::named package cape-privacy || others::named package toml || judge::manifest names T file pyproject.toml (read pattern yes; T file available no),
P190-h1-0,P190,head,99f55277a5c6,Dockerfile,,,6,would not build,"setup.py opens ./pyproject.toml, which the build does not place beside it in /tmp; the project install would fail",,writer,manifest names T file pyproject.toml (read pattern yes; T file available no),yes,any,,,,,no,,,L manifest,fresh:upgrade:L inline  || others::named package pillow || others::named package pandas || others::named package anonympy || others::named package dask || others::named package cape-privacy || others::named package toml || judge::manifest names T file pyproject.toml (read pattern yes; T file available no),
P197-s1-0,P197,snapshot,b0fe8a249769,docker/dev/certificates/Dockerfile,,,1,,-r teraserver/python/env/requirements.txt,,script,,,,,,,teraserver/python/env/requirements.txt,no,,,-r,T::-r teraserver/python/env/requirements.txt,
P197-s2-0,P197,snapshot,b0fe8a249769,docker/dev/teraserver/Dockerfile,,,1,,-r teraserver/python/env/requirements.txt,,script,,,,,,,teraserver/python/env/requirements.txt,no,,,-r,T::-r teraserver/python/env/requirements.txt,script nodesource_setup.sh not in the repository (not copied); script Makefile not in the repository (not copied)
P197-s3-0,P197,snapshot,b0fe8a249769,docker/prod/teraserver/Dockerfile,,docker/prod,5,no Python install,,,script,,,,,,,,no,,,,,script Miniconda3-latest-Linux-x86_64.sh not in the repository (not copied); script nodesource_setup.sh not in the repository (not copied); script Makefile not in the repository (not copied)
P197-h1-0,P197,head,fba79c77ad0b,docker/dev/certificates/Dockerfile,,,1,,-r teraserver/python/env/requirements.txt,,script,,,,,,,teraserver/python/env/requirements.txt,no,,,-r,T::-r teraserver/python/env/requirements.txt,
P197-h2-0,P197,head,fba79c77ad0b,docker/dev/teraserver/Dockerfile,,,1,,-r teraserver/python/env/requirements.txt,,script,,,,,,,teraserver/python/env/requirements.txt,no,,,-r,T::-r teraserver/python/env/requirements.txt,script nodesource_setup.sh not in the repository (not copied); script Makefile not in the repository (not copied)
P197-h3-0,P197,head,fba79c77ad0b,docker/prod/teraserver/Dockerfile,,docker/prod,5,no Python install,,,script,,,,,,,,no,,,,,script Miniconda3-latest-Linux-x86_64.sh not in the repository (not copied); script nodesource_setup.sh not in the repository (not copied); script Makefile not in the repository (not copied)
P199-s1-0,P199,snapshot,74c1a9b30f32,Dockerfile.server,,,1,,project . with manifest in T,,script,,,,,,,pyproject.toml,no,,,project,T::project . with manifest in T,script env not in the repository (not copied)
P199-s2-0,P199,snapshot,74c1a9b30f32,certstrap/Dockerfile,,certstrap,5,no Python install,,,script,,,,,,,,no,,,,,
P200-s1-0,P200,snapshot,573f533e04fd,Dockerfile.server,,,1,,project . with manifest in T,,script,,,,,,,pyproject.toml,no,,,project,T::project . with manifest in T,script env not in the repository (not copied)
P200-s2-0,P200,snapshot,573f533e04fd,certstrap/Dockerfile,,certstrap,5,no Python install,,,script,,,,,,,,no,,,,,
P199-h1-0,P199,head,e23408b14ffb,Dockerfile.server,,,1,,project . with manifest in T,,script,,,,,,,pyproject.toml,no,,,project,T::project . with manifest in T,script env not in the repository (not copied)
P200-h1-0,P200,head,e23408b14ffb,Dockerfile.server,,,1,,project . with manifest in T,,script,,,,,,,pyproject.toml,no,,,project,T::project . with manifest in T,script env not in the repository (not copied)
P199-h2-0,P199,head,e23408b14ffb,certstrap/Dockerfile,,certstrap,5,no Python install,,,script,,,,,,,,no,,,,,
P200-h2-0,P200,head,e23408b14ffb,certstrap/Dockerfile,,certstrap,5,no Python install,,,script,,,,,,,,no,,,,,
P203-s1-0,P203,snapshot,8e1edf9794a4,Dockerfile,,,1,,"uv sync --frozen from uv.lock (T), checked out in the build from the repository's own .git copied from the context",at start,writer,uv run without uv.lock or manifest at /app,,,,,,,yes,,,uv would,und::would not build || und::would not build || others::named package linkml || others::named package linkml-runtime || judge::uv run without uv.lock or manifest at /app || judge::uv run without uv.lock or manifest at /app,
P203-s1-1,P203,snapshot,8e1edf9794a4,Dockerfile,,,1,,"uv sync --frozen from uv.lock (T), checked out in the build from the repository's own .git copied from the context",at start,writer,uv run without uv.lock or manifest at /app,,,,,,,yes,,,uv would,und::would not build || und::would not build || others::named package linkml || others::named package linkml-runtime || judge::uv run without uv.lock or manifest at /app || judge::uv run without uv.lock or manifest at /app,
P203-s1-2,P203,snapshot,8e1edf9794a4,Dockerfile,,,1,,"uv sync --frozen from uv.lock (T), checked out in the build from the repository's own .git copied from the context",at start,writer,uv run without uv.lock or manifest at /app,,,,,,,yes,,,uv would,und::would not build || und::would not build || others::named package linkml || others::named package linkml-runtime || judge::uv run without uv.lock or manifest at /app || judge::uv run without uv.lock or manifest at /app,
P203-h1-0,P203,head,b0d769b1f534,Dockerfile,,,1,,"uv sync --frozen from uv.lock (T), checked out in the build from the repository's own .git copied from the context",at start,writer,uv run without uv.lock or manifest at /app,,,,,,,yes,,,uv would,und::would not build || und::would not build || others::named package linkml || others::named package linkml-runtime || judge::uv run without uv.lock or manifest at /app || judge::uv run without uv.lock or manifest at /app,
P203-h1-1,P203,head,b0d769b1f534,Dockerfile,,,1,,"uv sync --frozen from uv.lock (T), checked out in the build from the repository's own .git copied from the context",at start,writer,uv run without uv.lock or manifest at /app,,,,,,,yes,,,uv would,und::would not build || und::would not build || others::named package linkml || others::named package linkml-runtime || judge::uv run without uv.lock or manifest at /app || judge::uv run without uv.lock or manifest at /app,
P203-h1-2,P203,head,b0d769b1f534,Dockerfile,,,1,,"uv sync --frozen from uv.lock (T), checked out in the build from the repository's own .git copied from the context",at start,writer,uv run without uv.lock or manifest at /app,,,,,,,yes,,,uv would,und::would not build || und::would not build || others::named package linkml || others::named package linkml-runtime || judge::uv run without uv.lock or manifest at /app || judge::uv run without uv.lock or manifest at /app,
P205-s1-0,P205,snapshot,80b0fdd2a0d7,deployment/Dockerfile,,,1,,uv sync with lock uv.lock,,script,,,,,,,uv.lock,yes,,,uv,T::uv sync with lock uv.lock || T::uv sync with lock uv.lock,
P205-h1-0,P205,head,bebedf45a2a8,deployment/Dockerfile,,,1,,uv sync with lock uv.lock,,script,,,,,,,uv.lock,yes,,,uv,T::uv sync with lock uv.lock || T::uv sync with lock uv.lock,
P206-s1-0,P206,snapshot,f2bac787c683,docker/Dockerfile,,,1,,"the manifest takes its dependencies from requirements-dev.txt (T), which is in the build; installing the project takes L from it",,writer,manifest names T file requirements-dev.txt (read pattern yes; T file available yes),,,,,,,yes,,,manifest,others::named package pip || others::named package setuptools || others::named package wheel || others::named package liboqs-python from a URL || judge::manifest names T file requirements-dev.txt (read pattern yes; T file available y,
P206-s1-1,P206,snapshot,f2bac787c683,docker/Dockerfile,runtime,,1,,"the manifest takes its dependencies from requirements-dev.txt (T), which is in the build; installing the project takes L from it",,writer,manifest names T file requirements-dev.txt (read pattern yes; T file available yes),,,,,,,yes,,,manifest,others::named package pip || others::named package setuptools || others::named package wheel || others::named package liboqs-python from a URL || judge::manifest names T file requirements-dev.txt (read pattern yes; T file available y,
P206-h1-0,P206,head,db152bd53735,docker/Dockerfile,,,1,,"the manifest takes its dependencies from requirements-dev.txt (T), which is in the build; installing the project takes L from it",,writer,manifest names T file requirements-dev.txt (read pattern yes; T file available yes),,,,,,,yes,,,manifest,others::named package pip || others::named package setuptools || others::named package wheel || others::named package liboqs-python from a URL || judge::manifest names T file requirements-dev.txt (read pattern yes; T file available y,
P206-h1-1,P206,head,db152bd53735,docker/Dockerfile,runtime,,1,,"the manifest takes its dependencies from requirements-dev.txt (T), which is in the build; installing the project takes L from it",,writer,manifest names T file requirements-dev.txt (read pattern yes; T file available yes),,,,,,,yes,,,manifest,others::named package pip || others::named package setuptools || others::named package wheel || others::named package liboqs-python from a URL || judge::manifest names T file requirements-dev.txt (read pattern yes; T file available y,
P208-s1-0,P208,snapshot,2fb1d0921646,Dockerfile,,,2,other file,requirements.txt,,script,,yes,>=3.8.0,,,,,no,,,requirements.txt,others::named package pip || fresh:other file:requirements.txt,
P208-h1-0,P208,head,e52c99944086,Dockerfile,,,2,other file,requirements.txt,,script,,yes,>=3.8.0,,,,,no,,,requirements.txt,others::named package pip || fresh:other file:requirements.txt,
P209-s1-0,P209,snapshot,ba37d2410c72,Dockerfile,,,1,,project . with manifest in T,,script,,,,,,,pyproject.toml,no,,,project,others::named package pip || T::project . with manifest in T,
P209-h1-0,P209,head,ba37d2410c72,Dockerfile,,,1,,project . with manifest in T,,script,,,,,,,pyproject.toml,no,,,project,others::named package pip || T::project . with manifest in T,
P211-h1-0,P211,head,4cf55fd3a2cc,Dockerfile,,,2,other file,project . (pyproject.toml not in T),,script,,yes,"<1.82.7,>=1.30.0",,,,,no,,,project,fresh:other file:project . (pyproject.toml not in T),
P213-s1-0,P213,snapshot,048f6503722b,Dockerfile,,,1,,project . with manifest in T,,script,,no,,,,,setup.py,no,,,-r project requirements-e2e.txt,others::named package pip || others::named package setuptools || others::named package wheel || T::-r requirements.txt || fresh:other file:requirements-e2e.txt || T::project . with manifest in T,
P214-s1-0,P214,snapshot,28790bc80583,Dockerfile,,,1,,project .[e2e] with manifest in T,,script,,,,,,,pyproject.toml,no,,,project,others::named package pip || others::named package setuptools || others::named package wheel || T::project .[e2e] with manifest in T,
P213-h1-0,P213,head,070495f007c9,Dockerfile,,,1,,project .[e2e] with manifest in T,,script,,,,,,,setup.py,no,,,project,others::named package pip || others::named package setuptools || others::named package wheel || T::project .[e2e] with manifest in T,
P214-h1-0,P214,head,070495f007c9,Dockerfile,,,1,,project .[e2e] with manifest in T,,script,,,,,,,pyproject.toml,no,,,project,others::named package pip || others::named package setuptools || others::named package wheel || T::project .[e2e] with manifest in T,
P215-s1-0,P215,snapshot,d0bb499de0b3,Dockerfile,,,1,,project /tmp/docassemble/docassemble_webapp with manifest in T,,script,,no,,,,,docassemble_webapp/pyproject.toml,no,,,L project,others::named package unoconv || others::named package pip || others::named package wheel || others::named package mod-wsgi || others::named package acme || others::named package certbot || others::named package certbot-apache || others::named package certbot-nginx || others::named package certifi || others::named package cffi || others::named package charset-normalizer || others::named package click || others::named package configargparse || others::named package configobj || judge::L named inline with one version (==46.0.3) || others::named package distro || others::named package idna || oth,script supervisord not in the repository (not copied)
P216-s1-0,P216,snapshot,6c49df31b85d,Dockerfile,,,1,,project /tmp/docassemble/docassemble_webapp with manifest in T,,script,,no,,,,,docassemble_webapp/pyproject.toml,no,,,project,others::named package unoconv || others::named package pip || others::named package wheel || others::named package mod-wsgi || others::named package acme || others::named package certbot || others::named package certbot-apache || others::named package certbot-nginx || others::named package certifi || others::named package cffi || others::named package charset-normalizer || others::named package click || others::named package configargparse || others::named package configobj || others::named package cryptography || others::named package distro || others::named package idna || others::named pack,script supervisord not in the repository (not copied)
P217-s1-0,P217,snapshot,c3966b707efa,Dockerfile,,,1,,project /tmp/docassemble/docassemble_webapp with manifest in T,,script,,no,,,,,docassemble_webapp/pyproject.toml,no,,,L project,others::named package unoconv || others::named package pip || others::named package wheel || others::named package mod-wsgi || others::named package acme || others::named package certbot || others::named package certbot-apache || others::named package certbot-nginx || others::named package certifi || others::named package cffi || others::named package charset-normalizer || others::named package click || others::named package configargparse || others::named package configobj || others::named package cryptography || others::named package distro || others::named package idna || others::named pack,script supervisord not in the repository (not copied)
P218-s1-0,P218,snapshot,c3966b707efa,Dockerfile,,,1,,project /tmp/docassemble/docassemble_webapp with manifest in T,,script,,no,,,,,docassemble_webapp/pyproject.toml,no,,,project,others::named package unoconv || others::named package pip || others::named package wheel || others::named package mod-wsgi || others::named package acme || others::named package certbot || others::named package certbot-apache || others::named package certbot-nginx || others::named package certifi || others::named package cffi || others::named package charset-normalizer || others::named package click || others::named package configargparse || others::named package configobj || others::named package cryptography || others::named package distro || others::named package idna || others::named pack,script supervisord not in the repository (not copied)
P219-s1-0,P219,snapshot,b5d18f160e09,Dockerfile,,,1,,project /tmp/docassemble/docassemble_webapp with manifest in T,,script,,no,,,,,docassemble_webapp/pyproject.toml,no,,,L project,others::named package unoconv || others::named package pip || others::named package wheel || others::named package mod-wsgi || others::named package acme || others::named package certbot || others::named package certbot-apache || others::named package certbot-nginx || others::named package certifi || others::named package cffi || others::named package charset-normalizer || others::named package click || others::named package configargparse || others::named package configobj || judge::L named inline with one version (==46.0.5) || others::named package distro || others::named package idna || oth,script supervisord not in the repository (not copied)
P220-s1-0,P220,snapshot,21596b0b6136,Dockerfile,,,1,,project /tmp/docassemble/docassemble_webapp with manifest in T,,script,,no,,,,,docassemble_webapp/pyproject.toml,no,,,project,others::named package unoconv || others::named package pip || others::named package wheel || others::named package mod-wsgi || others::named package acme || others::named package certbot || others::named package certbot-apache || others::named package certbot-nginx || others::named package certifi || others::named package cffi || others::named package charset-normalizer || others::named package click || others::named package configargparse || others::named package configobj || others::named package cryptography || others::named package distro || others::named package idna || others::named pack,script supervisord not in the repository (not copied)
P221-s1-0,P221,snapshot,e71c93989a87,Dockerfile,,,1,,project /tmp/docassemble/docassemble_webapp with manifest in T,,script,,no,,,,,docassemble_webapp/pyproject.toml,no,,,project,"others::named package unoconv || others::named package pip || others::named package mod-wsgi || others::named package certbot || others::named package certbot-apache || others::named package certbot-nginx || others::named package minio || others::named package uwsgi || T::project /tmp/docassemble/docassemble_base with manifest in T || fresh:other file:project /tmp/docassemble/docassemble_demo (pyproject.toml,setup.cfg not in T) || T::project /tmp/docassemble/docassemble_webapp with manifest in T",script supervisord not in the repository (not copied)
P222-s1-0,P222,snapshot,d6d6c5812117,Dockerfile,,,1,,project /tmp/docassemble/docassemble_webapp with manifest in T,,script,,no,,,,,docassemble_webapp/pyproject.toml,no,,,project,"others::named package unoserver || others::named package pip || others::named package mod-wsgi || others::named package certbot || others::named package certbot-apache || others::named package certbot-nginx || others::named package minio || others::named package uwsgi || T::project /tmp/docassemble/docassemble_base with manifest in T || fresh:other file:project /tmp/docassemble/docassemble_demo (pyproject.toml,setup.cfg not in T) || T::project /tmp/docassemble/docassemble_webapp with manifest in T",script supervisord not in the repository (not copied)
P223-s1-0,P223,snapshot,186e8e7a8b2d,Dockerfile,,,1,,project /tmp/docassemble/docassemble_webapp with manifest in T,,script,,no,,,,,docassemble_webapp/pyproject.toml,no,,,project,"others::named package unoserver || others::named package pip || others::named package mod-wsgi || others::named package certbot || others::named package certbot-apache || others::named package certbot-nginx || others::named package minio || others::named package uwsgi || T::project /tmp/docassemble/docassemble_base with manifest in T || fresh:other file:project /tmp/docassemble/docassemble_demo (pyproject.toml,setup.cfg not in T) || T::project /tmp/docassemble/docassemble_webapp with manifest in T",script supervisord not in the repository (not copied)
P224-s1-0,P224,snapshot,758d143b3dde,Dockerfile,,,1,,project /tmp/docassemble/docassemble_webapp with manifest in T,,script,,no,,,,,docassemble_webapp/pyproject.toml,no,,,project,"others::named package unoserver || others::named package pip || others::named package mod-wsgi || others::named package certbot || others::named package certbot-apache || others::named package certbot-nginx || others::named package minio || others::named package uwsgi || T::project /tmp/docassemble/docassemble_base with manifest in T || fresh:other file:project /tmp/docassemble/docassemble_demo (pyproject.toml,setup.cfg not in T) || T::project /tmp/docassemble/docassemble_webapp with manifest in T",script supervisord not in the repository (not copied)
P215-h1-0,P215,head,8c467fa9a88c,Dockerfile,,,1,,project /tmp/build_webapp with manifest in T,,script,,no,,,,,docassemble_webapp/pyproject.toml,no,,,project,"T::project /tmp/build_base with manifest in T || fresh:other file:project /tmp/build_demo (pyproject.toml,setup.cfg not in T) || T::project /tmp/build_webapp with manifest in T",script supervisord not in the repository (not copied)
P216-h1-0,P216,head,8c467fa9a88c,Dockerfile,,,1,,project /tmp/build_webapp with manifest in T,,script,,no,,,,,docassemble_webapp/pyproject.toml,no,,,project,"T::project /tmp/build_base with manifest in T || fresh:other file:project /tmp/build_demo (pyproject.toml,setup.cfg not in T) || T::project /tmp/build_webapp with manifest in T",script supervisord not in the repository (not copied)
P217-h1-0,P217,head,8c467fa9a88c,Dockerfile,,,1,,project /tmp/build_webapp with manifest in T,,script,,no,,,,,docassemble_webapp/pyproject.toml,no,,,project,"T::project /tmp/build_base with manifest in T || fresh:other file:project /tmp/build_demo (pyproject.toml,setup.cfg not in T) || T::project /tmp/build_webapp with manifest in T",script supervisord not in the repository (not copied)
P218-h1-0,P218,head,8c467fa9a88c,Dockerfile,,,1,,project /tmp/build_webapp with manifest in T,,script,,no,,,,,docassemble_webapp/pyproject.toml,no,,,project,"fresh:other file:project /tmp/build_base (pyproject.toml,setup.cfg not in T) || fresh:other file:project /tmp/build_demo (pyproject.toml,setup.cfg not in T) || T::project /tmp/build_webapp with manifest in T",script supervisord not in the repository (not copied)
P219-h1-0,P219,head,8c467fa9a88c,Dockerfile,,,1,,project /tmp/build_webapp with manifest in T,,script,,no,,,,,docassemble_webapp/pyproject.toml,no,,,project,"T::project /tmp/build_base with manifest in T || fresh:other file:project /tmp/build_demo (pyproject.toml,setup.cfg not in T) || T::project /tmp/build_webapp with manifest in T",script supervisord not in the repository (not copied)
P220-h1-0,P220,head,8c467fa9a88c,Dockerfile,,,1,,project /tmp/build_webapp with manifest in T,,script,,no,,,,,docassemble_webapp/pyproject.toml,no,,,project,"T::project /tmp/build_base with manifest in T || fresh:other file:project /tmp/build_demo (pyproject.toml,setup.cfg not in T) || T::project /tmp/build_webapp with manifest in T",script supervisord not in the repository (not copied)
P221-h1-0,P221,head,8c467fa9a88c,Dockerfile,,,1,,project /tmp/build_webapp with manifest in T,,script,,no,,,,,docassemble_webapp/pyproject.toml,no,,,project,"T::project /tmp/build_base with manifest in T || fresh:other file:project /tmp/build_demo (pyproject.toml,setup.cfg not in T) || T::project /tmp/build_webapp with manifest in T",script supervisord not in the repository (not copied)
P222-h1-0,P222,head,8c467fa9a88c,Dockerfile,,,1,,project /tmp/build_webapp with manifest in T,,script,,no,,,,,docassemble_webapp/pyproject.toml,no,,,project,"T::project /tmp/build_base with manifest in T || fresh:other file:project /tmp/build_demo (pyproject.toml,setup.cfg not in T) || T::project /tmp/build_webapp with manifest in T",script supervisord not in the repository (not copied)
P223-h1-0,P223,head,8c467fa9a88c,Dockerfile,,,1,,project /tmp/build_webapp with manifest in T,,script,,no,,,,,docassemble_webapp/pyproject.toml,no,,,project,"T::project /tmp/build_base with manifest in T || fresh:other file:project /tmp/build_demo (pyproject.toml,setup.cfg not in T) || T::project /tmp/build_webapp with manifest in T",script supervisord not in the repository (not copied)
P224-h1-0,P224,head,8c467fa9a88c,Dockerfile,,,1,,project /tmp/build_webapp with manifest in T,,script,,no,,,,,docassemble_webapp/pyproject.toml,no,,,project,"T::project /tmp/build_base with manifest in T || fresh:other file:project /tmp/build_demo (pyproject.toml,setup.cfg not in T) || T::project /tmp/build_webapp with manifest in T",script supervisord not in the repository (not copied)
P229-s1-0,P229,snapshot,dbeb74c233d2,Dockerfile,,,1,,uv sync with lock uv.lock,,script,,,,,,,uv.lock,yes,,,uv,T::uv sync with lock uv.lock,
P229-h1-0,P229,head,b468b5461152,Dockerfile,,,1,,uv sync with lock uv.lock,,script,,,,,,,uv.lock,yes,,,uv,T::uv sync with lock uv.lock,
P230-s1-0,P230,snapshot,252e3763b8b1,Dockerfile,,,1,,uv sync with lock uv.lock,,script,,,,,,,uv.lock,yes,,,uv,T::uv sync with lock uv.lock,
P230-h1-0,P230,head,0b2de3f9c083,Dockerfile,,,1,,uv sync with lock uv.lock,,script,,,,,,,uv.lock,yes,,,uv,T::uv sync with lock uv.lock,
P231-s1-0,P231,snapshot,d030bd50b6fe,docker/Dockerfile,,,6,context,classes differ across candidate contexts,,script,,,,,,,,,,,,,
P232-s1-0,P232,snapshot,89e890eaca69,docker/Dockerfile,,,6,context,classes differ across candidate contexts,,script,,,,,,,,,,,,,
P233-s1-0,P233,snapshot,c35568bcc3da,docker/Dockerfile,,,6,context,classes differ across candidate contexts,,script,,,,,,,,,,,,,
P234-s1-0,P234,snapshot,c35568bcc3da,docker/Dockerfile,,,6,context,classes differ across candidate contexts,,script,,,,,,,,,,,,,
P231-h1-0,P231,head,028d8a6fe409,docker/Dockerfile,,,6,context,classes differ across candidate contexts,,script,,,,,,,,,,,,,
P232-h1-0,P232,head,028d8a6fe409,docker/Dockerfile,,,6,context,classes differ across candidate contexts,,script,,,,,,,,,,,,,
P233-h1-0,P233,head,028d8a6fe409,docker/Dockerfile,,,6,context,classes differ across candidate contexts,,script,,,,,,,,,,,,,
P234-h1-0,P234,head,028d8a6fe409,docker/Dockerfile,,,6,context,classes differ across candidate contexts,,script,,,,,,,,,,,,,
P237-s1-0,P237,snapshot,3e465e5ca37d,agents/adk-support-agent/Dockerfile,,,1,,uv sync with lock agents/adk-support-agent/uv.lock,may re-lock,script,,,,,,,agents/adk-support-agent/uv.lock,yes,,,uv,T::uv sync with lock agents/adk-support-agent/uv.lock,script server not in the repository (not copied)
P238-s1-0,P238,snapshot,3e465e5ca37d,agents/adk-support-agent/Dockerfile,,,1,,uv sync with lock agents/adk-support-agent/uv.lock,may re-lock,script,,,,,,,agents/adk-support-agent/uv.lock,yes,,,uv,T::uv sync with lock agents/adk-support-agent/uv.lock,script server not in the repository (not copied)
P237-s2-0,P237,snapshot,3e465e5ca37d,apps/adk-server/Dockerfile,,apps/adk-server,6,external,"the install reads dist/, an artefact built outside the recipe (not in the tree at this commit)",,writer,wheel /dist/*.tar.gz of unknown origin,,,,,,,no,,,wheel would,und::would not build || judge::wheel /dist/*.tar.gz of unknown origin,
P238-s2-0,P238,snapshot,3e465e5ca37d,apps/adk-server/Dockerfile,,apps/adk-server,6,external,"the install reads dist/, an artefact built outside the recipe (not in the tree at this commit)",,writer,wheel /dist/*.tar.gz of unknown origin,,,,,,,no,,,wheel would,und::would not build || judge::wheel /dist/*.tar.gz of unknown origin,
P237-s3-0,P237,snapshot,3e465e5ca37d,apps/adk-ui/Dockerfile,,,5,no Python install,,,script,,,,,,,,no,,,,,
P238-s3-0,P238,snapshot,3e465e5ca37d,apps/adk-ui/Dockerfile,,,5,no Python install,,,script,,,,,,,,no,,,,,
P239-s1-0,P239,snapshot,decc395550fc,agents/adk-support-agent/Dockerfile,,,1,,uv sync with lock agents/adk-support-agent/uv.lock,may re-lock,script,,,,,,,agents/adk-support-agent/uv.lock,yes,,,uv,T::uv sync with lock agents/adk-support-agent/uv.lock,script server not in the repository (not copied)
P239-s2-0,P239,snapshot,decc395550fc,apps/adk-server/Dockerfile,,apps/adk-server,6,external,"the install reads dist/, an artefact built outside the recipe (not in the tree at this commit)",,writer,wheel /dist/*.tar.gz of unknown origin,,,,,,,no,,,wheel would,und::would not build || judge::wheel /dist/*.tar.gz of unknown origin,
P239-s3-0,P239,snapshot,decc395550fc,apps/adk-ui/Dockerfile,,,5,no Python install,,,script,,,,,,,,no,,,,,
P237-h1-0,P237,head,decc395550fc,agents/adk-support-agent/Dockerfile,,,1,,uv sync with lock agents/adk-support-agent/uv.lock,may re-lock,script,,,,,,,agents/adk-support-agent/uv.lock,yes,,,uv,T::uv sync with lock agents/adk-support-agent/uv.lock,script server not in the repository (not copied)
P238-h1-0,P238,head,decc395550fc,agents/adk-support-agent/Dockerfile,,,1,,uv sync with lock agents/adk-support-agent/uv.lock,may re-lock,script,,,,,,,agents/adk-support-agent/uv.lock,yes,,,uv,T::uv sync with lock agents/adk-support-agent/uv.lock,script server not in the repository (not copied)
P239-h1-0,P239,head,decc395550fc,agents/adk-support-agent/Dockerfile,,,1,,uv sync with lock agents/adk-support-agent/uv.lock,may re-lock,script,,,,,,,agents/adk-support-agent/uv.lock,yes,,,uv,T::uv sync with lock agents/adk-support-agent/uv.lock,script server not in the repository (not copied)
P237-h2-0,P237,head,decc395550fc,apps/adk-server/Dockerfile,,apps/adk-server,6,external,"the install reads dist/, an artefact built outside the recipe (not in the tree at this commit)",,writer,wheel /dist/*.tar.gz of unknown origin,,,,,,,no,,,wheel would,und::would not build || judge::wheel /dist/*.tar.gz of unknown origin,
P238-h2-0,P238,head,decc395550fc,apps/adk-server/Dockerfile,,apps/adk-server,6,external,"the install reads dist/, an artefact built outside the recipe (not in the tree at this commit)",,writer,wheel /dist/*.tar.gz of unknown origin,,,,,,,no,,,wheel would,und::would not build || judge::wheel /dist/*.tar.gz of unknown origin,
P239-h2-0,P239,head,decc395550fc,apps/adk-server/Dockerfile,,apps/adk-server,6,external,"the install reads dist/, an artefact built outside the recipe (not in the tree at this commit)",,writer,wheel /dist/*.tar.gz of unknown origin,,,,,,,no,,,wheel would,und::would not build || judge::wheel /dist/*.tar.gz of unknown origin,
P237-h3-0,P237,head,decc395550fc,apps/adk-ui/Dockerfile,,,5,no Python install,,,script,,,,,,,,no,,,,,
P238-h3-0,P238,head,decc395550fc,apps/adk-ui/Dockerfile,,,5,no Python install,,,script,,,,,,,,no,,,,,
P239-h3-0,P239,head,decc395550fc,apps/adk-ui/Dockerfile,,,5,no Python install,,,script,,,,,,,,no,,,,,
P241-s1-0,P241,snapshot,986e52f50087,sparrow-ml/llm/Dockerfile,,sparrow-ml/llm,2,other file,sparrow-ml/llm/requirements_sparrow_parse.txt,,script,,no,,,,,,no,,,sparrow-ml/llm/requirements_sparrow_parse.txt,fresh:other file:sparrow-ml/llm/requirements_sparrow_parse.txt,
P241-h1-0,P241,head,5fbc53c5b42a,sparrow-ml/llm/Dockerfile,,sparrow-ml/llm,2,other file,sparrow-ml/llm/requirements_sparrow_parse.txt,,script,,no,,,,,,no,,,sparrow-ml/llm/requirements_sparrow_parse.txt,fresh:other file:sparrow-ml/llm/requirements_sparrow_parse.txt,
P244-s1-0,P244,snapshot,db7cc68b7308,Dockerfile,,,1,,uv sync with lock uv.lock,,script,,,,,,,uv.lock,yes,,,uv,T::uv sync with lock uv.lock,
P244-s2-0,P244,snapshot,db7cc68b7308,deployment/Dockerfile.hosted,,,5,no Python install,,,script,,,,,,,,no,,,,,
P244-h1-0,P244,head,34d1a276117d,Dockerfile,,,1,,uv sync with lock uv.lock,,script,,,,,,,uv.lock,yes,,,uv,T::uv sync with lock uv.lock,
P244-h2-0,P244,head,34d1a276117d,deployment/Dockerfile.hosted,,,5,no Python install,,,script,,,,,,,,no,,,,,
P248-s1-0,P248,snapshot,c991a3379893,docker/Dockerfile,,docker,6,would not build,docker/requirements.txt missing,,script,,,,,,,,no,,,would,others::named package pip || und::would not build,
P248-h1-0,P248,head,df8b6f14bfcc,docker/Dockerfile,,docker,6,external,"the install reads dist/, an artefact built outside the recipe (not in the tree at this commit)",,writer,wheel /build/*.whl of unknown origin,,,,,,,no,,,wheel would,und::would not build || judge::wheel /build/*.whl of unknown origin,
P250-s1-0,P250,snapshot,a18eb448be58,Dockerfile,,,2,other file,requirements-dev.txt,,script,,no,,,,,,no,,,requirements-dev.txt,fresh:other file:requirements-dev.txt,
P250-h1-0,P250,head,e18c5d4bf8bd,Dockerfile,,,2,other file,requirements-dev.txt,,script,,no,,,,,,no,,,requirements-dev.txt,fresh:other file:requirements-dev.txt,
P253-h1-0,P253,head,f16b62dcbb22,Dockerfile,,,3,,own package aindy-runtime from the index,,script,,,,aindy-runtime,aindy-runtime==2.24.0,,,no,,,own,index_own::own package aindy-runtime from the index || others::named package packaging,
P253-h2-0,P253,head,f16b62dcbb22,docker/fr15-evidence/Dockerfile,,,5,no Python install,,,script,,,,,,,,no,,,,,
P256-s1-0,P256,snapshot,74ad1b0f5568,Dockerfile,,,1,,project . with manifest in T,,script,,,,,,,pyproject.toml,no,,,project wheel,T::project . with manifest in T || neutral::wheel from a stage or step in the build,
P256-h1-0,P256,head,9e725adc3ac9,Dockerfile,,,1,,project . with manifest in T,,script,,,,,,,pyproject.toml,no,,,project wheel,T::project . with manifest in T || neutral::wheel from a stage or step in the build,
P261-s1-0,P261,snapshot,ffd78f0eb6d4,docker/Dockerfile,,,3,,own package praisonai from the index,,script,,,,praisonai,praisonai,,,no,published range,"<=1.82.6,>=1.81.0",own,others::named package flask || index_own::own package praisonai from the index || index_own::own package praisonai from the index || others::named package gunicorn || others::named package markdown,
P261-s2-0,P261,snapshot,ffd78f0eb6d4,docker/Dockerfile.chat,,,3,,own package praisonai from the index,,script,,,,praisonai,praisonai praisonai>=4.5.87,,,no,published range,"<=1.82.6,>=1.81.0 <=1.82.6,>=1.81.0",own,others::named package praisonai-tools || index_own::own package praisonai from the index || index_own::own package praisonai from the index || others::named package embedchain,
P261-s3-0,P261,snapshot,ffd78f0eb6d4,docker/Dockerfile.claw,,,3,,own package praisonai from the index,,script,,,,praisonai,praisonai,,,no,published range,"<=1.82.6,>=1.81.0",own,index_own::own package praisonai from the index,script entrypoint.sh not in the repository (not copied)
P261-s4-0,P261,snapshot,ffd78f0eb6d4,docker/Dockerfile.dev,,,3,,own package praisonai from the index,,script,,,,praisonai,praisonai praisonai>=4.5.87,,,no,published range,"<=1.82.6,>=1.81.0 <=1.82.6,>=1.81.0",own,others::named package praisonai-tools || index_own::own package praisonai from the index || index_own::own package praisonai from the index || index_own::own package praisonai from the index || index_own::own package praisonai from the index || index_own::own package praisonai from the index || others::named package embedchain || others::named package jupyter || others::named package jupyterlab || others::named package notebook || others::named package pytest || others::named package pytest-asyncio || others::named package mkdocs || others::named package mkdocs-material,
P261-s5-0,P261,snapshot,ffd78f0eb6d4,docker/Dockerfile.praisonaiagents,,,2,lock unused,project .[all] (pyproject.toml not in T),,script,,yes,"<=1.82.6,>=1.81.0",,,,,no,,,project,fresh:other file:project .[all] (pyproject.toml not in T),
P261-s6-0,P261,snapshot,ffd78f0eb6d4,docker/Dockerfile.serve,,,3,,same class in every candidate context,,script,,,,,,,,,not read,,,,
P261-s7-0,P261,snapshot,ffd78f0eb6d4,docker/Dockerfile.ui,,,3,,own package praisonai from the index,,script,,,,praisonai,praisonai praisonai>=4.5.87,,,no,published range,"<=1.82.6,>=1.81.0 <=1.82.6,>=1.81.0",own,others::named package praisonai-tools || index_own::own package praisonai from the index || index_own::own package praisonai from the index || index_own::own package praisonai from the index,
P261-s8-0,P261,snapshot,ffd78f0eb6d4,docker/bots/Dockerfile,,,3,,own package praisonai from the index,,script,,,,praisonai,praisonai,,,no,published range,"<=1.82.6,>=1.81.0",own,index_own::own package praisonai from the index || others::named package slack-bolt || others::named package slack-sdk || others::named package discord-py || others::named package python-telegram-bot,
P261-s9-0,P261,snapshot,ffd78f0eb6d4,docker/call/Dockerfile,,docker/call,3,,own package praisonai from the index,,script,,,,praisonai,praisonai,,,no,published range,"<=1.82.6,>=1.81.0",own,index_own::own package praisonai from the index,
P261-s10-0,P261,snapshot,ffd78f0eb6d4,src/praisonai/Dockerfile.bot,,src/praisonai,3,,own package praisonai from the index,,script,,,,praisonai,praisonai,,,no,published range,"<=1.82.6,>=1.81.0",own,index_own::own package praisonai from the index,
P261-s11-0,P261,snapshot,ffd78f0eb6d4,src/praisonai/scripts/docker/install-smoke/Dockerfile,,src/praisonai/scripts/docker/install-smoke,5,no Python install,,,script,,,,,,,,no,,,,,
P261-h1-0,P261,head,d9453cb8e33b,docker/Dockerfile,,,3,,own package praisonai from the index,,script,,,,praisonai,praisonai,,,no,,,own,others::named package flask || index_own::own package praisonai from the index || index_own::own package praisonai from the index || others::named package gunicorn || others::named package markdown,
P261-h2-0,P261,head,d9453cb8e33b,docker/Dockerfile.chat,,,3,,own package praisonai from the index,,script,,,,praisonai,praisonai praisonai>=4.7.11,,,no,,,own,others::named package praisonai-tools || index_own::own package praisonai from the index || index_own::own package praisonai from the index || others::named package embedchain,
P261-h3-0,P261,head,d9453cb8e33b,docker/Dockerfile.claw,,,3,,own package praisonai from the index,,script,,,,praisonai,praisonai,,,no,,,own,index_own::own package praisonai from the index,script entrypoint.sh not in the repository (not copied)
P261-h4-0,P261,head,d9453cb8e33b,docker/Dockerfile.dev,,,3,,own package praisonai from the index,,script,,,,praisonai,praisonai praisonai>=4.7.11,,,no,,,own,others::named package praisonai-tools || index_own::own package praisonai from the index || index_own::own package praisonai from the index || index_own::own package praisonai from the index || index_own::own package praisonai from the index || index_own::own package praisonai from the index || others::named package embedchain || others::named package jupyter || others::named package jupyterlab || others::named package notebook || others::named package pytest || others::named package pytest-asyncio || others::named package mkdocs || others::named package mkdocs-material,
P261-h5-0,P261,head,d9453cb8e33b,docker/Dockerfile.praisonaiagents,,,2,lock unused,project .[all] (pyproject.toml not in T),,script,,yes,>=1.83.14,,,,,no,,,project,fresh:other file:project .[all] (pyproject.toml not in T),
P261-h6-0,P261,head,d9453cb8e33b,docker/Dockerfile.serve,,,3,,same class in every candidate context,,script,,,,,,,,,,,,,
P261-h7-0,P261,head,d9453cb8e33b,docker/Dockerfile.ui,,,3,,own package praisonai from the index,,script,,,,praisonai,praisonai praisonai>=4.7.11,,,no,,,own,others::named package praisonai-tools || index_own::own package praisonai from the index || index_own::own package praisonai from the index || index_own::own package praisonai from the index,
P261-h8-0,P261,head,d9453cb8e33b,docker/bots/Dockerfile,,,3,,own package praisonai-bot from the index,,script,,,,praisonai-bot,praisonai-bot,,,no,,,own,index_own::own package praisonai-bot from the index || others::named package slack-bolt || others::named package slack-sdk,
P261-h9-0,P261,head,d9453cb8e33b,docker/call/Dockerfile,,docker/call,3,,own package praisonai from the index,,script,,,,praisonai,praisonai,,,no,,,own,index_own::own package praisonai from the index,
P261-h10-0,P261,head,d9453cb8e33b,src/praisonai/Dockerfile.bot,,src/praisonai,3,,own package praisonai from the index,,script,,,,praisonai,praisonai,,,no,,,own,index_own::own package praisonai from the index,
P261-h11-0,P261,head,d9453cb8e33b,src/praisonai/scripts/docker/install-smoke/Dockerfile,,src/praisonai/scripts/docker/install-smoke,6,script not read,$INSTALLER_SCRIPT called at depth 2,,script,,,,,,,,no,,,script,und@start::script not read || und@start::script not read,
P263-s1-0,P263,snapshot,b1f0e6c34583,unified-search-app/Dockerfile,,unified-search-app,2,other file,"uv run lock unified-search-app/uv.lock not in T, without L; uv sync lock unified-search-app/uv.lock not in T, without L",at start,script,,no,,,,,,no,,,uv,"fresh:other file:uv sync lock unified-search-app/uv.lock not in T, without L || fresh@start:other file:uv run lock unified-search-app/uv.lock not in T, without L",
P263-h1-0,P263,head,769542fbf1d8,unified-search-app/Dockerfile,,unified-search-app,2,other file,"uv run lock unified-search-app/uv.lock not in T, without L; uv sync lock unified-search-app/uv.lock not in T, without L",at start,script,,no,,,,,,no,,,uv,"fresh:other file:uv sync lock unified-search-app/uv.lock not in T, without L || fresh@start:other file:uv run lock unified-search-app/uv.lock not in T, without L",
P264-s1-0,P264,snapshot,86be14b66b16,.gitpod.Dockerfile,,,5,no Python install,,,script,,,,,,,,no,,,,,script nvm.sh not in the repository (not copied)
P264-s2-0,P264,snapshot,86be14b66b16,docker/db_images/mariadb/Dockerfile,,docker/db_images/mariadb,5,no Python install,,,script,,,,,,,,no,,,,,
P264-s3-0,P264,snapshot,86be14b66b16,docker/db_images/mysql/Dockerfile,,docker/db_images/mysql,5,no Python install,,,script,,,,,,,,no,,,,,
P264-s4-0,P264,snapshot,86be14b66b16,docker/db_images/postgres/Dockerfile,,docker/db_images/postgres,5,no Python install,,,script,,,,,,,,no,,,,,
P264-s5-0,P264,snapshot,86be14b66b16,docker/mindsdb.Dockerfile,,,1,,"the manifest takes its dependencies from requirements.txt (T), which is in the build; installing the project takes L from it",,writer,manifest names T file requirements.txt (read pattern yes; T file available yes),,,,,,,no,,,build manifest,judge::manifest names T file requirements.txt (read pattern yes; T file available yes) || others::named package pip || und::build argument || judge::manifest names T file requirements.txt (read pattern yes; T file available yes),
P264-h1-0,P264,head,780bbcbb8b93,docker/api.Dockerfile,,,5,other named packages only,,,script,,,,,,,,no,,,,others::named package uv || others::named package uv || others::source outside the repository /src/core_agent || others::source outside the repository /src/core_api,
P264-h2-0,P264,head,780bbcbb8b93,docker/web.Dockerfile,,,5,no Python install,,,script,,,,,,,,no,,,,,
P271-s1-0,P271,snapshot,5709d813e178,dev/Dockerfile.protos,,,5,other named packages only,,,script,,,,,,,,no,,,,others::named package protobuf || others::named package packaging,
P271-s2-0,P271,snapshot,5709d813e178,docker/Dockerfile,,docker,5,other named packages only,,,script,,,,,,,,no,,,,others::named package mlflow,
P271-s3-0,P271,snapshot,5709d813e178,docker/Dockerfile.full,,docker,5,other named packages only,,,script,,,,,,,,no,,,,others::named package mlflow,
P271-s4-0,P271,snapshot,5709d813e178,docker/Dockerfile.full.dev,,,2,lock unused,"project .[extras,azure,db,databricks,gateway,genai] (pyproject.toml not in T)",,script,,yes,,,,,,no,,,project,"fresh:other file:project .[extras,azure,db,databricks,gateway,genai] (pyproject.toml not in T)",
P271-s5-0,P271,snapshot,5709d813e178,mlflow/R/mlflow/Dockerfile.dev,,mlflow/R/mlflow,5,no Python install,,,script,,,,,,,,no,,,,,script miniforge.sh not in the repository (not copied)
P271-s6-0,P271,snapshot,5709d813e178,mlflow/R/mlflow/Dockerfile.r-devel,,mlflow/R/mlflow,5,no Python install,,,script,,,,,,,,no,,,,,
P271-h1-0,P271,head,20aee44153aa,.claude/sandbox/Dockerfile,,,5,no Python install,,,script,,,,,,,,no,,,,,
P271-h2-0,P271,head,20aee44153aa,dev/Dockerfile.protos,,,5,other named packages only,"installs protobuf, packaging and mypy-protobuf at versions read from uv.lock; L is not among them",,writer,no manifest found for $ at /mlflow/$,,,,,,,no,,,no,judge::no manifest found for $ at /mlflow/$,
P271-h3-0,P271,head,20aee44153aa,dev/issue_repro_runtime/Dockerfile,,,1,,uv sync with lock uv.lock,,script,,,,,,,uv.lock,yes,,,uv,T::uv sync with lock uv.lock,
P271-h4-0,P271,head,20aee44153aa,docker/Dockerfile,,docker,5,other named packages only,,,script,,,,,,,,no,,,,others::named package mlflow,
P271-h5-0,P271,head,20aee44153aa,docker/Dockerfile.full,,docker,5,other named packages only,,,script,,,,,,,,no,,,,others::named package mlflow,
P271-h6-0,P271,head,20aee44153aa,docker/Dockerfile.full.dev,,,2,lock unused,"project .[extras,azure,db,databricks,gateway,genai] (pyproject.toml not in T)",,script,,yes, | <2,,,,,no,,,project,"fresh:other file:project .[extras,azure,db,databricks,gateway,genai] (pyproject.toml not in T)",
P271-h7-0,P271,head,20aee44153aa,mlflow/R/mlflow/Dockerfile.dev,,mlflow/R/mlflow,5,no Python install,,,script,,,,,,,,no,,,,,script miniforge.sh not in the repository (not copied)
P271-h8-0,P271,head,20aee44153aa,mlflow/R/mlflow/Dockerfile.r-devel,,mlflow/R/mlflow,5,no Python install,,,script,,,,,,,,no,,,,,
P273-s1-0,P273,snapshot,f9adf2ab350e,Dockerfile,,,1,,poetry install with lock poetry.lock,,script,,no,,,,,poetry.lock,yes,,,poetry requirements-poetry.txt,fresh:other file:requirements-poetry.txt || T::poetry install with lock poetry.lock,
P273-h1-0,P273,head,25e3bc19a565,Dockerfile,,,1,,poetry install with lock poetry.lock,,script,,no,,,,,poetry.lock,yes,,,poetry requirements-poetry.txt,fresh:other file:requirements-poetry.txt || T::poetry install with lock poetry.lock,
P274-s1-0,P274,snapshot,4143a46cc9a2,Dockerfile,,,1,,uv run with lock uv.lock,at start;may re-lock,script,,,,,,,uv.lock,yes,,,uv,others::named package uv || T::uv sync with lock uv.lock || T@start::uv run with lock uv.lock,
P274-h1-0,P274,head,41d82ecb0bc0,Dockerfile,,,1,,uv run with lock uv.lock,at start;may re-lock,script,,,,,,,uv.lock,yes,,,uv,others::named package uv || T::uv sync with lock uv.lock || T@start::uv run with lock uv.lock,
P281-s1-0,P281,snapshot,9b8166aad10c,Dockerfile,,,1,,"the manifest takes its dependencies from requirements-dev.txt (T), which is in the build; installing the project takes L from it",,writer,manifest names T file requirements-dev.txt (read pattern yes; T file available yes); remote install file://`pwd`#egg=lemur[dev]; remote install file://`pwd`#egg=lemur[tests],,,,,,,yes,,,manifest remote,others::named package pip || others::named package setuptools || others::named package coveralls || others::named package bandit || judge::manifest names T file requirements-dev.txt (read pattern yes; T file available y || judge::remote install file://`pwd`#egg=lemur[dev] || judge::remote install file://`pwd`#egg=lemur[tests],
P281-s2-0,P281,snapshot,9b8166aad10c,docker/Dockerfile,,docker,6,external,"the project's own source is downloaded from GitHub at $VERSION; its files, not the snapshot's, decide L",,writer,own project source outside the repository at /opt/lemur,,,,,,,no,,,own,others::named package pip || others::named package setuptools || judge::own project source outside the repository at /opt/lemur,script supervisord not in the repository (not copied)
P281-s3-0,P281,snapshot,9b8166aad10c,docker/Dockerfile-src,,,1,,"the manifest takes its dependencies from requirements-dev.txt (T), which is in the build; installing the project takes L from it",,writer,manifest names T file requirements-dev.txt (read pattern yes; T file available yes),,,,,,,yes,,,manifest,others::named package pip || others::named package setuptools || judge::manifest names T file requirements-dev.txt (read pattern yes; T file available y,script supervisord not in the repository (not copied)
P282-s1-0,P282,snapshot,d6277f366ec6,Dockerfile,,,1,,"the manifest takes its dependencies from requirements-dev.txt (T), which is in the build; installing the project takes L from it",,writer,manifest names T file requirements-dev.txt (read pattern yes; T file available yes); remote install file://`pwd`#egg=lemur[dev]; remote install file://`pwd`#egg=lemur[tests],,,,,,,yes,,,manifest remote,others::named package pip || others::named package setuptools || others::named package coveralls || others::named package bandit || judge::manifest names T file requirements-dev.txt (read pattern yes; T file available y || judge::remote install file://`pwd`#egg=lemur[dev] || judge::remote install file://`pwd`#egg=lemur[tests],
P282-s2-0,P282,snapshot,d6277f366ec6,docker/Dockerfile,,docker,6,external,"the project's own source is downloaded from GitHub at $VERSION; its files, not the snapshot's, decide L",,writer,own project source outside the repository at /opt/lemur,,,,,,,no,,,own,others::named package pip || others::named package setuptools || judge::own project source outside the repository at /opt/lemur,script supervisord not in the repository (not copied)
P282-s3-0,P282,snapshot,d6277f366ec6,docker/Dockerfile-src,,,1,,"the manifest takes its dependencies from requirements-dev.txt (T), which is in the build; installing the project takes L from it",,writer,manifest names T file requirements-dev.txt (read pattern yes; T file available yes),,,,,,,yes,,,manifest,others::named package pip || others::named package setuptools || judge::manifest names T file requirements-dev.txt (read pattern yes; T file available y,script supervisord not in the repository (not copied)
P283-s1-0,P283,snapshot,3a3c2c201d42,Dockerfile,,,1,,"the manifest takes its dependencies from requirements-dev.txt (T), which is in the build; installing the project takes L from it",,writer,manifest names T file requirements-dev.txt (read pattern yes; T file available yes); remote install file://`pwd`#egg=lemur[dev]; remote install file://`pwd`#egg=lemur[tests],,,,,,,yes,,,manifest remote,others::named package pip || others::named package setuptools || others::named package coveralls || others::named package bandit || judge::manifest names T file requirements-dev.txt (read pattern yes; T file available y || judge::remote install file://`pwd`#egg=lemur[dev] || judge::remote install file://`pwd`#egg=lemur[tests],
P283-s2-0,P283,snapshot,3a3c2c201d42,docker/Dockerfile,,docker,6,external,"the project's own source is downloaded from GitHub at $VERSION; its files, not the snapshot's, decide L",,writer,own project source outside the repository at /opt/lemur,,,,,,,no,,,own,others::named package pip || others::named package setuptools || judge::own project source outside the repository at /opt/lemur,script supervisord not in the repository (not copied)
P283-s3-0,P283,snapshot,3a3c2c201d42,docker/Dockerfile-src,,,1,,"the manifest takes its dependencies from requirements-dev.txt (T), which is in the build; installing the project takes L from it",,writer,manifest names T file requirements-dev.txt (read pattern yes; T file available yes),,,,,,,yes,,,manifest,others::named package pip || others::named package setuptools || judge::manifest names T file requirements-dev.txt (read pattern yes; T file available y,script supervisord not in the repository (not copied)
P281-h1-0,P281,head,3a3c2c201d42,Dockerfile,,,1,,"the manifest takes its dependencies from requirements-dev.txt (T), which is in the build; installing the project takes L from it",,writer,manifest names T file requirements-dev.txt (read pattern yes; T file available yes); remote install file://`pwd`#egg=lemur[dev]; remote install file://`pwd`#egg=lemur[tests],,,,,,,yes,,,manifest remote,others::named package pip || others::named package setuptools || others::named package coveralls || others::named package bandit || judge::manifest names T file requirements-dev.txt (read pattern yes; T file available y || judge::remote install file://`pwd`#egg=lemur[dev] || judge::remote install file://`pwd`#egg=lemur[tests],
P282-h1-0,P282,head,3a3c2c201d42,Dockerfile,,,1,,"the manifest takes its dependencies from requirements-dev.txt (T), which is in the build; installing the project takes L from it",,writer,manifest names T file requirements-dev.txt (read pattern yes; T file available yes); remote install file://`pwd`#egg=lemur[dev]; remote install file://`pwd`#egg=lemur[tests],,,,,,,yes,,,manifest remote,others::named package pip || others::named package setuptools || others::named package coveralls || others::named package bandit || judge::manifest names T file requirements-dev.txt (read pattern yes; T file available y || judge::remote install file://`pwd`#egg=lemur[dev] || judge::remote install file://`pwd`#egg=lemur[tests],
P283-h1-0,P283,head,3a3c2c201d42,Dockerfile,,,1,,"the manifest takes its dependencies from requirements-dev.txt (T), which is in the build; installing the project takes L from it",,writer,manifest names T file requirements-dev.txt (read pattern yes; T file available yes); remote install file://`pwd`#egg=lemur[dev]; remote install file://`pwd`#egg=lemur[tests],,,,,,,yes,,,manifest remote,others::named package pip || others::named package setuptools || others::named package coveralls || others::named package bandit || judge::manifest names T file requirements-dev.txt (read pattern yes; T file available y || judge::remote install file://`pwd`#egg=lemur[dev] || judge::remote install file://`pwd`#egg=lemur[tests],
P281-h2-0,P281,head,3a3c2c201d42,docker/Dockerfile,,docker,6,external,"the project's own source is downloaded from GitHub at $VERSION; its files, not the snapshot's, decide L",,writer,own project source outside the repository at /opt/lemur,,,,,,,no,,,own,others::named package pip || others::named package setuptools || judge::own project source outside the repository at /opt/lemur,script supervisord not in the repository (not copied)
P282-h2-0,P282,head,3a3c2c201d42,docker/Dockerfile,,docker,6,external,"the project's own source is downloaded from GitHub at $VERSION; its files, not the snapshot's, decide L",,writer,own project source outside the repository at /opt/lemur,,,,,,,no,,,own,others::named package pip || others::named package setuptools || judge::own project source outside the repository at /opt/lemur,script supervisord not in the repository (not copied)
P283-h2-0,P283,head,3a3c2c201d42,docker/Dockerfile,,docker,6,external,"the project's own source is downloaded from GitHub at $VERSION; its files, not the snapshot's, decide L",,writer,own project source outside the repository at /opt/lemur,,,,,,,no,,,own,others::named package pip || others::named package setuptools || judge::own project source outside the repository at /opt/lemur,script supervisord not in the repository (not copied)
P281-h3-0,P281,head,3a3c2c201d42,docker/Dockerfile-src,,,1,,"the manifest takes its dependencies from requirements-dev.txt (T), which is in the build; installing the project takes L from it",,writer,manifest names T file requirements-dev.txt (read pattern yes; T file available yes),,,,,,,yes,,,manifest,others::named package pip || others::named package setuptools || judge::manifest names T file requirements-dev.txt (read pattern yes; T file available y,script supervisord not in the repository (not copied)
P282-h3-0,P282,head,3a3c2c201d42,docker/Dockerfile-src,,,1,,"the manifest takes its dependencies from requirements-dev.txt (T), which is in the build; installing the project takes L from it",,writer,manifest names T file requirements-dev.txt (read pattern yes; T file available yes),,,,,,,yes,,,manifest,others::named package pip || others::named package setuptools || judge::manifest names T file requirements-dev.txt (read pattern yes; T file available y,script supervisord not in the repository (not copied)
P283-h3-0,P283,head,3a3c2c201d42,docker/Dockerfile-src,,,1,,"the manifest takes its dependencies from requirements-dev.txt (T), which is in the build; installing the project takes L from it",,writer,manifest names T file requirements-dev.txt (read pattern yes; T file available yes),,,,,,,yes,,,manifest,others::named package pip || others::named package setuptools || judge::manifest names T file requirements-dev.txt (read pattern yes; T file available y,script supervisord not in the repository (not copied)
P285-s1-0,P285,snapshot,75eb25a2cc00,dockerfile,,,6,external,"the install reads dist/, an artefact built outside the recipe (not in the tree at this commit)",,writer,wheel $(ls /tmp/python_builds/centurion_erp-*-py3-none-any.whl) of unknown origin; wheel *.tar.gz of unknown origin; wheel *.whl of unknown origin,,,centurion-erp,centurion-erp,,,no,,,own wheel,others::named package setuptools || others::named package wheel || others::named package setuptools-rust || others::named package twine || others::source outside the repository /tmp/python_modules || judge::wheel $(ls /tmp/python_builds/centurion_erp-*-py3-none-any.whl) of unknown origi || judge::wheel *.whl of unknown origin || judge::wheel *.tar.gz of unknown origin || index_own::own package centurion-erp from the index,
P285-h1-0,P285,head,976f12e71421,dockerfile,,,6,external,"the install reads dist/, an artefact built outside the recipe (not in the tree at this commit)",,writer,wheel $(ls /tmp/python_builds/centurion_erp-*-py3-none-any.whl) of unknown origin; wheel *.tar.gz of unknown origin; wheel *.whl of unknown origin,,,centurion-erp,centurion-erp,,,no,,,own wheel,others::named package setuptools || others::named package wheel || others::named package setuptools-rust || others::named package twine || others::source outside the repository /tmp/python_modules || judge::wheel $(ls /tmp/python_builds/centurion_erp-*-py3-none-any.whl) of unknown origi || judge::wheel *.whl of unknown origin || judge::wheel *.tar.gz of unknown origin || index_own::own package centurion-erp from the index,
P286-s1-0,P286,snapshot,66d6be044b3c,docker/norfab-docker-build/Dockerfile.norfab.aio,,,3,,own package norfab from the index,,script,,,,norfab,norfab,,,no,published pin,==6.5.4,own,others::named package pip || others::named package setuptools || others::named package wheel || others::named package poetry || index_own::own package norfab from the index || index_own::own package norfab from the index,
P286-s2-0,P286,snapshot,66d6be044b3c,docker/norfab-docker-build/Dockerfile.norfab.broker,,,3,,own package norfab from the index,,script,,,,norfab,norfab,,,no,published pin,==6.5.4,own,others::named package pip || others::named package setuptools || others::named package wheel || others::named package poetry || index_own::own package norfab from the index,
P286-s3-0,P286,snapshot,66d6be044b3c,docker/norfab-docker-build/Dockerfile.norfab.fastapi,,,3,,own package norfab from the index,,script,,,,norfab,norfab,,,no,published pin,==6.5.4,own,others::named package pip || others::named package setuptools || others::named package wheel || others::named package poetry || index_own::own package norfab from the index || index_own::own package norfab from the index,
P286-s4-0,P286,snapshot,66d6be044b3c,docker/norfab-docker-build/Dockerfile.norfab.netbox,,,3,,own package norfab from the index,,script,,,,norfab,norfab,,,no,published pin,==6.5.4,own,others::named package pip || others::named package setuptools || others::named package wheel || others::named package poetry || index_own::own package norfab from the index || index_own::own package norfab from the index,
P286-s5-0,P286,snapshot,66d6be044b3c,docker/norfab-docker-build/Dockerfile.norfab.nornir,,,3,,own package norfab from the index,,script,,,,norfab,norfab,,,no,published pin,==6.5.4,own,others::named package pip || others::named package setuptools || others::named package wheel || others::named package poetry || index_own::own package norfab from the index || index_own::own package norfab from the index,
P286-s6-0,P286,snapshot,66d6be044b3c,docker/norfab-docker-build/Dockerfile.norfab.workflow,,,3,,own package norfab from the index,,script,,,,norfab,norfab,,,no,published pin,==6.5.4,own,others::named package pip || others::named package setuptools || others::named package wheel || others::named package poetry || index_own::own package norfab from the index,
P286-h1-0,P286,head,804664f6db50,docker/norfab-docker-build/Dockerfile.norfab.aio,,,3,,own package norfab from the index,,script,,,,norfab,norfab,,,no,,,own,others::named package pip || others::named package setuptools || others::named package wheel || others::named package poetry || index_own::own package norfab from the index || index_own::own package norfab from the index,
P286-h2-0,P286,head,804664f6db50,docker/norfab-docker-build/Dockerfile.norfab.broker,,,3,,own package norfab from the index,,script,,,,norfab,norfab,,,no,,,own,others::named package pip || others::named package setuptools || others::named package wheel || others::named package poetry || index_own::own package norfab from the index,
P286-h3-0,P286,head,804664f6db50,docker/norfab-docker-build/Dockerfile.norfab.fakenos,,,3,,own package norfab from the index,,script,,,,norfab,norfab,,,no,,,own,others::named package pip || others::named package setuptools || others::named package wheel || others::named package poetry || index_own::own package norfab from the index || index_own::own package norfab from the index,
P286-h4-0,P286,head,804664f6db50,docker/norfab-docker-build/Dockerfile.norfab.fastapi,,,3,,own package norfab from the index,,script,,,,norfab,norfab,,,no,,,own,others::named package pip || others::named package setuptools || others::named package wheel || others::named package poetry || index_own::own package norfab from the index || index_own::own package norfab from the index,
P286-h5-0,P286,head,804664f6db50,docker/norfab-docker-build/Dockerfile.norfab.fastmcp,,,3,,own package norfab from the index,,script,,,,norfab,norfab,,,no,,,own,others::named package pip || others::named package setuptools || others::named package wheel || others::named package poetry || index_own::own package norfab from the index || index_own::own package norfab from the index,
P286-h6-0,P286,head,804664f6db50,docker/norfab-docker-build/Dockerfile.norfab.netbox,,,3,,own package norfab from the index,,script,,,,norfab,norfab,,,no,,,own,others::named package pip || others::named package setuptools || others::named package wheel || others::named package poetry || index_own::own package norfab from the index || index_own::own package norfab from the index,
P286-h7-0,P286,head,804664f6db50,docker/norfab-docker-build/Dockerfile.norfab.nornir,,,3,,own package norfab from the index,,script,,,,norfab,norfab,,,no,,,own,others::named package pip || others::named package setuptools || others::named package wheel || others::named package poetry || index_own::own package norfab from the index || index_own::own package norfab from the index,
P286-h8-0,P286,head,804664f6db50,docker/norfab-docker-build/Dockerfile.norfab.workflow,,,3,,own package norfab from the index,,script,,,,norfab,norfab,,,no,,,own,others::named package pip || others::named package setuptools || others::named package wheel || others::named package poetry || index_own::own package norfab from the index,
P286-h9-0,P286,head,804664f6db50,docker/norfab-docker-tests/Dockerfile.norfab.test-runner,,,1,,project .[full] with manifest in T,,script,,,,,,,pyproject.toml,no,,,project,others::named package pip || others::named package setuptools || others::named package wheel || T::project .[full] with manifest in T || others::named package pytest,
P288-s1-0,P288,snapshot,ba9964ff0d68,Dockerfile,,,1,,project . with manifest in T,,script,,,,,,,pyproject.toml,no,,,project uv,T::uv sync with lock uv.lock || T::project . with manifest in T,
P287-h1-0,P287,head,5000e29936df,Dockerfile,,,5,no Python install,,,script,,,,,,,,no,,,,,script configure not in the repository (not copied); script Makefile not in the repository (not copied); script Makefile not in the repository (not copied)
P288-h1-0,P288,head,5000e29936df,Dockerfile,,,5,no Python install,,,script,,,,,,,,no,,,,,script configure not in the repository (not copied); script Makefile not in the repository (not copied); script Makefile not in the repository (not copied)
P287-h2-0,P287,head,5000e29936df,docker/sandbox-desktop.Dockerfile,,,5,other named packages only,,,script,,,,,,,,no,,,,others::named package pillow,script cua-driver not in the repository (not copied)
P288-h2-0,P288,head,5000e29936df,docker/sandbox-desktop.Dockerfile,,,5,other named packages only,,,script,,,,,,,,no,,,,others::named package pillow,script cua-driver not in the repository (not copied)
P287-h3-0,P287,head,5000e29936df,scripts/termux/termux-builder.Dockerfile,,scripts/termux,5,no Python install,,,script,,,,,,,,no,,,,,
P288-h3-0,P288,head,5000e29936df,scripts/termux/termux-builder.Dockerfile,,scripts/termux,5,no Python install,,,script,,,,,,,,no,,,,,
P289-s1-0,P289,snapshot,7a693c28b04f,Dockerfile,,,1,,uv sync with lock uv.lock,,script,,,,,,,uv.lock,yes,,,uv,T::uv sync with lock uv.lock || T::uv sync with lock uv.lock,
P289-h1-0,P289,head,d2971d3fa6dc,Dockerfile,,,1,,uv sync with lock uv.lock,,script,,,,,,,uv.lock,yes,,,uv,T::uv sync with lock uv.lock || T::uv sync with lock uv.lock,
P290-s1-0,P290,snapshot,547a9646d929,deploy/docker/Dockerfile,,,1,,"the manifest takes its dependencies from dev-requirements.txt (T), which is in the build; installing the project takes L from it",,writer,manifest names T file dev-requirements.txt (read pattern yes; T file available yes),,,,,,,no,,,-r manifest,T::-r requirements.txt || judge::manifest names T file dev-requirements.txt (read pattern yes; T file available y,
P290-s2-0,P290,snapshot,547a9646d929,deploy/docker/rust-python/Dockerfile,,deploy/docker/rust-python,6,build argument,/Python-⟨ARG:VERSION⟩/Makefile,,script,,,,,,,,no,,,build,und::build argument || und::build argument,script configure not in the repository (not copied)
P290-h1-0,P290,head,fbec7ec2fe7e,deploy/docker/Dockerfile,,,1,,"the manifest takes its dependencies from dev-requirements.txt (T), which is in the build; installing the project takes L from it",,writer,manifest names T file dev-requirements.txt (read pattern yes; T file available yes),,,,,,,no,,,-r manifest,T::-r requirements.txt || judge::manifest names T file dev-requirements.txt (read pattern yes; T file available y,
P290-h2-0,P290,head,fbec7ec2fe7e,deploy/docker/rust-python/Dockerfile,,deploy/docker/rust-python,6,build argument,/Python-⟨ARG:VERSION⟩/Makefile,,script,,,,,,,,no,,,build,und::build argument || und::build argument,script configure not in the repository (not copied)
P292-s1-0,P292,snapshot,76294609fd71,docker/Dockerfile,,docker,5,other named packages only,,,script,,,,,,,,no,,,,others::named package nvidia-nat,
P292-s2-0,P292,snapshot,76294609fd71,packages/nvidia_nat_core/src/nat/tool/code_execution/local_sandbox/Dockerfile.sandbox,,packages/nvidia_nat_core/src/nat/tool/code_execution/local_sandbox,2,other file,packages/nvidia_nat_core/src/nat/tool/code_execution/local_sandbox/sandbox.requirements.txt,,script,,no,,,,,,no,,,packages/nvidia_nat_core/src/nat/tool/code_execution/local_sandbox/sandbox.requirements.txt,fresh:other file:packages/nvidia_nat_core/src/nat/tool/code_execution/local_sandbox/sandbox.requi,
P293-s1-0,P293,snapshot,5e893d8a923b,docker/Dockerfile,,docker,5,other named packages only,,,script,,,,,,,,no,,,,others::named package nvidia-nat,
P293-s2-0,P293,snapshot,5e893d8a923b,packages/nvidia_nat_core/src/nat/tool/code_execution/local_sandbox/Dockerfile.sandbox,,packages/nvidia_nat_core/src/nat/tool/code_execution/local_sandbox,2,other file,packages/nvidia_nat_core/src/nat/tool/code_execution/local_sandbox/sandbox.requirements.txt,,script,,no,,,,,,no,,,packages/nvidia_nat_core/src/nat/tool/code_execution/local_sandbox/sandbox.requirements.txt,fresh:other file:packages/nvidia_nat_core/src/nat/tool/code_execution/local_sandbox/sandbox.requi,
P294-s1-0,P294,snapshot,45f4f910b269,ci/scripts/gitlab/artifactory/Dockerfile,,ci/scripts/gitlab/artifactory,5,no Python install,,,script,,,,,,,,no,,,,,
P294-s2-0,P294,snapshot,45f4f910b269,docker/Dockerfile,,docker,5,other named packages only,,,script,,,,,,,,no,,,,others::named package nvidia-nat,
P294-s3-0,P294,snapshot,45f4f910b269,packages/nvidia_nat_core/src/nat/tool/code_execution/local_sandbox/Dockerfile.sandbox,,packages/nvidia_nat_core/src/nat/tool/code_execution/local_sandbox,2,other file,packages/nvidia_nat_core/src/nat/tool/code_execution/local_sandbox/sandbox.requirements.txt,,script,,no,,,,,,no,,,packages/nvidia_nat_core/src/nat/tool/code_execution/local_sandbox/sandbox.requirements.txt,fresh:other file:packages/nvidia_nat_core/src/nat/tool/code_execution/local_sandbox/sandbox.requi,
P292-h1-0,P292,head,c7e1162a1c7f,ci/scripts/gitlab/artifactory/Dockerfile,,ci/scripts/gitlab/artifactory,5,other named packages only,,,script,,,,,,,,no,,,,others::named package pkginfo || others::named package requests,
P293-h1-0,P293,head,c7e1162a1c7f,ci/scripts/gitlab/artifactory/Dockerfile,,ci/scripts/gitlab/artifactory,5,other named packages only,,,script,,,,,,,,no,,,,others::named package pkginfo || others::named package requests,
P294-h1-0,P294,head,c7e1162a1c7f,ci/scripts/gitlab/artifactory/Dockerfile,,ci/scripts/gitlab/artifactory,5,other named packages only,,,script,,,,,,,,no,,,,others::named package pkginfo || others::named package requests,
P292-h2-0,P292,head,c7e1162a1c7f,docker/Dockerfile,,docker,5,other named packages only,,,script,,,,,,,,no,,,,others::named package nvidia-nat,
P293-h2-0,P293,head,c7e1162a1c7f,docker/Dockerfile,,docker,5,other named packages only,,,script,,,,,,,,no,,,,others::named package nvidia-nat,
P294-h2-0,P294,head,c7e1162a1c7f,docker/Dockerfile,,docker,5,other named packages only,,,script,,,,,,,,no,,,,others::named package nvidia-nat,
P306-s1-0,P306,snapshot,56818e2e714e,bldr/data/Dockerfile.tpl,,,5,no Python install,same class in every candidate context,,script,,,,,,,,,,,,,
P306-h1-0,P306,head,d33b6810e9f1,bldr/data/Dockerfile.tpl,,,5,no Python install,same class in every candidate context,,script,,,,,,,,,,,,,
P307-s1-0,P307,snapshot,8130a3fb9cd8,Dockerfile,,,1,,-r requirements.txt,,script,,,,,,,requirements.txt,yes,,,-r,others::named package pip || others::named package setuptools || others::named package uv || T::-r requirements.txt,
P307-s2-0,P307,snapshot,8130a3fb9cd8,Dockerfile.openEuler,,,1,,-r requirements.txt,,script,,,,,,,requirements.txt,yes,,,-r,others::named package pip || others::named package setuptools || others::named package uv || T::-r requirements.txt,
P307-s3-0,P307,snapshot,8130a3fb9cd8,comps/agent/src/Dockerfile,,,1,,-r comps/agent/src/requirements.txt,,script,,,,,,,comps/agent/src/requirements.txt,yes,,,-r,others::named package pip || others::named package setuptools || others::named package uv || T::-r comps/agent/src/requirements.txt,
P307-s4-0,P307,snapshot,8130a3fb9cd8,comps/animation/src/Dockerfile,,,2,lock unused,comps/animation/src/requirements-cpu.txt; comps/animation/src/requirements-gpu.txt,,script,,no,,,,,,no,,,comps/animation/src/requirements-cpu.txt comps/animation/src/requirements-gpu.txt,others::named package pip || others::named package setuptools || others::named package uv || fresh:other file:comps/animation/src/requirements-cpu.txt || fresh:other file:comps/animation/src/requirements-gpu.txt,
P307-s5-0,P307,snapshot,8130a3fb9cd8,comps/arb_post_hearing_assistant/src/Dockerfile,,,2,lock unused,comps/arb_post_hearing_assistant/src/requirements-cpu.txt; comps/arb_post_hearing_assistant/src/requirements-gpu.txt,,script,,no,,,,,,no,,,comps/arb_post_hearing_assistant/src/requirements-cpu.txt comps/arb_post_hearing_assistant/src/requirements-gpu.txt,others::named package pip || others::named package setuptools || others::named package uv || others::named package torch || others::named package torchvision || fresh:other file:comps/arb_post_hearing_assistant/src/requirements-cpu.txt || fresh:other file:comps/arb_post_hearing_assistant/src/requirements-gpu.txt,
P307-s6-0,P307,snapshot,8130a3fb9cd8,comps/asr/src/Dockerfile,,,1,,-r comps/asr/src/requirements-gpu.txt,,script,,,,,,,comps/asr/src/requirements-gpu.txt,yes,,,-r,others::named package pip || others::named package setuptools || others::named package uv || others::named package torch || T::-r comps/asr/src/requirements-cpu.txt || T::-r comps/asr/src/requirements-gpu.txt,
P307-s7-0,P307,snapshot,8130a3fb9cd8,comps/asr/src/Dockerfile.openEuler,,,1,,-r comps/asr/src/requirements-gpu.txt,,script,,,,,,,comps/asr/src/requirements-gpu.txt,yes,,,-r,others::named package pip || others::named package setuptools || others::named package uv || others::named package torch || T::-r comps/asr/src/requirements-cpu.txt || T::-r comps/asr/src/requirements-gpu.txt,
P307-s8-0,P307,snapshot,8130a3fb9cd8,comps/chathistory/src/Dockerfile,,,1,,-r requirements.txt,,script,,no,,,,,requirements.txt,yes,,,-r comps/chathistory/src/requirements.txt,others::named package pip || others::named package setuptools || others::named package uv || fresh:other file:comps/chathistory/src/requirements.txt || T::-r requirements.txt,
P307-s9-0,P307,snapshot,8130a3fb9cd8,comps/dataprep/src/Dockerfile,,,1,,-r comps/dataprep/src/requirements-gpu.txt,,script,,,,,,,comps/dataprep/src/requirements-gpu.txt,yes,,,-r,others::named package pip || others::named package setuptools || others::named package uv || others::named package torch || others::named package torchvision || T::-r comps/dataprep/src/requirements-cpu.txt || T::-r comps/dataprep/src/requirements-gpu.txt,
P307-s10-0,P307,snapshot,8130a3fb9cd8,comps/dataprep/src/Dockerfile.openEuler,,,1,,-r comps/dataprep/src/requirements-gpu.txt,,script,,,,,,,comps/dataprep/src/requirements-gpu.txt,yes,,,-r,others::named package pip || others::named package setuptools || others::named package uv || others::named package torch || others::named package torchvision || T::-r comps/dataprep/src/requirements-cpu.txt || T::-r comps/dataprep/src/requirements-gpu.txt,
P307-s11-0,P307,snapshot,8130a3fb9cd8,comps/embeddings/src/Dockerfile,,,2,lock unused,comps/embeddings/src/requirements.txt,,script,,no,,,,,,no,,,comps/embeddings/src/requirements.txt,others::named package pip || others::named package setuptools || others::named package uv || fresh:other file:comps/embeddings/src/requirements.txt,
P307-s12-0,P307,snapshot,8130a3fb9cd8,comps/embeddings/src/Dockerfile.openEuler,,,2,lock unused,comps/embeddings/src/requirements.txt,,script,,no,,,,,,no,,,comps/embeddings/src/requirements.txt,others::named package pip || others::named package setuptools || others::named package uv || fresh:other file:comps/embeddings/src/requirements.txt,
P307-s13-0,P307,snapshot,8130a3fb9cd8,comps/feedback_management/src/Dockerfile,,,1,,-r requirements.txt,,script,,,,,,,requirements.txt,yes,,,-r,others::named package pip || others::named package setuptools || others::named package uv || T::-r comps/feedback_management/src/requirements.txt || T::-r requirements.txt,
P307-s14-0,P307,snapshot,8130a3fb9cd8,comps/finetuning/src/Dockerfile,,,1,,-r comps/finetuning/src/requirements-cpu.txt,,script,,,,,,,comps/finetuning/src/requirements-cpu.txt,yes,,,-r,others::named package pip || others::named package setuptools || others::named package uv || others::named package oneccl-bind-pt || others::named package torch || others::named package torchvision || others::named package torchaudio || others::named package intel-extension-for-pytorch || T::-r comps/finetuning/src/requirements-cpu.txt,script run.sh not in the repository (not copied)
P307-s15-0,P307,snapshot,8130a3fb9cd8,comps/finetuning/src/Dockerfile.intel_hpu,,,1,,-r comps/finetuning/src/requirements-cpu.txt,,script,,,,,,,comps/finetuning/src/requirements-cpu.txt,yes,,,-r,others::named package pip || others::named package setuptools || others::named package uv || T::-r comps/finetuning/src/requirements-cpu.txt || others::named package optimum-habana,
P307-s16-0,P307,snapshot,8130a3fb9cd8,comps/finetuning/src/Dockerfile.xtune,,,6,would not build,/home/user/comps/finetuning/src/integrations/xtune/requirements.txt not in the image,,script,,,,,,,,no,,,-r no would,und::would not build || others::named package setuptools || others::named package torch || others::named package torchvision || others::named package torchaudio || others::named package intel-extension-for-pytorch || others::named package oneccl-bind-pt || others::source outside the repository /home/user/comps/finetuning/src/integrations/xtune || others::named package matplotlib || judge::no manifest found for .[metrics] at /home/user/comps/finetuning/src/integrations || others::named package transformers || others::named package optimum || others::named package auto-gptq || others::named pack,script run.sh not in the repository (not copied)
P307-s17-0,P307,snapshot,8130a3fb9cd8,comps/guardrails/src/bias_detection/Dockerfile,,,2,lock unused,comps/guardrails/src/bias_detection/requirements.txt,,script,,no,,,,,,no,,,comps/guardrails/src/bias_detection/requirements.txt,others::named package pip || others::named package setuptools || others::named package uv || others::named package torch || fresh:other file:comps/guardrails/src/bias_detection/requirements.txt,
P307-s18-0,P307,snapshot,8130a3fb9cd8,comps/guardrails/src/factuality_alignment/Dockerfile,,,2,lock unused,comps/guardrails/src/factuality_alignment/requirements.txt,,script,,no,,,,,,no,,,comps/guardrails/src/factuality_alignment/requirements.txt,others::named package pip || others::named package setuptools || others::named package uv || fresh:other file:comps/guardrails/src/factuality_alignment/requirements.txt,
P307-s19-0,P307,snapshot,8130a3fb9cd8,comps/guardrails/src/guardrails/Dockerfile,,,2,lock unused,comps/guardrails/src/guardrails/requirements-cpu.txt; comps/guardrails/src/guardrails/requirements-gpu.txt,,script,,no,,,,,,no,,,comps/guardrails/src/guardrails/requirements-cpu.txt comps/guardrails/src/guardrails/requirements-gpu.txt,others::named package pip || others::named package setuptools || others::named package uv || others::named package torch || fresh:other file:comps/guardrails/src/guardrails/requirements-cpu.txt || fresh:other file:comps/guardrails/src/guardrails/requirements-gpu.txt,
P307-s20-0,P307,snapshot,8130a3fb9cd8,comps/guardrails/src/hallucination_detection/Dockerfile,,,4,,comps/guardrails/src/hallucination_detection/requirements-gpu.txt lockfile 46.0.3,,script,,,,,,46.0.3,,no,,,comps/guardrails/src/hallucination_detection/requirements-cpu.txt comps/guardrails/src/hallucination_detection/requireme,others::named package pip || others::named package setuptools || others::named package uv || others::named package torch || others::named package torchvision || others::named package torchaudio || other_pin::comps/guardrails/src/hallucination_detection/requirements-cpu.txt lockfile 46.0. || other_pin::comps/guardrails/src/hallucination_detection/requirements-gpu.txt lockfile 46.0.,
P307-s21-0,P307,snapshot,8130a3fb9cd8,comps/guardrails/src/pii_detection/Dockerfile,,,2,lock unused,comps/guardrails/src/pii_detection/requirements.txt,,script,,no,,,,,,no,,,comps/guardrails/src/pii_detection/requirements.txt,others::named package pip || others::named package setuptools || others::named package uv || fresh:other file:comps/guardrails/src/pii_detection/requirements.txt,
P307-s22-0,P307,snapshot,8130a3fb9cd8,comps/guardrails/src/prompt_injection/Dockerfile,,,2,lock unused,comps/guardrails/src/prompt_injection/requirements.txt,,script,,no,,,,,,no,,,comps/guardrails/src/prompt_injection/requirements.txt,others::named package pip || others::named package setuptools || others::named package uv || others::named package torch || fresh:other file:comps/guardrails/src/prompt_injection/requirements.txt,
P307-s23-0,P307,snapshot,8130a3fb9cd8,comps/guardrails/src/toxicity_detection/Dockerfile,,,2,lock unused,comps/guardrails/src/toxicity_detection/requirements.txt,,script,,no,,,,,,no,,,comps/guardrails/src/toxicity_detection/requirements.txt,others::named package pip || others::named package setuptools || others::named package uv || others::named package torch || fresh:other file:comps/guardrails/src/toxicity_detection/requirements.txt,
P307-s24-0,P307,snapshot,8130a3fb9cd8,comps/image2image/src/Dockerfile,,,2,lock unused,comps/image2image/src/requirements-cpu.txt; comps/image2image/src/requirements-gpu.txt,,script,,no,,,,,,no,,,comps/image2image/src/requirements-cpu.txt comps/image2image/src/requirements-gpu.txt,others::named package pip || others::named package setuptools || others::named package uv || others::named package torch || others::named package torchvision || fresh:other file:comps/image2image/src/requirements-cpu.txt || fresh:other file:comps/image2image/src/requirements-gpu.txt,script run.sh not in the repository (not copied)
P307-s25-0,P307,snapshot,8130a3fb9cd8,comps/image2image/src/Dockerfile.intel_hpu,,,2,lock unused,comps/image2image/src/requirements-cpu.txt,,script,,no,,,,,,no,,,comps/image2image/src/requirements-cpu.txt,others::named package pip || others::named package setuptools || others::named package uv || fresh:other file:comps/image2image/src/requirements-cpu.txt || others::named package numpy || others::named package optimum,script run.sh not in the repository (not copied)
P307-s26-0,P307,snapshot,8130a3fb9cd8,comps/image2video/src/Dockerfile,,,2,lock unused,comps/image2video/src/requirements-cpu.txt; comps/image2video/src/requirements-gpu.txt,,script,,no,,,,,,no,,,comps/image2video/src/requirements-cpu.txt comps/image2video/src/requirements-gpu.txt,others::named package pip || others::named package setuptools || others::named package uv || others::named package torch || others::named package torchvision || fresh:other file:comps/image2video/src/requirements-cpu.txt || fresh:other file:comps/image2video/src/requirements-gpu.txt,
P307-s27-0,P307,snapshot,8130a3fb9cd8,comps/image2video/src/Dockerfile.intel_hpu,,,2,lock unused,comps/image2video/src/requirements-cpu.txt,,script,,no,,,,,,no,,,comps/image2video/src/requirements-cpu.txt,others::named package pip || others::named package setuptools || fresh:other file:comps/image2video/src/requirements-cpu.txt || others::named package optimum,
P307-s28-0,P307,snapshot,8130a3fb9cd8,comps/language_detection/src/Dockerfile,,,2,lock unused,comps/language_detection/src/requirements.txt,,script,,no,,,,,,no,,,comps/language_detection/src/requirements.txt,others::named package pip || others::named package setuptools || others::named package uv || fresh:other file:comps/language_detection/src/requirements.txt,
P307-s29-0,P307,snapshot,8130a3fb9cd8,comps/llms/src/doc-summarization/Dockerfile,,,2,lock unused,comps/llms/src/doc-summarization/requirements-cpu.txt; comps/llms/src/doc-summarization/requirements-gpu.txt,,script,,no,,,,,,no,,,comps/llms/src/doc-summarization/requirements-cpu.txt comps/llms/src/doc-summarization/requirements-gpu.txt,others::named package pip || others::named package setuptools || others::named package uv || others::named package torch || others::named package torchvision || fresh:other file:comps/llms/src/doc-summarization/requirements-cpu.txt || fresh:other file:comps/llms/src/doc-summarization/requirements-gpu.txt,
P307-s30-0,P307,snapshot,8130a3fb9cd8,comps/llms/src/faq-generation/Dockerfile,,,2,lock unused,comps/llms/src/faq-generation/requirements-cpu.txt; comps/llms/src/faq-generation/requirements-gpu.txt,,script,,no,,,,,,no,,,comps/llms/src/faq-generation/requirements-cpu.txt comps/llms/src/faq-generation/requirements-gpu.txt,others::named package pip || others::named package setuptools || others::named package uv || others::named package torch || others::named package torchvision || fresh:other file:comps/llms/src/faq-generation/requirements-cpu.txt || fresh:other file:comps/llms/src/faq-generation/requirements-gpu.txt,
P307-s31-0,P307,snapshot,8130a3fb9cd8,comps/llms/src/text-generation/Dockerfile,,,2,lock unused,comps/llms/src/text-generation/requirements.txt,,script,,no,,,,,,no,,,comps/llms/src/text-generation/requirements.txt,others::named package pip || others::named package setuptools || others::named package uv || fresh:other file:comps/llms/src/text-generation/requirements.txt,
P307-s32-0,P307,snapshot,8130a3fb9cd8,comps/llms/src/text-generation/Dockerfile.intel_hpu,,,6,would not build,requirements.txt not in the image,,script,,no,,,,,,no,,,comps/llms/src/text-generation/requirements.txt would,others::named package pip || others::named package setuptools || others::named package uv || others::named package optimum-habana || others::named package deepspeed from a URL || und::would not build || fresh:other file:comps/llms/src/text-generation/requirements.txt || others::named package pydantic || others::named package numpy || others::named package transformers,
P307-s33-0,P307,snapshot,8130a3fb9cd8,comps/llms/src/text-generation/Dockerfile.intel_hpu_phi4,,,6,would not build,"the unresolved path is a third-party clone (optimum-habana or similar), another package; by the rules otherwise: requirements.txt not in the image",,writer,no manifest found for . at /home/user/comps/llms/src/text-generation/$WORKPATH/$WORKPATH/optimum-habana,no,,,,,,no,,,comps/llms/src/text-generation/requirements.txt no would,others::named package pip || others::named package setuptools || others::named package uv || others::named package optimum-habana || others::named package deepspeed from a URL || fresh:other file:comps/llms/src/text-generation/requirements.txt || others::named package soundfile || others::named package backoff || others::named package numpy || others::named package transformers || others::named package tokenizers || others::named package peft || others::named package accelerate || judge@start::no manifest found for . at /home/user/comps/llms/src/text-generation/$WORKPATH/$ || und@start::would ,
P307-s34-0,P307,snapshot,8130a3fb9cd8,comps/llms/src/text-generation/Dockerfile.openEuler,,,2,lock unused,comps/llms/src/text-generation/requirements.txt,,script,,no,,,,,,no,,,comps/llms/src/text-generation/requirements.txt,others::named package pip || others::named package setuptools || others::named package uv || fresh:other file:comps/llms/src/text-generation/requirements.txt,
P307-s35-0,P307,snapshot,8130a3fb9cd8,comps/llms/utils/lm-eval/Dockerfile,,,2,lock unused,comps/llms/utils/lm-eval/requirements-cpu.txt,,script,,no,,,,,,no,,,comps/llms/utils/lm-eval/requirements-cpu.txt,others::named package pip || others::named package setuptools || others::named package uv || others::named package torch || fresh:other file:comps/llms/utils/lm-eval/requirements-cpu.txt,
P307-s36-0,P307,snapshot,8130a3fb9cd8,comps/lvms/src/Dockerfile,,,1,,-r comps/lvms/src/requirements-gpu.txt,,script,,,,,,,comps/lvms/src/requirements-gpu.txt,yes,,,-r,others::named package pip || others::named package setuptools || others::named package uv || others::named package torch || T::-r comps/lvms/src/requirements-cpu.txt || T::-r comps/lvms/src/requirements-gpu.txt || others::named package transformers,
P307-s37-0,P307,snapshot,8130a3fb9cd8,comps/prompt_registry/src/Dockerfile,,,1,,-r requirements.txt,,script,,,,,,,requirements.txt,yes,,,-r,others::named package pip || others::named package setuptools || others::named package uv || T::-r comps/prompt_registry/src/requirements.txt || T::-r requirements.txt,
P307-s38-0,P307,snapshot,8130a3fb9cd8,comps/prompt_template/src/Dockerfile,,,2,lock unused,comps/prompt_template/src/requirements.txt,,script,,no,,,,,,no,,,comps/prompt_template/src/requirements.txt,others::named package pip || others::named package setuptools || others::named package uv || fresh:other file:comps/prompt_template/src/requirements.txt,
P307-s39-0,P307,snapshot,8130a3fb9cd8,comps/rerankings/src/Dockerfile,,,2,lock unused,comps/rerankings/src/requirements-cpu.txt; comps/rerankings/src/requirements-gpu.txt,,script,,no,,,,,,no,,,comps/rerankings/src/requirements-cpu.txt comps/rerankings/src/requirements-gpu.txt,others::named package pip || others::named package setuptools || others::named package uv || others::named package torch || fresh:other file:comps/rerankings/src/requirements-cpu.txt || fresh:other file:comps/rerankings/src/requirements-gpu.txt,
P307-s40-0,P307,snapshot,8130a3fb9cd8,comps/rerankings/src/Dockerfile.openEuler,,,2,lock unused,comps/rerankings/src/requirements-cpu.txt; comps/rerankings/src/requirements-gpu.txt,,script,,no,,,,,,no,,,comps/rerankings/src/requirements-cpu.txt comps/rerankings/src/requirements-gpu.txt,others::named package pip || others::named package setuptools || others::named package uv || others::named package torch || fresh:other file:comps/rerankings/src/requirements-cpu.txt || fresh:other file:comps/rerankings/src/requirements-gpu.txt,
P307-s41-0,P307,snapshot,8130a3fb9cd8,comps/retrievers/src/Dockerfile,,,2,lock unused,comps/retrievers/src/requirements-cpu.txt; comps/retrievers/src/requirements-gpu.txt,,script,,no,,,,,,no,,,comps/retrievers/src/requirements-cpu.txt comps/retrievers/src/requirements-gpu.txt,others::named package pip || others::named package setuptools || others::named package uv || others::named package torch || others::named package torchvision || fresh:other file:comps/retrievers/src/requirements-cpu.txt || fresh:other file:comps/retrievers/src/requirements-gpu.txt,
P307-s42-0,P307,snapshot,8130a3fb9cd8,comps/retrievers/src/Dockerfile.openEuler,,,2,lock unused,comps/retrievers/src/requirements-cpu.txt; comps/retrievers/src/requirements-gpu.txt,,script,,no,,,,,,no,,,comps/retrievers/src/requirements-cpu.txt comps/retrievers/src/requirements-gpu.txt,others::named package pip || others::named package setuptools || others::named package uv || others::named package torch || others::named package torchvision || fresh:other file:comps/retrievers/src/requirements-cpu.txt || fresh:other file:comps/retrievers/src/requirements-gpu.txt,
P307-s43-0,P307,snapshot,8130a3fb9cd8,comps/router/src/Dockerfile,,,2,lock unused,comps/router/src/requirements.txt,,script,,no,,,,,,no,,,comps/router/src/requirements.txt,others::named package pip || others::named package uv || fresh:other file:comps/router/src/requirements.txt || others::named package torch || others::source outside the repository /tmp/RouteLLM,
P307-s44-0,P307,snapshot,8130a3fb9cd8,comps/struct2graph/src/Dockerfile,,,2,lock unused,comps/struct2graph/src/requirements.txt,,script,,no,,,,,,no,,,comps/struct2graph/src/requirements.txt,others::named package pip || others::named package setuptools || others::named package uv || fresh:other file:comps/struct2graph/src/requirements.txt,
P307-s45-0,P307,snapshot,8130a3fb9cd8,comps/text2cypher/src/Dockerfile.intel_hpu,,,1,,-r comps/text2cypher/src/requirements-cpu.txt,,script,,,,,,,comps/text2cypher/src/requirements-cpu.txt,yes,,,-r,others::named package pip || others::named package setuptools || others::named package uv || others::named package optimum-habana || others::named package deepspeed from a URL || T::-r comps/text2cypher/src/requirements-cpu.txt || others::named package pydantic || others::named package numpy || others::named package transformers,script run.sh not in the repository (not copied)
P307-s46-0,P307,snapshot,8130a3fb9cd8,comps/text2graph/src/Dockerfile,,,2,lock unused,comps/text2graph/src/requirements-cpu.txt; comps/text2graph/src/requirements-gpu.txt,,script,,no,,,,,,no,,,comps/text2graph/src/requirements-cpu.txt comps/text2graph/src/requirements-gpu.txt,others::named package pip || others::named package setuptools || others::named package uv || others::named package torch || fresh:other file:comps/text2graph/src/requirements-cpu.txt || fresh:other file:comps/text2graph/src/requirements-gpu.txt,
P307-s47-0,P307,snapshot,8130a3fb9cd8,comps/text2image/src/Dockerfile,,,2,lock unused,comps/text2image/src/requirements-cpu.txt; comps/text2image/src/requirements-gpu.txt,,script,,no,,,,,,no,,,comps/text2image/src/requirements-cpu.txt comps/text2image/src/requirements-gpu.txt,others::named package pip || others::named package setuptools || others::named package uv || others::named package torch || others::named package torchvision || fresh:other file:comps/text2image/src/requirements-cpu.txt || fresh:other file:comps/text2image/src/requirements-gpu.txt,script run.sh not in the repository (not copied)
P307-s48-0,P307,snapshot,8130a3fb9cd8,comps/text2image/src/Dockerfile.intel_hpu,,,2,lock unused,comps/text2image/src/requirements-cpu.txt,,script,,no,,,,,,no,,,comps/text2image/src/requirements-cpu.txt,others::named package pip || others::named package setuptools || others::named package uv || fresh:other file:comps/text2image/src/requirements-cpu.txt || others::named package optimum-habana from a URL,script run.sh not in the repository (not copied)
P307-s49-0,P307,snapshot,8130a3fb9cd8,comps/text2kg/src/Dockerfile,,,2,lock unused,comps/text2kg/src/requirements-cpu.txt; comps/text2kg/src/requirements-gpu.txt,,script,,no,,,,,,no,,,comps/text2kg/src/requirements-cpu.txt comps/text2kg/src/requirements-gpu.txt,others::named package pip || others::named package setuptools || others::named package uv || others::named package torch || fresh:other file:comps/text2kg/src/requirements-cpu.txt || fresh:other file:comps/text2kg/src/requirements-gpu.txt,
P307-s50-0,P307,snapshot,8130a3fb9cd8,comps/text2query/src/Dockerfile,,,2,lock unused,comps/text2query/src/requirements-cpu.txt; comps/text2query/src/requirements-gpu.txt,,script,,no,,,,,,no,,,comps/text2query/src/requirements-cpu.txt comps/text2query/src/requirements-gpu.txt,others::named package pip || others::named package setuptools || others::named package uv || others::named package torch || fresh:other file:comps/text2query/src/requirements-cpu.txt || fresh:other file:comps/text2query/src/requirements-gpu.txt,
P307-s51-0,P307,snapshot,8130a3fb9cd8,comps/text2query/src/Dockerfile.cypher.intel_hpu,,,2,lock unused,comps/text2query/src/requirements-cpu.txt,,script,,no,,,,,,no,,,comps/text2query/src/requirements-cpu.txt,others::named package pip || others::named package setuptools || others::named package uv || others::named package accelerate || others::named package huggingface-hub || others::named package json-repair || others::named package langchain-experimental || others::named package llama-index || others::named package llama-index-embeddings-huggingface || others::named package llama-index-embeddings-langchain || others::named package llama-index-graph-stores-neo4j || others::named package llama-index-llms-huggingface || others::named package llama-index-llms-huggingface-api || others::named package ,
P307-s52-0,P307,snapshot,8130a3fb9cd8,comps/text2sql/src/Dockerfile,,,2,lock unused,comps/text2sql/src/requirements-cpu.txt; comps/text2sql/src/requirements-gpu.txt,,script,,no,,,,,,no,,,comps/text2sql/src/requirements-cpu.txt comps/text2sql/src/requirements-gpu.txt,others::named package pip || others::named package setuptools || others::named package uv || others::named package torch || fresh:other file:comps/text2sql/src/requirements-cpu.txt || fresh:other file:comps/text2sql/src/requirements-gpu.txt,
P307-s53-0,P307,snapshot,8130a3fb9cd8,comps/third_parties/bridgetower/src/Dockerfile,,,2,lock unused,comps/third_parties/bridgetower/src/requirements-cpu.txt; comps/third_parties/bridgetower/src/requirements-gpu.txt,,script,,no,,,,,,no,,,comps/third_parties/bridgetower/src/requirements-cpu.txt comps/third_parties/bridgetower/src/requirements-gpu.txt,others::named package pip || others::named package setuptools || others::named package uv || others::named package torch || others::named package torchvision || fresh:other file:comps/third_parties/bridgetower/src/requirements-cpu.txt || fresh:other file:comps/third_parties/bridgetower/src/requirements-gpu.txt,
P307-s54-0,P307,snapshot,8130a3fb9cd8,comps/third_parties/bridgetower/src/Dockerfile.intel_hpu,,,2,lock unused,comps/third_parties/bridgetower/src/requirements-cpu.txt,,script,,no,,,,,,no,,,comps/third_parties/bridgetower/src/requirements-cpu.txt,others::named package pip || others::named package setuptools || others::named package uv || fresh:other file:comps/third_parties/bridgetower/src/requirements-cpu.txt || others::named package transformers || others::named package optimum-habana from a URL,
P307-s55-0,P307,snapshot,8130a3fb9cd8,comps/third_parties/clip/src/Dockerfile,,,2,lock unused,comps/third_parties/clip/src/requirements-cpu.txt; comps/third_parties/clip/src/requirements-gpu.txt,,script,,no,,,,,,no,,,comps/third_parties/clip/src/requirements-cpu.txt comps/third_parties/clip/src/requirements-gpu.txt,others::named package pip || others::named package setuptools || others::named package uv || others::named package torch || others::named package torchvision || fresh:other file:comps/third_parties/clip/src/requirements-cpu.txt || fresh:other file:comps/third_parties/clip/src/requirements-gpu.txt,
P307-s56-0,P307,snapshot,8130a3fb9cd8,comps/third_parties/funasr/src/Dockerfile,,,4,,comps/third_parties/funasr/src/requirements-cpu.txt lockfile 46.0.3,,script,,,,,,46.0.3,,no,,,comps/third_parties/funasr/src/requirements-cpu.txt,others::named package pip || others::named package setuptools || others::named package uv || others::named package torch || others::named package torchaudio || other_pin::comps/third_parties/funasr/src/requirements-cpu.txt lockfile 46.0.3,
P307-s57-0,P307,snapshot,8130a3fb9cd8,comps/third_parties/gpt-sovits/src/Dockerfile,,,6,would not build,GPT-SoVITS/requirements.txt not in the image,,script,,,,,,,,no,,,would,others::named package pip || others::named package setuptools || others::named package uv || und::would not build || und::would not build || others::named package soxr || others::named package soundfile || others::named package librosa,
P307-s58-0,P307,snapshot,8130a3fb9cd8,comps/third_parties/ipex/src/Dockerfile,,,6,script not read,env_setup.sh from stage,,script,,,,,,,,no,,,script,others::conda packages || others::conda packages || und::script not read || others::named package backoff || others::named package fastapi || others::named package uvicorn,script miniforge.sh not in the repository (not copied); script env_setup.sh not in the repository (not copied); script env_setup.sh not in the repository (not copied)
P307-s59-0,P307,snapshot,8130a3fb9cd8,comps/third_parties/llama-vision/src/Dockerfile,,,2,lock unused,comps/third_parties/llama-vision/src/requirements-cpu.txt,,script,,no,,,,,,no,,,comps/third_parties/llama-vision/src/requirements-cpu.txt,others::named package pip || others::named package setuptools || others::named package uv || fresh:other file:comps/third_parties/llama-vision/src/requirements-cpu.txt || others::named package pillow || others::named package optimum-habana from a URL,
P307-s60-0,P307,snapshot,8130a3fb9cd8,comps/third_parties/llama-vision/src/Dockerfile.guard,,,2,lock unused,comps/third_parties/llama-vision/src/requirements-cpu.txt,,script,,no,,,,,,no,,,comps/third_parties/llama-vision/src/requirements-cpu.txt,others::named package pip || others::named package setuptools || fresh:other file:comps/third_parties/llama-vision/src/requirements-cpu.txt || others::named package pillow || others::named package optimum-habana from a URL,
P307-s61-0,P307,snapshot,8130a3fb9cd8,comps/third_parties/llama-vision/src/Dockerfile.tp,,,2,lock unused,comps/third_parties/llama-vision/src/requirements_tp.txt,,script,,no,,,,,,no,,,comps/third_parties/llama-vision/src/requirements_tp.txt,others::named package deepspeed from a URL || others::named package optimum-habana from a URL || others::named package pip || others::named package setuptools || fresh:other file:comps/third_parties/llama-vision/src/requirements_tp.txt,
P307-s62-0,P307,snapshot,8130a3fb9cd8,comps/third_parties/llava/src/Dockerfile,,,2,lock unused,comps/third_parties/llava/src/requirements-cpu.txt; comps/third_parties/llava/src/requirements-gpu.txt,,script,,no,,,,,,no,,,comps/third_parties/llava/src/requirements-cpu.txt comps/third_parties/llava/src/requirements-gpu.txt,others::named package pip || others::named package setuptools || others::named package uv || others::named package torch || others::named package torchvision || fresh:other file:comps/third_parties/llava/src/requirements-cpu.txt || fresh:other file:comps/third_parties/llava/src/requirements-gpu.txt,
P307-s63-0,P307,snapshot,8130a3fb9cd8,comps/third_parties/llava/src/Dockerfile.intel_hpu,,,2,lock unused,comps/third_parties/llava/src/requirements-cpu.txt,,script,,no,,,,,,no,,,comps/third_parties/llava/src/requirements-cpu.txt,others::named package pip || others::named package setuptools || others::named package uv || fresh:other file:comps/third_parties/llava/src/requirements-cpu.txt || others::named package optimum || others::named package jinja2,
P307-s64-0,P307,snapshot,8130a3fb9cd8,comps/third_parties/nginx/src/Dockerfile,,,5,no Python install,,,script,,,,,,,,no,,,,,
P307-s65-0,P307,snapshot,8130a3fb9cd8,comps/third_parties/nginx/src/Dockerfile.openEuler,,,5,no Python install,,,script,,,,,,,,no,,,,,
P307-s66-0,P307,snapshot,8130a3fb9cd8,comps/third_parties/pathway/src/Dockerfile,,,4,,comps/third_parties/pathway/src/requirements-gpu.txt lockfile 46.0.3,,script,,,,,,46.0.3,,no,,,comps/third_parties/pathway/src/requirements-cpu.txt comps/third_parties/pathway/src/requirements-gpu.txt,others::named package pip || others::named package setuptools || others::named package uv || others::named package torch || others::named package torchvision || other_pin::comps/third_parties/pathway/src/requirements-cpu.txt lockfile 46.0.3 || other_pin::comps/third_parties/pathway/src/requirements-gpu.txt lockfile 46.0.3,
P307-s67-0,P307,snapshot,8130a3fb9cd8,comps/third_parties/predictionguard/src/Dockerfile,,,2,lock unused,comps/third_parties/predictionguard/src/requirements.txt,,script,,no,,,,,,no,,,comps/third_parties/predictionguard/src/requirements.txt,others::named package pip || others::named package setuptools || others::named package uv || fresh:other file:comps/third_parties/predictionguard/src/requirements.txt,
P307-s68-0,P307,snapshot,8130a3fb9cd8,comps/third_parties/sglang/src/Dockerfile,,comps/third_parties/sglang/src,5,other named packages only,,,script,,,,,,,,no,,,,others::conda packages || others::named package intel-openmp || others::source outside the repository /sgl-workspace/sglang/python || others::named package torch || others::named package torchvision || others::named package triton || others::source outside the repository /sgl-workspace/sglang/sgl-kernel,script miniforge.sh not in the repository (not copied)
P307-s69-0,P307,snapshot,8130a3fb9cd8,comps/third_parties/speecht5/src/Dockerfile,,,2,lock unused,comps/third_parties/speecht5/src/requirements-cpu.txt; comps/third_parties/speecht5/src/requirements-gpu.txt,,script,,no,,,,,,no,,,comps/third_parties/speecht5/src/requirements-cpu.txt comps/third_parties/speecht5/src/requirements-gpu.txt,others::named package pip || others::named package setuptools || others::named package uv || others::named package torch || others::named package torchvision || fresh:other file:comps/third_parties/speecht5/src/requirements-cpu.txt || fresh:other file:comps/third_parties/speecht5/src/requirements-gpu.txt,
P307-s70-0,P307,snapshot,8130a3fb9cd8,comps/third_parties/speecht5/src/Dockerfile.intel_hpu,,,2,lock unused,comps/third_parties/speecht5/src/requirements-cpu.txt,,script,,no,,,,,,no,,,comps/third_parties/speecht5/src/requirements-cpu.txt,others::named package pip || others::named package setuptools || others::named package uv || fresh:other file:comps/third_parties/speecht5/src/requirements-cpu.txt || others::named package numpy || others::named package optimum,
P307-s71-0,P307,snapshot,8130a3fb9cd8,comps/third_parties/speecht5/src/Dockerfile.openEuler,,,2,lock unused,comps/third_parties/speecht5/src/requirements-cpu.txt; comps/third_parties/speecht5/src/requirements-gpu.txt,,script,,no,,,,,,no,,,comps/third_parties/speecht5/src/requirements-cpu.txt comps/third_parties/speecht5/src/requirements-gpu.txt,others::named package pip || others::named package setuptools || others::named package uv || others::named package torch || others::named package torchvision || fresh:other file:comps/third_parties/speecht5/src/requirements-cpu.txt || fresh:other file:comps/third_parties/speecht5/src/requirements-gpu.txt,
P307-s72-0,P307,snapshot,8130a3fb9cd8,comps/third_parties/video-llama/src/Dockerfile,,,6,script not read,start.sh from ext,,script,,no,,,,,,no,,,comps/third_parties/video-llama/src/requirements-cpu.txt comps/third_parties/video-llama/src/requirements-gpu.txt script,others::named package pip || others::named package setuptools || others::named package uv || others::named package torch || others::named package torchaudio || others::named package torchvision || fresh:other file:comps/third_parties/video-llama/src/requirements-cpu.txt || fresh:other file:comps/third_parties/video-llama/src/requirements-gpu.txt || und@start::script not read,
P307-s73-0,P307,snapshot,8130a3fb9cd8,comps/third_parties/vllm/src/Dockerfile.amd_gpu,,comps/third_parties/vllm/src,5,no Python install,,,script,,,,,,,,no,,,,,
P307-s74-0,P307,snapshot,8130a3fb9cd8,comps/third_parties/wav2lip/src/Dockerfile,,,2,lock unused,comps/animation/src/requirements-cpu.txt; comps/animation/src/requirements-gpu.txt,,script,,no,,,,,,no,,,comps/animation/src/requirements-cpu.txt comps/animation/src/requirements-gpu.txt,others::named package pip || others::named package setuptools || others::named package wav2lipy || others::named package gfpgan || others::named package pip || others::named package setuptools || others::named package uv || fresh:other file:comps/animation/src/requirements-cpu.txt || fresh:other file:comps/animation/src/requirements-gpu.txt,
P307-s75-0,P307,snapshot,8130a3fb9cd8,comps/third_parties/wav2lip/src/Dockerfile.intel_hpu,,,2,lock unused,comps/animation/src/requirements-cpu.txt,,script,,no,,,,,,no,,,comps/animation/src/requirements-cpu.txt,others::named package pip || others::named package uv || others::named package wav2lipy || others::named package gfpgan || fresh:other file:comps/animation/src/requirements-cpu.txt,
P307-s76-0,P307,snapshot,8130a3fb9cd8,comps/third_parties/whisper/src/Dockerfile,,,4,,comps/third_parties/whisper/src/requirements-gpu.txt lockfile 46.0.3,,script,,,,,,46.0.3,,no,,,comps/third_parties/whisper/src/requirements-cpu.txt comps/third_parties/whisper/src/requirements-gpu.txt,others::named package pip || others::named package setuptools || others::named package uv || others::named package torch || others::named package torchvision || other_pin::comps/third_parties/whisper/src/requirements-cpu.txt lockfile 46.0.3 || other_pin::comps/third_parties/whisper/src/requirements-gpu.txt lockfile 46.0.3,
P307-s77-0,P307,snapshot,8130a3fb9cd8,comps/third_parties/whisper/src/Dockerfile.intel_hpu,,,4,,comps/third_parties/whisper/src/requirements-cpu.txt lockfile 46.0.3,,script,,,,,,46.0.3,,no,,,comps/third_parties/whisper/src/requirements-cpu.txt,others::named package pip || others::named package setuptools || others::named package uv || other_pin::comps/third_parties/whisper/src/requirements-cpu.txt lockfile 46.0.3 || others::named package numpy || others::named package optimum-habana || others::named package jinja2,
P307-s78-0,P307,snapshot,8130a3fb9cd8,comps/third_parties/whisper/src/Dockerfile.openEuler,,,4,,comps/third_parties/whisper/src/requirements-gpu.txt lockfile 46.0.3,,script,,,,,,46.0.3,,no,,,comps/third_parties/whisper/src/requirements-cpu.txt comps/third_parties/whisper/src/requirements-gpu.txt,others::named package pip || others::named package setuptools || others::named package uv || others::named package torch || others::named package torchvision || other_pin::comps/third_parties/whisper/src/requirements-cpu.txt lockfile 46.0.3 || other_pin::comps/third_parties/whisper/src/requirements-gpu.txt lockfile 46.0.3,
P307-s79-0,P307,snapshot,8130a3fb9cd8,comps/tts/src/Dockerfile,,,1,,-r comps/tts/src/requirements.txt,,script,,,,,,,comps/tts/src/requirements.txt,yes,,,-r,others::named package pip || others::named package setuptools || others::named package uv || T::-r comps/tts/src/requirements.txt,
P307-s80-0,P307,snapshot,8130a3fb9cd8,comps/tts/src/Dockerfile.openEuler,,,1,,-r comps/tts/src/requirements.txt,,script,,,,,,,comps/tts/src/requirements.txt,yes,,,-r,others::named package pip || others::named package setuptools || others::named package uv || T::-r comps/tts/src/requirements.txt,
P307-s81-0,P307,snapshot,8130a3fb9cd8,comps/web_retrievers/src/Dockerfile,,,1,,-r comps/web_retrievers/src/requirements-gpu.txt,,script,,,,,,,comps/web_retrievers/src/requirements-gpu.txt,yes,,,-r,others::named package pip || others::named package setuptools || others::named package uv || others::named package torch || others::named package torchvision || T::-r comps/web_retrievers/src/requirements-cpu.txt || T::-r comps/web_retrievers/src/requirements-gpu.txt,
P307-h1-0,P307,head,8130a3fb9cd8,Dockerfile,,,1,,-r requirements.txt,,script,,,,,,,requirements.txt,yes,,,-r,others::named package pip || others::named package setuptools || others::named package uv || T::-r requirements.txt,
P307-h2-0,P307,head,8130a3fb9cd8,Dockerfile.openEuler,,,1,,-r requirements.txt,,script,,,,,,,requirements.txt,yes,,,-r,others::named package pip || others::named package setuptools || others::named package uv || T::-r requirements.txt,
P307-h3-0,P307,head,8130a3fb9cd8,comps/agent/src/Dockerfile,,,1,,-r comps/agent/src/requirements.txt,,script,,,,,,,comps/agent/src/requirements.txt,yes,,,-r,others::named package pip || others::named package setuptools || others::named package uv || T::-r comps/agent/src/requirements.txt,
P307-h4-0,P307,head,8130a3fb9cd8,comps/animation/src/Dockerfile,,,2,lock unused,comps/animation/src/requirements-cpu.txt; comps/animation/src/requirements-gpu.txt,,script,,no,,,,,,no,,,comps/animation/src/requirements-cpu.txt comps/animation/src/requirements-gpu.txt,others::named package pip || others::named package setuptools || others::named package uv || fresh:other file:comps/animation/src/requirements-cpu.txt || fresh:other file:comps/animation/src/requirements-gpu.txt,
P307-h5-0,P307,head,8130a3fb9cd8,comps/arb_post_hearing_assistant/src/Dockerfile,,,2,lock unused,comps/arb_post_hearing_assistant/src/requirements-cpu.txt; comps/arb_post_hearing_assistant/src/requirements-gpu.txt,,script,,no,,,,,,no,,,comps/arb_post_hearing_assistant/src/requirements-cpu.txt comps/arb_post_hearing_assistant/src/requirements-gpu.txt,others::named package pip || others::named package setuptools || others::named package uv || others::named package torch || others::named package torchvision || fresh:other file:comps/arb_post_hearing_assistant/src/requirements-cpu.txt || fresh:other file:comps/arb_post_hearing_assistant/src/requirements-gpu.txt,
P307-h6-0,P307,head,8130a3fb9cd8,comps/asr/src/Dockerfile,,,1,,-r comps/asr/src/requirements-gpu.txt,,script,,,,,,,comps/asr/src/requirements-gpu.txt,yes,,,-r,others::named package pip || others::named package setuptools || others::named package uv || others::named package torch || T::-r comps/asr/src/requirements-cpu.txt || T::-r comps/asr/src/requirements-gpu.txt,
P307-h7-0,P307,head,8130a3fb9cd8,comps/asr/src/Dockerfile.openEuler,,,1,,-r comps/asr/src/requirements-gpu.txt,,script,,,,,,,comps/asr/src/requirements-gpu.txt,yes,,,-r,others::named package pip || others::named package setuptools || others::named package uv || others::named package torch || T::-r comps/asr/src/requirements-cpu.txt || T::-r comps/asr/src/requirements-gpu.txt,
P307-h8-0,P307,head,8130a3fb9cd8,comps/chathistory/src/Dockerfile,,,1,,-r requirements.txt,,script,,no,,,,,requirements.txt,yes,,,-r comps/chathistory/src/requirements.txt,others::named package pip || others::named package setuptools || others::named package uv || fresh:other file:comps/chathistory/src/requirements.txt || T::-r requirements.txt,
P307-h9-0,P307,head,8130a3fb9cd8,comps/dataprep/src/Dockerfile,,,1,,-r comps/dataprep/src/requirements-gpu.txt,,script,,,,,,,comps/dataprep/src/requirements-gpu.txt,yes,,,-r,others::named package pip || others::named package setuptools || others::named package uv || others::named package torch || others::named package torchvision || T::-r comps/dataprep/src/requirements-cpu.txt || T::-r comps/dataprep/src/requirements-gpu.txt,
P307-h10-0,P307,head,8130a3fb9cd8,comps/dataprep/src/Dockerfile.openEuler,,,1,,-r comps/dataprep/src/requirements-gpu.txt,,script,,,,,,,comps/dataprep/src/requirements-gpu.txt,yes,,,-r,others::named package pip || others::named package setuptools || others::named package uv || others::named package torch || others::named package torchvision || T::-r comps/dataprep/src/requirements-cpu.txt || T::-r comps/dataprep/src/requirements-gpu.txt,
P307-h11-0,P307,head,8130a3fb9cd8,comps/embeddings/src/Dockerfile,,,2,lock unused,comps/embeddings/src/requirements.txt,,script,,no,,,,,,no,,,comps/embeddings/src/requirements.txt,others::named package pip || others::named package setuptools || others::named package uv || fresh:other file:comps/embeddings/src/requirements.txt,
P307-h12-0,P307,head,8130a3fb9cd8,comps/embeddings/src/Dockerfile.openEuler,,,2,lock unused,comps/embeddings/src/requirements.txt,,script,,no,,,,,,no,,,comps/embeddings/src/requirements.txt,others::named package pip || others::named package setuptools || others::named package uv || fresh:other file:comps/embeddings/src/requirements.txt,
P307-h13-0,P307,head,8130a3fb9cd8,comps/feedback_management/src/Dockerfile,,,1,,-r requirements.txt,,script,,,,,,,requirements.txt,yes,,,-r,others::named package pip || others::named package setuptools || others::named package uv || T::-r comps/feedback_management/src/requirements.txt || T::-r requirements.txt,
P307-h14-0,P307,head,8130a3fb9cd8,comps/finetuning/src/Dockerfile,,,1,,-r comps/finetuning/src/requirements-cpu.txt,,script,,,,,,,comps/finetuning/src/requirements-cpu.txt,yes,,,-r,others::named package pip || others::named package setuptools || others::named package uv || others::named package oneccl-bind-pt || others::named package torch || others::named package torchvision || others::named package torchaudio || others::named package intel-extension-for-pytorch || T::-r comps/finetuning/src/requirements-cpu.txt,script run.sh not in the repository (not copied)
P307-h15-0,P307,head,8130a3fb9cd8,comps/finetuning/src/Dockerfile.intel_hpu,,,1,,-r comps/finetuning/src/requirements-cpu.txt,,script,,,,,,,comps/finetuning/src/requirements-cpu.txt,yes,,,-r,others::named package pip || others::named package setuptools || others::named package uv || T::-r comps/finetuning/src/requirements-cpu.txt || others::named package optimum-habana,
P307-h16-0,P307,head,8130a3fb9cd8,comps/finetuning/src/Dockerfile.xtune,,,6,would not build,/home/user/comps/finetuning/src/integrations/xtune/requirements.txt not in the image,,script,,,,,,,,no,,,-r no would,und::would not build || others::named package setuptools || others::named package torch || others::named package torchvision || others::named package torchaudio || others::named package intel-extension-for-pytorch || others::named package oneccl-bind-pt || others::source outside the repository /home/user/comps/finetuning/src/integrations/xtune || others::named package matplotlib || judge::no manifest found for .[metrics] at /home/user/comps/finetuning/src/integrations || others::named package transformers || others::named package optimum || others::named package auto-gptq || others::named pack,script run.sh not in the repository (not copied)
P307-h17-0,P307,head,8130a3fb9cd8,comps/guardrails/src/bias_detection/Dockerfile,,,2,lock unused,comps/guardrails/src/bias_detection/requirements.txt,,script,,no,,,,,,no,,,comps/guardrails/src/bias_detection/requirements.txt,others::named package pip || others::named package setuptools || others::named package uv || others::named package torch || fresh:other file:comps/guardrails/src/bias_detection/requirements.txt,
P307-h18-0,P307,head,8130a3fb9cd8,comps/guardrails/src/factuality_alignment/Dockerfile,,,2,lock unused,comps/guardrails/src/factuality_alignment/requirements.txt,,script,,no,,,,,,no,,,comps/guardrails/src/factuality_alignment/requirements.txt,others::named package pip || others::named package setuptools || others::named package uv || fresh:other file:comps/guardrails/src/factuality_alignment/requirements.txt,
P307-h19-0,P307,head,8130a3fb9cd8,comps/guardrails/src/guardrails/Dockerfile,,,2,lock unused,comps/guardrails/src/guardrails/requirements-cpu.txt; comps/guardrails/src/guardrails/requirements-gpu.txt,,script,,no,,,,,,no,,,comps/guardrails/src/guardrails/requirements-cpu.txt comps/guardrails/src/guardrails/requirements-gpu.txt,others::named package pip || others::named package setuptools || others::named package uv || others::named package torch || fresh:other file:comps/guardrails/src/guardrails/requirements-cpu.txt || fresh:other file:comps/guardrails/src/guardrails/requirements-gpu.txt,
P307-h20-0,P307,head,8130a3fb9cd8,comps/guardrails/src/hallucination_detection/Dockerfile,,,4,,comps/guardrails/src/hallucination_detection/requirements-gpu.txt lockfile 46.0.3,,script,,,,,,46.0.3,,no,,,comps/guardrails/src/hallucination_detection/requirements-cpu.txt comps/guardrails/src/hallucination_detection/requireme,others::named package pip || others::named package setuptools || others::named package uv || others::named package torch || others::named package torchvision || others::named package torchaudio || other_pin::comps/guardrails/src/hallucination_detection/requirements-cpu.txt lockfile 46.0. || other_pin::comps/guardrails/src/hallucination_detection/requirements-gpu.txt lockfile 46.0.,
P307-h21-0,P307,head,8130a3fb9cd8,comps/guardrails/src/pii_detection/Dockerfile,,,2,lock unused,comps/guardrails/src/pii_detection/requirements.txt,,script,,no,,,,,,no,,,comps/guardrails/src/pii_detection/requirements.txt,others::named package pip || others::named package setuptools || others::named package uv || fresh:other file:comps/guardrails/src/pii_detection/requirements.txt,
P307-h22-0,P307,head,8130a3fb9cd8,comps/guardrails/src/prompt_injection/Dockerfile,,,2,lock unused,comps/guardrails/src/prompt_injection/requirements.txt,,script,,no,,,,,,no,,,comps/guardrails/src/prompt_injection/requirements.txt,others::named package pip || others::named package setuptools || others::named package uv || others::named package torch || fresh:other file:comps/guardrails/src/prompt_injection/requirements.txt,
P307-h23-0,P307,head,8130a3fb9cd8,comps/guardrails/src/toxicity_detection/Dockerfile,,,2,lock unused,comps/guardrails/src/toxicity_detection/requirements.txt,,script,,no,,,,,,no,,,comps/guardrails/src/toxicity_detection/requirements.txt,others::named package pip || others::named package setuptools || others::named package uv || others::named package torch || fresh:other file:comps/guardrails/src/toxicity_detection/requirements.txt,
P307-h24-0,P307,head,8130a3fb9cd8,comps/image2image/src/Dockerfile,,,2,lock unused,comps/image2image/src/requirements-cpu.txt; comps/image2image/src/requirements-gpu.txt,,script,,no,,,,,,no,,,comps/image2image/src/requirements-cpu.txt comps/image2image/src/requirements-gpu.txt,others::named package pip || others::named package setuptools || others::named package uv || others::named package torch || others::named package torchvision || fresh:other file:comps/image2image/src/requirements-cpu.txt || fresh:other file:comps/image2image/src/requirements-gpu.txt,script run.sh not in the repository (not copied)
P307-h25-0,P307,head,8130a3fb9cd8,comps/image2image/src/Dockerfile.intel_hpu,,,2,lock unused,comps/image2image/src/requirements-cpu.txt,,script,,no,,,,,,no,,,comps/image2image/src/requirements-cpu.txt,others::named package pip || others::named package setuptools || others::named package uv || fresh:other file:comps/image2image/src/requirements-cpu.txt || others::named package numpy || others::named package optimum,script run.sh not in the repository (not copied)
P307-h26-0,P307,head,8130a3fb9cd8,comps/image2video/src/Dockerfile,,,2,lock unused,comps/image2video/src/requirements-cpu.txt; comps/image2video/src/requirements-gpu.txt,,script,,no,,,,,,no,,,comps/image2video/src/requirements-cpu.txt comps/image2video/src/requirements-gpu.txt,others::named package pip || others::named package setuptools || others::named package uv || others::named package torch || others::named package torchvision || fresh:other file:comps/image2video/src/requirements-cpu.txt || fresh:other file:comps/image2video/src/requirements-gpu.txt,
P307-h27-0,P307,head,8130a3fb9cd8,comps/image2video/src/Dockerfile.intel_hpu,,,2,lock unused,comps/image2video/src/requirements-cpu.txt,,script,,no,,,,,,no,,,comps/image2video/src/requirements-cpu.txt,others::named package pip || others::named package setuptools || fresh:other file:comps/image2video/src/requirements-cpu.txt || others::named package optimum,
P307-h28-0,P307,head,8130a3fb9cd8,comps/language_detection/src/Dockerfile,,,2,lock unused,comps/language_detection/src/requirements.txt,,script,,no,,,,,,no,,,comps/language_detection/src/requirements.txt,others::named package pip || others::named package setuptools || others::named package uv || fresh:other file:comps/language_detection/src/requirements.txt,
P307-h29-0,P307,head,8130a3fb9cd8,comps/llms/src/doc-summarization/Dockerfile,,,2,lock unused,comps/llms/src/doc-summarization/requirements-cpu.txt; comps/llms/src/doc-summarization/requirements-gpu.txt,,script,,no,,,,,,no,,,comps/llms/src/doc-summarization/requirements-cpu.txt comps/llms/src/doc-summarization/requirements-gpu.txt,others::named package pip || others::named package setuptools || others::named package uv || others::named package torch || others::named package torchvision || fresh:other file:comps/llms/src/doc-summarization/requirements-cpu.txt || fresh:other file:comps/llms/src/doc-summarization/requirements-gpu.txt,
P307-h30-0,P307,head,8130a3fb9cd8,comps/llms/src/faq-generation/Dockerfile,,,2,lock unused,comps/llms/src/faq-generation/requirements-cpu.txt; comps/llms/src/faq-generation/requirements-gpu.txt,,script,,no,,,,,,no,,,comps/llms/src/faq-generation/requirements-cpu.txt comps/llms/src/faq-generation/requirements-gpu.txt,others::named package pip || others::named package setuptools || others::named package uv || others::named package torch || others::named package torchvision || fresh:other file:comps/llms/src/faq-generation/requirements-cpu.txt || fresh:other file:comps/llms/src/faq-generation/requirements-gpu.txt,
P307-h31-0,P307,head,8130a3fb9cd8,comps/llms/src/text-generation/Dockerfile,,,2,lock unused,comps/llms/src/text-generation/requirements.txt,,script,,no,,,,,,no,,,comps/llms/src/text-generation/requirements.txt,others::named package pip || others::named package setuptools || others::named package uv || fresh:other file:comps/llms/src/text-generation/requirements.txt,
P307-h32-0,P307,head,8130a3fb9cd8,comps/llms/src/text-generation/Dockerfile.intel_hpu,,,6,would not build,requirements.txt not in the image,,script,,no,,,,,,no,,,comps/llms/src/text-generation/requirements.txt would,others::named package pip || others::named package setuptools || others::named package uv || others::named package optimum-habana || others::named package deepspeed from a URL || und::would not build || fresh:other file:comps/llms/src/text-generation/requirements.txt || others::named package pydantic || others::named package numpy || others::named package transformers,
P307-h33-0,P307,head,8130a3fb9cd8,comps/llms/src/text-generation/Dockerfile.intel_hpu_phi4,,,6,would not build,"the unresolved path is a third-party clone (optimum-habana or similar), another package; by the rules otherwise: requirements.txt not in the image",,writer,no manifest found for . at /home/user/comps/llms/src/text-generation/$WORKPATH/$WORKPATH/optimum-habana,no,,,,,,no,,,comps/llms/src/text-generation/requirements.txt no would,others::named package pip || others::named package setuptools || others::named package uv || others::named package optimum-habana || others::named package deepspeed from a URL || fresh:other file:comps/llms/src/text-generation/requirements.txt || others::named package soundfile || others::named package backoff || others::named package numpy || others::named package transformers || others::named package tokenizers || others::named package peft || others::named package accelerate || judge@start::no manifest found for . at /home/user/comps/llms/src/text-generation/$WORKPATH/$ || und@start::would ,
P307-h34-0,P307,head,8130a3fb9cd8,comps/llms/src/text-generation/Dockerfile.openEuler,,,2,lock unused,comps/llms/src/text-generation/requirements.txt,,script,,no,,,,,,no,,,comps/llms/src/text-generation/requirements.txt,others::named package pip || others::named package setuptools || others::named package uv || fresh:other file:comps/llms/src/text-generation/requirements.txt,
P307-h35-0,P307,head,8130a3fb9cd8,comps/llms/utils/lm-eval/Dockerfile,,,2,lock unused,comps/llms/utils/lm-eval/requirements-cpu.txt,,script,,no,,,,,,no,,,comps/llms/utils/lm-eval/requirements-cpu.txt,others::named package pip || others::named package setuptools || others::named package uv || others::named package torch || fresh:other file:comps/llms/utils/lm-eval/requirements-cpu.txt,
P307-h36-0,P307,head,8130a3fb9cd8,comps/lvms/src/Dockerfile,,,1,,-r comps/lvms/src/requirements-gpu.txt,,script,,,,,,,comps/lvms/src/requirements-gpu.txt,yes,,,-r,others::named package pip || others::named package setuptools || others::named package uv || others::named package torch || T::-r comps/lvms/src/requirements-cpu.txt || T::-r comps/lvms/src/requirements-gpu.txt || others::named package transformers,
P307-h37-0,P307,head,8130a3fb9cd8,comps/prompt_registry/src/Dockerfile,,,1,,-r requirements.txt,,script,,,,,,,requirements.txt,yes,,,-r,others::named package pip || others::named package setuptools || others::named package uv || T::-r comps/prompt_registry/src/requirements.txt || T::-r requirements.txt,
P307-h38-0,P307,head,8130a3fb9cd8,comps/prompt_template/src/Dockerfile,,,2,lock unused,comps/prompt_template/src/requirements.txt,,script,,no,,,,,,no,,,comps/prompt_template/src/requirements.txt,others::named package pip || others::named package setuptools || others::named package uv || fresh:other file:comps/prompt_template/src/requirements.txt,
P307-h39-0,P307,head,8130a3fb9cd8,comps/rerankings/src/Dockerfile,,,2,lock unused,comps/rerankings/src/requirements-cpu.txt; comps/rerankings/src/requirements-gpu.txt,,script,,no,,,,,,no,,,comps/rerankings/src/requirements-cpu.txt comps/rerankings/src/requirements-gpu.txt,others::named package pip || others::named package setuptools || others::named package uv || others::named package torch || fresh:other file:comps/rerankings/src/requirements-cpu.txt || fresh:other file:comps/rerankings/src/requirements-gpu.txt,
P307-h40-0,P307,head,8130a3fb9cd8,comps/rerankings/src/Dockerfile.openEuler,,,2,lock unused,comps/rerankings/src/requirements-cpu.txt; comps/rerankings/src/requirements-gpu.txt,,script,,no,,,,,,no,,,comps/rerankings/src/requirements-cpu.txt comps/rerankings/src/requirements-gpu.txt,others::named package pip || others::named package setuptools || others::named package uv || others::named package torch || fresh:other file:comps/rerankings/src/requirements-cpu.txt || fresh:other file:comps/rerankings/src/requirements-gpu.txt,
P307-h41-0,P307,head,8130a3fb9cd8,comps/retrievers/src/Dockerfile,,,2,lock unused,comps/retrievers/src/requirements-cpu.txt; comps/retrievers/src/requirements-gpu.txt,,script,,no,,,,,,no,,,comps/retrievers/src/requirements-cpu.txt comps/retrievers/src/requirements-gpu.txt,others::named package pip || others::named package setuptools || others::named package uv || others::named package torch || others::named package torchvision || fresh:other file:comps/retrievers/src/requirements-cpu.txt || fresh:other file:comps/retrievers/src/requirements-gpu.txt,
P307-h42-0,P307,head,8130a3fb9cd8,comps/retrievers/src/Dockerfile.openEuler,,,2,lock unused,comps/retrievers/src/requirements-cpu.txt; comps/retrievers/src/requirements-gpu.txt,,script,,no,,,,,,no,,,comps/retrievers/src/requirements-cpu.txt comps/retrievers/src/requirements-gpu.txt,others::named package pip || others::named package setuptools || others::named package uv || others::named package torch || others::named package torchvision || fresh:other file:comps/retrievers/src/requirements-cpu.txt || fresh:other file:comps/retrievers/src/requirements-gpu.txt,
P307-h43-0,P307,head,8130a3fb9cd8,comps/router/src/Dockerfile,,,2,lock unused,comps/router/src/requirements.txt,,script,,no,,,,,,no,,,comps/router/src/requirements.txt,others::named package pip || others::named package uv || fresh:other file:comps/router/src/requirements.txt || others::named package torch || others::source outside the repository /tmp/RouteLLM,
P307-h44-0,P307,head,8130a3fb9cd8,comps/struct2graph/src/Dockerfile,,,2,lock unused,comps/struct2graph/src/requirements.txt,,script,,no,,,,,,no,,,comps/struct2graph/src/requirements.txt,others::named package pip || others::named package setuptools || others::named package uv || fresh:other file:comps/struct2graph/src/requirements.txt,
P307-h45-0,P307,head,8130a3fb9cd8,comps/text2cypher/src/Dockerfile.intel_hpu,,,1,,-r comps/text2cypher/src/requirements-cpu.txt,,script,,,,,,,comps/text2cypher/src/requirements-cpu.txt,yes,,,-r,others::named package pip || others::named package setuptools || others::named package uv || others::named package optimum-habana || others::named package deepspeed from a URL || T::-r comps/text2cypher/src/requirements-cpu.txt || others::named package pydantic || others::named package numpy || others::named package transformers,script run.sh not in the repository (not copied)
P307-h46-0,P307,head,8130a3fb9cd8,comps/text2graph/src/Dockerfile,,,2,lock unused,comps/text2graph/src/requirements-cpu.txt; comps/text2graph/src/requirements-gpu.txt,,script,,no,,,,,,no,,,comps/text2graph/src/requirements-cpu.txt comps/text2graph/src/requirements-gpu.txt,others::named package pip || others::named package setuptools || others::named package uv || others::named package torch || fresh:other file:comps/text2graph/src/requirements-cpu.txt || fresh:other file:comps/text2graph/src/requirements-gpu.txt,
P307-h47-0,P307,head,8130a3fb9cd8,comps/text2image/src/Dockerfile,,,2,lock unused,comps/text2image/src/requirements-cpu.txt; comps/text2image/src/requirements-gpu.txt,,script,,no,,,,,,no,,,comps/text2image/src/requirements-cpu.txt comps/text2image/src/requirements-gpu.txt,others::named package pip || others::named package setuptools || others::named package uv || others::named package torch || others::named package torchvision || fresh:other file:comps/text2image/src/requirements-cpu.txt || fresh:other file:comps/text2image/src/requirements-gpu.txt,script run.sh not in the repository (not copied)
P307-h48-0,P307,head,8130a3fb9cd8,comps/text2image/src/Dockerfile.intel_hpu,,,2,lock unused,comps/text2image/src/requirements-cpu.txt,,script,,no,,,,,,no,,,comps/text2image/src/requirements-cpu.txt,others::named package pip || others::named package setuptools || others::named package uv || fresh:other file:comps/text2image/src/requirements-cpu.txt || others::named package optimum-habana from a URL,script run.sh not in the repository (not copied)
P307-h49-0,P307,head,8130a3fb9cd8,comps/text2kg/src/Dockerfile,,,2,lock unused,comps/text2kg/src/requirements-cpu.txt; comps/text2kg/src/requirements-gpu.txt,,script,,no,,,,,,no,,,comps/text2kg/src/requirements-cpu.txt comps/text2kg/src/requirements-gpu.txt,others::named package pip || others::named package setuptools || others::named package uv || others::named package torch || fresh:other file:comps/text2kg/src/requirements-cpu.txt || fresh:other file:comps/text2kg/src/requirements-gpu.txt,
P307-h50-0,P307,head,8130a3fb9cd8,comps/text2query/src/Dockerfile,,,2,lock unused,comps/text2query/src/requirements-cpu.txt; comps/text2query/src/requirements-gpu.txt,,script,,no,,,,,,no,,,comps/text2query/src/requirements-cpu.txt comps/text2query/src/requirements-gpu.txt,others::named package pip || others::named package setuptools || others::named package uv || others::named package torch || fresh:other file:comps/text2query/src/requirements-cpu.txt || fresh:other file:comps/text2query/src/requirements-gpu.txt,
P307-h51-0,P307,head,8130a3fb9cd8,comps/text2query/src/Dockerfile.cypher.intel_hpu,,,2,lock unused,comps/text2query/src/requirements-cpu.txt,,script,,no,,,,,,no,,,comps/text2query/src/requirements-cpu.txt,others::named package pip || others::named package setuptools || others::named package uv || others::named package accelerate || others::named package huggingface-hub || others::named package json-repair || others::named package langchain-experimental || others::named package llama-index || others::named package llama-index-embeddings-huggingface || others::named package llama-index-embeddings-langchain || others::named package llama-index-graph-stores-neo4j || others::named package llama-index-llms-huggingface || others::named package llama-index-llms-huggingface-api || others::named package ,
P307-h52-0,P307,head,8130a3fb9cd8,comps/text2sql/src/Dockerfile,,,2,lock unused,comps/text2sql/src/requirements-cpu.txt; comps/text2sql/src/requirements-gpu.txt,,script,,no,,,,,,no,,,comps/text2sql/src/requirements-cpu.txt comps/text2sql/src/requirements-gpu.txt,others::named package pip || others::named package setuptools || others::named package uv || others::named package torch || fresh:other file:comps/text2sql/src/requirements-cpu.txt || fresh:other file:comps/text2sql/src/requirements-gpu.txt,
P307-h53-0,P307,head,8130a3fb9cd8,comps/third_parties/bridgetower/src/Dockerfile,,,2,lock unused,comps/third_parties/bridgetower/src/requirements-cpu.txt; comps/third_parties/bridgetower/src/requirements-gpu.txt,,script,,no,,,,,,no,,,comps/third_parties/bridgetower/src/requirements-cpu.txt comps/third_parties/bridgetower/src/requirements-gpu.txt,others::named package pip || others::named package setuptools || others::named package uv || others::named package torch || others::named package torchvision || fresh:other file:comps/third_parties/bridgetower/src/requirements-cpu.txt || fresh:other file:comps/third_parties/bridgetower/src/requirements-gpu.txt,
P307-h54-0,P307,head,8130a3fb9cd8,comps/third_parties/bridgetower/src/Dockerfile.intel_hpu,,,2,lock unused,comps/third_parties/bridgetower/src/requirements-cpu.txt,,script,,no,,,,,,no,,,comps/third_parties/bridgetower/src/requirements-cpu.txt,others::named package pip || others::named package setuptools || others::named package uv || fresh:other file:comps/third_parties/bridgetower/src/requirements-cpu.txt || others::named package transformers || others::named package optimum-habana from a URL,
P307-h55-0,P307,head,8130a3fb9cd8,comps/third_parties/clip/src/Dockerfile,,,2,lock unused,comps/third_parties/clip/src/requirements-cpu.txt; comps/third_parties/clip/src/requirements-gpu.txt,,script,,no,,,,,,no,,,comps/third_parties/clip/src/requirements-cpu.txt comps/third_parties/clip/src/requirements-gpu.txt,others::named package pip || others::named package setuptools || others::named package uv || others::named package torch || others::named package torchvision || fresh:other file:comps/third_parties/clip/src/requirements-cpu.txt || fresh:other file:comps/third_parties/clip/src/requirements-gpu.txt,
P307-h56-0,P307,head,8130a3fb9cd8,comps/third_parties/funasr/src/Dockerfile,,,4,,comps/third_parties/funasr/src/requirements-cpu.txt lockfile 46.0.3,,script,,,,,,46.0.3,,no,,,comps/third_parties/funasr/src/requirements-cpu.txt,others::named package pip || others::named package setuptools || others::named package uv || others::named package torch || others::named package torchaudio || other_pin::comps/third_parties/funasr/src/requirements-cpu.txt lockfile 46.0.3,
P307-h57-0,P307,head,8130a3fb9cd8,comps/third_parties/gpt-sovits/src/Dockerfile,,,6,would not build,GPT-SoVITS/requirements.txt not in the image,,script,,,,,,,,no,,,would,others::named package pip || others::named package setuptools || others::named package uv || und::would not build || und::would not build || others::named package soxr || others::named package soundfile || others::named package librosa,
P307-h58-0,P307,head,8130a3fb9cd8,comps/third_parties/ipex/src/Dockerfile,,,6,script not read,env_setup.sh from stage,,script,,,,,,,,no,,,script,others::conda packages || others::conda packages || und::script not read || others::named package backoff || others::named package fastapi || others::named package uvicorn,script miniforge.sh not in the repository (not copied); script env_setup.sh not in the repository (not copied); script env_setup.sh not in the repository (not copied)
P307-h59-0,P307,head,8130a3fb9cd8,comps/third_parties/llama-vision/src/Dockerfile,,,2,lock unused,comps/third_parties/llama-vision/src/requirements-cpu.txt,,script,,no,,,,,,no,,,comps/third_parties/llama-vision/src/requirements-cpu.txt,others::named package pip || others::named package setuptools || others::named package uv || fresh:other file:comps/third_parties/llama-vision/src/requirements-cpu.txt || others::named package pillow || others::named package optimum-habana from a URL,
P307-h60-0,P307,head,8130a3fb9cd8,comps/third_parties/llama-vision/src/Dockerfile.guard,,,2,lock unused,comps/third_parties/llama-vision/src/requirements-cpu.txt,,script,,no,,,,,,no,,,comps/third_parties/llama-vision/src/requirements-cpu.txt,others::named package pip || others::named package setuptools || fresh:other file:comps/third_parties/llama-vision/src/requirements-cpu.txt || others::named package pillow || others::named package optimum-habana from a URL,
P307-h61-0,P307,head,8130a3fb9cd8,comps/third_parties/llama-vision/src/Dockerfile.tp,,,2,lock unused,comps/third_parties/llama-vision/src/requirements_tp.txt,,script,,no,,,,,,no,,,comps/third_parties/llama-vision/src/requirements_tp.txt,others::named package deepspeed from a URL || others::named package optimum-habana from a URL || others::named package pip || others::named package setuptools || fresh:other file:comps/third_parties/llama-vision/src/requirements_tp.txt,
P307-h62-0,P307,head,8130a3fb9cd8,comps/third_parties/llava/src/Dockerfile,,,2,lock unused,comps/third_parties/llava/src/requirements-cpu.txt; comps/third_parties/llava/src/requirements-gpu.txt,,script,,no,,,,,,no,,,comps/third_parties/llava/src/requirements-cpu.txt comps/third_parties/llava/src/requirements-gpu.txt,others::named package pip || others::named package setuptools || others::named package uv || others::named package torch || others::named package torchvision || fresh:other file:comps/third_parties/llava/src/requirements-cpu.txt || fresh:other file:comps/third_parties/llava/src/requirements-gpu.txt,
P307-h63-0,P307,head,8130a3fb9cd8,comps/third_parties/llava/src/Dockerfile.intel_hpu,,,2,lock unused,comps/third_parties/llava/src/requirements-cpu.txt,,script,,no,,,,,,no,,,comps/third_parties/llava/src/requirements-cpu.txt,others::named package pip || others::named package setuptools || others::named package uv || fresh:other file:comps/third_parties/llava/src/requirements-cpu.txt || others::named package optimum || others::named package jinja2,
P307-h64-0,P307,head,8130a3fb9cd8,comps/third_parties/nginx/src/Dockerfile,,,5,no Python install,,,script,,,,,,,,no,,,,,
P307-h65-0,P307,head,8130a3fb9cd8,comps/third_parties/nginx/src/Dockerfile.openEuler,,,5,no Python install,,,script,,,,,,,,no,,,,,
P307-h66-0,P307,head,8130a3fb9cd8,comps/third_parties/pathway/src/Dockerfile,,,4,,comps/third_parties/pathway/src/requirements-gpu.txt lockfile 46.0.3,,script,,,,,,46.0.3,,no,,,comps/third_parties/pathway/src/requirements-cpu.txt comps/third_parties/pathway/src/requirements-gpu.txt,others::named package pip || others::named package setuptools || others::named package uv || others::named package torch || others::named package torchvision || other_pin::comps/third_parties/pathway/src/requirements-cpu.txt lockfile 46.0.3 || other_pin::comps/third_parties/pathway/src/requirements-gpu.txt lockfile 46.0.3,
P307-h67-0,P307,head,8130a3fb9cd8,comps/third_parties/predictionguard/src/Dockerfile,,,2,lock unused,comps/third_parties/predictionguard/src/requirements.txt,,script,,no,,,,,,no,,,comps/third_parties/predictionguard/src/requirements.txt,others::named package pip || others::named package setuptools || others::named package uv || fresh:other file:comps/third_parties/predictionguard/src/requirements.txt,
P307-h68-0,P307,head,8130a3fb9cd8,comps/third_parties/sglang/src/Dockerfile,,comps/third_parties/sglang/src,5,other named packages only,,,script,,,,,,,,no,,,,others::conda packages || others::named package intel-openmp || others::source outside the repository /sgl-workspace/sglang/python || others::named package torch || others::named package torchvision || others::named package triton || others::source outside the repository /sgl-workspace/sglang/sgl-kernel,script miniforge.sh not in the repository (not copied)
P307-h69-0,P307,head,8130a3fb9cd8,comps/third_parties/speecht5/src/Dockerfile,,,2,lock unused,comps/third_parties/speecht5/src/requirements-cpu.txt; comps/third_parties/speecht5/src/requirements-gpu.txt,,script,,no,,,,,,no,,,comps/third_parties/speecht5/src/requirements-cpu.txt comps/third_parties/speecht5/src/requirements-gpu.txt,others::named package pip || others::named package setuptools || others::named package uv || others::named package torch || others::named package torchvision || fresh:other file:comps/third_parties/speecht5/src/requirements-cpu.txt || fresh:other file:comps/third_parties/speecht5/src/requirements-gpu.txt,
P307-h70-0,P307,head,8130a3fb9cd8,comps/third_parties/speecht5/src/Dockerfile.intel_hpu,,,2,lock unused,comps/third_parties/speecht5/src/requirements-cpu.txt,,script,,no,,,,,,no,,,comps/third_parties/speecht5/src/requirements-cpu.txt,others::named package pip || others::named package setuptools || others::named package uv || fresh:other file:comps/third_parties/speecht5/src/requirements-cpu.txt || others::named package numpy || others::named package optimum,
P307-h71-0,P307,head,8130a3fb9cd8,comps/third_parties/speecht5/src/Dockerfile.openEuler,,,2,lock unused,comps/third_parties/speecht5/src/requirements-cpu.txt; comps/third_parties/speecht5/src/requirements-gpu.txt,,script,,no,,,,,,no,,,comps/third_parties/speecht5/src/requirements-cpu.txt comps/third_parties/speecht5/src/requirements-gpu.txt,others::named package pip || others::named package setuptools || others::named package uv || others::named package torch || others::named package torchvision || fresh:other file:comps/third_parties/speecht5/src/requirements-cpu.txt || fresh:other file:comps/third_parties/speecht5/src/requirements-gpu.txt,
P307-h72-0,P307,head,8130a3fb9cd8,comps/third_parties/video-llama/src/Dockerfile,,,6,script not read,start.sh from ext,,script,,no,,,,,,no,,,comps/third_parties/video-llama/src/requirements-cpu.txt comps/third_parties/video-llama/src/requirements-gpu.txt script,others::named package pip || others::named package setuptools || others::named package uv || others::named package torch || others::named package torchaudio || others::named package torchvision || fresh:other file:comps/third_parties/video-llama/src/requirements-cpu.txt || fresh:other file:comps/third_parties/video-llama/src/requirements-gpu.txt || und@start::script not read,
P307-h73-0,P307,head,8130a3fb9cd8,comps/third_parties/vllm/src/Dockerfile.amd_gpu,,comps/third_parties/vllm/src,5,no Python install,,,script,,,,,,,,no,,,,,
P307-h74-0,P307,head,8130a3fb9cd8,comps/third_parties/wav2lip/src/Dockerfile,,,2,lock unused,comps/animation/src/requirements-cpu.txt; comps/animation/src/requirements-gpu.txt,,script,,no,,,,,,no,,,comps/animation/src/requirements-cpu.txt comps/animation/src/requirements-gpu.txt,others::named package pip || others::named package setuptools || others::named package wav2lipy || others::named package gfpgan || others::named package pip || others::named package setuptools || others::named package uv || fresh:other file:comps/animation/src/requirements-cpu.txt || fresh:other file:comps/animation/src/requirements-gpu.txt,
P307-h75-0,P307,head,8130a3fb9cd8,comps/third_parties/wav2lip/src/Dockerfile.intel_hpu,,,2,lock unused,comps/animation/src/requirements-cpu.txt,,script,,no,,,,,,no,,,comps/animation/src/requirements-cpu.txt,others::named package pip || others::named package uv || others::named package wav2lipy || others::named package gfpgan || fresh:other file:comps/animation/src/requirements-cpu.txt,
P307-h76-0,P307,head,8130a3fb9cd8,comps/third_parties/whisper/src/Dockerfile,,,4,,comps/third_parties/whisper/src/requirements-gpu.txt lockfile 46.0.3,,script,,,,,,46.0.3,,no,,,comps/third_parties/whisper/src/requirements-cpu.txt comps/third_parties/whisper/src/requirements-gpu.txt,others::named package pip || others::named package setuptools || others::named package uv || others::named package torch || others::named package torchvision || other_pin::comps/third_parties/whisper/src/requirements-cpu.txt lockfile 46.0.3 || other_pin::comps/third_parties/whisper/src/requirements-gpu.txt lockfile 46.0.3,
P307-h77-0,P307,head,8130a3fb9cd8,comps/third_parties/whisper/src/Dockerfile.intel_hpu,,,4,,comps/third_parties/whisper/src/requirements-cpu.txt lockfile 46.0.3,,script,,,,,,46.0.3,,no,,,comps/third_parties/whisper/src/requirements-cpu.txt,others::named package pip || others::named package setuptools || others::named package uv || other_pin::comps/third_parties/whisper/src/requirements-cpu.txt lockfile 46.0.3 || others::named package numpy || others::named package optimum-habana || others::named package jinja2,
P307-h78-0,P307,head,8130a3fb9cd8,comps/third_parties/whisper/src/Dockerfile.openEuler,,,4,,comps/third_parties/whisper/src/requirements-gpu.txt lockfile 46.0.3,,script,,,,,,46.0.3,,no,,,comps/third_parties/whisper/src/requirements-cpu.txt comps/third_parties/whisper/src/requirements-gpu.txt,others::named package pip || others::named package setuptools || others::named package uv || others::named package torch || others::named package torchvision || other_pin::comps/third_parties/whisper/src/requirements-cpu.txt lockfile 46.0.3 || other_pin::comps/third_parties/whisper/src/requirements-gpu.txt lockfile 46.0.3,
P307-h79-0,P307,head,8130a3fb9cd8,comps/tts/src/Dockerfile,,,1,,-r comps/tts/src/requirements.txt,,script,,,,,,,comps/tts/src/requirements.txt,yes,,,-r,others::named package pip || others::named package setuptools || others::named package uv || T::-r comps/tts/src/requirements.txt,
P307-h80-0,P307,head,8130a3fb9cd8,comps/tts/src/Dockerfile.openEuler,,,1,,-r comps/tts/src/requirements.txt,,script,,,,,,,comps/tts/src/requirements.txt,yes,,,-r,others::named package pip || others::named package setuptools || others::named package uv || T::-r comps/tts/src/requirements.txt,
P307-h81-0,P307,head,8130a3fb9cd8,comps/web_retrievers/src/Dockerfile,,,1,,-r comps/web_retrievers/src/requirements-gpu.txt,,script,,,,,,,comps/web_retrievers/src/requirements-gpu.txt,yes,,,-r,others::named package pip || others::named package setuptools || others::named package uv || others::named package torch || others::named package torchvision || T::-r comps/web_retrievers/src/requirements-cpu.txt || T::-r comps/web_retrievers/src/requirements-gpu.txt,
P310-s1-0,P310,snapshot,1ac3dd4a893e,Dockerfile,,,1,,-r backend/requirements.txt,,script,,,,,,,backend/requirements.txt,no,,,-r,others::named package uv || others::named package torch || others::named package torchvision || others::named package torchaudio || T::-r backend/requirements.txt || others::named package torch || others::named package torchvision || others::named package torchaudio || T::-r backend/requirements.txt,
P310-s1-1,P310,snapshot,1ac3dd4a893e,Dockerfile,,,1,,-r backend/requirements.txt,,script,,,,,,,backend/requirements.txt,no,,,-r,others::named package uv || others::named package torch || others::named package torchvision || others::named package torchaudio || T::-r backend/requirements.txt || others::named package torch || others::named package torchvision || others::named package torchaudio || T::-r backend/requirements.txt,
P310-s1-2,P310,snapshot,1ac3dd4a893e,Dockerfile,,,1,,-r backend/requirements.txt,,script,,,,,,,backend/requirements.txt,no,,,-r,others::named package uv || others::named package torch || others::named package torchvision || others::named package torchaudio || T::-r backend/requirements.txt || others::named package torch || others::named package torchvision || others::named package torchaudio || T::-r backend/requirements.txt,
P310-s1-3,P310,snapshot,1ac3dd4a893e,Dockerfile,,,1,,-r backend/requirements.txt,,script,,,,,,,backend/requirements.txt,no,,,-r,others::named package uv || others::named package torch || others::named package torchvision || others::named package torchaudio || T::-r backend/requirements.txt || others::named package torch || others::named package torchvision || others::named package torchaudio || T::-r backend/requirements.txt,
P310-s1-4,P310,snapshot,1ac3dd4a893e,Dockerfile,,,1,,-r backend/requirements.txt,,script,,,,,,,backend/requirements.txt,no,,,-r,others::named package uv || others::named package torch || others::named package torchvision || others::named package torchaudio || T::-r backend/requirements.txt || others::named package torch || others::named package torchvision || others::named package torchaudio || T::-r backend/requirements.txt,
P311-s1-0,P311,snapshot,9bd84258d09e,Dockerfile,,,1,,-r backend/requirements.txt,,script,,,,,,,backend/requirements.txt,no,,,-r,others::named package uv || others::named package torch || others::named package torchvision || others::named package torchaudio || T::-r backend/requirements.txt || others::named package torch || others::named package torchvision || others::named package torchaudio || T::-r backend/requirements.txt,
P311-s1-1,P311,snapshot,9bd84258d09e,Dockerfile,,,1,,-r backend/requirements.txt,,script,,,,,,,backend/requirements.txt,no,,,-r,others::named package uv || others::named package torch || others::named package torchvision || others::named package torchaudio || T::-r backend/requirements.txt || others::named package torch || others::named package torchvision || others::named package torchaudio || T::-r backend/requirements.txt,
P311-s1-2,P311,snapshot,9bd84258d09e,Dockerfile,,,1,,-r backend/requirements.txt,,script,,,,,,,backend/requirements.txt,no,,,-r,others::named package uv || others::named package torch || others::named package torchvision || others::named package torchaudio || T::-r backend/requirements.txt || others::named package torch || others::named package torchvision || others::named package torchaudio || T::-r backend/requirements.txt,
P311-s1-3,P311,snapshot,9bd84258d09e,Dockerfile,,,1,,-r backend/requirements.txt,,script,,,,,,,backend/requirements.txt,no,,,-r,others::named package uv || others::named package torch || others::named package torchvision || others::named package torchaudio || T::-r backend/requirements.txt || others::named package torch || others::named package torchvision || others::named package torchaudio || T::-r backend/requirements.txt,
P311-s1-4,P311,snapshot,9bd84258d09e,Dockerfile,,,1,,-r backend/requirements.txt,,script,,,,,,,backend/requirements.txt,no,,,-r,others::named package uv || others::named package torch || others::named package torchvision || others::named package torchaudio || T::-r backend/requirements.txt || others::named package torch || others::named package torchvision || others::named package torchaudio || T::-r backend/requirements.txt,
P312-s1-0,P312,snapshot,02dc3e689cea,Dockerfile,,,1,,-r backend/requirements.txt,,script,,,,,,,backend/requirements.txt,no,,,-r,others::named package uv || others::named package torch || others::named package torchvision || others::named package torchaudio || T::-r backend/requirements.txt || others::named package torch || others::named package torchvision || others::named package torchaudio || T::-r backend/requirements.txt,
P310-h1-0,P310,head,8bd8b4fac5e0,Dockerfile,,,1,,-r backend/requirements.txt,,script,,no,,,,,backend/requirements.txt,no,,,-r backend/requirements-slim.txt,fresh:other file:backend/requirements-slim.txt || others::named package torch || others::named package torchvision || others::named package torchaudio || T::-r backend/requirements.txt || others::named package torch || others::named package torchvision || others::named package torchaudio || T::-r backend/requirements.txt,
P311-h1-0,P311,head,8bd8b4fac5e0,Dockerfile,,,1,,-r backend/requirements.txt,,script,,no,,,,,backend/requirements.txt,no,,,-r backend/requirements-slim.txt,fresh:other file:backend/requirements-slim.txt || others::named package torch || others::named package torchvision || others::named package torchaudio || T::-r backend/requirements.txt || others::named package torch || others::named package torchvision || others::named package torchaudio || T::-r backend/requirements.txt,
P312-h1-0,P312,head,8bd8b4fac5e0,Dockerfile,,,1,,-r backend/requirements.txt,,script,,,,,,48.0.0,backend/requirements.txt,no,,,-r backend/requirements-slim.txt,other_pin::backend/requirements-slim.txt exact pin 48.0.0 || others::named package torch || others::named package torchvision || others::named package torchaudio || T::-r backend/requirements.txt || others::named package torch || others::named package torchvision || others::named package torchaudio || T::-r backend/requirements.txt,
P313-s1-0,P313,snapshot,22d6562c22e9,Dockerfile,,,1,,project /app with manifest in T,,script,,,,,,,pyproject.toml,no,,,project,T::project /app with manifest in T,
P313-h1-0,P313,head,2853d069c34c,Dockerfile,,,1,,project /app with manifest in T,,script,,,,,,,pyproject.toml,no,,,project,T::project /app with manifest in T,
P314-s1-0,P314,snapshot,e52d3c08916c,demo/docker-agent/Dockerfile.acapy,,demo/docker-agent,5,no Python install,,,script,,,,,,,,no,,,,,
P314-s1-1,P314,snapshot,e52d3c08916c,demo/docker-agent/Dockerfile.acapy,,demo,5,no Python install,,,script,,,,,,,,no,,,,,
P314-s2-0,P314,snapshot,e52d3c08916c,demo/docker-test/db/Dockerfile,,demo/docker-test/db,5,no Python install,,,script,,,,,,,,no,,,,,script docker-entrypoint.sh not in the repository (not copied)
P314-s3-0,P314,snapshot,e52d3c08916c,demo/elk-stack/elasticsearch/Dockerfile,,demo/elk-stack/elasticsearch,5,no Python install,,,script,,,,,,,,no,,,,,
P314-s4-0,P314,snapshot,e52d3c08916c,demo/elk-stack/extensions/curator/Dockerfile,,demo/elk-stack/extensions/curator,5,no Python install,,,script,,,,,,,,no,,,,,
P314-s5-0,P314,snapshot,e52d3c08916c,demo/elk-stack/extensions/enterprise-search/Dockerfile,,demo/elk-stack/extensions/enterprise-search,5,no Python install,,,script,,,,,,,,no,,,,,
P314-s6-0,P314,snapshot,e52d3c08916c,demo/elk-stack/extensions/filebeat/Dockerfile,,demo/elk-stack/extensions/filebeat,5,no Python install,,,script,,,,,,,,no,,,,,
P314-s7-0,P314,snapshot,e52d3c08916c,demo/elk-stack/extensions/fleet/Dockerfile,,demo/elk-stack/extensions/fleet,5,no Python install,,,script,,,,,,,,no,,,,,
P314-s8-0,P314,snapshot,e52d3c08916c,demo/elk-stack/extensions/heartbeat/Dockerfile,,demo/elk-stack/extensions/heartbeat,5,no Python install,,,script,,,,,,,,no,,,,,
P314-s9-0,P314,snapshot,e52d3c08916c,demo/elk-stack/extensions/logspout/Dockerfile,,demo/elk-stack/extensions/logspout,5,no Python install,,,script,,,,,,,,no,,,,,
P314-s10-0,P314,snapshot,e52d3c08916c,demo/elk-stack/extensions/metricbeat/Dockerfile,,demo/elk-stack/extensions/metricbeat,5,no Python install,,,script,,,,,,,,no,,,,,
P314-s11-0,P314,snapshot,e52d3c08916c,demo/elk-stack/kibana/Dockerfile,,demo/elk-stack/kibana,5,no Python install,,,script,,,,,,,,no,,,,,
P314-s12-0,P314,snapshot,e52d3c08916c,demo/elk-stack/logstash/Dockerfile,,demo/elk-stack/logstash,5,no Python install,,,script,,,,,,,,no,,,,,
P314-s13-0,P314,snapshot,e52d3c08916c,demo/elk-stack/setup/Dockerfile,,demo/elk-stack/setup,5,no Python install,,,script,,,,,,,,no,,,,,script entrypoint.sh not in the repository (not copied)
P314-s14-0,P314,snapshot,e52d3c08916c,demo/multi-demo/Dockerfile.acapy,,demo/multi-demo,5,no Python install,,,script,,,,,,,,no,,,,,
P314-s15-0,P314,snapshot,e52d3c08916c,demo/playground/Dockerfile.acapy,,demo/playground,5,no Python install,,,script,,,,,,,,no,,,,,
P314-s16-0,P314,snapshot,e52d3c08916c,docker/Dockerfile,,,1,,poetry install with lock poetry.lock,,script,,,,,,,poetry.lock,yes,,,poetry project,others::named package poetry || others::named package sqlcipher3-wheels || T::poetry install with lock poetry.lock || neutral::project from a stage,script .local not in the repository (stage)
P314-s17-0,P314,snapshot,e52d3c08916c,docker/Dockerfile.bdd,,,6,would not build,demo/requirements.behave.txt not in the image,,script,,,,,,,,no,,,would,und::would not build,
P314-s18-0,P314,snapshot,e52d3c08916c,docker/Dockerfile.demo,,,1,,poetry install with lock poetry.lock,,script,,yes,"poetry:>=2.10.1,<2.13.0",,,,poetry.lock,yes,,,demo/requirements.txt poetry project,others::named package poetry || T::poetry install with lock poetry.lock || T::poetry install with lock poetry.lock || fresh:other file:project . (pyproject.toml not in T) || fresh:other file:demo/requirements.txt,
P314-s19-0,P314,snapshot,e52d3c08916c,docker/Dockerfile.fixpermissions,,docker,5,no Python install,,,script,,,,,,,,no,,,,,
P314-s20-0,P314,snapshot,e52d3c08916c,docker/Dockerfile.run,,,1,,poetry install with lock poetry.lock,,script,,,,,,,poetry.lock,yes,,,poetry,others::named package poetry || T::poetry install with lock poetry.lock || T::poetry install with lock poetry.lock,
P314-s21-0,P314,snapshot,e52d3c08916c,docker/Dockerfile.test,,,1,,poetry install with lock poetry.lock,,script,,,,,,,poetry.lock,yes,,,poetry,others::named package poetry || T::poetry install with lock poetry.lock || T::poetry install with lock poetry.lock,
P314-s22-0,P314,snapshot,e52d3c08916c,scenarios/Dockerfile,,scenarios,2,other file,"poetry install lock scenarios/poetry.lock not in T, without L",,script,,no,,,,,,no,,,poetry,"fresh:other file:poetry install lock scenarios/poetry.lock not in T, without L",
P314-h1-0,P314,head,589f521b8287,demo/docker-agent/Dockerfile.acapy,,demo/docker-agent,5,no Python install,,,script,,,,,,,,no,,,,,
P314-h1-1,P314,head,589f521b8287,demo/docker-agent/Dockerfile.acapy,,demo,5,no Python install,,,script,,,,,,,,no,,,,,
P314-h2-0,P314,head,589f521b8287,demo/docker-test/db/Dockerfile,,demo/docker-test/db,5,no Python install,,,script,,,,,,,,no,,,,,script docker-entrypoint.sh not in the repository (not copied)
P314-h3-0,P314,head,589f521b8287,demo/elk-stack/elasticsearch/Dockerfile,,demo/elk-stack/elasticsearch,5,no Python install,,,script,,,,,,,,no,,,,,
P314-h4-0,P314,head,589f521b8287,demo/elk-stack/extensions/curator/Dockerfile,,demo/elk-stack/extensions/curator,5,no Python install,,,script,,,,,,,,no,,,,,
P314-h5-0,P314,head,589f521b8287,demo/elk-stack/extensions/enterprise-search/Dockerfile,,demo/elk-stack/extensions/enterprise-search,5,no Python install,,,script,,,,,,,,no,,,,,
P314-h6-0,P314,head,589f521b8287,demo/elk-stack/extensions/filebeat/Dockerfile,,demo/elk-stack/extensions/filebeat,5,no Python install,,,script,,,,,,,,no,,,,,
P314-h7-0,P314,head,589f521b8287,demo/elk-stack/extensions/fleet/Dockerfile,,demo/elk-stack/extensions/fleet,5,no Python install,,,script,,,,,,,,no,,,,,
P314-h8-0,P314,head,589f521b8287,demo/elk-stack/extensions/heartbeat/Dockerfile,,demo/elk-stack/extensions/heartbeat,5,no Python install,,,script,,,,,,,,no,,,,,
P314-h9-0,P314,head,589f521b8287,demo/elk-stack/extensions/logspout/Dockerfile,,demo/elk-stack/extensions/logspout,5,no Python install,,,script,,,,,,,,no,,,,,
P314-h10-0,P314,head,589f521b8287,demo/elk-stack/extensions/metricbeat/Dockerfile,,demo/elk-stack/extensions/metricbeat,5,no Python install,,,script,,,,,,,,no,,,,,
P314-h11-0,P314,head,589f521b8287,demo/elk-stack/kibana/Dockerfile,,demo/elk-stack/kibana,5,no Python install,,,script,,,,,,,,no,,,,,
P314-h12-0,P314,head,589f521b8287,demo/elk-stack/logstash/Dockerfile,,demo/elk-stack/logstash,5,no Python install,,,script,,,,,,,,no,,,,,
P314-h13-0,P314,head,589f521b8287,demo/elk-stack/setup/Dockerfile,,demo/elk-stack/setup,5,no Python install,,,script,,,,,,,,no,,,,,script entrypoint.sh not in the repository (not copied)
P314-h14-0,P314,head,589f521b8287,demo/multi-demo/Dockerfile.acapy,,demo/multi-demo,5,no Python install,,,script,,,,,,,,no,,,,,
P314-h15-0,P314,head,589f521b8287,demo/playground/Dockerfile.acapy,,demo/playground,5,no Python install,,,script,,,,,,,,no,,,,,
P314-h16-0,P314,head,589f521b8287,docker/Dockerfile,,,1,,poetry install with lock poetry.lock,,script,,,,,,,poetry.lock,yes,,,poetry project,others::named package poetry || others::named package sqlcipher3-wheels || T::poetry install with lock poetry.lock || neutral::project from a stage,script .local not in the repository (stage)
P314-h17-0,P314,head,589f521b8287,docker/Dockerfile.bdd,,,6,would not build,demo/requirements.behave.txt not in the image,,script,,,,,,,,no,,,would,und::would not build,
P314-h18-0,P314,head,589f521b8287,docker/Dockerfile.demo,,,1,,poetry install with lock poetry.lock,,script,,yes,"poetry:>=2.10.1,<2.16.0",,,,poetry.lock,yes,,,demo/requirements.txt poetry project,others::named package poetry || T::poetry install with lock poetry.lock || T::poetry install with lock poetry.lock || fresh:other file:project . (pyproject.toml not in T) || fresh:other file:demo/requirements.txt,
P314-h19-0,P314,head,589f521b8287,docker/Dockerfile.fixpermissions,,docker,5,no Python install,,,script,,,,,,,,no,,,,,
P314-h20-0,P314,head,589f521b8287,docker/Dockerfile.run,,,1,,poetry install with lock poetry.lock,,script,,,,,,,poetry.lock,yes,,,poetry,others::named package poetry || T::poetry install with lock poetry.lock || T::poetry install with lock poetry.lock,
P314-h20-1,P314,head,589f521b8287,docker/Dockerfile.run,,,1,,poetry install with lock poetry.lock,,script,,,,,,,poetry.lock,yes,,,poetry,others::named package poetry || T::poetry install with lock poetry.lock || T::poetry install with lock poetry.lock,
P314-h21-0,P314,head,589f521b8287,docker/Dockerfile.test,,,1,,poetry install with lock poetry.lock,,script,,,,,,,poetry.lock,yes,,,poetry,others::named package poetry || T::poetry install with lock poetry.lock || T::poetry install with lock poetry.lock,
P314-h22-0,P314,head,589f521b8287,scenarios/Dockerfile,,scenarios,2,other file,"poetry install lock scenarios/poetry.lock not in T, without L",,script,,no,,,,,,no,,,poetry,"fresh:other file:poetry install lock scenarios/poetry.lock not in T, without L",
P315-s1-0,P315,snapshot,7a97d8e609da,development/Dockerfile,,,1,,uv sync with lock uv.lock,,script,,no,,,,,uv.lock,yes,,,uv,"others::named package pip || others::named package wheel || fresh:other file:uv sync lock python_testcontainers/uv.lock not in T, without L || T::uv sync with lock uv.lock",script os-release not in the repository (not copied)
P315-s1-1,P315,snapshot,7a97d8e609da,development/Dockerfile,backend,,1,,uv sync with lock uv.lock,,script,,no,,,,,uv.lock,yes,,,uv,"others::named package pip || others::named package wheel || fresh:other file:uv sync lock python_testcontainers/uv.lock not in T, without L || T::uv sync with lock uv.lock",script os-release not in the repository (not copied)
P315-s2-0,P315,snapshot,7a97d8e609da,utilities/benchmark/Dockerfile,,utilities/benchmark,5,no Python install,,,script,,,,,,,,no,,,,,
P315-h1-0,P315,head,ddd85cacf2df,development/Dockerfile,,,1,,uv sync with lock uv.lock,,script,,,,,,,uv.lock,yes,,,uv,others::named package pip || others::named package wheel || T::uv sync with lock uv.lock || T::uv sync with lock uv.lock,
P315-h1-1,P315,head,ddd85cacf2df,development/Dockerfile,backend,,1,,uv sync with lock uv.lock,,script,,,,,,,uv.lock,yes,,,uv,others::named package pip || others::named package wheel || T::uv sync with lock uv.lock || T::uv sync with lock uv.lock,
P315-h2-0,P315,head,ddd85cacf2df,utilities/benchmark/Dockerfile,,utilities/benchmark,5,no Python install,,,script,,,,,,,,no,,,,,
P316-s1-0,P316,snapshot,fd3e29ac50e2,Dockerfile,,,1,,project . with manifest in T,,script,,,,,,,pyproject.toml,no,,,-r project,others::named package pipx || T::-r pyproject.toml || T::project . with manifest in T,script nvm.sh not in the repository (not copied); script nvm.sh not in the repository (not copied); script nvm.sh not in the repository (not copied); script stable not in the repository (not copied)
P316-s1-1,P316,snapshot,fd3e29ac50e2,Dockerfile,production,,6,other,target production not found,,script,,,,,,,,no,,,other,und::other,
P317-s1-0,P317,snapshot,981f560fa334,Dockerfile,,,1,,project . with manifest in T,,script,,,,,,,pyproject.toml,no,,,-r project,others::named package pipx || T::-r pyproject.toml || T::project . with manifest in T,script nvm.sh not in the repository (not copied); script nvm.sh not in the repository (not copied); script nvm.sh not in the repository (not copied); script stable not in the repository (not copied)
P317-s1-1,P317,snapshot,981f560fa334,Dockerfile,production,,6,other,target production not found,,script,,,,,,,,no,,,other,und::other,
P316-h1-0,P316,head,8a3ce35cae29,Dockerfile,,,1,,project . with manifest in T,,script,,,,,,,pyproject.toml,no,,,-r project,others::named package pipx || T::-r pyproject.toml || T::project . with manifest in T,script nvm.sh not in the repository (not copied); script nvm.sh not in the repository (not copied); script nvm.sh not in the repository (not copied); script stable not in the repository (not copied)
P317-h1-0,P317,head,8a3ce35cae29,Dockerfile,,,1,,project . with manifest in T,,script,,,,,,,pyproject.toml,no,,,-r project,others::named package pipx || T::-r pyproject.toml || T::project . with manifest in T,script nvm.sh not in the repository (not copied); script nvm.sh not in the repository (not copied); script nvm.sh not in the repository (not copied); script stable not in the repository (not copied)
P316-h1-1,P316,head,8a3ce35cae29,Dockerfile,production,,6,other,target production not found,,script,,,,,,,,no,,,other,und::other,
P317-h1-1,P317,head,8a3ce35cae29,Dockerfile,production,,6,other,target production not found,,script,,,,,,,,no,,,other,und::other,
P318-s1-0,P318,snapshot,8e3d5a9f7b57,docs.Dockerfile,,,1,,uv sync with lock uv.lock,may re-lock,script,,yes,"<0.0.21,>=0.0.20",,,,uv.lock,yes,,,poetry uv,others::named package poetry || fresh:lock absent:poetry install without the lock resolves pyproject.toml || T::uv sync with lock uv.lock,
P318-s2-0,P318,snapshot,8e3d5a9f7b57,opensampl/server/grafana/Dockerfile,,opensampl/server/grafana,5,no Python install,,,script,,,,,,,,no,,,,,
P318-h1-0,P318,head,43104a9a9a64,docs.Dockerfile,,,1,,uv sync with lock uv.lock,may re-lock,script,,yes,"<0.1,>=0.0.27",,,,uv.lock,yes,,,poetry uv,others::named package poetry || fresh:lock absent:poetry install without the lock resolves pyproject.toml || T::uv sync with lock uv.lock,
P318-h2-0,P318,head,43104a9a9a64,opensampl/server/backend/Dockerfile,,opensampl/server/backend,6,other,"the only install runs at start, from /tmp/opensampl, which the image as read does not hold",,writer,own project source outside the repository at /tmp/opensampl,,,,,,,no,,,own,judge@start::own project source outside the repository at /tmp/opensampl,
P318-h2-1,P318,head,43104a9a9a64,opensampl/server/backend/Dockerfile,dev,opensampl/server/backend,6,other,"the only install runs at start, from /tmp/opensampl, which the image as read does not hold",,writer,own project source outside the repository at /tmp/opensampl,,,,,,,no,,,own,judge@start::own project source outside the repository at /tmp/opensampl,
P318-h2-2,P318,head,43104a9a9a64,opensampl/server/backend/Dockerfile,prod,opensampl/server/backend,3,,own package opensampl from the index,,script,,,,opensampl,opensampl==1.1.5,,,no,,,own,index_own::own package opensampl from the index,
P318-h3-0,P318,head,43104a9a9a64,opensampl/server/grafana/Dockerfile,,opensampl/server/grafana,5,no Python install,,,script,,,,,,,,no,,,,,
P318-h4-0,P318,head,43104a9a9a64,opensampl/server/migrations/Dockerfile,,opensampl/server/migrations,3,,own package opensampl from the index,,script,,,,opensampl,opensampl==1.1.5,,,no,,,own,index_own::own package opensampl from the index || others::named package alembic,
P321-s1-0,P321,snapshot,40921cc40196,Containerfile,,,6,unreadable,ignore file unreadable,,script,,,,,,,,,,,,,
P321-s2-0,P321,snapshot,40921cc40196,Dockerfile,,,6,unreadable,ignore file unreadable,,script,,,,,,,,,,,,,
P321-s3-0,P321,snapshot,40921cc40196,frontend/Containerfile,,frontend,5,no Python install,,,script,,,,,,,,no,,,,,
P321-s4-0,P321,snapshot,40921cc40196,frontend/Dockerfile,,frontend,5,no Python install,,,script,,,,,,,,no,,,,,
P321-h1-0,P321,head,2b903819a0c9,Containerfile,,,6,unreadable,ignore file unreadable,,script,,,,,,,,,,,,,
P321-h2-0,P321,head,2b903819a0c9,Dockerfile,,,6,unreadable,ignore file unreadable,,script,,,,,,,,,,,,,
P321-h3-0,P321,head,2b903819a0c9,frontend/Containerfile,,frontend,5,no Python install,,,script,,,,,,,,no,,,,,
P321-h4-0,P321,head,2b903819a0c9,frontend/Dockerfile,,frontend,5,no Python install,,,script,,,,,,,,no,,,,,
P322-s1-0,P322,snapshot,f7ee0945dacd,Dockerfile,,,1,,project /tmp/avakas with manifest in T,,script,,,,,,,pyproject.toml,no,,,project,T::project /tmp/avakas with manifest in T,
P323-s1-0,P323,snapshot,f7ee0945dacd,Dockerfile,,,1,,project /tmp/avakas with manifest in T,,script,,,,,,,pyproject.toml,no,,,project,T::project /tmp/avakas with manifest in T,
P322-h1-0,P322,head,d054fe550b64,Dockerfile,,,1,,project /tmp/avakas with manifest in T,,script,,,,,,,pyproject.toml,no,,,project,T::project /tmp/avakas with manifest in T,
P323-h1-0,P323,head,d054fe550b64,Dockerfile,,,1,,project /tmp/avakas with manifest in T,,script,,,,,,,pyproject.toml,no,,,project,T::project /tmp/avakas with manifest in T,
P324-s1-0,P324,snapshot,508cd5338ef0,Dockerfile,,,1,,-r deployment/requirements.txt,,script,,,,,,,deployment/requirements.txt,no,,,-r,T::-r deployment/requirements.txt,
P324-h1-0,P324,head,fc2329bc2749,Dockerfile,,,1,,-r deployment/requirements.txt,,script,,,,,,,deployment/requirements.txt,no,,,-r,T::-r deployment/requirements.txt,
P327-s1-0,P327,snapshot,dd4c70085cf5,services/whatsapp-bridge/Dockerfile,,services/whatsapp-bridge,5,no Python install,,,script,,,,,,,,no,,,,,script whatsapp-bridge not in the repository (stage)
P327-h1-0,P327,head,d7c890f6972d,docker/arango/Dockerfile,,docker/arango,5,no Python install,,,script,,,,,,,,no,,,,,
P327-h2-0,P327,head,d7c890f6972d,docker/dev/Dockerfile,,docker/dev,3,,own package ai-parrot from the index (specifier not parsed),,script,,,,ai-parrot ai-parrot-server,ai-parrot ai-parrot-server,,,no,,,own,index_own::own package ai-parrot from the index (specifier not parsed) || index_own::own package ai-parrot-server from the index || others::named package async-notify,
P327-h3-0,P327,head,d7c890f6972d,docker/grafana/Dockerfile,,docker/grafana,5,no Python install,,,script,,,,,,,,no,,,,,
P327-h4-0,P327,head,d7c890f6972d,docker/integrations/Dockerfile,,,1,,project ./packages/ai-parrot[$PARROT_EXTRAS] with manifest in T,,script,,no,,,,,packages/ai-parrot/pyproject.toml,no,,,project,T::project ./packages/ai-parrot[$PARROT_EXTRAS] with manifest in T || fresh:other file:project ./packages/ai-parrot-server[$SERVER_EXTRAS] (pyproject.toml not in T) || fresh:other file:project ./packages/ai-parrot-integrations[$INTEGRATIONS_EXTRAS] (pyproject.toml  || fresh:other file:project ./packages/ai-parrot-tools (pyproject.toml not in T),
P327-h5-0,P327,head,d7c890f6972d,docker/tool-worker/Dockerfile,,,6,context,classes differ across candidate contexts,,script,,,,,,,,,,,,,
P327-h6-0,P327,head,d7c890f6972d,llama_server/Dockerfile,,llama_server,5,no Python install,,,script,,,,,,,,no,,,,,
P327-h7-0,P327,head,d7c890f6972d,services/whatsapp-bridge/Dockerfile,,services/whatsapp-bridge,5,no Python install,,,script,,,,,,,,no,,,,,script whatsapp-bridge not in the repository (stage)
P328-s1-0,P328,snapshot,0c834b698f74,Dockerfile,,,1,,project /cbpi-src with manifest in T,,script,,,,,,,setup.py,no,,,-r project wheel,others::named package pip || others::named package setuptools || others::named package wheel || T::-r requirements.txt || others::named package rpi-gpio || T::project /cbpi-src with manifest in T || neutral::wheel from a stage or step in the build,
P328-s1-1,P328,snapshot,0c834b698f74,Dockerfile,deploy,,1,,project /cbpi-src with manifest in T,,script,,,,,,,setup.py,no,,,-r project wheel,others::named package pip || others::named package setuptools || others::named package wheel || T::-r requirements.txt || others::named package rpi-gpio || T::project /cbpi-src with manifest in T || neutral::wheel from a stage or step in the build,
P328-h1-0,P328,head,e4e0e952d378,Dockerfile,,,1,,project /cbpi-src with manifest in T,,script,,,,,,,setup.py,no,,,-r project wheel,others::named package pip || others::named package setuptools || others::named package wheel || T::-r requirements.txt || others::named package rpi-gpio || T::project /cbpi-src with manifest in T || neutral::wheel from a stage or step in the build,
P328-h1-1,P328,head,e4e0e952d378,Dockerfile,deploy,,1,,project /cbpi-src with manifest in T,,script,,,,,,,setup.py,no,,,-r project wheel,others::named package pip || others::named package setuptools || others::named package wheel || T::-r requirements.txt || others::named package rpi-gpio || T::project /cbpi-src with manifest in T || neutral::wheel from a stage or step in the build,
P334-s1-0,P334,snapshot,53a7ed44c259,Dockerfile,,,1,,project /app with manifest in T,,script,,,,,,,pyproject.toml,no,,,poetry project,T::poetry install with lock poetry.lock || T::project /app with manifest in T,
P335-s1-0,P335,snapshot,c3ad72174321,Dockerfile,,,1,,project /app with manifest in T,,script,,,,,,,pyproject.toml,no,,,poetry project,T::poetry install with lock poetry.lock || T::project /app with manifest in T,
P334-h1-0,P334,head,9a3145e382db,Dockerfile,,,1,,project /app with manifest in T,,script,,,,,,,pyproject.toml,no,,,poetry project,T::poetry install with lock poetry.lock || T::project /app with manifest in T,
P335-h1-0,P335,head,9a3145e382db,Dockerfile,,,1,,project /app with manifest in T,,script,,,,,,,pyproject.toml,no,,,poetry project,T::poetry install with lock poetry.lock || T::project /app with manifest in T,
P341-s1-0,P341,snapshot,70c4e90001b1,Dockerfile,,,1,,project . with manifest in T,,script,,yes,any,,,,pyproject.toml,no,,,L project wheel,others::named package build || fresh:upgrade:L inline  || others::named package setuptools || others::named package wheel || others::named package setuptools-scm || T::project . with manifest in T || neutral::wheel from a stage or step in the build,
P342-s1-0,P342,snapshot,a82fddfc37f2,Dockerfile,,,1,,project . with manifest in T,,script,,yes,any,,,,pyproject.toml,no,,,L project wheel,others::named package build || fresh:upgrade:L inline  || others::named package setuptools || others::named package wheel || others::named package setuptools-scm || T::project . with manifest in T || neutral::wheel from a stage or step in the build,
P341-h1-0,P341,head,a2da6365a2d2,Dockerfile,,,1,,project . with manifest in T,,script,,yes,any,,,,pyproject.toml,no,,,L project wheel,others::named package build || fresh:upgrade:L inline  || others::named package setuptools || others::named package wheel || others::named package setuptools-scm || T::project . with manifest in T || neutral::wheel from a stage or step in the build,
P342-h1-0,P342,head,a2da6365a2d2,Dockerfile,,,1,,project . with manifest in T,,script,,yes,any,,,,pyproject.toml,no,,,L project wheel,others::named package build || fresh:upgrade:L inline  || others::named package setuptools || others::named package wheel || others::named package setuptools-scm || T::project . with manifest in T || neutral::wheel from a stage or step in the build,
P348-h1-0,P348,head,31efcbedf134,deploy/multica/Dockerfile,,deploy/multica,5,other named packages only,,,script,,,,,,,,no,,,,others::named package pyjwt || others::named package cryptography,script entrypoint.sh not in the repository (not copied)
P348-h2-0,P348,head,31efcbedf134,deploy/multica/Dockerfile.daemon,,deploy/multica,5,no Python install,,,script,,,,,,,,no,,,,,
P349-s1-0,P349,snapshot,bbac8d27dd71,Docker/centos-stream8-jenkins-slave/Dockerfile,,Docker/centos-stream8-jenkins-slave,5,no Python install,,,script,,,,,,,,no,,,,,script run.sh not in the repository (not copied)
P349-s2-0,P349,snapshot,bbac8d27dd71,Docker/centos-stream9-jenkins-slave/Dockerfile,,Docker/centos-stream9-jenkins-slave,5,no Python install,,,script,,,,,,,,no,,,,,script run.sh not in the repository (not copied)
P349-s3-0,P349,snapshot,bbac8d27dd71,Docker/fedora-38-jenkins-slave/Dockerfile,,Docker/fedora-38-jenkins-slave,5,no Python install,,,script,,,,,,,,no,,,,,script run.sh not in the repository (not copied)
P349-s4-0,P349,snapshot,bbac8d27dd71,Docker/postfix/Dockerfile,,Docker/postfix,5,no Python install,,,script,,,,,,,,no,,,,,
P349-s5-0,P349,snapshot,bbac8d27dd71,Dockerfile,,,6,would not build,/tmp/constraints.txt not in the image,,script,,,,cloud-governance,cloud-governance,,,no,,,own would,others::named package pip || others::named package setuptools || others::named package wheel || others::named package ibm-cloud-sdk-core || others::named package ibm-platform-services || others::named package ibm-vpc || others::named package ibm-schematics || und::would not build || index_own::own package cloud-governance from the index || others::named package awscli,
P349-h1-0,P349,head,193be4cf1741,Docker/centos-stream8-jenkins-slave/Dockerfile,,Docker/centos-stream8-jenkins-slave,5,no Python install,,,script,,,,,,,,no,,,,,script run.sh not in the repository (not copied)
P349-h2-0,P349,head,193be4cf1741,Docker/centos-stream9-jenkins-slave/Dockerfile,,Docker/centos-stream9-jenkins-slave,5,no Python install,,,script,,,,,,,,no,,,,,script run.sh not in the repository (not copied)
P349-h3-0,P349,head,193be4cf1741,Docker/fedora-38-jenkins-slave/Dockerfile,,Docker/fedora-38-jenkins-slave,5,no Python install,,,script,,,,,,,,no,,,,,script run.sh not in the repository (not copied)
P349-h4-0,P349,head,193be4cf1741,Docker/orion/Dockerfile,,Docker/orion,6,would not build,requirements.txt not in the image,,script,,,,,,,,no,,,would,others::named package pip || others::named package setuptools || und::would not build || others::source outside the repository /build,
P349-h5-0,P349,head,193be4cf1741,Docker/postfix/Dockerfile,,Docker/postfix,5,no Python install,,,script,,,,,,,,no,,,,,
P349-h6-0,P349,head,193be4cf1741,Dockerfile,,,6,would not build,/tmp/constraints.txt not in the image,,script,,,,cloud-governance,cloud-governance,,,no,,,own would,others::named package pip || others::named package setuptools || others::named package wheel || others::named package ibm-cloud-sdk-core || others::named package ibm-platform-services || others::named package ibm-vpc || others::named package ibm-schematics || und::would not build || index_own::own package cloud-governance from the index || others::named package awscli,
P349-h7-0,P349,head,193be4cf1741,cloud-governance-mcp/Dockerfile,,cloud-governance-mcp,2,other file,cloud-governance-mcp/requirements.txt,,script,,no,,,,,,no,,,cloud-governance-mcp/requirements.txt,fresh:other file:cloud-governance-mcp/requirements.txt,
P350-s1-0,P350,snapshot,7bd01013115a,Dockerfile,,,1,,"requirements.txt is generated in the build from pyproject.toml (T) with its specifiers, then `pip install .` installs the T manifest; the start-time plugin install names no version of L",at start,writer,no manifest found for . at /$PLUGIN,,,,,,,no,,,no project would,others::named package pip || others::named package wheel || others::named package toml || und::would not build || T::project . with manifest in T || judge@start::no manifest found for . at /$PLUGIN,script supervisord not in the repository (not copied)
P350-s2-0,P350,snapshot,7bd01013115a,docker/Dockerfile.slim,,,1,,"requirements.txt is generated in the build from pyproject.toml (T) with its specifiers, then `pip install .` installs the T manifest; the start-time plugin install names no version of L",at start,writer,no manifest found for . at /${OTTERWIKI_REPOSITORY}/$PLUGIN,,,,,,,no,,,no project would,others::named package pip || others::named package wheel || others::named package toml || und::would not build || T::project . with manifest in T || judge@start::no manifest found for . at /${OTTERWIKI_REPOSITORY}/$PLUGIN,script uwsgi not in the repository (not copied)
P350-h1-0,P350,head,00381421a7b5,Dockerfile,,,1,,"requirements.txt is generated in the build from pyproject.toml (T) with its specifiers, then `pip install .` installs the T manifest; the start-time plugin install names no version of L",at start,writer,no manifest found for . at /$PLUGIN,,,,,,,no,,,no project would,others::named package pip || others::named package wheel || und::would not build || T::project . with manifest in T || judge@start::no manifest found for . at /$PLUGIN,script supervisord not in the repository (not copied)
P350-h2-0,P350,head,00381421a7b5,docker/Dockerfile.slim,,,1,,"requirements.txt is generated in the build from pyproject.toml (T) with its specifiers, then `pip install .` installs the T manifest; the start-time plugin install names no version of L",at start,writer,no manifest found for . at /${OTTERWIKI_REPOSITORY}/$PLUGIN,,,,,,,no,,,no project would,others::named package pip || others::named package wheel || und::would not build || T::project . with manifest in T || judge@start::no manifest found for . at /${OTTERWIKI_REPOSITORY}/$PLUGIN,script uwsgi not in the repository (not copied)
P351-s1-0,P351,snapshot,85d2a83d53ea,Dockerfile,,,1,,uv sync with lock uv.lock,,script,,no,"<=1.82.6,>=1.75.5",,,,uv.lock,yes,,,project uv,T::uv sync with lock uv.lock || fresh:other file:project . (pyproject.toml not in T),
P351-s1-1,P351,snapshot,85d2a83d53ea,Dockerfile,standard,,1,,uv sync with lock uv.lock,,script,,no,"<=1.82.6,>=1.75.5",,,,uv.lock,yes,,,project uv,T::uv sync with lock uv.lock || fresh:other file:project . (pyproject.toml not in T),
P351-s2-0,P351,snapshot,85d2a83d53ea,Dockerfile.standalone,,,6,script not read,pre-start.sh called at depth 2,,script,,no,"<=1.82.6,>=1.75.5",,,,,no,,,project script uv,T::uv sync with lock uv.lock || fresh:other file:project ./agent-memory-client (pyproject.toml not in T) || fresh:other file:project . (pyproject.toml not in T) || und@start::script not read,
P351-h1-0,P351,head,94192c39e2a4,V0/Dockerfile,,V0,4,,uv sync lock V0/uv.lock not in T locks L,,script,,no,"!=1.82.7,!=1.82.8,<=1.83.0,>=1.75.5",,,1.83.0,,no,,,project uv,other_pin::uv sync lock V0/uv.lock not in T locks L || fresh:other file:project . (pyproject.toml not in T),
P351-h1-1,P351,head,94192c39e2a4,V0/Dockerfile,standard,V0,4,,uv sync lock V0/uv.lock not in T locks L,,script,,no,"!=1.82.7,!=1.82.8,<=1.83.0,>=1.75.5",,,1.83.0,,no,,,project uv,other_pin::uv sync lock V0/uv.lock not in T locks L || fresh:other file:project . (pyproject.toml not in T),
P351-h2-0,P351,head,94192c39e2a4,V0/Dockerfile.standalone,,V0,6,script not read,pre-start.sh called at depth 2,,script,,no,"!=1.82.7,!=1.82.8,<=1.83.0,>=1.75.5",,,1.83.0,,no,,,project script uv,other_pin::uv sync lock V0/uv.lock not in T locks L || fresh:other file:project ./agent-memory-client (pyproject.toml not in T) || fresh:other file:project . (pyproject.toml not in T) || und@start::script not read,
P354-s1-0,P354,snapshot,86914ff6ae07,Dockerfile,,,5,no Python install,,,script,,,,,,,,no,,,,,script Makefile not in the repository (not copied); script Makefile not in the repository (not copied); script Makefile not in the repository (not copied); script Makefile not in the repository (not c
P354-h1-0,P354,head,f69e3e6ccb92,Dockerfile,,,5,no Python install,,,script,,,,,,,,no,,,,,script Makefile not in the repository (not copied); script Makefile not in the repository (not copied)
P355-s1-0,P355,snapshot,724a2236702a,Dockerfile,,,1,,-r requirements.txt,,script,,,,,,,requirements.txt,no,,,-r,T::-r requirements.txt || others::named package pyodbc,
P356-s1-0,P356,snapshot,963b288db091,Dockerfile,,,1,,-r requirements.txt,,script,,,,,,,requirements.txt,no,,,-r,T::-r requirements.txt || others::named package pyodbc,
P356-s2-0,P356,snapshot,963b288db091,Dockerfile.dev,,,1,,-r requirements.txt,,script,,,,,,,requirements.txt,no,,,-r,T::-r requirements.txt || others::named package pyodbc,
P357-s1-0,P357,snapshot,b1d956f6f1db,Dockerfile,,,1,,-r requirements.txt,,script,,,,,,,requirements.txt,no,,,-r,T::-r requirements.txt || others::named package pyodbc,
P357-s2-0,P357,snapshot,b1d956f6f1db,Dockerfile.dev,,,1,,-r requirements.txt,,script,,,,,,,requirements.txt,no,,,-r,T::-r requirements.txt || others::named package pyodbc,
P355-h1-0,P355,head,b1185eeef2f6,Dockerfile,,,1,,-r requirements.txt,,script,,,,,,,requirements.txt,no,,,-r,T::-r requirements.txt || others::named package pyodbc,
P356-h1-0,P356,head,b1185eeef2f6,Dockerfile,,,1,,-r requirements.txt,,script,,,,,,,requirements.txt,no,,,-r,T::-r requirements.txt || others::named package pyodbc,
P357-h1-0,P357,head,b1185eeef2f6,Dockerfile,,,1,,-r requirements.txt,,script,,,,,,,requirements.txt,no,,,-r,T::-r requirements.txt || others::named package pyodbc,
P355-h2-0,P355,head,b1185eeef2f6,Dockerfile.dev,,,1,,-r requirements.txt,,script,,,,,,,requirements.txt,no,,,-r,T::-r requirements.txt || others::named package pyodbc,
P356-h2-0,P356,head,b1185eeef2f6,Dockerfile.dev,,,1,,-r requirements.txt,,script,,,,,,,requirements.txt,no,,,-r,T::-r requirements.txt || others::named package pyodbc,
P357-h2-0,P357,head,b1185eeef2f6,Dockerfile.dev,,,1,,-r requirements.txt,,script,,,,,,,requirements.txt,no,,,-r,T::-r requirements.txt || others::named package pyodbc,
P355-h3-0,P355,head,b1185eeef2f6,Dockerfile.ppr_test,,,1,,-r requirements.txt,,script,,,,,,,requirements.txt,no,,,-r,T::-r requirements.txt || others::named package pyodbc || others::named package aioodbc,
P356-h3-0,P356,head,b1185eeef2f6,Dockerfile.ppr_test,,,1,,-r requirements.txt,,script,,,,,,,requirements.txt,no,,,-r,T::-r requirements.txt || others::named package pyodbc || others::named package aioodbc,
P357-h3-0,P357,head,b1185eeef2f6,Dockerfile.ppr_test,,,1,,-r requirements.txt,,script,,,,,,,requirements.txt,no,,,-r,T::-r requirements.txt || others::named package pyodbc || others::named package aioodbc,
P360-s1-0,P360,snapshot,64798572e05d,Dockerfile,,,1,,project . with manifest in T,,script,,,,,,,pyproject.toml,no,,,project,others::named package uv || T::project . with manifest in T,
P360-h1-0,P360,head,2d2f05167caa,Dockerfile,,,1,,project . with manifest in T,,script,,,,,,,pyproject.toml,no,,,project,others::named package uv || T::project . with manifest in T || others::named package agentcat || others::named package pydantic,
P364-s1-0,P364,snapshot,f5e6c9aef9d5,apps/admin/Dockerfile,,apps,5,no Python install,,,script,,,,,,,,no,,,,,
P364-s1-1,P364,snapshot,f5e6c9aef9d5,apps/admin/Dockerfile,,apps/admin,5,no Python install,,,script,,,,,,,,no,,,,,
P364-s2-0,P364,snapshot,f5e6c9aef9d5,apps/backend/Dockerfile,,apps/backend,6,external,"the install reads dist/, an artefact built outside the recipe (not in the tree at this commit)",,writer,wheel /build/dist/$(basename /build/dist/sagewai-*.whl) of unknown origin,,,sagewai,sagewai,,,no,,,own wheel,judge::wheel /build/dist/$(basename /build/dist/sagewai-*.whl) of unknown origin || index_own::own package sagewai from the index,
P364-s3-0,P364,snapshot,f5e6c9aef9d5,observability/grafana/Dockerfile,,observability/grafana,5,no Python install,,,script,,,,,,,,no,,,,,
P364-s4-0,P364,snapshot,f5e6c9aef9d5,observability/otel-collector/Dockerfile,,observability/otel-collector,5,no Python install,,,script,,,,,,,,no,,,,,
P364-s5-0,P364,snapshot,f5e6c9aef9d5,packages/tool-runner/images/api/Dockerfile,,,2,lock unused,packages/tool-runner/images/requirements/api.txt,,script,,no,,,,,,no,,,packages/tool-runner/images/requirements/api.txt,fresh:other file:packages/tool-runner/images/requirements/api.txt,
P364-s6-0,P364,snapshot,f5e6c9aef9d5,packages/tool-runner/images/base/Dockerfile,,,2,lock unused,packages/tool-runner/images/requirements/base.txt; project /tmp/tool-runner (pyproject.toml not in T),,script,,no,,,,,,no,,,packages/tool-runner/images/requirements/base.txt project,fresh:other file:packages/tool-runner/images/requirements/base.txt || fresh:other file:project /tmp/tool-runner (pyproject.toml not in T),
P364-s7-0,P364,snapshot,f5e6c9aef9d5,packages/tool-runner/images/ecommerce/Dockerfile,,,4,,packages/tool-runner/images/requirements/ecommerce.txt lockfile 46.0.7,,script,,,,,,46.0.7,,no,,,packages/tool-runner/images/requirements/ecommerce.txt,other_pin::packages/tool-runner/images/requirements/ecommerce.txt lockfile 46.0.7,
P364-s8-0,P364,snapshot,f5e6c9aef9d5,packages/tool-runner/images/erp/Dockerfile,,,4,,packages/tool-runner/images/requirements/erp.txt lockfile 46.0.7,,script,,,,,,46.0.7,,no,,,packages/tool-runner/images/requirements/erp.txt,other_pin::packages/tool-runner/images/requirements/erp.txt lockfile 46.0.7,
P364-s9-0,P364,snapshot,f5e6c9aef9d5,packages/tool-runner/images/general/Dockerfile,,,4,,packages/tool-runner/images/requirements/general.txt lockfile 46.0.7,,script,,,,,,46.0.7,,no,,,packages/tool-runner/images/requirements/general.txt,other_pin::packages/tool-runner/images/requirements/general.txt lockfile 46.0.7,script install not in the repository (not copied); script install.sh not in the repository (not copied)
P364-s10-0,P364,snapshot,f5e6c9aef9d5,packages/tool-runner/images/ml/Dockerfile,,,2,lock unused,packages/tool-runner/images/requirements/ml.txt,,script,,no,,,,,,no,,,packages/tool-runner/images/requirements/ml.txt,fresh:other file:packages/tool-runner/images/requirements/ml.txt,
P364-s11-0,P364,snapshot,f5e6c9aef9d5,packages/tool-runner/images/ops/Dockerfile,,,2,lock unused,packages/tool-runner/images/requirements/ops.txt,,script,,no,,,,,,no,,,packages/tool-runner/images/requirements/ops.txt,fresh:other file:packages/tool-runner/images/requirements/ops.txt,
P364-h1-0,P364,head,2369c0c29287,apps/admin/Dockerfile,,apps/admin,5,no Python install,,,script,,,,,,,,no,,,,,
P364-h1-1,P364,head,2369c0c29287,apps/admin/Dockerfile,,apps,5,no Python install,,,script,,,,,,,,no,,,,,
P364-h1-2,P364,head,2369c0c29287,apps/admin/Dockerfile,,apps/admin,5,no Python install,,,script,,,,,,,,no,,,,,
P364-h2-0,P364,head,2369c0c29287,apps/backend/Dockerfile,,,1,,project /build/sdk[postgres] with manifest in T,,script,,,,,,,packages/sdk/pyproject.toml,no,,,project,T::project /build/sdk[postgres] with manifest in T || T::project /build/sdk[postgres] with manifest in T,
P364-h3-0,P364,head,2369c0c29287,observability/grafana/Dockerfile,,observability/grafana,5,no Python install,,,script,,,,,,,,no,,,,,
P364-h4-0,P364,head,2369c0c29287,observability/otel-collector/Dockerfile,,observability/otel-collector,5,no Python install,,,script,,,,,,,,no,,,,,
P364-h5-0,P364,head,2369c0c29287,packages/tool-runner/images/api/Dockerfile,,,2,lock unused,packages/tool-runner/images/requirements/api.txt,,script,,no,,,,,,no,,,packages/tool-runner/images/requirements/api.txt,fresh:other file:packages/tool-runner/images/requirements/api.txt,
P364-h6-0,P364,head,2369c0c29287,packages/tool-runner/images/base/Dockerfile,,,2,lock unused,packages/tool-runner/images/requirements/base.txt; project /tmp/tool-runner (pyproject.toml not in T),,script,,no,,,,,,no,,,packages/tool-runner/images/requirements/base.txt project,fresh:other file:packages/tool-runner/images/requirements/base.txt || fresh:other file:project /tmp/tool-runner (pyproject.toml not in T),
P364-h7-0,P364,head,2369c0c29287,packages/tool-runner/images/ecommerce/Dockerfile,,,4,,packages/tool-runner/images/requirements/ecommerce.txt lockfile 46.0.7,,script,,,,,,46.0.7,,no,,,packages/tool-runner/images/requirements/ecommerce.txt,other_pin::packages/tool-runner/images/requirements/ecommerce.txt lockfile 46.0.7,
P364-h8-0,P364,head,2369c0c29287,packages/tool-runner/images/erp/Dockerfile,,,4,,packages/tool-runner/images/requirements/erp.txt lockfile 46.0.7,,script,,,,,,46.0.7,,no,,,packages/tool-runner/images/requirements/erp.txt,other_pin::packages/tool-runner/images/requirements/erp.txt lockfile 46.0.7,
P364-h9-0,P364,head,2369c0c29287,packages/tool-runner/images/general/Dockerfile,,,4,,packages/tool-runner/images/requirements/general.txt lockfile 46.0.7,,script,,,,,,46.0.7,,no,,,packages/tool-runner/images/requirements/general.txt,other_pin::packages/tool-runner/images/requirements/general.txt lockfile 46.0.7,script install not in the repository (not copied); script install.sh not in the repository (not copied)
P364-h10-0,P364,head,2369c0c29287,packages/tool-runner/images/ml/Dockerfile,,,2,lock unused,packages/tool-runner/images/requirements/ml.txt,,script,,no,,,,,,no,,,packages/tool-runner/images/requirements/ml.txt,fresh:other file:packages/tool-runner/images/requirements/ml.txt,
P364-h11-0,P364,head,2369c0c29287,packages/tool-runner/images/ops/Dockerfile,,,2,lock unused,packages/tool-runner/images/requirements/ops.txt,,script,,no,,,,,,no,,,packages/tool-runner/images/requirements/ops.txt,fresh:other file:packages/tool-runner/images/requirements/ops.txt,
P364-h12-0,P364,head,2369c0c29287,scripts/docker/work-verifier.Dockerfile,,,1,,uv sync with lock uv.lock,,script,,,,,,,uv.lock,yes,,,just uv,judge::just task || T::uv sync with lock uv.lock,
P365-s1-0,P365,snapshot,aba034c13d61,docker/Dockerfile,,,2,lock unused,"project .[cpu,redis] (pyproject.docker.toml not in T)",,script,,yes,==1.27.1,,,,,no,,,project,"others::named package uv || fresh:other file:project .[cpu,redis] (pyproject.docker.toml not in T) || others::named package uv",
P365-h1-0,P365,head,b53baf0702c1,docker/Dockerfile,,,2,lock unused,project .[redis] (pyproject.docker.toml not in T),,script,,yes,==2.1.1,,,,,no,,,project,others::named package uv || fresh:other file:project .[redis] (pyproject.docker.toml not in T) || others::named package uv,
P368-s1-0,P368,snapshot,80c19816b7a4,Dockerfile,,,1,,poetry install with lock poetry.lock,,script,,,,,,,poetry.lock,yes,,,poetry,others::named package pip || others::named package wheel || others::named package poetry || T::poetry install with lock poetry.lock,
P369-s1-0,P369,snapshot,80c19816b7a4,Dockerfile,,,1,,poetry install with lock poetry.lock,,script,,,,,,,poetry.lock,yes,,,poetry,others::named package pip || others::named package wheel || others::named package poetry || T::poetry install with lock poetry.lock,
P368-s2-0,P368,snapshot,80c19816b7a4,Dockerfile-dev,,,1,,poetry install with lock poetry.lock,,script,,,,,,,poetry.lock,yes,,,poetry,others::named package pip || others::named package wheel || others::named package poetry || T::poetry install with lock poetry.lock,
P369-s2-0,P369,snapshot,80c19816b7a4,Dockerfile-dev,,,1,,poetry install with lock poetry.lock,,script,,,,,,,poetry.lock,yes,,,poetry,others::named package pip || others::named package wheel || others::named package poetry || T::poetry install with lock poetry.lock,
P368-s3-0,P368,snapshot,80c19816b7a4,fittrackee_client/Dockerfile,,fittrackee_client,5,no Python install,,,script,,,,,,,,no,,,,,
P369-s3-0,P369,snapshot,80c19816b7a4,fittrackee_client/Dockerfile,,fittrackee_client,5,no Python install,,,script,,,,,,,,no,,,,,
P370-s1-0,P370,snapshot,680e1e8f4ce4,Dockerfile,,,1,,poetry install with lock poetry.lock,,script,,,,,,,poetry.lock,yes,,,poetry,others::named package pip || others::named package wheel || others::named package poetry || T::poetry install with lock poetry.lock,
P370-s2-0,P370,snapshot,680e1e8f4ce4,Dockerfile-dev,,,1,,poetry install with lock poetry.lock,,script,,,,,,,poetry.lock,yes,,,poetry,others::named package pip || others::named package wheel || others::named package poetry || T::poetry install with lock poetry.lock,
P370-s3-0,P370,snapshot,680e1e8f4ce4,fittrackee_client/Dockerfile,,fittrackee_client,5,no Python install,,,script,,,,,,,,no,,,,,
P368-h1-0,P368,head,d9cfb15e6d2a,Dockerfile,,,1,,poetry install with lock poetry.lock,,script,,,,,,,poetry.lock,yes,,,poetry,others::named package pip || others::named package wheel || others::named package poetry || T::poetry install with lock poetry.lock,
P369-h1-0,P369,head,d9cfb15e6d2a,Dockerfile,,,1,,poetry install with lock poetry.lock,,script,,,,,,,poetry.lock,yes,,,poetry,others::named package pip || others::named package wheel || others::named package poetry || T::poetry install with lock poetry.lock,
P370-h1-0,P370,head,d9cfb15e6d2a,Dockerfile,,,1,,poetry install with lock poetry.lock,,script,,,,,,,poetry.lock,yes,,,poetry,others::named package pip || others::named package wheel || others::named package poetry || T::poetry install with lock poetry.lock,
P368-h2-0,P368,head,d9cfb15e6d2a,Dockerfile-dev,,,1,,poetry install with lock poetry.lock,,script,,,,,,,poetry.lock,yes,,,poetry,others::named package pip || others::named package wheel || others::named package poetry || T::poetry install with lock poetry.lock,
P369-h2-0,P369,head,d9cfb15e6d2a,Dockerfile-dev,,,1,,poetry install with lock poetry.lock,,script,,,,,,,poetry.lock,yes,,,poetry,others::named package pip || others::named package wheel || others::named package poetry || T::poetry install with lock poetry.lock,
P370-h2-0,P370,head,d9cfb15e6d2a,Dockerfile-dev,,,1,,poetry install with lock poetry.lock,,script,,,,,,,poetry.lock,yes,,,poetry,others::named package pip || others::named package wheel || others::named package poetry || T::poetry install with lock poetry.lock,
P368-h3-0,P368,head,d9cfb15e6d2a,fittrackee_client/Dockerfile,,fittrackee_client,5,no Python install,,,script,,,,,,,,no,,,,,
P369-h3-0,P369,head,d9cfb15e6d2a,fittrackee_client/Dockerfile,,fittrackee_client,5,no Python install,,,script,,,,,,,,no,,,,,
P370-h3-0,P370,head,d9cfb15e6d2a,fittrackee_client/Dockerfile,,fittrackee_client,5,no Python install,,,script,,,,,,,,no,,,,,
P371-s1-0,P371,snapshot,fc95ee51f462,Dockerfile,,,1,,-r requirements.txt,,script,,,,,,,requirements.txt,no,,,-r,others::named package pip || T::-r requirements.txt,
P372-s1-0,P372,snapshot,a94624049cec,Dockerfile,,,1,,-r requirements.txt,,script,,,,,,,requirements.txt,no,,,-r,others::named package pip || T::-r requirements.txt,
P373-s1-0,P373,snapshot,0aecc69a2bc2,Dockerfile,,,1,,-r requirements.txt,,script,,,,,,,requirements.txt,no,,,-r,others::named package pip || T::-r requirements.txt,
P374-s1-0,P374,snapshot,61d603fed137,Dockerfile,,,1,,-r requirements.txt,,script,,,,,,,requirements.txt,no,,,-r,others::named package pip || T::-r requirements.txt,
P371-h1-0,P371,head,cb6e031efe28,Dockerfile,,,1,,-r requirements.txt,,script,,,,,,,requirements.txt,no,,,-r,others::named package pip || T::-r requirements.txt,
P372-h1-0,P372,head,cb6e031efe28,Dockerfile,,,1,,-r requirements.txt,,script,,,,,,,requirements.txt,no,,,-r,others::named package pip || T::-r requirements.txt,
P373-h1-0,P373,head,cb6e031efe28,Dockerfile,,,1,,-r requirements.txt,,script,,,,,,,requirements.txt,no,,,-r,others::named package pip || T::-r requirements.txt,
P374-h1-0,P374,head,cb6e031efe28,Dockerfile,,,1,,-r requirements.txt,,script,,,,,,,requirements.txt,no,,,-r,others::named package pip || T::-r requirements.txt,
P377-s1-0,P377,snapshot,5fc8650975b3,docker/Dockerfile,,,1,,uv run with lock uv.lock,at start;may re-lock,script,,,,,,,uv.lock,yes,,,uv,T::uv sync with lock uv.lock || T@start::uv run with lock uv.lock,
P377-h1-0,P377,head,7b12d88da558,docker/Dockerfile,,,1,,uv run with lock uv.lock,at start;may re-lock,script,,,,,,,uv.lock,yes,,,uv,T::uv sync with lock uv.lock || T@start::uv run with lock uv.lock,
P381-s1-0,P381,snapshot,78ebd3f99837,loadtests/latency/Dockerfile,,,1,,project . with manifest in T,,script,,no,,,,,pyproject.toml,no,,,project,"others::named package bindep || others::named package yq || others::source outside the repository /srv/openstacksdk || others::source outside the repository /srv/python-openstackclient || T::project . with manifest in T || fresh:other file:project . (setup.py,setup.cfg not in T)",
P381-h1-0,P381,head,183d904f6741,demo/Dockerfile,,,6,script not read,demo-env.sh called at depth 2,,script,,,,kerbside kerbside-proxy,kerbside kerbside-proxy,,,no,,,own script,index_own::own package kerbside-proxy from the index || index_own::own package kerbside from the index || und@start::script not read,
P381-h2-0,P381,head,183d904f6741,demo/spice-target/Dockerfile,,demo/spice-target,5,no Python install,,,script,,,,,,,,no,,,,,
P381-h3-0,P381,head,183d904f6741,loadtests/latency/Dockerfile,,,1,,project . with manifest in T,,script,,,,,,,pyproject.toml,no,,,project,others::named package bindep || others::named package yq || others::source outside the repository /srv/openstacksdk || others::source outside the repository /srv/python-openstackclient || T::project . with manifest in T,
P381-h4-0,P381,head,183d904f6741,rust/kerbside-proxy/Dockerfile,,rust/kerbside-proxy,5,no Python install,,,script,,,,,,,,no,,,,,
P382-s1-0,P382,snapshot,3029b4d29a43,scripts/packaging/Dockerfile,,scripts/packaging,5,other named packages only,,,script,,,,,,,,no,,,,others::named package click || others::named package uv || others::named package hatch,
P382-s2-0,P382,snapshot,3029b4d29a43,tests_integration/tests_using_container_services/spcs/docker/echo_service/Dockerfile,,tests_integration/tests_using_container_services/spcs/docker/echo_service,5,other named packages only,,,script,,,,,,,,no,,,,others::named package pip || others::named package flask,
P383-s1-0,P383,snapshot,83b8ab3a26ea,scripts/packaging/Dockerfile,,scripts/packaging,5,other named packages only,,,script,,,,,,,,no,,,,others::named package click || others::named package uv || others::named package hatch || others::named package virtualenv,
P383-s2-0,P383,snapshot,83b8ab3a26ea,tests_integration/tests_using_container_services/spcs/docker/echo_service/Dockerfile,,tests_integration/tests_using_container_services/spcs/docker/echo_service,2,upgrade,L inline ,,script,,yes,any,,,,,no,,,L,fresh:upgrade:L inline  || others::named package flask,
P382-h1-0,P382,head,8274fb1e42a7,scripts/packaging/Dockerfile,,scripts/packaging,5,other named packages only,,,script,,,,,,,,no,,,,others::named package click || others::named package uv || others::named package hatch || others::named package virtualenv,
P383-h1-0,P383,head,8274fb1e42a7,scripts/packaging/Dockerfile,,scripts/packaging,5,other named packages only,,,script,,,,,,,,no,,,,others::named package click || others::named package uv || others::named package hatch || others::named package virtualenv,
P382-h2-0,P382,head,8274fb1e42a7,tests_integration/tests_using_container_services/spcs/docker/echo_service/Dockerfile,,tests_integration/tests_using_container_services/spcs/docker/echo_service,5,other named packages only,,,script,,,,,,,,no,,,,others::named package pip || others::named package flask,
P383-h2-0,P383,head,8274fb1e42a7,tests_integration/tests_using_container_services/spcs/docker/echo_service/Dockerfile,,tests_integration/tests_using_container_services/spcs/docker/echo_service,2,upgrade,L inline ,,script,,yes,any,,,,,no,,,L,fresh:upgrade:L inline  || others::named package flask,
P384-s1-0,P384,snapshot,73c514d6a8b1,Dockerfile,,,1,,uv run with lock uv.lock,at start;may re-lock,script,,,,,,,uv.lock,yes,,,uv,T::uv sync with lock uv.lock || T@start::uv run with lock uv.lock,
P384-s2-0,P384,snapshot,73c514d6a8b1,Dockerfile.dev,,,1,,uv sync with lock uv.lock,,script,,,,,,,uv.lock,yes,,,uv,T::uv sync with lock uv.lock,
P384-h1-0,P384,head,59b1f12239d3,Dockerfile,,,1,,uv run with lock uv.lock,at start;may re-lock,script,,,,,,,uv.lock,yes,,,uv,T::uv sync with lock uv.lock || T@start::uv run with lock uv.lock,
P384-h2-0,P384,head,59b1f12239d3,Dockerfile.dev,,,1,,uv sync with lock uv.lock,,script,,,,,,,uv.lock,yes,,,uv,T::uv sync with lock uv.lock,
P385-s1-0,P385,snapshot,fdce9e48633f,Dockerfile,,,1,,uv sync --frozen from uv.lock (T); hatch builds the project wheel from pyproject.toml (T) and uv installs it into the same venv,,writer,hatch task; wheel /app/dist/solace_agent_mesh-*.whl of unknown origin,,,,,,,yes,,,hatch uv wheel,others::named package virtualenv || others::named package hatch || T::uv sync with lock uv.lock || judge::hatch task || judge::wheel /app/dist/solace_agent_mesh-*.whl of unknown origin || others::named package playwright,
P386-s1-0,P386,snapshot,1fa10a68d067,Dockerfile,,,1,,uv sync --frozen from uv.lock (T); hatch builds the project wheel from pyproject.toml (T) and uv installs it into the same venv,,writer,hatch task; wheel /app/dist/solace_agent_mesh-*.whl of unknown origin,,,,,,,yes,,,hatch uv wheel,others::named package virtualenv || others::named package hatch || T::uv sync with lock uv.lock || judge::hatch task || judge::wheel /app/dist/solace_agent_mesh-*.whl of unknown origin || others::named package playwright,
P385-h1-0,P385,head,f71e744842a6,Dockerfile,,,1,,uv sync --frozen from uv.lock (T); hatch builds the project wheel from pyproject.toml (T) and uv installs it into the same venv,,writer,hatch task; wheel /app/dist/solace_agent_mesh-*.whl of unknown origin,,,,,,,yes,,,hatch uv wheel,others::named package pip || others::named package virtualenv || others::named package hatch || T::uv sync with lock uv.lock || judge::hatch task || judge::wheel /app/dist/solace_agent_mesh-*.whl of unknown origin || others::named package pip || others::named package playwright,
P386-h1-0,P386,head,f71e744842a6,Dockerfile,,,1,,uv sync --frozen from uv.lock (T); hatch builds the project wheel from pyproject.toml (T) and uv installs it into the same venv,,writer,hatch task; wheel /app/dist/solace_agent_mesh-*.whl of unknown origin,,,,,,,yes,,,hatch uv wheel,others::named package pip || others::named package virtualenv || others::named package hatch || T::uv sync with lock uv.lock || judge::hatch task || judge::wheel /app/dist/solace_agent_mesh-*.whl of unknown origin || others::named package pip || others::named package playwright,
P389-s1-0,P389,snapshot,9b97aaefea09,Dockerfile,,,6,context,classes differ across candidate contexts,,script,,,,,,,,,,,,,
P389-h1-0,P389,head,7a1fa7b369bc,Dockerfile,,,6,context,classes differ across candidate contexts,,script,,,,,,,,,,,,,
P395-s1-0,P395,snapshot,b326ba6e4484,Dockerfile,,,1,,project . with manifest in T,,script,,,,,,,pyproject.toml,no,,,project,T::project . with manifest in T,
P395-s1-1,P395,snapshot,b326ba6e4484,Dockerfile,,,1,,project . with manifest in T,,script,,,,,,,pyproject.toml,no,,,project,T::project . with manifest in T,
P395-h1-0,P395,head,8931db03a23c,Dockerfile,,,1,,project . with manifest in T,,script,,,,,,,pyproject.toml,no,,,project,T::project . with manifest in T,
P395-h1-1,P395,head,8931db03a23c,Dockerfile,,,1,,project . with manifest in T,,script,,,,,,,pyproject.toml,no,,,project,T::project . with manifest in T,
P396-s1-0,P396,snapshot,c3966b707efa,Dockerfile,,,1,,project /tmp/docassemble/docassemble_webapp with manifest in T,,script,,no,,,,,docassemble_webapp/pyproject.toml,no,,,L project,others::named package unoconv || others::named package pip || others::named package wheel || others::named package mod-wsgi || others::named package acme || others::named package certbot || others::named package certbot-apache || others::named package certbot-nginx || others::named package certifi || others::named package cffi || others::named package charset-normalizer || others::named package click || others::named package configargparse || others::named package configobj || others::named package cryptography || others::named package distro || others::named package idna || others::named pack,script supervisord not in the repository (not copied)
P397-s1-0,P397,snapshot,adc86ef63b25,Dockerfile,,,1,,project /tmp/docassemble/docassemble_webapp with manifest in T,,script,,no,,,,,docassemble_webapp/pyproject.toml,no,,,project,"others::named package unoconv || others::named package pip || others::named package mod-wsgi || others::named package certbot || others::named package certbot-apache || others::named package certbot-nginx || others::named package minio || others::named package uwsgi || T::project /tmp/docassemble/docassemble_base with manifest in T || fresh:other file:project /tmp/docassemble/docassemble_demo (pyproject.toml,setup.cfg not in T) || T::project /tmp/docassemble/docassemble_webapp with manifest in T",script supervisord not in the repository (not copied)
P398-s1-0,P398,snapshot,d620319de6e9,Dockerfile,,,1,,project /tmp/docassemble/docassemble_webapp with manifest in T,,script,,no,,,,,docassemble_webapp/pyproject.toml,no,,,project,"others::named package unoconv || others::named package pip || others::named package mod-wsgi || others::named package certbot || others::named package certbot-apache || others::named package certbot-nginx || others::named package minio || others::named package uwsgi || T::project /tmp/docassemble/docassemble_base with manifest in T || fresh:other file:project /tmp/docassemble/docassemble_demo (pyproject.toml,setup.cfg not in T) || T::project /tmp/docassemble/docassemble_webapp with manifest in T",script supervisord not in the repository (not copied)
P396-h1-0,P396,head,ad91857aa215,Dockerfile,,,1,,project /tmp/docassemble/docassemble_webapp with manifest in T,,script,,no,,,,,docassemble_webapp/pyproject.toml,no,,,project,"others::named package unoconv || others::named package pip || others::named package mod-wsgi || others::named package certbot || others::named package certbot-apache || others::named package certbot-nginx || others::named package minio || others::named package uwsgi || T::project /tmp/docassemble/docassemble_base with manifest in T || fresh:other file:project /tmp/docassemble/docassemble_demo (pyproject.toml,setup.cfg not in T) || T::project /tmp/docassemble/docassemble_webapp with manifest in T",script supervisord not in the repository (not copied)
P397-h1-0,P397,head,ad91857aa215,Dockerfile,,,1,,project /tmp/docassemble/docassemble_webapp with manifest in T,,script,,no,,,,,docassemble_webapp/pyproject.toml,no,,,project,"others::named package unoconv || others::named package pip || others::named package mod-wsgi || others::named package certbot || others::named package certbot-apache || others::named package certbot-nginx || others::named package minio || others::named package uwsgi || T::project /tmp/docassemble/docassemble_base with manifest in T || fresh:other file:project /tmp/docassemble/docassemble_demo (pyproject.toml,setup.cfg not in T) || T::project /tmp/docassemble/docassemble_webapp with manifest in T",script supervisord not in the repository (not copied)
P398-h1-0,P398,head,ad91857aa215,Dockerfile,,,1,,project /tmp/docassemble/docassemble_webapp with manifest in T,,script,,no,,,,,docassemble_webapp/pyproject.toml,no,,,project,"others::named package unoconv || others::named package pip || others::named package mod-wsgi || others::named package certbot || others::named package certbot-apache || others::named package certbot-nginx || others::named package minio || others::named package uwsgi || T::project /tmp/docassemble/docassemble_base with manifest in T || fresh:other file:project /tmp/docassemble/docassemble_demo (pyproject.toml,setup.cfg not in T) || T::project /tmp/docassemble/docassemble_webapp with manifest in T",script supervisord not in the repository (not copied)
P401-s1-0,P401,snapshot,4690d8548ae6,base_images/jupyterlab/Dockerfile,,base_images/jupyterlab,5,other named packages only,,,script,,,,,,,,no,,,,others::named package jupyterlab,
P401-s2-0,P401,snapshot,4690d8548ae6,base_images/py/Dockerfile,,base_images/py,5,other named packages only,,,script,,,,,,,,no,,,,others::named package python-json-logger || others::named package pybase64 || others::named package shapely || others::named package imgaug || others::named package numpy || others::named package opencv-python || others::named package scipy || others::named package scikit-image || others::named package matplotlib || others::named package pillow || others::named package requests || others::named package networkx || others::named package jsonschema || others::named package pandas || others::named package grpcio || others::named package grpcio-tools || others::named package pip || others::named p,
P401-s3-0,P401,snapshot,4690d8548ae6,base_images/py_cuda_10_1/Dockerfile,,base_images/py_cuda_10_1,5,other named packages only,,,script,,,,,,,,no,,,,others::conda packages || others::named package python-json-logger || others::named package pybase64 || others::named package shapely || others::named package imgaug || others::named package numpy || others::named package opencv-python || others::named package scipy || others::named package scikit-image || others::named package matplotlib || others::named package pillow || others::named package requests || others::named package networkx || others::named package jsonschema || others::named package pandas || others::named package grpcio || others::named package grpcio-tools || others::named pack,script miniconda.sh not in the repository (not copied)
P401-s4-0,P401,snapshot,4690d8548ae6,base_images/py_cuda_hardened/Dockerfile,,base_images/py_cuda_hardened,5,no Python install,,,script,,,,,,,,no,,,,,
P401-s5-0,P401,snapshot,4690d8548ae6,base_images/py_sdk/Dockerfile,,base_images/py_sdk,3,,own package supervisely from the index (specifier not parsed),,script,,,,supervisely,supervisely,,,no,published range,"<=0.0.20; python_version < ""3.10""",own,others::named package pip || others::named package attrs || others::named package requests || others::named package werkzeug || others::named package markupsafe || others::named package beautifulsoup4 || others::named package ruamel-yaml || index_own::own package supervisely from the index (specifier not parsed) || index_own::own package supervisely from the index (specifier not parsed) || index_own::own package supervisely from the index (specifier not parsed) || index_own::own package supervisely from the index (specifier not parsed) || index_own::own package supervisely from the index (spec,
P401-s6-0,P401,snapshot,4690d8548ae6,base_images/py_sdk_hardened/Dockerfile,,base_images/py_sdk_hardened,4,,a final `pip install --upgrade --no-deps ... python-multipart==0.0.26` sets L to a version named in the recipe itself,,writer,L named inline with one version (==0.0.26),,,supervisely,supervisely,,,no,,,L own,others::named package pip || others::named package setuptools || others::named package wheel || others::named package pillow || index_own::own package supervisely from the index (specifier not parsed) || others::named package pillow || judge::L named inline with one version (==0.0.26),
P401-s7-0,P401,snapshot,4690d8548ae6,base_images/py_sdk_light/Dockerfile,,base_images/py_sdk_light,3,,own package supervisely from the index (specifier not parsed),,script,,,,supervisely,supervisely,,,no,published range,"<=0.0.20; python_version < ""3.10""",own,others::named package pip || others::named package xlrd || others::named package openpyxl || others::named package psutil || others::named package cython || others::named package werkzeug || others::named package scikit-video || others::named package attrs || others::named package requests || others::named package setuptools || index_own::own package supervisely from the index (specifier not parsed) || index_own::own package supervisely from the index (specifier not parsed),
P401-s8-0,P401,snapshot,4690d8548ae6,base_images/pytorch/Dockerfile,,base_images/pytorch,5,other named packages only,,,script,,,,,,,,no,,,,others::named package torch || others::named package torchvision,
P401-s9-0,P401,snapshot,4690d8548ae6,base_images/pytorch_1_3_cuda_10_1/Dockerfile,,base_images/pytorch_1_3_cuda_10_1,5,other named packages only,,,script,,,,,,,,no,,,,others::conda packages || others::named package pillow,
P401-s10-0,P401,snapshot,4690d8548ae6,base_images/pytorch_v04/Dockerfile,,base_images/pytorch_v04,5,other named packages only,,,script,,,,,,,,no,,,,others::conda packages || others::named package pillow,
P401-s11-0,P401,snapshot,4690d8548ae6,base_images/sdk_nvidia_pyindex/Dockerfile,,base_images/sdk_nvidia_pyindex,3,,own package supervisely from the index (specifier not parsed),,script,,,,supervisely,supervisely,,,no,published range,"<=0.0.20; python_version < ""3.10""",own,others::named package nvidia-pyindex || others::named package nvidia-tensorflow || others::named package nvidia-tensorflow || others::named package ruamel-yaml || index_own::own package supervisely from the index (specifier not parsed) || index_own::own package supervisely from the index (specifier not parsed) || index_own::own package supervisely from the index (specifier not parsed),
P401-s12-0,P401,snapshot,4690d8548ae6,base_images/tensorflow/Dockerfile,,base_images/tensorflow,5,other named packages only,,,script,,,,,,,,no,,,,others::named package tensorflow-gpu || others::named package plotly || others::named package docker || others::named package fuzzywuzzy || others::named package xlrd || others::named package google-cloud-storage || others::named package python-slugify || others::named package psutil || others::named package cython,
P401-s13-0,P401,snapshot,4690d8548ae6,docker_images/collaboration/Dockerfile,,docker_images/collaboration,3,,own package supervisely from the index (specifier not parsed),,script,,,,supervisely,supervisely,,,no,published range,"<=0.0.20; python_version < ""3.10""",own,index_own::own package supervisely from the index (specifier not parsed),
P401-s14-0,P401,snapshot,4690d8548ae6,docker_images/data_operations/Dockerfile,,docker_images/data_operations,3,,own package supervisely from the index (specifier not parsed),,script,,,,supervisely,supervisely,,,no,published range,"<=0.0.20; python_version < ""3.10""",own,others::named package pyzbar || others::named package moviepy || others::named package imageio-ffmpeg || others::named package imutils || others::named package decord || index_own::own package supervisely from the index (specifier not parsed),
P401-s15-0,P401,snapshot,4690d8548ae6,docker_images/development/Dockerfile,,docker_images/development,3,,own package supervisely from the index (specifier not parsed),,script,,,,supervisely,supervisely,,,no,published range,"<=0.0.20; python_version < ""3.10""",own,others::named package art || others::named package htmllistparse || index_own::own package supervisely from the index (specifier not parsed),
P401-s16-0,P401,snapshot,4690d8548ae6,docker_images/import_export/Dockerfile,,docker_images/import_export,3,,own package supervisely from the index (specifier not parsed),,script,,,,supervisely,supervisely,,,no,published range,"<=0.0.20; python_version < ""3.10""",own,others::named package pycocotools || others::named package htmllistparse || others::named package google-cloud-storage || others::named package google-api-python-client || others::named package yt-dlp || others::named package moviepy || others::named package open3d || others::named package scikit-learn || others::named package laspy || others::named package pypcd4 || others::named package kitti360scripts from a URL || others::named package transforms3d || others::named package gdcm || others::named package pylibjpeg || others::named package pylibjpeg-libjpeg || others::named package pillow-avi,
P401-s17-0,P401,snapshot,4690d8548ae6,docker_images/labeling/Dockerfile,,docker_images/labeling,3,,own package supervisely from the index (specifier not parsed),,script,,,,supervisely,supervisely,,,no,published range,"<=0.0.20; python_version < ""3.10""",own,others::named package torch || others::named package torchvision || others::named package protobuf || others::named package cython || others::named package tensorboard || others::named package seaborn || others::named package ftfy || others::named package regex || others::named package depends-clip from a URL || others::named package imutils || others::named package loguru || index_own::own package supervisely from the index (specifier not parsed),
P401-s18-0,P401,snapshot,4690d8548ae6,docker_images/synthetic/Dockerfile,,docker_images/synthetic,3,,own package supervisely from the index (specifier not parsed),,script,,,,supervisely,supervisely,,,no,published range,"<=0.0.20; python_version < ""3.10""",own,others::named package albumentations || index_own::own package supervisely from the index (specifier not parsed) || index_own::own package supervisely from the index (specifier not parsed),
P401-s19-0,P401,snapshot,4690d8548ae6,docker_images/system/Dockerfile,,docker_images/system,3,,own package supervisely from the index (specifier not parsed),,script,,,,supervisely,supervisely,,,no,published range,"<=0.0.20; python_version < ""3.10""",own,others::named package dropbox || index_own::own package supervisely from the index (specifier not parsed),
P401-s20-0,P401,snapshot,4690d8548ae6,docker_images/visualization_stats/Dockerfile,,docker_images/visualization_stats,3,,own package supervisely from the index (specifier not parsed),,script,,,,supervisely,supervisely,,,no,published range,"<=0.0.20; python_version < ""3.10""",own,others::named package pycocotools || others::named package cython || others::named package scikit-learn || others::named package open3d || others::named package diskcache || others::named package seaborn || index_own::own package supervisely from the index (specifier not parsed),
P401-h1-0,P401,head,666151883be5,base_images/jupyterlab/Dockerfile,,base_images/jupyterlab,5,other named packages only,,,script,,,,,,,,no,,,,others::named package jupyterlab,
P401-h2-0,P401,head,666151883be5,base_images/py/Dockerfile,,base_images/py,5,other named packages only,,,script,,,,,,,,no,,,,others::named package python-json-logger || others::named package pybase64 || others::named package shapely || others::named package imgaug || others::named package numpy || others::named package opencv-python || others::named package scipy || others::named package scikit-image || others::named package matplotlib || others::named package pillow || others::named package requests || others::named package networkx || others::named package jsonschema || others::named package pandas || others::named package grpcio || others::named package grpcio-tools || others::named package pip || others::named p,
P401-h3-0,P401,head,666151883be5,base_images/py_cuda_10_1/Dockerfile,,base_images/py_cuda_10_1,5,other named packages only,,,script,,,,,,,,no,,,,others::conda packages || others::named package python-json-logger || others::named package pybase64 || others::named package shapely || others::named package imgaug || others::named package numpy || others::named package opencv-python || others::named package scipy || others::named package scikit-image || others::named package matplotlib || others::named package pillow || others::named package requests || others::named package networkx || others::named package jsonschema || others::named package pandas || others::named package grpcio || others::named package grpcio-tools || others::named pack,script miniconda.sh not in the repository (not copied)
P401-h4-0,P401,head,666151883be5,base_images/py_cuda_hardened/Dockerfile,,base_images/py_cuda_hardened,5,no Python install,,,script,,,,,,,,no,,,,,
P401-h5-0,P401,head,666151883be5,base_images/py_sdk/Dockerfile,,base_images/py_sdk,3,,own package supervisely from the index (specifier not parsed),,script,,,,supervisely,supervisely,,,no,,,own,others::named package pip || others::named package attrs || others::named package requests || others::named package werkzeug || others::named package markupsafe || others::named package beautifulsoup4 || others::named package ruamel-yaml || index_own::own package supervisely from the index (specifier not parsed) || index_own::own package supervisely from the index (specifier not parsed) || index_own::own package supervisely from the index (specifier not parsed) || index_own::own package supervisely from the index (specifier not parsed) || index_own::own package supervisely from the index (spec,
P401-h6-0,P401,head,666151883be5,base_images/py_sdk_hardened/Dockerfile,,base_images/py_sdk_hardened,4,,a final `pip install --upgrade --no-deps ... python-multipart==0.0.26` sets L to a version named in the recipe itself,,writer,L named inline with one version (==0.0.31); no manifest found for /tmp/supervisely-src at /tmp/supervisely-src,,,supervisely,supervisely,,,no,,,L no own,others::named package pip || others::named package setuptools || others::named package wheel || others::named package pillow || others::named package requests || judge::no manifest found for /tmp/supervisely-src at /tmp/supervisely-src || index_own::own package supervisely from the index (specifier not parsed) || others::named package pillow || judge::L named inline with one version (==0.0.31),
P401-h7-0,P401,head,666151883be5,base_images/py_sdk_light/Dockerfile,,base_images/py_sdk_light,3,,own package supervisely from the index (specifier not parsed),,script,,,,supervisely,supervisely,,,no,,,own,others::named package pip || others::named package xlrd || others::named package openpyxl || others::named package psutil || others::named package cython || others::named package werkzeug || others::named package scikit-video || others::named package attrs || others::named package requests || others::named package setuptools || index_own::own package supervisely from the index (specifier not parsed) || index_own::own package supervisely from the index (specifier not parsed),
P401-h8-0,P401,head,666151883be5,base_images/pytorch/Dockerfile,,base_images/pytorch,5,other named packages only,,,script,,,,,,,,no,,,,others::named package torch || others::named package torchvision,
P401-h9-0,P401,head,666151883be5,base_images/pytorch_1_3_cuda_10_1/Dockerfile,,base_images/pytorch_1_3_cuda_10_1,5,other named packages only,,,script,,,,,,,,no,,,,others::conda packages || others::named package pillow,
P401-h10-0,P401,head,666151883be5,base_images/pytorch_v04/Dockerfile,,base_images/pytorch_v04,5,other named packages only,,,script,,,,,,,,no,,,,others::conda packages || others::named package pillow,
P401-h11-0,P401,head,666151883be5,base_images/sdk_nvidia_pyindex/Dockerfile,,base_images/sdk_nvidia_pyindex,3,,own package supervisely from the index (specifier not parsed),,script,,,,supervisely,supervisely,,,no,,,own,others::named package nvidia-pyindex || others::named package nvidia-tensorflow || others::named package nvidia-tensorflow || others::named package ruamel-yaml || index_own::own package supervisely from the index (specifier not parsed) || index_own::own package supervisely from the index (specifier not parsed) || index_own::own package supervisely from the index (specifier not parsed),
P401-h12-0,P401,head,666151883be5,base_images/tensorflow/Dockerfile,,base_images/tensorflow,5,other named packages only,,,script,,,,,,,,no,,,,others::named package tensorflow-gpu || others::named package plotly || others::named package docker || others::named package fuzzywuzzy || others::named package xlrd || others::named package google-cloud-storage || others::named package python-slugify || others::named package psutil || others::named package cython,
P401-h13-0,P401,head,666151883be5,docker_images/collaboration/Dockerfile,,docker_images/collaboration,3,,own package supervisely from the index (specifier not parsed),,script,,,,supervisely,supervisely,,,no,,,own,index_own::own package supervisely from the index (specifier not parsed),
P401-h14-0,P401,head,666151883be5,docker_images/data_operations/Dockerfile,,docker_images/data_operations,3,,own package supervisely from the index (specifier not parsed),,script,,,,supervisely,supervisely,,,no,,,own,others::named package pyzbar || others::named package moviepy || others::named package imageio-ffmpeg || others::named package imutils || others::named package decord || index_own::own package supervisely from the index (specifier not parsed),
P401-h15-0,P401,head,666151883be5,docker_images/development/Dockerfile,,docker_images/development,3,,own package supervisely from the index (specifier not parsed),,script,,,,supervisely,supervisely,,,no,,,own,others::named package art || others::named package htmllistparse || index_own::own package supervisely from the index (specifier not parsed),
P401-h16-0,P401,head,666151883be5,docker_images/import_export/Dockerfile,,docker_images/import_export,3,,own package supervisely from the index (specifier not parsed),,script,,,,supervisely,supervisely,,,no,,,own,others::named package pycocotools || others::named package htmllistparse || others::named package google-cloud-storage || others::named package google-api-python-client || others::named package yt-dlp || others::named package moviepy || others::named package open3d || others::named package scikit-learn || others::named package laspy || others::named package pypcd4 || others::named package kitti360scripts from a URL || others::named package transforms3d || others::named package gdcm || others::named package pylibjpeg || others::named package pylibjpeg-libjpeg || others::named package pillow-avi,
P401-h17-0,P401,head,666151883be5,docker_images/labeling/Dockerfile,,docker_images/labeling,3,,own package supervisely from the index (specifier not parsed),,script,,,,supervisely,supervisely,,,no,,,own,others::named package torch || others::named package torchvision || others::named package protobuf || others::named package cython || others::named package tensorboard || others::named package seaborn || others::named package ftfy || others::named package regex || others::named package depends-clip from a URL || others::named package imutils || others::named package loguru || index_own::own package supervisely from the index (specifier not parsed),
P401-h18-0,P401,head,666151883be5,docker_images/synthetic/Dockerfile,,docker_images/synthetic,3,,own package supervisely from the index (specifier not parsed),,script,,,,supervisely,supervisely,,,no,,,own,others::named package albumentations || index_own::own package supervisely from the index (specifier not parsed) || index_own::own package supervisely from the index (specifier not parsed),
P401-h19-0,P401,head,666151883be5,docker_images/system/Dockerfile,,docker_images/system,3,,own package supervisely from the index (specifier not parsed),,script,,,,supervisely,supervisely,,,no,,,own,others::named package dropbox || index_own::own package supervisely from the index (specifier not parsed),
P401-h20-0,P401,head,666151883be5,docker_images/visualization_stats/Dockerfile,,docker_images/visualization_stats,3,,own package supervisely from the index (specifier not parsed),,script,,,,supervisely,supervisely,,,no,,,own,others::named package pycocotools || others::named package cython || others::named package scikit-learn || others::named package open3d || others::named package diskcache || others::named package seaborn || index_own::own package supervisely from the index (specifier not parsed),
P404-s1-0,P404,snapshot,2fe64376c135,expansions/docker/linux_x86_64/Dockerfile,,expansions/docker/linux_x86_64,5,other named packages only,,,script,,,,,,,,no,,,,others::named package pip || others::named package maturin,script 1.94.0 not in the repository (not copied)
P405-s1-0,P405,snapshot,f28476bb1440,expansions/docker/linux_x86_64/Dockerfile,,expansions/docker/linux_x86_64,5,other named packages only,,,script,,,,,,,,no,,,,others::named package pip || others::named package maturin,script 1.94.0 not in the repository (not copied)
P404-h1-0,P404,head,f28476bb1440,expansions/docker/linux_x86_64/Dockerfile,,expansions/docker/linux_x86_64,5,other named packages only,,,script,,,,,,,,no,,,,others::named package pip || others::named package maturin,script 1.94.0 not in the repository (not copied)
P405-h1-0,P405,head,f28476bb1440,expansions/docker/linux_x86_64/Dockerfile,,expansions/docker/linux_x86_64,5,other named packages only,,,script,,,,,,,,no,,,,others::named package pip || others::named package maturin,script 1.94.0 not in the repository (not copied)
P407-s1-0,P407,snapshot,c12840942814,Dockerfile,,,1,,-r requirements.txt,,script,,no,,,,,requirements.txt,yes,,,-r requirements-pip.txt,fresh:other file:requirements-pip.txt || T::-r requirements.txt,
P407-s2-0,P407,snapshot,c12840942814,Dockerfile.glama,,,6,would not build,requirements.txt not in the image,,script,,,,,,,,no,,,would,und::would not build || others::source outside the repository /app,script nodesource_setup.sh not in the repository (not copied); script uv_install.sh not in the repository (not copied)
P409-s1-0,P409,snapshot,1c8ef10ee1a6,Dockerfile,,,3,,own package telliot-feeds from the index,,script,,,,telliot-feeds,telliot-feeds==0.1.23,,,no,published pin,==1.26.12,own,index_own::own package telliot-feeds from the index,
P409-h1-0,P409,head,fb0cfbc6436d,Dockerfile,,,3,,own package telliot-feeds from the index,,script,,,,telliot-feeds,telliot-feeds==0.1.23,,,no,,,own,index_own::own package telliot-feeds from the index,
P411-s1-0,P411,snapshot,aeaa396910f9,Dockerfile,,,1,,project .[test] with manifest in T,,script,,,,,,,pyproject.toml,no,,,project,T::project .[test] with manifest in T,
P412-s1-0,P412,snapshot,9460e49c754c,Dockerfile,,,1,,project .[test] with manifest in T,,script,,,,,,,pyproject.toml,no,,,project,T::project .[test] with manifest in T,
P411-h1-0,P411,head,c9921bf271e9,Dockerfile,,,1,,project .[test] with manifest in T,,script,,,,,,,pyproject.toml,no,,,project,T::project .[test] with manifest in T,
P412-h1-0,P412,head,c9921bf271e9,Dockerfile,,,1,,project .[test] with manifest in T,,script,,,,,,,pyproject.toml,no,,,project,T::project .[test] with manifest in T,
P413-s1-0,P413,snapshot,9b703773ed86,Dockerfile,,,1,,-r requirements.txt,,script,,,,,,,requirements.txt,no,,,-r,T::-r requirements.txt,
P413-h1-0,P413,head,f1f0c4464e30,Dockerfile,,,1,,-r requirements.txt,,script,,,,,,,requirements.txt,no,,,-r,T::-r requirements.txt,
P415-s1-0,P415,snapshot,1127dfd09409,Containerfile.multiarch,,,6,context,classes differ across candidate contexts,,script,,,,,,,,,,,,,
P415-h1-0,P415,head,6c018f50fd10,Containerfile.multiarch,,,6,context,classes differ across candidate contexts,,script,,,,,,,,,,,,,
P416-s1-0,P416,snapshot,ea883e4302a7,Containerfile.multiarch,,,6,context,classes differ across candidate contexts,,script,,,,,,,,,,,,,
P416-h1-0,P416,head,798baa1b6be8,Containerfile.multiarch,,,6,context,classes differ across candidate contexts,,script,,,,,,,,,,,,,
P417-s1-0,P417,snapshot,27688aa9d94e,k8s/Dockerfile,,,1,,poetry install with lock poetry.lock,,script,,,,,,,poetry.lock,yes,,,poetry,others::named package poetry || T::poetry install with lock poetry.lock,
P417-s2-0,P417,snapshot,27688aa9d94e,packaging/docker-build/Dockerfile-debian,,,5,other named packages only,,,script,,,,,,,,no,,,,others::named package greenlet || others::named package gevent,
P417-s3-0,P417,snapshot,27688aa9d94e,packaging/docker-build/Dockerfile-debian-11,,,5,other named packages only,,,script,,,,,,,,no,,,,others::named package greenlet || others::named package gevent,
P417-s4-0,P417,snapshot,27688aa9d94e,packaging/docker-build/Dockerfile-debian-12,,,5,no Python install,,,script,,,,,,,,no,,,,,
P417-s5-0,P417,snapshot,27688aa9d94e,packaging/docker-build/Dockerfile-debian-12-tester,,,5,no Python install,,,script,,,,,,,,no,,,,,
P417-s6-0,P417,snapshot,27688aa9d94e,packaging/docker-build/Dockerfile-release,,,6,script not read,pre-build.sh called at depth 2,,script,,,,,,,,no,,,script,others::named package bump2version || und@start::script not read,
P417-s7-0,P417,snapshot,27688aa9d94e,packaging/docker-build/Dockerfile-tester,,,5,no Python install,,,script,,,,,,,,no,,,,,
P417-s7-1,P417,snapshot,27688aa9d94e,packaging/docker-build/Dockerfile-tester,,,5,no Python install,,,script,,,,,,,,no,,,,,
P417-s8-0,P417,snapshot,27688aa9d94e,packaging/docker-build/Dockerfile-ubuntu,,,5,other named packages only,,,script,,,,,,,,no,,,,others::named package poetry,
P417-h1-0,P417,head,cbb4d575cdb1,k8s/Dockerfile,,,1,,poetry install with lock poetry.lock,,script,,,,,,,poetry.lock,yes,,,poetry,others::named package poetry || T::poetry install with lock poetry.lock,
P417-h2-0,P417,head,cbb4d575cdb1,packaging/docker-build/Dockerfile-debian,,,5,other named packages only,,,script,,,,,,,,no,,,,others::named package greenlet || others::named package gevent,
P417-h3-0,P417,head,cbb4d575cdb1,packaging/docker-build/Dockerfile-debian-11,,,5,other named packages only,,,script,,,,,,,,no,,,,others::named package greenlet || others::named package gevent,
P417-h4-0,P417,head,cbb4d575cdb1,packaging/docker-build/Dockerfile-debian-12,,,5,no Python install,,,script,,,,,,,,no,,,,,
P417-h5-0,P417,head,cbb4d575cdb1,packaging/docker-build/Dockerfile-debian-12-tester,,,5,no Python install,,,script,,,,,,,,no,,,,,
P417-h6-0,P417,head,cbb4d575cdb1,packaging/docker-build/Dockerfile-release,,,6,script not read,pre-build.sh called at depth 2,,script,,,,,,,,no,,,script,others::named package bump2version || und@start::script not read,
P417-h7-0,P417,head,cbb4d575cdb1,packaging/docker-build/Dockerfile-tester,,,5,no Python install,,,script,,,,,,,,no,,,,,
P417-h7-1,P417,head,cbb4d575cdb1,packaging/docker-build/Dockerfile-tester,,,5,no Python install,,,script,,,,,,,,no,,,,,
P417-h8-0,P417,head,cbb4d575cdb1,packaging/docker-build/Dockerfile-ubuntu,,,5,other named packages only,,,script,,,,,,,,no,,,,others::named package poetry,
P418-s1-0,P418,snapshot,44126f19fada,Dockerfile,,,2,lock unused,L inline ,,script,,yes,any,,,,,no,,,L wheel,others::named package pip || others::named package build || fresh:inline:L inline  || others::named package wcwidth || others::named package pyperclip || neutral::wheel from a stage or step in the build,
P418-h1-0,P418,head,1fef1deb0844,Dockerfile,,,1,,the final stage installs only the project wheel built from pyproject.toml (T); the builder's inline pin stays in the builder,,writer,L named inline with one version (==50.0.1),,,,,,,no,,,L wheel,others::named package pip || others::named package build || judge::L named inline with one version (==50.0.1) || others::named package wcwidth || others::named package pyperclip || neutral::wheel from a stage or step in the build,
P419-s1-0,P419,snapshot,3873d125741b,Dockerfile.latest,,,1,,uv sync with lock uv.lock,,script,,,,,,,uv.lock,yes,,,uv,T::uv sync with lock uv.lock,
P419-s2-0,P419,snapshot,3873d125741b,Dockerfile.stable,,,3,,own package opencanary from the index,,script,,,,opencanary,opencanary,,,no,published pin,==0.6.3,own,index_own::own package opencanary from the index,
P419-h1-0,P419,head,fb12e4fefbdb,Dockerfile.latest,,,1,,uv sync with lock uv.lock,,script,,,,,,,uv.lock,yes,,,uv,T::uv sync with lock uv.lock,
P419-h2-0,P419,head,fb12e4fefbdb,Dockerfile.stable,,,3,,own package opencanary from the index,,script,,,,opencanary,opencanary,,,no,,,own,index_own::own package opencanary from the index,
P423-s1-0,P423,snapshot,239c9e216275,Dockerfile,,,6,external,"pip installs the project's own source from git+https at build time; that fetch, not the snapshot's files, decides L",,writer,remote install git+https://github.com/toluaina/pgsync.git,,,,,,,no,,,remote,judge::remote install git+https://github.com/toluaina/pgsync.git,
P423-s2-0,P423,snapshot,239c9e216275,Dockerfile.dockerhub,,,1,,"the manifest takes its dependencies from base.txt (T), which is in the build; installing the project takes L from it",,writer,manifest names T file base.txt (read pattern yes; T file available yes),,,,,,,yes,,,manifest,others::named package pip || judge::manifest names T file base.txt (read pattern yes; T file available yes),
P423-s3-0,P423,snapshot,239c9e216275,docker/Dockerfile,,docker,5,no Python install,,,script,,,,,,,,no,,,,,
P423-h1-0,P423,head,34f1ced69e6a,Dockerfile,,,1,,"the manifest takes its dependencies from base.txt (T), which is in the build; installing the project takes L from it",,writer,manifest names T file base.txt (read pattern yes; T file available yes),,,,,,,yes,,,-r manifest,T::-r requirements/base.txt || judge::manifest names T file base.txt (read pattern yes; T file available yes),
P423-h2-0,P423,head,34f1ced69e6a,Dockerfile.dockerhub,,,1,,"the manifest takes its dependencies from base.txt (T), which is in the build; installing the project takes L from it",,writer,manifest names T file base.txt (read pattern yes; T file available yes),,,,,,,yes,,,-r manifest wheel,T::-r requirements/base.txt || judge::manifest names T file base.txt (read pattern yes; T file available yes) || neutral::wheel from a stage or step in the build,
P423-h3-0,P423,head,34f1ced69e6a,docker/Dockerfile,,docker,5,no Python install,,,script,,,,,,,,no,,,,,
P424-s1-0,P424,snapshot,28bdb9e55c82,Dockerfile,,,1,,uv sync with lock uv.lock,,script,,,,,,,uv.lock,yes,,,uv,T::uv sync with lock uv.lock || T::uv sync with lock uv.lock,
P424-h1-0,P424,head,92ff4caf5302,Dockerfile,,,1,,uv sync with lock uv.lock,,script,,,,,,,uv.lock,yes,,,uv,T::uv sync with lock uv.lock || T::uv sync with lock uv.lock,
P425-s1-0,P425,snapshot,ec83ffd20dc8,Dockerfile,,,3,,own package pyconarr from the index (specifier not parsed),,script,,,,pyconarr,pyconarr,,,no,published range,"<83.0.0,>=82.0.0",own,others::named package pip || index_own::own package pyconarr from the index (specifier not parsed),
P425-h1-0,P425,head,dbfdb60e675c,Dockerfile,,,3,,own package pyconarr from the index (specifier not parsed),,script,,,,pyconarr,pyconarr,,,no,,,own,others::named package pip || index_own::own package pyconarr from the index (specifier not parsed),
P426-s1-0,P426,snapshot,928bb49c4b5f,benchmark/Dockerfile,,benchmark,6,would not build,"rule (2) fixes the context at benchmark/, since COPY . /aider needs nothing else; /aider then holds no manifest and `uv pip install -e /aider[dev]` would fail",,writer,no manifest found for /aider[dev] at /aider,,,,,,,no,,,no,others::named package pip || others::named package uv || judge::no manifest found for /aider[dev] at /aider,script rustup.sh not in the repository (not copied)
P426-s2-0,P426,snapshot,928bb49c4b5f,docker/Dockerfile,,,1,,"the manifest takes its dependencies from requirements.txt (T), which is in the build; installing the project takes L from it",,writer,manifest names T file requirements.txt (read pattern yes; T file available yes),,,,,,,yes,,,manifest,others::named package pip || judge::manifest names T file requirements.txt (read pattern yes; T file available yes) || others::named package boto3 || others::named package google-cloud-aiplatform,script aider not in the repository (not copied)
P426-s2-1,P426,snapshot,928bb49c4b5f,docker/Dockerfile,aider,,1,,"the manifest takes its dependencies from requirements.txt (T), which is in the build; installing the project takes L from it",,writer,manifest names T file requirements.txt (read pattern yes; T file available yes),,,,,,,yes,,,manifest,others::named package pip || judge::manifest names T file requirements.txt (read pattern yes; T file available yes) || others::named package boto3 || others::named package google-cloud-aiplatform,script aider not in the repository (not copied)
P426-s2-2,P426,snapshot,928bb49c4b5f,docker/Dockerfile,aider-full,,1,,"the manifest takes its dependencies from requirements.txt (T), which is in the build; installing the project takes L from it",,writer,manifest names T file requirements.txt (read pattern yes; T file available yes),,,,,,,yes,,,manifest,others::named package pip || judge::manifest names T file requirements.txt (read pattern yes; T file available yes) || others::named package boto3,script aider not in the repository (not copied)
P426-s3-0,P426,snapshot,928bb49c4b5f,scripts/Dockerfile.jekyll,,,5,no Python install,,,script,,,,,,,,no,,,,,script docker-entrypoint.sh not in the repository (not copied)
P427-s1-0,P427,snapshot,5dc9490bb35f,benchmark/Dockerfile,,benchmark,6,would not build,"rule (2) fixes the context at benchmark/, since COPY . /aider needs nothing else; /aider then holds no manifest and `uv pip install -e /aider[dev]` would fail",,writer,no manifest found for /aider[dev] at /aider,,,,,,,no,,,no,others::named package pip || others::named package uv || judge::no manifest found for /aider[dev] at /aider,script rustup.sh not in the repository (not copied)
P427-s2-0,P427,snapshot,5dc9490bb35f,docker/Dockerfile,,,1,,"the manifest takes its dependencies from requirements.txt (T), which is in the build; installing the project takes L from it",,writer,manifest names T file requirements.txt (read pattern yes; T file available yes),,,,,,,yes,,,manifest,others::named package pip || judge::manifest names T file requirements.txt (read pattern yes; T file available yes) || others::named package boto3 || others::named package google-cloud-aiplatform,script aider not in the repository (not copied)
P427-s2-1,P427,snapshot,5dc9490bb35f,docker/Dockerfile,aider,,1,,"the manifest takes its dependencies from requirements.txt (T), which is in the build; installing the project takes L from it",,writer,manifest names T file requirements.txt (read pattern yes; T file available yes),,,,,,,yes,,,manifest,others::named package pip || judge::manifest names T file requirements.txt (read pattern yes; T file available yes) || others::named package boto3 || others::named package google-cloud-aiplatform,script aider not in the repository (not copied)
P427-s2-2,P427,snapshot,5dc9490bb35f,docker/Dockerfile,aider-full,,1,,"the manifest takes its dependencies from requirements.txt (T), which is in the build; installing the project takes L from it",,writer,manifest names T file requirements.txt (read pattern yes; T file available yes),,,,,,,yes,,,manifest,others::named package pip || judge::manifest names T file requirements.txt (read pattern yes; T file available yes) || others::named package boto3,script aider not in the repository (not copied)
P427-s3-0,P427,snapshot,5dc9490bb35f,scripts/Dockerfile.jekyll,,,5,no Python install,,,script,,,,,,,,no,,,,,script docker-entrypoint.sh not in the repository (not copied)
P426-h1-0,P426,head,c95b4f96912a,benchmark/Dockerfile,,benchmark,6,would not build,"rule (2) fixes the context at benchmark/, since COPY . /aider needs nothing else; /aider then holds no manifest and `uv pip install -e /aider[dev]` would fail",,writer,no manifest found for /aider[dev] at /aider,,,,,,,no,,,no,others::named package pip || others::named package uv || judge::no manifest found for /aider[dev] at /aider,script rustup.sh not in the repository (not copied)
P427-h1-0,P427,head,c95b4f96912a,benchmark/Dockerfile,,benchmark,6,would not build,"rule (2) fixes the context at benchmark/, since COPY . /aider needs nothing else; /aider then holds no manifest and `uv pip install -e /aider[dev]` would fail",,writer,no manifest found for /aider[dev] at /aider,,,,,,,no,,,no,others::named package pip || others::named package uv || judge::no manifest found for /aider[dev] at /aider,script rustup.sh not in the repository (not copied)
P426-h2-0,P426,head,c95b4f96912a,docker/Dockerfile,,,1,,"the manifest takes its dependencies from requirements.txt (T), which is in the build; installing the project takes L from it",,writer,manifest names T file requirements.txt (read pattern yes; T file available yes),,,,,,,yes,,,manifest,others::named package pip || judge::manifest names T file requirements.txt (read pattern yes; T file available yes) || others::named package boto3 || others::named package google-cloud-aiplatform,script aider not in the repository (not copied)
P427-h2-0,P427,head,c95b4f96912a,docker/Dockerfile,,,1,,"the manifest takes its dependencies from requirements.txt (T), which is in the build; installing the project takes L from it",,writer,manifest names T file requirements.txt (read pattern yes; T file available yes),,,,,,,yes,,,manifest,others::named package pip || judge::manifest names T file requirements.txt (read pattern yes; T file available yes) || others::named package boto3 || others::named package google-cloud-aiplatform,script aider not in the repository (not copied)
P426-h2-1,P426,head,c95b4f96912a,docker/Dockerfile,${{ matrix.target }},,6,other,target ${{ matrix.target }} not found,,script,,,,,,,,no,,,other,und::other,
P427-h2-1,P427,head,c95b4f96912a,docker/Dockerfile,${{ matrix.target }},,6,other,target ${{ matrix.target }} not found,,script,,,,,,,,no,,,other,und::other,
P426-h2-2,P426,head,c95b4f96912a,docker/Dockerfile,aider,,1,,"the manifest takes its dependencies from requirements.txt (T), which is in the build; installing the project takes L from it",,writer,manifest names T file requirements.txt (read pattern yes; T file available yes),,,,,,,yes,,,manifest,others::named package pip || judge::manifest names T file requirements.txt (read pattern yes; T file available yes) || others::named package boto3 || others::named package google-cloud-aiplatform,script aider not in the repository (not copied)
P427-h2-2,P427,head,c95b4f96912a,docker/Dockerfile,aider,,1,,"the manifest takes its dependencies from requirements.txt (T), which is in the build; installing the project takes L from it",,writer,manifest names T file requirements.txt (read pattern yes; T file available yes),,,,,,,yes,,,manifest,others::named package pip || judge::manifest names T file requirements.txt (read pattern yes; T file available yes) || others::named package boto3 || others::named package google-cloud-aiplatform,script aider not in the repository (not copied)
P426-h2-3,P426,head,c95b4f96912a,docker/Dockerfile,aider-full,,1,,"the manifest takes its dependencies from requirements.txt (T), which is in the build; installing the project takes L from it",,writer,manifest names T file requirements.txt (read pattern yes; T file available yes),,,,,,,yes,,,manifest,others::named package pip || judge::manifest names T file requirements.txt (read pattern yes; T file available yes) || others::named package boto3,script aider not in the repository (not copied)
P427-h2-3,P427,head,c95b4f96912a,docker/Dockerfile,aider-full,,1,,"the manifest takes its dependencies from requirements.txt (T), which is in the build; installing the project takes L from it",,writer,manifest names T file requirements.txt (read pattern yes; T file available yes),,,,,,,yes,,,manifest,others::named package pip || judge::manifest names T file requirements.txt (read pattern yes; T file available yes) || others::named package boto3,script aider not in the repository (not copied)
P426-h3-0,P426,head,c95b4f96912a,scripts/Dockerfile.jekyll,,,5,no Python install,,,script,,,,,,,,no,,,,,script docker-entrypoint.sh not in the repository (not copied)
P427-h3-0,P427,head,c95b4f96912a,scripts/Dockerfile.jekyll,,,5,no Python install,,,script,,,,,,,,no,,,,,script docker-entrypoint.sh not in the repository (not copied)
P428-s1-0,P428,snapshot,b2e6cffb4394,docker/certgrinder/Dockerfile,,docker/certgrinder,3,,own package certgrinder from the index,,script,,,,certgrinder,certgrinder,,,no,published pin,==44.0.3,own,index_own::own package certgrinder from the index,
P428-h1-0,P428,head,b2e6cffb4394,docker/certgrinder/Dockerfile,,docker/certgrinder,3,,own package certgrinder from the index,,script,,,,certgrinder,certgrinder,,,no,,,own,index_own::own package certgrinder from the index,
P432-s1-0,P432,snapshot,00a629b9c4cd,Dockerfile,,,6,script not read,start-uc-server from stage,,script,,,,,,,,no,,,script,und@start::script not read,script sbt not in the repository (not copied)
P432-s2-0,P432,snapshot,00a629b9c4cd,ui/Dockerfile,,ui,5,no Python install,,,script,,,,,,,,no,,,,,
P432-h1-0,P432,head,758cda404dfd,Dockerfile,,,6,script not read,start-uc-server from stage,,script,,,,,,,,no,,,script,und@start::script not read,script sbt not in the repository (not copied)
P432-h2-0,P432,head,758cda404dfd,ui/Dockerfile,,ui,5,no Python install,,,script,,,,,,,,no,,,,,
P435-s1-0,P435,snapshot,e6ccdc3a7529,Dockerfile,,,1,,"pip installs /nemo/ whose pyproject.toml (T) pins L; the start script's `pip install $NEMO_EXTRA_PIP_PACKAGES` names packages only at run time, with no upgrade flag",at start,writer,no manifest found for $NEMO_EXTRA_PIP_PACKAGES at /nemo/$NEMO_EXTRA_PIP_PACKAGES,,,,,,,no,,,no project,T::project /nemo/ with manifest in T || others::named package gunicorn || judge@start::no manifest found for $NEMO_EXTRA_PIP_PACKAGES at /nemo/$NEMO_EXTRA_PIP_PACKAGES,
P435-s2-0,P435,snapshot,e6ccdc3a7529,Dockerfile.splash_pad,,,1,,project /nemo/ with manifest in T,,script,,,,,,,pyproject.toml,no,,,project,T::project /nemo/ with manifest in T,
P436-s1-0,P436,snapshot,a06186bd10d6,Dockerfile,,,1,,"pip installs /nemo/ whose pyproject.toml (T) pins L; the start script's `pip install $NEMO_EXTRA_PIP_PACKAGES` names packages only at run time, with no upgrade flag",at start,writer,no manifest found for $NEMO_EXTRA_PIP_PACKAGES at /nemo/$NEMO_EXTRA_PIP_PACKAGES,,,,,,,no,,,no project,others::named package pip || T::project /nemo/ with manifest in T || others::named package gunicorn || judge@start::no manifest found for $NEMO_EXTRA_PIP_PACKAGES at /nemo/$NEMO_EXTRA_PIP_PACKAGES,
P436-s2-0,P436,snapshot,a06186bd10d6,Dockerfile.splash_pad,,,1,,project /nemo/ with manifest in T,,script,,,,,,,pyproject.toml,no,,,project,others::named package pip || T::project /nemo/ with manifest in T,
P437-s1-0,P437,snapshot,347034daa762,Dockerfile,,,1,,"pip installs /nemo/ whose pyproject.toml (T) pins L; the start script's `pip install $NEMO_EXTRA_PIP_PACKAGES` names packages only at run time, with no upgrade flag",at start,writer,no manifest found for $NEMO_EXTRA_PIP_PACKAGES at /nemo/$NEMO_EXTRA_PIP_PACKAGES,,,,,,,no,,,no project,others::named package pip || T::project /nemo/ with manifest in T || others::named package gunicorn || judge@start::no manifest found for $NEMO_EXTRA_PIP_PACKAGES at /nemo/$NEMO_EXTRA_PIP_PACKAGES,
P437-s2-0,P437,snapshot,347034daa762,Dockerfile.splash_pad,,,1,,project /nemo/ with manifest in T,,script,,,,,,,pyproject.toml,no,,,project,others::named package pip || T::project /nemo/ with manifest in T,
P438-s1-0,P438,snapshot,fd77c5384381,Dockerfile,,,1,,"pip installs /nemo/ whose pyproject.toml (T) pins L; the start script's `pip install $NEMO_EXTRA_PIP_PACKAGES` names packages only at run time, with no upgrade flag",at start,writer,no manifest found for $NEMO_EXTRA_PIP_PACKAGES at /nemo/$NEMO_EXTRA_PIP_PACKAGES,,,,,,,no,,,no project,others::named package pip || T::project /nemo/ with manifest in T || others::named package gunicorn || judge@start::no manifest found for $NEMO_EXTRA_PIP_PACKAGES at /nemo/$NEMO_EXTRA_PIP_PACKAGES,
P438-s2-0,P438,snapshot,fd77c5384381,Dockerfile.splash_pad,,,1,,project /nemo/ with manifest in T,,script,,,,,,,pyproject.toml,no,,,project,others::named package pip || T::project /nemo/ with manifest in T,
P435-h1-0,P435,head,fd77c5384381,Dockerfile,,,1,,"pip installs /nemo/ whose pyproject.toml (T) pins L; the start script's `pip install $NEMO_EXTRA_PIP_PACKAGES` names packages only at run time, with no upgrade flag",at start,writer,no manifest found for $NEMO_EXTRA_PIP_PACKAGES at /nemo/$NEMO_EXTRA_PIP_PACKAGES,,,,,,,no,,,no project,others::named package pip || T::project /nemo/ with manifest in T || others::named package gunicorn || judge@start::no manifest found for $NEMO_EXTRA_PIP_PACKAGES at /nemo/$NEMO_EXTRA_PIP_PACKAGES,
P436-h1-0,P436,head,fd77c5384381,Dockerfile,,,1,,"pip installs /nemo/ whose pyproject.toml (T) pins L; the start script's `pip install $NEMO_EXTRA_PIP_PACKAGES` names packages only at run time, with no upgrade flag",at start,writer,no manifest found for $NEMO_EXTRA_PIP_PACKAGES at /nemo/$NEMO_EXTRA_PIP_PACKAGES,,,,,,,no,,,no project,others::named package pip || T::project /nemo/ with manifest in T || others::named package gunicorn || judge@start::no manifest found for $NEMO_EXTRA_PIP_PACKAGES at /nemo/$NEMO_EXTRA_PIP_PACKAGES,
P437-h1-0,P437,head,fd77c5384381,Dockerfile,,,1,,"pip installs /nemo/ whose pyproject.toml (T) pins L; the start script's `pip install $NEMO_EXTRA_PIP_PACKAGES` names packages only at run time, with no upgrade flag",at start,writer,no manifest found for $NEMO_EXTRA_PIP_PACKAGES at /nemo/$NEMO_EXTRA_PIP_PACKAGES,,,,,,,no,,,no project,others::named package pip || T::project /nemo/ with manifest in T || others::named package gunicorn || judge@start::no manifest found for $NEMO_EXTRA_PIP_PACKAGES at /nemo/$NEMO_EXTRA_PIP_PACKAGES,
P438-h1-0,P438,head,fd77c5384381,Dockerfile,,,1,,"pip installs /nemo/ whose pyproject.toml (T) pins L; the start script's `pip install $NEMO_EXTRA_PIP_PACKAGES` names packages only at run time, with no upgrade flag",at start,writer,no manifest found for $NEMO_EXTRA_PIP_PACKAGES at /nemo/$NEMO_EXTRA_PIP_PACKAGES,,,,,,,no,,,no project,others::named package pip || T::project /nemo/ with manifest in T || others::named package gunicorn || judge@start::no manifest found for $NEMO_EXTRA_PIP_PACKAGES at /nemo/$NEMO_EXTRA_PIP_PACKAGES,
P435-h2-0,P435,head,fd77c5384381,Dockerfile.splash_pad,,,1,,project /nemo/ with manifest in T,,script,,,,,,,pyproject.toml,no,,,project,others::named package pip || T::project /nemo/ with manifest in T,
P436-h2-0,P436,head,fd77c5384381,Dockerfile.splash_pad,,,1,,project /nemo/ with manifest in T,,script,,,,,,,pyproject.toml,no,,,project,others::named package pip || T::project /nemo/ with manifest in T,
P437-h2-0,P437,head,fd77c5384381,Dockerfile.splash_pad,,,1,,project /nemo/ with manifest in T,,script,,,,,,,pyproject.toml,no,,,project,others::named package pip || T::project /nemo/ with manifest in T,
P438-h2-0,P438,head,fd77c5384381,Dockerfile.splash_pad,,,1,,project /nemo/ with manifest in T,,script,,,,,,,pyproject.toml,no,,,project,others::named package pip || T::project /nemo/ with manifest in T,
P440-s1-0,P440,snapshot,15c897712882,docker/Dockerfile,,docker,5,no Python install,,,script,,,,,,,,no,,,,,
P440-h1-0,P440,head,15c897712882,docker/Dockerfile,,docker,5,no Python install,,,script,,,,,,,,no,,,,,
P441-s1-0,P441,snapshot,d597a6b68004,Dockerfile,,,1,,project . with manifest in T,,script,,,,,,,pyproject.toml,no,,,project,T::project . with manifest in T,
P441-h1-0,P441,head,d597a6b68004,Dockerfile,,,1,,project . with manifest in T,,script,,,,,,,pyproject.toml,no,,,project,T::project . with manifest in T,
P442-s1-0,P442,snapshot,ce838cd24d29,docker/algorithm-base.Dockerfile,,,1,,project /vantage6-algorithm-tools with manifest in T,,script,,,,,,,vantage6-algorithm-tools/setup.py,no,,,project,others::named package pip || T::project /vantage6-common with manifest in T || T::project /vantage6-algorithm-tools with manifest in T,
P442-s2-0,P442,snapshot,ce838cd24d29,docker/algorithm-ohdsi-base.Dockerfile,,docker,5,other named packages only,,,script,,,,,,,,no,,,,others::named package ohdsi-database-connector || others::named package ohdsi-feature-extraction || others::named package ohdsi-circe || others::named package ohdsi-cohort-diagnostics || others::named package ohdsi-cohort-generator || others::named package psycopg2-binary,
P442-s3-0,P442,snapshot,ce838cd24d29,docker/algorithm-store.Dockerfile,,docker,6,would not build,rule (2) fixes the context at docker/ (COPY . needs nothing else); the project directories the install steps name are not in it,,writer,own project source outside the repository at /vantage6/vantage6; own project source outside the repository at /vantage6/vantage6-algorithm-store; own project source outside the repository at /vantage6/vantage6-backend-common; own project source outside the repository at /vantage6/vantage6-client; ow,,,,,,,no,,,own,others::named package psycopg2-binary || judge::own project source outside the repository at /vantage6/vantage6-common || judge::own project source outside the repository at /vantage6/vantage6-client || judge::own project source outside the repository at /vantage6/vantage6 || judge::own project source outside the repository at /vantage6/vantage6-backend-common || judge::own project source outside the repository at /vantage6/vantage6-algorithm-store || others::named package uwsgi,
P442-s4-0,P442,snapshot,ce838cd24d29,docker/alpine.Dockerfile,,docker,5,no Python install,,,script,,,,,,,,no,,,,,
P442-s5-0,P442,snapshot,ce838cd24d29,docker/infrastructure-base.Dockerfile,,,1,,-r requirements.txt,,script,,,,,,,requirements.txt,no,,,-r,T::-r requirements.txt,
P442-s6-0,P442,snapshot,ce838cd24d29,docker/node-and-server.Dockerfile,,docker,6,would not build,rule (2) fixes the context at docker/ (COPY . needs nothing else); the project directories the install steps name are not in it,,writer,own project source outside the repository at /vantage6/vantage6; own project source outside the repository at /vantage6/vantage6-algorithm-tools; own project source outside the repository at /vantage6/vantage6-backend-common; own project source outside the repository at /vantage6/vantage6-client; ow,,,,,,,no,,,own would,others::named package psycopg2-binary || others::named package pip || und::would not build || judge::own project source outside the repository at /vantage6/vantage6-common || judge::own project source outside the repository at /vantage6/vantage6-client || judge::own project source outside the repository at /vantage6/vantage6-algorithm-tools || judge::own project source outside the repository at /vantage6/vantage6 || judge::own project source outside the repository at /vantage6/vantage6-node || judge::own project source outside the repository at /vantage6/vantage6-backend-common || judge::own p,
P442-s7-0,P442,snapshot,ce838cd24d29,docker/squid.Dockerfile,,,5,no Python install,,,script,,,,,,,,no,,,,,
P442-s8-0,P442,snapshot,ce838cd24d29,docker/ssh-tunnel.Dockerfile,,,5,no Python install,,,script,,,,,,,,no,,,,,
P442-s9-0,P442,snapshot,ce838cd24d29,docker/ui.Dockerfile,,,5,no Python install,,,script,,,,,,,,no,,,,,
P442-s10-0,P442,snapshot,ce838cd24d29,docker/vpn-client.Dockerfile,,,5,no Python install,,,script,,,,,,,,no,,,,,
P442-s11-0,P442,snapshot,ce838cd24d29,docker/vpn-configurator.Dockerfile,,docker,5,no Python install,,,script,,,,,,,,no,,,,,
P442-h1-0,P442,head,b66dcc9ac6c8,docker/algorithm-base.Dockerfile,,,2,other file,project /vantage6-algorithm-tools (pyproject.toml not in T); project /vantage6-common (pyproject.toml not in T),,script,,yes,==2.13.0,,,,,no,,,project,fresh:other file:project /vantage6-common (pyproject.toml not in T) || fresh:other file:project /vantage6-algorithm-tools (pyproject.toml not in T),
P442-h2-0,P442,head,b66dcc9ac6c8,docker/algorithm-ohdsi-base.Dockerfile,,docker,5,other named packages only,,,script,,,,,,,,no,,,,others::named package ohdsi-database-connector || others::named package ohdsi-feature-extraction || others::named package ohdsi-circe || others::named package ohdsi-cohort-diagnostics || others::named package ohdsi-cohort-generator || others::named package psycopg2-binary,
P442-h3-0,P442,head,b66dcc9ac6c8,docker/algorithm-store.Dockerfile,,docker,6,would not build,rule (2) fixes the context at docker/ (COPY . needs nothing else); the project directories the install steps name are not in it,,writer,own project source outside the repository at /vantage6/vantage6; own project source outside the repository at /vantage6/vantage6-algorithm-store; own project source outside the repository at /vantage6/vantage6-algorithm-tools; own project source outside the repository at /vantage6/vantage6-backend-c,,,,,,,no,,,own,others::named package psycopg2-binary || judge::own project source outside the repository at /vantage6/vantage6-common || judge::own project source outside the repository at /vantage6/vantage6-client || judge::own project source outside the repository at /vantage6/vantage6-algorithm-tools || judge::own project source outside the repository at /vantage6/vantage6 || judge::own project source outside the repository at /vantage6/vantage6-backend-common || judge::own project source outside the repository at /vantage6/vantage6-algorithm-store || others::named package uwsgi,
P442-h4-0,P442,head,b66dcc9ac6c8,docker/alpine.Dockerfile,,docker,5,no Python install,,,script,,,,,,,,no,,,,,
P442-h5-0,P442,head,b66dcc9ac6c8,docker/node-and-hq.Dockerfile,,docker,6,would not build,rule (2) fixes the context at docker/ (COPY . needs nothing else); the project directories the install steps name are not in it,,writer,own project source outside the repository at /vantage6/vantage6; own project source outside the repository at /vantage6/vantage6-algorithm-tools; own project source outside the repository at /vantage6/vantage6-backend-common; own project source outside the repository at /vantage6/vantage6-client; ow,,,,,,,no,,,own,others::named package psycopg2-binary || judge::own project source outside the repository at /vantage6/vantage6-common || judge::own project source outside the repository at /vantage6/vantage6-client || judge::own project source outside the repository at /vantage6/vantage6-algorithm-tools || judge::own project source outside the repository at /vantage6/vantage6 || judge::own project source outside the repository at /vantage6/vantage6-backend-common || judge::own project source outside the repository at /vantage6/vantage6-hq || judge::own project source outside the repository at /vantage6/vanta,
P442-h6-0,P442,head,b66dcc9ac6c8,docker/ui.Dockerfile,,,5,no Python install,,,script,,,,,,,,no,,,,,
P442-h7-0,P442,head,b66dcc9ac6c8,docker/ui_dev.Dockerfile,,,5,no Python install,,,script,,,,,,,,no,,,,,
P443-s1-0,P443,snapshot,60138e5b22e0,Dockerfile,,,1,,uv sync with lock uv.lock,,script,,,,,,,uv.lock,yes,,,uv,T::uv sync with lock uv.lock || T::uv sync with lock uv.lock,
P443-s2-0,P443,snapshot,60138e5b22e0,dev.Dockerfile,,,1,,uv run with lock uv.lock,at start;may re-lock,script,,,,,,,uv.lock,yes,,,uv,T::uv sync with lock uv.lock || T::uv sync with lock uv.lock || T@start::uv run with lock uv.lock,script os-release not in the repository (not copied)
P443-h1-0,P443,head,5aeb96a6bea5,Dockerfile,,,1,,uv sync with lock uv.lock,,script,,,,,,,uv.lock,yes,,,uv,T::uv sync with lock uv.lock || T::uv sync with lock uv.lock,
P443-h2-0,P443,head,5aeb96a6bea5,dev.Dockerfile,,,1,,uv run with lock uv.lock,at start;may re-lock,script,,,,,,,uv.lock,yes,,,uv,T::uv sync with lock uv.lock || T::uv sync with lock uv.lock || T@start::uv run with lock uv.lock,script os-release not in the repository (not copied)
P445-s1-0,P445,snapshot,45ffc7fe9038,docker/docker-compose/pg_textsearch/Dockerfile,,docker/docker-compose/pg_textsearch,5,no Python install,,,script,,,,,,,,no,,,,,script Makefile not in the repository (not copied); script Makefile not in the repository (not copied); script Makefile not in the repository (not copied); script Makefile not in the repository (not c
P445-s2-0,P445,snapshot,45ffc7fe9038,docker/docker-compose/timescale/Dockerfile,,docker/docker-compose/timescale,5,no Python install,,,script,,,,,,,,no,,,,,script Makefile not in the repository (not copied); script Makefile not in the repository (not copied); script Makefile not in the repository (not copied); script Makefile not in the repository (not c
P445-s3-0,P445,snapshot,45ffc7fe9038,docker/standalone/Dockerfile,,,2,lock absent,project . (pyproject.toml not in T); uv sync without the lock resolves hindsight-api-slim/pyproject.toml,,script,,yes,"<=1.82.6,>=1.0.0",,,,,no,,,project uv,others::named package uv || fresh:lock absent:uv sync without the lock resolves hindsight-api-slim/pyproject.toml || fresh:lock absent:uv sync without the lock resolves hindsight-api-slim/pyproject.toml || fresh:other file:project . (pyproject.toml not in T) || others::named package uv,
P445-s3-1,P445,snapshot,45ffc7fe9038,docker/standalone/Dockerfile,${{ matrix.target }},,6,other,target ${{ matrix.target }} not found,,script,,,,,,,,no,,,other,und::other,
P445-h1-0,P445,head,c8b2e4ab8ecf,docker/docker-compose/cuda-onnx/Dockerfile,,docker/docker-compose/cuda-onnx,6,would not build,/tmp/onnx-nvidia.txt not in the image,,script,,,,hindsight-api-slim,hindsight-api-slim,,,no,,,own would,index_own::own package hindsight-api-slim from the index (specifier not parsed) || others::named package onnxruntime-gpu || und::would not build,
P445-h2-0,P445,head,c8b2e4ab8ecf,docker/docker-compose/cuda/Dockerfile,,docker/docker-compose/cuda,5,other named packages only,,,script,,,,,,,,no,,,,others::named package torch,
P445-h3-0,P445,head,c8b2e4ab8ecf,docker/docker-compose/custom-models/Dockerfile,,docker/docker-compose/custom-models,5,other named packages only,,,script,,,,,,,,no,,,,others::named package sentence-transformers || others::named package transformers || others::named package torch,
P445-h4-0,P445,head,c8b2e4ab8ecf,docker/docker-compose/pg_search/Dockerfile,,docker/docker-compose/pg_search,5,no Python install,,,script,,,,,,,,no,,,,,
P445-h5-0,P445,head,c8b2e4ab8ecf,docker/docker-compose/pg_textsearch/Dockerfile,,docker/docker-compose/pg_textsearch,5,no Python install,,,script,,,,,,,,no,,,,,script Makefile not in the repository (not copied); script Makefile not in the repository (not copied); script Makefile not in the repository (not copied); script Makefile not in the repository (not c
P445-h6-0,P445,head,c8b2e4ab8ecf,docker/docker-compose/pgroonga/Dockerfile,,docker/docker-compose/pgroonga,5,no Python install,,,script,,,,,,,,no,,,,,
P445-h7-0,P445,head,c8b2e4ab8ecf,docker/docker-compose/timescale/Dockerfile,,docker/docker-compose/timescale,5,no Python install,,,script,,,,,,,,no,,,,,script Makefile not in the repository (not copied); script Makefile not in the repository (not copied); script Makefile not in the repository (not copied); script Makefile not in the repository (not c
P445-h8-0,P445,head,c8b2e4ab8ecf,docker/standalone/Dockerfile,,,1,,uv sync with lock uv.lock,,script,,,,,,,uv.lock,yes,,,uv,others::named package uv || T::uv sync with lock uv.lock || T::uv sync with lock uv.lock || T::uv sync with lock uv.lock || T::uv sync with lock uv.lock || others::named package uv,
P445-h8-1,P445,head,c8b2e4ab8ecf,docker/standalone/Dockerfile,${{ matrix.target }},,6,other,target ${{ matrix.target }} not found,,script,,,,,,,,no,,,other,und::other,
P445-h8-2,P445,head,c8b2e4ab8ecf,docker/standalone/Dockerfile,,,1,,uv sync with lock uv.lock,,script,,,,,,,uv.lock,yes,,,uv,others::named package uv || T::uv sync with lock uv.lock || T::uv sync with lock uv.lock || T::uv sync with lock uv.lock || T::uv sync with lock uv.lock || others::named package uv,
P445-h8-3,P445,head,c8b2e4ab8ecf,docker/standalone/Dockerfile,${{ matrix.target }},,6,other,target ${{ matrix.target }} not found,,script,,,,,,,,no,,,other,und::other,
P445-h9-0,P445,head,c8b2e4ab8ecf,hindsight-extensions/static-keys-tenant/Dockerfile,,,5,no Python install,,,script,,,,,,,,no,,,,,
P445-h10-0,P445,head,c8b2e4ab8ecf,hindsight-extensions/supabase-tenant/Dockerfile,,,5,other named packages only,,,script,,,,,,,,no,,,,others::named package pyjwt || others::named package aiohttp,
P445-h11-0,P445,head,c8b2e4ab8ecf,hindsight-integrations/coding-agents/e2e/Dockerfile.base,,hindsight-integrations/coding-agents/e2e,6,script not read,$HINDSIGHT_E2E_INSTALL_COMMAND called at depth 2,,script,,,,,,,,no,,,script,und@start::script not read,
P445-h12-0,P445,head,c8b2e4ab8ecf,hindsight-integrations/coding-agents/e2e/Dockerfile.claude-code,,hindsight-integrations/coding-agents/e2e,5,no Python install,,,script,,,,,,,,no,,,,,
P445-h13-0,P445,head,c8b2e4ab8ecf,hindsight-integrations/coding-agents/e2e/Dockerfile.cline-cli,,hindsight-integrations/coding-agents/e2e,5,no Python install,,,script,,,,,,,,no,,,,,
P445-h14-0,P445,head,c8b2e4ab8ecf,hindsight-integrations/coding-agents/e2e/Dockerfile.codex,,hindsight-integrations/coding-agents/e2e,5,no Python install,,,script,,,,,,,,no,,,,,
P445-h15-0,P445,head,c8b2e4ab8ecf,hindsight-integrations/coding-agents/e2e/Dockerfile.copilot-cli,,hindsight-integrations/coding-agents/e2e,5,no Python install,,,script,,,,,,,,no,,,,,
P445-h16-0,P445,head,c8b2e4ab8ecf,hindsight-integrations/coding-agents/e2e/Dockerfile.cursor-cli,,hindsight-integrations/coding-agents/e2e,5,no Python install,,,script,,,,,,,,no,,,,,
P445-h17-0,P445,head,c8b2e4ab8ecf,hindsight-integrations/coding-agents/e2e/Dockerfile.dcode,,hindsight-integrations/coding-agents/e2e,5,no Python install,,,script,,,,,,,,no,,,,,script latest not in the repository (not copied)
P445-h18-0,P445,head,c8b2e4ab8ecf,hindsight-integrations/coding-agents/e2e/Dockerfile.devin-cli,,hindsight-integrations/coding-agents/e2e,5,no Python install,,,script,,,,,,,,no,,,,,
P445-h19-0,P445,head,c8b2e4ab8ecf,hindsight-integrations/coding-agents/e2e/Dockerfile.dsh,,hindsight-integrations/coding-agents/e2e,5,no Python install,,,script,,,,,,,,no,,,,,
P445-h20-0,P445,head,c8b2e4ab8ecf,hindsight-integrations/coding-agents/e2e/Dockerfile.factory-droid,,hindsight-integrations/coding-agents/e2e,5,no Python install,,,script,,,,,,,,no,,,,,script latest not in the repository (not copied)
P445-h21-0,P445,head,c8b2e4ab8ecf,hindsight-integrations/coding-agents/e2e/Dockerfile.grok-build,,hindsight-integrations/coding-agents/e2e,5,no Python install,,,script,,,,,,,,no,,,,,
P445-h22-0,P445,head,c8b2e4ab8ecf,hindsight-integrations/coding-agents/e2e/Dockerfile.kilo,,hindsight-integrations/coding-agents/e2e,5,no Python install,,,script,,,,,,,,no,,,,,
P445-h23-0,P445,head,c8b2e4ab8ecf,hindsight-integrations/coding-agents/e2e/Dockerfile.kimi-code,,hindsight-integrations/coding-agents/e2e,5,no Python install,,,script,,,,,,,,no,,,,,
P445-h24-0,P445,head,c8b2e4ab8ecf,hindsight-integrations/coding-agents/e2e/Dockerfile.opencode,,hindsight-integrations/coding-agents/e2e,5,no Python install,,,script,,,,,,,,no,,,,,
P445-h25-0,P445,head,c8b2e4ab8ecf,hindsight-integrations/coding-agents/e2e/Dockerfile.opencode2,,hindsight-integrations/coding-agents/e2e,5,no Python install,,,script,,,,,,,,no,,,,,
P445-h26-0,P445,head,c8b2e4ab8ecf,hindsight-integrations/coding-agents/e2e/Dockerfile.pi,,hindsight-integrations/coding-agents/e2e,5,no Python install,,,script,,,,,,,,no,,,,,
P445-h27-0,P445,head,c8b2e4ab8ecf,hindsight-integrations/coding-agents/e2e/Dockerfile.prime-agent,,hindsight-integrations/coding-agents/e2e,5,no Python install,,,script,,,,,,,,no,,,,,
P445-h28-0,P445,head,c8b2e4ab8ecf,hindsight-integrations/coding-agents/e2e/Dockerfile.qwen-code,,hindsight-integrations/coding-agents/e2e,5,no Python install,,,script,,,,,,,,no,,,,,
P445-h29-0,P445,head,c8b2e4ab8ecf,hindsight-integrations/coding-agents/e2e/Dockerfile.zcode,,hindsight-integrations/coding-agents/e2e,5,no Python install,,,script,,,,,,,,no,,,,,
P448-s1-0,P448,snapshot,4e37dd461beb,.clusterfuzzlite/Dockerfile,,,6,would not build,"uv sync requires uv.lock, not available",,script,,,,,,,,no,,,would,und::would not build || und::would not build,script apt-install not in the repository (not copied); script pip-install not in the repository (not copied)
P448-s2-0,P448,snapshot,4e37dd461beb,dev-docker/weblate-dev/Dockerfile,,dev-docker/weblate-dev,6,other,"the only install runs at start (start-dev), from /app/src, which compose mounts at run time; the image holds neither lock nor manifest",,writer,unparsed package argument \; uv export without uv.lock or manifest at /app/src,,,,,,,no,,,unparsed uv,judge@start::unparsed package argument \ || judge@start::uv export without uv.lock or manifest at /app/src,
P449-s1-0,P449,snapshot,3b689ed1d7ce,.clusterfuzzlite/Dockerfile,,,6,would not build,"uv sync requires uv.lock, not available",,script,,,,,,,,no,,,would,und::would not build || und::would not build,script apt-install not in the repository (not copied); script pip-install not in the repository (not copied)
P449-s2-0,P449,snapshot,3b689ed1d7ce,dev-docker/weblate-dev/Dockerfile,,dev-docker/weblate-dev,6,other,"the only install runs at start (start-dev), from /app/src, which compose mounts at run time; the image holds neither lock nor manifest",,writer,unparsed package argument \; uv export without uv.lock or manifest at /app/src,,,,,,,no,,,unparsed uv,judge@start::unparsed package argument \ || judge@start::uv export without uv.lock or manifest at /app/src,
P450-s1-0,P450,snapshot,4f2c2f527a57,.clusterfuzzlite/Dockerfile,,,1,,uv sync with lock uv.lock,,script,,,,,,,uv.lock,yes,,,uv would,"judge::uv add || T::uv sync upgrade, pinned in T manifest || T::uv sync with lock uv.lock || und::would not build || T::uv sync with lock uv.lock",
P450-s2-0,P450,snapshot,4f2c2f527a57,dev-docker/weblate-dev/Dockerfile,,dev-docker/weblate-dev,6,other,"the only install runs at start (start-dev), from /app/src, which compose mounts at run time; the image holds neither lock nor manifest",,writer,unparsed package argument \; uv export without uv.lock or manifest at /app/src,,,,,,,no,,,unparsed uv,judge@start::unparsed package argument \ || judge@start::uv export without uv.lock or manifest at /app/src,
P448-h1-0,P448,head,efde5cc35690,.clusterfuzzlite/Dockerfile,,,1,,uv sync with lock uv.lock,,script,,no,,,,,uv.lock,yes,,,uv would,judge::uv add || fresh:upgrade:uv sync re-resolves || T::uv sync with lock uv.lock || und::would not build || T::uv sync with lock uv.lock,
P449-h1-0,P449,head,efde5cc35690,.clusterfuzzlite/Dockerfile,,,1,,uv sync with lock uv.lock,,script,,,,,,,uv.lock,yes,,,uv would,"judge::uv add || T::uv sync upgrade, pinned in T manifest || T::uv sync with lock uv.lock || und::would not build || T::uv sync with lock uv.lock",
P450-h1-0,P450,head,efde5cc35690,.clusterfuzzlite/Dockerfile,,,1,,uv sync with lock uv.lock,,script,,,,,,,uv.lock,yes,,,uv would,"judge::uv add || T::uv sync upgrade, pinned in T manifest || T::uv sync with lock uv.lock || und::would not build || T::uv sync with lock uv.lock",
P448-h2-0,P448,head,efde5cc35690,dev-docker/weblate-dev/Dockerfile,,dev-docker/weblate-dev,6,other,"the only install runs at start (start-dev), from /app/src, which compose mounts at run time; the image holds neither lock nor manifest",,writer,unparsed package argument \; uv export without uv.lock or manifest at /${WEBLATE_SOURCE_DIR:-/app/src},,,,,,,no,,,unparsed uv,judge@start::unparsed package argument \ || judge@start::uv export without uv.lock or manifest at /${WEBLATE_SOURCE_DIR:-/app/src},
P449-h2-0,P449,head,efde5cc35690,dev-docker/weblate-dev/Dockerfile,,dev-docker/weblate-dev,6,other,"the only install runs at start (start-dev), from /app/src, which compose mounts at run time; the image holds neither lock nor manifest",,writer,unparsed package argument \; uv export without uv.lock or manifest at /${WEBLATE_SOURCE_DIR:-/app/src},,,,,,,no,,,unparsed uv,judge@start::unparsed package argument \ || judge@start::uv export without uv.lock or manifest at /${WEBLATE_SOURCE_DIR:-/app/src},
P450-h2-0,P450,head,efde5cc35690,dev-docker/weblate-dev/Dockerfile,,dev-docker/weblate-dev,6,other,"the only install runs at start (start-dev), from /app/src, which compose mounts at run time; the image holds neither lock nor manifest",,writer,unparsed package argument \; uv export without uv.lock or manifest at /${WEBLATE_SOURCE_DIR:-/app/src},,,,,,,no,,,unparsed uv,judge@start::unparsed package argument \ || judge@start::uv export without uv.lock or manifest at /${WEBLATE_SOURCE_DIR:-/app/src},
P451-s1-0,P451,snapshot,1adb05919fd2,app/Dockerfile,,app,3,,own package ws-mark-flow from the index,,script,,,,ws-mark-flow,ws-mark-flow,,,no,published pin,==2.12.1,own,index_own::own package ws-mark-flow from the index,
P452-s1-0,P452,snapshot,865292e15d2f,app/Dockerfile,,app,6,would not build,/tmp/torch-cpu-constraints.txt not in the image,,script,,,,ws-mark-flow,ws-mark-flow,,,no,,,own would,others::named package torch || others::named package torchvision || und::would not build || index_own::own package ws-mark-flow from the index || others::named package docling,
P451-h1-0,P451,head,5b8160afdc06,app/Dockerfile,,app,6,would not build,/tmp/torch-cpu-constraints.txt not in the image,,script,,,,ws-mark-flow,ws-mark-flow,,,no,,,own would,others::named package torch || others::named package torchvision || und::would not build || index_own::own package ws-mark-flow from the index || others::named package docling,
P452-h1-0,P452,head,5b8160afdc06,app/Dockerfile,,app,6,would not build,/tmp/torch-cpu-constraints.txt not in the image,,script,,,,ws-mark-flow,ws-mark-flow,,,no,,,own would,others::named package torch || others::named package torchvision || und::would not build || index_own::own package ws-mark-flow from the index || others::named package docling,
P455-s1-0,P455,snapshot,79850071d8e6,docker/Dockerfile.in,,docker,6,other,"a pixi environment from pixi.toml and pixi.lock, a lock the rules do not table, supplies L (pip) with Python",template,writer,pixi task,,,,,,,no,,,pixi script,judge::pixi task || judge::pixi task || judge::pixi task || judge::pixi task || judge::pixi task || judge::pixi task || und@start::script not read,
P455-h1-0,P455,head,08a4d1b56dff,docker/Dockerfile.in,,docker,6,other,"a pixi environment from pixi.toml and pixi.lock, a lock the rules do not table, supplies L (pip) with Python",template,writer,pixi task,,,,,,,no,,,pixi script,judge::pixi task || judge::pixi task || judge::pixi task || judge::pixi task || judge::pixi task || judge::pixi task || und@start::script not read,
P467-s1-0,P467,snapshot,b0578312edb7,Dockerfile,,,1,,"pip installs /nemo/ whose pyproject.toml (T) pins L; the start script's `pip install $NEMO_EXTRA_PIP_PACKAGES` names packages only at run time, with no upgrade flag",at start,writer,no manifest found for $NEMO_EXTRA_PIP_PACKAGES at /nemo/$NEMO_EXTRA_PIP_PACKAGES,,,,,,,no,,,no project,T::project /nemo/ with manifest in T || others::named package gunicorn || judge@start::no manifest found for $NEMO_EXTRA_PIP_PACKAGES at /nemo/$NEMO_EXTRA_PIP_PACKAGES,
P467-s2-0,P467,snapshot,b0578312edb7,Dockerfile.splash_pad,,,1,,project /nemo/ with manifest in T,,script,,,,,,,pyproject.toml,no,,,project,T::project /nemo/ with manifest in T,
P468-s1-0,P468,snapshot,5d9e751bf19c,Dockerfile,,,1,,"pip installs /nemo/ whose pyproject.toml (T) pins L; the start script's `pip install $NEMO_EXTRA_PIP_PACKAGES` names packages only at run time, with no upgrade flag",at start,writer,no manifest found for $NEMO_EXTRA_PIP_PACKAGES at /nemo/$NEMO_EXTRA_PIP_PACKAGES,,,,,,,no,,,no project,others::named package pip || T::project /nemo/ with manifest in T || others::named package gunicorn || judge@start::no manifest found for $NEMO_EXTRA_PIP_PACKAGES at /nemo/$NEMO_EXTRA_PIP_PACKAGES,
P468-s2-0,P468,snapshot,5d9e751bf19c,Dockerfile.splash_pad,,,1,,project /nemo/ with manifest in T,,script,,,,,,,pyproject.toml,no,,,project,others::named package pip || T::project /nemo/ with manifest in T,
P469-s1-0,P469,snapshot,493ef54b7952,Dockerfile,,,1,,"pip installs /nemo/ whose pyproject.toml (T) pins L; the start script's `pip install $NEMO_EXTRA_PIP_PACKAGES` names packages only at run time, with no upgrade flag",at start,writer,no manifest found for $NEMO_EXTRA_PIP_PACKAGES at /nemo/$NEMO_EXTRA_PIP_PACKAGES,,,,,,,no,,,no project,others::named package pip || T::project /nemo/ with manifest in T || others::named package gunicorn || judge@start::no manifest found for $NEMO_EXTRA_PIP_PACKAGES at /nemo/$NEMO_EXTRA_PIP_PACKAGES,
P469-s2-0,P469,snapshot,493ef54b7952,Dockerfile.splash_pad,,,1,,project /nemo/ with manifest in T,,script,,,,,,,pyproject.toml,no,,,project,others::named package pip || T::project /nemo/ with manifest in T,
P467-h1-0,P467,head,81927b9d2a41,Dockerfile,,,1,,"pip installs /nemo/ whose pyproject.toml (T) pins L; the start script's `pip install $NEMO_EXTRA_PIP_PACKAGES` names packages only at run time, with no upgrade flag",at start,writer,no manifest found for $NEMO_EXTRA_PIP_PACKAGES at /nemo/$NEMO_EXTRA_PIP_PACKAGES,,,,,,,no,,,no project,others::named package pip || T::project /nemo/ with manifest in T || others::named package gunicorn || judge@start::no manifest found for $NEMO_EXTRA_PIP_PACKAGES at /nemo/$NEMO_EXTRA_PIP_PACKAGES,
P468-h1-0,P468,head,81927b9d2a41,Dockerfile,,,1,,"pip installs /nemo/ whose pyproject.toml (T) pins L; the start script's `pip install $NEMO_EXTRA_PIP_PACKAGES` names packages only at run time, with no upgrade flag",at start,writer,no manifest found for $NEMO_EXTRA_PIP_PACKAGES at /nemo/$NEMO_EXTRA_PIP_PACKAGES,,,,,,,no,,,no project,others::named package pip || T::project /nemo/ with manifest in T || others::named package gunicorn || judge@start::no manifest found for $NEMO_EXTRA_PIP_PACKAGES at /nemo/$NEMO_EXTRA_PIP_PACKAGES,
P469-h1-0,P469,head,81927b9d2a41,Dockerfile,,,1,,"pip installs /nemo/ whose pyproject.toml (T) pins L; the start script's `pip install $NEMO_EXTRA_PIP_PACKAGES` names packages only at run time, with no upgrade flag",at start,writer,no manifest found for $NEMO_EXTRA_PIP_PACKAGES at /nemo/$NEMO_EXTRA_PIP_PACKAGES,,,,,,,no,,,no project,others::named package pip || T::project /nemo/ with manifest in T || others::named package gunicorn || judge@start::no manifest found for $NEMO_EXTRA_PIP_PACKAGES at /nemo/$NEMO_EXTRA_PIP_PACKAGES,
P467-h2-0,P467,head,81927b9d2a41,Dockerfile.splash_pad,,,1,,project /nemo/ with manifest in T,,script,,,,,,,pyproject.toml,no,,,project,others::named package pip || T::project /nemo/ with manifest in T,
P468-h2-0,P468,head,81927b9d2a41,Dockerfile.splash_pad,,,1,,project /nemo/ with manifest in T,,script,,,,,,,pyproject.toml,no,,,project,others::named package pip || T::project /nemo/ with manifest in T,
P469-h2-0,P469,head,81927b9d2a41,Dockerfile.splash_pad,,,1,,project /nemo/ with manifest in T,,script,,,,,,,pyproject.toml,no,,,project,others::named package pip || T::project /nemo/ with manifest in T,
