order_hash,group,build_id,pair_id,repo,role,commit,path,target,context,context_how,ignore_file,build_args,library,T,pin_class,recipe_lines
0019e6502601002d,script-decided,P395-h1-0,P395,github.com/stuffanthings/qbit_manage,head,8931db03a23c,Dockerfile,,,workflow,.dockerignore,"{""BRANCH_NAME"": ""develop""}",gitpython,pyproject.toml|uv.lock,both,"FROM python:3.14-alpine@sha256:9e9fde4d32eedce0b661d9ab91e826b62dddf28e928c230ec55f1866cac66b01 AS builder ⏎ ARG BRANCH_NAME=master ⏎ ENV BRANCH_NAME=${BRANCH_NAME} ⏎ ENV QBM_DOCKER=True ⏎ RUN apk add --no-cache gcc g++ libxml2-dev libxslt-dev zlib-dev libffi-dev curl bash ⏎ RUN curl -LsSf https://astral.sh/uv/install.sh | sh ⏎ COPY pyproject.toml setup.py VERSION /app/ ⏎ WORKDIR /app ⏎ RUN /root/.local/bin/uv pip install --system . ⏎ FROM python:3.14-alpine@sha256:9e9fde4d32eedce0b661d9ab91e826b62dddf28e928c230ec55f1866cac66b01 ⏎ ARG APP_VERSION ⏎ ARG BUILD_DATE ⏎ ARG VCS_REF ⏎ ENV TINI_VERSION=v0.19.0 ⏎ RUN apk add --no-cache tzdata bash curl jq tini su-exec && rm -rf /var/cache/apk/* ⏎ COPY --from=builder /usr/local/lib/python3.14/site-packages/ /usr/local/lib/python3.14/site-packages/ ⏎ COPY --from=builder /app /app ⏎ COPY . /app ⏎ COPY entrypoint.sh /app/entrypoint.sh ⏎ WORKDIR /app ⏎ RUN chmod +x /app/entrypoint.sh ⏎ ENTRYPOINT [""/sbin/tini"", ""-s"", ""/app/entrypoint.sh""] ⏎ CMD [""python3"", ""qbit_manage.py""]"
0019e6502601002d,script-decided,P395-h1-1,P395,github.com/stuffanthings/qbit_manage,head,8931db03a23c,Dockerfile,,,workflow,.dockerignore,{},gitpython,pyproject.toml|uv.lock,both,"FROM python:3.14-alpine@sha256:9e9fde4d32eedce0b661d9ab91e826b62dddf28e928c230ec55f1866cac66b01 AS builder ⏎ ARG BRANCH_NAME=master ⏎ ENV BRANCH_NAME=${BRANCH_NAME} ⏎ ENV QBM_DOCKER=True ⏎ RUN apk add --no-cache gcc g++ libxml2-dev libxslt-dev zlib-dev libffi-dev curl bash ⏎ RUN curl -LsSf https://astral.sh/uv/install.sh | sh ⏎ COPY pyproject.toml setup.py VERSION /app/ ⏎ WORKDIR /app ⏎ RUN /root/.local/bin/uv pip install --system . ⏎ FROM python:3.14-alpine@sha256:9e9fde4d32eedce0b661d9ab91e826b62dddf28e928c230ec55f1866cac66b01 ⏎ ARG APP_VERSION ⏎ ARG BUILD_DATE ⏎ ARG VCS_REF ⏎ ENV TINI_VERSION=v0.19.0 ⏎ RUN apk add --no-cache tzdata bash curl jq tini su-exec && rm -rf /var/cache/apk/* ⏎ COPY --from=builder /usr/local/lib/python3.14/site-packages/ /usr/local/lib/python3.14/site-packages/ ⏎ COPY --from=builder /app /app ⏎ COPY . /app ⏎ COPY entrypoint.sh /app/entrypoint.sh ⏎ WORKDIR /app ⏎ RUN chmod +x /app/entrypoint.sh ⏎ ENTRYPOINT [""/sbin/tini"", ""-s"", ""/app/entrypoint.sh""] ⏎ CMD [""python3"", ""qbit_manage.py""]"
003d5f841456fdbd,script-decided,P042-h5-0,P042,github.com/apache/airflow,head,a3555c74cfcf,chart/dockerfiles/pgbouncer-exporter/Dockerfile,,chart/dockerfiles/pgbouncer-exporter,recipe directory,,{},urllib3,dev/breeze/uv.lock,lockfile,"ARG ALPINE_VERSION=""3.23"" ⏎ ARG GO_VERSION=""1.23.7"" ⏎ FROM golang:${GO_VERSION} AS builder ⏎ ARG PGBOUNCER_EXPORTER_VERSION ⏎ ARG PGBOUNCER_EXPORTER_COMMIT_SHA ⏎ WORKDIR /usr/src/myapp ⏎ RUN URL=""https://github.com/jbub/pgbouncer_exporter/archive/${PGBOUNCER_EXPORTER_COMMIT_SHA}.tar.gz"" && curl -L ""${URL}"" | tar -zx --strip-components 1 && PLATFORM=$([ ""$(uname -m)"" = ""aarch64"" ] && echo ""arm64"" || echo ""amd64"" ) && GOOS=linux GOARCH=""${PLATFORM}"" CGO_ENABLED=0 go build -v ⏎ FROM alpine:${ALPINE_VERSION} AS final ⏎ RUN apk --no-cache add libressl libressl-dev openssl ⏎ COPY --from=builder /usr/src/myapp/pgbouncer_exporter /bin ⏎ ARG PGBOUNCER_EXPORTER_VERSION ⏎ ARG PGBOUNCER_EXPORTER_COMMIT_SHA ⏎ ARG AIRFLOW_PGBOUNCER_EXPORTER_VERSION ⏎ ARG GO_VERSION ⏎ ARG COMMIT_SHA ⏎ ENTRYPOINT [""/bin/pgbouncer_exporter""] ⏎ CMD [""server""]"
005541730d74f214,script-decided,P307-h31-0,P307,github.com/opea-project/genaicomps,head,8130a3fb9cd8,comps/llms/src/text-generation/Dockerfile,,,ancestor,,{},cryptography,comps/agent/src/requirements.txt|comps/asr/src/requirements-cpu.txt|comps/asr/src/requirements-gpu.txt|comps/dataprep/src/requirements-cpu.txt|comps/dataprep/src/requirements-gpu.txt|comps/feedback_management/src/requirements.txt|comps/finetuning/src/requirements-cpu.txt|comps/lvms/src/requirements-cpu.txt|comps/lvms/src/requirements-gpu.txt|comps/prompt_registry/src/requirements.txt|comps/text2cypher/src/requirements-cpu.txt|comps/tts/src/requirements.txt|comps/web_retrievers/src/requirements-cpu.txt|comps/web_retrievers/src/requirements-gpu.txt|requirements.txt,lockfile,"FROM python:3.11-slim ⏎ RUN apt-get update -y && apt-get install -y --no-install-recommends --fix-missing libjemalloc-dev ⏎ RUN useradd -m -s /bin/bash user && mkdir -p /home/user && chown -R user /home/user/ ⏎ COPY comps/llms/src/text-generation/requirements.txt /home/user/comps/llms/src/text-generation/requirements.txt ⏎ ARG uvpip='uv pip install --system --no-cache-dir' ⏎ RUN pip install --no-cache-dir --upgrade pip setuptools uv && $uvpip -r /home/user/comps/llms/src/text-generation/requirements.txt ⏎ COPY comps /home/user/comps ⏎ ENV PYTHONPATH=$PYTHONPATH:/home/user ⏎ WORKDIR /home/user/comps/llms/src/text-generation ⏎ ENTRYPOINT [""bash"", ""entrypoint.sh""] ⏎ FROM python:3.11-slim ⏎ RUN apt-get update -y && apt-get install -y --no-install-recommends --fix-missing libjemalloc-dev ⏎ RUN useradd -m -s /bin/bash user && mkdir -p /home/user && chown -R user /home/user/ ⏎ COPY comps/llms/src/text-generation/requirements.txt /home/user/comps/llms/src/text-generation/requirements.txt ⏎ ARG uvpip='uv pip install --system --no-cache-dir' ⏎ RUN pip install --no-cache-dir --upgrade pip setuptools uv && $uvpip -r /home/user/comps/llms/src/text-generation/requirements.txt ⏎ COPY comps /home/user/comps ⏎ ENV PYTHONPATH=$PYTHONPATH:/home/user ⏎ WORKDIR /home/user/comps/llms/src/text-generation ⏎ ENTRYPOINT [""bash"", ""entrypoint.sh""]"
005541730d74f214,script-decided,P307-s31-0,P307,github.com/opea-project/genaicomps,snapshot,8130a3fb9cd8,comps/llms/src/text-generation/Dockerfile,,,ancestor,,{},cryptography,comps/agent/src/requirements.txt|comps/asr/src/requirements-cpu.txt|comps/asr/src/requirements-gpu.txt|comps/dataprep/src/requirements-cpu.txt|comps/dataprep/src/requirements-gpu.txt|comps/feedback_management/src/requirements.txt|comps/finetuning/src/requirements-cpu.txt|comps/lvms/src/requirements-cpu.txt|comps/lvms/src/requirements-gpu.txt|comps/prompt_registry/src/requirements.txt|comps/text2cypher/src/requirements-cpu.txt|comps/tts/src/requirements.txt|comps/web_retrievers/src/requirements-cpu.txt|comps/web_retrievers/src/requirements-gpu.txt|requirements.txt,lockfile,"FROM python:3.11-slim ⏎ RUN apt-get update -y && apt-get install -y --no-install-recommends --fix-missing libjemalloc-dev ⏎ RUN useradd -m -s /bin/bash user && mkdir -p /home/user && chown -R user /home/user/ ⏎ COPY comps/llms/src/text-generation/requirements.txt /home/user/comps/llms/src/text-generation/requirements.txt ⏎ ARG uvpip='uv pip install --system --no-cache-dir' ⏎ RUN pip install --no-cache-dir --upgrade pip setuptools uv && $uvpip -r /home/user/comps/llms/src/text-generation/requirements.txt ⏎ COPY comps /home/user/comps ⏎ ENV PYTHONPATH=$PYTHONPATH:/home/user ⏎ WORKDIR /home/user/comps/llms/src/text-generation ⏎ ENTRYPOINT [""bash"", ""entrypoint.sh""] ⏎ FROM python:3.11-slim ⏎ RUN apt-get update -y && apt-get install -y --no-install-recommends --fix-missing libjemalloc-dev ⏎ RUN useradd -m -s /bin/bash user && mkdir -p /home/user && chown -R user /home/user/ ⏎ COPY comps/llms/src/text-generation/requirements.txt /home/user/comps/llms/src/text-generation/requirements.txt ⏎ ARG uvpip='uv pip install --system --no-cache-dir' ⏎ RUN pip install --no-cache-dir --upgrade pip setuptools uv && $uvpip -r /home/user/comps/llms/src/text-generation/requirements.txt ⏎ COPY comps /home/user/comps ⏎ ENV PYTHONPATH=$PYTHONPATH:/home/user ⏎ WORKDIR /home/user/comps/llms/src/text-generation ⏎ ENTRYPOINT [""bash"", ""entrypoint.sh""]"
005ed5caeeba9d82,script-decided,P027-h3-0,P027,github.com/aider-ai/aider,head,5dc9490bb35f,scripts/Dockerfile.jekyll,,,ancestor,.dockerignore,{},soupsieve,requirements.txt|requirements/common-constraints.txt,lockfile,"FROM bretfisher/jekyll-serve ⏎ WORKDIR /site ⏎ COPY aider/website /site ⏎ RUN apt-get update && apt-get install libcurl4 ⏎ RUN bundle install --retry 5 --jobs 20 ⏎ ENTRYPOINT [ ""docker-entrypoint.sh"" ] ⏎ CMD [ ""bundle"", ""exec"", ""jekyll"", ""serve"", ""--verbose"", ""--trace"", ""--force_polling"", ""-H"", ""0.0.0.0"", ""-P"", ""4000"" ] ⏎ FROM bretfisher/jekyll-serve ⏎ WORKDIR /site ⏎ COPY aider/website /site ⏎ RUN apt-get update && apt-get install libcurl4 ⏎ RUN bundle install --retry 5 --jobs 20 ⏎ ENTRYPOINT [ ""docker-entrypoint.sh"" ] ⏎ CMD [ ""bundle"", ""exec"", ""jekyll"", ""serve"", ""--verbose"", ""--trace"", ""--force_polling"", ""-H"", ""0.0.0.0"", ""-P"", ""4000"" ]"
005ed5caeeba9d82,script-decided,P027-s3-0,P027,github.com/aider-ai/aider,snapshot,5dc9490bb35f,scripts/Dockerfile.jekyll,,,ancestor,.dockerignore,{},soupsieve,requirements.txt|requirements/common-constraints.txt,lockfile,"FROM bretfisher/jekyll-serve ⏎ WORKDIR /site ⏎ COPY aider/website /site ⏎ RUN apt-get update && apt-get install libcurl4 ⏎ RUN bundle install --retry 5 --jobs 20 ⏎ ENTRYPOINT [ ""docker-entrypoint.sh"" ] ⏎ CMD [ ""bundle"", ""exec"", ""jekyll"", ""serve"", ""--verbose"", ""--trace"", ""--force_polling"", ""-H"", ""0.0.0.0"", ""-P"", ""4000"" ] ⏎ FROM bretfisher/jekyll-serve ⏎ WORKDIR /site ⏎ COPY aider/website /site ⏎ RUN apt-get update && apt-get install libcurl4 ⏎ RUN bundle install --retry 5 --jobs 20 ⏎ ENTRYPOINT [ ""docker-entrypoint.sh"" ] ⏎ CMD [ ""bundle"", ""exec"", ""jekyll"", ""serve"", ""--verbose"", ""--trace"", ""--force_polling"", ""-H"", ""0.0.0.0"", ""-P"", ""4000"" ]"
00894702b0047a63,script-decided,P185-h3-0,P185,github.com/i-am-bee/agentstack,head,79c786049d39,agents/deepagents_content_builder/Dockerfile,,,ancestor,.dockerignore,{},pyjwt,agents/canvas/uv.lock|agents/chat/uv.lock|agents/form/uv.lock|agents/rag/uv.lock|apps/agentstack-cli/uv.lock|apps/agentstack-sdk-py/uv.lock|apps/agentstack-server/uv.lock,lockfile,"ARG UV_VERSION=0.10.9 ⏎ FROM ghcr.io/astral-sh/uv:${UV_VERSION} AS uv ⏎ FROM python:3.14-alpine3.23@sha256:faee120f7885a06fcc9677922331391fa690d911c020abb9e8025ff3d908e510 ⏎ ARG RELEASE_VERSION=""main"" ⏎ COPY ./agents/deepagents_content_builder/ /app/agents/deepagents_content_builder ⏎ COPY ./apps/agentstack-sdk-py/ /app/apps/agentstack-sdk-py/ ⏎ WORKDIR /app/agents/deepagents_content_builder ⏎ RUN --mount=type=cache,target=/tmp/.cache/uv --mount=type=bind,from=uv,source=/uv,target=/bin/uv UV_COMPILE_BYTECODE=1 UV_LINK_MODE=copy HOME=/tmp uv sync --no-dev ⏎ ENV PRODUCTION_MODE=True RELEASE_VERSION=${RELEASE_VERSION} ⏎ CMD [""/app/agents/deepagents_content_builder/.venv/bin/server""] ⏎ ARG UV_VERSION=0.10.9 ⏎ FROM ghcr.io/astral-sh/uv:${UV_VERSION} AS uv ⏎ FROM python:3.14-alpine3.23@sha256:faee120f7885a06fcc9677922331391fa690d911c020abb9e8025ff3d908e510 ⏎ ARG RELEASE_VERSION=""main"" ⏎ COPY ./agents/deepagents_content_builder/ /app/agents/deepagents_content_builder ⏎ COPY ./apps/agentstack-sdk-py/ /app/apps/agentstack-sdk-py/ ⏎ WORKDIR /app/agents/deepagents_content_builder ⏎ RUN --mount=type=cache,target=/tmp/.cache/uv --mount=type=bind,from=uv,source=/uv,target=/bin/uv UV_COMPILE_BYTECODE=1 UV_LINK_MODE=copy HOME=/tmp uv sync --no-dev ⏎ ENV PRODUCTION_MODE=True RELEASE_VERSION=${RELEASE_VERSION} ⏎ CMD [""/app/agents/deepagents_content_builder/.venv/bin/server""]"
00debadb421b8728,script-decided,P200-s2-0,P200,github.com/iqtlabs/faucetconfrpc,snapshot,573f533e04fd,certstrap/Dockerfile,,certstrap,recipe directory,,{},cryptography,poetry.lock|pyproject.toml,both,"FROM golang:1.26-alpine AS build ⏎ ENV GO111MODULE=""on"" ⏎ RUN go install github.com/square/certstrap@latest ⏎ WORKDIR / ⏎ COPY gen_faucetconfrpc_keys.sh gen_faucetconfrpc_keys.sh ⏎ FROM alpine:3.23 ⏎ COPY --from=build /gen_faucetconfrpc_keys.sh /gen_faucetconfrpc_keys.sh ⏎ COPY --from=build /go/bin/certstrap /usr/bin/certstrap ⏎ WORKDIR / ⏎ ENTRYPOINT [""sh"", ""gen_faucetconfrpc_keys.sh""]"
00f9829deff8efe0,script-decided,P159-s1-0,P159,github.com/galaxyproject/galaxy,snapshot,2b06d179d95c,.k8s_ci.Dockerfile,,,workflow,.dockerignore,{},mako,lib/galaxy/dependencies/pinned-requirements.txt,lockfile,"ARG ROOT_DIR=/galaxy ⏎ ARG SERVER_DIR=$ROOT_DIR/server ⏎ ARG STAGE1_BASE=python:3.12-slim ⏎ ARG FINAL_STAGE_BASE=$STAGE1_BASE ⏎ ARG GALAXY_USER=galaxy ⏎ ARG GALAXY_PLAYBOOK_REPO=https://github.com/galaxyproject/galaxy-docker-k8s ⏎ ARG GALAXY_PLAYBOOK_BRANCH=v4.2.0 ⏎ ARG GIT_COMMIT=unspecified ⏎ ARG BUILD_DATE=unspecified ⏎ ARG IMAGE_TAG=unspecified ⏎ FROM $STAGE1_BASE AS stage1 ⏎ ARG DEBIAN_FRONTEND=noninteractive ⏎ ARG SERVER_DIR ⏎ ARG GALAXY_PLAYBOOK_REPO ⏎ ARG GALAXY_PLAYBOOK_BRANCH ⏎ ENV LC_ALL=en_US.UTF-8 ⏎ ENV LANG=en_US.UTF-8 ⏎ RUN set -xe; echo ""Acquire::http {No-Cache=True;};"" > /etc/apt/apt.conf.d/no-cache && apt-get -qq update && apt-get install -y --no-install-recommends locales locales-all git make libc-dev bzip2 gcc && pip install --no-cache virtualenv ansible==11.11.0 && apt-get autoremove -y && apt-get clean && rm -rf /var/lib/apt/lists/* /tmp/* ⏎ WORKDIR /tmp/ansible ⏎ RUN rm -rf * ⏎ COPY . $SERVER_DIR/ ⏎ RUN git clone --depth 1 --branch $GALAXY_PLAYBOOK_BRANCH $GALAXY_PLAYBOOK_REPO galaxy-docker ⏎ WORKDIR /tmp/ansible/galaxy-docker ⏎ RUN ansible-galaxy install -r requirements.yml -p roles --force-with-deps ⏎ RUN ansible-playbook -i localhost, playbook.yml -v -e galaxy_virtualenv_command=virtualenv ⏎ WORKDIR $SERVER_DIR ⏎ RUN git rev-parse HEAD > GITREVISION ⏎ RUN rm -rf .ci .git .venv/include/node .venv/src/node* client/dist doc test test-data ⏎ RUN find . -name ""node_modules"" -type d -prune -exec rm -rf '{}' + ⏎ RUN find config/plugins/visualizations -mindepth 2 -maxdepth 2 -name ""static"" -type d -exec rm -rf '{}' + ⏎ FROM $FINAL_STAGE_BASE ⏎ ARG DEBIAN_FRONTEND=noninteractive ⏎ ARG ROOT_DIR ⏎ ARG SERVER_DIR ⏎ ARG GALAXY_USER ⏎ ARG GIT_COMMIT ⏎ ARG BUILD_DATE ⏎ ARG IMAGE_TAG ⏎ ENV LC_ALL=en_US.UTF-8 ⏎ ENV LANG=en_US.UTF-8 ⏎ RUN set -xe; echo ""Acquire::http {No-Cache=True;};"" > /etc/apt/apt.conf.d/no-cache && apt-get -qq update && apt-get install -y --no-install-recommends locales vim-tiny nano-tiny netcat-openbsd curl procps less bzip2 tini wget && update-alternatives --install /usr/bin/nano nano /bin/nano-tiny 0 && update-alternatives --install /usr/bin/vim vim /usr/bin/vim.tiny 0 && echo ""set nocompatible\nset backspac ⏎ e=indent,eol,start"" >> /usr/share/vim/vimrc.tiny && echo ""$LANG UTF-8"" > /etc/locale.gen && locale-gen $LANG && update-locale LANG=$LANG && curl -L https://github.com/galaxyproject/gxadmin/releases/latest/download/gxadmin > /usr/bin/gxadmin && chmod +x /usr/bin/gxadmin && apt-get autoremove -y && apt-get clean && rm -rf /var/lib/apt/lists/* /tmp/* ⏎ RUN set -xe; adduser --system --group --uid 10001 $GALAXY_USER && mkdir -p $SERVER_DIR && chown $GALAXY_USER:$GALAXY_USER $ROOT_DIR -R ⏎ WORKDIR $ROOT_DIR ⏎ COPY --chown=$GALAXY_USER:$GALAXY_USER --from=stage1 $ROOT_DIR . ⏎ WORKDIR $SERVER_DIR ⏎ RUN printf ""{\n  \""git_commit\"": \""$(cat GITREVISION)\"",\n  \""build_date\"": \""$BUILD_DATE\"",\n  \""image_tag\"": \""$IMAGE_TAG\""\n}\n"" > version.json && chown $GALAXY_USER:$GALAXY_USER version.json ⏎ ENV PATH=""$SERVER_DIR/.venv/bin:${PATH}"" ⏎ ENV GALAXY_CONFIG_CONDA_AUTO_INIT=False ⏎ ENTRYPOINT [""tini"", ""--""] ⏎ CMD [""galaxy""]"
01389b43389eedb3,script-decided,P349-h7-0,P349,github.com/redhat-performance/cloud-governance,head,193be4cf1741,cloud-governance-mcp/Dockerfile,,cloud-governance-mcp,recipe directory,cloud-governance-mcp/.dockerignore,{},urllib3,requirements.txt|setup.py|tests_requirements.txt,exact pin,"FROM python:3.11-slim ⏎ WORKDIR /app ⏎ RUN useradd -m -u 10001 appuser && mkdir -p /home/appuser/.streamlit && printf '[browser]\ngatherUsageStats = false\n[client]\nshowErrorDetails = false\n' > /home/appuser/.streamlit/config.toml ⏎ COPY requirements.txt . ⏎ RUN pip install --no-cache-dir -r requirements.txt ⏎ COPY app.py mcp_server.py ./ ⏎ RUN chown -R appuser:appuser /app ⏎ CMD [""streamlit"", ""run"", ""app.py"", ""--server.port=8501"", ""--server.address=0.0.0.0"", ""--server.headless=true""]"
0140473d8a3d73b1,script-decided,P158-s2-0,P158,github.com/galaxyproject/galaxy,snapshot,5f29fc5e3d38,client/Dockerfile,,client,recipe directory,,{},tornado,lib/galaxy/dependencies/pinned-requirements.txt,lockfile,"FROM digitallyseamless/nodejs-bower-grunt ⏎ RUN mkdir /gx ⏎ COPY package.json /gx/package.json ⏎ RUN cd /gx && npm install -g && cd / && rm -rf /gx ⏎ WORKDIR /data/client ⏎ ADD ./.docker-build.sh /build.sh ⏎ CMD [""/build.sh""]"
0175061645a11234,script-decided,P132-s1-0,P132,github.com/edumfa/edumfa,snapshot,2d58e085c6c6,Dockerfile,,,compose,.dockerignore,{},mako,requirements.txt|uv.lock,lockfile,"FROM python:3.14.3-slim-trixie@sha256:fb83750094b46fd6b8adaa80f66e2302ecbe45d513f6cece637a841e1025b4ca AS builder ⏎ WORKDIR /tmp ⏎ COPY . . ⏎ RUN pip install --no-cache-dir build && python -m build --sdist --wheel --outdir dist/ ⏎ FROM python:3.14.3-slim-trixie@sha256:fb83750094b46fd6b8adaa80f66e2302ecbe45d513f6cece637a841e1025b4ca ⏎ RUN apt-get update && apt-get install -y curl libpq-dev gcc && apt-get -y autoremove && apt-get clean && rm -rf /var/lib/apt/lists/* ⏎ RUN pip install --no-cache-dir psycopg2 gunicorn ⏎ COPY --from=builder /tmp/dist/*.whl /dist/ ⏎ RUN pip install --no-cache-dir /dist/*.whl && rm -rf /dist/*.whl ⏎ COPY ./deploy/docker/entrypoint.sh /opt/edumfa/entrypoint.sh ⏎ COPY ./deploy/docker/edumfa_config.py /opt/edumfa/edumfa_config.py ⏎ COPY ./deploy/docker/logging.yml /opt/edumfa/logging.yml ⏎ COPY ./deploy/gunicorn/edumfaapp.py /opt/edumfa/app.py ⏎ RUN mkdir -p /opt/edumfa/user-scripts ⏎ RUN python_package_path=""$(python3 -c 'import site; x=site.getsitepackages(); assert len(x) == 1; print(x[0])')"" && ln -s ""${python_package_path}/edumfa/"" ""/opt/edumfa/edumfa-package"" ⏎ WORKDIR /opt/edumfa ⏎ ENV PYTHONUNBUFFERED=1 PYTHONDONTWRITEBYTECODE=1 PATH=""/opt/edumfa:$PATH"" ⏎ CMD [""./entrypoint.sh""]"
0184ff5af6b08fe9,script-decided,P401-s1-0,P401,github.com/supervisely/supervisely,snapshot,4690d8548ae6,base_images/jupyterlab/Dockerfile,,base_images/jupyterlab,recipe directory,,{},python-multipart,setup.py,exact pin,ARG REGISTRY ⏎ ARG TAG ⏎ FROM ${REGISTRY}/base-py:${TAG} ⏎ RUN pip install jupyterlab
020ccf8e824b2409,script-decided,P042-h26-0,P042,github.com/apache/airflow,head,a3555c74cfcf,scripts/ci/dockerfiles/apache-rat/Dockerfile,,scripts/ci/dockerfiles/apache-rat,recipe directory,,{},urllib3,dev/breeze/uv.lock,lockfile,"FROM eclipse-temurin:21-jre-ubi9-minimal ⏎ ARG AIRFLOW_APACHERAT_VERSION ⏎ ARG APACHERAT_VERSION ⏎ ARG APACHE_DOWNLOAD=""https://downloads.apache.org"" ⏎ ARG COMMIT_SHA ⏎ ENV dist_name=""apache-rat-${APACHERAT_VERSION}"" ⏎ ENV rat_tgz=""${dist_name}-bin.tar.gz"" ⏎ RUN wget -qT 30 ""${APACHE_DOWNLOAD}/creadur/KEYS"" && gpg --import KEYS && rm KEYS && wget -qT 30 ""${APACHE_DOWNLOAD}/creadur/${dist_name}/${rat_tgz}.asc"" && wget -qT 30 ""${APACHE_DOWNLOAD}/creadur/${dist_name}/${rat_tgz}"" && gpg --verify ""${rat_tgz}.asc"" ""${rat_tgz}"" && tar --extract --gzip --file ""${rat_tgz}"" --strip-components=1 ""${dist_name}/${dist_name}.jar"" ""${dist_name}/LICENSE"" && rm -vrf ""${ra ⏎ t_tgz}"" ""${rat_tgz}.asc"" && ln -s ""${dist_name}.jar"" ""apache-rat.jar"" && rm -rf ~/.gnupg ⏎ ENTRYPOINT [""java"", ""-jar"", ""apache-rat.jar"" ] ⏎ CMD [""--help""]"
0251d9230fb3f7d2,script-decided,P062-h19-0,P062,github.com/awslabs/mcp,head,69a3cb031839,src/aws-location-mcp-server/Dockerfile,,src/aws-location-mcp-server,recipe directory,,{},awscli,src/aws-api-mcp-server/pyproject.toml|src/aws-api-mcp-server/uv.lock,both,"FROM public.ecr.aws/amazonlinux/amazonlinux@sha256:fb70bd54d4a849293bfef9785ce63aa1eac2557e0167af4f32f56286bd35d783 AS uv ⏎ RUN dnf install -y shadow-utils python3 python3-devel gcc && dnf clean all ⏎ WORKDIR /app ⏎ ENV UV_COMPILE_BYTECODE=1 ⏎ ENV UV_LINK_MODE=copy ⏎ ENV UV_PYTHON_PREFERENCE=only-managed ⏎ ENV UV_FROZEN=true ⏎ COPY pyproject.toml uv.lock uv-requirements.txt ./ ⏎ ENV PIP_NO_CACHE_DIR=1 PIP_DISABLE_PIP_VERSION_CHECK=1 ⏎ RUN --mount=type=cache,target=/root/.cache/uv python3 -m ensurepip && python3 -m pip install --require-hashes --requirement uv-requirements.txt --no-cache-dir && uv sync --python 3.13 --frozen --no-install-project --no-dev --no-editable ⏎ COPY . /app ⏎ RUN --mount=type=cache,target=/root/.cache/uv uv sync --python 3.13 --frozen --no-dev --no-editable ⏎ RUN mkdir -p /root/.local ⏎ FROM public.ecr.aws/amazonlinux/amazonlinux@sha256:fb70bd54d4a849293bfef9785ce63aa1eac2557e0167af4f32f56286bd35d783 ⏎ ENV PATH=""/app/.venv/bin:$PATH:/usr/sbin"" PYTHONUNBUFFERED=1 ⏎ RUN dnf install -y shadow-utils procps && dnf clean all && groupadd --force --system app && useradd app -g app -d /app && chmod o+x /root ⏎ COPY --from=uv --chown=app:app /root/.local /root/.local ⏎ COPY --from=uv --chown=app:app /app/.venv /app/.venv ⏎ COPY ./docker-healthcheck.sh /usr/local/bin/docker-healthcheck.sh ⏎ ENTRYPOINT [""awslabs.aws-location-mcp-server""]"
02702af1cdd7b972,script-decided,P314-s11-0,P314,github.com/openwallet-foundation/acapy,snapshot,e52d3c08916c,demo/elk-stack/kibana/Dockerfile,,demo/elk-stack/kibana,compose,demo/elk-stack/kibana/.dockerignore,{},pyjwt,poetry.lock,lockfile,ARG ELASTIC_VERSION ⏎ FROM docker.elastic.co/kibana/kibana:${ELASTIC_VERSION}
0298c124c35c8bbf,script-decided,P079-h4-0,P079,github.com/browser-use/browser-use,head,4cbe921673b4,docker/base-images/python-deps/Dockerfile,,,undetermined,.dockerignore,{},python-dotenv,pyproject.toml,exact pin,"ARG BASE_TAG=latest ⏎ FROM browseruse/base-chromium:${BASE_TAG} ⏎ ENV PYTHONUNBUFFERED=1 PATH=""/app/.venv/bin:$PATH"" PLAYWRIGHT_BROWSERS_PATH=/opt/playwright ⏎ WORKDIR /app ⏎ COPY pyproject.toml uv.lock* ./ ⏎ RUN --mount=type=cache,target=/root/.cache/uv,sharing=locked uv venv && uv sync --all-extras --no-dev --no-install-project --compile-bytecode"
029d42e17e37d5b1,script-decided,P314-h13-0,P314,github.com/openwallet-foundation/acapy,head,589f521b8287,demo/elk-stack/setup/Dockerfile,,demo/elk-stack/setup,compose,demo/elk-stack/setup/.dockerignore,{},pyjwt,poetry.lock,lockfile,"ARG ELASTIC_VERSION ⏎ FROM docker.elastic.co/elasticsearch/elasticsearch:${ELASTIC_VERSION} ⏎ RUN set -eux; mkdir /state; chmod 0775 /state; chown elasticsearch:root /state ⏎ ENTRYPOINT [""/entrypoint.sh""]"
02a02852b90ab6b8,script-decided,P182-s2-0,P182,github.com/homeassistant-ai/ha-mcp,snapshot,2c0148ba512a,homeassistant-addon-dev/Dockerfile,,,workflow,.dockerignore,{},cryptography,pyproject.toml|uv.lock,both,"FROM ghcr.io/astral-sh/uv:0.11.19-python3.13-trixie-slim@sha256:2d1f9176bcfbd00528f7e527557790307833b5d75c9825a88ed433ba3be6e356 AS builder ⏎ WORKDIR /app ⏎ ENV UV_COMPILE_BYTECODE=1 UV_LINK_MODE=copy ⏎ COPY pyproject.toml uv.lock ./ ⏎ RUN --mount=type=cache,target=/root/.cache/uv uv sync --locked --no-install-project --no-dev ⏎ COPY src/ ./src/ ⏎ RUN --mount=type=cache,target=/root/.cache/uv uv sync --locked --no-dev --no-editable ⏎ FROM python:3.13-slim@sha256:3de9a8d7aedbb7984dc18f2dff178a7850f16c1ae7c34ba9d7ecc23d0755e35f ⏎ WORKDIR /app ⏎ COPY --from=builder /app/.venv /app/.venv ⏎ COPY homeassistant-addon/start.py / ⏎ ENV PATH=""/app/.venv/bin:$PATH"" ⏎ ARG BUILD_VERSION ⏎ ARG BUILD_ARCH ⏎ ENV HA_MCP_BUILD_VERSION=${BUILD_VERSION} ⏎ CMD [""python3"", ""/start.py""]"
02d468a4bc892e48,script-decided,P163-h3-0,P163,github.com/galaxyproject/galaxy,head,a396860c90a6,lib/galaxy/web/proxy/js/Dockerfile,,lib/galaxy/web/proxy/js,recipe directory,,{},pyasn1,lib/galaxy/dependencies/dev-requirements.txt|lib/galaxy/dependencies/pinned-requirements.txt|lib/galaxy/dependencies/pinned-test-requirements.txt,lockfile,"FROM node:0.11.13 ⏎ RUN mkdir -p /usr/src/gxproxy ⏎ WORKDIR /usr/src/gxproxy ⏎ ADD package.json /usr/src/gxproxy/ ⏎ RUN npm install ⏎ ADD . /usr/src/gxproxy ⏎ CMD [ ""lib/main.js"" ]"
02eae60431de29c9,script-decided,P062-h31-0,P062,github.com/awslabs/mcp,head,69a3cb031839,src/elasticache-mcp-server/Dockerfile,,src/elasticache-mcp-server,recipe directory,,{},awscli,src/aws-api-mcp-server/pyproject.toml|src/aws-api-mcp-server/uv.lock,both,"FROM public.ecr.aws/amazonlinux/amazonlinux@sha256:fb70bd54d4a849293bfef9785ce63aa1eac2557e0167af4f32f56286bd35d783 AS uv ⏎ RUN dnf install -y shadow-utils python3 python3-devel gcc && dnf clean all ⏎ WORKDIR /app ⏎ ENV UV_COMPILE_BYTECODE=1 ⏎ ENV UV_LINK_MODE=copy ⏎ ENV UV_PYTHON_PREFERENCE=only-managed ⏎ ENV UV_FROZEN=true ⏎ COPY pyproject.toml uv.lock uv-requirements.txt ./ ⏎ ENV PIP_NO_CACHE_DIR=1 PIP_DISABLE_PIP_VERSION_CHECK=1 ⏎ RUN --mount=type=cache,target=/root/.cache/uv python3 -m ensurepip && python3 -m pip install --require-hashes --requirement uv-requirements.txt --no-cache-dir && uv sync --python 3.13 --frozen --no-install-project --no-dev --no-editable ⏎ COPY . /app ⏎ RUN --mount=type=cache,target=/root/.cache/uv uv sync --python 3.13 --frozen --no-dev --no-editable ⏎ RUN mkdir -p /root/.local ⏎ FROM public.ecr.aws/amazonlinux/amazonlinux@sha256:fb70bd54d4a849293bfef9785ce63aa1eac2557e0167af4f32f56286bd35d783 ⏎ ENV PATH=""/app/.venv/bin:$PATH:/usr/sbin"" PYTHONUNBUFFERED=1 ⏎ RUN dnf install -y shadow-utils procps && dnf clean all && groupadd --force --system app && useradd app -g app -d /app && chmod o+x /root ⏎ COPY --from=uv --chown=app:app /root/.local /root/.local ⏎ COPY --from=uv --chown=app:app /app/.venv /app/.venv ⏎ COPY ./docker-healthcheck.sh /usr/local/bin/docker-healthcheck.sh ⏎ ENTRYPOINT [""awslabs.elasticache-mcp-server""]"
03e8737f6c7c2e0b,script-decided,P401-s8-0,P401,github.com/supervisely/supervisely,snapshot,4690d8548ae6,base_images/pytorch/Dockerfile,,base_images/pytorch,recipe directory,,{},python-multipart,setup.py,exact pin,ARG REGISTRY ⏎ ARG TAG ⏎ FROM ${REGISTRY}/base-py:${TAG} ⏎ RUN pip install torch==1.7.1+cu110 torchvision==0.8.2+cu110 -f https://download.pytorch.org/whl/torch_stable.html
0445984afe01c68d,script-decided,P184-h2-0,P184,github.com/i-am-bee/agentstack,head,79c786049d39,agents/chat/Dockerfile,,,ancestor,.dockerignore,{},cryptography,agents/canvas/uv.lock|agents/chat/uv.lock|agents/form/uv.lock|agents/rag/uv.lock|apps/agentstack-cli/uv.lock|apps/agentstack-sdk-py/uv.lock|apps/agentstack-server/uv.lock,lockfile,"ARG UV_VERSION=0.10.9 ⏎ FROM ghcr.io/astral-sh/uv:${UV_VERSION} AS uv ⏎ FROM python:3.14-alpine3.23@sha256:faee120f7885a06fcc9677922331391fa690d911c020abb9e8025ff3d908e510 ⏎ ARG RELEASE_VERSION=""main"" ⏎ COPY ./agents/chat/ /app/agents/chat ⏎ COPY ./apps/agentstack-sdk-py/ /app/apps/agentstack-sdk-py/ ⏎ WORKDIR /app/agents/chat ⏎ RUN --mount=type=cache,target=/tmp/.cache/uv --mount=type=bind,from=uv,source=/uv,target=/bin/uv UV_COMPILE_BYTECODE=1 UV_LINK_MODE=copy HOME=/tmp uv sync --no-dev ⏎ ENV PRODUCTION_MODE=True RELEASE_VERSION=${RELEASE_VERSION} ⏎ CMD [""/app/agents/chat/.venv/bin/server""] ⏎ ARG UV_VERSION=0.10.9 ⏎ FROM ghcr.io/astral-sh/uv:${UV_VERSION} AS uv ⏎ FROM python:3.14-alpine3.23@sha256:faee120f7885a06fcc9677922331391fa690d911c020abb9e8025ff3d908e510 ⏎ ARG RELEASE_VERSION=""main"" ⏎ COPY ./agents/chat/ /app/agents/chat ⏎ COPY ./apps/agentstack-sdk-py/ /app/apps/agentstack-sdk-py/ ⏎ WORKDIR /app/agents/chat ⏎ RUN --mount=type=cache,target=/tmp/.cache/uv --mount=type=bind,from=uv,source=/uv,target=/bin/uv UV_COMPILE_BYTECODE=1 UV_LINK_MODE=copy HOME=/tmp uv sync --no-dev ⏎ ENV PRODUCTION_MODE=True RELEASE_VERSION=${RELEASE_VERSION} ⏎ CMD [""/app/agents/chat/.venv/bin/server""]"
052e312bce7bd8d7,script-decided,P162-h1-0,P162,github.com/galaxyproject/galaxy,head,a396860c90a6,.k8s_ci.Dockerfile,,,workflow,.dockerignore,{},cryptography,lib/galaxy/dependencies/dev-requirements.txt|lib/galaxy/dependencies/pinned-requirements.txt|lib/galaxy/dependencies/pinned-test-requirements.txt|lib/galaxy/dependencies/pinned-typecheck-requirements.txt,lockfile,"ARG ROOT_DIR=/galaxy ⏎ ARG SERVER_DIR=$ROOT_DIR/server ⏎ ARG STAGE1_BASE=python:3.12-slim ⏎ ARG FINAL_STAGE_BASE=$STAGE1_BASE ⏎ ARG GALAXY_USER=galaxy ⏎ ARG GALAXY_PLAYBOOK_REPO=https://github.com/galaxyproject/galaxy-docker-k8s ⏎ ARG GALAXY_PLAYBOOK_BRANCH=v4.2.0 ⏎ ARG GIT_COMMIT=unspecified ⏎ ARG BUILD_DATE=unspecified ⏎ ARG IMAGE_TAG=unspecified ⏎ FROM $STAGE1_BASE AS stage1 ⏎ ARG DEBIAN_FRONTEND=noninteractive ⏎ ARG SERVER_DIR ⏎ ARG GALAXY_PLAYBOOK_REPO ⏎ ARG GALAXY_PLAYBOOK_BRANCH ⏎ ENV LC_ALL=en_US.UTF-8 ⏎ ENV LANG=en_US.UTF-8 ⏎ RUN set -xe; echo ""Acquire::http {No-Cache=True;};"" > /etc/apt/apt.conf.d/no-cache && apt-get -qq update && apt-get install -y --no-install-recommends locales locales-all git make libc-dev bzip2 gcc zlib1g-dev && pip install --no-cache virtualenv ansible==11.11.0 && apt-get autoremove -y && apt-get clean && rm -rf /var/lib/apt/lists/* /tmp/* ⏎ WORKDIR /tmp/ansible ⏎ RUN rm -rf * ⏎ COPY . $SERVER_DIR/ ⏎ RUN git clone --depth 1 --branch $GALAXY_PLAYBOOK_BRANCH $GALAXY_PLAYBOOK_REPO galaxy-docker ⏎ WORKDIR /tmp/ansible/galaxy-docker ⏎ RUN ansible-galaxy install -r requirements.yml -p roles --force-with-deps ⏎ RUN ansible-playbook -i localhost, playbook.yml -v -e galaxy_virtualenv_command=virtualenv ⏎ WORKDIR $SERVER_DIR ⏎ RUN git rev-parse HEAD > GITREVISION ⏎ RUN rm -rf .ci .git .venv/include/node .venv/src/node* client/dist doc test test-data ⏎ RUN find . -name ""node_modules"" -type d -prune -exec rm -rf '{}' + ⏎ RUN find config/plugins/visualizations -mindepth 2 -maxdepth 2 -name ""static"" -type d -exec rm -rf '{}' + ⏎ FROM $FINAL_STAGE_BASE ⏎ ARG DEBIAN_FRONTEND=noninteractive ⏎ ARG ROOT_DIR ⏎ ARG SERVER_DIR ⏎ ARG GALAXY_USER ⏎ ARG GIT_COMMIT ⏎ ARG BUILD_DATE ⏎ ARG IMAGE_TAG ⏎ ENV LC_ALL=en_US.UTF-8 ⏎ ENV LANG=en_US.UTF-8 ⏎ RUN set -xe; echo ""Acquire::http {No-Cache=True;};"" > /etc/apt/apt.conf.d/no-cache && apt-get -qq update && apt-get install -y --no-install-recommends locales vim-tiny nano-tiny netcat-openbsd curl procps less bzip2 tini wget && update-alternatives --install /usr/bin/nano nano /bin/nano-tiny 0 && update-alternatives --install /usr/bin/vim vim /usr/bin/vim.tiny 0 && echo ""set nocompatible\nset backspac ⏎ e=indent,eol,start"" >> /usr/share/vim/vimrc.tiny && echo ""$LANG UTF-8"" > /etc/locale.gen && locale-gen $LANG && update-locale LANG=$LANG && curl -L https://github.com/galaxyproject/gxadmin/releases/latest/download/gxadmin > /usr/bin/gxadmin && chmod +x /usr/bin/gxadmin && apt-get autoremove -y && apt-get clean && rm -rf /var/lib/apt/lists/* /tmp/* ⏎ RUN set -xe; adduser --system --group --uid 10001 $GALAXY_USER && mkdir -p $SERVER_DIR && chown $GALAXY_USER:$GALAXY_USER $ROOT_DIR -R ⏎ WORKDIR $ROOT_DIR ⏎ COPY --chown=$GALAXY_USER:$GALAXY_USER --from=stage1 $ROOT_DIR . ⏎ WORKDIR $SERVER_DIR ⏎ RUN printf ""{\n  \""git_commit\"": \""$(cat GITREVISION)\"",\n  \""build_date\"": \""$BUILD_DATE\"",\n  \""image_tag\"": \""$IMAGE_TAG\""\n}\n"" > version.json && chown $GALAXY_USER:$GALAXY_USER version.json ⏎ ENV PATH=""$SERVER_DIR/.venv/bin:${PATH}"" ⏎ ENV GALAXY_CONFIG_CONDA_AUTO_INIT=False ⏎ ENTRYPOINT [""tini"", ""--""] ⏎ CMD [""galaxy""]"
0549d753f1b55ec1,script-decided,P159-h2-0,P159,github.com/galaxyproject/galaxy,head,a396860c90a6,client/Dockerfile,,client,recipe directory,,{},mako,lib/galaxy/dependencies/pinned-requirements.txt,lockfile,"FROM digitallyseamless/nodejs-bower-grunt ⏎ RUN mkdir /gx ⏎ COPY package.json /gx/package.json ⏎ RUN cd /gx && npm install -g && cd / && rm -rf /gx ⏎ WORKDIR /data/client ⏎ ADD ./.docker-build.sh /build.sh ⏎ CMD [""/build.sh""]"
05b8dcdb3ea54798,script-decided,P307-h39-0,P307,github.com/opea-project/genaicomps,head,8130a3fb9cd8,comps/rerankings/src/Dockerfile,,,ancestor,,{},cryptography,comps/agent/src/requirements.txt|comps/asr/src/requirements-cpu.txt|comps/asr/src/requirements-gpu.txt|comps/dataprep/src/requirements-cpu.txt|comps/dataprep/src/requirements-gpu.txt|comps/feedback_management/src/requirements.txt|comps/finetuning/src/requirements-cpu.txt|comps/lvms/src/requirements-cpu.txt|comps/lvms/src/requirements-gpu.txt|comps/prompt_registry/src/requirements.txt|comps/text2cypher/src/requirements-cpu.txt|comps/tts/src/requirements.txt|comps/web_retrievers/src/requirements-cpu.txt|comps/web_retrievers/src/requirements-gpu.txt|requirements.txt,lockfile,"FROM python:3.11-slim ⏎ ENV LANG=C.UTF-8 ⏎ ARG ARCH=""cpu"" ⏎ RUN apt-get update -y && apt-get install -y --no-install-recommends --fix-missing git libjemalloc-dev ⏎ RUN useradd -m -s /bin/bash user && mkdir -p /home/user && chown -R user /home/user/ ⏎ COPY comps/rerankings/src/requirements* /home/user/comps/rerankings/src/ ⏎ ARG uvpip='uv pip install --system --no-cache-dir' ⏎ RUN pip install --no-cache-dir --upgrade pip setuptools uv && if [ ${ARCH} = ""cpu"" ]; then $uvpip torch --index-url https://download.pytorch.org/whl/cpu; $uvpip -r /home/user/comps/rerankings/src/requirements-cpu.txt; else $uvpip -r /home/user/comps/rerankings/src/requirements-gpu.txt; fi ⏎ COPY comps /home/user/comps ⏎ ENV PYTHONPATH=$PYTHONPATH:/home/user ⏎ WORKDIR /home/user/comps/rerankings/src ⏎ ENTRYPOINT [""python"", ""opea_reranking_microservice.py""] ⏎ FROM python:3.11-slim ⏎ ENV LANG=C.UTF-8 ⏎ ARG ARCH=""cpu"" ⏎ RUN apt-get update -y && apt-get install -y --no-install-recommends --fix-missing git libjemalloc-dev ⏎ RUN useradd -m -s /bin/bash user && mkdir -p /home/user && chown -R user /home/user/ ⏎ COPY comps/rerankings/src/requirements* /home/user/comps/rerankings/src/ ⏎ ARG uvpip='uv pip install --system --no-cache-dir' ⏎ RUN pip install --no-cache-dir --upgrade pip setuptools uv && if [ ${ARCH} = ""cpu"" ]; then $uvpip torch --index-url https://download.pytorch.org/whl/cpu; $uvpip -r /home/user/comps/rerankings/src/requirements-cpu.txt; else $uvpip -r /home/user/comps/rerankings/src/requirements-gpu.txt; fi ⏎ COPY comps /home/user/comps ⏎ ENV PYTHONPATH=$PYTHONPATH:/home/user ⏎ WORKDIR /home/user/comps/rerankings/src ⏎ ENTRYPOINT [""python"", ""opea_reranking_microservice.py""]"
05b8dcdb3ea54798,script-decided,P307-s39-0,P307,github.com/opea-project/genaicomps,snapshot,8130a3fb9cd8,comps/rerankings/src/Dockerfile,,,ancestor,,{},cryptography,comps/agent/src/requirements.txt|comps/asr/src/requirements-cpu.txt|comps/asr/src/requirements-gpu.txt|comps/dataprep/src/requirements-cpu.txt|comps/dataprep/src/requirements-gpu.txt|comps/feedback_management/src/requirements.txt|comps/finetuning/src/requirements-cpu.txt|comps/lvms/src/requirements-cpu.txt|comps/lvms/src/requirements-gpu.txt|comps/prompt_registry/src/requirements.txt|comps/text2cypher/src/requirements-cpu.txt|comps/tts/src/requirements.txt|comps/web_retrievers/src/requirements-cpu.txt|comps/web_retrievers/src/requirements-gpu.txt|requirements.txt,lockfile,"FROM python:3.11-slim ⏎ ENV LANG=C.UTF-8 ⏎ ARG ARCH=""cpu"" ⏎ RUN apt-get update -y && apt-get install -y --no-install-recommends --fix-missing git libjemalloc-dev ⏎ RUN useradd -m -s /bin/bash user && mkdir -p /home/user && chown -R user /home/user/ ⏎ COPY comps/rerankings/src/requirements* /home/user/comps/rerankings/src/ ⏎ ARG uvpip='uv pip install --system --no-cache-dir' ⏎ RUN pip install --no-cache-dir --upgrade pip setuptools uv && if [ ${ARCH} = ""cpu"" ]; then $uvpip torch --index-url https://download.pytorch.org/whl/cpu; $uvpip -r /home/user/comps/rerankings/src/requirements-cpu.txt; else $uvpip -r /home/user/comps/rerankings/src/requirements-gpu.txt; fi ⏎ COPY comps /home/user/comps ⏎ ENV PYTHONPATH=$PYTHONPATH:/home/user ⏎ WORKDIR /home/user/comps/rerankings/src ⏎ ENTRYPOINT [""python"", ""opea_reranking_microservice.py""] ⏎ FROM python:3.11-slim ⏎ ENV LANG=C.UTF-8 ⏎ ARG ARCH=""cpu"" ⏎ RUN apt-get update -y && apt-get install -y --no-install-recommends --fix-missing git libjemalloc-dev ⏎ RUN useradd -m -s /bin/bash user && mkdir -p /home/user && chown -R user /home/user/ ⏎ COPY comps/rerankings/src/requirements* /home/user/comps/rerankings/src/ ⏎ ARG uvpip='uv pip install --system --no-cache-dir' ⏎ RUN pip install --no-cache-dir --upgrade pip setuptools uv && if [ ${ARCH} = ""cpu"" ]; then $uvpip torch --index-url https://download.pytorch.org/whl/cpu; $uvpip -r /home/user/comps/rerankings/src/requirements-cpu.txt; else $uvpip -r /home/user/comps/rerankings/src/requirements-gpu.txt; fi ⏎ COPY comps /home/user/comps ⏎ ENV PYTHONPATH=$PYTHONPATH:/home/user ⏎ WORKDIR /home/user/comps/rerankings/src ⏎ ENTRYPOINT [""python"", ""opea_reranking_microservice.py""]"
05d5a3dc3d9c1690,script-decided,P107-s1-0,P107,github.com/codelibs/recotem,snapshot,b4d6b95a1c41,Dockerfile,,,workflow,.dockerignore,{},starlette,uv.lock,lockfile,"FROM python:3.12-slim AS base ⏎ ENV PYTHONDONTWRITEBYTECODE=1 PYTHONUNBUFFERED=1 PIP_NO_CACHE_DIR=1 ⏎ RUN apt-get update && apt-get install -y --no-install-recommends libgomp1 && rm -rf /var/lib/apt/lists/* ⏎ RUN python -m pip install --no-cache-dir --upgrade 'pip>=26.1' ⏎ RUN groupadd --gid 1000 appuser && useradd --uid 1000 --gid 1000 --no-create-home --shell /sbin/nologin appuser ⏎ COPY --from=ghcr.io/astral-sh/uv:0.7 /uv /usr/local/bin/uv ⏎ ENV UV_SYSTEM_PYTHON=1 UV_NO_CACHE=1 ⏎ FROM base AS builder ⏎ WORKDIR /build ⏎ COPY pyproject.toml uv.lock LICENSE README.md ./ ⏎ RUN uv sync --no-dev --extra bigquery --extra s3 --extra gcs --extra metrics --frozen ⏎ COPY src/ ./src/ ⏎ RUN uv pip install --no-deps . ⏎ FROM base AS runtime ⏎ COPY --from=builder /build/.venv /opt/venv ⏎ ENV PATH=""/opt/venv/bin:$PATH"" VIRTUAL_ENV=""/opt/venv"" ⏎ RUN mkdir -p /recipes /artifacts && chown -R appuser:appuser /recipes /artifacts ⏎ WORKDIR /workspace ⏎ ENTRYPOINT [""recotem""] ⏎ CMD [""--help""]"
05e70b36240c6ae3,script-decided,P468-s2-0,P468,gitlab.com/nemo-community/nemo-ce,snapshot,5d9e751bf19c,Dockerfile.splash_pad,,,recipe directory,.dockerignore,{},pillow,pyproject.toml,exact pin,"FROM python:3.13 ⏎ ENV PIP_ROOT_USER_ACTION=ignore ⏎ RUN apt-get update && apt-get upgrade -y && apt-get install -y systemctl rsync vim less ⏎ COPY . /nemo/ ⏎ RUN python3 -m pip install --upgrade pip ⏎ RUN python3 -m pip install /nemo/ ⏎ RUN rm --recursive --force /nemo ⏎ RUN mkdir /nemo ⏎ RUN mkdir /nemo/media ⏎ RUN mkdir /nemo/systemd ⏎ WORKDIR /nemo ⏎ COPY resources/icons/ /nemo/media ⏎ COPY resources/people/ /nemo/media/ ⏎ COPY resources/sounds/ /nemo/media/ ⏎ COPY resources/images/ /nemo/media/ ⏎ COPY resources/emails/ /nemo/media/ ⏎ COPY resources/systemd/ /nemo/systemd/ ⏎ COPY resources/splash_pad_rates.json /nemo/media/rates.json ⏎ COPY resources/splash_pad_settings.py /nemo/ ⏎ COPY resources/fixtures/splash_pad.json /nemo/ ⏎ ENV DJANGO_SETTINGS_MODULE=""splash_pad_settings"" ⏎ ENV PYTHONPATH=""/nemo/"" ⏎ RUN django-admin makemigrations NEMO ⏎ RUN django-admin migrate ⏎ RUN django-admin loaddata splash_pad.json ⏎ WORKDIR /nemo/systemd ⏎ RUN find . -type f -name '*.service' | xargs sed -i ""s/\/usr\/bin\/docker exec nemo django-admin/\/usr\/local\/bin\/django-admin/g"" ⏎ RUN rsync * /etc/systemd/system ⏎ RUN systemctl daemon-reload ⏎ RUN (cd /nemo/systemd && ls *.timer) | xargs -t -I % systemctl enable % ⏎ WORKDIR /nemo ⏎ ENV REMOTE_USER=""captain"" ⏎ CMD (cd /nemo/systemd && ls *.timer) | sed -e 's/\.timer$//' | xargs -t -I % systemctl start % ; exec django-admin runserver 0.0.0.0:8000"
00a98e2fdd3c6eef,judged,P385-h1-0,P385,github.com/solacelabs/solace-agent-mesh,head,f71e744842a6,Dockerfile,,,workflow,.dockerignore,{},pillow,pyproject.toml|uv.lock,both,"FROM node:25.5.0-trixie-slim AS ui-config-portal ⏎ WORKDIR /build/config_portal/frontend ⏎ COPY config_portal/frontend/package*.json ./ ⏎ RUN --mount=type=cache,target=/root/.npm npm ci ⏎ COPY config_portal/frontend ./ ⏎ RUN npm run build ⏎ FROM node:25.5.0-trixie-slim AS ui-webui ⏎ WORKDIR /build/client/webui/frontend ⏎ COPY client/webui/frontend/package*.json ./ ⏎ RUN --mount=type=cache,target=/root/.npm npm ci ⏎ COPY client/webui/frontend ./ ⏎ RUN npm run build ⏎ FROM node:25.5.0-trixie-slim AS ui-docs ⏎ WORKDIR /build/docs ⏎ COPY docs/package*.json ./ ⏎ RUN --mount=type=cache,target=/root/.npm npm ci ⏎ COPY docs ./ ⏎ COPY README.md ../README.md ⏎ COPY cli/__init__.py ../cli/__init__.py ⏎ RUN npm run build ⏎ FROM node:25.5.0-trixie-slim AS node-binaries ⏎ FROM python:3.13.11-slim-trixie AS builder ⏎ COPY --from=node-binaries /usr/local/bin/node /usr/local/bin/node ⏎ COPY --from=node-binaries /usr/local/bin/npm /usr/local/bin/npm ⏎ COPY --from=node-binaries /usr/local/bin/npx /usr/local/bin/npx ⏎ COPY --from=node-binaries /usr/local/lib/node_modules /usr/local/lib/node_modules ⏎ RUN echo ""deb http://deb.debian.org/debian unstable main"" > /etc/apt/sources.list.d/unstable.list && printf ""Package: *\nPin: release a=unstable\nPin-Priority: 50\n\nPackage: libtasn1-6\nPin: release a=unstable\nPin-Priority: 900\n"" > /etc/apt/preferences.d/99pin-libtasn1 && apt-get update && apt-get install -y --no-install-recommends build-essential curl dpkg=1.22.22 ffmpeg=7:7.1.5-0+deb13u1 git libc ⏎ 6=2.41-12+deb13u3 libcap2=1:2.75-10+deb13u1+b1 libsystemd0=257.13-1~deb13u1 libudev1=257.13-1~deb13u1 libtasn1-6/unstable libpng16-16t64=1.6.48-1+deb13u5 libsqlite3-0=3.46.1-7+deb13u1 libssl3t64=3.5.6-1~deb13u2 libvpx9=1.15.0-2.1+deb13u1 openssl-provider-legacy=3.5.6-1~deb13u2 openssl=3.5.6-1~deb13u2 sed=4.9-2+deb13u1 && curl -LsSf https://astral.sh/uv/install.sh | sh && mv /root/.local/bin/uv /us ⏎ r/local/bin/uv && rm -rf /var/lib/apt/lists/* /etc/apt/sources.list.d/unstable.list /etc/apt/preferences.d/99pin-libtasn1 && python3 -m venv /opt/venv && /opt/venv/bin/pip install --upgrade ""pip==26.1.2"" && uv pip install --system ""virtualenv<21"" hatch ⏎ WORKDIR /app ⏎ ENV VIRTUAL_ENV=/opt/venv ⏎ ENV UV_LINK_MODE=copy ⏎ ENV UV_COMPILE_BYTECODE=1 ⏎ RUN --mount=type=cache,target=/root/.cache/uv --mount=type=bind,source=uv.lock,target=uv.lock --mount=type=bind,source=pyproject.toml,target=pyproject.toml uv sync --frozen --no-dev --active --no-install-project ⏎ COPY src ./src ⏎ COPY cli ./cli ⏎ COPY evaluation ./evaluation ⏎ COPY templates ./templates ⏎ COPY config_portal/__init__.py ./config_portal/__init__.py ⏎ COPY config_portal/backend ./config_portal/backend ⏎ COPY .github/helper_scripts ./.github/helper_scripts ⏎ COPY --from=ui-config-portal /build/config_portal/frontend/static ./config_portal/frontend/static ⏎ COPY --from=ui-webui /build/client/webui/frontend/static ./client/webui/frontend/static ⏎ COPY --from=ui-docs /build/docs/build ./docs/build ⏎ COPY LICENSE ./LICENSE ⏎ COPY README.md ./README.md ⏎ COPY pyproject.toml ./pyproject.toml ⏎ RUN --mount=type=cache,target=/root/.cache/uv SAM_SKIP_UI_BUILD=true hatch build -t wheel ⏎ RUN --mount=type=cache,target=/root/.cache/uv uv pip install /app/dist/solace_agent_mesh-*.whl ⏎ FROM python:3.13.11-slim-trixie AS runtime ⏎ ENV PYTHONUNBUFFERED=1 ⏎ ENV PATH=""/opt/venv/bin:$PATH"" ⏎ ARG INSTALL_LIBREOFFICE ⏎ COPY --from=node-binaries /usr/local/bin/node /usr/local/bin/node ⏎ COPY --from=node-binaries /usr/local/bin/npm /usr/local/bin/npm ⏎ COPY --from=node-binaries /usr/local/bin/npx /usr/local/bin/npx ⏎ COPY --from=node-binaries /usr/local/lib/node_modules /usr/local/lib/node_modules ⏎ RUN echo ""deb http://deb.debian.org/debian unstable main"" > /etc/apt/sources.list.d/unstable.list && printf ""Package: *\nPin: release a=unstable\nPin-Priority: 50\n\nPackage: libtasn1-6\nPin: release a=unstable\nPin-Priority: 900\n"" > /etc/apt/preferences.d/99pin-libtasn1 && apt-get update && apt-get install -y --no-install-recommends dpkg=1.22.22 ffmpeg=7:7.1.5-0+deb13u1 git libatomic1 libc6=2.41-12+ ⏎ deb13u3 libcap2=1:2.75-10+deb13u1+b1 libnss3=2:3.110-1+deb13u4 libsystemd0=257.13-1~deb13u1 libudev1=257.13-1~deb13u1 libtasn1-6/unstable libpng16-16t64=1.6.48-1+deb13u5 libsqlite3-0=3.46.1-7+deb13u1 libssl3t64=3.5.6-1~deb13u2 libvpx9=1.15.0-2.1+deb13u1 openssl-provider-legacy=3.5.6-1~deb13u2 openssl=3.5.6-1~deb13u2 sed=4.9-2+deb13u1 && if [ ""${INSTALL_LIBREOFFICE}"" = ""true"" ]; then echo ""======== ⏎ ===================================================="" && echo ""NOTICE: Installing LibreOffice - a separate open-source application"" && echo ""LibreOffice is licensed under Mozilla Public License 2.0 (MPL-2.0)"" && echo ""License: https://www.mozilla.org/en-US/MPL/2.0/"" && echo ""Source:  https://www.libreoffice.org/download/source-code/"" && echo ""See THIRD_PARTY_LICENSES/LIBREOFFICE.md for full attrib ⏎ ution"" && echo ""============================================================"" && apt-get install -y --no-install-recommends libreoffice-writer-nogui libreoffice-impress-nogui libreoffice-calc-nogui; else echo ""Skipping LibreOffice installation (set INSTALL_LIBREOFFICE=true to enable binary artifact preview)""; fi && apt-get clean && rm -rf /var/lib/apt/lists/* /etc/apt/sources.list.d/unstable.list  ⏎ /etc/apt/preferences.d/99pin-libtasn1 ⏎ RUN node /usr/local/lib/node_modules/npm/bin/npm-cli.js install -g npm@11.18.0 ⏎ RUN --mount=type=cache,target=/root/.cache/pip --mount=type=cache,target=/root/.cache/playwright python3 -m pip install --upgrade ""pip==26.1.2"" && python3 -m pip install playwright && playwright install-deps chromium && playwright install chromium && python3 -m pip uninstall playwright -y ⏎ RUN groupadd -r solaceai && useradd --create-home -r -g solaceai solaceai && mkdir -p /var/cache/playwright && chown -R solaceai:solaceai /var/cache/playwright ⏎ WORKDIR /app ⏎ RUN chown -R solaceai:solaceai /app ⏎ COPY --from=builder /opt/venv /opt/venv ⏎ COPY preset /preset ⏎ ENV CONFIG_PORTAL_HOST=0.0.0.0 ⏎ ENV FASTAPI_HOST=0.0.0.0 ⏎ ENV FASTAPI_PORT=8000 ⏎ ENV NAMESPACE=sam/ ⏎ ENV SOLACE_DEV_MODE=True ⏎ ENV SESSION_SECRET_KEY=""REPLACE_WITH_SESSION_SECRET_KEY"" ⏎ ENTRYPOINT [""solace-agent-mesh""] ⏎ CMD [""run"", ""/preset/agents""]"
026e34aebd9eed7d,judged,P020-h1-0,P020,github.com/aider-ai/aider,head,5dc9490bb35f,benchmark/Dockerfile,,benchmark,recipe directory,,{},urllib3,requirements.txt|requirements/common-constraints.txt|requirements/requirements-browser.txt|requirements/requirements-dev.txt|requirements/requirements-help.txt,lockfile,"FROM buildpack-deps:jammy ⏎ RUN apt-get update && apt-get install -y software-properties-common cmake libboost-all-dev && add-apt-repository ppa:deadsnakes/ppa && apt-get update && apt-get install -y python3.11 python3.11-venv python3.11-dev python3-pip ca-certificates-java openjdk-21-jdk libtbb-dev && rm -rf /var/lib/apt/lists/* ⏎ RUN update-alternatives --install /usr/bin/python3 python3 /usr/bin/python3.11 1 ⏎ RUN ARCH=$(uname -m) && if [ ""$ARCH"" = ""x86_64"" ]; then GOARCH=""amd64""; elif [ ""$ARCH"" = ""aarch64"" ]; then GOARCH=""arm64""; else false; fi && curl -L ""https://golang.org/dl/go1.21.5.linux-$GOARCH.tar.gz"" -o go.tar.gz && tar -C /usr/local -xzf go.tar.gz && rm go.tar.gz ⏎ ENV PATH=""/usr/local/go/bin:${PATH}"" ⏎ ADD https://sh.rustup.rs /tmp/rustup.sh ⏎ RUN chmod +x /tmp/rustup.sh && /tmp/rustup.sh -y && rm /tmp/rustup.sh ⏎ ENV PATH=""/root/.cargo/bin:${PATH}"" ⏎ RUN curl -fsSL https://deb.nodesource.com/setup_20.x | bash - && apt-get install -y nodejs && rm -rf /var/lib/apt/lists/* && mkdir -p /npm-install && cd /npm-install && npm init -y && npm install jest @babel/core@7.25.2 @exercism/babel-preset-javascript@0.2.1 @exercism/eslint-config-javascript@0.6.0 @types/jest@29.5.12 @types/node@20.12.12 babel-jest@29.6.4 core-js@3.37.1 eslint@8.49.0 ⏎ COPY . /aider ⏎ RUN pip3 install --no-cache-dir --upgrade pip uv ⏎ RUN uv pip install --system --no-cache-dir -e /aider[dev] ⏎ RUN git config --global --add safe.directory /aider ⏎ WORKDIR /aider ⏎ FROM buildpack-deps:jammy ⏎ RUN apt-get update && apt-get install -y software-properties-common cmake libboost-all-dev && add-apt-repository ppa:deadsnakes/ppa && apt-get update && apt-get install -y python3.11 python3.11-venv python3.11-dev python3-pip ca-certificates-java openjdk-21-jdk libtbb-dev && rm -rf /var/lib/apt/lists/* ⏎ RUN update-alternatives --install /usr/bin/python3 python3 /usr/bin/python3.11 1 ⏎ RUN ARCH=$(uname -m) && if [ ""$ARCH"" = ""x86_64"" ]; then GOARCH=""amd64""; elif [ ""$ARCH"" = ""aarch64"" ]; then GOARCH=""arm64""; else false; fi && curl -L ""https://golang.org/dl/go1.21.5.linux-$GOARCH.tar.gz"" -o go.tar.gz && tar -C /usr/local -xzf go.tar.gz && rm go.tar.gz ⏎ ENV PATH=""/usr/local/go/bin:${PATH}"" ⏎ ADD https://sh.rustup.rs /tmp/rustup.sh ⏎ RUN chmod +x /tmp/rustup.sh && /tmp/rustup.sh -y && rm /tmp/rustup.sh ⏎ ENV PATH=""/root/.cargo/bin:${PATH}"" ⏎ RUN curl -fsSL https://deb.nodesource.com/setup_20.x | bash - && apt-get install -y nodejs && rm -rf /var/lib/apt/lists/* && mkdir -p /npm-install && cd /npm-install && npm init -y && npm install jest @babel/core@7.25.2 @exercism/babel-preset-javascript@0.2.1 @exercism/eslint-config-javascript@0.6.0 @types/jest@29.5.12 @types/node@20.12.12 babel-jest@29.6.4 core-js@3.37.1 eslint@8.49.0 ⏎ COPY . /aider ⏎ RUN pip3 install --no-cache-dir --upgrade pip uv ⏎ RUN uv pip install --system --no-cache-dir -e /aider[dev] ⏎ RUN git config --global --add safe.directory /aider ⏎ WORKDIR /aider"
03b9822dbb8759e0,judged,P248-h1-0,P248,github.com/learninghouseservice/learninghouse-monorepo,head,df8b6f14bfcc,docker/Dockerfile,,docker,workflow,docker/.dockerignore,{},pyjwt,,exact pin,"FROM python:3.13-slim AS buildimage ⏎ WORKDIR /build ⏎ ENV PYTHONDONTWRITEBYTECODE=1 PYTHONUNBUFFERED=1 PATH=""/venv/bin:$PATH"" UV_PROJECT_ENVIRONMENT=/venv UV_LINK_MODE=copy UV_PYTHON_DOWNLOADS=never ⏎ COPY --from=ghcr.io/astral-sh/uv:0.12.4 /uv /usr/local/bin/uv ⏎ COPY pyproject.toml uv.lock ./ ⏎ RUN --mount=type=cache,target=/root/.cache/uv,sharing=locked uv sync --frozen --no-install-project ⏎ COPY dist/*.whl /build/ ⏎ RUN --mount=type=cache,target=/root/.cache/uv,sharing=locked uv pip install --no-deps /build/*.whl ⏎ FROM python:3.13-slim ⏎ ENV PYTHONDONTWRITEBYTECODE=1 PYTHONUNBUFFERED=1 PATH=""/venv/bin:$PATH"" LHS_HOME=/learninghouse ⏎ WORKDIR /learninghouse ⏎ RUN adduser --uid 1000 --disabled-password --gecos '' --no-create-home learninghouse; mkdir -p ${LHS_HOME}/brains; chown -R learninghouse:learninghouse ${LHS_HOME} ⏎ COPY --chown=learninghouse:learninghouse configuration.yaml ${LHS_HOME}/brains/configuration.yaml ⏎ COPY --chown=learninghouse:learninghouse --from=buildimage /venv /venv ⏎ CMD [""python3"", ""-m"", ""learninghouse""]"
08b62740e7286153,judged,P427-h2-0,P427,github.com/tvick64889/forgepair,head,c95b4f96912a,docker/Dockerfile,,,workflow,.dockerignore,{},soupsieve,requirements.txt|requirements/common-constraints.txt,lockfile,"FROM python:3.12-slim-bookworm AS base ⏎ RUN apt-get update && apt-get install --no-install-recommends -y build-essential git libportaudio2 pandoc && rm -rf /var/lib/apt/lists/* ⏎ RUN useradd -m -u 1000 -s /bin/bash appuser ⏎ WORKDIR /app ⏎ RUN python -m venv /venv ⏎ ENV PATH=""/venv/bin:$PATH"" ⏎ ENV PLAYWRIGHT_BROWSERS_PATH=/home/appuser/pw-browsers ⏎ ENV PLAYWRIGHT_SKIP_BROWSER_GC=1 ⏎ RUN mkdir -p /home/appuser/.aider /home/appuser/.cache /home/appuser/pw-browsers && chown -R appuser:appuser /home/appuser /app /venv && chmod -R 777 /home/appuser/.aider /home/appuser/.cache /home/appuser/pw-browsers ⏎ RUN git config --system --add safe.directory /app ⏎ ENV HOME=/app ⏎ FROM base AS aider ⏎ ENV AIDER_DOCKER_IMAGE=paulgauthier/aider ⏎ COPY . /tmp/aider ⏎ RUN /venv/bin/python -m pip install --upgrade --no-cache-dir pip && /venv/bin/python -m pip install --no-cache-dir /tmp/aider[playwright] boto3 google-cloud-aiplatform --extra-index-url https://download.pytorch.org/whl/cpu && rm -rf /tmp/aider ⏎ RUN /venv/bin/python -m playwright install --with-deps chromium ⏎ RUN find /venv/lib/python3.12/site-packages \( -type d -exec chmod a+rwx {} + \) -o \( -type f -exec chmod a+rw {} + \) ⏎ ENTRYPOINT [""/venv/bin/aider""]"
08b62740e7286153,judged,P427-h2-2,P427,github.com/tvick64889/forgepair,head,c95b4f96912a,docker/Dockerfile,aider,,workflow,.dockerignore,{},soupsieve,requirements.txt|requirements/common-constraints.txt,lockfile,"FROM python:3.12-slim-bookworm AS base ⏎ RUN apt-get update && apt-get install --no-install-recommends -y build-essential git libportaudio2 pandoc && rm -rf /var/lib/apt/lists/* ⏎ RUN useradd -m -u 1000 -s /bin/bash appuser ⏎ WORKDIR /app ⏎ RUN python -m venv /venv ⏎ ENV PATH=""/venv/bin:$PATH"" ⏎ ENV PLAYWRIGHT_BROWSERS_PATH=/home/appuser/pw-browsers ⏎ ENV PLAYWRIGHT_SKIP_BROWSER_GC=1 ⏎ RUN mkdir -p /home/appuser/.aider /home/appuser/.cache /home/appuser/pw-browsers && chown -R appuser:appuser /home/appuser /app /venv && chmod -R 777 /home/appuser/.aider /home/appuser/.cache /home/appuser/pw-browsers ⏎ RUN git config --system --add safe.directory /app ⏎ ENV HOME=/app ⏎ FROM base AS aider ⏎ ENV AIDER_DOCKER_IMAGE=paulgauthier/aider ⏎ COPY . /tmp/aider ⏎ RUN /venv/bin/python -m pip install --upgrade --no-cache-dir pip && /venv/bin/python -m pip install --no-cache-dir /tmp/aider[playwright] boto3 google-cloud-aiplatform --extra-index-url https://download.pytorch.org/whl/cpu && rm -rf /tmp/aider ⏎ RUN /venv/bin/python -m playwright install --with-deps chromium ⏎ RUN find /venv/lib/python3.12/site-packages \( -type d -exec chmod a+rwx {} + \) -o \( -type f -exec chmod a+rw {} + \) ⏎ ENTRYPOINT [""/venv/bin/aider""]"
08b62740e7286153,judged,P427-h2-3,P427,github.com/tvick64889/forgepair,head,c95b4f96912a,docker/Dockerfile,aider-full,,workflow,.dockerignore,{},soupsieve,requirements.txt|requirements/common-constraints.txt,lockfile,"FROM python:3.12-slim-bookworm AS base ⏎ RUN apt-get update && apt-get install --no-install-recommends -y build-essential git libportaudio2 pandoc && rm -rf /var/lib/apt/lists/* ⏎ RUN useradd -m -u 1000 -s /bin/bash appuser ⏎ WORKDIR /app ⏎ RUN python -m venv /venv ⏎ ENV PATH=""/venv/bin:$PATH"" ⏎ ENV PLAYWRIGHT_BROWSERS_PATH=/home/appuser/pw-browsers ⏎ ENV PLAYWRIGHT_SKIP_BROWSER_GC=1 ⏎ RUN mkdir -p /home/appuser/.aider /home/appuser/.cache /home/appuser/pw-browsers && chown -R appuser:appuser /home/appuser /app /venv && chmod -R 777 /home/appuser/.aider /home/appuser/.cache /home/appuser/pw-browsers ⏎ RUN git config --system --add safe.directory /app ⏎ ENV HOME=/app ⏎ FROM base AS aider-full ⏎ ENV AIDER_DOCKER_IMAGE=paulgauthier/aider-full ⏎ COPY . /tmp/aider ⏎ RUN /venv/bin/python -m pip install --upgrade --no-cache-dir pip && /venv/bin/python -m pip install --no-cache-dir /tmp/aider[help,browser,playwright] boto3 --extra-index-url https://download.pytorch.org/whl/cpu && rm -rf /tmp/aider ⏎ RUN /venv/bin/python -m playwright install --with-deps chromium ⏎ RUN find /venv/lib/python3.12/site-packages \( -type d -exec chmod a+rwx {} + \) -o \( -type f -exec chmod a+rw {} + \) ⏎ ENTRYPOINT [""/venv/bin/aider""]"
09b9ded2beeb6a42,judged,P282-h2-0,P282,github.com/netflix/lemur,head,3a3c2c201d42,docker/Dockerfile,,docker,compose,docker/.dockerignore,{},pyjwt,requirements-dev.txt|requirements-docs.txt|requirements-tests.txt|requirements.txt,lockfile,"FROM python:3.7.9-alpine3.12 ⏎ ARG VERSION ⏎ ENV VERSION master ⏎ ARG URLCONTEXT ⏎ ENV uid 1337 ⏎ ENV gid 1337 ⏎ ENV user lemur ⏎ ENV group lemur ⏎ RUN addgroup -S ${group} -g ${gid} && adduser -D -S ${user} -G ${group} -u ${uid} && apk add --no-cache --update python3 py-pip libldap postgresql-client nginx supervisor curl tzdata openssl bash && apk --update add --virtual build-dependencies git tar curl python3-dev npm bash musl-dev cargo gcc autoconf automake libtool make nasm zlib-dev postgresql-dev libressl-dev libffi-dev cyrus-sasl-dev openlda ⏎ p-dev && mkdir -p /opt/lemur /home/lemur/.lemur/ && curl -sSL https://github.com/Netflix/lemur/archive/$VERSION.tar.gz | tar xz -C /opt/lemur --strip-components=1 && pip3 install --upgrade pip && pip3 install --upgrade setuptools && mkdir -p /run/nginx/ /etc/nginx/ssl/ && chown -R $user:$group /opt/lemur/ /home/lemur/.lemur/ ⏎ WORKDIR /opt/lemur ⏎ RUN echo ""Running with python:"" && python -c 'import platform; print(platform.python_version())' && echo ""Running with nodejs:"" && node -v && npm install --unsafe-perm && pip3 install -e . && node_modules/.bin/gulp build && node_modules/.bin/gulp package --urlContextPath=${URLCONTEXT} && apk del build-dependencies ⏎ COPY entrypoint / ⏎ COPY src/lemur.conf.py /home/lemur/.lemur/lemur.conf.py ⏎ COPY supervisor.conf / ⏎ COPY nginx/default.conf /etc/nginx/conf.d/ ⏎ COPY nginx/default-ssl.conf /etc/nginx/conf.d/ ⏎ RUN chmod +x /entrypoint ⏎ WORKDIR / ⏎ ENTRYPOINT [""/entrypoint""] ⏎ CMD [""/usr/bin/supervisord"",""-c"",""supervisor.conf""] ⏎ FROM python:3.7.9-alpine3.12 ⏎ ARG VERSION ⏎ ENV VERSION master ⏎ ARG URLCONTEXT ⏎ ENV uid 1337 ⏎ ENV gid 1337 ⏎ ENV user lemur ⏎ ENV group lemur ⏎ RUN addgroup -S ${group} -g ${gid} && adduser -D -S ${user} -G ${group} -u ${uid} && apk add --no-cache --update python3 py-pip libldap postgresql-client nginx supervisor curl tzdata openssl bash && apk --update add --virtual build-dependencies git tar curl python3-dev npm bash musl-dev cargo gcc autoconf automake libtool make nasm zlib-dev postgresql-dev libressl-dev libffi-dev cyrus-sasl-dev openlda ⏎ p-dev && mkdir -p /opt/lemur /home/lemur/.lemur/ && curl -sSL https://github.com/Netflix/lemur/archive/$VERSION.tar.gz | tar xz -C /opt/lemur --strip-components=1 && pip3 install --upgrade pip && pip3 install --upgrade setuptools && mkdir -p /run/nginx/ /etc/nginx/ssl/ && chown -R $user:$group /opt/lemur/ /home/lemur/.lemur/ ⏎ WORKDIR /opt/lemur ⏎ RUN echo ""Running with python:"" && python -c 'import platform; print(platform.python_version())' && echo ""Running with nodejs:"" && node -v && npm install --unsafe-perm && pip3 install -e . && node_modules/.bin/gulp build && node_modules/.bin/gulp package --urlContextPath=${URLCONTEXT} && apk del build-dependencies ⏎ COPY entrypoint / ⏎ COPY src/lemur.conf.py /home/lemur/.lemur/lemur.conf.py ⏎ COPY supervisor.conf / ⏎ COPY nginx/default.conf /etc/nginx/conf.d/ ⏎ COPY nginx/default-ssl.conf /etc/nginx/conf.d/ ⏎ RUN chmod +x /entrypoint ⏎ WORKDIR / ⏎ ENTRYPOINT [""/entrypoint""] ⏎ CMD [""/usr/bin/supervisord"",""-c"",""supervisor.conf""]"
0a97792c72dfd2a8,judged,P467-s1-0,P467,gitlab.com/nemo-community/nemo-ce,snapshot,b0578312edb7,Dockerfile,,,workflow,.dockerignore,{},cryptography,pyproject.toml,exact pin,"FROM python:3.13 ⏎ RUN apt-get update && apt-get upgrade -y ⏎ RUN apt-get install -y less vim ⏎ COPY . /nemo/ ⏎ RUN python3 -m pip install /nemo/ gunicorn==23.0.0 ⏎ RUN rm --recursive --force /nemo/ ⏎ RUN mkdir /nemo ⏎ WORKDIR /nemo ⏎ ENV DJANGO_SETTINGS_MODULE=""settings"" ⏎ ENV PYTHONPATH=""/nemo/"" ⏎ ENV GUNICORN_WORKER_CLASS="""" ⏎ ENV GUNICORN_WORKER_COUNT="""" ⏎ ENV GUNICORN_THREAD_COUNT="""" ⏎ ENV GUNICORN_KEEPALIVE_SECONDS="""" ⏎ ENV GUNICORN_CAPTURE_OUTPUT="""" ⏎ ENV NEMO_EXTRA_PIP_PACKAGES="""" ⏎ COPY gunicorn_configuration.py /etc/ ⏎ COPY start_NEMO_in_Docker.sh /usr/local/bin/ ⏎ RUN chmod +x /usr/local/bin/start_NEMO_in_Docker.sh ⏎ CMD [""start_NEMO_in_Docker.sh""]"
0bd1dfb0f4043e2e,judged,P024-s2-0,P024,github.com/aider-ai/aider,snapshot,bdb4d9ff8ef8,docker/Dockerfile,,,workflow,.dockerignore,{},pillow,requirements.txt|requirements/common-constraints.txt|requirements/requirements-browser.txt|requirements/requirements-dev.txt|requirements/requirements-help.txt,lockfile,"FROM python:3.12-slim-bookworm AS base ⏎ RUN apt-get update && apt-get install --no-install-recommends -y build-essential git libportaudio2 pandoc && rm -rf /var/lib/apt/lists/* ⏎ RUN useradd -m -u 1000 -s /bin/bash appuser ⏎ WORKDIR /app ⏎ RUN python -m venv /venv ⏎ ENV PATH=""/venv/bin:$PATH"" ⏎ ENV PLAYWRIGHT_BROWSERS_PATH=/home/appuser/pw-browsers ⏎ ENV PLAYWRIGHT_SKIP_BROWSER_GC=1 ⏎ RUN mkdir -p /home/appuser/.aider /home/appuser/.cache /home/appuser/pw-browsers && chown -R appuser:appuser /home/appuser /app /venv && chmod -R 777 /home/appuser/.aider /home/appuser/.cache /home/appuser/pw-browsers ⏎ RUN git config --system --add safe.directory /app ⏎ ENV HOME=/app ⏎ FROM base AS aider ⏎ ENV AIDER_DOCKER_IMAGE=paulgauthier/aider ⏎ COPY . /tmp/aider ⏎ RUN /venv/bin/python -m pip install --upgrade --no-cache-dir pip && /venv/bin/python -m pip install --no-cache-dir /tmp/aider[playwright] boto3 google-cloud-aiplatform --extra-index-url https://download.pytorch.org/whl/cpu && rm -rf /tmp/aider ⏎ RUN /venv/bin/python -m playwright install --with-deps chromium ⏎ RUN find /venv/lib/python3.12/site-packages \( -type d -exec chmod a+rwx {} + \) -o \( -type f -exec chmod a+rw {} + \) ⏎ ENTRYPOINT [""/venv/bin/aider""]"
0bd1dfb0f4043e2e,judged,P024-s2-1,P024,github.com/aider-ai/aider,snapshot,bdb4d9ff8ef8,docker/Dockerfile,aider,,workflow,.dockerignore,{},pillow,requirements.txt|requirements/common-constraints.txt|requirements/requirements-browser.txt|requirements/requirements-dev.txt|requirements/requirements-help.txt,lockfile,"FROM python:3.12-slim-bookworm AS base ⏎ RUN apt-get update && apt-get install --no-install-recommends -y build-essential git libportaudio2 pandoc && rm -rf /var/lib/apt/lists/* ⏎ RUN useradd -m -u 1000 -s /bin/bash appuser ⏎ WORKDIR /app ⏎ RUN python -m venv /venv ⏎ ENV PATH=""/venv/bin:$PATH"" ⏎ ENV PLAYWRIGHT_BROWSERS_PATH=/home/appuser/pw-browsers ⏎ ENV PLAYWRIGHT_SKIP_BROWSER_GC=1 ⏎ RUN mkdir -p /home/appuser/.aider /home/appuser/.cache /home/appuser/pw-browsers && chown -R appuser:appuser /home/appuser /app /venv && chmod -R 777 /home/appuser/.aider /home/appuser/.cache /home/appuser/pw-browsers ⏎ RUN git config --system --add safe.directory /app ⏎ ENV HOME=/app ⏎ FROM base AS aider ⏎ ENV AIDER_DOCKER_IMAGE=paulgauthier/aider ⏎ COPY . /tmp/aider ⏎ RUN /venv/bin/python -m pip install --upgrade --no-cache-dir pip && /venv/bin/python -m pip install --no-cache-dir /tmp/aider[playwright] boto3 google-cloud-aiplatform --extra-index-url https://download.pytorch.org/whl/cpu && rm -rf /tmp/aider ⏎ RUN /venv/bin/python -m playwright install --with-deps chromium ⏎ RUN find /venv/lib/python3.12/site-packages \( -type d -exec chmod a+rwx {} + \) -o \( -type f -exec chmod a+rw {} + \) ⏎ ENTRYPOINT [""/venv/bin/aider""]"
0bd1dfb0f4043e2e,judged,P024-s2-2,P024,github.com/aider-ai/aider,snapshot,bdb4d9ff8ef8,docker/Dockerfile,aider-full,,workflow,.dockerignore,{},pillow,requirements.txt|requirements/common-constraints.txt|requirements/requirements-browser.txt|requirements/requirements-dev.txt|requirements/requirements-help.txt,lockfile,"FROM python:3.12-slim-bookworm AS base ⏎ RUN apt-get update && apt-get install --no-install-recommends -y build-essential git libportaudio2 pandoc && rm -rf /var/lib/apt/lists/* ⏎ RUN useradd -m -u 1000 -s /bin/bash appuser ⏎ WORKDIR /app ⏎ RUN python -m venv /venv ⏎ ENV PATH=""/venv/bin:$PATH"" ⏎ ENV PLAYWRIGHT_BROWSERS_PATH=/home/appuser/pw-browsers ⏎ ENV PLAYWRIGHT_SKIP_BROWSER_GC=1 ⏎ RUN mkdir -p /home/appuser/.aider /home/appuser/.cache /home/appuser/pw-browsers && chown -R appuser:appuser /home/appuser /app /venv && chmod -R 777 /home/appuser/.aider /home/appuser/.cache /home/appuser/pw-browsers ⏎ RUN git config --system --add safe.directory /app ⏎ ENV HOME=/app ⏎ FROM base AS aider-full ⏎ ENV AIDER_DOCKER_IMAGE=paulgauthier/aider-full ⏎ COPY . /tmp/aider ⏎ RUN /venv/bin/python -m pip install --upgrade --no-cache-dir pip && /venv/bin/python -m pip install --no-cache-dir /tmp/aider[help,browser,playwright] boto3 --extra-index-url https://download.pytorch.org/whl/cpu && rm -rf /tmp/aider ⏎ RUN /venv/bin/python -m playwright install --with-deps chromium ⏎ RUN find /venv/lib/python3.12/site-packages \( -type d -exec chmod a+rwx {} + \) -o \( -type f -exec chmod a+rw {} + \) ⏎ ENTRYPOINT [""/venv/bin/aider""]"
0c353d8ff9b0006d,judged,P450-h2-0,P450,github.com/weblateorg/weblate,head,efde5cc35690,dev-docker/weblate-dev/Dockerfile,,dev-docker/weblate-dev,compose,,{},pyasn1,pyproject.toml|uv.lock,both,"FROM weblate/weblate:2026.9.1.2@sha256:f0be5b122b38d336e2b3575af1f5828884d482934a35d9dff83a3ec5efb66ae7 ⏎ ARG USER_ID=1000 ⏎ ARG GROUP_ID=1000 ⏎ ENV PATH=/app/venv/bin:/usr/local/bin:/usr/bin:/bin:/sbin:/usr/sbin ⏎ ENV UV_CACHE_DIR=/app/data/uv-cache ⏎ ENV UV_LINK_MODE=copy ⏎ RUN if ! getent group ""${GROUP_ID}""; then groupadd --gid ""${GROUP_ID}"" developer; fi &&  if ! getent passwd ""${USER_ID}""; then useradd --gid ""${GROUP_ID}"" --uid ""${USER_ID}"" --groups root,tty,weblate --shell /bin/bash developer; fi ⏎ RUN apt-get update --error-on=any && apt-get install -y pkg-config make gcc g++ libicu-dev libxml2-dev libacl1-dev liblz4-dev libzstd-dev libxxhash-dev libmariadb-dev libxmlsec1-dev libsasl2-dev libldap2-dev libssl-dev libffi-dev libpq-dev zlib1g-dev libjpeg62-dev ⏎ RUN curl --fail --location --output /etc/apt/keyrings/xtradeb.asc 'https://keyserver.ubuntu.com/pks/lookup?op=get&search=0x5301FA4FD93244FBC6F6149982BB6851C64F6880' && gpg --show-keys --with-colons /etc/apt/keyrings/xtradeb.asc | cut -d : -f 10 | grep -Fx '5301FA4FD93244FBC6F6149982BB6851C64F6880' ⏎ RUN printf '%s\n' 'deb [signed-by=/etc/apt/keyrings/xtradeb.asc] https://ppa.launchpadcontent.net/xtradeb/apps/ubuntu resolute main' > /etc/apt/sources.list.d/xtradeb.list && printf '%s\n' 'Package: chromium chromium-common chromium-driver chromium-sandbox' 'Pin: release o=LP-PPA-xtradeb-apps' 'Pin-Priority: 700' '' 'Package: *' 'Pin: release o=LP-PPA-xtradeb-apps' 'Pin-Priority: -1' > /etc/apt/prefer ⏎ ences.d/xtradeb && apt-get update --error-on=any && apt-get install -y --no-install-recommends chromium chromium-driver ⏎ ENV WEBLATE_TEST_CHROME_BINARY=/usr/bin/chromium ⏎ ENV WEBLATE_TEST_CHROMEDRIVER=/usr/bin/chromedriver ⏎ RUN chown -R ""${USER_ID}:${GROUP_ID}"" /etc/nginx/sites-available/ /var/log/nginx/ /var/lib/nginx /app/data /app/cache /run /home/weblate /etc/localtime /etc/supervisor/conf.d /tmp /home ⏎ RUN rm -rf /app/venv && mkdir /app/venv && chown ""${USER_ID}:${GROUP_ID}"" /app/venv ⏎ RUN ln -sf ""$(uv --no-cache python find --system --managed-python --no-python-downloads ""${PYVERSION}"")"" /usr/local/bin/python3 && /usr/bin/env python3 --version ⏎ COPY --link --chmod=0755 start-dev /app/bin/ ⏎ ENTRYPOINT [""/app/bin/start-dev""] ⏎ CMD [""runserver""]"
0d7f114f6e19f72c,judged,P423-h2-0,P423,github.com/toluaina/pgsync,head,34f1ced69e6a,Dockerfile.dockerhub,,,recipe directory,.dockerignore,{},sqlparse,requirements/base.txt|requirements/dev.txt,lockfile,"FROM python:3.12.12-slim AS build ⏎ WORKDIR /app ⏎ COPY requirements/base.txt ./requirements/base.txt ⏎ RUN pip wheel --no-cache-dir --wheel-dir /wheels -r requirements/base.txt ⏎ COPY pgsync/ ./pgsync/ ⏎ COPY README.rst LICENSE setup.cfg setup.py ./ ⏎ COPY bin/bootstrap bin/parallel_sync bin/pgsync ./bin/ ⏎ RUN pip wheel --no-cache-dir --no-deps --wheel-dir /wheels . ⏎ FROM python:3.12.12-slim AS runtime ⏎ WORKDIR /app ⏎ RUN useradd --no-create-home --shell /bin/false pgsync && install -d -o pgsync -g pgsync /app/checkpoints ⏎ RUN --mount=type=bind,from=build,source=/wheels,target=/wheels,readonly pip install --no-cache-dir --no-index --find-links=/wheels /wheels/pgsync-*.whl ⏎ ENTRYPOINT [""pgsync""]"
0df2e07de3ca90b8,judged,P146-h1-0,P146,github.com/esphome/esphome,head,c1303c048bd9,docker/Dockerfile,,,ancestor,.dockerignore,{},cryptography,requirements.txt,exact pin,"ARG BUILD_VERSION=dev ⏎ ARG BUILD_BASE_VERSION=2026.06.1 ⏎ ARG BUILD_TYPE=docker ⏎ FROM ghcr.io/esphome/docker-base:debian-${BUILD_BASE_VERSION} AS base-source-docker ⏎ FROM base-source-${BUILD_TYPE} AS base ⏎ RUN git config --system --add safe.directory ""*"" && git config --system advice.detachedHead false ⏎ ENV PIP_DISABLE_PIP_VERSION_CHECK=1 ⏎ RUN pip install --no-cache-dir -U pip uv==0.10.1 ⏎ COPY requirements.txt / ⏎ RUN uv pip install --no-cache-dir -r /requirements.txt ⏎ RUN uv pip install --no-cache-dir esphome-device-builder==1.17.2 ⏎ RUN platformio settings set enable_telemetry No && platformio settings set check_platformio_interval 1000000 && mkdir -p /piolibs ⏎ ARG BUILD_VERSION ⏎ FROM base AS base-docker ⏎ COPY docker/docker_entrypoint.sh /entrypoint.sh ⏎ WORKDIR /config ⏎ ENTRYPOINT [""/entrypoint.sh""] ⏎ CMD [""dashboard"", ""/config""] ⏎ FROM base-${BUILD_TYPE} AS final ⏎ COPY . /esphome ⏎ RUN uv pip install --no-cache-dir -e /esphome"
109131debcb5d05a,judged,P190-h1-0,P190,github.com/igrafx/mining-python-sdk,head,99f55277a5c6,Dockerfile,,,recipe directory,,{},pip,poetry.lock|pyproject.toml,both,FROM python:3.6.8-slim ⏎ RUN apt-get update && apt-get install ffmpeg libsm6 libxext6  -y && pip install --upgrade pip && pip install Pillow pandas anonympy dask && pip install --no-deps cape-privacy==0.3.0 && pip install toml ⏎ ADD igrafx_mining_sdk /tmp/igrafx_mining_sdk ⏎ ADD ./setup.py /tmp/setup.py ⏎ RUN cd /tmp/ && pip install . ⏎ RUN find -type d -name __pycache__ -prune -exec rm -rf {} \; && rm -rf ~/.cache/pip ⏎ FROM python:3.6.8-slim ⏎ RUN apt-get update && apt-get install ffmpeg libsm6 libxext6  -y && pip install --upgrade pip && pip install Pillow pandas anonympy dask && pip install --no-deps cape-privacy==0.3.0 && pip install toml ⏎ ADD igrafx_mining_sdk /tmp/igrafx_mining_sdk ⏎ ADD ./setup.py /tmp/setup.py ⏎ RUN cd /tmp/ && pip install . ⏎ RUN find -type d -name __pycache__ -prune -exec rm -rf {} \; && rm -rf ~/.cache/pip
109131debcb5d05a,judged,P190-s1-0,P190,github.com/igrafx/mining-python-sdk,snapshot,99f55277a5c6,Dockerfile,,,recipe directory,,{},pip,poetry.lock|pyproject.toml,both,FROM python:3.6.8-slim ⏎ RUN apt-get update && apt-get install ffmpeg libsm6 libxext6  -y && pip install --upgrade pip && pip install Pillow pandas anonympy dask && pip install --no-deps cape-privacy==0.3.0 && pip install toml ⏎ ADD igrafx_mining_sdk /tmp/igrafx_mining_sdk ⏎ ADD ./setup.py /tmp/setup.py ⏎ RUN cd /tmp/ && pip install . ⏎ RUN find -type d -name __pycache__ -prune -exec rm -rf {} \; && rm -rf ~/.cache/pip ⏎ FROM python:3.6.8-slim ⏎ RUN apt-get update && apt-get install ffmpeg libsm6 libxext6  -y && pip install --upgrade pip && pip install Pillow pandas anonympy dask && pip install --no-deps cape-privacy==0.3.0 && pip install toml ⏎ ADD igrafx_mining_sdk /tmp/igrafx_mining_sdk ⏎ ADD ./setup.py /tmp/setup.py ⏎ RUN cd /tmp/ && pip install . ⏎ RUN find -type d -name __pycache__ -prune -exec rm -rf {} \; && rm -rf ~/.cache/pip
1220f5d2588dbdaf,judged,P423-h1-0,P423,github.com/toluaina/pgsync,head,34f1ced69e6a,Dockerfile,,,compose,.dockerignore,{},sqlparse,requirements/base.txt|requirements/dev.txt,lockfile,FROM python:3.12.12-slim ⏎ ARG EXAMPLE_NAME=airbnb ⏎ ENV EXAMPLE_NAME=${EXAMPLE_NAME} ⏎ WORKDIR /code ⏎ COPY requirements/base.txt ./requirements/base.txt ⏎ RUN pip install --no-cache-dir -r requirements/base.txt ⏎ COPY pgsync/ ./pgsync/ ⏎ COPY README.rst README.md LICENSE setup.cfg setup.py ./ ⏎ COPY bin/bootstrap bin/parallel_sync bin/pgsync ./bin/ ⏎ RUN pip install --no-cache-dir --no-deps . ⏎ COPY examples/ ./examples/ ⏎ COPY --chmod=755 docker/wait-for-it.sh docker/runserver.sh ./
131203ad5be210f5,judged,P350-s1-0,P350,github.com/redimp/otterwiki,snapshot,7bd01013115a,Dockerfile,,,compose,.dockerignore,{},mistune,pyproject.toml,exact pin,"FROM debian:12.11-slim AS compile-stage ⏎ RUN --mount=target=/var/cache/apt,type=cache,sharing=locked rm /etc/apt/apt.conf.d/docker-clean && apt-get update -y && apt-get upgrade -y && DEBIAN_FRONTEND=noninteractive apt-get install -y --no-install-recommends python3.11 python3.11-venv python3-pip libjpeg-dev zlib1g-dev build-essential python3-dev libxml2-dev libxslt-dev ⏎ RUN python3 -m venv /opt/venv ⏎ ENV PATH=""/opt/venv/bin:$PATH"" ⏎ RUN --mount=type=cache,target=/root/.cache pip install -U pip wheel toml ⏎ COPY pyproject.toml MANIFEST.in README.md LICENSE /src/ ⏎ WORKDIR /src ⏎ RUN --mount=type=cache,target=/root/.cache python -c 'import toml; print(""\n"".join(toml.load(""./pyproject.toml"")[""project""][""dependencies""]));' > requirements.txt && pip install -r requirements.txt ⏎ COPY otterwiki /src/otterwiki ⏎ COPY tests /src/tests ⏎ RUN pip install . ⏎ FROM debian:12.11-slim ⏎ ARG GIT_TAG ⏎ ENV GIT_TAG=$GIT_TAG ⏎ ENV PUID=33 ⏎ ENV PGID=33 ⏎ ENV FLASK_APP=otterwiki.server ⏎ ENV OTTERWIKI_SETTINGS=/app-data/settings.cfg ⏎ ENV OTTERWIKI_REPOSITORY=/app-data/repository ⏎ RUN --mount=target=/var/cache/apt,type=cache,sharing=locked apt-get -y update && apt-get upgrade -y && DEBIAN_FRONTEND=noninteractive apt-get install -y --no-install-recommends nginx supervisor git openssh-client python3.11 python3-wheel python3-venv libpython3.11 uwsgi uwsgi-plugin-python3 curl && ln -sf /dev/stdout /var/log/nginx/access.log && ln -sf /dev/stderr /var/log/nginx/error.log && rm -rf /v ⏎ ar/lib/apt/lists/* ⏎ COPY --from=compile-stage /opt/venv /opt/venv ⏎ ENV PATH=""/opt/venv/bin:$PATH"" ⏎ RUN mkdir -p /app-data /app/otterwiki ⏎ RUN chown -R www-data:www-data /app-data ⏎ COPY otterwiki/static /app/otterwiki/static ⏎ COPY docker/uwsgi.ini /app/uwsgi.ini ⏎ COPY docker/supervisord.conf /etc/supervisor/conf.d/ ⏎ COPY --chmod=0755 docker/stop-supervisor.sh /etc/supervisor/ ⏎ COPY --chmod=0755 ./docker/entrypoint.sh /entrypoint.sh ⏎ ENTRYPOINT [""/entrypoint.sh""] ⏎ CMD [""/usr/bin/supervisord"", ""-c"", ""/etc/supervisor/supervisord.conf""]"
13d7b86656be8905,judged,P448-h2-0,P448,github.com/weblateorg/weblate,head,efde5cc35690,dev-docker/weblate-dev/Dockerfile,,dev-docker/weblate-dev,compose,,{},lxml,uv.lock,lockfile,"FROM weblate/weblate:2026.9.1.2@sha256:f0be5b122b38d336e2b3575af1f5828884d482934a35d9dff83a3ec5efb66ae7 ⏎ ARG USER_ID=1000 ⏎ ARG GROUP_ID=1000 ⏎ ENV PATH=/app/venv/bin:/usr/local/bin:/usr/bin:/bin:/sbin:/usr/sbin ⏎ ENV UV_CACHE_DIR=/app/data/uv-cache ⏎ ENV UV_LINK_MODE=copy ⏎ RUN if ! getent group ""${GROUP_ID}""; then groupadd --gid ""${GROUP_ID}"" developer; fi &&  if ! getent passwd ""${USER_ID}""; then useradd --gid ""${GROUP_ID}"" --uid ""${USER_ID}"" --groups root,tty,weblate --shell /bin/bash developer; fi ⏎ RUN apt-get update --error-on=any && apt-get install -y pkg-config make gcc g++ libicu-dev libxml2-dev libacl1-dev liblz4-dev libzstd-dev libxxhash-dev libmariadb-dev libxmlsec1-dev libsasl2-dev libldap2-dev libssl-dev libffi-dev libpq-dev zlib1g-dev libjpeg62-dev ⏎ RUN curl --fail --location --output /etc/apt/keyrings/xtradeb.asc 'https://keyserver.ubuntu.com/pks/lookup?op=get&search=0x5301FA4FD93244FBC6F6149982BB6851C64F6880' && gpg --show-keys --with-colons /etc/apt/keyrings/xtradeb.asc | cut -d : -f 10 | grep -Fx '5301FA4FD93244FBC6F6149982BB6851C64F6880' ⏎ RUN printf '%s\n' 'deb [signed-by=/etc/apt/keyrings/xtradeb.asc] https://ppa.launchpadcontent.net/xtradeb/apps/ubuntu resolute main' > /etc/apt/sources.list.d/xtradeb.list && printf '%s\n' 'Package: chromium chromium-common chromium-driver chromium-sandbox' 'Pin: release o=LP-PPA-xtradeb-apps' 'Pin-Priority: 700' '' 'Package: *' 'Pin: release o=LP-PPA-xtradeb-apps' 'Pin-Priority: -1' > /etc/apt/prefer ⏎ ences.d/xtradeb && apt-get update --error-on=any && apt-get install -y --no-install-recommends chromium chromium-driver ⏎ ENV WEBLATE_TEST_CHROME_BINARY=/usr/bin/chromium ⏎ ENV WEBLATE_TEST_CHROMEDRIVER=/usr/bin/chromedriver ⏎ RUN chown -R ""${USER_ID}:${GROUP_ID}"" /etc/nginx/sites-available/ /var/log/nginx/ /var/lib/nginx /app/data /app/cache /run /home/weblate /etc/localtime /etc/supervisor/conf.d /tmp /home ⏎ RUN rm -rf /app/venv && mkdir /app/venv && chown ""${USER_ID}:${GROUP_ID}"" /app/venv ⏎ RUN ln -sf ""$(uv --no-cache python find --system --managed-python --no-python-downloads ""${PYVERSION}"")"" /usr/local/bin/python3 && /usr/bin/env python3 --version ⏎ COPY --link --chmod=0755 start-dev /app/bin/ ⏎ ENTRYPOINT [""/app/bin/start-dev""] ⏎ CMD [""runserver""]"
15c91248cdd7791c,judged,P026-s2-0,P026,github.com/aider-ai/aider,snapshot,3ec8ec5a7d69,docker/Dockerfile,,,workflow,.dockerignore,{},urllib3,requirements.txt|requirements/common-constraints.txt|requirements/requirements-browser.txt|requirements/requirements-dev.txt|requirements/requirements-help.txt,lockfile,"FROM python:3.12-slim-bookworm AS base ⏎ RUN apt-get update && apt-get install --no-install-recommends -y build-essential git libportaudio2 pandoc && rm -rf /var/lib/apt/lists/* ⏎ RUN useradd -m -u 1000 -s /bin/bash appuser ⏎ WORKDIR /app ⏎ RUN python -m venv /venv ⏎ ENV PATH=""/venv/bin:$PATH"" ⏎ ENV PLAYWRIGHT_BROWSERS_PATH=/home/appuser/pw-browsers ⏎ ENV PLAYWRIGHT_SKIP_BROWSER_GC=1 ⏎ RUN mkdir -p /home/appuser/.aider /home/appuser/.cache /home/appuser/pw-browsers && chown -R appuser:appuser /home/appuser /app /venv && chmod -R 777 /home/appuser/.aider /home/appuser/.cache /home/appuser/pw-browsers ⏎ RUN git config --system --add safe.directory /app ⏎ ENV HOME=/app ⏎ FROM base AS aider ⏎ ENV AIDER_DOCKER_IMAGE=paulgauthier/aider ⏎ COPY . /tmp/aider ⏎ RUN /venv/bin/python -m pip install --upgrade --no-cache-dir pip && /venv/bin/python -m pip install --no-cache-dir /tmp/aider[playwright] boto3 google-cloud-aiplatform --extra-index-url https://download.pytorch.org/whl/cpu && rm -rf /tmp/aider ⏎ RUN /venv/bin/python -m playwright install --with-deps chromium ⏎ RUN find /venv/lib/python3.12/site-packages \( -type d -exec chmod a+rwx {} + \) -o \( -type f -exec chmod a+rw {} + \) ⏎ ENTRYPOINT [""/venv/bin/aider""]"
15c91248cdd7791c,judged,P026-s2-1,P026,github.com/aider-ai/aider,snapshot,3ec8ec5a7d69,docker/Dockerfile,aider,,workflow,.dockerignore,{},urllib3,requirements.txt|requirements/common-constraints.txt|requirements/requirements-browser.txt|requirements/requirements-dev.txt|requirements/requirements-help.txt,lockfile,"FROM python:3.12-slim-bookworm AS base ⏎ RUN apt-get update && apt-get install --no-install-recommends -y build-essential git libportaudio2 pandoc && rm -rf /var/lib/apt/lists/* ⏎ RUN useradd -m -u 1000 -s /bin/bash appuser ⏎ WORKDIR /app ⏎ RUN python -m venv /venv ⏎ ENV PATH=""/venv/bin:$PATH"" ⏎ ENV PLAYWRIGHT_BROWSERS_PATH=/home/appuser/pw-browsers ⏎ ENV PLAYWRIGHT_SKIP_BROWSER_GC=1 ⏎ RUN mkdir -p /home/appuser/.aider /home/appuser/.cache /home/appuser/pw-browsers && chown -R appuser:appuser /home/appuser /app /venv && chmod -R 777 /home/appuser/.aider /home/appuser/.cache /home/appuser/pw-browsers ⏎ RUN git config --system --add safe.directory /app ⏎ ENV HOME=/app ⏎ FROM base AS aider ⏎ ENV AIDER_DOCKER_IMAGE=paulgauthier/aider ⏎ COPY . /tmp/aider ⏎ RUN /venv/bin/python -m pip install --upgrade --no-cache-dir pip && /venv/bin/python -m pip install --no-cache-dir /tmp/aider[playwright] boto3 google-cloud-aiplatform --extra-index-url https://download.pytorch.org/whl/cpu && rm -rf /tmp/aider ⏎ RUN /venv/bin/python -m playwright install --with-deps chromium ⏎ RUN find /venv/lib/python3.12/site-packages \( -type d -exec chmod a+rwx {} + \) -o \( -type f -exec chmod a+rw {} + \) ⏎ ENTRYPOINT [""/venv/bin/aider""]"
15c91248cdd7791c,judged,P026-s2-2,P026,github.com/aider-ai/aider,snapshot,3ec8ec5a7d69,docker/Dockerfile,aider-full,,workflow,.dockerignore,{},urllib3,requirements.txt|requirements/common-constraints.txt|requirements/requirements-browser.txt|requirements/requirements-dev.txt|requirements/requirements-help.txt,lockfile,"FROM python:3.12-slim-bookworm AS base ⏎ RUN apt-get update && apt-get install --no-install-recommends -y build-essential git libportaudio2 pandoc && rm -rf /var/lib/apt/lists/* ⏎ RUN useradd -m -u 1000 -s /bin/bash appuser ⏎ WORKDIR /app ⏎ RUN python -m venv /venv ⏎ ENV PATH=""/venv/bin:$PATH"" ⏎ ENV PLAYWRIGHT_BROWSERS_PATH=/home/appuser/pw-browsers ⏎ ENV PLAYWRIGHT_SKIP_BROWSER_GC=1 ⏎ RUN mkdir -p /home/appuser/.aider /home/appuser/.cache /home/appuser/pw-browsers && chown -R appuser:appuser /home/appuser /app /venv && chmod -R 777 /home/appuser/.aider /home/appuser/.cache /home/appuser/pw-browsers ⏎ RUN git config --system --add safe.directory /app ⏎ ENV HOME=/app ⏎ FROM base AS aider-full ⏎ ENV AIDER_DOCKER_IMAGE=paulgauthier/aider-full ⏎ COPY . /tmp/aider ⏎ RUN /venv/bin/python -m pip install --upgrade --no-cache-dir pip && /venv/bin/python -m pip install --no-cache-dir /tmp/aider[help,browser,playwright] boto3 --extra-index-url https://download.pytorch.org/whl/cpu && rm -rf /tmp/aider ⏎ RUN /venv/bin/python -m playwright install --with-deps chromium ⏎ RUN find /venv/lib/python3.12/site-packages \( -type d -exec chmod a+rwx {} + \) -o \( -type f -exec chmod a+rw {} + \) ⏎ ENTRYPOINT [""/venv/bin/aider""]"
164d5923d4d7c3e1,judged,P020-s2-0,P020,github.com/aider-ai/aider,snapshot,2dd40fce4442,docker/Dockerfile,,,workflow,.dockerignore,{},urllib3,requirements.txt|requirements/common-constraints.txt|requirements/requirements-browser.txt|requirements/requirements-dev.txt|requirements/requirements-help.txt,lockfile,"FROM python:3.10-slim AS base ⏎ RUN apt-get update && apt-get install --no-install-recommends -y build-essential git libportaudio2 pandoc && rm -rf /var/lib/apt/lists/* ⏎ RUN useradd -m -u 1000 -s /bin/bash appuser ⏎ WORKDIR /app ⏎ RUN python -m venv /venv ⏎ ENV PATH=""/venv/bin:$PATH"" ⏎ ENV PLAYWRIGHT_BROWSERS_PATH=/home/appuser/pw-browsers ⏎ ENV PLAYWRIGHT_SKIP_BROWSER_GC=1 ⏎ RUN mkdir -p /home/appuser/.aider /home/appuser/.cache /home/appuser/pw-browsers && chown -R appuser:appuser /home/appuser /app /venv && chmod -R 777 /home/appuser/.aider /home/appuser/.cache /home/appuser/pw-browsers ⏎ RUN git config --system --add safe.directory /app ⏎ ENV HOME=/app ⏎ FROM base AS aider ⏎ ENV AIDER_DOCKER_IMAGE=paulgauthier/aider ⏎ COPY . /tmp/aider ⏎ RUN /venv/bin/python -m pip install --upgrade --no-cache-dir pip && /venv/bin/python -m pip install --no-cache-dir /tmp/aider[playwright] boto3 google-cloud-aiplatform --extra-index-url https://download.pytorch.org/whl/cpu && rm -rf /tmp/aider ⏎ RUN /venv/bin/python -m playwright install --with-deps chromium ⏎ RUN find /venv/lib/python3.10/site-packages \( -type d -exec chmod a+rwx {} + \) -o \( -type f -exec chmod a+rw {} + \) ⏎ ENTRYPOINT [""/venv/bin/aider""]"
164d5923d4d7c3e1,judged,P020-s2-1,P020,github.com/aider-ai/aider,snapshot,2dd40fce4442,docker/Dockerfile,aider,,workflow,.dockerignore,{},urllib3,requirements.txt|requirements/common-constraints.txt|requirements/requirements-browser.txt|requirements/requirements-dev.txt|requirements/requirements-help.txt,lockfile,"FROM python:3.10-slim AS base ⏎ RUN apt-get update && apt-get install --no-install-recommends -y build-essential git libportaudio2 pandoc && rm -rf /var/lib/apt/lists/* ⏎ RUN useradd -m -u 1000 -s /bin/bash appuser ⏎ WORKDIR /app ⏎ RUN python -m venv /venv ⏎ ENV PATH=""/venv/bin:$PATH"" ⏎ ENV PLAYWRIGHT_BROWSERS_PATH=/home/appuser/pw-browsers ⏎ ENV PLAYWRIGHT_SKIP_BROWSER_GC=1 ⏎ RUN mkdir -p /home/appuser/.aider /home/appuser/.cache /home/appuser/pw-browsers && chown -R appuser:appuser /home/appuser /app /venv && chmod -R 777 /home/appuser/.aider /home/appuser/.cache /home/appuser/pw-browsers ⏎ RUN git config --system --add safe.directory /app ⏎ ENV HOME=/app ⏎ FROM base AS aider ⏎ ENV AIDER_DOCKER_IMAGE=paulgauthier/aider ⏎ COPY . /tmp/aider ⏎ RUN /venv/bin/python -m pip install --upgrade --no-cache-dir pip && /venv/bin/python -m pip install --no-cache-dir /tmp/aider[playwright] boto3 google-cloud-aiplatform --extra-index-url https://download.pytorch.org/whl/cpu && rm -rf /tmp/aider ⏎ RUN /venv/bin/python -m playwright install --with-deps chromium ⏎ RUN find /venv/lib/python3.10/site-packages \( -type d -exec chmod a+rwx {} + \) -o \( -type f -exec chmod a+rw {} + \) ⏎ ENTRYPOINT [""/venv/bin/aider""]"
164d5923d4d7c3e1,judged,P020-s2-2,P020,github.com/aider-ai/aider,snapshot,2dd40fce4442,docker/Dockerfile,aider-full,,workflow,.dockerignore,{},urllib3,requirements.txt|requirements/common-constraints.txt|requirements/requirements-browser.txt|requirements/requirements-dev.txt|requirements/requirements-help.txt,lockfile,"FROM python:3.10-slim AS base ⏎ RUN apt-get update && apt-get install --no-install-recommends -y build-essential git libportaudio2 pandoc && rm -rf /var/lib/apt/lists/* ⏎ RUN useradd -m -u 1000 -s /bin/bash appuser ⏎ WORKDIR /app ⏎ RUN python -m venv /venv ⏎ ENV PATH=""/venv/bin:$PATH"" ⏎ ENV PLAYWRIGHT_BROWSERS_PATH=/home/appuser/pw-browsers ⏎ ENV PLAYWRIGHT_SKIP_BROWSER_GC=1 ⏎ RUN mkdir -p /home/appuser/.aider /home/appuser/.cache /home/appuser/pw-browsers && chown -R appuser:appuser /home/appuser /app /venv && chmod -R 777 /home/appuser/.aider /home/appuser/.cache /home/appuser/pw-browsers ⏎ RUN git config --system --add safe.directory /app ⏎ ENV HOME=/app ⏎ FROM base AS aider-full ⏎ ENV AIDER_DOCKER_IMAGE=paulgauthier/aider-full ⏎ COPY . /tmp/aider ⏎ RUN /venv/bin/python -m pip install --upgrade --no-cache-dir pip && /venv/bin/python -m pip install --no-cache-dir /tmp/aider[help,browser,playwright] boto3 --extra-index-url https://download.pytorch.org/whl/cpu && rm -rf /tmp/aider ⏎ RUN /venv/bin/python -m playwright install --with-deps chromium ⏎ RUN find /venv/lib/python3.10/site-packages \( -type d -exec chmod a+rwx {} + \) -o \( -type f -exec chmod a+rw {} + \) ⏎ ENTRYPOINT [""/venv/bin/aider""]"
173089cd48646d47,judged,P184-h7-0,P184,github.com/i-am-bee/agentstack,head,79c786049d39,apps/agentstack-server/Dockerfile,,apps/agentstack-server,workflow,,{},cryptography,agents/canvas/uv.lock|agents/chat/uv.lock|agents/form/uv.lock|agents/rag/uv.lock|apps/agentstack-cli/uv.lock|apps/agentstack-sdk-py/uv.lock|apps/agentstack-server/uv.lock,lockfile,"ARG UV_VERSION=0.10.9 ⏎ FROM ghcr.io/astral-sh/uv:${UV_VERSION} AS uv ⏎ FROM python:3.14-alpine3.23@sha256:faee120f7885a06fcc9677922331391fa690d911c020abb9e8025ff3d908e510 ⏎ ENV UV_COMPILE_BYTECODE=1 UV_LINK_MODE=copy HOME=""/tmp"" AGENT_REGISTRY__LOCATIONS__FILE=""file:///app/registry.yaml"" ⏎ RUN --mount=type=cache,target=/tmp/.cache/uv --mount=type=bind,source=dist/requirements.txt,target=/requirements.txt --mount=type=bind,from=uv,source=/uv,target=/bin/uv uv pip install --system -r /requirements.txt ⏎ RUN --mount=type=cache,target=/tmp/.cache/uv --mount=type=bind,source=dist,target=/dist --mount=type=bind,from=uv,source=/uv,target=/bin/uv uv pip install --system /dist/*.tar.gz ⏎ CMD [""agentstack-server""] ⏎ ARG UV_VERSION=0.10.9 ⏎ FROM ghcr.io/astral-sh/uv:${UV_VERSION} AS uv ⏎ FROM python:3.14-alpine3.23@sha256:faee120f7885a06fcc9677922331391fa690d911c020abb9e8025ff3d908e510 ⏎ ENV UV_COMPILE_BYTECODE=1 UV_LINK_MODE=copy HOME=""/tmp"" AGENT_REGISTRY__LOCATIONS__FILE=""file:///app/registry.yaml"" ⏎ RUN --mount=type=cache,target=/tmp/.cache/uv --mount=type=bind,source=dist/requirements.txt,target=/requirements.txt --mount=type=bind,from=uv,source=/uv,target=/bin/uv uv pip install --system -r /requirements.txt ⏎ RUN --mount=type=cache,target=/tmp/.cache/uv --mount=type=bind,source=dist,target=/dist --mount=type=bind,from=uv,source=/uv,target=/bin/uv uv pip install --system /dist/*.tar.gz ⏎ CMD [""agentstack-server""]"
17466ef6b02a7d77,judged,P203-s1-0,P203,github.com/iterorganization/imas-mcp,snapshot,8e1edf9794a4,Dockerfile,,,compose,.dockerignore,"{""BUILDKIT_INLINE_CACHE"": ""1""}",starlette,uv.lock,lockfile,"ARG UV_VERSION=0.7.13 ⏎ FROM ghcr.io/astral-sh/uv:${UV_VERSION} AS uv ⏎ FROM neo4j:2026.01.4-community AS neo4j-src ⏎ FROM python:3.12-slim AS builder ⏎ RUN --mount=type=cache,target=/var/cache/apt,sharing=locked --mount=type=cache,target=/var/lib/apt,sharing=locked apt-get update && apt-get install -y --no-install-recommends git gcc g++ python3-dev curl && rm -rf /var/lib/apt/lists/* ⏎ COPY --from=uv /uv /bin/ ⏎ WORKDIR /app ⏎ ARG IDS_FILTER="""" ⏎ ARG TRANSPORT=""streamable-http"" ⏎ ARG GIT_SHA="""" ⏎ ARG GIT_TAG="""" ⏎ ARG GIT_REF="""" ⏎ ENV PYTHONPATH=""/app"" IDS_FILTER=${IDS_FILTER} TRANSPORT=${TRANSPORT} PYTHONUNBUFFERED=1 PYTHONDONTWRITEBYTECODE=1 HATCH_BUILD_NO_HOOKS=true OPENROUTER_BASE_URL=https://openrouter.ai/api/v1 ⏎ COPY .git/ ./.git/ ⏎ RUN git config --global --add safe.directory /app ⏎ RUN git config core.sparseCheckout true && git sparse-checkout init --no-cone && git sparse-checkout set pyproject.toml uv.lock && git reset --hard HEAD && echo ""Sparse checkout (phase 1) paths:"" && git sparse-checkout list ⏎ ENV UV_EXTRA_INDEX_URL=""https://download.pytorch.org/whl/cpu"" ⏎ RUN --mount=type=cache,target=/root/.cache/uv,sharing=locked uv sync --no-dev --no-install-project --frozen --extra cpu || (echo ""Dependency sync failed (lock mismatch). Run 'uv lock' locally and commit changes."" >&2; exit 1) && if [ -n ""$(git status --porcelain uv.lock)"" ]; then echo ""uv.lock changed during dep sync (unexpected)."" >&2; exit 1; fi ⏎ RUN git sparse-checkout set pyproject.toml uv.lock README.md imas_codex scripts hatch_build_hooks.py && git reset --hard HEAD && echo ""Sparse checkout (phase 2) paths:"" && git sparse-checkout list && echo ""Git status after expanding sparse set (should be clean):"" && git status --porcelain ⏎ RUN --mount=type=cache,target=/root/.cache/uv,sharing=locked echo ""Pre-install (project) git status (should be clean):"" && git status --porcelain && uv sync --no-dev --reinstall-package imas-codex --no-editable --frozen --extra cpu && if [ -n ""$(git status --porcelain uv.lock)"" ]; then echo ""uv.lock changed during project install (lock out of date). Run 'uv lock' and recommit."" >&2; exit 1; fi && echo ⏎  ""Post-install git status (should still be clean):"" && git status --porcelain && if [ -n ""$(git status --porcelain)"" ]; then echo ""Git tree became dirty during project install (will cause dev version)"" >&2; exit 1; else echo ""Repository clean; hatch-vcs should emit tag version""; fi ⏎ RUN --mount=type=cache,target=/root/.cache/uv,sharing=locked echo ""Installing build-requires for model generation..."" && uv pip install linkml linkml-runtime && echo ""Building generated models..."" && uv run --no-dev build-models --force && echo ""✓ Generated models ready"" ⏎ ENV HF_HOME=/app/.cache/huggingface ⏎ RUN --mount=type=cache,target=/root/.cache/uv,sharing=locked for i in 1 2 3; do uv run python -c ""from sentence_transformers import SentenceTransformer; SentenceTransformer('Qwen/Qwen3-Embedding-0.6B', trust_remote_code=True)"" && echo ""✓ Embedding model cached"" && break || echo ""⚠ Attempt $i failed, retrying in 10s..."" && sleep 10; done && test -d /app/.cache/huggingface/hub/models--Qwen--Qwen3-Embedd ⏎ ing-0.6B ⏎ ARG ORAS_VERSION=1.2.0 ⏎ RUN curl -sLO ""https://github.com/oras-project/oras/releases/download/v${ORAS_VERSION}/oras_${ORAS_VERSION}_linux_amd64.tar.gz"" && tar -xzf ""oras_${ORAS_VERSION}_linux_amd64.tar.gz"" -C /usr/local/bin oras && rm -f ""oras_${ORAS_VERSION}_linux_amd64.tar.gz"" ⏎ ARG GHCR_REGISTRY=""ghcr.io/iterorganization"" ⏎ ARG GRAPH_TAG=""latest"" ⏎ ARG GRAPH_PACKAGE=""imas-codex-graph-imas"" ⏎ RUN --mount=type=secret,id=GHCR_TOKEN mkdir -p /tmp/graph-pull && GHCR_TOKEN=$(cat /run/secrets/GHCR_TOKEN 2>/dev/null || echo """") && if [ -z ""$GHCR_TOKEN"" ] || [ ""$GRAPH_TAG"" = ""none"" ]; then echo ""⚠ Skipping graph pull (token=${GHCR_TOKEN:+set}${GHCR_TOKEN:-missing}, tag=${GRAPH_TAG})"" >&2; touch /tmp/graph-pull/.no-graph; elif echo ""$GHCR_TOKEN"" | oras login ghcr.io --username __token__ --password- ⏎ stdin && oras pull --allow-path-traversal ""${GHCR_REGISTRY}/${GRAPH_PACKAGE}:${GRAPH_TAG}"" -o /tmp/graph-pull; then echo ""✓ Graph downloaded""; if ! ls /tmp/graph-pull/*.tar.gz >/dev/null 2>&1; then FOUND=$(find /tmp -name ""*.tar.gz"" -not -path ""/tmp/graph-pull/*"" 2>/dev/null | head -1); if [ -n ""$FOUND"" ]; then echo ""Moving archive from $FOUND to /tmp/graph-pull/""; mv ""$FOUND"" /tmp/graph-pull/; fi ⏎ ; fi; ls -la /tmp/graph-pull/; else echo ""⚠ Graph pull failed — building without pre-loaded graph"" >&2; touch /tmp/graph-pull/.no-graph; fi ⏎ FROM neo4j:2026.01.4-community AS graph-loader ⏎ ARG GRAPH_TAG=""latest"" ⏎ RUN echo ""Graph tag: ${GRAPH_TAG}"" > /dev/null ⏎ COPY --from=builder /tmp/graph-pull/ /tmp/graph-pull/ ⏎ RUN set -e && if [ -f /tmp/graph-pull/.no-graph ]; then echo ""⚠ No graph data — creating empty Neo4j database""; mkdir -p /data/databases/neo4j /data/transactions/neo4j; else cd /tmp/graph-pull && DUMP=$(ls *.dump 2>/dev/null | head -1) && ARCHIVE=$(ls *.tar.gz 2>/dev/null | head -1) && if [ -n ""$DUMP"" ]; then echo ""Loading dump directly: $DUMP"" && mkdir -p /tmp/dumps && cp ""$DUMP"" /tmp/dumps/neo4j.dum ⏎ p; elif [ -n ""$ARCHIVE"" ]; then echo ""Extracting: $ARCHIVE"" && mkdir -p /tmp/graph-extracted && tar -xzf ""$ARCHIVE"" -C /tmp/graph-extracted && DUMP=$(find /tmp/graph-extracted -name ""*.dump"" -type f | head -1) && if [ -z ""$DUMP"" ]; then echo ""ERROR: No .dump file found in archive"" >&2; find /tmp/graph-extracted -type f >&2; exit 1; fi && mkdir -p /tmp/dumps && cp ""$DUMP"" /tmp/dumps/neo4j.dump; els ⏎ e echo ""ERROR: No .dump or .tar.gz found in /tmp/graph-pull/"" >&2; ls -la /tmp/graph-pull/ >&2; exit 1; fi && neo4j-admin database load neo4j --from-path=/tmp/dumps --overwrite-destination && echo ""✓ Graph loaded into Neo4j data directory""; fi && rm -rf /tmp/graph-pull /tmp/graph-extracted /tmp/dumps ⏎ FROM python:3.12-slim ⏎ RUN apt-get update && apt-get install -y --no-install-recommends curl procps && rm -rf /var/lib/apt/lists/* ⏎ COPY --from=neo4j-src /opt/java/openjdk /opt/java/openjdk ⏎ ENV JAVA_HOME=/opt/java/openjdk ⏎ ENV PATH=""${JAVA_HOME}/bin:${PATH}"" ⏎ COPY --from=neo4j-src /var/lib/neo4j /opt/neo4j ⏎ COPY --from=neo4j-src /var/lib/neo4j/conf /opt/neo4j/conf ⏎ COPY --from=graph-loader /data /opt/neo4j/data ⏎ RUN rm -rf /opt/neo4j/logs && mkdir -p /opt/neo4j/logs && echo ""server.bolt.listen_address=127.0.0.1:7687"" >> /opt/neo4j/conf/neo4j.conf && echo ""server.http.listen_address=127.0.0.1:7474"" >> /opt/neo4j/conf/neo4j.conf && echo ""server.default_listen_address=127.0.0.1"" >> /opt/neo4j/conf/neo4j.conf && echo ""server.memory.heap.initial_size=256m"" >> /opt/neo4j/conf/neo4j.conf && echo ""server.memory.heap. ⏎ max_size=512m"" >> /opt/neo4j/conf/neo4j.conf && echo ""dbms.security.auth_enabled=false"" >> /opt/neo4j/conf/neo4j.conf ⏎ ENV NEO4J_HOME=/opt/neo4j ⏎ COPY --from=builder /bin/uv /bin/ ⏎ COPY --from=builder /app /app ⏎ COPY docker-entrypoint.sh /usr/local/bin/docker-entrypoint.sh ⏎ RUN chmod +x /usr/local/bin/docker-entrypoint.sh ⏎ WORKDIR /app ⏎ ARG IDS_FILTER="""" ⏎ ENV PYTHONPATH=""/app"" PYTHONUNBUFFERED=1 PYTHONDONTWRITEBYTECODE=1 OPENROUTER_BASE_URL=https://openrouter.ai/api/v1 PATH=""/app/.venv/bin:${PATH}"" IDS_FILTER=${IDS_FILTER} NEO4J_URI=""bolt://127.0.0.1:7687"" NEO4J_USERNAME=""neo4j"" NEO4J_PASSWORD=""neo4j"" IMAS_CODEX_GRAPH_LOCATION=local IMAS_CODEX_EMBEDDING_LOCATION=local HF_HOME=/app/.cache/huggingface ⏎ ENTRYPOINT [""/usr/local/bin/docker-entrypoint.sh""] ⏎ CMD [""serve"", ""--transport"", ""streamable-http"", ""--host"", ""0.0.0.0"", ""--port"", ""8000""]"
17466ef6b02a7d77,judged,P203-s1-1,P203,github.com/iterorganization/imas-mcp,snapshot,8e1edf9794a4,Dockerfile,,,workflow,.dockerignore,"{""GRAPH_PACKAGE"": ""imas-codex-graph-imas"", ""TRANSPORT"": ""streamable-http""}",starlette,uv.lock,lockfile,"ARG UV_VERSION=0.7.13 ⏎ FROM ghcr.io/astral-sh/uv:${UV_VERSION} AS uv ⏎ FROM neo4j:2026.01.4-community AS neo4j-src ⏎ FROM python:3.12-slim AS builder ⏎ RUN --mount=type=cache,target=/var/cache/apt,sharing=locked --mount=type=cache,target=/var/lib/apt,sharing=locked apt-get update && apt-get install -y --no-install-recommends git gcc g++ python3-dev curl && rm -rf /var/lib/apt/lists/* ⏎ COPY --from=uv /uv /bin/ ⏎ WORKDIR /app ⏎ ARG IDS_FILTER="""" ⏎ ARG TRANSPORT=""streamable-http"" ⏎ ARG GIT_SHA="""" ⏎ ARG GIT_TAG="""" ⏎ ARG GIT_REF="""" ⏎ ENV PYTHONPATH=""/app"" IDS_FILTER=${IDS_FILTER} TRANSPORT=${TRANSPORT} PYTHONUNBUFFERED=1 PYTHONDONTWRITEBYTECODE=1 HATCH_BUILD_NO_HOOKS=true OPENROUTER_BASE_URL=https://openrouter.ai/api/v1 ⏎ COPY .git/ ./.git/ ⏎ RUN git config --global --add safe.directory /app ⏎ RUN git config core.sparseCheckout true && git sparse-checkout init --no-cone && git sparse-checkout set pyproject.toml uv.lock && git reset --hard HEAD && echo ""Sparse checkout (phase 1) paths:"" && git sparse-checkout list ⏎ ENV UV_EXTRA_INDEX_URL=""https://download.pytorch.org/whl/cpu"" ⏎ RUN --mount=type=cache,target=/root/.cache/uv,sharing=locked uv sync --no-dev --no-install-project --frozen --extra cpu || (echo ""Dependency sync failed (lock mismatch). Run 'uv lock' locally and commit changes."" >&2; exit 1) && if [ -n ""$(git status --porcelain uv.lock)"" ]; then echo ""uv.lock changed during dep sync (unexpected)."" >&2; exit 1; fi ⏎ RUN git sparse-checkout set pyproject.toml uv.lock README.md imas_codex scripts hatch_build_hooks.py && git reset --hard HEAD && echo ""Sparse checkout (phase 2) paths:"" && git sparse-checkout list && echo ""Git status after expanding sparse set (should be clean):"" && git status --porcelain ⏎ RUN --mount=type=cache,target=/root/.cache/uv,sharing=locked echo ""Pre-install (project) git status (should be clean):"" && git status --porcelain && uv sync --no-dev --reinstall-package imas-codex --no-editable --frozen --extra cpu && if [ -n ""$(git status --porcelain uv.lock)"" ]; then echo ""uv.lock changed during project install (lock out of date). Run 'uv lock' and recommit."" >&2; exit 1; fi && echo ⏎  ""Post-install git status (should still be clean):"" && git status --porcelain && if [ -n ""$(git status --porcelain)"" ]; then echo ""Git tree became dirty during project install (will cause dev version)"" >&2; exit 1; else echo ""Repository clean; hatch-vcs should emit tag version""; fi ⏎ RUN --mount=type=cache,target=/root/.cache/uv,sharing=locked echo ""Installing build-requires for model generation..."" && uv pip install linkml linkml-runtime && echo ""Building generated models..."" && uv run --no-dev build-models --force && echo ""✓ Generated models ready"" ⏎ ENV HF_HOME=/app/.cache/huggingface ⏎ RUN --mount=type=cache,target=/root/.cache/uv,sharing=locked for i in 1 2 3; do uv run python -c ""from sentence_transformers import SentenceTransformer; SentenceTransformer('Qwen/Qwen3-Embedding-0.6B', trust_remote_code=True)"" && echo ""✓ Embedding model cached"" && break || echo ""⚠ Attempt $i failed, retrying in 10s..."" && sleep 10; done && test -d /app/.cache/huggingface/hub/models--Qwen--Qwen3-Embedd ⏎ ing-0.6B ⏎ ARG ORAS_VERSION=1.2.0 ⏎ RUN curl -sLO ""https://github.com/oras-project/oras/releases/download/v${ORAS_VERSION}/oras_${ORAS_VERSION}_linux_amd64.tar.gz"" && tar -xzf ""oras_${ORAS_VERSION}_linux_amd64.tar.gz"" -C /usr/local/bin oras && rm -f ""oras_${ORAS_VERSION}_linux_amd64.tar.gz"" ⏎ ARG GHCR_REGISTRY=""ghcr.io/iterorganization"" ⏎ ARG GRAPH_TAG=""latest"" ⏎ ARG GRAPH_PACKAGE=""imas-codex-graph-imas"" ⏎ RUN --mount=type=secret,id=GHCR_TOKEN mkdir -p /tmp/graph-pull && GHCR_TOKEN=$(cat /run/secrets/GHCR_TOKEN 2>/dev/null || echo """") && if [ -z ""$GHCR_TOKEN"" ] || [ ""$GRAPH_TAG"" = ""none"" ]; then echo ""⚠ Skipping graph pull (token=${GHCR_TOKEN:+set}${GHCR_TOKEN:-missing}, tag=${GRAPH_TAG})"" >&2; touch /tmp/graph-pull/.no-graph; elif echo ""$GHCR_TOKEN"" | oras login ghcr.io --username __token__ --password- ⏎ stdin && oras pull --allow-path-traversal ""${GHCR_REGISTRY}/${GRAPH_PACKAGE}:${GRAPH_TAG}"" -o /tmp/graph-pull; then echo ""✓ Graph downloaded""; if ! ls /tmp/graph-pull/*.tar.gz >/dev/null 2>&1; then FOUND=$(find /tmp -name ""*.tar.gz"" -not -path ""/tmp/graph-pull/*"" 2>/dev/null | head -1); if [ -n ""$FOUND"" ]; then echo ""Moving archive from $FOUND to /tmp/graph-pull/""; mv ""$FOUND"" /tmp/graph-pull/; fi ⏎ ; fi; ls -la /tmp/graph-pull/; else echo ""⚠ Graph pull failed — building without pre-loaded graph"" >&2; touch /tmp/graph-pull/.no-graph; fi ⏎ FROM neo4j:2026.01.4-community AS graph-loader ⏎ ARG GRAPH_TAG=""latest"" ⏎ RUN echo ""Graph tag: ${GRAPH_TAG}"" > /dev/null ⏎ COPY --from=builder /tmp/graph-pull/ /tmp/graph-pull/ ⏎ RUN set -e && if [ -f /tmp/graph-pull/.no-graph ]; then echo ""⚠ No graph data — creating empty Neo4j database""; mkdir -p /data/databases/neo4j /data/transactions/neo4j; else cd /tmp/graph-pull && DUMP=$(ls *.dump 2>/dev/null | head -1) && ARCHIVE=$(ls *.tar.gz 2>/dev/null | head -1) && if [ -n ""$DUMP"" ]; then echo ""Loading dump directly: $DUMP"" && mkdir -p /tmp/dumps && cp ""$DUMP"" /tmp/dumps/neo4j.dum ⏎ p; elif [ -n ""$ARCHIVE"" ]; then echo ""Extracting: $ARCHIVE"" && mkdir -p /tmp/graph-extracted && tar -xzf ""$ARCHIVE"" -C /tmp/graph-extracted && DUMP=$(find /tmp/graph-extracted -name ""*.dump"" -type f | head -1) && if [ -z ""$DUMP"" ]; then echo ""ERROR: No .dump file found in archive"" >&2; find /tmp/graph-extracted -type f >&2; exit 1; fi && mkdir -p /tmp/dumps && cp ""$DUMP"" /tmp/dumps/neo4j.dump; els ⏎ e echo ""ERROR: No .dump or .tar.gz found in /tmp/graph-pull/"" >&2; ls -la /tmp/graph-pull/ >&2; exit 1; fi && neo4j-admin database load neo4j --from-path=/tmp/dumps --overwrite-destination && echo ""✓ Graph loaded into Neo4j data directory""; fi && rm -rf /tmp/graph-pull /tmp/graph-extracted /tmp/dumps ⏎ FROM python:3.12-slim ⏎ RUN apt-get update && apt-get install -y --no-install-recommends curl procps && rm -rf /var/lib/apt/lists/* ⏎ COPY --from=neo4j-src /opt/java/openjdk /opt/java/openjdk ⏎ ENV JAVA_HOME=/opt/java/openjdk ⏎ ENV PATH=""${JAVA_HOME}/bin:${PATH}"" ⏎ COPY --from=neo4j-src /var/lib/neo4j /opt/neo4j ⏎ COPY --from=neo4j-src /var/lib/neo4j/conf /opt/neo4j/conf ⏎ COPY --from=graph-loader /data /opt/neo4j/data ⏎ RUN rm -rf /opt/neo4j/logs && mkdir -p /opt/neo4j/logs && echo ""server.bolt.listen_address=127.0.0.1:7687"" >> /opt/neo4j/conf/neo4j.conf && echo ""server.http.listen_address=127.0.0.1:7474"" >> /opt/neo4j/conf/neo4j.conf && echo ""server.default_listen_address=127.0.0.1"" >> /opt/neo4j/conf/neo4j.conf && echo ""server.memory.heap.initial_size=256m"" >> /opt/neo4j/conf/neo4j.conf && echo ""server.memory.heap. ⏎ max_size=512m"" >> /opt/neo4j/conf/neo4j.conf && echo ""dbms.security.auth_enabled=false"" >> /opt/neo4j/conf/neo4j.conf ⏎ ENV NEO4J_HOME=/opt/neo4j ⏎ COPY --from=builder /bin/uv /bin/ ⏎ COPY --from=builder /app /app ⏎ COPY docker-entrypoint.sh /usr/local/bin/docker-entrypoint.sh ⏎ RUN chmod +x /usr/local/bin/docker-entrypoint.sh ⏎ WORKDIR /app ⏎ ARG IDS_FILTER="""" ⏎ ENV PYTHONPATH=""/app"" PYTHONUNBUFFERED=1 PYTHONDONTWRITEBYTECODE=1 OPENROUTER_BASE_URL=https://openrouter.ai/api/v1 PATH=""/app/.venv/bin:${PATH}"" IDS_FILTER=${IDS_FILTER} NEO4J_URI=""bolt://127.0.0.1:7687"" NEO4J_USERNAME=""neo4j"" NEO4J_PASSWORD=""neo4j"" IMAS_CODEX_GRAPH_LOCATION=local IMAS_CODEX_EMBEDDING_LOCATION=local HF_HOME=/app/.cache/huggingface ⏎ ENTRYPOINT [""/usr/local/bin/docker-entrypoint.sh""] ⏎ CMD [""serve"", ""--transport"", ""streamable-http"", ""--host"", ""0.0.0.0"", ""--port"", ""8000""]"
17466ef6b02a7d77,judged,P203-s1-2,P203,github.com/iterorganization/imas-mcp,snapshot,8e1edf9794a4,Dockerfile,,,workflow,.dockerignore,"{""IDS_FILTER"": """", ""TRANSPORT"": ""streamable-http""}",starlette,uv.lock,lockfile,"ARG UV_VERSION=0.7.13 ⏎ FROM ghcr.io/astral-sh/uv:${UV_VERSION} AS uv ⏎ FROM neo4j:2026.01.4-community AS neo4j-src ⏎ FROM python:3.12-slim AS builder ⏎ RUN --mount=type=cache,target=/var/cache/apt,sharing=locked --mount=type=cache,target=/var/lib/apt,sharing=locked apt-get update && apt-get install -y --no-install-recommends git gcc g++ python3-dev curl && rm -rf /var/lib/apt/lists/* ⏎ COPY --from=uv /uv /bin/ ⏎ WORKDIR /app ⏎ ARG IDS_FILTER="""" ⏎ ARG TRANSPORT=""streamable-http"" ⏎ ARG GIT_SHA="""" ⏎ ARG GIT_TAG="""" ⏎ ARG GIT_REF="""" ⏎ ENV PYTHONPATH=""/app"" IDS_FILTER=${IDS_FILTER} TRANSPORT=${TRANSPORT} PYTHONUNBUFFERED=1 PYTHONDONTWRITEBYTECODE=1 HATCH_BUILD_NO_HOOKS=true OPENROUTER_BASE_URL=https://openrouter.ai/api/v1 ⏎ COPY .git/ ./.git/ ⏎ RUN git config --global --add safe.directory /app ⏎ RUN git config core.sparseCheckout true && git sparse-checkout init --no-cone && git sparse-checkout set pyproject.toml uv.lock && git reset --hard HEAD && echo ""Sparse checkout (phase 1) paths:"" && git sparse-checkout list ⏎ ENV UV_EXTRA_INDEX_URL=""https://download.pytorch.org/whl/cpu"" ⏎ RUN --mount=type=cache,target=/root/.cache/uv,sharing=locked uv sync --no-dev --no-install-project --frozen --extra cpu || (echo ""Dependency sync failed (lock mismatch). Run 'uv lock' locally and commit changes."" >&2; exit 1) && if [ -n ""$(git status --porcelain uv.lock)"" ]; then echo ""uv.lock changed during dep sync (unexpected)."" >&2; exit 1; fi ⏎ RUN git sparse-checkout set pyproject.toml uv.lock README.md imas_codex scripts hatch_build_hooks.py && git reset --hard HEAD && echo ""Sparse checkout (phase 2) paths:"" && git sparse-checkout list && echo ""Git status after expanding sparse set (should be clean):"" && git status --porcelain ⏎ RUN --mount=type=cache,target=/root/.cache/uv,sharing=locked echo ""Pre-install (project) git status (should be clean):"" && git status --porcelain && uv sync --no-dev --reinstall-package imas-codex --no-editable --frozen --extra cpu && if [ -n ""$(git status --porcelain uv.lock)"" ]; then echo ""uv.lock changed during project install (lock out of date). Run 'uv lock' and recommit."" >&2; exit 1; fi && echo ⏎  ""Post-install git status (should still be clean):"" && git status --porcelain && if [ -n ""$(git status --porcelain)"" ]; then echo ""Git tree became dirty during project install (will cause dev version)"" >&2; exit 1; else echo ""Repository clean; hatch-vcs should emit tag version""; fi ⏎ RUN --mount=type=cache,target=/root/.cache/uv,sharing=locked echo ""Installing build-requires for model generation..."" && uv pip install linkml linkml-runtime && echo ""Building generated models..."" && uv run --no-dev build-models --force && echo ""✓ Generated models ready"" ⏎ ENV HF_HOME=/app/.cache/huggingface ⏎ RUN --mount=type=cache,target=/root/.cache/uv,sharing=locked for i in 1 2 3; do uv run python -c ""from sentence_transformers import SentenceTransformer; SentenceTransformer('Qwen/Qwen3-Embedding-0.6B', trust_remote_code=True)"" && echo ""✓ Embedding model cached"" && break || echo ""⚠ Attempt $i failed, retrying in 10s..."" && sleep 10; done && test -d /app/.cache/huggingface/hub/models--Qwen--Qwen3-Embedd ⏎ ing-0.6B ⏎ ARG ORAS_VERSION=1.2.0 ⏎ RUN curl -sLO ""https://github.com/oras-project/oras/releases/download/v${ORAS_VERSION}/oras_${ORAS_VERSION}_linux_amd64.tar.gz"" && tar -xzf ""oras_${ORAS_VERSION}_linux_amd64.tar.gz"" -C /usr/local/bin oras && rm -f ""oras_${ORAS_VERSION}_linux_amd64.tar.gz"" ⏎ ARG GHCR_REGISTRY=""ghcr.io/iterorganization"" ⏎ ARG GRAPH_TAG=""latest"" ⏎ ARG GRAPH_PACKAGE=""imas-codex-graph-imas"" ⏎ RUN --mount=type=secret,id=GHCR_TOKEN mkdir -p /tmp/graph-pull && GHCR_TOKEN=$(cat /run/secrets/GHCR_TOKEN 2>/dev/null || echo """") && if [ -z ""$GHCR_TOKEN"" ] || [ ""$GRAPH_TAG"" = ""none"" ]; then echo ""⚠ Skipping graph pull (token=${GHCR_TOKEN:+set}${GHCR_TOKEN:-missing}, tag=${GRAPH_TAG})"" >&2; touch /tmp/graph-pull/.no-graph; elif echo ""$GHCR_TOKEN"" | oras login ghcr.io --username __token__ --password- ⏎ stdin && oras pull --allow-path-traversal ""${GHCR_REGISTRY}/${GRAPH_PACKAGE}:${GRAPH_TAG}"" -o /tmp/graph-pull; then echo ""✓ Graph downloaded""; if ! ls /tmp/graph-pull/*.tar.gz >/dev/null 2>&1; then FOUND=$(find /tmp -name ""*.tar.gz"" -not -path ""/tmp/graph-pull/*"" 2>/dev/null | head -1); if [ -n ""$FOUND"" ]; then echo ""Moving archive from $FOUND to /tmp/graph-pull/""; mv ""$FOUND"" /tmp/graph-pull/; fi ⏎ ; fi; ls -la /tmp/graph-pull/; else echo ""⚠ Graph pull failed — building without pre-loaded graph"" >&2; touch /tmp/graph-pull/.no-graph; fi ⏎ FROM neo4j:2026.01.4-community AS graph-loader ⏎ ARG GRAPH_TAG=""latest"" ⏎ RUN echo ""Graph tag: ${GRAPH_TAG}"" > /dev/null ⏎ COPY --from=builder /tmp/graph-pull/ /tmp/graph-pull/ ⏎ RUN set -e && if [ -f /tmp/graph-pull/.no-graph ]; then echo ""⚠ No graph data — creating empty Neo4j database""; mkdir -p /data/databases/neo4j /data/transactions/neo4j; else cd /tmp/graph-pull && DUMP=$(ls *.dump 2>/dev/null | head -1) && ARCHIVE=$(ls *.tar.gz 2>/dev/null | head -1) && if [ -n ""$DUMP"" ]; then echo ""Loading dump directly: $DUMP"" && mkdir -p /tmp/dumps && cp ""$DUMP"" /tmp/dumps/neo4j.dum ⏎ p; elif [ -n ""$ARCHIVE"" ]; then echo ""Extracting: $ARCHIVE"" && mkdir -p /tmp/graph-extracted && tar -xzf ""$ARCHIVE"" -C /tmp/graph-extracted && DUMP=$(find /tmp/graph-extracted -name ""*.dump"" -type f | head -1) && if [ -z ""$DUMP"" ]; then echo ""ERROR: No .dump file found in archive"" >&2; find /tmp/graph-extracted -type f >&2; exit 1; fi && mkdir -p /tmp/dumps && cp ""$DUMP"" /tmp/dumps/neo4j.dump; els ⏎ e echo ""ERROR: No .dump or .tar.gz found in /tmp/graph-pull/"" >&2; ls -la /tmp/graph-pull/ >&2; exit 1; fi && neo4j-admin database load neo4j --from-path=/tmp/dumps --overwrite-destination && echo ""✓ Graph loaded into Neo4j data directory""; fi && rm -rf /tmp/graph-pull /tmp/graph-extracted /tmp/dumps ⏎ FROM python:3.12-slim ⏎ RUN apt-get update && apt-get install -y --no-install-recommends curl procps && rm -rf /var/lib/apt/lists/* ⏎ COPY --from=neo4j-src /opt/java/openjdk /opt/java/openjdk ⏎ ENV JAVA_HOME=/opt/java/openjdk ⏎ ENV PATH=""${JAVA_HOME}/bin:${PATH}"" ⏎ COPY --from=neo4j-src /var/lib/neo4j /opt/neo4j ⏎ COPY --from=neo4j-src /var/lib/neo4j/conf /opt/neo4j/conf ⏎ COPY --from=graph-loader /data /opt/neo4j/data ⏎ RUN rm -rf /opt/neo4j/logs && mkdir -p /opt/neo4j/logs && echo ""server.bolt.listen_address=127.0.0.1:7687"" >> /opt/neo4j/conf/neo4j.conf && echo ""server.http.listen_address=127.0.0.1:7474"" >> /opt/neo4j/conf/neo4j.conf && echo ""server.default_listen_address=127.0.0.1"" >> /opt/neo4j/conf/neo4j.conf && echo ""server.memory.heap.initial_size=256m"" >> /opt/neo4j/conf/neo4j.conf && echo ""server.memory.heap. ⏎ max_size=512m"" >> /opt/neo4j/conf/neo4j.conf && echo ""dbms.security.auth_enabled=false"" >> /opt/neo4j/conf/neo4j.conf ⏎ ENV NEO4J_HOME=/opt/neo4j ⏎ COPY --from=builder /bin/uv /bin/ ⏎ COPY --from=builder /app /app ⏎ COPY docker-entrypoint.sh /usr/local/bin/docker-entrypoint.sh ⏎ RUN chmod +x /usr/local/bin/docker-entrypoint.sh ⏎ WORKDIR /app ⏎ ARG IDS_FILTER="""" ⏎ ENV PYTHONPATH=""/app"" PYTHONUNBUFFERED=1 PYTHONDONTWRITEBYTECODE=1 OPENROUTER_BASE_URL=https://openrouter.ai/api/v1 PATH=""/app/.venv/bin:${PATH}"" IDS_FILTER=${IDS_FILTER} NEO4J_URI=""bolt://127.0.0.1:7687"" NEO4J_USERNAME=""neo4j"" NEO4J_PASSWORD=""neo4j"" IMAS_CODEX_GRAPH_LOCATION=local IMAS_CODEX_EMBEDDING_LOCATION=local HF_HOME=/app/.cache/huggingface ⏎ ENTRYPOINT [""/usr/local/bin/docker-entrypoint.sh""] ⏎ CMD [""serve"", ""--transport"", ""streamable-http"", ""--host"", ""0.0.0.0"", ""--port"", ""8000""]"
1978484e0b272ee8,judged,P168-h2-0,P168,github.com/geonode/geonode,head,d20eac4e7b2c,docker/base/ubuntu/24/Dockerfile,,docker/base/ubuntu/24,recipe directory,,{},cryptography,pyproject.toml,exact pin,"FROM ubuntu:24.04 ⏎ RUN apt-get update -y && apt-get install curl wget unzip gnupg2 -y ⏎ RUN wget --quiet -O - https://www.postgresql.org/media/keys/ACCC4CF8.asc | apt-key add - ⏎ RUN apt-get install lsb-release -y ⏎ RUN echo ""deb https://apt.postgresql.org/pub/repos/apt/ `lsb_release -cs`-pgdg main"" |tee  /etc/apt/sources.list.d/pgdg.list ⏎ RUN printf 'Package: *\nPin: release o=apt.postgresql.org\nPin-Priority: -1\n\nPackage: postgresql-client-15 postgresql-client-common\nPin: release o=apt.postgresql.org\nPin-Priority: 500\n' > /etc/apt/preferences.d/pgdg ⏎ RUN apt-get install -y libgdal-dev libpq-dev libxml2-dev libxml2 libxslt1-dev zlib1g-dev libjpeg-dev libmemcached-dev libldap2-dev libsasl2-dev libffi-dev ⏎ RUN apt-get update -y && apt-get install -y --no-install-recommends gcc vim zip gettext geoip-bin cron postgresql-client-15 python3-all-dev python3-dev python3-gdal python3-psycopg2 python3-ldap python3-pip python3-lxml uwsgi uwsgi-plugin-python3 python3-gdbm python3-venv python-is-python3 gdal-bin ⏎ RUN apt-get install -y devscripts build-essential debhelper pkg-kde-tools sharutils ⏎ RUN python -m venv /usr/src/venv ⏎ ENV PATH=""/usr/src/venv/bin:$PATH"" ⏎ RUN . /usr/src/venv/bin/activate ⏎ RUN pip3 install uwsgi && pip install pip --upgrade && pip install wheel==0.38.1 && pip install invoke==2.2.0 && pip install GDAL==3.8.4 ⏎ RUN ln -s $(which invoke) /usr/local/bin/invoke ⏎ RUN pip install sherlock ⏎ RUN rm -rf /var/lib/apt/lists/*"
