date,v,n
2025-11-04,1.40.65,5402889
2025-11-04,1.40.66,991200
2025-11-04,~other,41660370
2025-11-05,1.40.65,278165
2025-11-05,1.40.66,5445427
2025-11-05,1.40.67,902518
2025-11-05,~other,43893061
2025-11-06,1.40.65,235079
2025-11-06,1.40.66,298227
2025-11-06,1.40.67,5614619
2025-11-06,1.40.68,877850
2025-11-06,~other,44251778
2025-11-07,1.40.65,220793
2025-11-07,1.40.66,235537
2025-11-07,1.40.67,294603
2025-11-07,1.40.68,5246671
2025-11-07,1.40.69,845312
2025-11-07,~other,42127725
2025-11-08,1.40.65,151742
2025-11-08,1.40.66,155336
2025-11-08,1.40.67,157482
2025-11-08,1.40.68,196574
2025-11-08,1.40.69,4175746
2025-11-08,~other,29206500
2025-11-09,1.40.65,150993
2025-11-09,1.40.66,152270
2025-11-09,1.40.67,156174
2025-11-09,1.40.68,195201
2025-11-09,1.40.69,4184364
2025-11-09,~other,27827177
2025-11-11,1.40.65,180364
2025-11-11,1.40.66,190223
2025-11-11,1.40.67,186832
2025-11-11,1.40.68,181931
2025-11-11,1.40.69,290178
2025-11-11,1.40.70,5321521
2025-11-11,1.40.71,917140
2025-11-11,~other,41465896
2025-11-12,1.40.65,155244
2025-11-12,1.40.66,170556
2025-11-12,1.40.67,162647
2025-11-12,1.40.68,166359
2025-11-12,1.40.69,223043
2025-11-12,1.40.70,647196
2025-11-12,1.40.71,5467622
2025-11-12,1.40.72,909816
2025-11-12,~other,48783703
2025-11-13,1.40.65,149817
2025-11-13,1.40.66,164599
2025-11-13,1.40.67,156999
2025-11-13,1.40.68,172777
2025-11-13,1.40.69,220651
2025-11-13,1.40.70,606685
2025-11-13,1.40.71,418196
2025-11-13,1.40.72,5486411
2025-11-13,1.40.73,1007708
2025-11-13,~other,48016407
2025-11-14,1.40.65,144380
2025-11-14,1.40.66,158457
2025-11-14,1.40.67,155369
2025-11-14,1.40.68,157184
2025-11-14,1.40.69,193954
2025-11-14,1.40.70,567431
2025-11-14,1.40.71,343726
2025-11-14,1.40.72,405235
2025-11-14,1.40.73,5259669
2025-11-14,1.40.74,889168
2025-11-14,~other,41833001
2025-11-15,1.40.65,73476
2025-11-15,1.40.66,79557
2025-11-15,1.40.67,80161
2025-11-15,1.40.68,76788
2025-11-15,1.40.69,93233
2025-11-15,1.40.70,349754
2025-11-15,1.40.71,187291
2025-11-15,1.40.72,187639
2025-11-15,1.40.73,242226
2025-11-15,1.40.74,4447914
2025-11-15,~other,27313423
2025-11-16,1.40.65,60931
2025-11-16,1.40.66,63509
2025-11-16,1.40.67,65216
2025-11-16,1.40.68,61177
2025-11-16,1.40.69,72592
2025-11-16,1.40.70,427447
2025-11-16,1.40.71,216561
2025-11-16,1.40.72,217595
2025-11-16,1.40.73,269575
2025-11-16,1.40.74,4421291
2025-11-16,~other,26323962
2025-11-18,1.40.65,118462
2025-11-18,1.40.66,153708
2025-11-18,1.40.67,159436
2025-11-18,1.40.68,153652
2025-11-18,1.40.69,198645
2025-11-18,1.40.70,495845
2025-11-18,1.40.71,293281
2025-11-18,1.40.72,294473
2025-11-18,1.40.73,313807
2025-11-18,1.40.74,403474
2025-11-18,1.40.75,5506677
2025-11-18,1.40.76,943302
2025-11-18,~other,38967570
2025-11-19,1.40.65,227475
2025-11-19,1.40.66,235402
2025-11-19,1.40.67,294050
2025-11-19,1.40.68,300084
2025-11-19,1.40.69,327899
2025-11-19,1.40.70,687538
2025-11-19,1.40.71,427642
2025-11-19,1.40.72,430089
2025-11-19,1.40.73,439753
2025-11-19,1.40.74,484740
2025-11-19,1.40.75,534835
2025-11-19,1.40.76,6000602
2025-11-19,1.41.0,1115656
2025-11-19,~other,43373001
2025-11-20,1.40.65,196401
2025-11-20,1.40.66,200253
2025-11-20,1.40.67,199791
2025-11-20,1.40.68,209557
2025-11-20,1.40.69,244128
2025-11-20,1.40.70,539320
2025-11-20,1.40.71,337909
2025-11-20,1.40.72,341222
2025-11-20,1.40.73,351844
2025-11-20,1.40.74,383194
2025-11-20,1.40.75,383654
2025-11-20,1.40.76,476193
2025-11-20,1.41.0,6239181
2025-11-20,1.41.1,1104507
2025-11-20,~other,45145839
2025-11-21,1.40.65,232154
2025-11-21,1.40.66,241643
2025-11-21,1.40.67,238875
2025-11-21,1.40.68,235191
2025-11-21,1.40.69,274016
2025-11-21,1.40.70,586048
2025-11-21,1.40.71,378878
2025-11-21,1.40.72,379442
2025-11-21,1.40.73,395044
2025-11-21,1.40.74,416965
2025-11-21,1.40.75,415981
2025-11-21,1.40.76,452985
2025-11-21,1.41.0,467700
2025-11-21,1.41.1,6304482
2025-11-21,1.41.2,982649
2025-11-21,~other,47271839
2025-11-22,1.40.65,110072
2025-11-22,1.40.66,113134
2025-11-22,1.40.67,114911
2025-11-22,1.40.68,113132
2025-11-22,1.40.69,119655
2025-11-22,1.40.70,461197
2025-11-22,1.40.71,265084
2025-11-22,1.40.72,263563
2025-11-22,1.40.73,265560
2025-11-22,1.40.74,275906
2025-11-22,1.40.75,282543
2025-11-22,1.40.76,296856
2025-11-22,1.41.0,277091
2025-11-22,1.41.1,325301
2025-11-22,1.41.2,5344815
2025-11-22,~other,32656092
2025-11-23,1.40.65,70039
2025-11-23,1.40.66,72735
2025-11-23,1.40.67,74017
2025-11-23,1.40.68,72489
2025-11-23,1.40.69,87089
2025-11-23,1.40.70,428937
2025-11-23,1.40.71,228387
2025-11-23,1.40.72,227236
2025-11-23,1.40.73,227220
2025-11-23,1.40.74,240011
2025-11-23,1.40.75,246404
2025-11-23,1.40.76,283491
2025-11-23,1.41.0,237806
2025-11-23,1.41.1,284535
2025-11-23,1.41.2,5284526
2025-11-23,~other,25872751
2025-11-25,1.40.65,241138
2025-11-25,1.40.66,242290
2025-11-25,1.40.67,245745
2025-11-25,1.40.68,244773
2025-11-25,1.40.69,267348
2025-11-25,1.40.70,738617
2025-11-25,1.40.71,456435
2025-11-25,1.40.72,453259
2025-11-25,1.40.73,467813
2025-11-25,1.40.74,471527
2025-11-25,1.40.75,488426
2025-11-25,1.40.76,571273
2025-11-25,1.41.0,484615
2025-11-25,1.41.1,471834
2025-11-25,1.41.2,577478
2025-11-25,1.41.3,6913450
2025-11-25,1.41.4,1243931
2025-11-25,~other,42584941
2025-11-26,1.40.65,228874
2025-11-26,1.40.66,229101
2025-11-26,1.40.67,231090
2025-11-26,1.40.68,231797
2025-11-26,1.40.69,251436
2025-11-26,1.40.70,657632
2025-11-26,1.40.71,414044
2025-11-26,1.40.72,410171
2025-11-26,1.40.73,430416
2025-11-26,1.40.74,427057
2025-11-26,1.40.75,442529
2025-11-26,1.40.76,542713
2025-11-26,1.41.0,448552
2025-11-26,1.41.1,421162
2025-11-26,1.41.2,469921
2025-11-26,1.41.3,501996
2025-11-26,1.41.4,6825011
2025-11-26,1.41.5,1158658
2025-11-26,~other,40014788
2025-11-27,1.40.65,166494
2025-11-27,1.40.66,166476
2025-11-27,1.40.67,170383
2025-11-27,1.40.68,169479
2025-11-27,1.40.69,178766
2025-11-27,1.40.70,522690
2025-11-27,1.40.71,323949
2025-11-27,1.40.72,321447
2025-11-27,1.40.73,332686
2025-11-27,1.40.74,340003
2025-11-27,1.40.75,354140
2025-11-27,1.40.76,409066
2025-11-27,1.41.0,351930
2025-11-27,1.41.1,332703
2025-11-27,1.41.2,367769
2025-11-27,1.41.3,362787
2025-11-27,1.41.4,406020
2025-11-27,1.41.5,7129588
2025-11-27,~other,37360017
2025-11-28,1.40.65,149810
2025-11-28,1.40.66,149283
2025-11-28,1.40.67,152528
2025-11-28,1.40.68,153955
2025-11-28,1.40.69,162162
2025-11-28,1.40.70,288630
2025-11-28,1.40.71,198592
2025-11-28,1.40.72,197660
2025-11-28,1.40.73,205155
2025-11-28,1.40.74,214786
2025-11-28,1.40.75,226908
2025-11-28,1.40.76,294360
2025-11-28,1.41.0,225429
2025-11-28,1.41.1,209541
2025-11-28,1.41.2,241187
2025-11-28,1.41.3,232938
2025-11-28,1.41.4,234900
2025-11-28,1.41.5,6504765
2025-11-28,~other,35119847
2025-12-02,1.40.65,185555
2025-12-02,1.40.66,185056
2025-12-02,1.40.67,187136
2025-12-02,1.40.68,187422
2025-12-02,1.40.69,219980
2025-12-02,1.40.70,225844
2025-12-02,1.40.71,188268
2025-12-02,1.40.72,187087
2025-12-02,1.40.73,196448
2025-12-02,1.40.74,198731
2025-12-02,1.40.75,219927
2025-12-02,1.40.76,309076
2025-12-02,1.41.0,213509
2025-12-02,1.41.1,195413
2025-12-02,1.41.2,233447
2025-12-02,1.41.3,230004
2025-12-02,1.41.4,200483
2025-12-02,1.41.5,734119
2025-12-02,1.42.0,6093611
2025-12-02,1.42.1,2195159
2025-12-02,~other,44964467
2025-12-03,1.40.65,290402
2025-12-03,1.40.66,293834
2025-12-03,1.40.67,293679
2025-12-03,1.40.68,293935
2025-12-03,1.40.69,328139
2025-12-03,1.40.70,335154
2025-12-03,1.40.71,294634
2025-12-03,1.40.72,295916
2025-12-03,1.40.73,309171
2025-12-03,1.40.74,300830
2025-12-03,1.40.75,330308
2025-12-03,1.40.76,417816
2025-12-03,1.41.0,320152
2025-12-03,1.41.1,315009
2025-12-03,1.41.2,337440
2025-12-03,1.41.3,335391
2025-12-03,1.41.4,308147
2025-12-03,1.41.5,798605
2025-12-03,1.42.0,648359
2025-12-03,1.42.1,6153243
2025-12-03,1.42.2,2114275
2025-12-03,~other,45853429
2025-12-04,1.40.65,222886
2025-12-04,1.40.66,224763
2025-12-04,1.40.67,226726
2025-12-04,1.40.68,225901
2025-12-04,1.40.69,264041
2025-12-04,1.40.70,266873
2025-12-04,1.40.71,227522
2025-12-04,1.40.72,228951
2025-12-04,1.40.73,236673
2025-12-04,1.40.74,231437
2025-12-04,1.40.75,244036
2025-12-04,1.40.76,360894
2025-12-04,1.41.0,253282
2025-12-04,1.41.1,251427
2025-12-04,1.41.2,268211
2025-12-04,1.41.3,260238
2025-12-04,1.41.4,241030
2025-12-04,1.41.5,754357
2025-12-04,1.42.0,535862
2025-12-04,1.42.1,625944
2025-12-04,1.42.2,6080733
2025-12-04,1.42.3,1970737
2025-12-04,~other,43921584
2025-12-05,1.40.65,206105
2025-12-05,1.40.66,207364
2025-12-05,1.40.67,210360
2025-12-05,1.40.68,208992
2025-12-05,1.40.69,239686
2025-12-05,1.40.70,243243
2025-12-05,1.40.71,210730
2025-12-05,1.40.72,209738
2025-12-05,1.40.73,219192
2025-12-05,1.40.74,215949
2025-12-05,1.40.75,220214
2025-12-05,1.40.76,338382
2025-12-05,1.41.0,230577
2025-12-05,1.41.1,246047
2025-12-05,1.41.2,264676
2025-12-05,1.41.3,253573
2025-12-05,1.41.4,232305
2025-12-05,1.41.5,654473
2025-12-05,1.42.0,454480
2025-12-05,1.42.1,480185
2025-12-05,1.42.2,488528
2025-12-05,1.42.3,6371441
2025-12-05,1.42.4,1018149
2025-12-05,~other,39772955
2025-12-06,1.40.65,111859
2025-12-06,1.40.66,111781
2025-12-06,1.40.67,112664
2025-12-06,1.40.68,115918
2025-12-06,1.40.69,138451
2025-12-06,1.40.70,125385
2025-12-06,1.40.71,115892
2025-12-06,1.40.72,116211
2025-12-06,1.40.73,117700
2025-12-06,1.40.74,119268
2025-12-06,1.40.75,126008
2025-12-06,1.40.76,202552
2025-12-06,1.41.0,120342
2025-12-06,1.41.1,151369
2025-12-06,1.41.2,161226
2025-12-06,1.41.3,140576
2025-12-06,1.41.4,140284
2025-12-06,1.41.5,495604
2025-12-06,1.42.0,311751
2025-12-06,1.42.1,305996
2025-12-06,1.42.2,298166
2025-12-06,1.42.3,361662
2025-12-06,1.42.4,5310752
2025-12-06,~other,28670772
2025-12-07,1.40.65,144343
2025-12-07,1.40.66,143479
2025-12-07,1.40.67,143730
2025-12-07,1.40.68,146351
2025-12-07,1.40.69,171217
2025-12-07,1.40.70,155409
2025-12-07,1.40.71,147481
2025-12-07,1.40.72,147185
2025-12-07,1.40.73,146809
2025-12-07,1.40.74,152357
2025-12-07,1.40.75,156626
2025-12-07,1.40.76,239364
2025-12-07,1.41.0,150886
2025-12-07,1.41.1,205948
2025-12-07,1.41.2,213996
2025-12-07,1.41.3,194708
2025-12-07,1.41.4,198732
2025-12-07,1.41.5,535746
2025-12-07,1.42.0,351182
2025-12-07,1.42.1,341426
2025-12-07,1.42.2,338741
2025-12-07,1.42.3,394545
2025-12-07,1.42.4,5336488
2025-12-07,~other,29073183
2025-12-09,1.40.65,227978
2025-12-09,1.40.66,229860
2025-12-09,1.40.67,231378
2025-12-09,1.40.68,231312
2025-12-09,1.40.69,256161
2025-12-09,1.40.70,259497
2025-12-09,1.40.71,234057
2025-12-09,1.40.72,232585
2025-12-09,1.40.73,245579
2025-12-09,1.40.74,244849
2025-12-09,1.40.75,246794
2025-12-09,1.40.76,342379
2025-12-09,1.41.0,242993
2025-12-09,1.41.1,247654
2025-12-09,1.41.2,299399
2025-12-09,1.41.3,286347
2025-12-09,1.41.4,269858
2025-12-09,1.41.5,675599
2025-12-09,1.42.0,472245
2025-12-09,1.42.1,518879
2025-12-09,1.42.2,443558
2025-12-09,1.42.3,435681
2025-12-09,1.42.4,572789
2025-12-09,1.42.5,7718917
2025-12-09,1.42.6,350960
2025-12-09,~other,43925345
2025-12-10,1.40.65,167004
2025-12-10,1.40.66,168356
2025-12-10,1.40.67,169213
2025-12-10,1.40.68,169306
2025-12-10,1.40.69,201552
2025-12-10,1.40.70,205034
2025-12-10,1.40.71,176259
2025-12-10,1.40.72,168654
2025-12-10,1.40.73,180930
2025-12-10,1.40.74,178557
2025-12-10,1.40.75,182456
2025-12-10,1.40.76,284494
2025-12-10,1.41.0,180241
2025-12-10,1.41.1,186328
2025-12-10,1.41.2,194387
2025-12-10,1.41.3,232085
2025-12-10,1.41.4,219189
2025-12-10,1.41.5,613600
2025-12-10,1.42.0,377688
2025-12-10,1.42.1,407138
2025-12-10,1.42.2,358729
2025-12-10,1.42.3,346458
2025-12-10,1.42.4,450178
2025-12-10,1.42.5,486845
2025-12-10,1.42.6,6813382
2025-12-10,1.42.7,1137340
2025-12-10,~other,40044871
2025-12-11,1.40.65,178018
2025-12-11,1.40.66,181861
2025-12-11,1.40.67,180855
2025-12-11,1.40.68,181930
2025-12-11,1.40.69,211613
2025-12-11,1.40.70,220444
2025-12-11,1.40.71,186795
2025-12-11,1.40.72,183218
2025-12-11,1.40.73,192459
2025-12-11,1.40.74,191379
2025-12-11,1.40.75,199687
2025-12-11,1.40.76,299217
2025-12-11,1.41.0,192887
2025-12-11,1.41.1,202869
2025-12-11,1.41.2,209064
2025-12-11,1.41.3,222367
2025-12-11,1.41.4,232400
2025-12-11,1.41.5,567635
2025-12-11,1.42.0,354738
2025-12-11,1.42.1,378788
2025-12-11,1.42.2,366475
2025-12-11,1.42.3,323567
2025-12-11,1.42.4,423260
2025-12-11,1.42.5,436774
2025-12-11,1.42.6,415270
2025-12-11,1.42.7,7023322
2025-12-11,1.42.8,676825
2025-12-11,~other,40658018
2025-12-12,1.40.65,196467
2025-12-12,1.40.66,199268
2025-12-12,1.40.67,199459
2025-12-12,1.40.68,200486
2025-12-12,1.40.69,227700
2025-12-12,1.40.70,237357
2025-12-12,1.40.71,205105
2025-12-12,1.40.72,200838
2025-12-12,1.40.73,214834
2025-12-12,1.40.74,213505
2025-12-12,1.40.75,223180
2025-12-12,1.40.76,319526
2025-12-12,1.41.0,221924
2025-12-12,1.41.1,276585
2025-12-12,1.41.2,275411
2025-12-12,1.41.3,272686
2025-12-12,1.41.4,265438
2025-12-12,1.41.5,607944
2025-12-12,1.42.0,361123
2025-12-12,1.42.1,387369
2025-12-12,1.42.2,341842
2025-12-12,1.42.3,336248
2025-12-12,1.42.4,440257
2025-12-12,1.42.5,449445
2025-12-12,1.42.6,415160
2025-12-12,1.42.7,473936
2025-12-12,1.42.8,6158038
2025-12-12,1.42.9,948586
2025-12-12,~other,39070720
2025-12-13,1.40.65,150975
2025-12-13,1.40.66,152089
2025-12-13,1.40.67,152136
2025-12-13,1.40.68,152906
2025-12-13,1.40.69,170410
2025-12-13,1.40.70,165731
2025-12-13,1.40.71,155711
2025-12-13,1.40.72,153338
2025-12-13,1.40.73,174008
2025-12-13,1.40.74,176192
2025-12-13,1.40.75,188318
2025-12-13,1.40.76,243455
2025-12-13,1.41.0,177330
2025-12-13,1.41.1,241741
2025-12-13,1.41.2,232016
2025-12-13,1.41.3,230143
2025-12-13,1.41.4,226432
2025-12-13,1.41.5,433272
2025-12-13,1.42.0,265615
2025-12-13,1.42.1,271272
2025-12-13,1.42.2,252607
2025-12-13,1.42.3,250493
2025-12-13,1.42.4,323658
2025-12-13,1.42.5,328624
2025-12-13,1.42.6,316644
2025-12-13,1.42.7,322306
2025-12-13,1.42.8,334257
2025-12-13,1.42.9,5004389
2025-12-13,~other,26799661
2025-12-14,1.40.65,53334
2025-12-14,1.40.66,54884
2025-12-14,1.40.67,54145
2025-12-14,1.40.68,53820
2025-12-14,1.40.69,89057
2025-12-14,1.40.70,66591
2025-12-14,1.40.71,57625
2025-12-14,1.40.72,56011
2025-12-14,1.40.73,72076
2025-12-14,1.40.74,73693
2025-12-14,1.40.75,86517
2025-12-14,1.40.76,140788
2025-12-14,1.41.0,75976
2025-12-14,1.41.1,140504
2025-12-14,1.41.2,131238
2025-12-14,1.41.3,128766
2025-12-14,1.41.4,126216
2025-12-14,1.41.5,318241
2025-12-14,1.42.0,161688
2025-12-14,1.42.1,157261
2025-12-14,1.42.2,148274
2025-12-14,1.42.3,148624
2025-12-14,1.42.4,222555
2025-12-14,1.42.5,229468
2025-12-14,1.42.6,216311
2025-12-14,1.42.7,223095
2025-12-14,1.42.8,233617
2025-12-14,1.42.9,4792130
2025-12-14,~other,25076997
2025-12-16,1.40.65,75076
2025-12-16,1.40.66,78563
2025-12-16,1.40.67,77621
2025-12-16,1.40.68,76849
2025-12-16,1.40.69,104018
2025-12-16,1.40.70,111262
2025-12-16,1.40.71,79956
2025-12-16,1.40.72,79709
2025-12-16,1.40.73,89009
2025-12-16,1.40.74,155895
2025-12-16,1.40.75,178352
2025-12-16,1.40.76,296991
2025-12-16,1.41.0,173842
2025-12-16,1.41.1,177545
2025-12-16,1.41.2,180730
2025-12-16,1.41.3,177084
2025-12-16,1.41.4,164232
2025-12-16,1.41.5,650433
2025-12-16,1.42.0,394905
2025-12-16,1.42.1,469934
2025-12-16,1.42.10,6873171
2025-12-16,1.42.11,802210
2025-12-16,1.42.2,420391
2025-12-16,1.42.3,415768
2025-12-16,1.42.4,447034
2025-12-16,1.42.5,500684
2025-12-16,1.42.6,441674
2025-12-16,1.42.7,446530
2025-12-16,1.42.8,447023
2025-12-16,1.42.9,542949
2025-12-16,~other,36740121
2025-12-17,1.40.65,90448
2025-12-17,1.40.66,92437
2025-12-17,1.40.67,93144
2025-12-17,1.40.68,91462
2025-12-17,1.40.69,124041
2025-12-17,1.40.70,127260
2025-12-17,1.40.71,96084
2025-12-17,1.40.72,92723
2025-12-17,1.40.73,105615
2025-12-17,1.40.74,97436
2025-12-17,1.40.75,201868
2025-12-17,1.40.76,316306
2025-12-17,1.41.0,203540
2025-12-17,1.41.1,206053
2025-12-17,1.41.2,208135
2025-12-17,1.41.3,207662
2025-12-17,1.41.4,192210
2025-12-17,1.41.5,633635
2025-12-17,1.42.0,468362
2025-12-17,1.42.1,487845
2025-12-17,1.42.10,558878
2025-12-17,1.42.11,6384580
2025-12-17,1.42.12,1091134
2025-12-17,1.42.2,456253
2025-12-17,1.42.3,448777
2025-12-17,1.42.4,470668
2025-12-17,1.42.5,524453
2025-12-17,1.42.6,473793
2025-12-17,1.42.7,478179
2025-12-17,1.42.8,476304
2025-12-17,1.42.9,536896
2025-12-17,~other,37107878
2025-12-18,1.40.65,87324
2025-12-18,1.40.66,91072
2025-12-18,1.40.67,90968
2025-12-18,1.40.68,90433
2025-12-18,1.40.69,123280
2025-12-18,1.40.70,122009
2025-12-18,1.40.71,93030
2025-12-18,1.40.72,90900
2025-12-18,1.40.73,102680
2025-12-18,1.40.74,98807
2025-12-18,1.40.75,120662
2025-12-18,1.40.76,266552
2025-12-18,1.41.0,173518
2025-12-18,1.41.1,177455
2025-12-18,1.41.2,171529
2025-12-18,1.41.3,169539
2025-12-18,1.41.4,160624
2025-12-18,1.41.5,586484
2025-12-18,1.42.0,439406
2025-12-18,1.42.1,461485
2025-12-18,1.42.10,493178
2025-12-18,1.42.11,498718
2025-12-18,1.42.12,6448602
2025-12-18,1.42.13,1057522
2025-12-18,1.42.2,429306
2025-12-18,1.42.3,423061
2025-12-18,1.42.4,444010
2025-12-18,1.42.5,525399
2025-12-18,1.42.6,445820
2025-12-18,1.42.7,454539
2025-12-18,1.42.8,453006
2025-12-18,1.42.9,494012
2025-12-18,~other,36656715
2025-12-19,1.40.65,168700
2025-12-19,1.40.66,172233
2025-12-19,1.40.67,173298
2025-12-19,1.40.68,172501
2025-12-19,1.40.69,195725
2025-12-19,1.40.70,200981
2025-12-19,1.40.71,173377
2025-12-19,1.40.72,173434
2025-12-19,1.40.73,181971
2025-12-19,1.40.74,178340
2025-12-19,1.40.75,204501
2025-12-19,1.40.76,287679
2025-12-19,1.41.0,259875
2025-12-19,1.41.1,287610
2025-12-19,1.41.2,282517
2025-12-19,1.41.3,279235
2025-12-19,1.41.4,272344
2025-12-19,1.41.5,688268
2025-12-19,1.42.0,483545
2025-12-19,1.42.1,511214
2025-12-19,1.42.10,531003
2025-12-19,1.42.11,520593
2025-12-19,1.42.12,547477
2025-12-19,1.42.13,5994152
2025-12-19,1.42.14,1020423
2025-12-19,1.42.2,477099
2025-12-19,1.42.3,473094
2025-12-19,1.42.4,490827
2025-12-19,1.42.5,606958
2025-12-19,1.42.6,495246
2025-12-19,1.42.7,499950
2025-12-19,1.42.8,510300
2025-12-19,1.42.9,523979
2025-12-19,~other,35901875
2025-12-20,1.40.65,74445
2025-12-20,1.40.66,76154
2025-12-20,1.40.67,76049
2025-12-20,1.40.68,75510
2025-12-20,1.40.69,92380
2025-12-20,1.40.70,83411
2025-12-20,1.40.71,77343
2025-12-20,1.40.72,77281
2025-12-20,1.40.73,78642
2025-12-20,1.40.74,77361
2025-12-20,1.40.75,95977
2025-12-20,1.40.76,156678
2025-12-20,1.41.0,76165
2025-12-20,1.41.1,106326
2025-12-20,1.41.2,95733
2025-12-20,1.41.3,95863
2025-12-20,1.41.4,91260
2025-12-20,1.41.5,409479
2025-12-20,1.42.0,291752
2025-12-20,1.42.1,298301
2025-12-20,1.42.10,312330
2025-12-20,1.42.11,309339
2025-12-20,1.42.12,321141
2025-12-20,1.42.13,326950
2025-12-20,1.42.14,4764242
2025-12-20,1.42.2,289306
2025-12-20,1.42.3,288482
2025-12-20,1.42.4,294131
2025-12-20,1.42.5,329526
2025-12-20,1.42.6,301429
2025-12-20,1.42.7,303139
2025-12-20,1.42.8,304299
2025-12-20,1.42.9,311700
2025-12-20,~other,25866951
2025-12-21,1.40.65,42144
2025-12-21,1.40.66,44109
2025-12-21,1.40.67,43414
2025-12-21,1.40.68,43085
2025-12-21,1.40.69,70401
2025-12-21,1.40.70,53794
2025-12-21,1.40.71,45260
2025-12-21,1.40.72,45003
2025-12-21,1.40.73,44550
2025-12-21,1.40.74,45133
2025-12-21,1.40.75,63567
2025-12-21,1.40.76,121813
2025-12-21,1.41.0,43764
2025-12-21,1.41.1,65302
2025-12-21,1.41.2,55022
2025-12-21,1.41.3,54716
2025-12-21,1.41.4,50078
2025-12-21,1.41.5,358713
2025-12-21,1.42.0,248390
2025-12-21,1.42.1,254046
2025-12-21,1.42.10,267234
2025-12-21,1.42.11,263919
2025-12-21,1.42.12,275436
2025-12-21,1.42.13,280134
2025-12-21,1.42.14,4753284
2025-12-21,1.42.2,245585
2025-12-21,1.42.3,245387
2025-12-21,1.42.4,250021
2025-12-21,1.42.5,278731
2025-12-21,1.42.6,259340
2025-12-21,1.42.7,259951
2025-12-21,1.42.8,259545
2025-12-21,1.42.9,268856
2025-12-21,~other,24988215
2025-12-23,1.40.65,57944
2025-12-23,1.40.66,61112
2025-12-23,1.40.67,59957
2025-12-23,1.40.68,61443
2025-12-23,1.40.69,82638
2025-12-23,1.40.70,89902
2025-12-23,1.40.71,61478
2025-12-23,1.40.72,63318
2025-12-23,1.40.73,68287
2025-12-23,1.40.74,63699
2025-12-23,1.40.75,83631
2025-12-23,1.40.76,170490
2025-12-23,1.41.0,71010
2025-12-23,1.41.1,77111
2025-12-23,1.41.2,127032
2025-12-23,1.41.3,135594
2025-12-23,1.41.4,133189
2025-12-23,1.41.5,429632
2025-12-23,1.42.0,291168
2025-12-23,1.42.1,322209
2025-12-23,1.42.10,323214
2025-12-23,1.42.11,304001
2025-12-23,1.42.12,312890
2025-12-23,1.42.13,307141
2025-12-23,1.42.14,404060
2025-12-23,1.42.15,5693464
2025-12-23,1.42.16,864383
2025-12-23,1.42.2,286607
2025-12-23,1.42.3,284758
2025-12-23,1.42.4,291431
2025-12-23,1.42.5,341873
2025-12-23,1.42.6,298963
2025-12-23,1.42.7,303546
2025-12-23,1.42.8,299039
2025-12-23,1.42.9,336077
2025-12-23,~other,33879238
2025-12-24,1.40.65,41527
2025-12-24,1.40.66,45198
2025-12-24,1.40.67,42676
2025-12-24,1.40.68,44377
2025-12-24,1.40.69,62363
2025-12-24,1.40.70,63146
2025-12-24,1.40.71,45130
2025-12-24,1.40.72,45514
2025-12-24,1.40.73,46567
2025-12-24,1.40.74,44917
2025-12-24,1.40.75,65853
2025-12-24,1.40.76,138332
2025-12-24,1.41.0,49194
2025-12-24,1.41.1,61028
2025-12-24,1.41.2,52569
2025-12-24,1.41.3,114212
2025-12-24,1.41.4,110597
2025-12-24,1.41.5,381095
2025-12-24,1.42.0,256707
2025-12-24,1.42.1,275170
2025-12-24,1.42.10,279161
2025-12-24,1.42.11,266103
2025-12-24,1.42.12,270544
2025-12-24,1.42.13,270564
2025-12-24,1.42.14,320102
2025-12-24,1.42.15,297602
2025-12-24,1.42.16,5788704
2025-12-24,1.42.2,254252
2025-12-24,1.42.3,250690
2025-12-24,1.42.4,257189
2025-12-24,1.42.5,287751
2025-12-24,1.42.6,265903
2025-12-24,1.42.7,266908
2025-12-24,1.42.8,268195
2025-12-24,1.42.9,273632
2025-12-24,~other,30111299
2025-12-25,1.40.65,27311
2025-12-25,1.40.66,30011
2025-12-25,1.40.67,27570
2025-12-25,1.40.68,30201
2025-12-25,1.40.69,46307
2025-12-25,1.40.70,43675
2025-12-25,1.40.71,29803
2025-12-25,1.40.72,28554
2025-12-25,1.40.73,28864
2025-12-25,1.40.74,29631
2025-12-25,1.40.75,50204
2025-12-25,1.40.76,99302
2025-12-25,1.41.0,33478
2025-12-25,1.41.1,45751
2025-12-25,1.41.2,36791
2025-12-25,1.41.3,94028
2025-12-25,1.41.4,94364
2025-12-25,1.41.5,343854
2025-12-25,1.42.0,234869
2025-12-25,1.42.1,244458
2025-12-25,1.42.10,255086
2025-12-25,1.42.11,243260
2025-12-25,1.42.12,246837
2025-12-25,1.42.13,246590
2025-12-25,1.42.14,281648
2025-12-25,1.42.15,262603
2025-12-25,1.42.16,4862391
2025-12-25,1.42.2,232472
2025-12-25,1.42.3,230686
2025-12-25,1.42.4,232862
2025-12-25,1.42.5,258475
2025-12-25,1.42.6,242306
2025-12-25,1.42.7,244781
2025-12-25,1.42.8,245721
2025-12-25,1.42.9,248584
2025-12-25,~other,25879866
2025-12-26,1.40.65,52474
2025-12-26,1.40.66,49995
2025-12-26,1.40.67,48091
2025-12-26,1.40.68,50857
2025-12-26,1.40.69,65900
2025-12-26,1.40.70,69886
2025-12-26,1.40.71,49575
2025-12-26,1.40.72,49124
2025-12-26,1.40.73,54531
2025-12-26,1.40.74,50391
2025-12-26,1.40.75,68759
2025-12-26,1.40.76,132510
2025-12-26,1.41.0,49963
2025-12-26,1.41.1,66023
2025-12-26,1.41.2,56027
2025-12-26,1.41.3,105337
2025-12-26,1.41.4,121564
2025-12-26,1.41.5,355791
2025-12-26,1.42.0,253491
2025-12-26,1.42.1,269638
2025-12-26,1.42.10,279576
2025-12-26,1.42.11,264580
2025-12-26,1.42.12,268418
2025-12-26,1.42.13,268271
2025-12-26,1.42.14,304838
2025-12-26,1.42.15,289866
2025-12-26,1.42.16,4482219
2025-12-26,1.42.17,732726
2025-12-26,1.42.2,249496
2025-12-26,1.42.3,249556
2025-12-26,1.42.4,254633
2025-12-26,1.42.5,285089
2025-12-26,1.42.6,263290
2025-12-26,1.42.7,264927
2025-12-26,1.42.8,266914
2025-12-26,1.42.9,271140
2025-12-26,~other,26348299
2025-12-27,1.40.65,54071
2025-12-27,1.40.66,35440
2025-12-27,1.40.67,33868
2025-12-27,1.40.68,35139
2025-12-27,1.40.69,50988
2025-12-27,1.40.70,61163
2025-12-27,1.40.71,35931
2025-12-27,1.40.72,34854
2025-12-27,1.40.73,37810
2025-12-27,1.40.74,36592
2025-12-27,1.40.75,54942
2025-12-27,1.40.76,97029
2025-12-27,1.41.0,34458
2025-12-27,1.41.1,52674
2025-12-27,1.41.2,39310
2025-12-27,1.41.3,38269
2025-12-27,1.41.4,111629
2025-12-27,1.41.5,314582
2025-12-27,1.42.0,225423
2025-12-27,1.42.1,231486
2025-12-27,1.42.10,247554
2025-12-27,1.42.11,234346
2025-12-27,1.42.12,237642
2025-12-27,1.42.13,237628
2025-12-27,1.42.14,256482
2025-12-27,1.42.15,245003
2025-12-27,1.42.16,256502
2025-12-27,1.42.17,4732506
2025-12-27,1.42.2,223250
2025-12-27,1.42.3,222834
2025-12-27,1.42.4,225739
2025-12-27,1.42.5,250506
2025-12-27,1.42.6,234069
2025-12-27,1.42.7,235233
2025-12-27,1.42.8,236106
2025-12-27,1.42.9,242967
2025-12-27,~other,22106809
2025-12-28,1.40.65,47574
2025-12-28,1.40.66,29288
2025-12-28,1.40.67,27354
2025-12-28,1.40.68,28649
2025-12-28,1.40.69,54839
2025-12-28,1.40.70,55195
2025-12-28,1.40.71,29432
2025-12-28,1.40.72,28404
2025-12-28,1.40.73,28060
2025-12-28,1.40.74,29611
2025-12-28,1.40.75,48133
2025-12-28,1.40.76,88063
2025-12-28,1.41.0,31498
2025-12-28,1.41.1,45902
2025-12-28,1.41.2,33868
2025-12-28,1.41.3,31661
2025-12-28,1.41.4,104179
2025-12-28,1.41.5,326983
2025-12-28,1.42.0,227580
2025-12-28,1.42.1,233082
2025-12-28,1.42.10,247801
2025-12-28,1.42.11,236030
2025-12-28,1.42.12,238070
2025-12-28,1.42.13,238395
2025-12-28,1.42.14,261758
2025-12-28,1.42.15,242912
2025-12-28,1.42.16,261813
2025-12-28,1.42.17,4671817
2025-12-28,1.42.2,224552
2025-12-28,1.42.3,224649
2025-12-28,1.42.4,226955
2025-12-28,1.42.5,252151
2025-12-28,1.42.6,236445
2025-12-28,1.42.7,237962
2025-12-28,1.42.8,236431
2025-12-28,1.42.9,240203
2025-12-28,~other,22740438
2025-12-30,1.40.65,58324
2025-12-30,1.40.66,60531
2025-12-30,1.40.67,58654
2025-12-30,1.40.68,103763
2025-12-30,1.40.69,122400
2025-12-30,1.40.70,121018
2025-12-30,1.40.71,104445
2025-12-30,1.40.72,103125
2025-12-30,1.40.73,113237
2025-12-30,1.40.74,106486
2025-12-30,1.40.75,118249
2025-12-30,1.40.76,205002
2025-12-30,1.41.0,102090
2025-12-30,1.41.1,118888
2025-12-30,1.41.2,108967
2025-12-30,1.41.3,105094
2025-12-30,1.41.4,103956
2025-12-30,1.41.5,389271
2025-12-30,1.42.0,267714
2025-12-30,1.42.1,287166
2025-12-30,1.42.10,294133
2025-12-30,1.42.11,276760
2025-12-30,1.42.12,281437
2025-12-30,1.42.13,280403
2025-12-30,1.42.14,301558
2025-12-30,1.42.15,291573
2025-12-30,1.42.16,309659
2025-12-30,1.42.17,332829
2025-12-30,1.42.18,5182042
2025-12-30,1.42.19,881103
2025-12-30,1.42.2,263494
2025-12-30,1.42.3,264488
2025-12-30,1.42.4,267191
2025-12-30,1.42.5,303232
2025-12-30,1.42.6,276916
2025-12-30,1.42.7,280244
2025-12-30,1.42.8,277545
2025-12-30,1.42.9,283372
2025-12-30,~other,30448696
2025-12-31,1.40.65,116680
2025-12-31,1.40.66,118741
2025-12-31,1.40.67,117336
2025-12-31,1.40.68,119127
2025-12-31,1.40.69,139402
2025-12-31,1.40.70,140283
2025-12-31,1.40.71,119185
2025-12-31,1.40.72,118161
2025-12-31,1.40.73,126758
2025-12-31,1.40.74,120393
2025-12-31,1.40.75,132057
2025-12-31,1.40.76,213658
2025-12-31,1.41.0,106071
2025-12-31,1.41.1,124064
2025-12-31,1.41.2,114381
2025-12-31,1.41.3,110452
2025-12-31,1.41.4,107563
2025-12-31,1.41.5,375081
2025-12-31,1.42.0,265391
2025-12-31,1.42.1,278189
2025-12-31,1.42.10,288779
2025-12-31,1.42.11,273954
2025-12-31,1.42.12,276357
2025-12-31,1.42.13,276910
2025-12-31,1.42.14,299989
2025-12-31,1.42.15,278092
2025-12-31,1.42.16,288678
2025-12-31,1.42.17,318828
2025-12-31,1.42.18,299355
2025-12-31,1.42.19,5519444
2025-12-31,1.42.2,261392
2025-12-31,1.42.3,260184
2025-12-31,1.42.4,263357
2025-12-31,1.42.5,292289
2025-12-31,1.42.6,274389
2025-12-31,1.42.7,275673
2025-12-31,1.42.8,273273
2025-12-31,1.42.9,281416
2025-12-31,~other,32020543
2026-01-01,1.40.65,96157
2026-01-01,1.40.66,98076
2026-01-01,1.40.67,96444
2026-01-01,1.40.68,97156
2026-01-01,1.40.69,118548
2026-01-01,1.40.70,106347
2026-01-01,1.40.71,97940
2026-01-01,1.40.72,97555
2026-01-01,1.40.73,99752
2026-01-01,1.40.74,99011
2026-01-01,1.40.75,113782
2026-01-01,1.40.76,170019
2026-01-01,1.41.0,94011
2026-01-01,1.41.1,111369
2026-01-01,1.41.2,101311
2026-01-01,1.41.3,96666
2026-01-01,1.41.4,95075
2026-01-01,1.41.5,337038
2026-01-01,1.42.0,248924
2026-01-01,1.42.1,246826
2026-01-01,1.42.10,260227
2026-01-01,1.42.11,247446
2026-01-01,1.42.12,249490
2026-01-01,1.42.13,249583
2026-01-01,1.42.14,274472
2026-01-01,1.42.15,253509
2026-01-01,1.42.16,258789
2026-01-01,1.42.17,267264
2026-01-01,1.42.18,264929
2026-01-01,1.42.19,5071495
2026-01-01,1.42.2,236873
2026-01-01,1.42.3,236293
2026-01-01,1.42.4,238077
2026-01-01,1.42.5,264967
2026-01-01,1.42.6,248128
2026-01-01,1.42.7,249814
2026-01-01,1.42.8,249105
2026-01-01,1.42.9,262549
2026-01-01,~other,25974751
2026-01-02,1.40.65,108616
2026-01-02,1.40.66,110291
2026-01-02,1.40.67,110953
2026-01-02,1.40.68,110916
2026-01-02,1.40.69,133439
2026-01-02,1.40.70,124845
2026-01-02,1.40.71,111113
2026-01-02,1.40.72,109891
2026-01-02,1.40.73,115293
2026-01-02,1.40.74,113777
2026-01-02,1.40.75,133470
2026-01-02,1.40.76,198744
2026-01-02,1.41.0,109345
2026-01-02,1.41.1,125524
2026-01-02,1.41.2,118041
2026-01-02,1.41.3,111260
2026-01-02,1.41.4,109091
2026-01-02,1.41.5,381539
2026-01-02,1.42.0,264028
2026-01-02,1.42.1,270065
2026-01-02,1.42.10,276059
2026-01-02,1.42.11,260825
2026-01-02,1.42.12,263172
2026-01-02,1.42.13,264318
2026-01-02,1.42.14,283789
2026-01-02,1.42.15,266890
2026-01-02,1.42.16,273600
2026-01-02,1.42.17,308930
2026-01-02,1.42.18,299321
2026-01-02,1.42.19,4985187
2026-01-02,1.42.2,249059
2026-01-02,1.42.20,829405
2026-01-02,1.42.3,249626
2026-01-02,1.42.4,253118
2026-01-02,1.42.5,285058
2026-01-02,1.42.6,260866
2026-01-02,1.42.7,262163
2026-01-02,1.42.8,261300
2026-01-02,1.42.9,278536
2026-01-02,~other,29831030
2026-01-03,1.40.65,58760
2026-01-03,1.40.66,60906
2026-01-03,1.40.67,59935
2026-01-03,1.40.68,60800
2026-01-03,1.40.69,76786
2026-01-03,1.40.70,67117
2026-01-03,1.40.71,60982
2026-01-03,1.40.72,60263
2026-01-03,1.40.73,62724
2026-01-03,1.40.74,61958
2026-01-03,1.40.75,74385
2026-01-03,1.40.76,133512
2026-01-03,1.41.0,58623
2026-01-03,1.41.1,76703
2026-01-03,1.41.2,64599
2026-01-03,1.41.3,63116
2026-01-03,1.41.4,60343
2026-01-03,1.41.5,339511
2026-01-03,1.42.0,195841
2026-01-03,1.42.1,203663
2026-01-03,1.42.10,205707
2026-01-03,1.42.11,193334
2026-01-03,1.42.12,194743
2026-01-03,1.42.13,195450
2026-01-03,1.42.14,212003
2026-01-03,1.42.15,195015
2026-01-03,1.42.16,205033
2026-01-03,1.42.17,213153
2026-01-03,1.42.18,253475
2026-01-03,1.42.19,286969
2026-01-03,1.42.2,193545
2026-01-03,1.42.20,523153
2026-01-03,1.42.21,4646976
2026-01-03,1.42.3,194775
2026-01-03,1.42.4,196389
2026-01-03,1.42.5,199978
2026-01-03,1.42.6,192753
2026-01-03,1.42.7,193907
2026-01-03,1.42.8,194354
2026-01-03,1.42.9,195960
2026-01-03,~other,25379848
2026-01-04,1.40.65,45560
2026-01-04,1.40.66,48814
2026-01-04,1.40.67,46643
2026-01-04,1.40.68,48186
2026-01-04,1.40.69,73423
2026-01-04,1.40.70,52817
2026-01-04,1.40.71,48459
2026-01-04,1.40.72,47619
2026-01-04,1.40.73,47679
2026-01-04,1.40.74,49739
2026-01-04,1.40.75,62227
2026-01-04,1.40.76,118021
2026-01-04,1.41.0,46261
2026-01-04,1.41.1,64603
2026-01-04,1.41.2,53722
2026-01-04,1.41.3,49523
2026-01-04,1.41.4,47502
2026-01-04,1.41.5,345577
2026-01-04,1.42.0,190453
2026-01-04,1.42.1,200656
2026-01-04,1.42.10,199674
2026-01-04,1.42.11,188534
2026-01-04,1.42.12,189483
2026-01-04,1.42.13,190339
2026-01-04,1.42.14,207939
2026-01-04,1.42.15,190063
2026-01-04,1.42.16,199968
2026-01-04,1.42.17,206965
2026-01-04,1.42.18,247543
2026-01-04,1.42.19,281964
2026-01-04,1.42.2,189323
2026-01-04,1.42.20,273729
2026-01-04,1.42.21,5068510
2026-01-04,1.42.3,190527
2026-01-04,1.42.4,192003
2026-01-04,1.42.5,195202
2026-01-04,1.42.6,189385
2026-01-04,1.42.7,189988
2026-01-04,1.42.8,189023
2026-01-04,1.42.9,191435
2026-01-04,~other,24323546
2026-01-05,1.40.65,73080
2026-01-05,1.40.66,80799
2026-01-05,1.40.67,80529
2026-01-05,1.40.68,79918
2026-01-05,1.40.69,107149
2026-01-05,1.40.70,103966
2026-01-05,1.40.71,80788
2026-01-05,1.40.72,79816
2026-01-05,1.40.73,88129
2026-01-05,1.40.74,84967
2026-01-05,1.40.75,104395
2026-01-05,1.40.76,189690
2026-01-05,1.41.0,80810
2026-01-05,1.41.1,107566
2026-01-05,1.41.2,103018
2026-01-05,1.41.3,97050
2026-01-05,1.41.4,90211
2026-01-05,1.41.5,443420
2026-01-05,1.42.0,247314
2026-01-05,1.42.1,268193
2026-01-05,1.42.10,257334
2026-01-05,1.42.11,236367
2026-01-05,1.42.12,238990
2026-01-05,1.42.13,238017
2026-01-05,1.42.14,266355
2026-01-05,1.42.15,241682
2026-01-05,1.42.16,242110
2026-01-05,1.42.17,311146
2026-01-05,1.42.18,356688
2026-01-05,1.42.19,348035
2026-01-05,1.42.2,236906
2026-01-05,1.42.20,324954
2026-01-05,1.42.21,6195597
2026-01-05,1.42.22,1078173
2026-01-05,1.42.3,233192
2026-01-05,1.42.4,242892
2026-01-05,1.42.5,270745
2026-01-05,1.42.6,236983
2026-01-05,1.42.7,241029
2026-01-05,1.42.8,233894
2026-01-05,1.42.9,246639
2026-01-05,~other,38152777
2026-01-06,1.40.65,75848
2026-01-06,1.40.66,92238
2026-01-06,1.40.67,93205
2026-01-06,1.40.68,94559
2026-01-06,1.40.69,124801
2026-01-06,1.40.70,117494
2026-01-06,1.40.71,95192
2026-01-06,1.40.72,94044
2026-01-06,1.40.73,102405
2026-01-06,1.40.74,98171
2026-01-06,1.40.75,117054
2026-01-06,1.40.76,210254
2026-01-06,1.41.0,97869
2026-01-06,1.41.1,166509
2026-01-06,1.41.2,163992
2026-01-06,1.41.3,159422
2026-01-06,1.41.4,151623
2026-01-06,1.41.5,473743
2026-01-06,1.42.0,256475
2026-01-06,1.42.1,285479
2026-01-06,1.42.10,271441
2026-01-06,1.42.11,253024
2026-01-06,1.42.12,276148
2026-01-06,1.42.13,251374
2026-01-06,1.42.14,281055
2026-01-06,1.42.15,255732
2026-01-06,1.42.16,258151
2026-01-06,1.42.17,317679
2026-01-06,1.42.18,388293
2026-01-06,1.42.19,358995
2026-01-06,1.42.2,251873
2026-01-06,1.42.20,318678
2026-01-06,1.42.21,402065
2026-01-06,1.42.22,6074193
2026-01-06,1.42.23,1039118
2026-01-06,1.42.3,249090
2026-01-06,1.42.4,257544
2026-01-06,1.42.5,267515
2026-01-06,1.42.6,253539
2026-01-06,1.42.7,256317
2026-01-06,1.42.8,248269
2026-01-06,1.42.9,257787
2026-01-06,~other,41055949
2026-01-07,1.40.65,111294
2026-01-07,1.40.66,115230
2026-01-07,1.40.67,125705
2026-01-07,1.40.68,130596
2026-01-07,1.40.69,164077
2026-01-07,1.40.70,161935
2026-01-07,1.40.71,131984
2026-01-07,1.40.72,130485
2026-01-07,1.40.73,138808
2026-01-07,1.40.74,135713
2026-01-07,1.40.75,155085
2026-01-07,1.40.76,266074
2026-01-07,1.41.0,132278
2026-01-07,1.41.1,194285
2026-01-07,1.41.2,187200
2026-01-07,1.41.3,194869
2026-01-07,1.41.4,178996
2026-01-07,1.41.5,523084
2026-01-07,1.42.0,297702
2026-01-07,1.42.1,326558
2026-01-07,1.42.10,304168
2026-01-07,1.42.11,293758
2026-01-07,1.42.12,310163
2026-01-07,1.42.13,294672
2026-01-07,1.42.14,325819
2026-01-07,1.42.15,308535
2026-01-07,1.42.16,308118
2026-01-07,1.42.17,375155
2026-01-07,1.42.18,401937
2026-01-07,1.42.19,405193
2026-01-07,1.42.2,294586
2026-01-07,1.42.20,361371
2026-01-07,1.42.21,429977
2026-01-07,1.42.22,417708
2026-01-07,1.42.23,6458155
2026-01-07,1.42.24,1108172
2026-01-07,1.42.3,288961
2026-01-07,1.42.4,298040
2026-01-07,1.42.5,320720
2026-01-07,1.42.6,292009
2026-01-07,1.42.7,296714
2026-01-07,1.42.8,290647
2026-01-07,1.42.9,301439
2026-01-07,~other,41232788
2026-01-08,1.40.65,196011
2026-01-08,1.40.66,200393
2026-01-08,1.40.67,198206
2026-01-08,1.40.68,215930
2026-01-08,1.40.69,260761
2026-01-08,1.40.70,256396
2026-01-08,1.40.71,218227
2026-01-08,1.40.72,216255
2026-01-08,1.40.73,224097
2026-01-08,1.40.74,220697
2026-01-08,1.40.75,245008
2026-01-08,1.40.76,353637
2026-01-08,1.41.0,219296
2026-01-08,1.41.1,229261
2026-01-08,1.41.2,225661
2026-01-08,1.41.3,239629
2026-01-08,1.41.4,217904
2026-01-08,1.41.5,601442
2026-01-08,1.42.0,375824
2026-01-08,1.42.1,413956
2026-01-08,1.42.10,383941
2026-01-08,1.42.11,370454
2026-01-08,1.42.12,389157
2026-01-08,1.42.13,373846
2026-01-08,1.42.14,401319
2026-01-08,1.42.15,430760
2026-01-08,1.42.16,430816
2026-01-08,1.42.17,505884
2026-01-08,1.42.18,469181
2026-01-08,1.42.19,481181
2026-01-08,1.42.2,372103
2026-01-08,1.42.20,433940
2026-01-08,1.42.21,507173
2026-01-08,1.42.22,471277
2026-01-08,1.42.23,506691
2026-01-08,1.42.24,7496687
2026-01-08,1.42.3,367238
2026-01-08,1.42.4,377940
2026-01-08,1.42.5,409095
2026-01-08,1.42.6,368103
2026-01-08,1.42.7,378665
2026-01-08,1.42.8,369228
2026-01-08,1.42.9,375010
2026-01-08,~other,41463354
2026-01-09,1.40.65,201383
2026-01-09,1.40.66,205262
2026-01-09,1.40.67,203597
2026-01-09,1.40.68,216952
2026-01-09,1.40.69,250780
2026-01-09,1.40.70,256387
2026-01-09,1.40.71,218596
2026-01-09,1.40.72,216448
2026-01-09,1.40.73,224870
2026-01-09,1.40.74,221044
2026-01-09,1.40.75,241424
2026-01-09,1.40.76,341351
2026-01-09,1.41.0,220374
2026-01-09,1.41.1,226411
2026-01-09,1.41.2,231626
2026-01-09,1.41.3,233252
2026-01-09,1.41.4,219239
2026-01-09,1.41.5,575330
2026-01-09,1.42.0,366525
2026-01-09,1.42.1,399152
2026-01-09,1.42.10,375161
2026-01-09,1.42.11,360579
2026-01-09,1.42.12,374108
2026-01-09,1.42.13,365302
2026-01-09,1.42.14,388334
2026-01-09,1.42.15,413931
2026-01-09,1.42.16,430216
2026-01-09,1.42.17,510191
2026-01-09,1.42.18,464248
2026-01-09,1.42.19,511960
2026-01-09,1.42.2,365564
2026-01-09,1.42.20,451752
2026-01-09,1.42.21,509409
2026-01-09,1.42.22,555499
2026-01-09,1.42.23,489232
2026-01-09,1.42.24,6362559
2026-01-09,1.42.25,1009867
2026-01-09,1.42.3,361968
2026-01-09,1.42.4,369448
2026-01-09,1.42.5,397544
2026-01-09,1.42.6,361848
2026-01-09,1.42.7,370773
2026-01-09,1.42.8,361931
2026-01-09,1.42.9,371014
2026-01-09,~other,38984729
2026-01-10,1.40.65,71140
2026-01-10,1.40.66,73088
2026-01-10,1.40.67,71741
2026-01-10,1.40.68,72550
2026-01-10,1.40.69,96711
2026-01-10,1.40.70,102432
2026-01-10,1.40.71,80877
2026-01-10,1.40.72,78834
2026-01-10,1.40.73,81300
2026-01-10,1.40.74,81011
2026-01-10,1.40.75,94626
2026-01-10,1.40.76,155913
2026-01-10,1.41.0,77482
2026-01-10,1.41.1,86927
2026-01-10,1.41.2,84448
2026-01-10,1.41.3,86843
2026-01-10,1.41.4,78218
2026-01-10,1.41.5,288219
2026-01-10,1.42.0,187520
2026-01-10,1.42.1,195731
2026-01-10,1.42.10,189218
2026-01-10,1.42.11,184912
2026-01-10,1.42.12,186282
2026-01-10,1.42.13,185950
2026-01-10,1.42.14,200706
2026-01-10,1.42.15,186079
2026-01-10,1.42.16,254544
2026-01-10,1.42.17,251993
2026-01-10,1.42.18,259688
2026-01-10,1.42.19,363308
2026-01-10,1.42.2,187972
2026-01-10,1.42.20,294415
2026-01-10,1.42.21,322247
2026-01-10,1.42.22,319241
2026-01-10,1.42.23,299834
2026-01-10,1.42.24,337567
2026-01-10,1.42.25,5066433
2026-01-10,1.42.3,186816
2026-01-10,1.42.4,188337
2026-01-10,1.42.5,196199
2026-01-10,1.42.6,184639
2026-01-10,1.42.7,186443
2026-01-10,1.42.8,186320
2026-01-10,1.42.9,188675
2026-01-10,~other,27649496
2026-01-11,1.40.65,51247
2026-01-11,1.40.66,53591
2026-01-11,1.40.67,52670
2026-01-11,1.40.68,53039
2026-01-11,1.40.69,87498
2026-01-11,1.40.70,86526
2026-01-11,1.40.71,60977
2026-01-11,1.40.72,59575
2026-01-11,1.40.73,59746
2026-01-11,1.40.74,61578
2026-01-11,1.40.75,75234
2026-01-11,1.40.76,127778
2026-01-11,1.41.0,53370
2026-01-11,1.41.1,63254
2026-01-11,1.41.2,59973
2026-01-11,1.41.3,63186
2026-01-11,1.41.4,54688
2026-01-11,1.41.5,253611
2026-01-11,1.42.0,160422
2026-01-11,1.42.1,168363
2026-01-11,1.42.10,159956
2026-01-11,1.42.11,156130
2026-01-11,1.42.12,157348
2026-01-11,1.42.13,157110
2026-01-11,1.42.14,176484
2026-01-11,1.42.15,156090
2026-01-11,1.42.16,226050
2026-01-11,1.42.17,221350
2026-01-11,1.42.18,223349
2026-01-11,1.42.19,333219
2026-01-11,1.42.2,158062
2026-01-11,1.42.20,262732
2026-01-11,1.42.21,287020
2026-01-11,1.42.22,275278
2026-01-11,1.42.23,268935
2026-01-11,1.42.24,295530
2026-01-11,1.42.25,4963400
2026-01-11,1.42.3,158552
2026-01-11,1.42.4,158641
2026-01-11,1.42.5,165490
2026-01-11,1.42.6,157928
2026-01-11,1.42.7,159171
2026-01-11,1.42.8,157881
2026-01-11,1.42.9,160389
2026-01-11,~other,25098226
2026-01-13,1.40.65,158701
2026-01-13,1.40.66,162989
2026-01-13,1.40.67,161651
2026-01-13,1.40.68,163652
2026-01-13,1.40.69,204354
2026-01-13,1.40.70,189740
2026-01-13,1.40.71,178638
2026-01-13,1.40.72,177297
2026-01-13,1.40.73,187273
2026-01-13,1.40.74,181784
2026-01-13,1.40.75,202180
2026-01-13,1.40.76,321496
2026-01-13,1.41.0,173268
2026-01-13,1.41.1,180819
2026-01-13,1.41.2,182349
2026-01-13,1.41.3,186802
2026-01-13,1.41.4,174195
2026-01-13,1.41.5,459374
2026-01-13,1.42.0,302449
2026-01-13,1.42.1,340718
2026-01-13,1.42.10,306736
2026-01-13,1.42.11,293796
2026-01-13,1.42.12,301485
2026-01-13,1.42.13,298055
2026-01-13,1.42.14,320164
2026-01-13,1.42.15,293796
2026-01-13,1.42.16,313876
2026-01-13,1.42.17,397733
2026-01-13,1.42.18,410411
2026-01-13,1.42.19,559580
2026-01-13,1.42.2,303058
2026-01-13,1.42.20,435911
2026-01-13,1.42.21,484435
2026-01-13,1.42.22,528721
2026-01-13,1.42.23,459913
2026-01-13,1.42.24,507539
2026-01-13,1.42.25,556688
2026-01-13,1.42.26,6918777
2026-01-13,1.42.27,1161626
2026-01-13,1.42.3,296629
2026-01-13,1.42.4,303592
2026-01-13,1.42.5,342060
2026-01-13,1.42.6,296930
2026-01-13,1.42.7,302907
2026-01-13,1.42.8,297070
2026-01-13,1.42.9,301829
2026-01-13,~other,42351502
2026-01-14,1.40.65,146148
2026-01-14,1.40.66,149740
2026-01-14,1.40.67,148843
2026-01-14,1.40.68,151329
2026-01-14,1.40.69,178499
2026-01-14,1.40.70,170333
2026-01-14,1.40.71,158622
2026-01-14,1.40.72,160005
2026-01-14,1.40.73,169745
2026-01-14,1.40.74,164246
2026-01-14,1.40.75,183411
2026-01-14,1.40.76,296877
2026-01-14,1.41.0,161673
2026-01-14,1.41.1,168490
2026-01-14,1.41.2,170949
2026-01-14,1.41.3,175888
2026-01-14,1.41.4,161758
2026-01-14,1.41.5,439205
2026-01-14,1.42.0,281416
2026-01-14,1.42.1,316630
2026-01-14,1.42.10,286437
2026-01-14,1.42.11,273912
2026-01-14,1.42.12,279882
2026-01-14,1.42.13,274372
2026-01-14,1.42.14,296312
2026-01-14,1.42.15,272963
2026-01-14,1.42.16,291319
2026-01-14,1.42.17,294923
2026-01-14,1.42.18,370601
2026-01-14,1.42.19,513382
2026-01-14,1.42.2,278565
2026-01-14,1.42.20,402123
2026-01-14,1.42.21,443077
2026-01-14,1.42.22,497920
2026-01-14,1.42.23,421150
2026-01-14,1.42.24,456378
2026-01-14,1.42.25,474506
2026-01-14,1.42.26,510185
2026-01-14,1.42.27,7019737
2026-01-14,1.42.28,1140972
2026-01-14,1.42.3,275357
2026-01-14,1.42.4,281340
2026-01-14,1.42.5,309622
2026-01-14,1.42.6,276105
2026-01-14,1.42.7,281392
2026-01-14,1.42.8,275597
2026-01-14,1.42.9,283862
2026-01-14,~other,44096337
2026-01-15,1.40.65,106875
2026-01-15,1.40.66,110794
2026-01-15,1.40.67,110476
2026-01-15,1.40.68,110479
2026-01-15,1.40.69,150031
2026-01-15,1.40.70,134051
2026-01-15,1.40.71,112138
2026-01-15,1.40.72,118605
2026-01-15,1.40.73,131460
2026-01-15,1.40.74,125222
2026-01-15,1.40.75,137912
2026-01-15,1.40.76,247530
2026-01-15,1.41.0,125954
2026-01-15,1.41.1,132903
2026-01-15,1.41.2,133528
2026-01-15,1.41.3,146219
2026-01-15,1.41.4,132762
2026-01-15,1.41.5,415991
2026-01-15,1.42.0,250190
2026-01-15,1.42.1,281458
2026-01-15,1.42.10,299245
2026-01-15,1.42.11,284180
2026-01-15,1.42.12,289876
2026-01-15,1.42.13,285948
2026-01-15,1.42.14,303632
2026-01-15,1.42.15,284864
2026-01-15,1.42.16,302938
2026-01-15,1.42.17,297841
2026-01-15,1.42.18,355830
2026-01-15,1.42.19,748773
2026-01-15,1.42.2,244038
2026-01-15,1.42.20,502814
2026-01-15,1.42.21,540958
2026-01-15,1.42.22,588662
2026-01-15,1.42.23,519591
2026-01-15,1.42.24,544921
2026-01-15,1.42.25,561214
2026-01-15,1.42.26,548306
2026-01-15,1.42.27,593707
2026-01-15,1.42.28,6830984
2026-01-15,1.42.29,1117370
2026-01-15,1.42.3,243972
2026-01-15,1.42.4,249644
2026-01-15,1.42.5,275011
2026-01-15,1.42.6,244589
2026-01-15,1.42.7,246569
2026-01-15,1.42.8,242439
2026-01-15,1.42.9,285602
2026-01-15,~other,38292480
2026-01-16,1.40.65,84877
2026-01-16,1.40.66,88457
2026-01-16,1.40.67,87550
2026-01-16,1.40.68,88928
2026-01-16,1.40.69,115904
2026-01-16,1.40.70,107642
2026-01-16,1.40.71,90701
2026-01-16,1.40.72,87895
2026-01-16,1.40.73,105546
2026-01-16,1.40.74,100116
2026-01-16,1.40.75,114365
2026-01-16,1.40.76,219909
2026-01-16,1.41.0,99139
2026-01-16,1.41.1,105962
2026-01-16,1.41.2,105162
2026-01-16,1.41.3,108341
2026-01-16,1.41.4,103045
2026-01-16,1.41.5,362671
2026-01-16,1.42.0,222666
2026-01-16,1.42.1,222200
2026-01-16,1.42.10,331232
2026-01-16,1.42.11,332768
2026-01-16,1.42.12,337783
2026-01-16,1.42.13,334263
2026-01-16,1.42.14,350633
2026-01-16,1.42.15,334161
2026-01-16,1.42.16,353437
2026-01-16,1.42.17,344080
2026-01-16,1.42.18,361892
2026-01-16,1.42.19,526276
2026-01-16,1.42.2,220752
2026-01-16,1.42.20,380809
2026-01-16,1.42.21,416783
2026-01-16,1.42.22,455146
2026-01-16,1.42.23,392876
2026-01-16,1.42.24,417793
2026-01-16,1.42.25,431476
2026-01-16,1.42.26,446336
2026-01-16,1.42.27,420026
2026-01-16,1.42.28,470567
2026-01-16,1.42.29,6416867
2026-01-16,1.42.3,217096
2026-01-16,1.42.30,1031617
2026-01-16,1.42.4,223160
2026-01-16,1.42.5,244886
2026-01-16,1.42.6,215662
2026-01-16,1.42.7,219312
2026-01-16,1.42.8,217924
2026-01-16,1.42.9,270580
2026-01-16,~other,35394863
2026-01-17,1.40.65,39001
2026-01-17,1.40.66,40723
2026-01-17,1.40.67,40023
2026-01-17,1.40.68,40489
2026-01-17,1.40.69,45864
2026-01-17,1.40.70,45520
2026-01-17,1.40.71,40986
2026-01-17,1.40.72,40817
2026-01-17,1.40.73,44337
2026-01-17,1.40.74,47987
2026-01-17,1.40.75,61809
2026-01-17,1.40.76,120740
2026-01-17,1.41.0,45548
2026-01-17,1.41.1,55636
2026-01-17,1.41.2,49506
2026-01-17,1.41.3,53808
2026-01-17,1.41.4,47087
2026-01-17,1.41.5,257246
2026-01-17,1.42.0,156400
2026-01-17,1.42.1,158201
2026-01-17,1.42.10,157944
2026-01-17,1.42.11,250540
2026-01-17,1.42.12,251539
2026-01-17,1.42.13,251418
2026-01-17,1.42.14,261957
2026-01-17,1.42.15,251586
2026-01-17,1.42.16,272093
2026-01-17,1.42.17,255360
2026-01-17,1.42.18,256343
2026-01-17,1.42.19,388320
2026-01-17,1.42.2,155277
2026-01-17,1.42.20,290010
2026-01-17,1.42.21,311864
2026-01-17,1.42.22,313439
2026-01-17,1.42.23,293148
2026-01-17,1.42.24,300866
2026-01-17,1.42.25,309543
2026-01-17,1.42.26,304443
2026-01-17,1.42.27,314448
2026-01-17,1.42.28,303652
2026-01-17,1.42.29,308106
2026-01-17,1.42.3,156360
2026-01-17,1.42.30,5106792
2026-01-17,1.42.4,157029
2026-01-17,1.42.5,164110
2026-01-17,1.42.6,155011
2026-01-17,1.42.7,155697
2026-01-17,1.42.8,156176
2026-01-17,1.42.9,210094
2026-01-17,~other,25754296
2026-01-18,1.40.65,53404
2026-01-18,1.40.66,55239
2026-01-18,1.40.67,53933
2026-01-18,1.40.68,54675
2026-01-18,1.40.69,65992
2026-01-18,1.40.70,59449
2026-01-18,1.40.71,55849
2026-01-18,1.40.72,55728
2026-01-18,1.40.73,56156
2026-01-18,1.40.74,62347
2026-01-18,1.40.75,75676
2026-01-18,1.40.76,133045
2026-01-18,1.41.0,58688
2026-01-18,1.41.1,69314
2026-01-18,1.41.2,65845
2026-01-18,1.41.3,69501
2026-01-18,1.41.4,59739
2026-01-18,1.41.5,264051
2026-01-18,1.42.0,169934
2026-01-18,1.42.1,171187
2026-01-18,1.42.10,171228
2026-01-18,1.42.11,279164
2026-01-18,1.42.12,280586
2026-01-18,1.42.13,280929
2026-01-18,1.42.14,298014
2026-01-18,1.42.15,281431
2026-01-18,1.42.16,293993
2026-01-18,1.42.17,283432
2026-01-18,1.42.18,283628
2026-01-18,1.42.19,434477
2026-01-18,1.42.2,169393
2026-01-18,1.42.20,318408
2026-01-18,1.42.21,343583
2026-01-18,1.42.22,334965
2026-01-18,1.42.23,321795
2026-01-18,1.42.24,328100
2026-01-18,1.42.25,337266
2026-01-18,1.42.26,334925
2026-01-18,1.42.27,344734
2026-01-18,1.42.28,330669
2026-01-18,1.42.29,346752
2026-01-18,1.42.3,169869
2026-01-18,1.42.30,5107464
2026-01-18,1.42.4,169832
2026-01-18,1.42.5,174095
2026-01-18,1.42.6,170724
2026-01-18,1.42.7,169152
2026-01-18,1.42.8,169618
2026-01-18,1.42.9,218447
2026-01-18,~other,25312675
2026-01-21,1.40.65,118194
2026-01-21,1.40.66,122055
2026-01-21,1.40.67,121962
2026-01-21,1.40.68,122676
2026-01-21,1.40.69,137050
2026-01-21,1.40.70,150218
2026-01-21,1.40.71,123282
2026-01-21,1.40.72,122232
2026-01-21,1.40.73,131171
2026-01-21,1.40.74,126456
2026-01-21,1.40.75,142918
2026-01-21,1.40.76,251677
2026-01-21,1.41.0,132658
2026-01-21,1.41.1,131013
2026-01-21,1.41.2,141686
2026-01-21,1.41.3,151109
2026-01-21,1.41.4,132596
2026-01-21,1.41.5,416475
2026-01-21,1.42.0,258149
2026-01-21,1.42.1,258560
2026-01-21,1.42.10,263513
2026-01-21,1.42.11,251256
2026-01-21,1.42.12,256806
2026-01-21,1.42.13,252280
2026-01-21,1.42.14,270565
2026-01-21,1.42.15,252560
2026-01-21,1.42.16,265841
2026-01-21,1.42.17,265630
2026-01-21,1.42.18,278196
2026-01-21,1.42.19,289005
2026-01-21,1.42.2,256500
2026-01-21,1.42.20,243568
2026-01-21,1.42.21,278177
2026-01-21,1.42.22,320641
2026-01-21,1.42.23,261340
2026-01-21,1.42.24,279794
2026-01-21,1.42.25,277945
2026-01-21,1.42.26,312580
2026-01-21,1.42.27,298337
2026-01-21,1.42.28,290635
2026-01-21,1.42.29,277607
2026-01-21,1.42.3,252330
2026-01-21,1.42.30,724787
2026-01-21,1.42.31,6829066
2026-01-21,1.42.32,1055914
2026-01-21,1.42.4,260150
2026-01-21,1.42.5,281171
2026-01-21,1.42.6,256109
2026-01-21,1.42.7,255061
2026-01-21,1.42.8,253089
2026-01-21,1.42.9,255121
2026-01-21,~other,38753707
2026-01-22,1.40.65,108591
2026-01-22,1.40.66,111639
2026-01-22,1.40.67,111499
2026-01-22,1.40.68,113164
2026-01-22,1.40.69,127445
2026-01-22,1.40.70,138501
2026-01-22,1.40.71,115110
2026-01-22,1.40.72,112228
2026-01-22,1.40.73,122690
2026-01-22,1.40.74,115954
2026-01-22,1.40.75,125697
2026-01-22,1.40.76,244066
2026-01-22,1.41.0,121573
2026-01-22,1.41.1,120608
2026-01-22,1.41.2,128443
2026-01-22,1.41.3,133009
2026-01-22,1.41.4,120560
2026-01-22,1.41.5,386786
2026-01-22,1.42.0,252873
2026-01-22,1.42.1,251109
2026-01-22,1.42.10,256250
2026-01-22,1.42.11,243640
2026-01-22,1.42.12,248896
2026-01-22,1.42.13,245497
2026-01-22,1.42.14,260873
2026-01-22,1.42.15,243854
2026-01-22,1.42.16,259258
2026-01-22,1.42.17,256749
2026-01-22,1.42.18,322355
2026-01-22,1.42.19,275791
2026-01-22,1.42.2,250336
2026-01-22,1.42.20,236244
2026-01-22,1.42.21,270316
2026-01-22,1.42.22,319838
2026-01-22,1.42.23,248788
2026-01-22,1.42.24,276330
2026-01-22,1.42.25,266896
2026-01-22,1.42.26,307588
2026-01-22,1.42.27,277227
2026-01-22,1.42.28,281815
2026-01-22,1.42.29,264940
2026-01-22,1.42.3,245008
2026-01-22,1.42.30,501462
2026-01-22,1.42.31,429063
2026-01-22,1.42.32,6711101
2026-01-22,1.42.33,1123109
2026-01-22,1.42.4,254112
2026-01-22,1.42.5,279240
2026-01-22,1.42.6,247950
2026-01-22,1.42.7,247564
2026-01-22,1.42.8,245935
2026-01-22,1.42.9,247178
2026-01-22,~other,37512858
2026-01-23,1.40.65,117995
2026-01-23,1.40.66,115550
2026-01-23,1.40.67,113846
2026-01-23,1.40.68,116113
2026-01-23,1.40.69,131581
2026-01-23,1.40.70,141350
2026-01-23,1.40.71,116639
2026-01-23,1.40.72,115264
2026-01-23,1.40.73,124665
2026-01-23,1.40.74,117736
2026-01-23,1.40.75,127958
2026-01-23,1.40.76,236688
2026-01-23,1.41.0,118825
2026-01-23,1.41.1,119777
2026-01-23,1.41.2,125382
2026-01-23,1.41.3,131593
2026-01-23,1.41.4,120014
2026-01-23,1.41.5,352229
2026-01-23,1.42.0,237014
2026-01-23,1.42.1,234999
2026-01-23,1.42.10,241156
2026-01-23,1.42.11,228744
2026-01-23,1.42.12,232581
2026-01-23,1.42.13,230269
2026-01-23,1.42.14,244819
2026-01-23,1.42.15,229858
2026-01-23,1.42.16,241988
2026-01-23,1.42.17,240636
2026-01-23,1.42.18,307177
2026-01-23,1.42.19,260208
2026-01-23,1.42.2,233429
2026-01-23,1.42.20,222994
2026-01-23,1.42.21,250715
2026-01-23,1.42.22,300008
2026-01-23,1.42.23,232314
2026-01-23,1.42.24,252170
2026-01-23,1.42.25,257423
2026-01-23,1.42.26,289524
2026-01-23,1.42.27,263580
2026-01-23,1.42.28,267089
2026-01-23,1.42.29,253748
2026-01-23,1.42.3,231592
2026-01-23,1.42.30,601285
2026-01-23,1.42.31,416393
2026-01-23,1.42.32,469984
2026-01-23,1.42.33,6531730
2026-01-23,1.42.34,1017758
2026-01-23,1.42.4,240487
2026-01-23,1.42.5,264190
2026-01-23,1.42.6,230731
2026-01-23,1.42.7,235060
2026-01-23,1.42.8,232728
2026-01-23,1.42.9,232051
2026-01-23,~other,36253728
2026-01-24,1.40.65,41726
2026-01-24,1.40.66,43611
2026-01-24,1.40.67,42090
2026-01-24,1.40.68,45532
2026-01-24,1.40.69,49565
2026-01-24,1.40.70,46850
2026-01-24,1.40.71,44043
2026-01-24,1.40.72,43818
2026-01-24,1.40.73,45290
2026-01-24,1.40.74,44422
2026-01-24,1.40.75,53921
2026-01-24,1.40.76,122718
2026-01-24,1.41.0,43923
2026-01-24,1.41.1,45916
2026-01-24,1.41.2,48246
2026-01-24,1.41.3,53662
2026-01-24,1.41.4,46173
2026-01-24,1.41.5,196020
2026-01-24,1.42.0,136414
2026-01-24,1.42.1,137557
2026-01-24,1.42.10,139169
2026-01-24,1.42.11,133928
2026-01-24,1.42.12,135443
2026-01-24,1.42.13,134032
2026-01-24,1.42.14,147125
2026-01-24,1.42.15,133792
2026-01-24,1.42.16,143601
2026-01-24,1.42.17,139423
2026-01-24,1.42.18,156417
2026-01-24,1.42.19,146161
2026-01-24,1.42.2,135895
2026-01-24,1.42.20,132171
2026-01-24,1.42.21,149917
2026-01-24,1.42.22,153001
2026-01-24,1.42.23,134655
2026-01-24,1.42.24,141214
2026-01-24,1.42.25,144192
2026-01-24,1.42.26,175365
2026-01-24,1.42.27,175325
2026-01-24,1.42.28,167201
2026-01-24,1.42.29,163728
2026-01-24,1.42.3,135591
2026-01-24,1.42.30,982962
2026-01-24,1.42.31,570862
2026-01-24,1.42.32,563662
2026-01-24,1.42.33,583030
2026-01-24,1.42.34,5397473
2026-01-24,1.42.4,138504
2026-01-24,1.42.5,143217
2026-01-24,1.42.6,134833
2026-01-24,1.42.7,141436
2026-01-24,1.42.8,135886
2026-01-24,1.42.9,136316
2026-01-24,~other,24975402
2026-01-25,1.40.65,30485
2026-01-25,1.40.66,31446
2026-01-25,1.40.67,31095
2026-01-25,1.40.68,32950
2026-01-25,1.40.69,42682
2026-01-25,1.40.70,34952
2026-01-25,1.40.71,33055
2026-01-25,1.40.72,32945
2026-01-25,1.40.73,32682
2026-01-25,1.40.74,34992
2026-01-25,1.40.75,43321
2026-01-25,1.40.76,116359
2026-01-25,1.41.0,33987
2026-01-25,1.41.1,35319
2026-01-25,1.41.2,39486
2026-01-25,1.41.3,44117
2026-01-25,1.41.4,37168
2026-01-25,1.41.5,181104
2026-01-25,1.42.0,123004
2026-01-25,1.42.1,124533
2026-01-25,1.42.10,124721
2026-01-25,1.42.11,119942
2026-01-25,1.42.12,121244
2026-01-25,1.42.13,120209
2026-01-25,1.42.14,138372
2026-01-25,1.42.15,120849
2026-01-25,1.42.16,129664
2026-01-25,1.42.17,125542
2026-01-25,1.42.18,140645
2026-01-25,1.42.19,133194
2026-01-25,1.42.2,121875
2026-01-25,1.42.20,118259
2026-01-25,1.42.21,134322
2026-01-25,1.42.22,127677
2026-01-25,1.42.23,121174
2026-01-25,1.42.24,125888
2026-01-25,1.42.25,125863
2026-01-25,1.42.26,163317
2026-01-25,1.42.27,165415
2026-01-25,1.42.28,150261
2026-01-25,1.42.29,150535
2026-01-25,1.42.3,122217
2026-01-25,1.42.30,536826
2026-01-25,1.42.31,339155
2026-01-25,1.42.32,333221
2026-01-25,1.42.33,354531
2026-01-25,1.42.34,5031927
2026-01-25,1.42.4,124311
2026-01-25,1.42.5,129179
2026-01-25,1.42.6,124080
2026-01-25,1.42.7,122206
2026-01-25,1.42.8,123213
2026-01-25,1.42.9,124588
2026-01-25,~other,24963100
2026-01-27,1.40.65,133697
2026-01-27,1.40.66,136768
2026-01-27,1.40.67,136467
2026-01-27,1.40.68,136888
2026-01-27,1.40.69,153308
2026-01-27,1.40.70,152961
2026-01-27,1.40.71,140558
2026-01-27,1.40.72,137521
2026-01-27,1.40.73,149545
2026-01-27,1.40.74,142137
2026-01-27,1.40.75,147584
2026-01-27,1.40.76,267178
2026-01-27,1.41.0,143730
2026-01-27,1.41.1,140725
2026-01-27,1.41.2,153288
2026-01-27,1.41.3,164585
2026-01-27,1.41.4,147383
2026-01-27,1.41.5,442426
2026-01-27,1.42.0,310699
2026-01-27,1.42.1,311366
2026-01-27,1.42.10,306945
2026-01-27,1.42.11,299820
2026-01-27,1.42.12,303573
2026-01-27,1.42.13,300931
2026-01-27,1.42.14,318042
2026-01-27,1.42.15,298846
2026-01-27,1.42.16,313299
2026-01-27,1.42.17,314878
2026-01-27,1.42.18,377010
2026-01-27,1.42.19,331465
2026-01-27,1.42.2,308931
2026-01-27,1.42.20,290453
2026-01-27,1.42.21,318970
2026-01-27,1.42.22,386005
2026-01-27,1.42.23,301034
2026-01-27,1.42.24,327193
2026-01-27,1.42.25,315775
2026-01-27,1.42.26,447615
2026-01-27,1.42.27,417742
2026-01-27,1.42.28,418058
2026-01-27,1.42.29,393823
2026-01-27,1.42.3,306201
2026-01-27,1.42.30,643854
2026-01-27,1.42.31,459300
2026-01-27,1.42.32,456786
2026-01-27,1.42.33,463110
2026-01-27,1.42.34,608141
2026-01-27,1.42.35,7118290
2026-01-27,1.42.36,1075030
2026-01-27,1.42.4,312131
2026-01-27,1.42.5,321004
2026-01-27,1.42.6,304349
2026-01-27,1.42.7,304549
2026-01-27,1.42.8,304348
2026-01-27,1.42.9,303638
2026-01-27,~other,41362384
2026-01-28,1.40.65,207728
2026-01-28,1.40.66,210177
2026-01-28,1.40.67,210555
2026-01-28,1.40.68,212766
2026-01-28,1.40.69,224079
2026-01-28,1.40.70,226909
2026-01-28,1.40.71,214871
2026-01-28,1.40.72,211365
2026-01-28,1.40.73,223894
2026-01-28,1.40.74,217931
2026-01-28,1.40.75,220593
2026-01-28,1.40.76,336567
2026-01-28,1.41.0,213303
2026-01-28,1.41.1,212288
2026-01-28,1.41.2,219611
2026-01-28,1.41.3,234828
2026-01-28,1.41.4,218181
2026-01-28,1.41.5,458429
2026-01-28,1.42.0,331928
2026-01-28,1.42.1,331349
2026-01-28,1.42.10,328636
2026-01-28,1.42.11,323778
2026-01-28,1.42.12,331019
2026-01-28,1.42.13,323956
2026-01-28,1.42.14,341133
2026-01-28,1.42.15,322766
2026-01-28,1.42.16,335205
2026-01-28,1.42.17,337078
2026-01-28,1.42.18,395759
2026-01-28,1.42.19,355795
2026-01-28,1.42.2,330487
2026-01-28,1.42.20,316479
2026-01-28,1.42.21,343882
2026-01-28,1.42.22,407042
2026-01-28,1.42.23,328660
2026-01-28,1.42.24,348420
2026-01-28,1.42.25,341895
2026-01-28,1.42.26,385136
2026-01-28,1.42.27,398062
2026-01-28,1.42.28,402171
2026-01-28,1.42.29,379857
2026-01-28,1.42.3,330610
2026-01-28,1.42.30,584610
2026-01-28,1.42.31,447725
2026-01-28,1.42.32,441320
2026-01-28,1.42.33,439740
2026-01-28,1.42.34,538458
2026-01-28,1.42.35,524139
2026-01-28,1.42.36,6993118
2026-01-28,1.42.37,1111133
2026-01-28,1.42.4,334180
2026-01-28,1.42.5,340188
2026-01-28,1.42.6,326232
2026-01-28,1.42.7,328331
2026-01-28,1.42.8,327842
2026-01-28,1.42.9,327059
2026-01-28,~other,41682206
2026-01-29,1.40.65,204090
2026-01-29,1.40.66,206629
2026-01-29,1.40.67,206670
2026-01-29,1.40.68,210553
2026-01-29,1.40.69,223775
2026-01-29,1.40.70,224522
2026-01-29,1.40.71,211335
2026-01-29,1.40.72,207681
2026-01-29,1.40.73,221300
2026-01-29,1.40.74,212025
2026-01-29,1.40.75,217865
2026-01-29,1.40.76,345548
2026-01-29,1.41.0,219257
2026-01-29,1.41.1,212143
2026-01-29,1.41.2,222172
2026-01-29,1.41.3,228982
2026-01-29,1.41.4,218744
2026-01-29,1.41.5,471881
2026-01-29,1.42.0,330687
2026-01-29,1.42.1,330960
2026-01-29,1.42.10,327185
2026-01-29,1.42.11,322187
2026-01-29,1.42.12,328014
2026-01-29,1.42.13,324664
2026-01-29,1.42.14,342053
2026-01-29,1.42.15,322891
2026-01-29,1.42.16,338816
2026-01-29,1.42.17,334508
2026-01-29,1.42.18,390365
2026-01-29,1.42.19,354241
2026-01-29,1.42.2,328179
2026-01-29,1.42.20,316108
2026-01-29,1.42.21,342790
2026-01-29,1.42.22,397927
2026-01-29,1.42.23,326713
2026-01-29,1.42.24,353115
2026-01-29,1.42.25,346534
2026-01-29,1.42.26,388711
2026-01-29,1.42.27,366522
2026-01-29,1.42.28,390063
2026-01-29,1.42.29,376967
2026-01-29,1.42.3,327352
2026-01-29,1.42.30,577255
2026-01-29,1.42.31,445872
2026-01-29,1.42.32,437721
2026-01-29,1.42.33,436675
2026-01-29,1.42.34,512180
2026-01-29,1.42.35,487930
2026-01-29,1.42.36,482637
2026-01-29,1.42.37,7032570
2026-01-29,1.42.38,1145674
2026-01-29,1.42.4,333776
2026-01-29,1.42.5,342810
2026-01-29,1.42.6,325717
2026-01-29,1.42.7,328202
2026-01-29,1.42.8,326699
2026-01-29,1.42.9,326482
2026-01-29,~other,43127456
2026-01-30,1.40.65,126129
2026-01-30,1.40.66,129009
2026-01-30,1.40.67,128734
2026-01-30,1.40.68,131086
2026-01-30,1.40.69,144641
2026-01-30,1.40.70,145384
2026-01-30,1.40.71,132005
2026-01-30,1.40.72,129813
2026-01-30,1.40.73,142347
2026-01-30,1.40.74,134775
2026-01-30,1.40.75,138885
2026-01-30,1.40.76,261017
2026-01-30,1.41.0,133862
2026-01-30,1.41.1,133678
2026-01-30,1.41.2,144967
2026-01-30,1.41.3,145173
2026-01-30,1.41.4,135230
2026-01-30,1.41.5,380126
2026-01-30,1.42.0,250786
2026-01-30,1.42.1,249380
2026-01-30,1.42.10,246131
2026-01-30,1.42.11,242868
2026-01-30,1.42.12,249095
2026-01-30,1.42.13,244381
2026-01-30,1.42.14,258815
2026-01-30,1.42.15,242438
2026-01-30,1.42.16,254146
2026-01-30,1.42.17,251948
2026-01-30,1.42.18,281880
2026-01-30,1.42.19,266211
2026-01-30,1.42.2,247320
2026-01-30,1.42.20,236670
2026-01-30,1.42.21,261442
2026-01-30,1.42.22,302653
2026-01-30,1.42.23,247517
2026-01-30,1.42.24,264186
2026-01-30,1.42.25,263776
2026-01-30,1.42.26,298697
2026-01-30,1.42.27,279808
2026-01-30,1.42.28,264436
2026-01-30,1.42.29,311284
2026-01-30,1.42.3,246167
2026-01-30,1.42.30,509552
2026-01-30,1.42.31,375445
2026-01-30,1.42.32,370014
2026-01-30,1.42.33,372484
2026-01-30,1.42.34,429615
2026-01-30,1.42.35,405738
2026-01-30,1.42.36,404717
2026-01-30,1.42.37,428529
2026-01-30,1.42.38,6544208
2026-01-30,1.42.39,1000290
2026-01-30,1.42.4,252451
2026-01-30,1.42.5,258828
2026-01-30,1.42.6,244144
2026-01-30,1.42.7,246740
2026-01-30,1.42.8,247167
2026-01-30,1.42.9,248084
2026-01-30,~other,38929974
2026-01-31,1.40.65,71059
2026-01-31,1.40.66,71617
2026-01-31,1.40.67,71924
2026-01-31,1.40.68,72814
2026-01-31,1.40.69,77404
2026-01-31,1.40.70,76345
2026-01-31,1.40.71,74440
2026-01-31,1.40.72,72883
2026-01-31,1.40.73,76448
2026-01-31,1.40.74,74729
2026-01-31,1.40.75,80477
2026-01-31,1.40.76,161249
2026-01-31,1.41.0,75722
2026-01-31,1.41.1,72822
2026-01-31,1.41.2,79181
2026-01-31,1.41.3,79463
2026-01-31,1.41.4,72455
2026-01-31,1.41.5,234391
2026-01-31,1.42.0,166205
2026-01-31,1.42.1,167237
2026-01-31,1.42.10,165664
2026-01-31,1.42.11,164138
2026-01-31,1.42.12,166757
2026-01-31,1.42.13,164021
2026-01-31,1.42.14,178415
2026-01-31,1.42.15,163570
2026-01-31,1.42.16,176319
2026-01-31,1.42.17,166250
2026-01-31,1.42.18,173770
2026-01-31,1.42.19,175550
2026-01-31,1.42.2,164876
2026-01-31,1.42.20,162150
2026-01-31,1.42.21,181908
2026-01-31,1.42.22,178907
2026-01-31,1.42.23,167725
2026-01-31,1.42.24,176479
2026-01-31,1.42.25,170329
2026-01-31,1.42.26,185349
2026-01-31,1.42.27,184752
2026-01-31,1.42.28,170669
2026-01-31,1.42.29,194780
2026-01-31,1.42.3,164831
2026-01-31,1.42.30,311000
2026-01-31,1.42.31,249881
2026-01-31,1.42.32,247118
2026-01-31,1.42.33,248167
2026-01-31,1.42.34,270529
2026-01-31,1.42.35,256605
2026-01-31,1.42.36,251763
2026-01-31,1.42.37,265402
2026-01-31,1.42.38,270785
2026-01-31,1.42.39,5108264
2026-01-31,1.42.4,167724
2026-01-31,1.42.5,168791
2026-01-31,1.42.6,165966
2026-01-31,1.42.7,167610
2026-01-31,1.42.8,166385
2026-01-31,1.42.9,166905
2026-01-31,~other,26711560
2026-02-01,1.40.65,44632
2026-02-01,1.40.66,45347
2026-02-01,1.40.67,45409
2026-02-01,1.40.68,46161
2026-02-01,1.40.69,59975
2026-02-01,1.40.70,49706
2026-02-01,1.40.71,47971
2026-02-01,1.40.72,46363
2026-02-01,1.40.73,47805
2026-02-01,1.40.74,48423
2026-02-01,1.40.75,54809
2026-02-01,1.40.76,133931
2026-02-01,1.41.0,44997
2026-02-01,1.41.1,45739
2026-02-01,1.41.2,56002
2026-02-01,1.41.3,54950
2026-02-01,1.41.4,45187
2026-02-01,1.41.5,210508
2026-02-01,1.42.0,139857
2026-02-01,1.42.1,141242
2026-02-01,1.42.10,138849
2026-02-01,1.42.11,137131
2026-02-01,1.42.12,138064
2026-02-01,1.42.13,136650
2026-02-01,1.42.14,152826
2026-02-01,1.42.15,136713
2026-02-01,1.42.16,147055
2026-02-01,1.42.17,139491
2026-02-01,1.42.18,145577
2026-02-01,1.42.19,150907
2026-02-01,1.42.2,137833
2026-02-01,1.42.20,134639
2026-02-01,1.42.21,154807
2026-02-01,1.42.22,145068
2026-02-01,1.42.23,140665
2026-02-01,1.42.24,148791
2026-02-01,1.42.25,142304
2026-02-01,1.42.26,158799
2026-02-01,1.42.27,160756
2026-02-01,1.42.28,141725
2026-02-01,1.42.29,167098
2026-02-01,1.42.3,138575
2026-02-01,1.42.30,278690
2026-02-01,1.42.31,221144
2026-02-01,1.42.32,219002
2026-02-01,1.42.33,217345
2026-02-01,1.42.34,251969
2026-02-01,1.42.35,225587
2026-02-01,1.42.36,223725
2026-02-01,1.42.37,235385
2026-02-01,1.42.38,241399
2026-02-01,1.42.39,5174301
2026-02-01,1.42.4,139943
2026-02-01,1.42.5,141522
2026-02-01,1.42.6,139862
2026-02-01,1.42.7,141231
2026-02-01,1.42.8,141256
2026-02-01,1.42.9,139168
2026-02-01,~other,26470254
2026-02-02,1.40.65,141697
2026-02-02,1.40.66,143424
2026-02-02,1.40.67,143214
2026-02-02,1.40.68,145207
2026-02-02,1.40.69,157435
2026-02-02,1.40.70,157782
2026-02-02,1.40.71,148098
2026-02-02,1.40.72,145449
2026-02-02,1.40.73,154000
2026-02-02,1.40.74,152634
2026-02-02,1.40.75,152238
2026-02-02,1.40.76,276996
2026-02-02,1.41.0,144494
2026-02-02,1.41.1,143111
2026-02-02,1.41.2,158533
2026-02-02,1.41.3,158701
2026-02-02,1.41.4,143786
2026-02-02,1.41.5,373149
2026-02-02,1.42.0,254965
2026-02-02,1.42.1,259530
2026-02-02,1.42.10,252388
2026-02-02,1.42.11,248552
2026-02-02,1.42.12,254000
2026-02-02,1.42.13,249424
2026-02-02,1.42.14,267139
2026-02-02,1.42.15,248104
2026-02-02,1.42.16,258108
2026-02-02,1.42.17,255561
2026-02-02,1.42.18,296968
2026-02-02,1.42.19,276679
2026-02-02,1.42.2,249924
2026-02-02,1.42.20,242918
2026-02-02,1.42.21,277120
2026-02-02,1.42.22,302939
2026-02-02,1.42.23,257878
2026-02-02,1.42.24,276768
2026-02-02,1.42.25,271185
2026-02-02,1.42.26,308903
2026-02-02,1.42.27,284989
2026-02-02,1.42.28,275990
2026-02-02,1.42.29,283615
2026-02-02,1.42.3,250437
2026-02-02,1.42.30,483202
2026-02-02,1.42.31,352328
2026-02-02,1.42.32,347521
2026-02-02,1.42.33,346489
2026-02-02,1.42.34,396741
2026-02-02,1.42.35,378532
2026-02-02,1.42.36,363665
2026-02-02,1.42.37,373891
2026-02-02,1.42.38,407211
2026-02-02,1.42.39,6641591
2026-02-02,1.42.4,256964
2026-02-02,1.42.40,1020620
2026-02-02,1.42.5,262393
2026-02-02,1.42.6,250984
2026-02-02,1.42.7,254542
2026-02-02,1.42.8,253011
2026-02-02,1.42.9,252107
2026-02-02,~other,38708465
2026-02-03,1.40.65,118084
2026-02-03,1.40.66,120346
2026-02-03,1.40.67,120182
2026-02-03,1.40.68,122027
2026-02-03,1.40.69,134637
2026-02-03,1.40.70,142388
2026-02-03,1.40.71,122856
2026-02-03,1.40.72,121243
2026-02-03,1.40.73,131667
2026-02-03,1.40.74,128358
2026-02-03,1.40.75,128848
2026-02-03,1.40.76,275110
2026-02-03,1.41.0,125036
2026-02-03,1.41.1,122163
2026-02-03,1.41.2,136646
2026-02-03,1.41.3,144787
2026-02-03,1.41.4,123731
2026-02-03,1.41.5,388359
2026-02-03,1.42.0,243333
2026-02-03,1.42.1,244020
2026-02-03,1.42.10,237848
2026-02-03,1.42.11,232573
2026-02-03,1.42.12,239329
2026-02-03,1.42.13,234600
2026-02-03,1.42.14,254484
2026-02-03,1.42.15,231293
2026-02-03,1.42.16,241522
2026-02-03,1.42.17,240760
2026-02-03,1.42.18,281216
2026-02-03,1.42.19,258104
2026-02-03,1.42.2,235788
2026-02-03,1.42.20,225409
2026-02-03,1.42.21,317759
2026-02-03,1.42.22,376021
2026-02-03,1.42.23,305410
2026-02-03,1.42.24,326200
2026-02-03,1.42.25,322471
2026-02-03,1.42.26,367139
2026-02-03,1.42.27,340452
2026-02-03,1.42.28,331333
2026-02-03,1.42.29,314581
2026-02-03,1.42.3,239121
2026-02-03,1.42.30,517626
2026-02-03,1.42.31,367293
2026-02-03,1.42.32,360421
2026-02-03,1.42.33,357104
2026-02-03,1.42.34,407150
2026-02-03,1.42.35,398002
2026-02-03,1.42.36,374385
2026-02-03,1.42.37,390371
2026-02-03,1.42.38,506427
2026-02-03,1.42.39,475505
2026-02-03,1.42.4,245141
2026-02-03,1.42.40,7055855
2026-02-03,1.42.41,1128153
2026-02-03,1.42.5,251434
2026-02-03,1.42.6,236013
2026-02-03,1.42.7,238250
2026-02-03,1.42.8,236759
2026-02-03,1.42.9,237012
2026-02-03,~other,40182864
2026-02-04,1.40.65,148310
2026-02-04,1.40.66,148365
2026-02-04,1.40.67,149218
2026-02-04,1.40.68,151478
2026-02-04,1.40.69,164724
2026-02-04,1.40.70,168370
2026-02-04,1.40.71,153922
2026-02-04,1.40.72,150778
2026-02-04,1.40.73,163051
2026-02-04,1.40.74,157247
2026-02-04,1.40.75,162569
2026-02-04,1.40.76,294442
2026-02-04,1.41.0,159729
2026-02-04,1.41.1,155621
2026-02-04,1.41.2,171887
2026-02-04,1.41.3,170967
2026-02-04,1.41.4,161656
2026-02-04,1.41.5,407436
2026-02-04,1.42.0,275339
2026-02-04,1.42.1,275196
2026-02-04,1.42.10,262220
2026-02-04,1.42.11,258680
2026-02-04,1.42.12,266462
2026-02-04,1.42.13,259776
2026-02-04,1.42.14,277572
2026-02-04,1.42.15,257740
2026-02-04,1.42.16,268904
2026-02-04,1.42.17,264521
2026-02-04,1.42.18,364552
2026-02-04,1.42.19,288916
2026-02-04,1.42.2,269053
2026-02-04,1.42.20,251515
2026-02-04,1.42.21,280678
2026-02-04,1.42.22,384369
2026-02-04,1.42.23,318291
2026-02-04,1.42.24,338910
2026-02-04,1.42.25,330718
2026-02-04,1.42.26,375156
2026-02-04,1.42.27,349930
2026-02-04,1.42.28,345220
2026-02-04,1.42.29,327837
2026-02-04,1.42.3,269974
2026-02-04,1.42.30,516737
2026-02-04,1.42.31,380807
2026-02-04,1.42.32,375835
2026-02-04,1.42.33,372724
2026-02-04,1.42.34,414082
2026-02-04,1.42.35,405542
2026-02-04,1.42.36,391061
2026-02-04,1.42.37,404945
2026-02-04,1.42.38,602488
2026-02-04,1.42.39,444928
2026-02-04,1.42.4,268462
2026-02-04,1.42.40,472149
2026-02-04,1.42.41,6991630
2026-02-04,1.42.42,1183919
2026-02-04,1.42.5,276410
2026-02-04,1.42.6,261745
2026-02-04,1.42.7,263719
2026-02-04,1.42.8,263590
2026-02-04,1.42.9,261697
2026-02-04,~other,40568950
2026-02-05,1.40.65,103352
2026-02-05,1.40.66,104694
2026-02-05,1.40.67,104529
2026-02-05,1.40.68,107297
2026-02-05,1.40.69,123374
2026-02-05,1.40.70,120627
2026-02-05,1.40.71,109510
2026-02-05,1.40.72,106125
2026-02-05,1.40.73,117906
2026-02-05,1.40.74,110604
2026-02-05,1.40.75,116984
2026-02-05,1.40.76,252991
2026-02-05,1.41.0,119415
2026-02-05,1.41.1,114148
2026-02-05,1.41.2,128701
2026-02-05,1.41.3,130261
2026-02-05,1.41.4,117867
2026-02-05,1.41.5,388997
2026-02-05,1.42.0,243720
2026-02-05,1.42.1,242999
2026-02-05,1.42.10,225838
2026-02-05,1.42.11,221697
2026-02-05,1.42.12,228575
2026-02-05,1.42.13,222061
2026-02-05,1.42.14,243313
2026-02-05,1.42.15,220589
2026-02-05,1.42.16,235896
2026-02-05,1.42.17,228942
2026-02-05,1.42.18,292392
2026-02-05,1.42.19,242063
2026-02-05,1.42.2,236623
2026-02-05,1.42.20,214792
2026-02-05,1.42.21,244152
2026-02-05,1.42.22,301050
2026-02-05,1.42.23,242147
2026-02-05,1.42.24,261614
2026-02-05,1.42.25,256670
2026-02-05,1.42.26,300844
2026-02-05,1.42.27,267106
2026-02-05,1.42.28,265766
2026-02-05,1.42.29,251624
2026-02-05,1.42.3,239230
2026-02-05,1.42.30,360749
2026-02-05,1.42.31,274498
2026-02-05,1.42.32,268783
2026-02-05,1.42.33,269509
2026-02-05,1.42.34,297679
2026-02-05,1.42.35,292451
2026-02-05,1.42.36,285279
2026-02-05,1.42.37,296865
2026-02-05,1.42.38,416645
2026-02-05,1.42.39,332293
2026-02-05,1.42.4,230756
2026-02-05,1.42.40,325607
2026-02-05,1.42.41,340291
2026-02-05,1.42.42,7004678
2026-02-05,1.42.43,1147681
2026-02-05,1.42.5,241535
2026-02-05,1.42.6,223586
2026-02-05,1.42.7,226389
2026-02-05,1.42.8,227145
2026-02-05,1.42.9,224777
2026-02-05,~other,40123412
2026-02-06,1.40.65,83032
2026-02-06,1.40.66,84427
2026-02-06,1.40.67,84174
2026-02-06,1.40.68,87598
2026-02-06,1.40.69,97562
2026-02-06,1.40.70,100109
2026-02-06,1.40.71,87637
2026-02-06,1.40.72,85515
2026-02-06,1.40.73,96328
2026-02-06,1.40.74,89670
2026-02-06,1.40.75,96947
2026-02-06,1.40.76,222221
2026-02-06,1.41.0,100410
2026-02-06,1.41.1,95526
2026-02-06,1.41.2,110493
2026-02-06,1.41.3,109709
2026-02-06,1.41.4,100419
2026-02-06,1.41.5,354729
2026-02-06,1.42.0,217821
2026-02-06,1.42.1,215184
2026-02-06,1.42.10,196801
2026-02-06,1.42.11,194576
2026-02-06,1.42.12,203797
2026-02-06,1.42.13,194748
2026-02-06,1.42.14,214316
2026-02-06,1.42.15,193444
2026-02-06,1.42.16,205499
2026-02-06,1.42.17,203817
2026-02-06,1.42.18,280220
2026-02-06,1.42.19,213845
2026-02-06,1.42.2,210659
2026-02-06,1.42.20,188677
2026-02-06,1.42.21,214782
2026-02-06,1.42.22,268401
2026-02-06,1.42.23,196570
2026-02-06,1.42.24,214477
2026-02-06,1.42.25,218114
2026-02-06,1.42.26,249939
2026-02-06,1.42.27,228920
2026-02-06,1.42.28,220300
2026-02-06,1.42.29,205013
2026-02-06,1.42.3,215565
2026-02-06,1.42.30,274226
2026-02-06,1.42.31,208714
2026-02-06,1.42.32,202047
2026-02-06,1.42.33,202889
2026-02-06,1.42.34,223557
2026-02-06,1.42.35,229308
2026-02-06,1.42.36,214031
2026-02-06,1.42.37,228499
2026-02-06,1.42.38,211667
2026-02-06,1.42.39,259715
2026-02-06,1.42.4,203071
2026-02-06,1.42.40,249806
2026-02-06,1.42.41,267787
2026-02-06,1.42.42,477203
2026-02-06,1.42.43,6502017
2026-02-06,1.42.44,1084212
2026-02-06,1.42.5,209656
2026-02-06,1.42.6,197344
2026-02-06,1.42.7,198520
2026-02-06,1.42.8,198163
2026-02-06,1.42.9,198728
2026-02-06,~other,38358915
2026-02-07,1.40.65,50398
2026-02-07,1.40.66,50871
2026-02-07,1.40.67,50234
2026-02-07,1.40.68,53031
2026-02-07,1.40.69,56412
2026-02-07,1.40.70,54783
2026-02-07,1.40.71,52411
2026-02-07,1.40.72,52205
2026-02-07,1.40.73,56742
2026-02-07,1.40.74,53637
2026-02-07,1.40.75,58599
2026-02-07,1.40.76,142129
2026-02-07,1.41.0,68971
2026-02-07,1.41.1,64772
2026-02-07,1.41.2,77127
2026-02-07,1.41.3,76536
2026-02-07,1.41.4,68678
2026-02-07,1.41.5,253955
2026-02-07,1.42.0,170519
2026-02-07,1.42.1,170882
2026-02-07,1.42.10,150565
2026-02-07,1.42.11,149346
2026-02-07,1.42.12,149660
2026-02-07,1.42.13,148473
2026-02-07,1.42.14,165578
2026-02-07,1.42.15,148119
2026-02-07,1.42.16,159000
2026-02-07,1.42.17,151717
2026-02-07,1.42.18,183325
2026-02-07,1.42.19,156935
2026-02-07,1.42.2,170885
2026-02-07,1.42.20,146626
2026-02-07,1.42.21,166237
2026-02-07,1.42.22,182032
2026-02-07,1.42.23,149902
2026-02-07,1.42.24,160319
2026-02-07,1.42.25,154728
2026-02-07,1.42.26,161147
2026-02-07,1.42.27,164978
2026-02-07,1.42.28,157408
2026-02-07,1.42.29,150474
2026-02-07,1.42.3,167992
2026-02-07,1.42.30,176456
2026-02-07,1.42.31,155996
2026-02-07,1.42.32,151262
2026-02-07,1.42.33,151681
2026-02-07,1.42.34,177584
2026-02-07,1.42.35,162027
2026-02-07,1.42.36,155628
2026-02-07,1.42.37,167073
2026-02-07,1.42.38,153590
2026-02-07,1.42.39,183570
2026-02-07,1.42.4,152041
2026-02-07,1.42.40,165273
2026-02-07,1.42.41,179443
2026-02-07,1.42.42,367301
2026-02-07,1.42.43,332699
2026-02-07,1.42.44,5280540
2026-02-07,1.42.5,153875
2026-02-07,1.42.6,151330
2026-02-07,1.42.7,151668
2026-02-07,1.42.8,150776
2026-02-07,1.42.9,151995
2026-02-07,~other,27071473
2026-02-08,1.40.65,34485
2026-02-08,1.40.66,34884
2026-02-08,1.40.67,34540
2026-02-08,1.40.68,36220
2026-02-08,1.40.69,48915
2026-02-08,1.40.70,38215
2026-02-08,1.40.71,36789
2026-02-08,1.40.72,35801
2026-02-08,1.40.73,36813
2026-02-08,1.40.74,37713
2026-02-08,1.40.75,42911
2026-02-08,1.40.76,108713
2026-02-08,1.41.0,51312
2026-02-08,1.41.1,46790
2026-02-08,1.41.2,56343
2026-02-08,1.41.3,56167
2026-02-08,1.41.4,51152
2026-02-08,1.41.5,233953
2026-02-08,1.42.0,144808
2026-02-08,1.42.1,145331
2026-02-08,1.42.10,126793
2026-02-08,1.42.11,124884
2026-02-08,1.42.12,124999
2026-02-08,1.42.13,124617
2026-02-08,1.42.14,144822
2026-02-08,1.42.15,124962
2026-02-08,1.42.16,136365
2026-02-08,1.42.17,128868
2026-02-08,1.42.18,144856
2026-02-08,1.42.19,132293
2026-02-08,1.42.2,144945
2026-02-08,1.42.20,122621
2026-02-08,1.42.21,139516
2026-02-08,1.42.22,140672
2026-02-08,1.42.23,125151
2026-02-08,1.42.24,133857
2026-02-08,1.42.25,128569
2026-02-08,1.42.26,138524
2026-02-08,1.42.27,144668
2026-02-08,1.42.28,129161
2026-02-08,1.42.29,127104
2026-02-08,1.42.3,142890
2026-02-08,1.42.30,140941
2026-02-08,1.42.31,136804
2026-02-08,1.42.32,127838
2026-02-08,1.42.33,128954
2026-02-08,1.42.34,139987
2026-02-08,1.42.35,136576
2026-02-08,1.42.36,135736
2026-02-08,1.42.37,143758
2026-02-08,1.42.38,130371
2026-02-08,1.42.39,169899
2026-02-08,1.42.4,128696
2026-02-08,1.42.40,136660
2026-02-08,1.42.41,154692
2026-02-08,1.42.42,280989
2026-02-08,1.42.43,253009
2026-02-08,1.42.44,5100675
2026-02-08,1.42.5,129279
2026-02-08,1.42.6,127925
2026-02-08,1.42.7,127800
2026-02-08,1.42.8,126738
2026-02-08,1.42.9,128220
2026-02-08,~other,26087071
2026-02-10,1.40.65,90843
2026-02-10,1.40.66,93588
2026-02-10,1.40.67,93397
2026-02-10,1.40.68,96541
2026-02-10,1.40.69,117842
2026-02-10,1.40.70,113836
2026-02-10,1.40.71,98643
2026-02-10,1.40.72,96974
2026-02-10,1.40.73,106197
2026-02-10,1.40.74,101753
2026-02-10,1.40.75,102709
2026-02-10,1.40.76,271503
2026-02-10,1.41.0,128701
2026-02-10,1.41.1,125823
2026-02-10,1.41.2,141536
2026-02-10,1.41.3,141441
2026-02-10,1.41.4,132562
2026-02-10,1.41.5,485950
2026-02-10,1.42.0,240250
2026-02-10,1.42.1,238634
2026-02-10,1.42.10,211344
2026-02-10,1.42.11,207823
2026-02-10,1.42.12,214666
2026-02-10,1.42.13,207799
2026-02-10,1.42.14,233218
2026-02-10,1.42.15,206655
2026-02-10,1.42.16,216993
2026-02-10,1.42.17,224342
2026-02-10,1.42.18,272275
2026-02-10,1.42.19,230307
2026-02-10,1.42.2,229256
2026-02-10,1.42.20,200614
2026-02-10,1.42.21,229575
2026-02-10,1.42.22,302622
2026-02-10,1.42.23,212441
2026-02-10,1.42.24,231137
2026-02-10,1.42.25,229419
2026-02-10,1.42.26,286745
2026-02-10,1.42.27,251652
2026-02-10,1.42.28,240598
2026-02-10,1.42.29,220828
2026-02-10,1.42.3,236621
2026-02-10,1.42.30,267349
2026-02-10,1.42.31,227143
2026-02-10,1.42.32,221951
2026-02-10,1.42.33,219296
2026-02-10,1.42.34,242890
2026-02-10,1.42.35,253763
2026-02-10,1.42.36,231128
2026-02-10,1.42.37,266108
2026-02-10,1.42.38,251097
2026-02-10,1.42.39,321215
2026-02-10,1.42.4,216917
2026-02-10,1.42.40,317375
2026-02-10,1.42.41,271044
2026-02-10,1.42.42,565312
2026-02-10,1.42.43,478068
2026-02-10,1.42.44,618435
2026-02-10,1.42.45,7767138
2026-02-10,1.42.46,1222992
2026-02-10,1.42.5,227526
2026-02-10,1.42.6,211538
2026-02-10,1.42.7,213993
2026-02-10,1.42.8,211566
2026-02-10,1.42.9,212584
2026-02-10,~other,42654451
2026-02-11,1.40.65,76594
2026-02-11,1.40.66,78559
2026-02-11,1.40.67,79004
2026-02-11,1.40.68,81376
2026-02-11,1.40.69,98719
2026-02-11,1.40.70,98107
2026-02-11,1.40.71,84043
2026-02-11,1.40.72,80653
2026-02-11,1.40.73,90970
2026-02-11,1.40.74,84732
2026-02-11,1.40.75,88796
2026-02-11,1.40.76,246838
2026-02-11,1.41.0,121650
2026-02-11,1.41.1,91825
2026-02-11,1.41.2,109434
2026-02-11,1.41.3,114758
2026-02-11,1.41.4,100514
2026-02-11,1.41.5,381475
2026-02-11,1.42.0,215064
2026-02-11,1.42.1,215951
2026-02-11,1.42.10,190873
2026-02-11,1.42.11,187766
2026-02-11,1.42.12,197506
2026-02-11,1.42.13,186188
2026-02-11,1.42.14,207757
2026-02-11,1.42.15,185640
2026-02-11,1.42.16,196976
2026-02-11,1.42.17,203319
2026-02-11,1.42.18,289143
2026-02-11,1.42.19,209045
2026-02-11,1.42.2,206133
2026-02-11,1.42.20,180204
2026-02-11,1.42.21,211489
2026-02-11,1.42.22,277085
2026-02-11,1.42.23,188671
2026-02-11,1.42.24,207671
2026-02-11,1.42.25,205877
2026-02-11,1.42.26,247082
2026-02-11,1.42.27,220898
2026-02-11,1.42.28,221957
2026-02-11,1.42.29,205278
2026-02-11,1.42.3,210771
2026-02-11,1.42.30,244419
2026-02-11,1.42.31,216009
2026-02-11,1.42.32,201724
2026-02-11,1.42.33,206394
2026-02-11,1.42.34,221448
2026-02-11,1.42.35,225561
2026-02-11,1.42.36,204698
2026-02-11,1.42.37,233742
2026-02-11,1.42.38,268188
2026-02-11,1.42.39,327984
2026-02-11,1.42.4,195583
2026-02-11,1.42.40,294872
2026-02-11,1.42.41,287639
2026-02-11,1.42.42,488061
2026-02-11,1.42.43,371665
2026-02-11,1.42.44,439650
2026-02-11,1.42.45,479745
2026-02-11,1.42.46,7322769
2026-02-11,1.42.47,1199620
2026-02-11,1.42.5,206101
2026-02-11,1.42.6,191416
2026-02-11,1.42.7,192378
2026-02-11,1.42.8,189782
2026-02-11,1.42.9,191401
2026-02-11,~other,38035087
2026-02-12,1.40.65,79085
2026-02-12,1.40.66,80633
2026-02-12,1.40.67,83401
2026-02-12,1.40.68,83578
2026-02-12,1.40.69,96777
2026-02-12,1.40.70,100172
2026-02-12,1.40.71,88799
2026-02-12,1.40.72,84273
2026-02-12,1.40.73,96425
2026-02-12,1.40.74,88720
2026-02-12,1.40.75,92032
2026-02-12,1.40.76,243461
2026-02-12,1.41.0,101444
2026-02-12,1.41.1,93068
2026-02-12,1.41.2,111577
2026-02-12,1.41.3,109113
2026-02-12,1.41.4,97565
2026-02-12,1.41.5,395983
2026-02-12,1.42.0,226176
2026-02-12,1.42.1,227695
2026-02-12,1.42.10,203385
2026-02-12,1.42.11,200672
2026-02-12,1.42.12,206006
2026-02-12,1.42.13,199144
2026-02-12,1.42.14,219982
2026-02-12,1.42.15,198906
2026-02-12,1.42.16,208540
2026-02-12,1.42.17,216098
2026-02-12,1.42.18,265059
2026-02-12,1.42.19,219633
2026-02-12,1.42.2,217851
2026-02-12,1.42.20,192955
2026-02-12,1.42.21,220095
2026-02-12,1.42.22,285077
2026-02-12,1.42.23,201173
2026-02-12,1.42.24,220807
2026-02-12,1.42.25,210671
2026-02-12,1.42.26,262466
2026-02-12,1.42.27,226432
2026-02-12,1.42.28,228646
2026-02-12,1.42.29,213719
2026-02-12,1.42.3,222046
2026-02-12,1.42.30,246116
2026-02-12,1.42.31,217664
2026-02-12,1.42.32,214767
2026-02-12,1.42.33,212704
2026-02-12,1.42.34,226476
2026-02-12,1.42.35,232590
2026-02-12,1.42.36,212536
2026-02-12,1.42.37,228362
2026-02-12,1.42.38,273894
2026-02-12,1.42.39,335411
2026-02-12,1.42.4,208929
2026-02-12,1.42.40,310707
2026-02-12,1.42.41,301696
2026-02-12,1.42.42,477680
2026-02-12,1.42.43,362677
2026-02-12,1.42.44,411366
2026-02-12,1.42.45,411864
2026-02-12,1.42.46,443266
2026-02-12,1.42.47,7204191
2026-02-12,1.42.48,1201640
2026-02-12,1.42.5,217132
2026-02-12,1.42.6,202882
2026-02-12,1.42.7,205400
2026-02-12,1.42.8,202397
2026-02-12,1.42.9,204025
2026-02-12,~other,39610372
2026-02-13,1.40.65,155591
2026-02-13,1.40.66,156923
2026-02-13,1.40.67,159337
2026-02-13,1.40.68,160481
2026-02-13,1.40.69,171632
2026-02-13,1.40.70,172959
2026-02-13,1.40.71,163122
2026-02-13,1.40.72,160053
2026-02-13,1.40.73,174141
2026-02-13,1.40.74,162947
2026-02-13,1.40.75,171124
2026-02-13,1.40.76,311665
2026-02-13,1.41.0,179310
2026-02-13,1.41.1,170847
2026-02-13,1.41.2,185602
2026-02-13,1.41.3,186895
2026-02-13,1.41.4,174940
2026-02-13,1.41.5,459072
2026-02-13,1.42.0,299830
2026-02-13,1.42.1,307373
2026-02-13,1.42.10,276561
2026-02-13,1.42.11,273850
2026-02-13,1.42.12,279891
2026-02-13,1.42.13,273376
2026-02-13,1.42.14,288862
2026-02-13,1.42.15,272734
2026-02-13,1.42.16,283383
2026-02-13,1.42.17,286632
2026-02-13,1.42.18,328292
2026-02-13,1.42.19,291743
2026-02-13,1.42.2,292015
2026-02-13,1.42.20,267335
2026-02-13,1.42.21,287498
2026-02-13,1.42.22,347599
2026-02-13,1.42.23,274933
2026-02-13,1.42.24,288993
2026-02-13,1.42.25,283143
2026-02-13,1.42.26,329592
2026-02-13,1.42.27,300447
2026-02-13,1.42.28,298065
2026-02-13,1.42.29,288746
2026-02-13,1.42.3,295376
2026-02-13,1.42.30,310885
2026-02-13,1.42.31,285867
2026-02-13,1.42.32,282273
2026-02-13,1.42.33,280004
2026-02-13,1.42.34,294571
2026-02-13,1.42.35,301768
2026-02-13,1.42.36,280715
2026-02-13,1.42.37,297949
2026-02-13,1.42.38,278006
2026-02-13,1.42.39,431167
2026-02-13,1.42.4,284259
2026-02-13,1.42.40,445101
2026-02-13,1.42.41,432931
2026-02-13,1.42.42,584014
2026-02-13,1.42.43,498170
2026-02-13,1.42.44,551578
2026-02-13,1.42.45,546119
2026-02-13,1.42.46,509563
2026-02-13,1.42.47,605197
2026-02-13,1.42.48,6950680
2026-02-13,1.42.49,1175128
2026-02-13,1.42.5,286422
2026-02-13,1.42.6,274578
2026-02-13,1.42.7,278544
2026-02-13,1.42.8,275363
2026-02-13,1.42.9,278762
2026-02-13,~other,39627331
2026-02-14,1.40.65,68320
2026-02-14,1.40.66,68628
2026-02-14,1.40.67,69055
2026-02-14,1.40.68,71823
2026-02-14,1.40.69,75011
2026-02-14,1.40.70,72663
2026-02-14,1.40.71,72105
2026-02-14,1.40.72,70403
2026-02-14,1.40.73,72286
2026-02-14,1.40.74,71854
2026-02-14,1.40.75,77165
2026-02-14,1.40.76,154042
2026-02-14,1.41.0,87956
2026-02-14,1.41.1,82459
2026-02-14,1.41.2,91028
2026-02-14,1.41.3,91357
2026-02-14,1.41.4,85770
2026-02-14,1.41.5,285685
2026-02-14,1.42.0,188058
2026-02-14,1.42.1,190565
2026-02-14,1.42.10,168693
2026-02-14,1.42.11,167242
2026-02-14,1.42.12,168591
2026-02-14,1.42.13,166821
2026-02-14,1.42.14,182012
2026-02-14,1.42.15,166554
2026-02-14,1.42.16,174492
2026-02-14,1.42.17,170555
2026-02-14,1.42.18,186071
2026-02-14,1.42.19,176133
2026-02-14,1.42.2,185655
2026-02-14,1.42.20,165078
2026-02-14,1.42.21,176466
2026-02-14,1.42.22,188232
2026-02-14,1.42.23,167400
2026-02-14,1.42.24,173103
2026-02-14,1.42.25,170005
2026-02-14,1.42.26,180995
2026-02-14,1.42.27,186986
2026-02-14,1.42.28,173583
2026-02-14,1.42.29,170927
2026-02-14,1.42.3,185868
2026-02-14,1.42.30,178456
2026-02-14,1.42.31,177590
2026-02-14,1.42.32,169688
2026-02-14,1.42.33,169226
2026-02-14,1.42.34,174242
2026-02-14,1.42.35,182352
2026-02-14,1.42.36,168788
2026-02-14,1.42.37,180562
2026-02-14,1.42.38,167584
2026-02-14,1.42.39,176520
2026-02-14,1.42.4,171915
2026-02-14,1.42.40,195155
2026-02-14,1.42.41,190363
2026-02-14,1.42.42,249472
2026-02-14,1.42.43,215149
2026-02-14,1.42.44,241599
2026-02-14,1.42.45,224171
2026-02-14,1.42.46,222899
2026-02-14,1.42.47,254063
2026-02-14,1.42.48,271027
2026-02-14,1.42.49,5497117
2026-02-14,1.42.5,171321
2026-02-14,1.42.6,169182
2026-02-14,1.42.7,170406
2026-02-14,1.42.8,168972
2026-02-14,1.42.9,169613
2026-02-14,~other,27156253
2026-02-15,1.40.65,45620
2026-02-15,1.40.66,45958
2026-02-15,1.40.67,46469
2026-02-15,1.40.68,48018
2026-02-15,1.40.69,57115
2026-02-15,1.40.70,49885
2026-02-15,1.40.71,50427
2026-02-15,1.40.72,48340
2026-02-15,1.40.73,48848
2026-02-15,1.40.74,50809
2026-02-15,1.40.75,54756
2026-02-15,1.40.76,141086
2026-02-15,1.41.0,66072
2026-02-15,1.41.1,60344
2026-02-15,1.41.2,69480
2026-02-15,1.41.3,66320
2026-02-15,1.41.4,64149
2026-02-15,1.41.5,280272
2026-02-15,1.42.0,171818
2026-02-15,1.42.1,170761
2026-02-15,1.42.10,152225
2026-02-15,1.42.11,150403
2026-02-15,1.42.12,151225
2026-02-15,1.42.13,150097
2026-02-15,1.42.14,169002
2026-02-15,1.42.15,150361
2026-02-15,1.42.16,158260
2026-02-15,1.42.17,154653
2026-02-15,1.42.18,162375
2026-02-15,1.42.19,157368
2026-02-15,1.42.2,169576
2026-02-15,1.42.20,148102
2026-02-15,1.42.21,160027
2026-02-15,1.42.22,160263
2026-02-15,1.42.23,151259
2026-02-15,1.42.24,156417
2026-02-15,1.42.25,153515
2026-02-15,1.42.26,165377
2026-02-15,1.42.27,171980
2026-02-15,1.42.28,154361
2026-02-15,1.42.29,152269
2026-02-15,1.42.3,169433
2026-02-15,1.42.30,161908
2026-02-15,1.42.31,160930
2026-02-15,1.42.32,152283
2026-02-15,1.42.33,152254
2026-02-15,1.42.34,162005
2026-02-15,1.42.35,161720
2026-02-15,1.42.36,152659
2026-02-15,1.42.37,164861
2026-02-15,1.42.38,150635
2026-02-15,1.42.39,167827
2026-02-15,1.42.4,156073
2026-02-15,1.42.40,156823
2026-02-15,1.42.41,154823
2026-02-15,1.42.42,162838
2026-02-15,1.42.43,155736
2026-02-15,1.42.44,180357
2026-02-15,1.42.45,165835
2026-02-15,1.42.46,160868
2026-02-15,1.42.47,194415
2026-02-15,1.42.48,230949
2026-02-15,1.42.49,5522773
2026-02-15,1.42.5,154712
2026-02-15,1.42.6,154393
2026-02-15,1.42.7,153146
2026-02-15,1.42.8,152062
2026-02-15,1.42.9,152268
2026-02-15,~other,27655789
2026-02-17,1.40.65,103335
2026-02-17,1.40.66,105321
2026-02-17,1.40.67,106205
2026-02-17,1.40.68,108423
2026-02-17,1.40.69,120998
2026-02-17,1.40.70,119758
2026-02-17,1.40.71,109570
2026-02-17,1.40.72,107197
2026-02-17,1.40.73,116107
2026-02-17,1.40.74,112316
2026-02-17,1.40.75,115781
2026-02-17,1.40.76,267218
2026-02-17,1.41.0,135267
2026-02-17,1.41.1,122186
2026-02-17,1.41.2,157917
2026-02-17,1.41.3,139639
2026-02-17,1.41.4,128113
2026-02-17,1.41.5,523341
2026-02-17,1.42.0,246411
2026-02-17,1.42.1,258585
2026-02-17,1.42.10,217251
2026-02-17,1.42.11,214896
2026-02-17,1.42.12,220555
2026-02-17,1.42.13,213151
2026-02-17,1.42.14,230817
2026-02-17,1.42.15,213224
2026-02-17,1.42.16,226088
2026-02-17,1.42.17,224684
2026-02-17,1.42.18,239832
2026-02-17,1.42.19,235292
2026-02-17,1.42.2,239207
2026-02-17,1.42.20,207348
2026-02-17,1.42.21,225614
2026-02-17,1.42.22,279540
2026-02-17,1.42.23,215662
2026-02-17,1.42.24,229555
2026-02-17,1.42.25,227308
2026-02-17,1.42.26,274962
2026-02-17,1.42.27,249301
2026-02-17,1.42.28,233813
2026-02-17,1.42.29,222008
2026-02-17,1.42.3,241889
2026-02-17,1.42.30,258029
2026-02-17,1.42.31,223805
2026-02-17,1.42.32,226225
2026-02-17,1.42.33,221842
2026-02-17,1.42.34,236440
2026-02-17,1.42.35,235257
2026-02-17,1.42.36,223426
2026-02-17,1.42.37,236200
2026-02-17,1.42.38,218444
2026-02-17,1.42.39,256078
2026-02-17,1.42.4,226953
2026-02-17,1.42.40,231760
2026-02-17,1.42.41,226492
2026-02-17,1.42.42,251802
2026-02-17,1.42.43,236220
2026-02-17,1.42.44,278133
2026-02-17,1.42.45,261797
2026-02-17,1.42.46,249030
2026-02-17,1.42.47,282376
2026-02-17,1.42.48,273266
2026-02-17,1.42.49,770603
2026-02-17,1.42.5,231281
2026-02-17,1.42.50,7498120
2026-02-17,1.42.51,1098892
2026-02-17,1.42.6,216423
2026-02-17,1.42.7,217171
2026-02-17,1.42.8,216301
2026-02-17,1.42.9,216445
2026-02-17,~other,37272515
2026-02-18,1.40.65,93080
2026-02-18,1.40.66,96106
2026-02-18,1.40.67,95814
2026-02-18,1.40.68,96901
2026-02-18,1.40.69,109573
2026-02-18,1.40.70,109358
2026-02-18,1.40.71,100813
2026-02-18,1.40.72,97344
2026-02-18,1.40.73,108991
2026-02-18,1.40.74,103808
2026-02-18,1.40.75,105147
2026-02-18,1.40.76,270743
2026-02-18,1.41.0,125355
2026-02-18,1.41.1,115442
2026-02-18,1.41.2,141960
2026-02-18,1.41.3,135398
2026-02-18,1.41.4,121407
2026-02-18,1.41.5,468652
2026-02-18,1.42.0,249743
2026-02-18,1.42.1,247716
2026-02-18,1.42.10,219637
2026-02-18,1.42.11,215728
2026-02-18,1.42.12,224869
2026-02-18,1.42.13,215786
2026-02-18,1.42.14,225809
2026-02-18,1.42.15,214711
2026-02-18,1.42.16,226743
2026-02-18,1.42.17,222701
2026-02-18,1.42.18,239701
2026-02-18,1.42.19,239582
2026-02-18,1.42.2,242219
2026-02-18,1.42.20,209369
2026-02-18,1.42.21,232254
2026-02-18,1.42.22,294873
2026-02-18,1.42.23,217881
2026-02-18,1.42.24,231312
2026-02-18,1.42.25,227276
2026-02-18,1.42.26,275151
2026-02-18,1.42.27,252936
2026-02-18,1.42.28,239627
2026-02-18,1.42.29,225717
2026-02-18,1.42.3,243016
2026-02-18,1.42.30,262610
2026-02-18,1.42.31,226547
2026-02-18,1.42.32,223643
2026-02-18,1.42.33,227560
2026-02-18,1.42.34,239524
2026-02-18,1.42.35,237032
2026-02-18,1.42.36,229711
2026-02-18,1.42.37,243730
2026-02-18,1.42.38,222414
2026-02-18,1.42.39,260105
2026-02-18,1.42.4,225473
2026-02-18,1.42.40,242110
2026-02-18,1.42.41,228764
2026-02-18,1.42.42,248986
2026-02-18,1.42.43,239813
2026-02-18,1.42.44,269480
2026-02-18,1.42.45,252032
2026-02-18,1.42.46,251462
2026-02-18,1.42.47,294843
2026-02-18,1.42.48,266996
2026-02-18,1.42.49,680964
2026-02-18,1.42.5,236242
2026-02-18,1.42.50,520995
2026-02-18,1.42.51,7945866
2026-02-18,1.42.52,793868
2026-02-18,1.42.6,219319
2026-02-18,1.42.7,220525
2026-02-18,1.42.8,219078
2026-02-18,1.42.9,217882
2026-02-18,~other,38863015
2026-02-19,1.40.65,174508
2026-02-19,1.40.66,176636
2026-02-19,1.40.67,176567
2026-02-19,1.40.68,177958
2026-02-19,1.40.69,193974
2026-02-19,1.40.70,190675
2026-02-19,1.40.71,179935
2026-02-19,1.40.72,178050
2026-02-19,1.40.73,191084
2026-02-19,1.40.74,181435
2026-02-19,1.40.75,188900
2026-02-19,1.40.76,354209
2026-02-19,1.41.0,209787
2026-02-19,1.41.1,223887
2026-02-19,1.41.2,240362
2026-02-19,1.41.3,247456
2026-02-19,1.41.4,228374
2026-02-19,1.41.5,523952
2026-02-19,1.42.0,334121
2026-02-19,1.42.1,329577
2026-02-19,1.42.10,299867
2026-02-19,1.42.11,294881
2026-02-19,1.42.12,302687
2026-02-19,1.42.13,296449
2026-02-19,1.42.14,307397
2026-02-19,1.42.15,295853
2026-02-19,1.42.16,328159
2026-02-19,1.42.17,301861
2026-02-19,1.42.18,326488
2026-02-19,1.42.19,316506
2026-02-19,1.42.2,367618
2026-02-19,1.42.20,289202
2026-02-19,1.42.21,308770
2026-02-19,1.42.22,385106
2026-02-19,1.42.23,298831
2026-02-19,1.42.24,314070
2026-02-19,1.42.25,307504
2026-02-19,1.42.26,358710
2026-02-19,1.42.27,329564
2026-02-19,1.42.28,322891
2026-02-19,1.42.29,302769
2026-02-19,1.42.3,326594
2026-02-19,1.42.30,342861
2026-02-19,1.42.31,305903
2026-02-19,1.42.32,303431
2026-02-19,1.42.33,306547
2026-02-19,1.42.34,319694
2026-02-19,1.42.35,320610
2026-02-19,1.42.36,313989
2026-02-19,1.42.37,328611
2026-02-19,1.42.38,302631
2026-02-19,1.42.39,350470
2026-02-19,1.42.4,308899
2026-02-19,1.42.40,317136
2026-02-19,1.42.41,307117
2026-02-19,1.42.42,326707
2026-02-19,1.42.43,317986
2026-02-19,1.42.44,356280
2026-02-19,1.42.45,354633
2026-02-19,1.42.46,345798
2026-02-19,1.42.47,436623
2026-02-19,1.42.48,354142
2026-02-19,1.42.49,795076
2026-02-19,1.42.5,315365
2026-02-19,1.42.50,579848
2026-02-19,1.42.51,628476
2026-02-19,1.42.52,7759528
2026-02-19,1.42.53,1323392
2026-02-19,1.42.6,299387
2026-02-19,1.42.7,301967
2026-02-19,1.42.8,298149
2026-02-19,1.42.9,299259
2026-02-19,~other,41859589
2026-02-20,1.40.65,78877
2026-02-20,1.40.66,80365
2026-02-20,1.40.67,79957
2026-02-20,1.40.68,80613
2026-02-20,1.40.69,92493
2026-02-20,1.40.70,91527
2026-02-20,1.40.71,82812
2026-02-20,1.40.72,82404
2026-02-20,1.40.73,92517
2026-02-20,1.40.74,86126
2026-02-20,1.40.75,93117
2026-02-20,1.40.76,241232
2026-02-20,1.41.0,116272
2026-02-20,1.41.1,117955
2026-02-20,1.41.2,133829
2026-02-20,1.41.3,140376
2026-02-20,1.41.4,123461
2026-02-20,1.41.5,408122
2026-02-20,1.42.0,223088
2026-02-20,1.42.1,221441
2026-02-20,1.42.10,190320
2026-02-20,1.42.11,188330
2026-02-20,1.42.12,192452
2026-02-20,1.42.13,184947
2026-02-20,1.42.14,190095
2026-02-20,1.42.15,185585
2026-02-20,1.42.16,209153
2026-02-20,1.42.17,189961
2026-02-20,1.42.18,214141
2026-02-20,1.42.19,207552
2026-02-20,1.42.2,259311
2026-02-20,1.42.20,180674
2026-02-20,1.42.21,199154
2026-02-20,1.42.22,255841
2026-02-20,1.42.23,190366
2026-02-20,1.42.24,203056
2026-02-20,1.42.25,197087
2026-02-20,1.42.26,241102
2026-02-20,1.42.27,218092
2026-02-20,1.42.28,208462
2026-02-20,1.42.29,193901
2026-02-20,1.42.3,218704
2026-02-20,1.42.30,217687
2026-02-20,1.42.31,196056
2026-02-20,1.42.32,192086
2026-02-20,1.42.33,198858
2026-02-20,1.42.34,203694
2026-02-20,1.42.35,209639
2026-02-20,1.42.36,196783
2026-02-20,1.42.37,214192
2026-02-20,1.42.38,191714
2026-02-20,1.42.39,228140
2026-02-20,1.42.4,200972
2026-02-20,1.42.40,200194
2026-02-20,1.42.41,199351
2026-02-20,1.42.42,211540
2026-02-20,1.42.43,205931
2026-02-20,1.42.44,233512
2026-02-20,1.42.45,290894
2026-02-20,1.42.46,286309
2026-02-20,1.42.47,349086
2026-02-20,1.42.48,282828
2026-02-20,1.42.49,621315
2026-02-20,1.42.5,202310
2026-02-20,1.42.50,472852
2026-02-20,1.42.51,442233
2026-02-20,1.42.52,477065
2026-02-20,1.42.53,7421443
2026-02-20,1.42.54,1215963
2026-02-20,1.42.6,187985
2026-02-20,1.42.7,190879
2026-02-20,1.42.8,188862
2026-02-20,1.42.9,188064
2026-02-20,~other,36391323
2026-02-21,1.40.65,143476
2026-02-21,1.40.66,144234
2026-02-21,1.40.67,145202
2026-02-21,1.40.68,144641
2026-02-21,1.40.69,151558
2026-02-21,1.40.70,147806
2026-02-21,1.40.71,147209
2026-02-21,1.40.72,146911
2026-02-21,1.40.73,150124
2026-02-21,1.40.74,147689
2026-02-21,1.40.75,152573
2026-02-21,1.40.76,249288
2026-02-21,1.41.0,179611
2026-02-21,1.41.1,166328
2026-02-21,1.41.2,182162
2026-02-21,1.41.3,173241
2026-02-21,1.41.4,172179
2026-02-21,1.41.5,390247
2026-02-21,1.42.0,272277
2026-02-21,1.42.1,271879
2026-02-21,1.42.10,241187
2026-02-21,1.42.11,241384
2026-02-21,1.42.12,241489
2026-02-21,1.42.13,239930
2026-02-21,1.42.14,240343
2026-02-21,1.42.15,239059
2026-02-21,1.42.16,249653
2026-02-21,1.42.17,241929
2026-02-21,1.42.18,253927
2026-02-21,1.42.19,246512
2026-02-21,1.42.2,272287
2026-02-21,1.42.20,237952
2026-02-21,1.42.21,250956
2026-02-21,1.42.22,258505
2026-02-21,1.42.23,242096
2026-02-21,1.42.24,248395
2026-02-21,1.42.25,244420
2026-02-21,1.42.26,255017
2026-02-21,1.42.27,262885
2026-02-21,1.42.28,247231
2026-02-21,1.42.29,244204
2026-02-21,1.42.3,271965
2026-02-21,1.42.30,251745
2026-02-21,1.42.31,246065
2026-02-21,1.42.32,242346
2026-02-21,1.42.33,247356
2026-02-21,1.42.34,246589
2026-02-21,1.42.35,249826
2026-02-21,1.42.36,245103
2026-02-21,1.42.37,254981
2026-02-21,1.42.38,241954
2026-02-21,1.42.39,262949
2026-02-21,1.42.4,245917
2026-02-21,1.42.40,244311
2026-02-21,1.42.41,245445
2026-02-21,1.42.42,248678
2026-02-21,1.42.43,258570
2026-02-21,1.42.44,259130
2026-02-21,1.42.45,394918
2026-02-21,1.42.46,390732
2026-02-21,1.42.47,457368
2026-02-21,1.42.48,390090
2026-02-21,1.42.49,589904
2026-02-21,1.42.5,243534
2026-02-21,1.42.50,450226
2026-02-21,1.42.51,447355
2026-02-21,1.42.52,452402
2026-02-21,1.42.53,473677
2026-02-21,1.42.54,5960264
2026-02-21,1.42.6,243233
2026-02-21,1.42.7,242833
2026-02-21,1.42.8,241198
2026-02-21,1.42.9,241897
2026-02-21,~other,27793879
2026-02-22,1.40.65,31750
2026-02-22,1.40.66,32400
2026-02-22,1.40.67,33629
2026-02-22,1.40.68,32626
2026-02-22,1.40.69,44596
2026-02-22,1.40.70,38693
2026-02-22,1.40.71,36212
2026-02-22,1.40.72,35242
2026-02-22,1.40.73,35249
2026-02-22,1.40.74,36698
2026-02-22,1.40.75,42457
2026-02-22,1.40.76,115280
2026-02-22,1.41.0,69263
2026-02-22,1.41.1,55141
2026-02-22,1.41.2,72186
2026-02-22,1.41.3,63188
2026-02-22,1.41.4,61334
2026-02-22,1.41.5,271264
2026-02-22,1.42.0,160510
2026-02-22,1.42.1,159567
2026-02-22,1.42.10,128935
2026-02-22,1.42.11,128607
2026-02-22,1.42.12,127780
2026-02-22,1.42.13,127025
2026-02-22,1.42.14,130703
2026-02-22,1.42.15,127246
2026-02-22,1.42.16,147092
2026-02-22,1.42.17,130509
2026-02-22,1.42.18,143679
2026-02-22,1.42.19,133576
2026-02-22,1.42.2,162580
2026-02-22,1.42.20,125109
2026-02-22,1.42.21,136604
2026-02-22,1.42.22,135257
2026-02-22,1.42.23,129483
2026-02-22,1.42.24,136325
2026-02-22,1.42.25,130620
2026-02-22,1.42.26,145076
2026-02-22,1.42.27,148866
2026-02-22,1.42.28,131186
2026-02-22,1.42.29,128264
2026-02-22,1.42.3,159918
2026-02-22,1.42.30,147604
2026-02-22,1.42.31,133453
2026-02-22,1.42.32,129506
2026-02-22,1.42.33,132877
2026-02-22,1.42.34,137754
2026-02-22,1.42.35,135416
2026-02-22,1.42.36,130935
2026-02-22,1.42.37,142396
2026-02-22,1.42.38,128569
2026-02-22,1.42.39,152701
2026-02-22,1.42.4,134238
2026-02-22,1.42.40,131850
2026-02-22,1.42.41,131945
2026-02-22,1.42.42,134445
2026-02-22,1.42.43,143410
2026-02-22,1.42.44,148309
2026-02-22,1.42.45,335154
2026-02-22,1.42.46,329887
2026-02-22,1.42.47,382133
2026-02-22,1.42.48,329194
2026-02-22,1.42.49,585142
2026-02-22,1.42.5,132507
2026-02-22,1.42.50,382300
2026-02-22,1.42.51,385020
2026-02-22,1.42.52,392689
2026-02-22,1.42.53,402560
2026-02-22,1.42.54,6088592
2026-02-22,1.42.6,130621
2026-02-22,1.42.7,130676
2026-02-22,1.42.8,128956
2026-02-22,1.42.9,129411
2026-02-22,~other,25723052
2026-02-24,1.40.65,95199
2026-02-24,1.40.66,96223
2026-02-24,1.40.67,95941
2026-02-24,1.40.68,97214
2026-02-24,1.40.69,113455
2026-02-24,1.40.70,109523
2026-02-24,1.40.71,101430
2026-02-24,1.40.72,98706
2026-02-24,1.40.73,111751
2026-02-24,1.40.74,107115
2026-02-24,1.40.75,115939
2026-02-24,1.40.76,262321
2026-02-24,1.41.0,138476
2026-02-24,1.41.1,120480
2026-02-24,1.41.2,137325
2026-02-24,1.41.3,143257
2026-02-24,1.41.4,126774
2026-02-24,1.41.5,443885
2026-02-24,1.42.0,252054
2026-02-24,1.42.1,251500
2026-02-24,1.42.10,215192
2026-02-24,1.42.11,209413
2026-02-24,1.42.12,217052
2026-02-24,1.42.13,208495
2026-02-24,1.42.14,217215
2026-02-24,1.42.15,210153
2026-02-24,1.42.16,222686
2026-02-24,1.42.17,216276
2026-02-24,1.42.18,259675
2026-02-24,1.42.19,231885
2026-02-24,1.42.2,295758
2026-02-24,1.42.20,203468
2026-02-24,1.42.21,224717
2026-02-24,1.42.22,277699
2026-02-24,1.42.23,213205
2026-02-24,1.42.24,225180
2026-02-24,1.42.25,226919
2026-02-24,1.42.26,274647
2026-02-24,1.42.27,238011
2026-02-24,1.42.28,229537
2026-02-24,1.42.29,219563
2026-02-24,1.42.3,246978
2026-02-24,1.42.30,260467
2026-02-24,1.42.31,220392
2026-02-24,1.42.32,214704
2026-02-24,1.42.33,220684
2026-02-24,1.42.34,235668
2026-02-24,1.42.35,242322
2026-02-24,1.42.36,226796
2026-02-24,1.42.37,234858
2026-02-24,1.42.38,216312
2026-02-24,1.42.39,251605
2026-02-24,1.42.4,217642
2026-02-24,1.42.40,224674
2026-02-24,1.42.41,223303
2026-02-24,1.42.42,236896
2026-02-24,1.42.43,231195
2026-02-24,1.42.44,249675
2026-02-24,1.42.45,232708
2026-02-24,1.42.46,297903
2026-02-24,1.42.47,304842
2026-02-24,1.42.48,290487
2026-02-24,1.42.49,603881
2026-02-24,1.42.5,232492
2026-02-24,1.42.50,394763
2026-02-24,1.42.51,396251
2026-02-24,1.42.52,416590
2026-02-24,1.42.53,400454
2026-02-24,1.42.54,506527
2026-02-24,1.42.55,7897604
2026-02-24,1.42.56,1419407
2026-02-24,1.42.6,212545
2026-02-24,1.42.7,216544
2026-02-24,1.42.8,212690
2026-02-24,1.42.9,215650
2026-02-24,~other,36835123
2026-02-25,1.40.65,68699
2026-02-25,1.40.66,70107
2026-02-25,1.40.67,69267
2026-02-25,1.40.68,71179
2026-02-25,1.40.69,87146
2026-02-25,1.40.70,83789
2026-02-25,1.40.71,74562
2026-02-25,1.40.72,72868
2026-02-25,1.40.73,84315
2026-02-25,1.40.74,79024
2026-02-25,1.40.75,80067
2026-02-25,1.40.76,215645
2026-02-25,1.41.0,113575
2026-02-25,1.41.1,96144
2026-02-25,1.41.2,111882
2026-02-25,1.41.3,121973
2026-02-25,1.41.4,103696
2026-02-25,1.41.5,438084
2026-02-25,1.42.0,238691
2026-02-25,1.42.1,236942
2026-02-25,1.42.10,198156
2026-02-25,1.42.11,194636
2026-02-25,1.42.12,203274
2026-02-25,1.42.13,193209
2026-02-25,1.42.14,200244
2026-02-25,1.42.15,193638
2026-02-25,1.42.16,208759
2026-02-25,1.42.17,198576
2026-02-25,1.42.18,248052
2026-02-25,1.42.19,212842
2026-02-25,1.42.2,274446
2026-02-25,1.42.20,186831
2026-02-25,1.42.21,208255
2026-02-25,1.42.22,252250
2026-02-25,1.42.23,197530
2026-02-25,1.42.24,207120
2026-02-25,1.42.25,202458
2026-02-25,1.42.26,258842
2026-02-25,1.42.27,217389
2026-02-25,1.42.28,210954
2026-02-25,1.42.29,204527
2026-02-25,1.42.3,231215
2026-02-25,1.42.30,240335
2026-02-25,1.42.31,201611
2026-02-25,1.42.32,200452
2026-02-25,1.42.33,201714
2026-02-25,1.42.34,218379
2026-02-25,1.42.35,221001
2026-02-25,1.42.36,214614
2026-02-25,1.42.37,218911
2026-02-25,1.42.38,198589
2026-02-25,1.42.39,232740
2026-02-25,1.42.4,202909
2026-02-25,1.42.40,206398
2026-02-25,1.42.41,206164
2026-02-25,1.42.42,215286
2026-02-25,1.42.43,212262
2026-02-25,1.42.44,229520
2026-02-25,1.42.45,210979
2026-02-25,1.42.46,215963
2026-02-25,1.42.47,223077
2026-02-25,1.42.48,205650
2026-02-25,1.42.49,274619
2026-02-25,1.42.5,218377
2026-02-25,1.42.50,233434
2026-02-25,1.42.51,221530
2026-02-25,1.42.52,247339
2026-02-25,1.42.53,227449
2026-02-25,1.42.54,321804
2026-02-25,1.42.55,882391
2026-02-25,1.42.56,7958128
2026-02-25,1.42.57,1363647
2026-02-25,1.42.6,195880
2026-02-25,1.42.7,199260
2026-02-25,1.42.8,197971
2026-02-25,1.42.9,199245
2026-02-25,~other,36613991
2026-02-26,1.40.65,84915
2026-02-26,1.40.66,85071
2026-02-26,1.40.67,85966
2026-02-26,1.40.68,87621
2026-02-26,1.40.69,105711
2026-02-26,1.40.70,99543
2026-02-26,1.40.71,89634
2026-02-26,1.40.72,87937
2026-02-26,1.40.73,98915
2026-02-26,1.40.74,91119
2026-02-26,1.40.75,94650
2026-02-26,1.40.76,236941
2026-02-26,1.41.0,127649
2026-02-26,1.41.1,115352
2026-02-26,1.41.2,131411
2026-02-26,1.41.3,142208
2026-02-26,1.41.4,120860
2026-02-26,1.41.5,442021
2026-02-26,1.42.0,247480
2026-02-26,1.42.1,245827
2026-02-26,1.42.10,207632
2026-02-26,1.42.11,204634
2026-02-26,1.42.12,212047
2026-02-26,1.42.13,202933
2026-02-26,1.42.14,210051
2026-02-26,1.42.15,203036
2026-02-26,1.42.16,222889
2026-02-26,1.42.17,206692
2026-02-26,1.42.18,323750
2026-02-26,1.42.19,223676
2026-02-26,1.42.2,286923
2026-02-26,1.42.20,197248
2026-02-26,1.42.21,220664
2026-02-26,1.42.22,264500
2026-02-26,1.42.23,207829
2026-02-26,1.42.24,216961
2026-02-26,1.42.25,212514
2026-02-26,1.42.26,260542
2026-02-26,1.42.27,230709
2026-02-26,1.42.28,222253
2026-02-26,1.42.29,219202
2026-02-26,1.42.3,238565
2026-02-26,1.42.30,246944
2026-02-26,1.42.31,212475
2026-02-26,1.42.32,209390
2026-02-26,1.42.33,209134
2026-02-26,1.42.34,223461
2026-02-26,1.42.35,229455
2026-02-26,1.42.36,227822
2026-02-26,1.42.37,234441
2026-02-26,1.42.38,208372
2026-02-26,1.42.39,241041
2026-02-26,1.42.4,211250
2026-02-26,1.42.40,216719
2026-02-26,1.42.41,214311
2026-02-26,1.42.42,223370
2026-02-26,1.42.43,220082
2026-02-26,1.42.44,234435
2026-02-26,1.42.45,219656
2026-02-26,1.42.46,221967
2026-02-26,1.42.47,230636
2026-02-26,1.42.48,215319
2026-02-26,1.42.49,271122
2026-02-26,1.42.5,228459
2026-02-26,1.42.50,229689
2026-02-26,1.42.51,224802
2026-02-26,1.42.52,237796
2026-02-26,1.42.53,230693
2026-02-26,1.42.54,319533
2026-02-26,1.42.55,699654
2026-02-26,1.42.56,536088
2026-02-26,1.42.57,7602422
2026-02-26,1.42.58,1370738
2026-02-26,1.42.6,207012
2026-02-26,1.42.7,209903
2026-02-26,1.42.8,206909
2026-02-26,1.42.9,208134
2026-02-26,~other,37657137
2026-02-27,1.40.65,81218
2026-02-27,1.40.66,80495
2026-02-27,1.40.67,81437
2026-02-27,1.40.68,82547
2026-02-27,1.40.69,95030
2026-02-27,1.40.70,92719
2026-02-27,1.40.71,84479
2026-02-27,1.40.72,82831
2026-02-27,1.40.73,94965
2026-02-27,1.40.74,86047
2026-02-27,1.40.75,90224
2026-02-27,1.40.76,220884
2026-02-27,1.41.0,122694
2026-02-27,1.41.1,127068
2026-02-27,1.41.2,145097
2026-02-27,1.41.3,144270
2026-02-27,1.41.4,131681
2026-02-27,1.41.5,400828
2026-02-27,1.42.0,243328
2026-02-27,1.42.1,244692
2026-02-27,1.42.10,203481
2026-02-27,1.42.11,197908
2026-02-27,1.42.12,204908
2026-02-27,1.42.13,197012
2026-02-27,1.42.14,203371
2026-02-27,1.42.15,197074
2026-02-27,1.42.16,218097
2026-02-27,1.42.17,199763
2026-02-27,1.42.18,336945
2026-02-27,1.42.19,216920
2026-02-27,1.42.2,288452
2026-02-27,1.42.20,192178
2026-02-27,1.42.21,218520
2026-02-27,1.42.22,252098
2026-02-27,1.42.23,201569
2026-02-27,1.42.24,210646
2026-02-27,1.42.25,203979
2026-02-27,1.42.26,250819
2026-02-27,1.42.27,220219
2026-02-27,1.42.28,212821
2026-02-27,1.42.29,208228
2026-02-27,1.42.3,235928
2026-02-27,1.42.30,238077
2026-02-27,1.42.31,205725
2026-02-27,1.42.32,202508
2026-02-27,1.42.33,200039
2026-02-27,1.42.34,212913
2026-02-27,1.42.35,230262
2026-02-27,1.42.36,213138
2026-02-27,1.42.37,227736
2026-02-27,1.42.38,201845
2026-02-27,1.42.39,238200
2026-02-27,1.42.4,204117
2026-02-27,1.42.40,208056
2026-02-27,1.42.41,207499
2026-02-27,1.42.42,214030
2026-02-27,1.42.43,214925
2026-02-27,1.42.44,227233
2026-02-27,1.42.45,210713
2026-02-27,1.42.46,210933
2026-02-27,1.42.47,221419
2026-02-27,1.42.48,206816
2026-02-27,1.42.49,247872
2026-02-27,1.42.5,219457
2026-02-27,1.42.50,221648
2026-02-27,1.42.51,232450
2026-02-27,1.42.52,238744
2026-02-27,1.42.53,240725
2026-02-27,1.42.54,315576
2026-02-27,1.42.55,763695
2026-02-27,1.42.56,528723
2026-02-27,1.42.57,531516
2026-02-27,1.42.58,7325956
2026-02-27,1.42.59,1247623
2026-02-27,1.42.6,199680
2026-02-27,1.42.7,203188
2026-02-27,1.42.8,202019
2026-02-27,1.42.9,205566
2026-02-27,~other,33907988
2026-02-28,1.40.65,39543
2026-02-28,1.40.66,39064
2026-02-28,1.40.67,38922
2026-02-28,1.40.68,39191
2026-02-28,1.40.69,45047
2026-02-28,1.40.70,42538
2026-02-28,1.40.71,40635
2026-02-28,1.40.72,39641
2026-02-28,1.40.73,42886
2026-02-28,1.40.74,41582
2026-02-28,1.40.75,46366
2026-02-28,1.40.76,112488
2026-02-28,1.41.0,81142
2026-02-28,1.41.1,66868
2026-02-28,1.41.2,75380
2026-02-28,1.41.3,82785
2026-02-28,1.41.4,74015
2026-02-28,1.41.5,276740
2026-02-28,1.42.0,182153
2026-02-28,1.42.1,183255
2026-02-28,1.42.10,142832
2026-02-28,1.42.11,141824
2026-02-28,1.42.12,142585
2026-02-28,1.42.13,140587
2026-02-28,1.42.14,157705
2026-02-28,1.42.15,140386
2026-02-28,1.42.16,164657
2026-02-28,1.42.17,141938
2026-02-28,1.42.18,184619
2026-02-28,1.42.19,148089
2026-02-28,1.42.2,181199
2026-02-28,1.42.20,139058
2026-02-28,1.42.21,154646
2026-02-28,1.42.22,155143
2026-02-28,1.42.23,144203
2026-02-28,1.42.24,147991
2026-02-28,1.42.25,144317
2026-02-28,1.42.26,155326
2026-02-28,1.42.27,151209
2026-02-28,1.42.28,147147
2026-02-28,1.42.29,144382
2026-02-28,1.42.3,179541
2026-02-28,1.42.30,155074
2026-02-28,1.42.31,145805
2026-02-28,1.42.32,143178
2026-02-28,1.42.33,142563
2026-02-28,1.42.34,146092
2026-02-28,1.42.35,158163
2026-02-28,1.42.36,143112
2026-02-28,1.42.37,160585
2026-02-28,1.42.38,141537
2026-02-28,1.42.39,156353
2026-02-28,1.42.4,145754
2026-02-28,1.42.40,144466
2026-02-28,1.42.41,145372
2026-02-28,1.42.42,147002
2026-02-28,1.42.43,144881
2026-02-28,1.42.44,155156
2026-02-28,1.42.45,144126
2026-02-28,1.42.46,144824
2026-02-28,1.42.47,153853
2026-02-28,1.42.48,145083
2026-02-28,1.42.49,161010
2026-02-28,1.42.5,146905
2026-02-28,1.42.50,148300
2026-02-28,1.42.51,197014
2026-02-28,1.42.52,197757
2026-02-28,1.42.53,195558
2026-02-28,1.42.54,219833
2026-02-28,1.42.55,699809
2026-02-28,1.42.56,451202
2026-02-28,1.42.57,443600
2026-02-28,1.42.58,444806
2026-02-28,1.42.59,6139241
2026-02-28,1.42.6,143239
2026-02-28,1.42.7,144119
2026-02-28,1.42.8,143258
2026-02-28,1.42.9,152885
2026-02-28,~other,24591144
2026-03-01,1.40.65,35497
2026-03-01,1.40.66,34880
2026-03-01,1.40.67,34931
2026-03-01,1.40.68,35436
2026-03-01,1.40.69,47769
2026-03-01,1.40.70,38630
2026-03-01,1.40.71,36863
2026-03-01,1.40.72,35939
2026-03-01,1.40.73,36904
2026-03-01,1.40.74,37392
2026-03-01,1.40.75,42491
2026-03-01,1.40.76,103726
2026-03-01,1.41.0,73219
2026-03-01,1.41.1,60069
2026-03-01,1.41.2,67570
2026-03-01,1.41.3,69805
2026-03-01,1.41.4,66438
2026-03-01,1.41.5,273778
2026-03-01,1.42.0,180803
2026-03-01,1.42.1,179920
2026-03-01,1.42.10,145310
2026-03-01,1.42.11,144863
2026-03-01,1.42.12,144137
2026-03-01,1.42.13,143424
2026-03-01,1.42.14,159535
2026-03-01,1.42.15,144382
2026-03-01,1.42.16,151585
2026-03-01,1.42.17,145502
2026-03-01,1.42.18,177952
2026-03-01,1.42.19,150692
2026-03-01,1.42.2,180521
2026-03-01,1.42.20,141747
2026-03-01,1.42.21,155870
2026-03-01,1.42.22,154899
2026-03-01,1.42.23,147242
2026-03-01,1.42.24,150612
2026-03-01,1.42.25,146630
2026-03-01,1.42.26,159130
2026-03-01,1.42.27,154662
2026-03-01,1.42.28,147976
2026-03-01,1.42.29,144919
2026-03-01,1.42.3,180043
2026-03-01,1.42.30,161016
2026-03-01,1.42.31,148774
2026-03-01,1.42.32,145790
2026-03-01,1.42.33,143991
2026-03-01,1.42.34,151952
2026-03-01,1.42.35,157313
2026-03-01,1.42.36,153267
2026-03-01,1.42.37,172367
2026-03-01,1.42.38,143404
2026-03-01,1.42.39,163742
2026-03-01,1.42.4,146669
2026-03-01,1.42.40,146983
2026-03-01,1.42.41,147033
2026-03-01,1.42.42,149895
2026-03-01,1.42.43,148651
2026-03-01,1.42.44,156633
2026-03-01,1.42.45,146058
2026-03-01,1.42.46,147253
2026-03-01,1.42.47,154578
2026-03-01,1.42.48,147190
2026-03-01,1.42.49,165699
2026-03-01,1.42.5,149143
2026-03-01,1.42.50,152276
2026-03-01,1.42.51,192582
2026-03-01,1.42.52,194138
2026-03-01,1.42.53,191022
2026-03-01,1.42.54,211990
2026-03-01,1.42.55,527849
2026-03-01,1.42.56,371701
2026-03-01,1.42.57,369925
2026-03-01,1.42.58,364832
2026-03-01,1.42.59,6036600
2026-03-01,1.42.6,147629
2026-03-01,1.42.7,147011
2026-03-01,1.42.8,149383
2026-03-01,1.42.9,149639
2026-03-01,~other,24933142
2026-03-04,1.40.65,71402
2026-03-04,1.40.66,70839
2026-03-04,1.40.67,71054
2026-03-04,1.40.68,72121
2026-03-04,1.40.69,86709
2026-03-04,1.40.70,85835
2026-03-04,1.40.71,74989
2026-03-04,1.40.72,72511
2026-03-04,1.40.73,84671
2026-03-04,1.40.74,76616
2026-03-04,1.40.75,80584
2026-03-04,1.40.76,225108
2026-03-04,1.41.0,122857
2026-03-04,1.41.1,101027
2026-03-04,1.41.2,120663
2026-03-04,1.41.3,129587
2026-03-04,1.41.4,109589
2026-03-04,1.41.5,408162
2026-03-04,1.42.0,232510
2026-03-04,1.42.1,238678
2026-03-04,1.42.10,186170
2026-03-04,1.42.11,182684
2026-03-04,1.42.12,189451
2026-03-04,1.42.13,181242
2026-03-04,1.42.14,225325
2026-03-04,1.42.15,181494
2026-03-04,1.42.16,196207
2026-03-04,1.42.17,188643
2026-03-04,1.42.18,258666
2026-03-04,1.42.19,200541
2026-03-04,1.42.2,273292
2026-03-04,1.42.20,174753
2026-03-04,1.42.21,199990
2026-03-04,1.42.22,295448
2026-03-04,1.42.23,214486
2026-03-04,1.42.24,224027
2026-03-04,1.42.25,219661
2026-03-04,1.42.26,268120
2026-03-04,1.42.27,226704
2026-03-04,1.42.28,235966
2026-03-04,1.42.29,224679
2026-03-04,1.42.3,223748
2026-03-04,1.42.30,248535
2026-03-04,1.42.31,218784
2026-03-04,1.42.32,215371
2026-03-04,1.42.33,210657
2026-03-04,1.42.34,226561
2026-03-04,1.42.35,233039
2026-03-04,1.42.36,221270
2026-03-04,1.42.37,242813
2026-03-04,1.42.38,212882
2026-03-04,1.42.39,248687
2026-03-04,1.42.4,190057
2026-03-04,1.42.40,223137
2026-03-04,1.42.41,220055
2026-03-04,1.42.42,230458
2026-03-04,1.42.43,228754
2026-03-04,1.42.44,240355
2026-03-04,1.42.45,228492
2026-03-04,1.42.46,225123
2026-03-04,1.42.47,231048
2026-03-04,1.42.48,221913
2026-03-04,1.42.49,285396
2026-03-04,1.42.5,208919
2026-03-04,1.42.50,251980
2026-03-04,1.42.51,440330
2026-03-04,1.42.52,454743
2026-03-04,1.42.53,452928
2026-03-04,1.42.54,475291
2026-03-04,1.42.55,873641
2026-03-04,1.42.56,571268
2026-03-04,1.42.57,576355
2026-03-04,1.42.58,570654
2026-03-04,1.42.59,717926
2026-03-04,1.42.6,184325
2026-03-04,1.42.60,7850666
2026-03-04,1.42.61,1406341
2026-03-04,1.42.7,187174
2026-03-04,1.42.8,187529
2026-03-04,1.42.9,186639
2026-03-04,~other,34680495
2026-03-05,1.40.65,54092
2026-03-05,1.40.66,54043
2026-03-05,1.40.67,54936
2026-03-05,1.40.68,55418
2026-03-05,1.40.69,71018
2026-03-05,1.40.70,69648
2026-03-05,1.40.71,58936
2026-03-05,1.40.72,56452
2026-03-05,1.40.73,67580
2026-03-05,1.40.74,61408
2026-03-05,1.40.75,68107
2026-03-05,1.40.76,219479
2026-03-05,1.41.0,107426
2026-03-05,1.41.1,84288
2026-03-05,1.41.2,104545
2026-03-05,1.41.3,113148
2026-03-05,1.41.4,92062
2026-03-05,1.41.5,385902
2026-03-05,1.42.0,215297
2026-03-05,1.42.1,211576
2026-03-05,1.42.10,170203
2026-03-05,1.42.11,164952
2026-03-05,1.42.12,172980
2026-03-05,1.42.13,163780
2026-03-05,1.42.14,209776
2026-03-05,1.42.15,164419
2026-03-05,1.42.16,192551
2026-03-05,1.42.17,170622
2026-03-05,1.42.18,231541
2026-03-05,1.42.19,181216
2026-03-05,1.42.2,259609
2026-03-05,1.42.20,157675
2026-03-05,1.42.21,177687
2026-03-05,1.42.22,285805
2026-03-05,1.42.23,197005
2026-03-05,1.42.24,208129
2026-03-05,1.42.25,199225
2026-03-05,1.42.26,249414
2026-03-05,1.42.27,224719
2026-03-05,1.42.28,221517
2026-03-05,1.42.29,200941
2026-03-05,1.42.3,206284
2026-03-05,1.42.30,226175
2026-03-05,1.42.31,202237
2026-03-05,1.42.32,198411
2026-03-05,1.42.33,193002
2026-03-05,1.42.34,207693
2026-03-05,1.42.35,213290
2026-03-05,1.42.36,201691
2026-03-05,1.42.37,224001
2026-03-05,1.42.38,198073
2026-03-05,1.42.39,228150
2026-03-05,1.42.4,173049
2026-03-05,1.42.40,206365
2026-03-05,1.42.41,200281
2026-03-05,1.42.42,210911
2026-03-05,1.42.43,210617
2026-03-05,1.42.44,223002
2026-03-05,1.42.45,208711
2026-03-05,1.42.46,208688
2026-03-05,1.42.47,240177
2026-03-05,1.42.48,201587
2026-03-05,1.42.49,258119
2026-03-05,1.42.5,185656
2026-03-05,1.42.50,245590
2026-03-05,1.42.51,207122
2026-03-05,1.42.52,215053
2026-03-05,1.42.53,213051
2026-03-05,1.42.54,233585
2026-03-05,1.42.55,260882
2026-03-05,1.42.56,217473
2026-03-05,1.42.57,224265
2026-03-05,1.42.58,218408
2026-03-05,1.42.59,332271
2026-03-05,1.42.6,167387
2026-03-05,1.42.60,321780
2026-03-05,1.42.61,8541617
2026-03-05,1.42.62,1076437
2026-03-05,1.42.7,170046
2026-03-05,1.42.8,169726
2026-03-05,1.42.9,169025
2026-03-05,~other,35682960
2026-03-06,1.40.65,79789
2026-03-06,1.40.66,80338
2026-03-06,1.40.67,80507
2026-03-06,1.40.68,82292
2026-03-06,1.40.69,98725
2026-03-06,1.40.70,94380
2026-03-06,1.40.71,84767
2026-03-06,1.40.72,82089
2026-03-06,1.40.73,95241
2026-03-06,1.40.74,85475
2026-03-06,1.40.75,91384
2026-03-06,1.40.76,221349
2026-03-06,1.41.0,134523
2026-03-06,1.41.1,111581
2026-03-06,1.41.2,132784
2026-03-06,1.41.3,137503
2026-03-06,1.41.4,119396
2026-03-06,1.41.5,405080
2026-03-06,1.42.0,239752
2026-03-06,1.42.1,234430
2026-03-06,1.42.10,194769
2026-03-06,1.42.11,189009
2026-03-06,1.42.12,199356
2026-03-06,1.42.13,189646
2026-03-06,1.42.14,235086
2026-03-06,1.42.15,188468
2026-03-06,1.42.16,197356
2026-03-06,1.42.17,196812
2026-03-06,1.42.18,250641
2026-03-06,1.42.19,209278
2026-03-06,1.42.2,277625
2026-03-06,1.42.20,183248
2026-03-06,1.42.21,211441
2026-03-06,1.42.22,304276
2026-03-06,1.42.23,220668
2026-03-06,1.42.24,233708
2026-03-06,1.42.25,223548
2026-03-06,1.42.26,227888
2026-03-06,1.42.27,238215
2026-03-06,1.42.28,244249
2026-03-06,1.42.29,226817
2026-03-06,1.42.3,231945
2026-03-06,1.42.30,253469
2026-03-06,1.42.31,225373
2026-03-06,1.42.32,221707
2026-03-06,1.42.33,219201
2026-03-06,1.42.34,228538
2026-03-06,1.42.35,240786
2026-03-06,1.42.36,227169
2026-03-06,1.42.37,243968
2026-03-06,1.42.38,223775
2026-03-06,1.42.39,250452
2026-03-06,1.42.4,196468
2026-03-06,1.42.40,230652
2026-03-06,1.42.41,226701
2026-03-06,1.42.42,233483
2026-03-06,1.42.43,234542
2026-03-06,1.42.44,246831
2026-03-06,1.42.45,236489
2026-03-06,1.42.46,228687
2026-03-06,1.42.47,253897
2026-03-06,1.42.48,227979
2026-03-06,1.42.49,281874
2026-03-06,1.42.5,207724
2026-03-06,1.42.50,285424
2026-03-06,1.42.51,229967
2026-03-06,1.42.52,236031
2026-03-06,1.42.53,241229
2026-03-06,1.42.54,258470
2026-03-06,1.42.55,263636
2026-03-06,1.42.56,239835
2026-03-06,1.42.57,242365
2026-03-06,1.42.58,239441
2026-03-06,1.42.59,372587
2026-03-06,1.42.6,191824
2026-03-06,1.42.60,300607
2026-03-06,1.42.61,583178
2026-03-06,1.42.62,8422196
2026-03-06,1.42.63,428055
2026-03-06,1.42.7,193596
2026-03-06,1.42.8,193343
2026-03-06,1.42.9,200537
2026-03-06,~other,35595844
2026-03-07,1.40.65,52763
2026-03-07,1.40.66,51912
2026-03-07,1.40.67,51037
2026-03-07,1.40.68,51792
2026-03-07,1.40.69,58093
2026-03-07,1.40.70,55367
2026-03-07,1.40.71,53496
2026-03-07,1.40.72,52829
2026-03-07,1.40.73,56448
2026-03-07,1.40.74,53220
2026-03-07,1.40.75,59912
2026-03-07,1.40.76,146377
2026-03-07,1.41.0,105327
2026-03-07,1.41.1,81861
2026-03-07,1.41.2,97102
2026-03-07,1.41.3,100361
2026-03-07,1.41.4,91774
2026-03-07,1.41.5,301353
2026-03-07,1.42.0,189708
2026-03-07,1.42.1,187295
2026-03-07,1.42.10,145480
2026-03-07,1.42.11,143655
2026-03-07,1.42.12,145253
2026-03-07,1.42.13,143010
2026-03-07,1.42.14,189926
2026-03-07,1.42.15,142964
2026-03-07,1.42.16,150664
2026-03-07,1.42.17,145556
2026-03-07,1.42.18,163756
2026-03-07,1.42.19,158088
2026-03-07,1.42.2,188865
2026-03-07,1.42.20,141573
2026-03-07,1.42.21,165711
2026-03-07,1.42.22,196227
2026-03-07,1.42.23,173224
2026-03-07,1.42.24,178293
2026-03-07,1.42.25,174272
2026-03-07,1.42.26,175702
2026-03-07,1.42.27,180180
2026-03-07,1.42.28,179496
2026-03-07,1.42.29,174637
2026-03-07,1.42.3,187239
2026-03-07,1.42.30,182829
2026-03-07,1.42.31,175069
2026-03-07,1.42.32,172274
2026-03-07,1.42.33,171981
2026-03-07,1.42.34,175076
2026-03-07,1.42.35,183528
2026-03-07,1.42.36,173283
2026-03-07,1.42.37,187190
2026-03-07,1.42.38,171268
2026-03-07,1.42.39,188675
2026-03-07,1.42.4,147471
2026-03-07,1.42.40,176367
2026-03-07,1.42.41,177209
2026-03-07,1.42.42,176202
2026-03-07,1.42.43,174859
2026-03-07,1.42.44,187502
2026-03-07,1.42.45,177756
2026-03-07,1.42.46,174277
2026-03-07,1.42.47,181430
2026-03-07,1.42.48,174668
2026-03-07,1.42.49,194602
2026-03-07,1.42.5,149642
2026-03-07,1.42.50,179706
2026-03-07,1.42.51,176581
2026-03-07,1.42.52,177425
2026-03-07,1.42.53,177438
2026-03-07,1.42.54,188541
2026-03-07,1.42.55,188280
2026-03-07,1.42.56,179170
2026-03-07,1.42.57,184887
2026-03-07,1.42.58,179162
2026-03-07,1.42.59,226493
2026-03-07,1.42.6,146491
2026-03-07,1.42.60,231670
2026-03-07,1.42.61,393800
2026-03-07,1.42.62,338930
2026-03-07,1.42.63,6156846
2026-03-07,1.42.7,146765
2026-03-07,1.42.8,145117
2026-03-07,1.42.9,147999
2026-03-07,~other,26105851
2026-03-08,1.40.65,28230
2026-03-08,1.40.66,27383
2026-03-08,1.40.67,27072
2026-03-08,1.40.68,27652
2026-03-08,1.40.69,42714
2026-03-08,1.40.70,31152
2026-03-08,1.40.71,29878
2026-03-08,1.40.72,28611
2026-03-08,1.40.73,29364
2026-03-08,1.40.74,29054
2026-03-08,1.40.75,35970
2026-03-08,1.40.76,109681
2026-03-08,1.41.0,83044
2026-03-08,1.41.1,53255
2026-03-08,1.41.2,67405
2026-03-08,1.41.3,68868
2026-03-08,1.41.4,61176
2026-03-08,1.41.5,259599
2026-03-08,1.42.0,157342
2026-03-08,1.42.1,155016
2026-03-08,1.42.10,120270
2026-03-08,1.42.11,118043
2026-03-08,1.42.12,119206
2026-03-08,1.42.13,118138
2026-03-08,1.42.14,168981
2026-03-08,1.42.15,118678
2026-03-08,1.42.16,131969
2026-03-08,1.42.17,120303
2026-03-08,1.42.18,136205
2026-03-08,1.42.19,131584
2026-03-08,1.42.2,159107
2026-03-08,1.42.20,116616
2026-03-08,1.42.21,130889
2026-03-08,1.42.22,153805
2026-03-08,1.42.23,147287
2026-03-08,1.42.24,151894
2026-03-08,1.42.25,147830
2026-03-08,1.42.26,149935
2026-03-08,1.42.27,154478
2026-03-08,1.42.28,150126
2026-03-08,1.42.29,147073
2026-03-08,1.42.3,154749
2026-03-08,1.42.30,160804
2026-03-08,1.42.31,149491
2026-03-08,1.42.32,146297
2026-03-08,1.42.33,145516
2026-03-08,1.42.34,151069
2026-03-08,1.42.35,154232
2026-03-08,1.42.36,154906
2026-03-08,1.42.37,162561
2026-03-08,1.42.38,144865
2026-03-08,1.42.39,169435
2026-03-08,1.42.4,121641
2026-03-08,1.42.40,147924
2026-03-08,1.42.41,149928
2026-03-08,1.42.42,149973
2026-03-08,1.42.43,148361
2026-03-08,1.42.44,158285
2026-03-08,1.42.45,149643
2026-03-08,1.42.46,146972
2026-03-08,1.42.47,154641
2026-03-08,1.42.48,147037
2026-03-08,1.42.49,160194
2026-03-08,1.42.5,122705
2026-03-08,1.42.50,163580
2026-03-08,1.42.51,148760
2026-03-08,1.42.52,150808
2026-03-08,1.42.53,146611
2026-03-08,1.42.54,159603
2026-03-08,1.42.55,156552
2026-03-08,1.42.56,150024
2026-03-08,1.42.57,156827
2026-03-08,1.42.58,151712
2026-03-08,1.42.59,196874
2026-03-08,1.42.6,122697
2026-03-08,1.42.60,200757
2026-03-08,1.42.61,349704
2026-03-08,1.42.62,311182
2026-03-08,1.42.63,6249078
2026-03-08,1.42.7,121494
2026-03-08,1.42.8,119786
2026-03-08,1.42.9,127470
2026-03-08,~other,24348170
2026-03-10,1.40.65,109879
2026-03-10,1.40.66,110997
2026-03-10,1.40.67,109091
2026-03-10,1.40.68,112433
2026-03-10,1.40.69,127454
2026-03-10,1.40.70,125994
2026-03-10,1.40.71,115998
2026-03-10,1.40.72,111377
2026-03-10,1.40.73,128742
2026-03-10,1.40.74,115292
2026-03-10,1.40.75,120666
2026-03-10,1.40.76,264324
2026-03-10,1.41.0,174507
2026-03-10,1.41.1,165683
2026-03-10,1.41.2,188444
2026-03-10,1.41.3,202485
2026-03-10,1.41.4,172409
2026-03-10,1.41.5,448436
2026-03-10,1.42.0,264840
2026-03-10,1.42.1,254102
2026-03-10,1.42.10,223004
2026-03-10,1.42.11,220501
2026-03-10,1.42.12,228862
2026-03-10,1.42.13,218294
2026-03-10,1.42.14,270349
2026-03-10,1.42.15,220904
2026-03-10,1.42.16,245979
2026-03-10,1.42.17,228061
2026-03-10,1.42.18,284797
2026-03-10,1.42.19,238483
2026-03-10,1.42.2,306437
2026-03-10,1.42.20,213222
2026-03-10,1.42.21,234496
2026-03-10,1.42.22,349305
2026-03-10,1.42.23,251456
2026-03-10,1.42.24,264972
2026-03-10,1.42.25,257774
2026-03-10,1.42.26,261448
2026-03-10,1.42.27,270335
2026-03-10,1.42.28,280536
2026-03-10,1.42.29,258495
2026-03-10,1.42.3,254930
2026-03-10,1.42.30,289972
2026-03-10,1.42.31,255666
2026-03-10,1.42.32,255654
2026-03-10,1.42.33,248698
2026-03-10,1.42.34,262514
2026-03-10,1.42.35,275033
2026-03-10,1.42.36,259008
2026-03-10,1.42.37,273716
2026-03-10,1.42.38,251575
2026-03-10,1.42.39,296783
2026-03-10,1.42.4,228642
2026-03-10,1.42.40,265067
2026-03-10,1.42.41,261508
2026-03-10,1.42.42,264665
2026-03-10,1.42.43,265001
2026-03-10,1.42.44,273624
2026-03-10,1.42.45,262799
2026-03-10,1.42.46,261264
2026-03-10,1.42.47,266457
2026-03-10,1.42.48,258847
2026-03-10,1.42.49,310220
2026-03-10,1.42.5,243713
2026-03-10,1.42.50,342578
2026-03-10,1.42.51,261038
2026-03-10,1.42.52,262476
2026-03-10,1.42.53,268214
2026-03-10,1.42.54,283036
2026-03-10,1.42.55,292445
2026-03-10,1.42.56,274923
2026-03-10,1.42.57,317839
2026-03-10,1.42.58,319303
2026-03-10,1.42.59,440250
2026-03-10,1.42.6,223708
2026-03-10,1.42.60,331035
2026-03-10,1.42.61,896015
2026-03-10,1.42.62,617733
2026-03-10,1.42.63,714774
2026-03-10,1.42.64,8167194
2026-03-10,1.42.65,1694829
2026-03-10,1.42.7,225775
2026-03-10,1.42.8,228675
2026-03-10,1.42.9,224979
2026-03-10,~other,35893942
2026-03-11,1.40.65,91232
2026-03-11,1.40.66,89966
2026-03-11,1.40.67,90376
2026-03-11,1.40.68,91191
2026-03-11,1.40.69,107066
2026-03-11,1.40.70,106401
2026-03-11,1.40.71,94848
2026-03-11,1.40.72,91420
2026-03-11,1.40.73,107729
2026-03-11,1.40.74,95688
2026-03-11,1.40.75,102031
2026-03-11,1.40.76,224143
2026-03-11,1.41.0,149386
2026-03-11,1.41.1,110959
2026-03-11,1.41.2,130783
2026-03-11,1.41.3,136868
2026-03-11,1.41.4,116894
2026-03-11,1.41.5,433158
2026-03-11,1.42.0,233458
2026-03-11,1.42.1,224800
2026-03-11,1.42.10,197042
2026-03-11,1.42.11,194375
2026-03-11,1.42.12,200422
2026-03-11,1.42.13,193683
2026-03-11,1.42.14,235051
2026-03-11,1.42.15,194068
2026-03-11,1.42.16,211296
2026-03-11,1.42.17,205699
2026-03-11,1.42.18,301603
2026-03-11,1.42.19,213874
2026-03-11,1.42.2,273822
2026-03-11,1.42.20,188075
2026-03-11,1.42.21,207557
2026-03-11,1.42.22,313456
2026-03-11,1.42.23,224468
2026-03-11,1.42.24,237039
2026-03-11,1.42.25,228458
2026-03-11,1.42.26,232007
2026-03-11,1.42.27,241895
2026-03-11,1.42.28,250878
2026-03-11,1.42.29,230185
2026-03-11,1.42.3,222820
2026-03-11,1.42.30,262017
2026-03-11,1.42.31,228767
2026-03-11,1.42.32,226739
2026-03-11,1.42.33,221946
2026-03-11,1.42.34,233980
2026-03-11,1.42.35,245694
2026-03-11,1.42.36,238336
2026-03-11,1.42.37,252818
2026-03-11,1.42.38,224656
2026-03-11,1.42.39,253863
2026-03-11,1.42.4,201384
2026-03-11,1.42.40,235705
2026-03-11,1.42.41,232349
2026-03-11,1.42.42,235034
2026-03-11,1.42.43,239978
2026-03-11,1.42.44,249149
2026-03-11,1.42.45,234567
2026-03-11,1.42.46,233949
2026-03-11,1.42.47,237900
2026-03-11,1.42.48,233825
2026-03-11,1.42.49,278446
2026-03-11,1.42.5,215741
2026-03-11,1.42.50,282862
2026-03-11,1.42.51,234667
2026-03-11,1.42.52,235498
2026-03-11,1.42.53,235920
2026-03-11,1.42.54,250298
2026-03-11,1.42.55,253657
2026-03-11,1.42.56,241865
2026-03-11,1.42.57,341630
2026-03-11,1.42.58,340099
2026-03-11,1.42.59,442038
2026-03-11,1.42.6,197187
2026-03-11,1.42.60,364492
2026-03-11,1.42.61,864680
2026-03-11,1.42.62,583004
2026-03-11,1.42.63,660794
2026-03-11,1.42.64,640339
2026-03-11,1.42.65,8011146
2026-03-11,1.42.66,1574186
2026-03-11,1.42.7,198483
2026-03-11,1.42.8,199297
2026-03-11,1.42.9,199482
2026-03-11,~other,33697487
2026-03-12,1.40.65,81741
2026-03-12,1.40.66,80328
2026-03-12,1.40.67,80411
2026-03-12,1.40.68,82278
2026-03-12,1.40.69,97715
2026-03-12,1.40.70,101068
2026-03-12,1.40.71,85661
2026-03-12,1.40.72,81812
2026-03-12,1.40.73,94874
2026-03-12,1.40.74,86270
2026-03-12,1.40.75,90917
2026-03-12,1.40.76,220379
2026-03-12,1.41.0,146685
2026-03-12,1.41.1,101734
2026-03-12,1.41.2,126508
2026-03-12,1.41.3,133460
2026-03-12,1.41.4,108140
2026-03-12,1.41.5,439099
2026-03-12,1.42.0,237542
2026-03-12,1.42.1,229442
2026-03-12,1.42.10,199657
2026-03-12,1.42.11,197946
2026-03-12,1.42.12,205455
2026-03-12,1.42.13,196379
2026-03-12,1.42.14,241803
2026-03-12,1.42.15,196801
2026-03-12,1.42.16,213592
2026-03-12,1.42.17,204986
2026-03-12,1.42.18,417496
2026-03-12,1.42.19,218570
2026-03-12,1.42.2,284344
2026-03-12,1.42.20,190152
2026-03-12,1.42.21,212259
2026-03-12,1.42.22,320330
2026-03-12,1.42.23,228781
2026-03-12,1.42.24,242422
2026-03-12,1.42.25,233018
2026-03-12,1.42.26,234627
2026-03-12,1.42.27,242782
2026-03-12,1.42.28,258018
2026-03-12,1.42.29,238723
2026-03-12,1.42.3,227329
2026-03-12,1.42.30,266431
2026-03-12,1.42.31,233681
2026-03-12,1.42.32,233285
2026-03-12,1.42.33,226914
2026-03-12,1.42.34,239609
2026-03-12,1.42.35,258649
2026-03-12,1.42.36,266118
2026-03-12,1.42.37,256864
2026-03-12,1.42.38,230508
2026-03-12,1.42.39,263304
2026-03-12,1.42.4,205944
2026-03-12,1.42.40,245658
2026-03-12,1.42.41,236909
2026-03-12,1.42.42,242263
2026-03-12,1.42.43,246753
2026-03-12,1.42.44,254775
2026-03-12,1.42.45,235854
2026-03-12,1.42.46,237994
2026-03-12,1.42.47,243745
2026-03-12,1.42.48,237450
2026-03-12,1.42.49,262370
2026-03-12,1.42.5,222684
2026-03-12,1.42.50,252763
2026-03-12,1.42.51,237551
2026-03-12,1.42.52,237812
2026-03-12,1.42.53,245366
2026-03-12,1.42.54,259594
2026-03-12,1.42.55,262347
2026-03-12,1.42.56,247041
2026-03-12,1.42.57,471801
2026-03-12,1.42.58,509144
2026-03-12,1.42.59,616628
2026-03-12,1.42.6,199418
2026-03-12,1.42.60,513395
2026-03-12,1.42.61,917229
2026-03-12,1.42.62,598674
2026-03-12,1.42.63,659983
2026-03-12,1.42.64,618385
2026-03-12,1.42.65,651329
2026-03-12,1.42.66,8371296
2026-03-12,1.42.67,1734218
2026-03-12,1.42.7,203302
2026-03-12,1.42.8,203806
2026-03-12,1.42.9,199984
2026-03-12,~other,36944925
2026-03-13,1.40.65,149394
2026-03-13,1.40.66,147944
2026-03-13,1.40.67,149047
2026-03-13,1.40.68,150435
2026-03-13,1.40.69,161544
2026-03-13,1.40.70,168183
2026-03-13,1.40.71,153362
2026-03-13,1.40.72,150244
2026-03-13,1.40.73,163469
2026-03-13,1.40.74,154359
2026-03-13,1.40.75,159704
2026-03-13,1.40.76,277935
2026-03-13,1.41.0,215262
2026-03-13,1.41.1,169201
2026-03-13,1.41.2,193575
2026-03-13,1.41.3,206196
2026-03-13,1.41.4,176345
2026-03-13,1.41.5,460395
2026-03-13,1.42.0,305870
2026-03-13,1.42.1,301003
2026-03-13,1.42.10,269889
2026-03-13,1.42.11,269339
2026-03-13,1.42.12,276168
2026-03-13,1.42.13,266889
2026-03-13,1.42.14,309344
2026-03-13,1.42.15,266500
2026-03-13,1.42.16,282978
2026-03-13,1.42.17,276002
2026-03-13,1.42.18,395922
2026-03-13,1.42.19,283849
2026-03-13,1.42.2,359657
2026-03-13,1.42.20,261332
2026-03-13,1.42.21,281864
2026-03-13,1.42.22,378916
2026-03-13,1.42.23,299526
2026-03-13,1.42.24,311158
2026-03-13,1.42.25,302693
2026-03-13,1.42.26,304091
2026-03-13,1.42.27,323102
2026-03-13,1.42.28,332671
2026-03-13,1.42.29,300655
2026-03-13,1.42.3,297125
2026-03-13,1.42.30,323556
2026-03-13,1.42.31,304002
2026-03-13,1.42.32,301870
2026-03-13,1.42.33,297318
2026-03-13,1.42.34,305949
2026-03-13,1.42.35,327827
2026-03-13,1.42.36,315896
2026-03-13,1.42.37,323656
2026-03-13,1.42.38,298803
2026-03-13,1.42.39,343119
2026-03-13,1.42.4,275995
2026-03-13,1.42.40,310064
2026-03-13,1.42.41,304920
2026-03-13,1.42.42,311938
2026-03-13,1.42.43,317437
2026-03-13,1.42.44,324380
2026-03-13,1.42.45,303272
2026-03-13,1.42.46,305118
2026-03-13,1.42.47,312101
2026-03-13,1.42.48,306764
2026-03-13,1.42.49,330837
2026-03-13,1.42.5,290736
2026-03-13,1.42.50,345260
2026-03-13,1.42.51,306128
2026-03-13,1.42.52,306200
2026-03-13,1.42.53,312701
2026-03-13,1.42.54,323364
2026-03-13,1.42.55,327057
2026-03-13,1.42.56,318188
2026-03-13,1.42.57,311217
2026-03-13,1.42.58,386958
2026-03-13,1.42.59,488735
2026-03-13,1.42.6,270073
2026-03-13,1.42.60,398777
2026-03-13,1.42.61,638526
2026-03-13,1.42.62,480776
2026-03-13,1.42.63,512489
2026-03-13,1.42.64,485727
2026-03-13,1.42.65,493500
2026-03-13,1.42.66,532185
2026-03-13,1.42.67,7593635
2026-03-13,1.42.68,1640581
2026-03-13,1.42.7,273398
2026-03-13,1.42.8,274995
2026-03-13,1.42.9,271333
2026-03-13,~other,37450001
2026-03-14,1.40.65,103529
2026-03-14,1.40.66,103535
2026-03-14,1.40.67,103550
2026-03-14,1.40.68,104239
2026-03-14,1.40.69,109822
2026-03-14,1.40.70,110770
2026-03-14,1.40.71,105466
2026-03-14,1.40.72,104609
2026-03-14,1.40.73,109172
2026-03-14,1.40.74,106003
2026-03-14,1.40.75,111824
2026-03-14,1.40.76,175870
2026-03-14,1.41.0,169174
2026-03-14,1.41.1,124441
2026-03-14,1.41.2,139519
2026-03-14,1.41.3,139168
2026-03-14,1.41.4,131108
2026-03-14,1.41.5,334161
2026-03-14,1.42.0,230822
2026-03-14,1.42.1,230638
2026-03-14,1.42.10,200839
2026-03-14,1.42.11,200057
2026-03-14,1.42.12,201044
2026-03-14,1.42.13,199487
2026-03-14,1.42.14,242000
2026-03-14,1.42.15,198381
2026-03-14,1.42.16,213068
2026-03-14,1.42.17,201519
2026-03-14,1.42.18,224934
2026-03-14,1.42.19,205658
2026-03-14,1.42.2,229182
2026-03-14,1.42.20,197641
2026-03-14,1.42.21,209274
2026-03-14,1.42.22,245401
2026-03-14,1.42.23,229404
2026-03-14,1.42.24,233144
2026-03-14,1.42.25,229484
2026-03-14,1.42.26,231278
2026-03-14,1.42.27,234034
2026-03-14,1.42.28,242846
2026-03-14,1.42.29,227058
2026-03-14,1.42.3,229170
2026-03-14,1.42.30,238089
2026-03-14,1.42.31,230366
2026-03-14,1.42.32,229762
2026-03-14,1.42.33,227481
2026-03-14,1.42.34,231375
2026-03-14,1.42.35,239166
2026-03-14,1.42.36,241463
2026-03-14,1.42.37,241067
2026-03-14,1.42.38,226252
2026-03-14,1.42.39,248272
2026-03-14,1.42.4,204430
2026-03-14,1.42.40,227992
2026-03-14,1.42.41,231152
2026-03-14,1.42.42,230219
2026-03-14,1.42.43,234878
2026-03-14,1.42.44,239838
2026-03-14,1.42.45,228592
2026-03-14,1.42.46,227471
2026-03-14,1.42.47,236348
2026-03-14,1.42.48,231439
2026-03-14,1.42.49,239224
2026-03-14,1.42.5,207162
2026-03-14,1.42.50,243080
2026-03-14,1.42.51,230272
2026-03-14,1.42.52,229119
2026-03-14,1.42.53,231531
2026-03-14,1.42.54,240083
2026-03-14,1.42.55,237114
2026-03-14,1.42.56,235931
2026-03-14,1.42.57,237280
2026-03-14,1.42.58,233095
2026-03-14,1.42.59,296958
2026-03-14,1.42.6,202264
2026-03-14,1.42.60,272883
2026-03-14,1.42.61,431447
2026-03-14,1.42.62,339773
2026-03-14,1.42.63,344561
2026-03-14,1.42.64,328321
2026-03-14,1.42.65,339857
2026-03-14,1.42.66,345601
2026-03-14,1.42.67,338841
2026-03-14,1.42.68,6469306
2026-03-14,1.42.7,202263
2026-03-14,1.42.8,204685
2026-03-14,1.42.9,202903
2026-03-14,~other,27081055
2026-03-15,1.40.65,90100
2026-03-15,1.40.66,90225
2026-03-15,1.40.67,90042
2026-03-15,1.40.68,90097
2026-03-15,1.40.69,104616
2026-03-15,1.40.70,96836
2026-03-15,1.40.71,92529
2026-03-15,1.40.72,90475
2026-03-15,1.40.73,93767
2026-03-15,1.40.74,91843
2026-03-15,1.40.75,98031
2026-03-15,1.40.76,178530
2026-03-15,1.41.0,150226
2026-03-15,1.41.1,108882
2026-03-15,1.41.2,125412
2026-03-15,1.41.3,121036
2026-03-15,1.41.4,114402
2026-03-15,1.41.5,289889
2026-03-15,1.42.0,209884
2026-03-15,1.42.1,209222
2026-03-15,1.42.10,182779
2026-03-15,1.42.11,181168
2026-03-15,1.42.12,182482
2026-03-15,1.42.13,180856
2026-03-15,1.42.14,221376
2026-03-15,1.42.15,180487
2026-03-15,1.42.16,196140
2026-03-15,1.42.17,183220
2026-03-15,1.42.18,197655
2026-03-15,1.42.19,186964
2026-03-15,1.42.2,210814
2026-03-15,1.42.20,179043
2026-03-15,1.42.21,194725
2026-03-15,1.42.22,213904
2026-03-15,1.42.23,209662
2026-03-15,1.42.24,215152
2026-03-15,1.42.25,209760
2026-03-15,1.42.26,210560
2026-03-15,1.42.27,213855
2026-03-15,1.42.28,218447
2026-03-15,1.42.29,206960
2026-03-15,1.42.3,207461
2026-03-15,1.42.30,231044
2026-03-15,1.42.31,212166
2026-03-15,1.42.32,208538
2026-03-15,1.42.33,207370
2026-03-15,1.42.34,214672
2026-03-15,1.42.35,216568
2026-03-15,1.42.36,226021
2026-03-15,1.42.37,220374
2026-03-15,1.42.38,206319
2026-03-15,1.42.39,222661
2026-03-15,1.42.4,187144
2026-03-15,1.42.40,210109
2026-03-15,1.42.41,213753
2026-03-15,1.42.42,211727
2026-03-15,1.42.43,214294
2026-03-15,1.42.44,219713
2026-03-15,1.42.45,209696
2026-03-15,1.42.46,208000
2026-03-15,1.42.47,215353
2026-03-15,1.42.48,210165
2026-03-15,1.42.49,220178
2026-03-15,1.42.5,188873
2026-03-15,1.42.50,219060
2026-03-15,1.42.51,210880
2026-03-15,1.42.52,210975
2026-03-15,1.42.53,213312
2026-03-15,1.42.54,217531
2026-03-15,1.42.55,218035
2026-03-15,1.42.56,216580
2026-03-15,1.42.57,217594
2026-03-15,1.42.58,211395
2026-03-15,1.42.59,275546
2026-03-15,1.42.6,184372
2026-03-15,1.42.60,246506
2026-03-15,1.42.61,379109
2026-03-15,1.42.62,312961
2026-03-15,1.42.63,324489
2026-03-15,1.42.64,302877
2026-03-15,1.42.65,317631
2026-03-15,1.42.66,322920
2026-03-15,1.42.67,316920
2026-03-15,1.42.68,6667037
2026-03-15,1.42.7,184408
2026-03-15,1.42.8,194172
2026-03-15,1.42.9,187617
2026-03-15,~other,26947343
2026-03-17,1.40.65,247917
2026-03-17,1.40.66,247983
2026-03-17,1.40.67,248596
2026-03-17,1.40.68,248522
2026-03-17,1.40.69,263288
2026-03-17,1.40.70,268924
2026-03-17,1.40.71,252592
2026-03-17,1.40.72,248689
2026-03-17,1.40.73,263057
2026-03-17,1.40.74,253171
2026-03-17,1.40.75,259454
2026-03-17,1.40.76,391004
2026-03-17,1.41.0,288198
2026-03-17,1.41.1,263615
2026-03-17,1.41.2,362157
2026-03-17,1.41.3,285840
2026-03-17,1.41.4,266897
2026-03-17,1.41.5,547053
2026-03-17,1.42.0,386191
2026-03-17,1.42.1,389516
2026-03-17,1.42.10,360620
2026-03-17,1.42.11,356401
2026-03-17,1.42.12,364064
2026-03-17,1.42.13,357508
2026-03-17,1.42.14,374999
2026-03-17,1.42.15,357311
2026-03-17,1.42.16,368716
2026-03-17,1.42.17,366602
2026-03-17,1.42.18,539258
2026-03-17,1.42.19,376560
2026-03-17,1.42.2,446459
2026-03-17,1.42.20,350602
2026-03-17,1.42.21,375111
2026-03-17,1.42.22,475817
2026-03-17,1.42.23,390078
2026-03-17,1.42.24,400722
2026-03-17,1.42.25,392557
2026-03-17,1.42.26,395979
2026-03-17,1.42.27,434615
2026-03-17,1.42.28,434596
2026-03-17,1.42.29,386694
2026-03-17,1.42.3,381996
2026-03-17,1.42.30,424687
2026-03-17,1.42.31,392792
2026-03-17,1.42.32,390767
2026-03-17,1.42.33,385364
2026-03-17,1.42.34,399992
2026-03-17,1.42.35,409559
2026-03-17,1.42.36,393413
2026-03-17,1.42.37,415232
2026-03-17,1.42.38,389143
2026-03-17,1.42.39,420499
2026-03-17,1.42.4,367239
2026-03-17,1.42.40,397811
2026-03-17,1.42.41,393816
2026-03-17,1.42.42,401979
2026-03-17,1.42.43,404890
2026-03-17,1.42.44,413887
2026-03-17,1.42.45,392426
2026-03-17,1.42.46,398369
2026-03-17,1.42.47,399372
2026-03-17,1.42.48,394221
2026-03-17,1.42.49,419644
2026-03-17,1.42.5,380751
2026-03-17,1.42.50,518815
2026-03-17,1.42.51,397401
2026-03-17,1.42.52,400471
2026-03-17,1.42.53,402823
2026-03-17,1.42.54,412400
2026-03-17,1.42.55,422271
2026-03-17,1.42.56,419270
2026-03-17,1.42.57,424011
2026-03-17,1.42.58,403946
2026-03-17,1.42.59,511290
2026-03-17,1.42.6,360137
2026-03-17,1.42.60,445661
2026-03-17,1.42.61,656571
2026-03-17,1.42.62,520039
2026-03-17,1.42.63,533134
2026-03-17,1.42.64,521315
2026-03-17,1.42.65,537858
2026-03-17,1.42.66,535942
2026-03-17,1.42.67,529934
2026-03-17,1.42.68,668359
2026-03-17,1.42.69,7821016
2026-03-17,1.42.7,362700
2026-03-17,1.42.70,1703013
2026-03-17,1.42.8,367418
2026-03-17,1.42.9,361854
2026-03-17,~other,39925503
2026-03-18,1.40.65,108651
2026-03-18,1.40.66,107610
2026-03-18,1.40.67,108829
2026-03-18,1.40.68,109473
2026-03-18,1.40.69,121300
2026-03-18,1.40.70,127318
2026-03-18,1.40.71,112362
2026-03-18,1.40.72,109874
2026-03-18,1.40.73,124436
2026-03-18,1.40.74,113323
2026-03-18,1.40.75,118607
2026-03-18,1.40.76,253749
2026-03-18,1.41.0,151408
2026-03-18,1.41.1,122273
2026-03-18,1.41.2,141116
2026-03-18,1.41.3,148988
2026-03-18,1.41.4,126356
2026-03-18,1.41.5,420658
2026-03-18,1.42.0,257966
2026-03-18,1.42.1,252746
2026-03-18,1.42.10,236129
2026-03-18,1.42.11,229848
2026-03-18,1.42.12,236239
2026-03-18,1.42.13,228660
2026-03-18,1.42.14,250349
2026-03-18,1.42.15,230867
2026-03-18,1.42.16,239975
2026-03-18,1.42.17,238016
2026-03-18,1.42.18,313436
2026-03-18,1.42.19,249236
2026-03-18,1.42.2,313092
2026-03-18,1.42.20,222722
2026-03-18,1.42.21,240969
2026-03-18,1.42.22,353922
2026-03-18,1.42.23,261502
2026-03-18,1.42.24,273766
2026-03-18,1.42.25,266622
2026-03-18,1.42.26,270042
2026-03-18,1.42.27,274766
2026-03-18,1.42.28,312230
2026-03-18,1.42.29,260779
2026-03-18,1.42.3,248361
2026-03-18,1.42.30,301135
2026-03-18,1.42.31,263808
2026-03-18,1.42.32,263044
2026-03-18,1.42.33,258129
2026-03-18,1.42.34,273746
2026-03-18,1.42.35,286260
2026-03-18,1.42.36,270748
2026-03-18,1.42.37,282486
2026-03-18,1.42.38,262787
2026-03-18,1.42.39,292057
2026-03-18,1.42.4,238941
2026-03-18,1.42.40,270852
2026-03-18,1.42.41,269488
2026-03-18,1.42.42,273682
2026-03-18,1.42.43,272941
2026-03-18,1.42.44,287357
2026-03-18,1.42.45,267202
2026-03-18,1.42.46,275066
2026-03-18,1.42.47,279126
2026-03-18,1.42.48,270718
2026-03-18,1.42.49,292375
2026-03-18,1.42.5,253757
2026-03-18,1.42.50,296862
2026-03-18,1.42.51,267791
2026-03-18,1.42.52,274380
2026-03-18,1.42.53,275540
2026-03-18,1.42.54,286263
2026-03-18,1.42.55,295099
2026-03-18,1.42.56,296523
2026-03-18,1.42.57,278544
2026-03-18,1.42.58,276434
2026-03-18,1.42.59,384194
2026-03-18,1.42.6,232109
2026-03-18,1.42.60,290722
2026-03-18,1.42.61,422412
2026-03-18,1.42.62,333586
2026-03-18,1.42.63,351475
2026-03-18,1.42.64,324345
2026-03-18,1.42.65,343477
2026-03-18,1.42.66,337163
2026-03-18,1.42.67,328765
2026-03-18,1.42.68,425366
2026-03-18,1.42.69,410045
2026-03-18,1.42.7,234255
2026-03-18,1.42.70,8007560
2026-03-18,1.42.71,1686341
2026-03-18,1.42.8,239551
2026-03-18,1.42.9,233107
2026-03-18,~other,37864949
2026-03-19,1.40.65,89253
2026-03-19,1.40.66,89554
2026-03-19,1.40.67,90433
2026-03-19,1.40.68,90785
2026-03-19,1.40.69,106987
2026-03-19,1.40.70,110787
2026-03-19,1.40.71,94307
2026-03-19,1.40.72,91094
2026-03-19,1.40.73,104374
2026-03-19,1.40.74,94961
2026-03-19,1.40.75,101828
2026-03-19,1.40.76,234992
2026-03-19,1.41.0,133061
2026-03-19,1.41.1,102710
2026-03-19,1.41.2,123474
2026-03-19,1.41.3,126160
2026-03-19,1.41.4,106425
2026-03-19,1.41.5,389576
2026-03-19,1.42.0,231473
2026-03-19,1.42.1,229582
2026-03-19,1.42.10,209846
2026-03-19,1.42.11,205399
2026-03-19,1.42.12,212754
2026-03-19,1.42.13,204364
2026-03-19,1.42.14,228155
2026-03-19,1.42.15,205280
2026-03-19,1.42.16,221527
2026-03-19,1.42.17,213936
2026-03-19,1.42.18,265326
2026-03-19,1.42.19,229636
2026-03-19,1.42.2,289148
2026-03-19,1.42.20,198549
2026-03-19,1.42.21,219421
2026-03-19,1.42.22,324207
2026-03-19,1.42.23,236491
2026-03-19,1.42.24,249473
2026-03-19,1.42.25,239702
2026-03-19,1.42.26,246513
2026-03-19,1.42.27,244088
2026-03-19,1.42.28,293254
2026-03-19,1.42.29,237099
2026-03-19,1.42.3,226400
2026-03-19,1.42.30,272978
2026-03-19,1.42.31,238431
2026-03-19,1.42.32,237305
2026-03-19,1.42.33,233080
2026-03-19,1.42.34,245669
2026-03-19,1.42.35,260517
2026-03-19,1.42.36,253809
2026-03-19,1.42.37,265455
2026-03-19,1.42.38,237146
2026-03-19,1.42.39,262590
2026-03-19,1.42.4,213912
2026-03-19,1.42.40,246359
2026-03-19,1.42.41,241330
2026-03-19,1.42.42,248162
2026-03-19,1.42.43,248767
2026-03-19,1.42.44,260453
2026-03-19,1.42.45,241307
2026-03-19,1.42.46,245864
2026-03-19,1.42.47,251570
2026-03-19,1.42.48,245610
2026-03-19,1.42.49,268092
2026-03-19,1.42.5,226669
2026-03-19,1.42.50,274361
2026-03-19,1.42.51,242466
2026-03-19,1.42.52,247852
2026-03-19,1.42.53,246446
2026-03-19,1.42.54,257347
2026-03-19,1.42.55,264119
2026-03-19,1.42.56,261585
2026-03-19,1.42.57,251310
2026-03-19,1.42.58,256709
2026-03-19,1.42.59,351760
2026-03-19,1.42.6,208505
2026-03-19,1.42.60,268501
2026-03-19,1.42.61,290401
2026-03-19,1.42.62,261756
2026-03-19,1.42.63,275422
2026-03-19,1.42.64,259657
2026-03-19,1.42.65,278945
2026-03-19,1.42.66,274697
2026-03-19,1.42.67,258338
2026-03-19,1.42.68,341220
2026-03-19,1.42.69,301778
2026-03-19,1.42.7,210239
2026-03-19,1.42.70,729208
2026-03-19,1.42.71,8566236
2026-03-19,1.42.72,1219870
2026-03-19,1.42.8,208694
2026-03-19,1.42.9,207548
2026-03-19,~other,36914209
2026-03-20,1.40.65,78442
2026-03-20,1.40.66,78417
2026-03-20,1.40.67,78731
2026-03-20,1.40.68,79429
2026-03-20,1.40.69,93819
2026-03-20,1.40.70,94630
2026-03-20,1.40.71,81536
2026-03-20,1.40.72,79858
2026-03-20,1.40.73,90828
2026-03-20,1.40.74,82690
2026-03-20,1.40.75,94674
2026-03-20,1.40.76,211429
2026-03-20,1.41.0,121108
2026-03-20,1.41.1,94658
2026-03-20,1.41.2,144239
2026-03-20,1.41.3,125540
2026-03-20,1.41.4,97543
2026-03-20,1.41.5,390639
2026-03-20,1.42.0,209398
2026-03-20,1.42.1,208929
2026-03-20,1.42.10,186907
2026-03-20,1.42.11,183722
2026-03-20,1.42.12,190924
2026-03-20,1.42.13,183560
2026-03-20,1.42.14,206660
2026-03-20,1.42.15,182924
2026-03-20,1.42.16,198163
2026-03-20,1.42.17,192191
2026-03-20,1.42.18,286989
2026-03-20,1.42.19,205930
2026-03-20,1.42.2,262880
2026-03-20,1.42.20,178244
2026-03-20,1.42.21,199494
2026-03-20,1.42.22,297751
2026-03-20,1.42.23,215387
2026-03-20,1.42.24,230021
2026-03-20,1.42.25,220244
2026-03-20,1.42.26,224644
2026-03-20,1.42.27,221424
2026-03-20,1.42.28,267084
2026-03-20,1.42.29,212699
2026-03-20,1.42.3,204084
2026-03-20,1.42.30,237642
2026-03-20,1.42.31,215686
2026-03-20,1.42.32,215790
2026-03-20,1.42.33,212306
2026-03-20,1.42.34,222554
2026-03-20,1.42.35,240461
2026-03-20,1.42.36,229170
2026-03-20,1.42.37,247661
2026-03-20,1.42.38,214401
2026-03-20,1.42.39,236361
2026-03-20,1.42.4,191872
2026-03-20,1.42.40,228030
2026-03-20,1.42.41,219589
2026-03-20,1.42.42,226709
2026-03-20,1.42.43,226940
2026-03-20,1.42.44,236475
2026-03-20,1.42.45,217973
2026-03-20,1.42.46,223284
2026-03-20,1.42.47,225555
2026-03-20,1.42.48,221090
2026-03-20,1.42.49,242623
2026-03-20,1.42.5,204494
2026-03-20,1.42.50,257100
2026-03-20,1.42.51,219924
2026-03-20,1.42.52,220339
2026-03-20,1.42.53,221431
2026-03-20,1.42.54,238711
2026-03-20,1.42.55,237705
2026-03-20,1.42.56,237738
2026-03-20,1.42.57,224251
2026-03-20,1.42.58,234080
2026-03-20,1.42.59,301776
2026-03-20,1.42.6,185758
2026-03-20,1.42.60,240315
2026-03-20,1.42.61,255108
2026-03-20,1.42.62,236280
2026-03-20,1.42.63,245941
2026-03-20,1.42.64,235798
2026-03-20,1.42.65,241175
2026-03-20,1.42.66,251865
2026-03-20,1.42.67,247847
2026-03-20,1.42.68,310959
2026-03-20,1.42.69,271377
2026-03-20,1.42.7,187621
2026-03-20,1.42.70,589514
2026-03-20,1.42.71,454787
2026-03-20,1.42.72,7304605
2026-03-20,1.42.73,1504794
2026-03-20,1.42.8,193313
2026-03-20,1.42.9,188088
2026-03-20,~other,34754896
2026-03-21,1.40.65,31213
2026-03-21,1.40.66,30970
2026-03-21,1.40.67,30901
2026-03-21,1.40.68,31275
2026-03-21,1.40.69,40714
2026-03-21,1.40.70,37050
2026-03-21,1.40.71,33674
2026-03-21,1.40.72,31334
2026-03-21,1.40.73,34971
2026-03-21,1.40.74,32107
2026-03-21,1.40.75,40051
2026-03-21,1.40.76,105470
2026-03-21,1.41.0,72945
2026-03-21,1.41.1,51761
2026-03-21,1.41.2,69802
2026-03-21,1.41.3,66183
2026-03-21,1.41.4,55180
2026-03-21,1.41.5,238500
2026-03-21,1.42.0,134471
2026-03-21,1.42.1,132800
2026-03-21,1.42.10,117495
2026-03-21,1.42.11,114833
2026-03-21,1.42.12,116863
2026-03-21,1.42.13,115074
2026-03-21,1.42.14,138247
2026-03-21,1.42.15,114524
2026-03-21,1.42.16,126115
2026-03-21,1.42.17,117301
2026-03-21,1.42.18,148598
2026-03-21,1.42.19,123696
2026-03-21,1.42.2,134198
2026-03-21,1.42.20,113568
2026-03-21,1.42.21,122548
2026-03-21,1.42.22,152198
2026-03-21,1.42.23,146405
2026-03-21,1.42.24,153167
2026-03-21,1.42.25,144627
2026-03-21,1.42.26,145499
2026-03-21,1.42.27,148405
2026-03-21,1.42.28,152346
2026-03-21,1.42.29,141851
2026-03-21,1.42.3,132787
2026-03-21,1.42.30,151417
2026-03-21,1.42.31,144815
2026-03-21,1.42.32,143710
2026-03-21,1.42.33,142526
2026-03-21,1.42.34,147213
2026-03-21,1.42.35,154696
2026-03-21,1.42.36,160375
2026-03-21,1.42.37,163285
2026-03-21,1.42.38,142120
2026-03-21,1.42.39,157204
2026-03-21,1.42.4,120777
2026-03-21,1.42.40,149933
2026-03-21,1.42.41,146866
2026-03-21,1.42.42,146548
2026-03-21,1.42.43,150002
2026-03-21,1.42.44,153797
2026-03-21,1.42.45,143063
2026-03-21,1.42.46,143683
2026-03-21,1.42.47,150890
2026-03-21,1.42.48,145904
2026-03-21,1.42.49,155210
2026-03-21,1.42.5,120490
2026-03-21,1.42.50,144328
2026-03-21,1.42.51,145452
2026-03-21,1.42.52,145533
2026-03-21,1.42.53,143383
2026-03-21,1.42.54,160471
2026-03-21,1.42.55,151663
2026-03-21,1.42.56,147698
2026-03-21,1.42.57,145770
2026-03-21,1.42.58,149391
2026-03-21,1.42.59,167597
2026-03-21,1.42.6,117570
2026-03-21,1.42.60,150036
2026-03-21,1.42.61,153698
2026-03-21,1.42.62,155583
2026-03-21,1.42.63,154296
2026-03-21,1.42.64,149051
2026-03-21,1.42.65,153364
2026-03-21,1.42.66,166965
2026-03-21,1.42.67,162408
2026-03-21,1.42.68,197032
2026-03-21,1.42.69,176171
2026-03-21,1.42.7,118875
2026-03-21,1.42.70,392922
2026-03-21,1.42.71,282371
2026-03-21,1.42.72,305191
2026-03-21,1.42.73,6164574
2026-03-21,1.42.8,116344
2026-03-21,1.42.9,117542
2026-03-21,~other,25153730
2026-03-22,1.40.65,33220
2026-03-22,1.40.66,33642
2026-03-22,1.40.67,32956
2026-03-22,1.40.68,33412
2026-03-22,1.40.69,47012
2026-03-22,1.40.70,38986
2026-03-22,1.40.71,35690
2026-03-22,1.40.72,33616
2026-03-22,1.40.73,34880
2026-03-22,1.40.74,34650
2026-03-22,1.40.75,50695
2026-03-22,1.40.76,93273
2026-03-22,1.41.0,78110
2026-03-22,1.41.1,52921
2026-03-22,1.41.2,75164
2026-03-22,1.41.3,67339
2026-03-22,1.41.4,56151
2026-03-22,1.41.5,233502
2026-03-22,1.42.0,140448
2026-03-22,1.42.1,139532
2026-03-22,1.42.10,125406
2026-03-22,1.42.11,122535
2026-03-22,1.42.12,123221
2026-03-22,1.42.13,122883
2026-03-22,1.42.14,151189
2026-03-22,1.42.15,123044
2026-03-22,1.42.16,134913
2026-03-22,1.42.17,124540
2026-03-22,1.42.18,139434
2026-03-22,1.42.19,130710
2026-03-22,1.42.2,143104
2026-03-22,1.42.20,121106
2026-03-22,1.42.21,131515
2026-03-22,1.42.22,154598
2026-03-22,1.42.23,153690
2026-03-22,1.42.24,157281
2026-03-22,1.42.25,151543
2026-03-22,1.42.26,151492
2026-03-22,1.42.27,155036
2026-03-22,1.42.28,155003
2026-03-22,1.42.29,148584
2026-03-22,1.42.3,139358
2026-03-22,1.42.30,163975
2026-03-22,1.42.31,151943
2026-03-22,1.42.32,149347
2026-03-22,1.42.33,148752
2026-03-22,1.42.34,158801
2026-03-22,1.42.35,157114
2026-03-22,1.42.36,157225
2026-03-22,1.42.37,174590
2026-03-22,1.42.38,148724
2026-03-22,1.42.39,163399
2026-03-22,1.42.4,126974
2026-03-22,1.42.40,152898
2026-03-22,1.42.41,159891
2026-03-22,1.42.42,152422
2026-03-22,1.42.43,160909
2026-03-22,1.42.44,160732
2026-03-22,1.42.45,150572
2026-03-22,1.42.46,150147
2026-03-22,1.42.47,156864
2026-03-22,1.42.48,152356
2026-03-22,1.42.49,161618
2026-03-22,1.42.5,127192
2026-03-22,1.42.50,167593
2026-03-22,1.42.51,154842
2026-03-22,1.42.52,152313
2026-03-22,1.42.53,150027
2026-03-22,1.42.54,170359
2026-03-22,1.42.55,157591
2026-03-22,1.42.56,154538
2026-03-22,1.42.57,152362
2026-03-22,1.42.58,155796
2026-03-22,1.42.59,173655
2026-03-22,1.42.6,126622
2026-03-22,1.42.60,152036
2026-03-22,1.42.61,160413
2026-03-22,1.42.62,162806
2026-03-22,1.42.63,160257
2026-03-22,1.42.64,157101
2026-03-22,1.42.65,162139
2026-03-22,1.42.66,171892
2026-03-22,1.42.67,166766
2026-03-22,1.42.68,200572
2026-03-22,1.42.69,182468
2026-03-22,1.42.7,126068
2026-03-22,1.42.70,378304
2026-03-22,1.42.71,284280
2026-03-22,1.42.72,301359
2026-03-22,1.42.73,6504271
2026-03-22,1.42.8,125111
2026-03-22,1.42.9,128410
2026-03-22,~other,25265411
2026-03-24,1.40.65,84053
2026-03-24,1.40.66,82942
2026-03-24,1.40.67,83319
2026-03-24,1.40.68,83358
2026-03-24,1.40.69,98987
2026-03-24,1.40.70,105368
2026-03-24,1.40.71,87104
2026-03-24,1.40.72,84511
2026-03-24,1.40.73,95993
2026-03-24,1.40.74,87735
2026-03-24,1.40.75,93723
2026-03-24,1.40.76,235693
2026-03-24,1.41.0,137634
2026-03-24,1.41.1,98229
2026-03-24,1.41.2,167115
2026-03-24,1.41.3,118983
2026-03-24,1.41.4,99745
2026-03-24,1.41.5,385326
2026-03-24,1.42.0,225975
2026-03-24,1.42.1,250787
2026-03-24,1.42.10,199547
2026-03-24,1.42.11,196574
2026-03-24,1.42.12,202349
2026-03-24,1.42.13,195126
2026-03-24,1.42.14,231907
2026-03-24,1.42.15,199276
2026-03-24,1.42.16,217841
2026-03-24,1.42.17,208191
2026-03-24,1.42.18,263268
2026-03-24,1.42.19,219847
2026-03-24,1.42.2,275904
2026-03-24,1.42.20,189573
2026-03-24,1.42.21,206442
2026-03-24,1.42.22,284603
2026-03-24,1.42.23,228193
2026-03-24,1.42.24,240132
2026-03-24,1.42.25,232430
2026-03-24,1.42.26,238550
2026-03-24,1.42.27,234939
2026-03-24,1.42.28,286220
2026-03-24,1.42.29,226632
2026-03-24,1.42.3,218677
2026-03-24,1.42.30,267594
2026-03-24,1.42.31,230072
2026-03-24,1.42.32,230329
2026-03-24,1.42.33,225258
2026-03-24,1.42.34,236944
2026-03-24,1.42.35,256349
2026-03-24,1.42.36,234572
2026-03-24,1.42.37,255216
2026-03-24,1.42.38,231202
2026-03-24,1.42.39,254230
2026-03-24,1.42.4,204031
2026-03-24,1.42.40,235257
2026-03-24,1.42.41,233120
2026-03-24,1.42.42,241076
2026-03-24,1.42.43,241242
2026-03-24,1.42.44,250012
2026-03-24,1.42.45,232460
2026-03-24,1.42.46,236969
2026-03-24,1.42.47,247274
2026-03-24,1.42.48,237272
2026-03-24,1.42.49,265435
2026-03-24,1.42.5,218677
2026-03-24,1.42.50,234447
2026-03-24,1.42.51,234106
2026-03-24,1.42.52,236369
2026-03-24,1.42.53,233379
2026-03-24,1.42.54,248710
2026-03-24,1.42.55,256751
2026-03-24,1.42.56,254827
2026-03-24,1.42.57,242895
2026-03-24,1.42.58,241408
2026-03-24,1.42.59,306994
2026-03-24,1.42.6,198934
2026-03-24,1.42.60,255978
2026-03-24,1.42.61,272799
2026-03-24,1.42.62,247194
2026-03-24,1.42.63,251041
2026-03-24,1.42.64,244582
2026-03-24,1.42.65,260900
2026-03-24,1.42.66,277397
2026-03-24,1.42.67,272342
2026-03-24,1.42.68,373345
2026-03-24,1.42.69,306872
2026-03-24,1.42.7,201793
2026-03-24,1.42.70,662748
2026-03-24,1.42.71,479531
2026-03-24,1.42.72,523462
2026-03-24,1.42.73,626533
2026-03-24,1.42.74,9780159
2026-03-24,1.42.75,1092226
2026-03-24,1.42.8,204742
2026-03-24,1.42.9,222798
2026-03-24,~other,35986247
2026-03-25,1.40.65,84883
2026-03-25,1.40.66,84568
2026-03-25,1.40.67,84676
2026-03-25,1.40.68,85398
2026-03-25,1.40.69,101048
2026-03-25,1.40.70,108138
2026-03-25,1.40.71,88852
2026-03-25,1.40.72,85781
2026-03-25,1.40.73,101839
2026-03-25,1.40.74,89648
2026-03-25,1.40.75,94861
2026-03-25,1.40.76,230170
2026-03-25,1.41.0,139298
2026-03-25,1.41.1,96679
2026-03-25,1.41.2,123113
2026-03-25,1.41.3,122161
2026-03-25,1.41.4,98717
2026-03-25,1.41.5,397296
2026-03-25,1.42.0,215574
2026-03-25,1.42.1,224269
2026-03-25,1.42.10,193329
2026-03-25,1.42.11,192217
2026-03-25,1.42.12,197064
2026-03-25,1.42.13,187881
2026-03-25,1.42.14,226735
2026-03-25,1.42.15,190829
2026-03-25,1.42.16,204817
2026-03-25,1.42.17,199993
2026-03-25,1.42.18,248391
2026-03-25,1.42.19,211510
2026-03-25,1.42.2,256662
2026-03-25,1.42.20,183071
2026-03-25,1.42.21,201256
2026-03-25,1.42.22,274498
2026-03-25,1.42.23,222714
2026-03-25,1.42.24,232168
2026-03-25,1.42.25,226656
2026-03-25,1.42.26,231509
2026-03-25,1.42.27,226808
2026-03-25,1.42.28,275570
2026-03-25,1.42.29,219924
2026-03-25,1.42.3,209736
2026-03-25,1.42.30,331134
2026-03-25,1.42.31,223326
2026-03-25,1.42.32,223746
2026-03-25,1.42.33,218744
2026-03-25,1.42.34,232643
2026-03-25,1.42.35,245399
2026-03-25,1.42.36,219621
2026-03-25,1.42.37,252902
2026-03-25,1.42.38,224518
2026-03-25,1.42.39,249262
2026-03-25,1.42.4,199458
2026-03-25,1.42.40,227755
2026-03-25,1.42.41,225438
2026-03-25,1.42.42,235187
2026-03-25,1.42.43,235475
2026-03-25,1.42.44,243345
2026-03-25,1.42.45,224835
2026-03-25,1.42.46,226998
2026-03-25,1.42.47,238831
2026-03-25,1.42.48,231737
2026-03-25,1.42.49,258514
2026-03-25,1.42.5,214515
2026-03-25,1.42.50,226992
2026-03-25,1.42.51,226811
2026-03-25,1.42.52,228717
2026-03-25,1.42.53,227074
2026-03-25,1.42.54,239721
2026-03-25,1.42.55,247789
2026-03-25,1.42.56,243239
2026-03-25,1.42.57,233597
2026-03-25,1.42.58,233228
2026-03-25,1.42.59,286758
2026-03-25,1.42.6,192188
2026-03-25,1.42.60,246389
2026-03-25,1.42.61,259965
2026-03-25,1.42.62,238343
2026-03-25,1.42.63,241756
2026-03-25,1.42.64,240738
2026-03-25,1.42.65,241273
2026-03-25,1.42.66,280379
2026-03-25,1.42.67,286035
2026-03-25,1.42.68,393759
2026-03-25,1.42.69,317889
2026-03-25,1.42.7,194717
2026-03-25,1.42.70,604777
2026-03-25,1.42.71,427655
2026-03-25,1.42.72,451932
2026-03-25,1.42.73,522086
2026-03-25,1.42.74,573658
2026-03-25,1.42.75,8287513
2026-03-25,1.42.76,1903967
2026-03-25,1.42.8,192505
2026-03-25,1.42.9,192770
2026-03-25,~other,36243011
2026-03-26,1.40.65,109908
2026-03-26,1.40.66,109347
2026-03-26,1.40.67,109638
2026-03-26,1.40.68,111497
2026-03-26,1.40.69,121212
2026-03-26,1.40.70,129614
2026-03-26,1.40.71,113124
2026-03-26,1.40.72,111092
2026-03-26,1.40.73,125293
2026-03-26,1.40.74,114588
2026-03-26,1.40.75,125258
2026-03-26,1.40.76,281970
2026-03-26,1.41.0,169600
2026-03-26,1.41.1,124796
2026-03-26,1.41.2,136573
2026-03-26,1.41.3,147409
2026-03-26,1.41.4,124088
2026-03-26,1.41.5,438771
2026-03-26,1.42.0,250820
2026-03-26,1.42.1,259289
2026-03-26,1.42.10,224995
2026-03-26,1.42.11,222768
2026-03-26,1.42.12,230630
2026-03-26,1.42.13,221009
2026-03-26,1.42.14,262400
2026-03-26,1.42.15,223384
2026-03-26,1.42.16,239319
2026-03-26,1.42.17,231771
2026-03-26,1.42.18,261952
2026-03-26,1.42.19,245934
2026-03-26,1.42.2,252131
2026-03-26,1.42.20,215523
2026-03-26,1.42.21,234741
2026-03-26,1.42.22,309820
2026-03-26,1.42.23,254448
2026-03-26,1.42.24,262697
2026-03-26,1.42.25,256660
2026-03-26,1.42.26,263342
2026-03-26,1.42.27,259992
2026-03-26,1.42.28,314270
2026-03-26,1.42.29,251875
2026-03-26,1.42.3,239881
2026-03-26,1.42.30,311881
2026-03-26,1.42.31,255389
2026-03-26,1.42.32,253037
2026-03-26,1.42.33,249978
2026-03-26,1.42.34,264709
2026-03-26,1.42.35,278804
2026-03-26,1.42.36,251329
2026-03-26,1.42.37,281437
2026-03-26,1.42.38,256236
2026-03-26,1.42.39,277568
2026-03-26,1.42.4,230422
2026-03-26,1.42.40,261026
2026-03-26,1.42.41,257255
2026-03-26,1.42.42,265322
2026-03-26,1.42.43,285893
2026-03-26,1.42.44,273166
2026-03-26,1.42.45,258328
2026-03-26,1.42.46,259329
2026-03-26,1.42.47,270862
2026-03-26,1.42.48,263171
2026-03-26,1.42.49,284904
2026-03-26,1.42.5,244706
2026-03-26,1.42.50,260076
2026-03-26,1.42.51,258788
2026-03-26,1.42.52,264164
2026-03-26,1.42.53,259270
2026-03-26,1.42.54,270574
2026-03-26,1.42.55,282203
2026-03-26,1.42.56,271691
2026-03-26,1.42.57,265936
2026-03-26,1.42.58,263309
2026-03-26,1.42.59,319050
2026-03-26,1.42.6,225001
2026-03-26,1.42.60,277747
2026-03-26,1.42.61,294169
2026-03-26,1.42.62,288681
2026-03-26,1.42.63,279230
2026-03-26,1.42.64,276522
2026-03-26,1.42.65,275979
2026-03-26,1.42.66,271705
2026-03-26,1.42.67,306231
2026-03-26,1.42.68,442820
2026-03-26,1.42.69,344175
2026-03-26,1.42.7,228323
2026-03-26,1.42.70,612555
2026-03-26,1.42.71,426535
2026-03-26,1.42.72,429700
2026-03-26,1.42.73,490620
2026-03-26,1.42.74,640209
2026-03-26,1.42.75,540697
2026-03-26,1.42.76,8035814
2026-03-26,1.42.77,1799901
2026-03-26,1.42.8,242168
2026-03-26,1.42.9,225767
2026-03-26,~other,36791723
2026-03-27,1.40.65,83560
2026-03-27,1.40.66,82567
2026-03-27,1.40.67,82696
2026-03-27,1.40.68,82940
2026-03-27,1.40.69,92603
2026-03-27,1.40.70,97970
2026-03-27,1.40.71,86097
2026-03-27,1.40.72,84007
2026-03-27,1.40.73,95819
2026-03-27,1.40.74,86383
2026-03-27,1.40.75,100542
2026-03-27,1.40.76,217340
2026-03-27,1.41.0,136853
2026-03-27,1.41.1,93161
2026-03-27,1.41.2,192806
2026-03-27,1.41.3,134265
2026-03-27,1.41.4,94606
2026-03-27,1.41.5,385695
2026-03-27,1.42.0,213525
2026-03-27,1.42.1,208525
2026-03-27,1.42.10,195915
2026-03-27,1.42.11,192169
2026-03-27,1.42.12,200553
2026-03-27,1.42.13,190483
2026-03-27,1.42.14,227096
2026-03-27,1.42.15,191492
2026-03-27,1.42.16,207215
2026-03-27,1.42.17,201561
2026-03-27,1.42.18,241509
2026-03-27,1.42.19,216300
2026-03-27,1.42.2,223303
2026-03-27,1.42.20,185969
2026-03-27,1.42.21,205338
2026-03-27,1.42.22,281340
2026-03-27,1.42.23,224842
2026-03-27,1.42.24,231923
2026-03-27,1.42.25,230386
2026-03-27,1.42.26,234934
2026-03-27,1.42.27,229406
2026-03-27,1.42.28,285070
2026-03-27,1.42.29,222556
2026-03-27,1.42.3,208649
2026-03-27,1.42.30,248078
2026-03-27,1.42.31,225147
2026-03-27,1.42.32,225687
2026-03-27,1.42.33,222640
2026-03-27,1.42.34,229481
2026-03-27,1.42.35,246154
2026-03-27,1.42.36,260027
2026-03-27,1.42.37,242780
2026-03-27,1.42.38,226322
2026-03-27,1.42.39,247997
2026-03-27,1.42.4,198610
2026-03-27,1.42.40,230254
2026-03-27,1.42.41,229527
2026-03-27,1.42.42,236315
2026-03-27,1.42.43,241300
2026-03-27,1.42.44,243294
2026-03-27,1.42.45,227477
2026-03-27,1.42.46,229565
2026-03-27,1.42.47,239562
2026-03-27,1.42.48,233922
2026-03-27,1.42.49,252868
2026-03-27,1.42.5,210739
2026-03-27,1.42.50,228526
2026-03-27,1.42.51,228231
2026-03-27,1.42.52,231337
2026-03-27,1.42.53,229034
2026-03-27,1.42.54,247649
2026-03-27,1.42.55,247959
2026-03-27,1.42.56,240429
2026-03-27,1.42.57,232748
2026-03-27,1.42.58,234327
2026-03-27,1.42.59,274799
2026-03-27,1.42.6,194255
2026-03-27,1.42.60,247149
2026-03-27,1.42.61,258787
2026-03-27,1.42.62,257458
2026-03-27,1.42.63,241785
2026-03-27,1.42.64,241677
2026-03-27,1.42.65,241650
2026-03-27,1.42.66,239030
2026-03-27,1.42.67,234209
2026-03-27,1.42.68,382330
2026-03-27,1.42.69,296308
2026-03-27,1.42.7,197364
2026-03-27,1.42.70,501536
2026-03-27,1.42.71,351921
2026-03-27,1.42.72,370734
2026-03-27,1.42.73,402741
2026-03-27,1.42.74,585162
2026-03-27,1.42.75,412425
2026-03-27,1.42.76,440541
2026-03-27,1.42.77,7680239
2026-03-27,1.42.78,1746741
2026-03-27,1.42.8,212248
2026-03-27,1.42.9,194547
2026-03-27,~other,33724092
2026-03-28,1.40.65,41754
2026-03-28,1.40.66,40476
2026-03-28,1.40.67,40525
2026-03-28,1.40.68,41034
2026-03-28,1.40.69,44952
2026-03-28,1.40.70,46584
2026-03-28,1.40.71,43073
2026-03-28,1.40.72,41304
2026-03-28,1.40.73,45954
2026-03-28,1.40.74,41940
2026-03-28,1.40.75,49543
2026-03-28,1.40.76,115490
2026-03-28,1.41.0,98615
2026-03-28,1.41.1,50909
2026-03-28,1.41.2,58979
2026-03-28,1.41.3,63011
2026-03-28,1.41.4,53199
2026-03-28,1.41.5,247138
2026-03-28,1.42.0,147095
2026-03-28,1.42.1,145413
2026-03-28,1.42.10,132572
2026-03-28,1.42.11,128932
2026-03-28,1.42.12,130771
2026-03-28,1.42.13,129240
2026-03-28,1.42.14,168051
2026-03-28,1.42.15,128831
2026-03-28,1.42.16,142871
2026-03-28,1.42.17,132000
2026-03-28,1.42.18,136421
2026-03-28,1.42.19,139435
2026-03-28,1.42.2,146040
2026-03-28,1.42.20,127564
2026-03-28,1.42.21,144836
2026-03-28,1.42.22,168210
2026-03-28,1.42.23,160173
2026-03-28,1.42.24,160864
2026-03-28,1.42.25,161642
2026-03-28,1.42.26,161424
2026-03-28,1.42.27,164249
2026-03-28,1.42.28,169692
2026-03-28,1.42.29,156371
2026-03-28,1.42.3,145378
2026-03-28,1.42.30,166279
2026-03-28,1.42.31,159412
2026-03-28,1.42.32,157409
2026-03-28,1.42.33,157571
2026-03-28,1.42.34,160982
2026-03-28,1.42.35,165901
2026-03-28,1.42.36,160014
2026-03-28,1.42.37,170192
2026-03-28,1.42.38,159283
2026-03-28,1.42.39,169042
2026-03-28,1.42.4,134684
2026-03-28,1.42.40,158194
2026-03-28,1.42.41,161062
2026-03-28,1.42.42,163001
2026-03-28,1.42.43,164229
2026-03-28,1.42.44,164969
2026-03-28,1.42.45,157934
2026-03-28,1.42.46,158215
2026-03-28,1.42.47,173652
2026-03-28,1.42.48,165207
2026-03-28,1.42.49,169357
2026-03-28,1.42.5,134331
2026-03-28,1.42.50,160106
2026-03-28,1.42.51,159117
2026-03-28,1.42.52,159750
2026-03-28,1.42.53,157929
2026-03-28,1.42.54,165827
2026-03-28,1.42.55,166960
2026-03-28,1.42.56,166747
2026-03-28,1.42.57,160348
2026-03-28,1.42.58,160005
2026-03-28,1.42.59,177420
2026-03-28,1.42.6,133385
2026-03-28,1.42.60,160685
2026-03-28,1.42.61,169899
2026-03-28,1.42.62,181292
2026-03-28,1.42.63,174109
2026-03-28,1.42.64,166100
2026-03-28,1.42.65,165664
2026-03-28,1.42.66,168111
2026-03-28,1.42.67,161775
2026-03-28,1.42.68,200894
2026-03-28,1.42.69,208024
2026-03-28,1.42.7,132806
2026-03-28,1.42.70,335208
2026-03-28,1.42.71,247145
2026-03-28,1.42.72,259186
2026-03-28,1.42.73,270408
2026-03-28,1.42.74,279648
2026-03-28,1.42.75,262685
2026-03-28,1.42.76,253071
2026-03-28,1.42.77,272680
2026-03-28,1.42.78,6191186
2026-03-28,1.42.8,132702
2026-03-28,1.42.9,133029
2026-03-28,~other,25036529
2026-03-29,1.40.65,34783
2026-03-29,1.40.66,34119
2026-03-29,1.40.67,33940
2026-03-29,1.40.68,34665
2026-03-29,1.40.69,41153
2026-03-29,1.40.70,39101
2026-03-29,1.40.71,37212
2026-03-29,1.40.72,34557
2026-03-29,1.40.73,36706
2026-03-29,1.40.74,35412
2026-03-29,1.40.75,46718
2026-03-29,1.40.76,103163
2026-03-29,1.41.0,92630
2026-03-29,1.41.1,43875
2026-03-29,1.41.2,53520
2026-03-29,1.41.3,52439
2026-03-29,1.41.4,46219
2026-03-29,1.41.5,215075
2026-03-29,1.42.0,140449
2026-03-29,1.42.1,137960
2026-03-29,1.42.10,126136
2026-03-29,1.42.11,122412
2026-03-29,1.42.12,124021
2026-03-29,1.42.13,123046
2026-03-29,1.42.14,165135
2026-03-29,1.42.15,123130
2026-03-29,1.42.16,145295
2026-03-29,1.42.17,127429
2026-03-29,1.42.18,128389
2026-03-29,1.42.19,133502
2026-03-29,1.42.2,140477
2026-03-29,1.42.20,121306
2026-03-29,1.42.21,129909
2026-03-29,1.42.22,154097
2026-03-29,1.42.23,153395
2026-03-29,1.42.24,153592
2026-03-29,1.42.25,154570
2026-03-29,1.42.26,157557
2026-03-29,1.42.27,157364
2026-03-29,1.42.28,155621
2026-03-29,1.42.29,149572
2026-03-29,1.42.3,138436
2026-03-29,1.42.30,163844
2026-03-29,1.42.31,152310
2026-03-29,1.42.32,150156
2026-03-29,1.42.33,150245
2026-03-29,1.42.34,157891
2026-03-29,1.42.35,158437
2026-03-29,1.42.36,161182
2026-03-29,1.42.37,162676
2026-03-29,1.42.38,151552
2026-03-29,1.42.39,160642
2026-03-29,1.42.4,127318
2026-03-29,1.42.40,151929
2026-03-29,1.42.41,155362
2026-03-29,1.42.42,154351
2026-03-29,1.42.43,158049
2026-03-29,1.42.44,162455
2026-03-29,1.42.45,151328
2026-03-29,1.42.46,151867
2026-03-29,1.42.47,161583
2026-03-29,1.42.48,156731
2026-03-29,1.42.49,161973
2026-03-29,1.42.5,127816
2026-03-29,1.42.50,153317
2026-03-29,1.42.51,153297
2026-03-29,1.42.52,157079
2026-03-29,1.42.53,152716
2026-03-29,1.42.54,156908
2026-03-29,1.42.55,160100
2026-03-29,1.42.56,155308
2026-03-29,1.42.57,152569
2026-03-29,1.42.58,154008
2026-03-29,1.42.59,176046
2026-03-29,1.42.6,125529
2026-03-29,1.42.60,155358
2026-03-29,1.42.61,163424
2026-03-29,1.42.62,173878
2026-03-29,1.42.63,163386
2026-03-29,1.42.64,157161
2026-03-29,1.42.65,159298
2026-03-29,1.42.66,162933
2026-03-29,1.42.67,155161
2026-03-29,1.42.68,215476
2026-03-29,1.42.69,329363
2026-03-29,1.42.7,126273
2026-03-29,1.42.70,593071
2026-03-29,1.42.71,371673
2026-03-29,1.42.72,381510
2026-03-29,1.42.73,392655
2026-03-29,1.42.74,390742
2026-03-29,1.42.75,398752
2026-03-29,1.42.76,375283
2026-03-29,1.42.77,393809
2026-03-29,1.42.78,6190162
2026-03-29,1.42.8,125519
2026-03-29,1.42.9,126374
2026-03-29,~other,25762187
2026-03-31,1.40.65,58749
2026-03-31,1.40.66,57796
2026-03-31,1.40.67,58503
2026-03-31,1.40.68,59440
2026-03-31,1.40.69,70057
2026-03-31,1.40.70,75938
2026-03-31,1.40.71,62243
2026-03-31,1.40.72,58908
2026-03-31,1.40.73,75922
2026-03-31,1.40.74,62860
2026-03-31,1.40.75,70260
2026-03-31,1.40.76,214833
2026-03-31,1.41.0,129305
2026-03-31,1.41.1,69157
2026-03-31,1.41.2,84194
2026-03-31,1.41.3,90674
2026-03-31,1.41.4,71668
2026-03-31,1.41.5,365826
2026-03-31,1.42.0,195368
2026-03-31,1.42.1,200452
2026-03-31,1.42.10,173484
2026-03-31,1.42.11,168777
2026-03-31,1.42.12,178169
2026-03-31,1.42.13,168844
2026-03-31,1.42.14,220928
2026-03-31,1.42.15,170411
2026-03-31,1.42.16,189175
2026-03-31,1.42.17,183014
2026-03-31,1.42.18,307079
2026-03-31,1.42.19,191507
2026-03-31,1.42.2,235957
2026-03-31,1.42.20,163261
2026-03-31,1.42.21,188443
2026-03-31,1.42.22,262692
2026-03-31,1.42.23,203972
2026-03-31,1.42.24,211513
2026-03-31,1.42.25,211900
2026-03-31,1.42.26,213936
2026-03-31,1.42.27,208642
2026-03-31,1.42.28,266538
2026-03-31,1.42.29,200995
2026-03-31,1.42.3,184875
2026-03-31,1.42.30,248333
2026-03-31,1.42.31,205333
2026-03-31,1.42.32,202282
2026-03-31,1.42.33,199420
2026-03-31,1.42.34,213095
2026-03-31,1.42.35,217921
2026-03-31,1.42.36,214650
2026-03-31,1.42.37,228826
2026-03-31,1.42.38,202817
2026-03-31,1.42.39,226590
2026-03-31,1.42.4,176751
2026-03-31,1.42.40,210772
2026-03-31,1.42.41,211530
2026-03-31,1.42.42,216071
2026-03-31,1.42.43,224034
2026-03-31,1.42.44,231379
2026-03-31,1.42.45,205840
2026-03-31,1.42.46,209156
2026-03-31,1.42.47,221335
2026-03-31,1.42.48,211951
2026-03-31,1.42.49,239545
2026-03-31,1.42.5,193641
2026-03-31,1.42.50,215015
2026-03-31,1.42.51,206357
2026-03-31,1.42.52,210570
2026-03-31,1.42.53,208105
2026-03-31,1.42.54,221974
2026-03-31,1.42.55,230924
2026-03-31,1.42.56,221130
2026-03-31,1.42.57,213101
2026-03-31,1.42.58,212973
2026-03-31,1.42.59,297513
2026-03-31,1.42.6,168867
2026-03-31,1.42.60,235499
2026-03-31,1.42.61,258392
2026-03-31,1.42.62,248760
2026-03-31,1.42.63,236842
2026-03-31,1.42.64,240933
2026-03-31,1.42.65,238316
2026-03-31,1.42.66,238285
2026-03-31,1.42.67,227427
2026-03-31,1.42.68,332676
2026-03-31,1.42.69,282084
2026-03-31,1.42.7,174602
2026-03-31,1.42.70,557052
2026-03-31,1.42.71,351441
2026-03-31,1.42.72,350707
2026-03-31,1.42.73,373153
2026-03-31,1.42.74,509317
2026-03-31,1.42.75,418779
2026-03-31,1.42.76,366682
2026-03-31,1.42.77,374511
2026-03-31,1.42.78,471793
2026-03-31,1.42.79,8093201
2026-03-31,1.42.8,175376
2026-03-31,1.42.80,1788655
2026-03-31,1.42.9,177790
2026-03-31,~other,36768143
2026-04-01,1.40.65,63034
2026-04-01,1.40.66,62625
2026-04-01,1.40.67,63746
2026-04-01,1.40.68,64778
2026-04-01,1.40.69,72456
2026-04-01,1.40.70,79772
2026-04-01,1.40.71,65987
2026-04-01,1.40.72,64007
2026-04-01,1.40.73,77100
2026-04-01,1.40.74,68457
2026-04-01,1.40.75,82556
2026-04-01,1.40.76,230273
2026-04-01,1.41.0,130752
2026-04-01,1.41.1,72522
2026-04-01,1.41.2,93844
2026-04-01,1.41.3,89472
2026-04-01,1.41.4,74831
2026-04-01,1.41.5,366986
2026-04-01,1.42.0,206150
2026-04-01,1.42.1,196703
2026-04-01,1.42.10,185191
2026-04-01,1.42.11,181935
2026-04-01,1.42.12,192262
2026-04-01,1.42.13,180225
2026-04-01,1.42.14,231069
2026-04-01,1.42.15,181733
2026-04-01,1.42.16,200928
2026-04-01,1.42.17,192453
2026-04-01,1.42.18,261779
2026-04-01,1.42.19,204251
2026-04-01,1.42.2,255813
2026-04-01,1.42.20,175669
2026-04-01,1.42.21,196146
2026-04-01,1.42.22,270868
2026-04-01,1.42.23,215956
2026-04-01,1.42.24,223688
2026-04-01,1.42.25,219649
2026-04-01,1.42.26,227319
2026-04-01,1.42.27,220160
2026-04-01,1.42.28,277169
2026-04-01,1.42.29,213736
2026-04-01,1.42.3,198864
2026-04-01,1.42.30,413985
2026-04-01,1.42.31,216342
2026-04-01,1.42.32,212712
2026-04-01,1.42.33,211890
2026-04-01,1.42.34,223671
2026-04-01,1.42.35,230162
2026-04-01,1.42.36,218256
2026-04-01,1.42.37,237495
2026-04-01,1.42.38,214770
2026-04-01,1.42.39,240400
2026-04-01,1.42.4,189743
2026-04-01,1.42.40,222214
2026-04-01,1.42.41,224523
2026-04-01,1.42.42,225459
2026-04-01,1.42.43,236188
2026-04-01,1.42.44,234912
2026-04-01,1.42.45,217140
2026-04-01,1.42.46,223665
2026-04-01,1.42.47,232953
2026-04-01,1.42.48,223884
2026-04-01,1.42.49,246581
2026-04-01,1.42.5,209907
2026-04-01,1.42.50,223988
2026-04-01,1.42.51,218667
2026-04-01,1.42.52,222209
2026-04-01,1.42.53,220856
2026-04-01,1.42.54,230517
2026-04-01,1.42.55,236472
2026-04-01,1.42.56,240077
2026-04-01,1.42.57,227678
2026-04-01,1.42.58,225239
2026-04-01,1.42.59,315440
2026-04-01,1.42.6,182650
2026-04-01,1.42.60,240194
2026-04-01,1.42.61,317303
2026-04-01,1.42.62,326202
2026-04-01,1.42.63,312148
2026-04-01,1.42.64,318176
2026-04-01,1.42.65,317420
2026-04-01,1.42.66,315193
2026-04-01,1.42.67,305472
2026-04-01,1.42.68,390820
2026-04-01,1.42.69,331614
2026-04-01,1.42.7,186804
2026-04-01,1.42.70,610546
2026-04-01,1.42.71,382789
2026-04-01,1.42.72,383120
2026-04-01,1.42.73,413449
2026-04-01,1.42.74,510358
2026-04-01,1.42.75,450464
2026-04-01,1.42.76,391363
2026-04-01,1.42.77,398245
2026-04-01,1.42.78,454206
2026-04-01,1.42.79,448884
2026-04-01,1.42.8,187813
2026-04-01,1.42.80,7936007
2026-04-01,1.42.81,1818869
2026-04-01,1.42.9,191962
2026-04-01,~other,38640027
2026-04-02,1.40.65,52340
2026-04-02,1.40.66,51028
2026-04-02,1.40.67,52445
2026-04-02,1.40.68,52768
2026-04-02,1.40.69,58812
2026-04-02,1.40.70,68222
2026-04-02,1.40.71,55225
2026-04-02,1.40.72,52139
2026-04-02,1.40.73,66208
2026-04-02,1.40.74,55970
2026-04-02,1.40.75,61146
2026-04-02,1.40.76,261386
2026-04-02,1.41.0,122205
2026-04-02,1.41.1,62503
2026-04-02,1.41.2,80044
2026-04-02,1.41.3,86491
2026-04-02,1.41.4,63013
2026-04-02,1.41.5,363221
2026-04-02,1.42.0,226326
2026-04-02,1.42.1,216086
2026-04-02,1.42.10,204699
2026-04-02,1.42.11,200842
2026-04-02,1.42.12,211218
2026-04-02,1.42.13,200037
2026-04-02,1.42.14,250774
2026-04-02,1.42.15,201425
2026-04-02,1.42.16,222607
2026-04-02,1.42.17,208204
2026-04-02,1.42.18,267796
2026-04-02,1.42.19,223026
2026-04-02,1.42.2,248596
2026-04-02,1.42.20,195530
2026-04-02,1.42.21,212393
2026-04-02,1.42.22,291103
2026-04-02,1.42.23,235267
2026-04-02,1.42.24,240587
2026-04-02,1.42.25,238538
2026-04-02,1.42.26,242658
2026-04-02,1.42.27,238552
2026-04-02,1.42.28,296345
2026-04-02,1.42.29,232098
2026-04-02,1.42.3,215954
2026-04-02,1.42.30,336415
2026-04-02,1.42.31,235785
2026-04-02,1.42.32,231625
2026-04-02,1.42.33,229228
2026-04-02,1.42.34,240616
2026-04-02,1.42.35,248486
2026-04-02,1.42.36,230793
2026-04-02,1.42.37,262592
2026-04-02,1.42.38,231596
2026-04-02,1.42.39,256789
2026-04-02,1.42.4,211162
2026-04-02,1.42.40,235299
2026-04-02,1.42.41,244378
2026-04-02,1.42.42,242135
2026-04-02,1.42.43,253307
2026-04-02,1.42.44,247925
2026-04-02,1.42.45,234265
2026-04-02,1.42.46,242828
2026-04-02,1.42.47,252480
2026-04-02,1.42.48,243986
2026-04-02,1.42.49,262385
2026-04-02,1.42.5,224965
2026-04-02,1.42.50,246894
2026-04-02,1.42.51,237149
2026-04-02,1.42.52,236668
2026-04-02,1.42.53,239233
2026-04-02,1.42.54,248406
2026-04-02,1.42.55,256718
2026-04-02,1.42.56,249486
2026-04-02,1.42.57,244584
2026-04-02,1.42.58,242509
2026-04-02,1.42.59,298151
2026-04-02,1.42.6,201132
2026-04-02,1.42.60,266157
2026-04-02,1.42.61,264298
2026-04-02,1.42.62,347964
2026-04-02,1.42.63,387859
2026-04-02,1.42.64,361124
2026-04-02,1.42.65,363904
2026-04-02,1.42.66,360927
2026-04-02,1.42.67,355128
2026-04-02,1.42.68,442340
2026-04-02,1.42.69,376820
2026-04-02,1.42.7,207091
2026-04-02,1.42.70,688886
2026-04-02,1.42.71,433397
2026-04-02,1.42.72,431707
2026-04-02,1.42.73,450637
2026-04-02,1.42.74,515303
2026-04-02,1.42.75,443451
2026-04-02,1.42.76,451982
2026-04-02,1.42.77,439903
2026-04-02,1.42.78,498147
2026-04-02,1.42.79,448665
2026-04-02,1.42.8,208465
2026-04-02,1.42.80,501683
2026-04-02,1.42.81,7815068
2026-04-02,1.42.82,1657097
2026-04-02,1.42.9,210165
2026-04-02,~other,34799582
2026-04-03,1.40.65,54582
2026-04-03,1.40.66,54491
2026-04-03,1.40.67,55110
2026-04-03,1.40.68,55294
2026-04-03,1.40.69,60300
2026-04-03,1.40.70,65890
2026-04-03,1.40.71,58076
2026-04-03,1.40.72,55310
2026-04-03,1.40.73,66388
2026-04-03,1.40.74,58932
2026-04-03,1.40.75,64396
2026-04-03,1.40.76,181054
2026-04-03,1.41.0,127683
2026-04-03,1.41.1,65520
2026-04-03,1.41.2,80645
2026-04-03,1.41.3,78133
2026-04-03,1.41.4,66612
2026-04-03,1.41.5,372670
2026-04-03,1.42.0,245449
2026-04-03,1.42.1,240705
2026-04-03,1.42.10,228957
2026-04-03,1.42.11,226554
2026-04-03,1.42.12,234768
2026-04-03,1.42.13,225887
2026-04-03,1.42.14,276710
2026-04-03,1.42.15,226433
2026-04-03,1.42.16,245437
2026-04-03,1.42.17,231903
2026-04-03,1.42.18,270317
2026-04-03,1.42.19,241869
2026-04-03,1.42.2,256308
2026-04-03,1.42.20,222517
2026-04-03,1.42.21,241876
2026-04-03,1.42.22,298412
2026-04-03,1.42.23,259776
2026-04-03,1.42.24,263524
2026-04-03,1.42.25,263663
2026-04-03,1.42.26,263602
2026-04-03,1.42.27,261460
2026-04-03,1.42.28,301795
2026-04-03,1.42.29,255824
2026-04-03,1.42.3,240380
2026-04-03,1.42.30,277125
2026-04-03,1.42.31,259547
2026-04-03,1.42.32,258515
2026-04-03,1.42.33,254490
2026-04-03,1.42.34,262124
2026-04-03,1.42.35,266632
2026-04-03,1.42.36,261723
2026-04-03,1.42.37,279365
2026-04-03,1.42.38,256734
2026-04-03,1.42.39,277723
2026-04-03,1.42.4,232525
2026-04-03,1.42.40,258522
2026-04-03,1.42.41,266934
2026-04-03,1.42.42,263526
2026-04-03,1.42.43,267948
2026-04-03,1.42.44,266826
2026-04-03,1.42.45,256627
2026-04-03,1.42.46,267469
2026-04-03,1.42.47,303115
2026-04-03,1.42.48,266725
2026-04-03,1.42.49,275195
2026-04-03,1.42.5,238934
2026-04-03,1.42.50,263387
2026-04-03,1.42.51,259862
2026-04-03,1.42.52,259284
2026-04-03,1.42.53,259530
2026-04-03,1.42.54,268575
2026-04-03,1.42.55,272107
2026-04-03,1.42.56,271333
2026-04-03,1.42.57,262490
2026-04-03,1.42.58,262760
2026-04-03,1.42.59,326543
2026-04-03,1.42.6,226230
2026-04-03,1.42.60,279758
2026-04-03,1.42.61,282769
2026-04-03,1.42.62,272832
2026-04-03,1.42.63,390505
2026-04-03,1.42.64,403990
2026-04-03,1.42.65,407548
2026-04-03,1.42.66,405872
2026-04-03,1.42.67,396928
2026-04-03,1.42.68,479553
2026-04-03,1.42.69,418490
2026-04-03,1.42.7,229480
2026-04-03,1.42.70,719466
2026-04-03,1.42.71,468555
2026-04-03,1.42.72,476420
2026-04-03,1.42.73,483084
2026-04-03,1.42.74,531998
2026-04-03,1.42.75,478839
2026-04-03,1.42.76,477070
2026-04-03,1.42.77,487930
2026-04-03,1.42.78,514963
2026-04-03,1.42.79,481357
2026-04-03,1.42.8,233538
2026-04-03,1.42.80,494592
2026-04-03,1.42.81,506769
2026-04-03,1.42.82,6890672
2026-04-03,1.42.83,1552771
2026-04-03,1.42.9,229158
2026-04-03,~other,33469801
2026-04-04,1.40.65,33630
2026-04-04,1.40.66,34208
2026-04-04,1.40.67,33757
2026-04-04,1.40.68,34346
2026-04-04,1.40.69,38387
2026-04-04,1.40.70,39501
2026-04-04,1.40.71,35527
2026-04-04,1.40.72,34256
2026-04-04,1.40.73,38004
2026-04-04,1.40.74,35270
2026-04-04,1.40.75,41725
2026-04-04,1.40.76,108275
2026-04-04,1.41.0,104659
2026-04-04,1.41.1,42274
2026-04-04,1.41.2,54039
2026-04-04,1.41.3,50840
2026-04-04,1.41.4,45544
2026-04-04,1.41.5,227025
2026-04-04,1.42.0,168724
2026-04-04,1.42.1,168856
2026-04-04,1.42.10,156605
2026-04-04,1.42.11,154486
2026-04-04,1.42.12,156631
2026-04-04,1.42.13,154182
2026-04-04,1.42.14,201948
2026-04-04,1.42.15,153711
2026-04-04,1.42.16,174565
2026-04-04,1.42.17,158071
2026-04-04,1.42.18,165715
2026-04-04,1.42.19,163960
2026-04-04,1.42.2,166500
2026-04-04,1.42.20,152483
2026-04-04,1.42.21,165447
2026-04-04,1.42.22,191401
2026-04-04,1.42.23,188213
2026-04-04,1.42.24,187398
2026-04-04,1.42.25,188320
2026-04-04,1.42.26,185635
2026-04-04,1.42.27,189657
2026-04-04,1.42.28,192703
2026-04-04,1.42.29,182084
2026-04-04,1.42.3,166675
2026-04-04,1.42.30,194270
2026-04-04,1.42.31,186671
2026-04-04,1.42.32,183321
2026-04-04,1.42.33,184941
2026-04-04,1.42.34,187401
2026-04-04,1.42.35,189980
2026-04-04,1.42.36,182169
2026-04-04,1.42.37,195664
2026-04-04,1.42.38,182619
2026-04-04,1.42.39,197129
2026-04-04,1.42.4,158854
2026-04-04,1.42.40,184158
2026-04-04,1.42.41,193410
2026-04-04,1.42.42,184967
2026-04-04,1.42.43,189992
2026-04-04,1.42.44,190706
2026-04-04,1.42.45,184010
2026-04-04,1.42.46,188980
2026-04-04,1.42.47,242912
2026-04-04,1.42.48,205086
2026-04-04,1.42.49,195152
2026-04-04,1.42.5,159079
2026-04-04,1.42.50,186580
2026-04-04,1.42.51,185506
2026-04-04,1.42.52,187353
2026-04-04,1.42.53,195430
2026-04-04,1.42.54,191830
2026-04-04,1.42.55,189719
2026-04-04,1.42.56,187802
2026-04-04,1.42.57,190314
2026-04-04,1.42.58,188670
2026-04-04,1.42.59,209295
2026-04-04,1.42.6,154030
2026-04-04,1.42.60,191268
2026-04-04,1.42.61,194080
2026-04-04,1.42.62,196151
2026-04-04,1.42.63,198426
2026-04-04,1.42.64,335625
2026-04-04,1.42.65,336210
2026-04-04,1.42.66,339249
2026-04-04,1.42.67,332382
2026-04-04,1.42.68,367200
2026-04-04,1.42.69,348634
2026-04-04,1.42.7,157532
2026-04-04,1.42.70,605266
2026-04-04,1.42.71,385771
2026-04-04,1.42.72,390114
2026-04-04,1.42.73,409338
2026-04-04,1.42.74,400908
2026-04-04,1.42.75,393815
2026-04-04,1.42.76,393396
2026-04-04,1.42.77,389339
2026-04-04,1.42.78,410724
2026-04-04,1.42.79,400581
2026-04-04,1.42.8,159584
2026-04-04,1.42.80,405764
2026-04-04,1.42.81,395904
2026-04-04,1.42.82,399690
2026-04-04,1.42.83,6473827
2026-04-04,1.42.9,154928
2026-04-04,~other,24910756
2026-04-05,1.40.65,31643
2026-04-05,1.40.66,31428
2026-04-05,1.40.67,31536
2026-04-05,1.40.68,31912
2026-04-05,1.40.69,42018
2026-04-05,1.40.70,37301
2026-04-05,1.40.71,34081
2026-04-05,1.40.72,32091
2026-04-05,1.40.73,33392
2026-04-05,1.40.74,32801
2026-04-05,1.40.75,39740
2026-04-05,1.40.76,99276
2026-04-05,1.41.0,99377
2026-04-05,1.41.1,40104
2026-04-05,1.41.2,52415
2026-04-05,1.41.3,50782
2026-04-05,1.41.4,43092
2026-04-05,1.41.5,189981
2026-04-05,1.42.0,127451
2026-04-05,1.42.1,129027
2026-04-05,1.42.10,115507
2026-04-05,1.42.11,112918
2026-04-05,1.42.12,114505
2026-04-05,1.42.13,113264
2026-04-05,1.42.14,159581
2026-04-05,1.42.15,112993
2026-04-05,1.42.16,133731
2026-04-05,1.42.17,114145
2026-04-05,1.42.18,120671
2026-04-05,1.42.19,121688
2026-04-05,1.42.2,126056
2026-04-05,1.42.20,111461
2026-04-05,1.42.21,120803
2026-04-05,1.42.22,151532
2026-04-05,1.42.23,151607
2026-04-05,1.42.24,151016
2026-04-05,1.42.25,150648
2026-04-05,1.42.26,151675
2026-04-05,1.42.27,154034
2026-04-05,1.42.28,152061
2026-04-05,1.42.29,146280
2026-04-05,1.42.3,126061
2026-04-05,1.42.30,160497
2026-04-05,1.42.31,151313
2026-04-05,1.42.32,147388
2026-04-05,1.42.33,147241
2026-04-05,1.42.34,153151
2026-04-05,1.42.35,152425
2026-04-05,1.42.36,147296
2026-04-05,1.42.37,159453
2026-04-05,1.42.38,146329
2026-04-05,1.42.39,159502
2026-04-05,1.42.4,116764
2026-04-05,1.42.40,147960
2026-04-05,1.42.41,156914
2026-04-05,1.42.42,149649
2026-04-05,1.42.43,152342
2026-04-05,1.42.44,153029
2026-04-05,1.42.45,148691
2026-04-05,1.42.46,157315
2026-04-05,1.42.47,204476
2026-04-05,1.42.48,168966
2026-04-05,1.42.49,159197
2026-04-05,1.42.5,115901
2026-04-05,1.42.50,149692
2026-04-05,1.42.51,149865
2026-04-05,1.42.52,150435
2026-04-05,1.42.53,157272
2026-04-05,1.42.54,153561
2026-04-05,1.42.55,153488
2026-04-05,1.42.56,151356
2026-04-05,1.42.57,150967
2026-04-05,1.42.58,151762
2026-04-05,1.42.59,166538
2026-04-05,1.42.6,113701
2026-04-05,1.42.60,162955
2026-04-05,1.42.61,160974
2026-04-05,1.42.62,161924
2026-04-05,1.42.63,162498
2026-04-05,1.42.64,251997
2026-04-05,1.42.65,253826
2026-04-05,1.42.66,259225
2026-04-05,1.42.67,252162
2026-04-05,1.42.68,285498
2026-04-05,1.42.69,267343
2026-04-05,1.42.7,116431
2026-04-05,1.42.70,465098
2026-04-05,1.42.71,302442
2026-04-05,1.42.72,303587
2026-04-05,1.42.73,324991
2026-04-05,1.42.74,310451
2026-04-05,1.42.75,309686
2026-04-05,1.42.76,306378
2026-04-05,1.42.77,302943
2026-04-05,1.42.78,324452
2026-04-05,1.42.79,311601
2026-04-05,1.42.8,114711
2026-04-05,1.42.80,320968
2026-04-05,1.42.81,304583
2026-04-05,1.42.82,302556
2026-04-05,1.42.83,6166648
2026-04-05,1.42.9,114736
2026-04-05,~other,26214582
2026-04-08,1.40.65,60028
2026-04-08,1.40.66,57922
2026-04-08,1.40.67,59013
2026-04-08,1.40.68,58008
2026-04-08,1.40.69,67097
2026-04-08,1.40.70,72381
2026-04-08,1.40.71,62067
2026-04-08,1.40.72,59592
2026-04-08,1.40.73,72389
2026-04-08,1.40.74,63915
2026-04-08,1.40.75,69077
2026-04-08,1.40.76,211441
2026-04-08,1.41.0,132933
2026-04-08,1.41.1,75630
2026-04-08,1.41.2,88135
2026-04-08,1.41.3,82725
2026-04-08,1.41.4,72716
2026-04-08,1.41.5,346444
2026-04-08,1.42.0,178246
2026-04-08,1.42.1,173158
2026-04-08,1.42.10,162687
2026-04-08,1.42.11,159127
2026-04-08,1.42.12,166583
2026-04-08,1.42.13,158233
2026-04-08,1.42.14,196221
2026-04-08,1.42.15,159828
2026-04-08,1.42.16,174917
2026-04-08,1.42.17,177536
2026-04-08,1.42.18,220049
2026-04-08,1.42.19,179970
2026-04-08,1.42.2,191688
2026-04-08,1.42.20,152865
2026-04-08,1.42.21,167522
2026-04-08,1.42.22,262428
2026-04-08,1.42.23,212428
2026-04-08,1.42.24,214822
2026-04-08,1.42.25,212538
2026-04-08,1.42.26,222506
2026-04-08,1.42.27,212027
2026-04-08,1.42.28,267485
2026-04-08,1.42.29,207874
2026-04-08,1.42.3,168692
2026-04-08,1.42.30,240477
2026-04-08,1.42.31,214188
2026-04-08,1.42.32,208752
2026-04-08,1.42.33,206925
2026-04-08,1.42.34,219666
2026-04-08,1.42.35,225137
2026-04-08,1.42.36,206378
2026-04-08,1.42.37,231870
2026-04-08,1.42.38,210363
2026-04-08,1.42.39,238711
2026-04-08,1.42.4,164678
2026-04-08,1.42.40,216791
2026-04-08,1.42.41,215993
2026-04-08,1.42.42,221267
2026-04-08,1.42.43,221231
2026-04-08,1.42.44,221152
2026-04-08,1.42.45,212761
2026-04-08,1.42.46,226070
2026-04-08,1.42.47,267000
2026-04-08,1.42.48,249141
2026-04-08,1.42.49,241388
2026-04-08,1.42.5,180887
2026-04-08,1.42.50,233184
2026-04-08,1.42.51,214340
2026-04-08,1.42.52,218807
2026-04-08,1.42.53,218226
2026-04-08,1.42.54,224765
2026-04-08,1.42.55,227391
2026-04-08,1.42.56,231503
2026-04-08,1.42.57,226986
2026-04-08,1.42.58,221190
2026-04-08,1.42.59,272089
2026-04-08,1.42.6,158525
2026-04-08,1.42.60,220902
2026-04-08,1.42.61,247920
2026-04-08,1.42.62,227206
2026-04-08,1.42.63,247399
2026-04-08,1.42.64,224848
2026-04-08,1.42.65,234057
2026-04-08,1.42.66,231649
2026-04-08,1.42.67,226764
2026-04-08,1.42.68,289097
2026-04-08,1.42.69,230601
2026-04-08,1.42.7,164644
2026-04-08,1.42.70,355608
2026-04-08,1.42.71,230610
2026-04-08,1.42.72,229361
2026-04-08,1.42.73,264224
2026-04-08,1.42.74,303806
2026-04-08,1.42.75,248149
2026-04-08,1.42.76,237786
2026-04-08,1.42.77,234573
2026-04-08,1.42.78,277185
2026-04-08,1.42.79,263274
2026-04-08,1.42.8,160568
2026-04-08,1.42.80,295020
2026-04-08,1.42.81,249597
2026-04-08,1.42.82,263821
2026-04-08,1.42.83,302794
2026-04-08,1.42.84,742756
2026-04-08,1.42.85,10344463
2026-04-08,1.42.9,164956
2026-04-08,~other,38084313
2026-04-09,1.40.65,86156
2026-04-09,1.40.66,89223
2026-04-09,1.40.67,87024
2026-04-09,1.40.68,86015
2026-04-09,1.40.69,97002
2026-04-09,1.40.70,100634
2026-04-09,1.40.71,90568
2026-04-09,1.40.72,86970
2026-04-09,1.40.73,101304
2026-04-09,1.40.74,90046
2026-04-09,1.40.75,99485
2026-04-09,1.40.76,239401
2026-04-09,1.41.0,159048
2026-04-09,1.41.1,98416
2026-04-09,1.41.2,133905
2026-04-09,1.41.3,121959
2026-04-09,1.41.4,98485
2026-04-09,1.41.5,413573
2026-04-09,1.42.0,247364
2026-04-09,1.42.1,240950
2026-04-09,1.42.10,233762
2026-04-09,1.42.11,228573
2026-04-09,1.42.12,236476
2026-04-09,1.42.13,227114
2026-04-09,1.42.14,263722
2026-04-09,1.42.15,229122
2026-04-09,1.42.16,246377
2026-04-09,1.42.17,243732
2026-04-09,1.42.18,302464
2026-04-09,1.42.19,247508
2026-04-09,1.42.2,256484
2026-04-09,1.42.20,222335
2026-04-09,1.42.21,238105
2026-04-09,1.42.22,336370
2026-04-09,1.42.23,280927
2026-04-09,1.42.24,287685
2026-04-09,1.42.25,285412
2026-04-09,1.42.26,293764
2026-04-09,1.42.27,283173
2026-04-09,1.42.28,341901
2026-04-09,1.42.29,283006
2026-04-09,1.42.3,237664
2026-04-09,1.42.30,326456
2026-04-09,1.42.31,284934
2026-04-09,1.42.32,280073
2026-04-09,1.42.33,277605
2026-04-09,1.42.34,292583
2026-04-09,1.42.35,296801
2026-04-09,1.42.36,279701
2026-04-09,1.42.37,308338
2026-04-09,1.42.38,281860
2026-04-09,1.42.39,308220
2026-04-09,1.42.4,233821
2026-04-09,1.42.40,287424
2026-04-09,1.42.41,286727
2026-04-09,1.42.42,291009
2026-04-09,1.42.43,299931
2026-04-09,1.42.44,293270
2026-04-09,1.42.45,284960
2026-04-09,1.42.46,288914
2026-04-09,1.42.47,341514
2026-04-09,1.42.48,322737
2026-04-09,1.42.49,318002
2026-04-09,1.42.5,251057
2026-04-09,1.42.50,301488
2026-04-09,1.42.51,287640
2026-04-09,1.42.52,289824
2026-04-09,1.42.53,290016
2026-04-09,1.42.54,297868
2026-04-09,1.42.55,304306
2026-04-09,1.42.56,296660
2026-04-09,1.42.57,289479
2026-04-09,1.42.58,295598
2026-04-09,1.42.59,347841
2026-04-09,1.42.6,228149
2026-04-09,1.42.60,302495
2026-04-09,1.42.61,317126
2026-04-09,1.42.62,300137
2026-04-09,1.42.63,306625
2026-04-09,1.42.64,296837
2026-04-09,1.42.65,306586
2026-04-09,1.42.66,303692
2026-04-09,1.42.67,298871
2026-04-09,1.42.68,361745
2026-04-09,1.42.69,305477
2026-04-09,1.42.7,234308
2026-04-09,1.42.70,421617
2026-04-09,1.42.71,300932
2026-04-09,1.42.72,299503
2026-04-09,1.42.73,329395
2026-04-09,1.42.74,375328
2026-04-09,1.42.75,315787
2026-04-09,1.42.76,321943
2026-04-09,1.42.77,310080
2026-04-09,1.42.78,352539
2026-04-09,1.42.79,315957
2026-04-09,1.42.8,230021
2026-04-09,1.42.80,350251
2026-04-09,1.42.81,344423
2026-04-09,1.42.82,322693
2026-04-09,1.42.83,373564
2026-04-09,1.42.84,574646
2026-04-09,1.42.85,936682
2026-04-09,1.42.86,8206279
2026-04-09,1.42.87,1885228
2026-04-09,1.42.9,232159
2026-04-09,~other,40838632
2026-04-10,1.40.65,106266
2026-04-10,1.40.66,113089
2026-04-10,1.40.67,106183
2026-04-10,1.40.68,105671
2026-04-10,1.40.69,117483
2026-04-10,1.40.70,117990
2026-04-10,1.40.71,109986
2026-04-10,1.40.72,106801
2026-04-10,1.40.73,120423
2026-04-10,1.40.74,109415
2026-04-10,1.40.75,118497
2026-04-10,1.40.76,250148
2026-04-10,1.41.0,177440
2026-04-10,1.41.1,116905
2026-04-10,1.41.2,132805
2026-04-10,1.41.3,139621
2026-04-10,1.41.4,118744
2026-04-10,1.41.5,442687
2026-04-10,1.42.0,278741
2026-04-10,1.42.1,273264
2026-04-10,1.42.10,262220
2026-04-10,1.42.11,259500
2026-04-10,1.42.12,266727
2026-04-10,1.42.13,258136
2026-04-10,1.42.14,291923
2026-04-10,1.42.15,256903
2026-04-10,1.42.16,272763
2026-04-10,1.42.17,271488
2026-04-10,1.42.18,430246
2026-04-10,1.42.19,275655
2026-04-10,1.42.2,289122
2026-04-10,1.42.20,253348
2026-04-10,1.42.21,266295
2026-04-10,1.42.22,358169
2026-04-10,1.42.23,312450
2026-04-10,1.42.24,317039
2026-04-10,1.42.25,313464
2026-04-10,1.42.26,318631
2026-04-10,1.42.27,314778
2026-04-10,1.42.28,361449
2026-04-10,1.42.29,310527
2026-04-10,1.42.3,276231
2026-04-10,1.42.30,338607
2026-04-10,1.42.31,315245
2026-04-10,1.42.32,310371
2026-04-10,1.42.33,308607
2026-04-10,1.42.34,317069
2026-04-10,1.42.35,325389
2026-04-10,1.42.36,311440
2026-04-10,1.42.37,331322
2026-04-10,1.42.38,311816
2026-04-10,1.42.39,337041
2026-04-10,1.42.4,264297
2026-04-10,1.42.40,315922
2026-04-10,1.42.41,316536
2026-04-10,1.42.42,320157
2026-04-10,1.42.43,323684
2026-04-10,1.42.44,323231
2026-04-10,1.42.45,314724
2026-04-10,1.42.46,315326
2026-04-10,1.42.47,370566
2026-04-10,1.42.48,349287
2026-04-10,1.42.49,341652
2026-04-10,1.42.5,277657
2026-04-10,1.42.50,335663
2026-04-10,1.42.51,317111
2026-04-10,1.42.52,317254
2026-04-10,1.42.53,317095
2026-04-10,1.42.54,325080
2026-04-10,1.42.55,327398
2026-04-10,1.42.56,329943
2026-04-10,1.42.57,318791
2026-04-10,1.42.58,327153
2026-04-10,1.42.59,371577
2026-04-10,1.42.6,257987
2026-04-10,1.42.60,324216
2026-04-10,1.42.61,341736
2026-04-10,1.42.62,328174
2026-04-10,1.42.63,330591
2026-04-10,1.42.64,324907
2026-04-10,1.42.65,333665
2026-04-10,1.42.66,330408
2026-04-10,1.42.67,326610
2026-04-10,1.42.68,384712
2026-04-10,1.42.69,333302
2026-04-10,1.42.7,263371
2026-04-10,1.42.70,436483
2026-04-10,1.42.71,329522
2026-04-10,1.42.72,327235
2026-04-10,1.42.73,349389
2026-04-10,1.42.74,390750
2026-04-10,1.42.75,342361
2026-04-10,1.42.76,337800
2026-04-10,1.42.77,338507
2026-04-10,1.42.78,376809
2026-04-10,1.42.79,341740
2026-04-10,1.42.8,260419
2026-04-10,1.42.80,374685
2026-04-10,1.42.81,369296
2026-04-10,1.42.82,368929
2026-04-10,1.42.83,392920
2026-04-10,1.42.84,728075
2026-04-10,1.42.85,536379
2026-04-10,1.42.86,548553
2026-04-10,1.42.87,8502865
2026-04-10,1.42.88,1723487
2026-04-10,1.42.9,262078
2026-04-10,~other,50249636
2026-04-11,1.40.65,60190
2026-04-11,1.40.66,63437
2026-04-11,1.40.67,59531
2026-04-11,1.40.68,59283
2026-04-11,1.40.69,63967
2026-04-11,1.40.70,62730
2026-04-11,1.40.71,62440
2026-04-11,1.40.72,59880
2026-04-11,1.40.73,62800
2026-04-11,1.40.74,60569
2026-04-11,1.40.75,68557
2026-04-11,1.40.76,124203
2026-04-11,1.41.0,127661
2026-04-11,1.41.1,66858
2026-04-11,1.41.2,75655
2026-04-11,1.41.3,74673
2026-04-11,1.41.4,70387
2026-04-11,1.41.5,246499
2026-04-11,1.42.0,172535
2026-04-11,1.42.1,171044
2026-04-11,1.42.10,162232
2026-04-11,1.42.11,159672
2026-04-11,1.42.12,160340
2026-04-11,1.42.13,160224
2026-04-11,1.42.14,189568
2026-04-11,1.42.15,159240
2026-04-11,1.42.16,174857
2026-04-11,1.42.17,162694
2026-04-11,1.42.18,300348
2026-04-11,1.42.19,168034
2026-04-11,1.42.2,170781
2026-04-11,1.42.20,158426
2026-04-11,1.42.21,166429
2026-04-11,1.42.22,221500
2026-04-11,1.42.23,214945
2026-04-11,1.42.24,214357
2026-04-11,1.42.25,211367
2026-04-11,1.42.26,214582
2026-04-11,1.42.27,214853
2026-04-11,1.42.28,222651
2026-04-11,1.42.29,209355
2026-04-11,1.42.3,170744
2026-04-11,1.42.30,223137
2026-04-11,1.42.31,214299
2026-04-11,1.42.32,210662
2026-04-11,1.42.33,210770
2026-04-11,1.42.34,212304
2026-04-11,1.42.35,220024
2026-04-11,1.42.36,211605
2026-04-11,1.42.37,228473
2026-04-11,1.42.38,209078
2026-04-11,1.42.39,220960
2026-04-11,1.42.4,162861
2026-04-11,1.42.40,212417
2026-04-11,1.42.41,218023
2026-04-11,1.42.42,213998
2026-04-11,1.42.43,217308
2026-04-11,1.42.44,215929
2026-04-11,1.42.45,213021
2026-04-11,1.42.46,212852
2026-04-11,1.42.47,232429
2026-04-11,1.42.48,232580
2026-04-11,1.42.49,224855
2026-04-11,1.42.5,164616
2026-04-11,1.42.50,215674
2026-04-11,1.42.51,213126
2026-04-11,1.42.52,212347
2026-04-11,1.42.53,215646
2026-04-11,1.42.54,218078
2026-04-11,1.42.55,216855
2026-04-11,1.42.56,213822
2026-04-11,1.42.57,219840
2026-04-11,1.42.58,215977
2026-04-11,1.42.59,235836
2026-04-11,1.42.6,159332
2026-04-11,1.42.60,213444
2026-04-11,1.42.61,219825
2026-04-11,1.42.62,222347
2026-04-11,1.42.63,215015
2026-04-11,1.42.64,214397
2026-04-11,1.42.65,221849
2026-04-11,1.42.66,224953
2026-04-11,1.42.67,214804
2026-04-11,1.42.68,245675
2026-04-11,1.42.69,219240
2026-04-11,1.42.7,163071
2026-04-11,1.42.70,273480
2026-04-11,1.42.71,217630
2026-04-11,1.42.72,215122
2026-04-11,1.42.73,231470
2026-04-11,1.42.74,230889
2026-04-11,1.42.75,223297
2026-04-11,1.42.76,223445
2026-04-11,1.42.77,219227
2026-04-11,1.42.78,242848
2026-04-11,1.42.79,218181
2026-04-11,1.42.8,160979
2026-04-11,1.42.80,252496
2026-04-11,1.42.81,238845
2026-04-11,1.42.82,245714
2026-04-11,1.42.83,259552
2026-04-11,1.42.84,598023
2026-04-11,1.42.85,403151
2026-04-11,1.42.86,386462
2026-04-11,1.42.87,411476
2026-04-11,1.42.88,6646499
2026-04-11,1.42.9,164774
2026-04-11,~other,37896685
2026-04-12,1.40.65,59795
2026-04-12,1.40.66,63353
2026-04-12,1.40.67,58961
2026-04-12,1.40.68,58821
2026-04-12,1.40.69,64901
2026-04-12,1.40.70,61025
2026-04-12,1.40.71,61582
2026-04-12,1.40.72,59166
2026-04-12,1.40.73,61459
2026-04-12,1.40.74,59910
2026-04-12,1.40.75,67121
2026-04-12,1.40.76,125395
2026-04-12,1.41.0,126118
2026-04-12,1.41.1,65372
2026-04-12,1.41.2,77128
2026-04-12,1.41.3,74684
2026-04-12,1.41.4,68587
2026-04-12,1.41.5,236354
2026-04-12,1.42.0,160903
2026-04-12,1.42.1,159755
2026-04-12,1.42.10,149523
2026-04-12,1.42.11,146386
2026-04-12,1.42.12,147192
2026-04-12,1.42.13,147549
2026-04-12,1.42.14,174790
2026-04-12,1.42.15,146969
2026-04-12,1.42.16,155903
2026-04-12,1.42.17,149194
2026-04-12,1.42.18,276691
2026-04-12,1.42.19,154465
2026-04-12,1.42.2,156840
2026-04-12,1.42.20,145622
2026-04-12,1.42.21,154882
2026-04-12,1.42.22,204175
2026-04-12,1.42.23,202779
2026-04-12,1.42.24,200769
2026-04-12,1.42.25,200042
2026-04-12,1.42.26,202748
2026-04-12,1.42.27,202819
2026-04-12,1.42.28,205861
2026-04-12,1.42.29,196683
2026-04-12,1.42.3,157099
2026-04-12,1.42.30,220173
2026-04-12,1.42.31,201605
2026-04-12,1.42.32,199432
2026-04-12,1.42.33,199519
2026-04-12,1.42.34,203474
2026-04-12,1.42.35,207324
2026-04-12,1.42.36,200103
2026-04-12,1.42.37,219279
2026-04-12,1.42.38,196346
2026-04-12,1.42.39,212741
2026-04-12,1.42.4,150075
2026-04-12,1.42.40,200162
2026-04-12,1.42.41,203843
2026-04-12,1.42.42,201815
2026-04-12,1.42.43,204008
2026-04-12,1.42.44,204268
2026-04-12,1.42.45,201177
2026-04-12,1.42.46,200909
2026-04-12,1.42.47,223750
2026-04-12,1.42.48,221580
2026-04-12,1.42.49,211939
2026-04-12,1.42.5,152419
2026-04-12,1.42.50,204287
2026-04-12,1.42.51,201589
2026-04-12,1.42.52,206400
2026-04-12,1.42.53,202432
2026-04-12,1.42.54,205817
2026-04-12,1.42.55,204837
2026-04-12,1.42.56,201123
2026-04-12,1.42.57,204316
2026-04-12,1.42.58,203864
2026-04-12,1.42.59,223088
2026-04-12,1.42.6,146897
2026-04-12,1.42.60,202597
2026-04-12,1.42.61,209478
2026-04-12,1.42.62,210018
2026-04-12,1.42.63,204123
2026-04-12,1.42.64,201781
2026-04-12,1.42.65,209082
2026-04-12,1.42.66,211111
2026-04-12,1.42.67,201546
2026-04-12,1.42.68,232515
2026-04-12,1.42.69,207332
2026-04-12,1.42.7,150405
2026-04-12,1.42.70,262083
2026-04-12,1.42.71,204766
2026-04-12,1.42.72,202703
2026-04-12,1.42.73,220099
2026-04-12,1.42.74,215792
2026-04-12,1.42.75,210622
2026-04-12,1.42.76,208249
2026-04-12,1.42.77,205816
2026-04-12,1.42.78,233511
2026-04-12,1.42.79,204926
2026-04-12,1.42.8,147913
2026-04-12,1.42.80,232095
2026-04-12,1.42.81,226189
2026-04-12,1.42.82,227925
2026-04-12,1.42.83,245168
2026-04-12,1.42.84,668692
2026-04-12,1.42.85,456418
2026-04-12,1.42.86,415928
2026-04-12,1.42.87,432718
2026-04-12,1.42.88,6432231
2026-04-12,1.42.9,150795
2026-04-12,~other,36712026
2026-04-15,1.40.65,109366
2026-04-15,1.40.66,110753
2026-04-15,1.40.67,110001
2026-04-15,1.40.68,108539
2026-04-15,1.40.69,118069
2026-04-15,1.40.70,124240
2026-04-15,1.40.71,111706
2026-04-15,1.40.72,109475
2026-04-15,1.40.73,124137
2026-04-15,1.40.74,112935
2026-04-15,1.40.75,124645
2026-04-15,1.40.76,258143
2026-04-15,1.41.0,180964
2026-04-15,1.41.1,115127
2026-04-15,1.41.2,166713
2026-04-15,1.41.3,143723
2026-04-15,1.41.4,115721
2026-04-15,1.41.5,398285
2026-04-15,1.42.0,232732
2026-04-15,1.42.1,232205
2026-04-15,1.42.10,215858
2026-04-15,1.42.11,211978
2026-04-15,1.42.12,217319
2026-04-15,1.42.13,209502
2026-04-15,1.42.14,243464
2026-04-15,1.42.15,211541
2026-04-15,1.42.16,231835
2026-04-15,1.42.17,221489
2026-04-15,1.42.18,310499
2026-04-15,1.42.19,231094
2026-04-15,1.42.2,242238
2026-04-15,1.42.20,205764
2026-04-15,1.42.21,226092
2026-04-15,1.42.22,332011
2026-04-15,1.42.23,273233
2026-04-15,1.42.24,280083
2026-04-15,1.42.25,278507
2026-04-15,1.42.26,282527
2026-04-15,1.42.27,274408
2026-04-15,1.42.28,331063
2026-04-15,1.42.29,270768
2026-04-15,1.42.3,222635
2026-04-15,1.42.30,361261
2026-04-15,1.42.31,275205
2026-04-15,1.42.32,270521
2026-04-15,1.42.33,269716
2026-04-15,1.42.34,283386
2026-04-15,1.42.35,289962
2026-04-15,1.42.36,274741
2026-04-15,1.42.37,311397
2026-04-15,1.42.38,272383
2026-04-15,1.42.39,304988
2026-04-15,1.42.4,218073
2026-04-15,1.42.40,278324
2026-04-15,1.42.41,281175
2026-04-15,1.42.42,283937
2026-04-15,1.42.43,290086
2026-04-15,1.42.44,283574
2026-04-15,1.42.45,277511
2026-04-15,1.42.46,282767
2026-04-15,1.42.47,292919
2026-04-15,1.42.48,310292
2026-04-15,1.42.49,302872
2026-04-15,1.42.5,226823
2026-04-15,1.42.50,293087
2026-04-15,1.42.51,277764
2026-04-15,1.42.52,286066
2026-04-15,1.42.53,279083
2026-04-15,1.42.54,286559
2026-04-15,1.42.55,290145
2026-04-15,1.42.56,287406
2026-04-15,1.42.57,279982
2026-04-15,1.42.58,283919
2026-04-15,1.42.59,413644
2026-04-15,1.42.6,211646
2026-04-15,1.42.60,288934
2026-04-15,1.42.61,298398
2026-04-15,1.42.62,290308
2026-04-15,1.42.63,282515
2026-04-15,1.42.64,278119
2026-04-15,1.42.65,291939
2026-04-15,1.42.66,287708
2026-04-15,1.42.67,281304
2026-04-15,1.42.68,347222
2026-04-15,1.42.69,288072
2026-04-15,1.42.7,216465
2026-04-15,1.42.70,422800
2026-04-15,1.42.71,288685
2026-04-15,1.42.72,280035
2026-04-15,1.42.73,316702
2026-04-15,1.42.74,362560
2026-04-15,1.42.75,298624
2026-04-15,1.42.76,290218
2026-04-15,1.42.77,289012
2026-04-15,1.42.78,329335
2026-04-15,1.42.79,296700
2026-04-15,1.42.8,214068
2026-04-15,1.42.80,459894
2026-04-15,1.42.81,443232
2026-04-15,1.42.82,435752
2026-04-15,1.42.83,473086
2026-04-15,1.42.84,803111
2026-04-15,1.42.85,781692
2026-04-15,1.42.86,514556
2026-04-15,1.42.87,518575
2026-04-15,1.42.88,597812
2026-04-15,1.42.89,10200529
2026-04-15,1.42.9,217741
2026-04-15,~other,59188432
2026-04-16,1.40.65,108747
2026-04-16,1.40.66,113196
2026-04-16,1.40.67,108794
2026-04-16,1.40.68,108480
2026-04-16,1.40.69,117157
2026-04-16,1.40.70,120820
2026-04-16,1.40.71,110445
2026-04-16,1.40.72,109006
2026-04-16,1.40.73,124758
2026-04-16,1.40.74,113177
2026-04-16,1.40.75,119402
2026-04-16,1.40.76,255945
2026-04-16,1.41.0,180441
2026-04-16,1.41.1,118047
2026-04-16,1.41.2,132908
2026-04-16,1.41.3,140199
2026-04-16,1.41.4,117600
2026-04-16,1.41.5,404040
2026-04-16,1.42.0,233724
2026-04-16,1.42.1,243535
2026-04-16,1.42.10,218142
2026-04-16,1.42.11,215281
2026-04-16,1.42.12,220813
2026-04-16,1.42.13,211690
2026-04-16,1.42.14,240388
2026-04-16,1.42.15,214978
2026-04-16,1.42.16,240008
2026-04-16,1.42.17,223829
2026-04-16,1.42.18,347646
2026-04-16,1.42.19,233261
2026-04-16,1.42.2,252159
2026-04-16,1.42.20,207675
2026-04-16,1.42.21,226514
2026-04-16,1.42.22,329852
2026-04-16,1.42.23,274846
2026-04-16,1.42.24,281509
2026-04-16,1.42.25,283317
2026-04-16,1.42.26,285128
2026-04-16,1.42.27,275940
2026-04-16,1.42.28,331061
2026-04-16,1.42.29,271079
2026-04-16,1.42.3,224186
2026-04-16,1.42.30,370140
2026-04-16,1.42.31,278479
2026-04-16,1.42.32,273188
2026-04-16,1.42.33,271899
2026-04-16,1.42.34,283614
2026-04-16,1.42.35,293740
2026-04-16,1.42.36,273943
2026-04-16,1.42.37,296079
2026-04-16,1.42.38,273699
2026-04-16,1.42.39,305265
2026-04-16,1.42.4,221381
2026-04-16,1.42.40,283029
2026-04-16,1.42.41,283175
2026-04-16,1.42.42,286190
2026-04-16,1.42.43,293869
2026-04-16,1.42.44,283065
2026-04-16,1.42.45,279205
2026-04-16,1.42.46,279172
2026-04-16,1.42.47,287606
2026-04-16,1.42.48,314349
2026-04-16,1.42.49,302582
2026-04-16,1.42.5,228111
2026-04-16,1.42.50,289398
2026-04-16,1.42.51,279190
2026-04-16,1.42.52,277176
2026-04-16,1.42.53,281109
2026-04-16,1.42.54,287574
2026-04-16,1.42.55,294530
2026-04-16,1.42.56,287792
2026-04-16,1.42.57,282115
2026-04-16,1.42.58,285842
2026-04-16,1.42.59,382677
2026-04-16,1.42.6,211980
2026-04-16,1.42.60,289107
2026-04-16,1.42.61,301476
2026-04-16,1.42.62,290933
2026-04-16,1.42.63,302596
2026-04-16,1.42.64,282485
2026-04-16,1.42.65,295792
2026-04-16,1.42.66,290900
2026-04-16,1.42.67,281119
2026-04-16,1.42.68,354369
2026-04-16,1.42.69,288204
2026-04-16,1.42.7,218737
2026-04-16,1.42.70,397830
2026-04-16,1.42.71,293032
2026-04-16,1.42.72,284414
2026-04-16,1.42.73,316012
2026-04-16,1.42.74,356772
2026-04-16,1.42.75,299858
2026-04-16,1.42.76,291047
2026-04-16,1.42.77,291174
2026-04-16,1.42.78,322900
2026-04-16,1.42.79,298282
2026-04-16,1.42.8,215530
2026-04-16,1.42.80,382773
2026-04-16,1.42.81,401191
2026-04-16,1.42.82,383455
2026-04-16,1.42.83,405516
2026-04-16,1.42.84,656941
2026-04-16,1.42.85,775806
2026-04-16,1.42.86,463539
2026-04-16,1.42.87,449129
2026-04-16,1.42.88,522884
2026-04-16,1.42.89,9415320
2026-04-16,1.42.9,215894
2026-04-16,1.42.90,1770671
2026-04-16,~other,57162338
2026-04-17,1.40.65,114552
2026-04-17,1.40.66,119474
2026-04-17,1.40.67,114707
2026-04-17,1.40.68,114025
2026-04-17,1.40.69,120670
2026-04-17,1.40.70,125060
2026-04-17,1.40.71,116480
2026-04-17,1.40.72,115269
2026-04-17,1.40.73,131301
2026-04-17,1.40.74,117937
2026-04-17,1.40.75,123664
2026-04-17,1.40.76,252623
2026-04-17,1.41.0,188134
2026-04-17,1.41.1,122627
2026-04-17,1.41.2,133367
2026-04-17,1.41.3,142609
2026-04-17,1.41.4,122777
2026-04-17,1.41.5,388682
2026-04-17,1.42.0,228956
2026-04-17,1.42.1,236176
2026-04-17,1.42.10,217073
2026-04-17,1.42.11,215945
2026-04-17,1.42.12,217733
2026-04-17,1.42.13,210799
2026-04-17,1.42.14,240259
2026-04-17,1.42.15,212505
2026-04-17,1.42.16,238692
2026-04-17,1.42.17,224194
2026-04-17,1.42.18,338866
2026-04-17,1.42.19,229296
2026-04-17,1.42.2,257564
2026-04-17,1.42.20,207481
2026-04-17,1.42.21,222336
2026-04-17,1.42.22,322248
2026-04-17,1.42.23,275679
2026-04-17,1.42.24,280481
2026-04-17,1.42.25,282490
2026-04-17,1.42.26,286039
2026-04-17,1.42.27,275421
2026-04-17,1.42.28,322821
2026-04-17,1.42.29,272005
2026-04-17,1.42.3,222231
2026-04-17,1.42.30,323121
2026-04-17,1.42.31,278013
2026-04-17,1.42.32,274576
2026-04-17,1.42.33,272555
2026-04-17,1.42.34,278991
2026-04-17,1.42.35,293710
2026-04-17,1.42.36,276096
2026-04-17,1.42.37,292103
2026-04-17,1.42.38,273403
2026-04-17,1.42.39,298341
2026-04-17,1.42.4,220397
2026-04-17,1.42.40,281216
2026-04-17,1.42.41,281950
2026-04-17,1.42.42,283720
2026-04-17,1.42.43,294414
2026-04-17,1.42.44,284489
2026-04-17,1.42.45,279826
2026-04-17,1.42.46,280354
2026-04-17,1.42.47,293448
2026-04-17,1.42.48,307150
2026-04-17,1.42.49,300455
2026-04-17,1.42.5,226075
2026-04-17,1.42.50,287565
2026-04-17,1.42.51,277560
2026-04-17,1.42.52,275741
2026-04-17,1.42.53,280498
2026-04-17,1.42.54,287431
2026-04-17,1.42.55,296762
2026-04-17,1.42.56,285093
2026-04-17,1.42.57,281749
2026-04-17,1.42.58,283271
2026-04-17,1.42.59,347863
2026-04-17,1.42.6,212970
2026-04-17,1.42.60,293728
2026-04-17,1.42.61,297329
2026-04-17,1.42.62,289546
2026-04-17,1.42.63,293808
2026-04-17,1.42.64,281293
2026-04-17,1.42.65,293990
2026-04-17,1.42.66,289210
2026-04-17,1.42.67,281387
2026-04-17,1.42.68,347382
2026-04-17,1.42.69,288091
2026-04-17,1.42.7,217552
2026-04-17,1.42.70,381382
2026-04-17,1.42.71,285363
2026-04-17,1.42.72,285115
2026-04-17,1.42.73,312362
2026-04-17,1.42.74,344143
2026-04-17,1.42.75,296185
2026-04-17,1.42.76,288571
2026-04-17,1.42.77,290754
2026-04-17,1.42.78,316242
2026-04-17,1.42.79,298860
2026-04-17,1.42.8,213731
2026-04-17,1.42.80,305152
2026-04-17,1.42.81,392684
2026-04-17,1.42.82,412191
2026-04-17,1.42.83,426387
2026-04-17,1.42.84,739265
2026-04-17,1.42.85,645863
2026-04-17,1.42.86,472651
2026-04-17,1.42.87,493898
2026-04-17,1.42.88,523015
2026-04-17,1.42.89,616642
2026-04-17,1.42.9,215223
2026-04-17,1.42.90,8134120
2026-04-17,1.42.91,1903310
2026-04-17,~other,55659705
2026-04-18,1.40.65,93519
2026-04-18,1.40.66,99584
2026-04-18,1.40.67,93128
2026-04-18,1.40.68,92805
2026-04-18,1.40.69,96923
2026-04-18,1.40.70,95753
2026-04-18,1.40.71,95469
2026-04-18,1.40.72,93784
2026-04-18,1.40.73,96299
2026-04-18,1.40.74,93843
2026-04-18,1.40.75,100388
2026-04-18,1.40.76,178548
2026-04-18,1.41.0,161096
2026-04-18,1.41.1,98512
2026-04-18,1.41.2,180985
2026-04-18,1.41.3,110724
2026-04-18,1.41.4,99082
2026-04-18,1.41.5,267347
2026-04-18,1.42.0,189066
2026-04-18,1.42.1,192171
2026-04-18,1.42.10,181474
2026-04-18,1.42.11,178741
2026-04-18,1.42.12,179283
2026-04-18,1.42.13,178192
2026-04-18,1.42.14,201952
2026-04-18,1.42.15,178579
2026-04-18,1.42.16,208390
2026-04-18,1.42.17,179231
2026-04-18,1.42.18,224729
2026-04-18,1.42.19,185858
2026-04-18,1.42.2,187352
2026-04-18,1.42.20,177152
2026-04-18,1.42.21,186218
2026-04-18,1.42.22,248328
2026-04-18,1.42.23,239960
2026-04-18,1.42.24,237160
2026-04-18,1.42.25,236687
2026-04-18,1.42.26,242141
2026-04-18,1.42.27,238922
2026-04-18,1.42.28,249152
2026-04-18,1.42.29,234176
2026-04-18,1.42.3,187418
2026-04-18,1.42.30,285722
2026-04-18,1.42.31,238821
2026-04-18,1.42.32,236692
2026-04-18,1.42.33,236542
2026-04-18,1.42.34,236652
2026-04-18,1.42.35,243738
2026-04-18,1.42.36,237288
2026-04-18,1.42.37,249231
2026-04-18,1.42.38,233202
2026-04-18,1.42.39,250947
2026-04-18,1.42.4,181653
2026-04-18,1.42.40,237055
2026-04-18,1.42.41,239773
2026-04-18,1.42.42,238512
2026-04-18,1.42.43,246818
2026-04-18,1.42.44,238848
2026-04-18,1.42.45,238435
2026-04-18,1.42.46,241360
2026-04-18,1.42.47,250645
2026-04-18,1.42.48,252100
2026-04-18,1.42.49,248775
2026-04-18,1.42.5,181572
2026-04-18,1.42.50,240024
2026-04-18,1.42.51,239107
2026-04-18,1.42.52,235990
2026-04-18,1.42.53,243129
2026-04-18,1.42.54,243093
2026-04-18,1.42.55,244209
2026-04-18,1.42.56,238985
2026-04-18,1.42.57,241359
2026-04-18,1.42.58,242647
2026-04-18,1.42.59,275601
2026-04-18,1.42.6,179073
2026-04-18,1.42.60,238545
2026-04-18,1.42.61,243041
2026-04-18,1.42.62,246961
2026-04-18,1.42.63,251702
2026-04-18,1.42.64,237831
2026-04-18,1.42.65,245769
2026-04-18,1.42.66,248287
2026-04-18,1.42.67,238192
2026-04-18,1.42.68,277648
2026-04-18,1.42.69,242844
2026-04-18,1.42.7,183004
2026-04-18,1.42.70,290736
2026-04-18,1.42.71,238184
2026-04-18,1.42.72,242072
2026-04-18,1.42.73,252393
2026-04-18,1.42.74,256657
2026-04-18,1.42.75,248156
2026-04-18,1.42.76,242552
2026-04-18,1.42.77,243419
2026-04-18,1.42.78,254051
2026-04-18,1.42.79,242416
2026-04-18,1.42.8,180677
2026-04-18,1.42.80,250377
2026-04-18,1.42.81,257076
2026-04-18,1.42.82,433316
2026-04-18,1.42.83,451693
2026-04-18,1.42.84,720442
2026-04-18,1.42.85,491761
2026-04-18,1.42.86,478490
2026-04-18,1.42.87,482037
2026-04-18,1.42.88,502253
2026-04-18,1.42.89,531728
2026-04-18,1.42.9,179947
2026-04-18,1.42.90,473065
2026-04-18,1.42.91,7014204
2026-04-18,~other,48440266
2026-04-19,1.40.65,86219
2026-04-19,1.40.66,92598
2026-04-19,1.40.67,85370
2026-04-19,1.40.68,85801
2026-04-19,1.40.69,98562
2026-04-19,1.40.70,89502
2026-04-19,1.40.71,87551
2026-04-19,1.40.72,86664
2026-04-19,1.40.73,88072
2026-04-19,1.40.74,87381
2026-04-19,1.40.75,93704
2026-04-19,1.40.76,175118
2026-04-19,1.41.0,155793
2026-04-19,1.41.1,91050
2026-04-19,1.41.2,124379
2026-04-19,1.41.3,102010
2026-04-19,1.41.4,93160
2026-04-19,1.41.5,243937
2026-04-19,1.42.0,178666
2026-04-19,1.42.1,180983
2026-04-19,1.42.10,171045
2026-04-19,1.42.11,167386
2026-04-19,1.42.12,167842
2026-04-19,1.42.13,168009
2026-04-19,1.42.14,192674
2026-04-19,1.42.15,167796
2026-04-19,1.42.16,197039
2026-04-19,1.42.17,168890
2026-04-19,1.42.18,193179
2026-04-19,1.42.19,174366
2026-04-19,1.42.2,176379
2026-04-19,1.42.20,166502
2026-04-19,1.42.21,176442
2026-04-19,1.42.22,234411
2026-04-19,1.42.23,231480
2026-04-19,1.42.24,227900
2026-04-19,1.42.25,228213
2026-04-19,1.42.26,232350
2026-04-19,1.42.27,230619
2026-04-19,1.42.28,235270
2026-04-19,1.42.29,224842
2026-04-19,1.42.3,176121
2026-04-19,1.42.30,292579
2026-04-19,1.42.31,230454
2026-04-19,1.42.32,227348
2026-04-19,1.42.33,227891
2026-04-19,1.42.34,231576
2026-04-19,1.42.35,235767
2026-04-19,1.42.36,228970
2026-04-19,1.42.37,239693
2026-04-19,1.42.38,224917
2026-04-19,1.42.39,245619
2026-04-19,1.42.4,170332
2026-04-19,1.42.40,229121
2026-04-19,1.42.41,231116
2026-04-19,1.42.42,230614
2026-04-19,1.42.43,241780
2026-04-19,1.42.44,231037
2026-04-19,1.42.45,230650
2026-04-19,1.42.46,233599
2026-04-19,1.42.47,235983
2026-04-19,1.42.48,244604
2026-04-19,1.42.49,241135
2026-04-19,1.42.5,169972
2026-04-19,1.42.50,232000
2026-04-19,1.42.51,231241
2026-04-19,1.42.52,228476
2026-04-19,1.42.53,238040
2026-04-19,1.42.54,235670
2026-04-19,1.42.55,236531
2026-04-19,1.42.56,230704
2026-04-19,1.42.57,233577
2026-04-19,1.42.58,234031
2026-04-19,1.42.59,258610
2026-04-19,1.42.6,168284
2026-04-19,1.42.60,231946
2026-04-19,1.42.61,236420
2026-04-19,1.42.62,238944
2026-04-19,1.42.63,242827
2026-04-19,1.42.64,231624
2026-04-19,1.42.65,236856
2026-04-19,1.42.66,240807
2026-04-19,1.42.67,231431
2026-04-19,1.42.68,272088
2026-04-19,1.42.69,240584
2026-04-19,1.42.7,171057
2026-04-19,1.42.70,280356
2026-04-19,1.42.71,232725
2026-04-19,1.42.72,234074
2026-04-19,1.42.73,245725
2026-04-19,1.42.74,243164
2026-04-19,1.42.75,243473
2026-04-19,1.42.76,234935
2026-04-19,1.42.77,235318
2026-04-19,1.42.78,244791
2026-04-19,1.42.79,236623
2026-04-19,1.42.8,189325
2026-04-19,1.42.80,255868
2026-04-19,1.42.81,248721
2026-04-19,1.42.82,404125
2026-04-19,1.42.83,435746
2026-04-19,1.42.84,687387
2026-04-19,1.42.85,464567
2026-04-19,1.42.86,453364
2026-04-19,1.42.87,456458
2026-04-19,1.42.88,480288
2026-04-19,1.42.89,509020
2026-04-19,1.42.9,168244
2026-04-19,1.42.90,436979
2026-04-19,1.42.91,6869629
2026-04-19,~other,45312196
2026-04-22,1.40.65,162925
2026-04-22,1.40.66,170994
2026-04-22,1.40.67,163301
2026-04-22,1.40.68,162779
2026-04-22,1.40.69,170428
2026-04-22,1.40.70,176318
2026-04-22,1.40.71,165220
2026-04-22,1.40.72,163065
2026-04-22,1.40.73,178064
2026-04-22,1.40.74,167536
2026-04-22,1.40.75,178441
2026-04-22,1.40.76,305588
2026-04-22,1.41.0,240185
2026-04-22,1.41.1,170329
2026-04-22,1.41.2,181165
2026-04-22,1.41.3,189712
2026-04-22,1.41.4,170851
2026-04-22,1.41.5,463026
2026-04-22,1.42.0,280046
2026-04-22,1.42.1,288126
2026-04-22,1.42.10,271236
2026-04-22,1.42.11,270381
2026-04-22,1.42.12,273640
2026-04-22,1.42.13,265209
2026-04-22,1.42.14,295476
2026-04-22,1.42.15,266582
2026-04-22,1.42.16,298344
2026-04-22,1.42.17,276782
2026-04-22,1.42.18,431467
2026-04-22,1.42.19,290736
2026-04-22,1.42.2,294366
2026-04-22,1.42.20,262057
2026-04-22,1.42.21,279308
2026-04-22,1.42.22,391474
2026-04-22,1.42.23,335717
2026-04-22,1.42.24,341457
2026-04-22,1.42.25,339183
2026-04-22,1.42.26,347281
2026-04-22,1.42.27,338825
2026-04-22,1.42.28,391569
2026-04-22,1.42.29,333370
2026-04-22,1.42.3,276966
2026-04-22,1.42.30,398934
2026-04-22,1.42.31,339585
2026-04-22,1.42.32,333591
2026-04-22,1.42.33,333835
2026-04-22,1.42.34,344532
2026-04-22,1.42.35,353371
2026-04-22,1.42.36,339362
2026-04-22,1.42.37,349807
2026-04-22,1.42.38,334007
2026-04-22,1.42.39,368763
2026-04-22,1.42.4,277511
2026-04-22,1.42.40,342604
2026-04-22,1.42.41,340561
2026-04-22,1.42.42,345954
2026-04-22,1.42.43,358288
2026-04-22,1.42.44,347021
2026-04-22,1.42.45,341082
2026-04-22,1.42.46,341579
2026-04-22,1.42.47,354675
2026-04-22,1.42.48,375148
2026-04-22,1.42.49,363256
2026-04-22,1.42.5,284659
2026-04-22,1.42.50,358819
2026-04-22,1.42.51,341962
2026-04-22,1.42.52,338320
2026-04-22,1.42.53,347790
2026-04-22,1.42.54,351275
2026-04-22,1.42.55,356559
2026-04-22,1.42.56,352971
2026-04-22,1.42.57,345609
2026-04-22,1.42.58,347964
2026-04-22,1.42.59,430405
2026-04-22,1.42.6,267416
2026-04-22,1.42.60,357794
2026-04-22,1.42.61,365024
2026-04-22,1.42.62,356744
2026-04-22,1.42.63,358569
2026-04-22,1.42.64,343589
2026-04-22,1.42.65,355621
2026-04-22,1.42.66,353993
2026-04-22,1.42.67,344937
2026-04-22,1.42.68,428094
2026-04-22,1.42.69,351532
2026-04-22,1.42.7,272256
2026-04-22,1.42.70,442524
2026-04-22,1.42.71,349051
2026-04-22,1.42.72,344457
2026-04-22,1.42.73,373107
2026-04-22,1.42.74,412866
2026-04-22,1.42.75,358729
2026-04-22,1.42.76,351827
2026-04-22,1.42.77,352328
2026-04-22,1.42.78,368685
2026-04-22,1.42.79,351200
2026-04-22,1.42.8,267872
2026-04-22,1.42.80,371067
2026-04-22,1.42.81,363106
2026-04-22,1.42.82,360426
2026-04-22,1.42.83,376275
2026-04-22,1.42.84,450107
2026-04-22,1.42.85,520634
2026-04-22,1.42.86,364329
2026-04-22,1.42.87,372065
2026-04-22,1.42.88,405491
2026-04-22,1.42.89,523886
2026-04-22,1.42.9,294873
2026-04-22,1.42.90,384930
2026-04-22,1.42.91,892904
2026-04-22,1.42.92,669513
2026-04-22,1.42.93,9528543
2026-04-22,1.42.94,1550630
2026-04-22,~other,77778081
2026-04-23,1.40.65,135037
2026-04-23,1.40.66,144002
2026-04-23,1.40.67,134695
2026-04-23,1.40.68,134167
2026-04-23,1.40.69,143548
2026-04-23,1.40.70,146939
2026-04-23,1.40.71,137331
2026-04-23,1.40.72,135486
2026-04-23,1.40.73,150019
2026-04-23,1.40.74,139493
2026-04-23,1.40.75,152012
2026-04-23,1.40.76,277635
2026-04-23,1.41.0,204886
2026-04-23,1.41.1,139300
2026-04-23,1.41.2,149896
2026-04-23,1.41.3,160025
2026-04-23,1.41.4,137343
2026-04-23,1.41.5,420865
2026-04-23,1.42.0,245727
2026-04-23,1.42.1,249626
2026-04-23,1.42.10,240583
2026-04-23,1.42.11,238673
2026-04-23,1.42.12,243853
2026-04-23,1.42.13,235018
2026-04-23,1.42.14,261769
2026-04-23,1.42.15,237324
2026-04-23,1.42.16,261830
2026-04-23,1.42.17,245701
2026-04-23,1.42.18,471682
2026-04-23,1.42.19,256004
2026-04-23,1.42.2,259081
2026-04-23,1.42.20,231504
2026-04-23,1.42.21,247464
2026-04-23,1.42.22,357834
2026-04-23,1.42.23,304842
2026-04-23,1.42.24,309320
2026-04-23,1.42.25,305163
2026-04-23,1.42.26,310900
2026-04-23,1.42.27,307033
2026-04-23,1.42.28,358730
2026-04-23,1.42.29,301286
2026-04-23,1.42.3,241546
2026-04-23,1.42.30,367700
2026-04-23,1.42.31,307261
2026-04-23,1.42.32,302183
2026-04-23,1.42.33,301236
2026-04-23,1.42.34,313622
2026-04-23,1.42.35,320890
2026-04-23,1.42.36,304806
2026-04-23,1.42.37,315313
2026-04-23,1.42.38,299808
2026-04-23,1.42.39,329879
2026-04-23,1.42.4,242980
2026-04-23,1.42.40,306859
2026-04-23,1.42.41,309270
2026-04-23,1.42.42,313348
2026-04-23,1.42.43,320780
2026-04-23,1.42.44,313458
2026-04-23,1.42.45,307901
2026-04-23,1.42.46,307958
2026-04-23,1.42.47,322316
2026-04-23,1.42.48,342278
2026-04-23,1.42.49,331920
2026-04-23,1.42.5,255162
2026-04-23,1.42.50,319181
2026-04-23,1.42.51,307178
2026-04-23,1.42.52,304314
2026-04-23,1.42.53,308082
2026-04-23,1.42.54,315815
2026-04-23,1.42.55,320577
2026-04-23,1.42.56,318910
2026-04-23,1.42.57,312114
2026-04-23,1.42.58,316114
2026-04-23,1.42.59,377459
2026-04-23,1.42.6,236831
2026-04-23,1.42.60,330135
2026-04-23,1.42.61,331944
2026-04-23,1.42.62,324183
2026-04-23,1.42.63,324393
2026-04-23,1.42.64,306828
2026-04-23,1.42.65,328369
2026-04-23,1.42.66,319994
2026-04-23,1.42.67,311084
2026-04-23,1.42.68,400358
2026-04-23,1.42.69,321501
2026-04-23,1.42.7,240966
2026-04-23,1.42.70,406317
2026-04-23,1.42.71,314664
2026-04-23,1.42.72,312629
2026-04-23,1.42.73,338704
2026-04-23,1.42.74,378338
2026-04-23,1.42.75,326128
2026-04-23,1.42.76,318562
2026-04-23,1.42.77,320225
2026-04-23,1.42.78,337376
2026-04-23,1.42.79,317924
2026-04-23,1.42.8,237518
2026-04-23,1.42.80,337218
2026-04-23,1.42.81,339269
2026-04-23,1.42.82,330270
2026-04-23,1.42.83,339147
2026-04-23,1.42.84,406734
2026-04-23,1.42.85,426871
2026-04-23,1.42.86,349358
2026-04-23,1.42.87,339856
2026-04-23,1.42.88,376511
2026-04-23,1.42.89,527713
2026-04-23,1.42.9,256342
2026-04-23,1.42.90,353888
2026-04-23,1.42.91,782717
2026-04-23,1.42.92,528795
2026-04-23,1.42.93,637388
2026-04-23,1.42.94,9760572
2026-04-23,1.42.95,1076394
2026-04-23,~other,63336577
2026-04-24,1.40.65,154464
2026-04-24,1.40.66,159789
2026-04-24,1.40.67,154283
2026-04-24,1.40.68,154543
2026-04-24,1.40.69,162400
2026-04-24,1.40.70,166214
2026-04-24,1.40.71,156656
2026-04-24,1.40.72,155210
2026-04-24,1.40.73,168890
2026-04-24,1.40.74,159030
2026-04-24,1.40.75,169954
2026-04-24,1.40.76,295768
2026-04-24,1.41.0,223318
2026-04-24,1.41.1,155163
2026-04-24,1.41.2,165706
2026-04-24,1.41.3,169067
2026-04-24,1.41.4,152888
2026-04-24,1.41.5,422147
2026-04-24,1.42.0,261711
2026-04-24,1.42.1,269780
2026-04-24,1.42.10,258904
2026-04-24,1.42.11,256966
2026-04-24,1.42.12,266848
2026-04-24,1.42.13,254546
2026-04-24,1.42.14,277049
2026-04-24,1.42.15,255170
2026-04-24,1.42.16,280669
2026-04-24,1.42.17,266562
2026-04-24,1.42.18,449500
2026-04-24,1.42.19,279845
2026-04-24,1.42.2,290369
2026-04-24,1.42.20,250731
2026-04-24,1.42.21,262344
2026-04-24,1.42.22,368247
2026-04-24,1.42.23,321952
2026-04-24,1.42.24,325003
2026-04-24,1.42.25,322486
2026-04-24,1.42.26,327889
2026-04-24,1.42.27,323885
2026-04-24,1.42.28,371488
2026-04-24,1.42.29,318217
2026-04-24,1.42.3,258698
2026-04-24,1.42.30,344796
2026-04-24,1.42.31,323280
2026-04-24,1.42.32,319212
2026-04-24,1.42.33,318725
2026-04-24,1.42.34,326620
2026-04-24,1.42.35,337729
2026-04-24,1.42.36,325864
2026-04-24,1.42.37,328766
2026-04-24,1.42.38,316286
2026-04-24,1.42.39,350479
2026-04-24,1.42.4,260407
2026-04-24,1.42.40,327005
2026-04-24,1.42.41,325141
2026-04-24,1.42.42,328237
2026-04-24,1.42.43,336822
2026-04-24,1.42.44,329644
2026-04-24,1.42.45,324177
2026-04-24,1.42.46,325947
2026-04-24,1.42.47,336247
2026-04-24,1.42.48,352931
2026-04-24,1.42.49,343864
2026-04-24,1.42.5,267426
2026-04-24,1.42.50,335190
2026-04-24,1.42.51,325588
2026-04-24,1.42.52,321638
2026-04-24,1.42.53,325607
2026-04-24,1.42.54,332437
2026-04-24,1.42.55,334341
2026-04-24,1.42.56,334096
2026-04-24,1.42.57,327523
2026-04-24,1.42.58,330374
2026-04-24,1.42.59,382196
2026-04-24,1.42.6,255646
2026-04-24,1.42.60,340262
2026-04-24,1.42.61,344480
2026-04-24,1.42.62,341257
2026-04-24,1.42.63,342202
2026-04-24,1.42.64,324148
2026-04-24,1.42.65,344220
2026-04-24,1.42.66,334778
2026-04-24,1.42.67,326265
2026-04-24,1.42.68,421287
2026-04-24,1.42.69,334758
2026-04-24,1.42.7,261114
2026-04-24,1.42.70,417994
2026-04-24,1.42.71,328487
2026-04-24,1.42.72,327592
2026-04-24,1.42.73,356478
2026-04-24,1.42.74,390010
2026-04-24,1.42.75,338436
2026-04-24,1.42.76,338747
2026-04-24,1.42.77,334377
2026-04-24,1.42.78,348292
2026-04-24,1.42.79,336195
2026-04-24,1.42.8,257152
2026-04-24,1.42.80,349149
2026-04-24,1.42.81,342041
2026-04-24,1.42.82,343032
2026-04-24,1.42.83,357356
2026-04-24,1.42.84,418356
2026-04-24,1.42.85,362473
2026-04-24,1.42.86,361449
2026-04-24,1.42.87,382646
2026-04-24,1.42.88,434079
2026-04-24,1.42.89,497808
2026-04-24,1.42.9,261432
2026-04-24,1.42.90,454782
2026-04-24,1.42.91,703377
2026-04-24,1.42.92,501984
2026-04-24,1.42.93,491442
2026-04-24,1.42.94,535301
2026-04-24,1.42.95,8784715
2026-04-24,1.42.96,1839144
2026-04-24,~other,71443827
2026-04-25,1.40.65,130474
2026-04-25,1.40.66,136999
2026-04-25,1.40.67,130023
2026-04-25,1.40.68,130482
2026-04-25,1.40.69,135712
2026-04-25,1.40.70,133269
2026-04-25,1.40.71,132422
2026-04-25,1.40.72,131245
2026-04-25,1.40.73,135378
2026-04-25,1.40.74,131257
2026-04-25,1.40.75,138016
2026-04-25,1.40.76,213223
2026-04-25,1.41.0,198602
2026-04-25,1.41.1,130186
2026-04-25,1.41.2,134667
2026-04-25,1.41.3,138360
2026-04-25,1.41.4,130336
2026-04-25,1.41.5,292658
2026-04-25,1.42.0,222174
2026-04-25,1.42.1,220769
2026-04-25,1.42.10,221987
2026-04-25,1.42.11,219008
2026-04-25,1.42.12,220517
2026-04-25,1.42.13,218715
2026-04-25,1.42.14,240202
2026-04-25,1.42.15,218542
2026-04-25,1.42.16,249707
2026-04-25,1.42.17,221006
2026-04-25,1.42.18,342281
2026-04-25,1.42.19,228930
2026-04-25,1.42.2,220237
2026-04-25,1.42.20,218096
2026-04-25,1.42.21,226411
2026-04-25,1.42.22,294638
2026-04-25,1.42.23,284890
2026-04-25,1.42.24,280108
2026-04-25,1.42.25,279437
2026-04-25,1.42.26,285106
2026-04-25,1.42.27,285418
2026-04-25,1.42.28,296621
2026-04-25,1.42.29,278391
2026-04-25,1.42.3,220624
2026-04-25,1.42.30,291640
2026-04-25,1.42.31,284325
2026-04-25,1.42.32,281336
2026-04-25,1.42.33,281172
2026-04-25,1.42.34,281543
2026-04-25,1.42.35,293017
2026-04-25,1.42.36,289580
2026-04-25,1.42.37,288075
2026-04-25,1.42.38,277776
2026-04-25,1.42.39,298815
2026-04-25,1.42.4,220960
2026-04-25,1.42.40,282589
2026-04-25,1.42.41,284351
2026-04-25,1.42.42,283342
2026-04-25,1.42.43,288252
2026-04-25,1.42.44,282712
2026-04-25,1.42.45,284952
2026-04-25,1.42.46,284610
2026-04-25,1.42.47,294229
2026-04-25,1.42.48,299109
2026-04-25,1.42.49,294342
2026-04-25,1.42.5,222005
2026-04-25,1.42.50,287009
2026-04-25,1.42.51,284906
2026-04-25,1.42.52,280878
2026-04-25,1.42.53,285115
2026-04-25,1.42.54,286493
2026-04-25,1.42.55,288286
2026-04-25,1.42.56,283517
2026-04-25,1.42.57,288343
2026-04-25,1.42.58,285846
2026-04-25,1.42.59,321218
2026-04-25,1.42.6,219049
2026-04-25,1.42.60,310345
2026-04-25,1.42.61,289550
2026-04-25,1.42.62,293260
2026-04-25,1.42.63,296634
2026-04-25,1.42.64,283861
2026-04-25,1.42.65,293000
2026-04-25,1.42.66,294633
2026-04-25,1.42.67,285117
2026-04-25,1.42.68,347961
2026-04-25,1.42.69,289014
2026-04-25,1.42.7,223451
2026-04-25,1.42.70,330136
2026-04-25,1.42.71,284606
2026-04-25,1.42.72,285044
2026-04-25,1.42.73,296186
2026-04-25,1.42.74,299555
2026-04-25,1.42.75,298231
2026-04-25,1.42.76,297412
2026-04-25,1.42.77,290350
2026-04-25,1.42.78,294394
2026-04-25,1.42.79,287807
2026-04-25,1.42.8,220863
2026-04-25,1.42.80,294197
2026-04-25,1.42.81,292615
2026-04-25,1.42.82,290432
2026-04-25,1.42.83,301199
2026-04-25,1.42.84,320723
2026-04-25,1.42.85,301556
2026-04-25,1.42.86,291422
2026-04-25,1.42.87,351033
2026-04-25,1.42.88,378483
2026-04-25,1.42.89,391957
2026-04-25,1.42.9,223201
2026-04-25,1.42.90,356741
2026-04-25,1.42.91,586784
2026-04-25,1.42.92,418256
2026-04-25,1.42.93,381530
2026-04-25,1.42.94,366559
2026-04-25,1.42.95,414006
2026-04-25,1.42.96,6911638
2026-04-25,~other,55655727
2026-04-26,1.40.65,120933
2026-04-26,1.40.66,127830
2026-04-26,1.40.67,120351
2026-04-26,1.40.68,120675
2026-04-26,1.40.69,137159
2026-04-26,1.40.70,124837
2026-04-26,1.40.71,123186
2026-04-26,1.40.72,121532
2026-04-26,1.40.73,124118
2026-04-26,1.40.74,121702
2026-04-26,1.40.75,137818
2026-04-26,1.40.76,212914
2026-04-26,1.41.0,187719
2026-04-26,1.41.1,120755
2026-04-26,1.41.2,128605
2026-04-26,1.41.3,128419
2026-04-26,1.41.4,121813
2026-04-26,1.41.5,281226
2026-04-26,1.42.0,217201
2026-04-26,1.42.1,214879
2026-04-26,1.42.10,214011
2026-04-26,1.42.11,211532
2026-04-26,1.42.12,211932
2026-04-26,1.42.13,211442
2026-04-26,1.42.14,233224
2026-04-26,1.42.15,211313
2026-04-26,1.42.16,239738
2026-04-26,1.42.17,213203
2026-04-26,1.42.18,332601
2026-04-26,1.42.19,222412
2026-04-26,1.42.2,214161
2026-04-26,1.42.20,210975
2026-04-26,1.42.21,221246
2026-04-26,1.42.22,280631
2026-04-26,1.42.23,277208
2026-04-26,1.42.24,272994
2026-04-26,1.42.25,271577
2026-04-26,1.42.26,277666
2026-04-26,1.42.27,277186
2026-04-26,1.42.28,281558
2026-04-26,1.42.29,270980
2026-04-26,1.42.3,213357
2026-04-26,1.42.30,291940
2026-04-26,1.42.31,275657
2026-04-26,1.42.32,273394
2026-04-26,1.42.33,273299
2026-04-26,1.42.34,278495
2026-04-26,1.42.35,282282
2026-04-26,1.42.36,276277
2026-04-26,1.42.37,279535
2026-04-26,1.42.38,270312
2026-04-26,1.42.39,290982
2026-04-26,1.42.4,215335
2026-04-26,1.42.40,276243
2026-04-26,1.42.41,279520
2026-04-26,1.42.42,277564
2026-04-26,1.42.43,279336
2026-04-26,1.42.44,276441
2026-04-26,1.42.45,276382
2026-04-26,1.42.46,279746
2026-04-26,1.42.47,286601
2026-04-26,1.42.48,290184
2026-04-26,1.42.49,285909
2026-04-26,1.42.5,214542
2026-04-26,1.42.50,276959
2026-04-26,1.42.51,276580
2026-04-26,1.42.52,273407
2026-04-26,1.42.53,277885
2026-04-26,1.42.54,279220
2026-04-26,1.42.55,278900
2026-04-26,1.42.56,275391
2026-04-26,1.42.57,280489
2026-04-26,1.42.58,279339
2026-04-26,1.42.59,310965
2026-04-26,1.42.6,213086
2026-04-26,1.42.60,311098
2026-04-26,1.42.61,284509
2026-04-26,1.42.62,283161
2026-04-26,1.42.63,289874
2026-04-26,1.42.64,273434
2026-04-26,1.42.65,284094
2026-04-26,1.42.66,285762
2026-04-26,1.42.67,276391
2026-04-26,1.42.68,344959
2026-04-26,1.42.69,280745
2026-04-26,1.42.7,216093
2026-04-26,1.42.70,322766
2026-04-26,1.42.71,280313
2026-04-26,1.42.72,277642
2026-04-26,1.42.73,287131
2026-04-26,1.42.74,289006
2026-04-26,1.42.75,288896
2026-04-26,1.42.76,285268
2026-04-26,1.42.77,280772
2026-04-26,1.42.78,287643
2026-04-26,1.42.79,280492
2026-04-26,1.42.8,213748
2026-04-26,1.42.80,295027
2026-04-26,1.42.81,283507
2026-04-26,1.42.82,281206
2026-04-26,1.42.83,288216
2026-04-26,1.42.84,322075
2026-04-26,1.42.85,290080
2026-04-26,1.42.86,283690
2026-04-26,1.42.87,351847
2026-04-26,1.42.88,377833
2026-04-26,1.42.89,394943
2026-04-26,1.42.9,215290
2026-04-26,1.42.90,356637
2026-04-26,1.42.91,606629
2026-04-26,1.42.92,427334
2026-04-26,1.42.93,422642
2026-04-26,1.42.94,384091
2026-04-26,1.42.95,386766
2026-04-26,1.42.96,6707334
2026-04-26,~other,55111630
2026-04-29,1.40.65,191709
2026-04-29,1.40.66,196794
2026-04-29,1.40.67,191455
2026-04-29,1.40.68,190009
2026-04-29,1.40.69,201548
2026-04-29,1.40.70,205676
2026-04-29,1.40.71,195379
2026-04-29,1.40.72,191732
2026-04-29,1.40.73,208433
2026-04-29,1.40.74,195538
2026-04-29,1.40.75,200977
2026-04-29,1.40.76,335788
2026-04-29,1.41.0,259273
2026-04-29,1.41.1,191927
2026-04-29,1.41.2,212094
2026-04-29,1.41.3,213654
2026-04-29,1.41.4,191697
2026-04-29,1.41.5,448229
2026-04-29,1.42.0,301029
2026-04-29,1.42.1,301154
2026-04-29,1.42.10,297345
2026-04-29,1.42.11,293297
2026-04-29,1.42.12,294708
2026-04-29,1.42.13,290838
2026-04-29,1.42.14,315013
2026-04-29,1.42.15,292184
2026-04-29,1.42.16,319527
2026-04-29,1.42.17,303340
2026-04-29,1.42.18,370264
2026-04-29,1.42.19,311151
2026-04-29,1.42.2,317107
2026-04-29,1.42.20,288324
2026-04-29,1.42.21,303265
2026-04-29,1.42.22,410739
2026-04-29,1.42.23,360457
2026-04-29,1.42.24,362325
2026-04-29,1.42.25,362864
2026-04-29,1.42.26,361779
2026-04-29,1.42.27,362999
2026-04-29,1.42.28,413021
2026-04-29,1.42.29,355034
2026-04-29,1.42.3,296194
2026-04-29,1.42.30,391083
2026-04-29,1.42.31,361220
2026-04-29,1.42.32,357400
2026-04-29,1.42.33,356449
2026-04-29,1.42.34,367371
2026-04-29,1.42.35,377460
2026-04-29,1.42.36,361501
2026-04-29,1.42.37,369439
2026-04-29,1.42.38,356780
2026-04-29,1.42.39,391378
2026-04-29,1.42.4,301867
2026-04-29,1.42.40,367815
2026-04-29,1.42.41,366332
2026-04-29,1.42.42,370161
2026-04-29,1.42.43,372651
2026-04-29,1.42.44,368812
2026-04-29,1.42.45,364305
2026-04-29,1.42.46,366242
2026-04-29,1.42.47,377360
2026-04-29,1.42.48,392247
2026-04-29,1.42.49,383508
2026-04-29,1.42.5,304019
2026-04-29,1.42.50,370303
2026-04-29,1.42.51,363613
2026-04-29,1.42.52,361678
2026-04-29,1.42.53,375242
2026-04-29,1.42.54,370127
2026-04-29,1.42.55,374363
2026-04-29,1.42.56,370681
2026-04-29,1.42.57,368722
2026-04-29,1.42.58,372990
2026-04-29,1.42.59,449762
2026-04-29,1.42.6,294257
2026-04-29,1.42.60,413823
2026-04-29,1.42.61,389200
2026-04-29,1.42.62,376062
2026-04-29,1.42.63,380849
2026-04-29,1.42.64,363996
2026-04-29,1.42.65,382842
2026-04-29,1.42.66,378416
2026-04-29,1.42.67,368059
2026-04-29,1.42.68,459716
2026-04-29,1.42.69,375765
2026-04-29,1.42.7,298275
2026-04-29,1.42.70,452378
2026-04-29,1.42.71,373041
2026-04-29,1.42.72,372543
2026-04-29,1.42.73,393139
2026-04-29,1.42.74,431603
2026-04-29,1.42.75,383301
2026-04-29,1.42.76,372068
2026-04-29,1.42.77,377298
2026-04-29,1.42.78,388772
2026-04-29,1.42.79,373325
2026-04-29,1.42.8,294267
2026-04-29,1.42.80,390872
2026-04-29,1.42.81,378170
2026-04-29,1.42.82,373983
2026-04-29,1.42.83,388021
2026-04-29,1.42.84,435457
2026-04-29,1.42.85,400929
2026-04-29,1.42.86,384228
2026-04-29,1.42.87,387248
2026-04-29,1.42.88,508730
2026-04-29,1.42.89,612158
2026-04-29,1.42.9,297350
2026-04-29,1.42.90,476759
2026-04-29,1.42.91,741013
2026-04-29,1.42.92,552292
2026-04-29,1.42.93,632193
2026-04-29,1.42.94,547678
2026-04-29,1.42.95,556902
2026-04-29,1.42.96,647884
2026-04-29,1.42.97,10273656
2026-04-29,1.43.0,585523
2026-04-29,~other,67211907
2026-04-30,1.40.65,164886
2026-04-30,1.40.66,169102
2026-04-30,1.40.67,163428
2026-04-30,1.40.68,162834
2026-04-30,1.40.69,173600
2026-04-30,1.40.70,176381
2026-04-30,1.40.71,167427
2026-04-30,1.40.72,164405
2026-04-30,1.40.73,176329
2026-04-30,1.40.74,168113
2026-04-30,1.40.75,174055
2026-04-30,1.40.76,316610
2026-04-30,1.41.0,236647
2026-04-30,1.41.1,166007
2026-04-30,1.41.2,176189
2026-04-30,1.41.3,192589
2026-04-30,1.41.4,166081
2026-04-30,1.41.5,421887
2026-04-30,1.42.0,270508
2026-04-30,1.42.1,271206
2026-04-30,1.42.10,262870
2026-04-30,1.42.11,258289
2026-04-30,1.42.12,261266
2026-04-30,1.42.13,256196
2026-04-30,1.42.14,283651
2026-04-30,1.42.15,257901
2026-04-30,1.42.16,289805
2026-04-30,1.42.17,271245
2026-04-30,1.42.18,316684
2026-04-30,1.42.19,276502
2026-04-30,1.42.2,287711
2026-04-30,1.42.20,253852
2026-04-30,1.42.21,269551
2026-04-30,1.42.22,382822
2026-04-30,1.42.23,327435
2026-04-30,1.42.24,327909
2026-04-30,1.42.25,328693
2026-04-30,1.42.26,331054
2026-04-30,1.42.27,329519
2026-04-30,1.42.28,385419
2026-04-30,1.42.29,321872
2026-04-30,1.42.3,263158
2026-04-30,1.42.30,353906
2026-04-30,1.42.31,329794
2026-04-30,1.42.32,323291
2026-04-30,1.42.33,323047
2026-04-30,1.42.34,333587
2026-04-30,1.42.35,352937
2026-04-30,1.42.36,327468
2026-04-30,1.42.37,333631
2026-04-30,1.42.38,322589
2026-04-30,1.42.39,353105
2026-04-30,1.42.4,263892
2026-04-30,1.42.40,331095
2026-04-30,1.42.41,331091
2026-04-30,1.42.42,334692
2026-04-30,1.42.43,343881
2026-04-30,1.42.44,333424
2026-04-30,1.42.45,330967
2026-04-30,1.42.46,331733
2026-04-30,1.42.47,341168
2026-04-30,1.42.48,355723
2026-04-30,1.42.49,350088
2026-04-30,1.42.5,270338
2026-04-30,1.42.50,347717
2026-04-30,1.42.51,330934
2026-04-30,1.42.52,327877
2026-04-30,1.42.53,334999
2026-04-30,1.42.54,336084
2026-04-30,1.42.55,342523
2026-04-30,1.42.56,340263
2026-04-30,1.42.57,333158
2026-04-30,1.42.58,336716
2026-04-30,1.42.59,392672
2026-04-30,1.42.6,258747
2026-04-30,1.42.60,369351
2026-04-30,1.42.61,354701
2026-04-30,1.42.62,340918
2026-04-30,1.42.63,345373
2026-04-30,1.42.64,330639
2026-04-30,1.42.65,347936
2026-04-30,1.42.66,343446
2026-04-30,1.42.67,334270
2026-04-30,1.42.68,430825
2026-04-30,1.42.69,342716
2026-04-30,1.42.7,263781
2026-04-30,1.42.70,422557
2026-04-30,1.42.71,338897
2026-04-30,1.42.72,339015
2026-04-30,1.42.73,364205
2026-04-30,1.42.74,401354
2026-04-30,1.42.75,347552
2026-04-30,1.42.76,337643
2026-04-30,1.42.77,343423
2026-04-30,1.42.78,358040
2026-04-30,1.42.79,345649
2026-04-30,1.42.8,260212
2026-04-30,1.42.80,362573
2026-04-30,1.42.81,350422
2026-04-30,1.42.82,343250
2026-04-30,1.42.83,356621
2026-04-30,1.42.84,404168
2026-04-30,1.42.85,357186
2026-04-30,1.42.86,349451
2026-04-30,1.42.87,358088
2026-04-30,1.42.88,418417
2026-04-30,1.42.89,577620
2026-04-30,1.42.9,262823
2026-04-30,1.42.90,462327
2026-04-30,1.42.91,752604
2026-04-30,1.42.92,537352
2026-04-30,1.42.93,538017
2026-04-30,1.42.94,620490
2026-04-30,1.42.95,576855
2026-04-30,1.42.96,594025
2026-04-30,1.42.97,2859912
2026-04-30,1.43.0,7252443
2026-04-30,1.43.1,1172248
2026-04-30,~other,64198109
