date,v,downloads
2026-03-25,~other,44848981
2026-03-26,~other,45512833
2026-03-27,~other,42400476
2026-03-28,~other,30678453
2026-03-29,~other,30982060
2026-03-30,~other,44385207
2026-03-31,~other,47709333
2026-04-01,1.42.81,2267315
2026-04-01,~other,46347625
2026-04-02,1.42.81,9623815
2026-04-02,1.42.82,2034585
2026-04-02,~other,36502457
2026-04-03,1.42.81,202619
2026-04-03,1.42.82,8812401
2026-04-03,1.42.83,1952746
2026-04-03,~other,36951362
2026-04-04,1.42.81,115399
2026-04-04,1.42.82,111496
2026-04-04,1.42.83,8820306
2026-04-04,~other,25847372
2026-04-05,1.42.81,73698
2026-04-05,1.42.82,67322
2026-04-05,1.42.83,8452745
2026-04-05,~other,23694837
2026-04-06,1.42.81,104487
2026-04-06,1.42.82,90614
2026-04-06,1.42.83,9150476
2026-04-06,1.42.84,2119095
2026-04-06,~other,28952355
2026-04-07,1.42.81,122080
2026-04-07,1.42.82,88442
2026-04-07,1.42.83,136641
2026-04-07,1.42.84,11039226
2026-04-07,1.42.85,2335365
2026-04-07,~other,32732033
2026-04-08,1.42.81,103308
2026-04-08,1.42.82,114470
2026-04-08,1.42.83,139333
2026-04-08,1.42.84,893036
2026-04-08,1.42.85,12696018
2026-04-08,~other,32305652
2026-04-09,1.42.81,158597
2026-04-09,1.42.82,152161
2026-04-09,1.42.83,191855
2026-04-09,1.42.84,721714
2026-04-09,1.42.85,750195
2026-04-09,1.42.86,10060085
2026-04-09,1.42.87,2261680
2026-04-09,~other,36555683
2026-04-10,1.42.81,145534
2026-04-10,1.42.82,154342
2026-04-10,1.42.83,178039
2026-04-10,1.42.84,820270
2026-04-10,1.42.85,175523
2026-04-10,1.42.86,218345
2026-04-10,1.42.87,10315411
2026-04-10,1.42.88,2131503
2026-04-10,~other,36057291
2026-04-11,1.42.81,91367
2026-04-11,1.42.82,92317
2026-04-11,1.42.83,107319
2026-04-11,1.42.84,648883
2026-04-11,1.42.85,103004
2026-04-11,1.42.86,94290
2026-04-11,1.42.87,108179
2026-04-11,1.42.88,8940689
2026-04-11,~other,25428501
2026-04-12,1.42.81,71535
2026-04-12,1.42.82,71859
2026-04-12,1.42.83,85095
2026-04-12,1.42.84,710140
2026-04-12,1.42.85,85306
2026-04-12,1.42.86,73635
2026-04-12,1.42.87,82257
2026-04-12,1.42.88,8717810
2026-04-12,~other,23827362
2026-04-13,1.42.81,101935
2026-04-13,1.42.82,101557
2026-04-13,1.42.83,154647
2026-04-13,1.42.84,882126
2026-04-13,1.42.85,123580
2026-04-13,1.42.86,142821
2026-04-13,1.42.87,163214
2026-04-13,1.42.88,10073352
2026-04-13,1.42.89,2424568
2026-04-13,~other,35333711
2026-04-14,1.42.81,101201
2026-04-14,1.42.82,106458
2026-04-14,1.42.83,135207
2026-04-14,1.42.84,745160
2026-04-14,1.42.85,216660
2026-04-14,1.42.86,158436
2026-04-14,1.42.87,123324
2026-04-14,1.42.88,245678
2026-04-14,1.42.89,12517048
2026-04-14,~other,34297398
2026-04-15,1.42.81,100353
2026-04-15,1.42.82,94142
2026-04-15,1.42.83,122939
2026-04-15,1.42.84,846680
2026-04-15,1.42.85,354377
2026-04-15,1.42.86,162526
2026-04-15,1.42.87,102743
2026-04-15,1.42.88,178966
2026-04-15,1.42.89,12661988
2026-04-15,~other,35042399
2026-04-16,1.42.81,105143
2026-04-16,1.42.82,87386
2026-04-16,1.42.83,102951
2026-04-16,1.42.84,703545
2026-04-16,1.42.85,414789
2026-04-16,1.42.86,152077
2026-04-16,1.42.87,92870
2026-04-16,1.42.88,167959
2026-04-16,1.42.89,11399651
2026-04-16,1.42.90,2118549
2026-04-16,~other,32928726
2026-04-17,1.42.81,88349
2026-04-17,1.42.82,88358
2026-04-17,1.42.83,97844
2026-04-17,1.42.84,801102
2026-04-17,1.42.85,258490
2026-04-17,1.42.86,122381
2026-04-17,1.42.87,97555
2026-04-17,1.42.88,143624
2026-04-17,1.42.89,265614
2026-04-17,1.42.90,10036657
2026-04-17,1.42.91,2353756
2026-04-17,~other,30071945
2026-04-18,1.42.81,73441
2026-04-18,1.42.82,69774
2026-04-18,1.42.83,88603
2026-04-18,1.42.84,722215
2026-04-18,1.42.85,79548
2026-04-18,1.42.86,74876
2026-04-18,1.42.87,71020
2026-04-18,1.42.88,94297
2026-04-18,1.42.89,131240
2026-04-18,1.42.90,84725
2026-04-18,1.42.91,9358765
2026-04-18,~other,23106792
2026-04-19,1.42.81,69622
2026-04-19,1.42.82,65357
2026-04-19,1.42.83,95978
2026-04-19,1.42.84,695051
2026-04-19,1.42.85,77129
2026-04-19,1.42.86,69456
2026-04-19,1.42.87,70647
2026-04-19,1.42.88,91564
2026-04-19,1.42.89,128425
2026-04-19,1.42.90,81341
2026-04-19,1.42.91,9207510
2026-04-19,~other,22602741
2026-04-20,1.42.81,99065
2026-04-20,1.42.82,92079
2026-04-20,1.42.83,123918
2026-04-20,1.42.84,933573
2026-04-20,1.42.85,224121
2026-04-20,1.42.86,129222
2026-04-20,1.42.87,104130
2026-04-20,1.42.88,153906
2026-04-20,1.42.89,260317
2026-04-20,1.42.90,166829
2026-04-20,1.42.91,11139539
2026-04-20,1.42.92,2343470
2026-04-20,~other,33989660
2026-04-21,1.42.81,104353
2026-04-21,1.42.82,95158
2026-04-21,1.42.83,111971
2026-04-21,1.42.84,422256
2026-04-21,1.42.85,293921
2026-04-21,1.42.86,136481
2026-04-21,1.42.87,112326
2026-04-21,1.42.88,145525
2026-04-21,1.42.89,243629
2026-04-21,1.42.90,140920
2026-04-21,1.42.91,673257
2026-04-21,1.42.92,11787190
2026-04-21,1.42.93,1400803
2026-04-21,~other,32591489
2026-04-22,1.42.81,94027
2026-04-22,1.42.82,89640
2026-04-22,1.42.83,101081
2026-04-22,1.42.84,213535
2026-04-22,1.42.85,248625
2026-04-22,1.42.86,118320
2026-04-22,1.42.87,99906
2026-04-22,1.42.88,136940
2026-04-22,1.42.89,214125
2026-04-22,1.42.90,109526
2026-04-22,1.42.91,899371
2026-04-22,1.42.92,211537
2026-04-22,1.42.93,11752152
2026-04-22,1.42.94,1878631
2026-04-22,~other,31903005
2026-04-23,1.42.81,89246
2026-04-23,1.42.82,84109
2026-04-23,1.42.83,92417
2026-04-23,1.42.84,192607
2026-04-23,1.42.85,183088
2026-04-23,1.42.86,140113
2026-04-23,1.42.87,94496
2026-04-23,1.42.88,136911
2026-04-23,1.42.89,249420
2026-04-23,1.42.90,105390
2026-04-23,1.42.91,811701
2026-04-23,1.42.92,145720
2026-04-23,1.42.93,245182
2026-04-23,1.42.94,12175860
2026-04-23,1.42.95,1336992
2026-04-23,~other,32094796
2026-04-24,1.42.81,88674
2026-04-24,1.42.82,84560
2026-04-24,1.42.83,90996
2026-04-24,1.42.84,181176
2026-04-24,1.42.85,100628
2026-04-24,1.42.86,139610
2026-04-24,1.42.87,99301
2026-04-24,1.42.88,158412
2026-04-24,1.42.89,179169
2026-04-24,1.42.90,169747
2026-04-24,1.42.91,719655
2026-04-24,1.42.92,145318
2026-04-24,1.42.93,132104
2026-04-24,1.42.94,162570
2026-04-24,1.42.95,11381043
2026-04-24,1.42.96,2379891
2026-04-24,~other,31870984
2026-04-25,1.42.81,66199
2026-04-25,1.42.82,64625
2026-04-25,1.42.83,71713
2026-04-25,1.42.84,102028
2026-04-25,1.42.85,72423
2026-04-25,1.42.86,75261
2026-04-25,1.42.87,67246
2026-04-25,1.42.88,99620
2026-04-25,1.42.89,98494
2026-04-25,1.42.90,69806
2026-04-25,1.42.91,547134
2026-04-25,1.42.92,91129
2026-04-25,1.42.93,83671
2026-04-25,1.42.94,71838
2026-04-25,1.42.95,116465
2026-04-25,1.42.96,10117999
2026-04-25,~other,22092782
2026-04-26,1.42.81,66219
2026-04-26,1.42.82,64125
2026-04-26,1.42.83,71437
2026-04-26,1.42.84,114548
2026-04-26,1.42.85,71881
2026-04-26,1.42.86,68491
2026-04-26,1.42.87,67357
2026-04-26,1.42.88,92967
2026-04-26,1.42.89,99894
2026-04-26,1.42.90,69050
2026-04-26,1.42.91,568367
2026-04-26,1.42.92,89757
2026-04-26,1.42.93,85055
2026-04-26,1.42.94,80562
2026-04-26,1.42.95,85552
2026-04-26,1.42.96,9748027
2026-04-26,~other,22290987
2026-04-27,1.42.81,83254
2026-04-27,1.42.82,77502
2026-04-27,1.42.83,89184
2026-04-27,1.42.84,169841
2026-04-27,1.42.85,98116
2026-04-27,1.42.86,137983
2026-04-27,1.42.87,84356
2026-04-27,1.42.88,151752
2026-04-27,1.42.89,165535
2026-04-27,1.42.90,94799
2026-04-27,1.42.91,716733
2026-04-27,1.42.92,138160
2026-04-27,1.42.93,113977
2026-04-27,1.42.94,115022
2026-04-27,1.42.95,163133
2026-04-27,1.42.96,11264285
2026-04-27,1.42.97,1903634
2026-04-27,~other,30782678
2026-04-28,1.42.81,77102
2026-04-28,1.42.82,76138
2026-04-28,1.42.83,88380
2026-04-28,1.42.84,164242
2026-04-28,1.42.85,100576
2026-04-28,1.42.86,130596
2026-04-28,1.42.87,89335
2026-04-28,1.42.88,128431
2026-04-28,1.42.89,174385
2026-04-28,1.42.90,90117
2026-04-28,1.42.91,716934
2026-04-28,1.42.92,210727
2026-04-28,1.42.93,122828
2026-04-28,1.42.94,98023
2026-04-28,1.42.95,127243
2026-04-28,1.42.96,248886
2026-04-28,1.42.97,13936172
2026-04-28,~other,30412711
2026-04-29,1.42.81,82786
2026-04-29,1.42.82,80888
2026-04-29,1.42.83,92862
2026-04-29,1.42.84,158183
2026-04-29,1.42.85,106405
2026-04-29,1.42.86,135337
2026-04-29,1.42.87,87780
2026-04-29,1.42.88,139198
2026-04-29,1.42.89,179287
2026-04-29,1.42.90,92551
2026-04-29,1.42.91,728696
2026-04-29,1.42.92,111181
2026-04-29,1.42.93,188084
2026-04-29,1.42.94,105753
2026-04-29,1.42.95,123539
2026-04-29,1.42.96,207110
2026-04-29,1.42.97,13113586
2026-04-29,1.43.0,767827
2026-04-29,~other,30785871
2026-04-30,1.42.81,81813
2026-04-30,1.42.82,77139
2026-04-30,1.42.83,87609
2026-04-30,1.42.84,158736
2026-04-30,1.42.85,89064
2026-04-30,1.42.86,120941
2026-04-30,1.42.87,84209
2026-04-30,1.42.88,148242
2026-04-30,1.42.89,171093
2026-04-30,1.42.90,87569
2026-04-30,1.42.91,769080
2026-04-30,1.42.92,104349
2026-04-30,1.42.93,100330
2026-04-30,1.42.94,173806
2026-04-30,1.42.95,153909
2026-04-30,1.42.96,166255
2026-04-30,1.42.97,3242545
2026-04-30,1.43.0,8966974
2026-04-30,1.43.1,1461393
2026-04-30,~other,29145917
2026-05-01,1.42.81,69150
2026-05-01,1.42.82,67500
2026-05-01,1.42.83,73648
2026-05-01,1.42.84,127894
2026-05-01,1.42.85,85723
2026-05-01,1.42.86,113705
2026-05-01,1.42.87,69528
2026-05-01,1.42.88,118299
2026-05-01,1.42.89,121995
2026-05-01,1.42.90,82509
2026-05-01,1.42.91,542309
2026-05-01,1.42.92,87075
2026-05-01,1.42.93,83180
2026-05-01,1.42.94,83523
2026-05-01,1.42.95,180787
2026-05-01,1.42.96,138242
2026-05-01,1.42.97,2974252
2026-05-01,1.43.0,128117
2026-05-01,1.43.1,7621355
2026-05-01,1.43.2,1640879
2026-05-01,~other,25647775
2026-05-02,1.42.81,64883
2026-05-02,1.42.82,62949
2026-05-02,1.42.83,69025
2026-05-02,1.42.84,98749
2026-05-02,1.42.85,67311
2026-05-02,1.42.86,71154
2026-05-02,1.42.87,64840
2026-05-02,1.42.88,125613
2026-05-02,1.42.89,92865
2026-05-02,1.42.90,65489
2026-05-02,1.42.91,142065
2026-05-02,1.42.92,69130
2026-05-02,1.42.93,70763
2026-05-02,1.42.94,67801
2026-05-02,1.42.95,97398
2026-05-02,1.42.96,142722
2026-05-02,1.42.97,2601712
2026-05-02,1.43.0,318223
2026-05-02,1.43.1,29976
2026-05-02,1.43.2,6744817
2026-05-02,~other,21394858
2026-05-03,1.42.81,63794
2026-05-03,1.42.82,59206
2026-05-03,1.42.83,67306
2026-05-03,1.42.84,84704
2026-05-03,1.42.85,62999
2026-05-03,1.42.86,62408
2026-05-03,1.42.87,61175
2026-05-03,1.42.88,70517
2026-05-03,1.42.89,92049
2026-05-03,1.42.90,61713
2026-05-03,1.42.91,138605
2026-05-03,1.42.92,68389
2026-05-03,1.42.93,67798
2026-05-03,1.42.94,65346
2026-05-03,1.42.95,92298
2026-05-03,1.42.96,148655
2026-05-03,1.42.97,2500160
2026-05-03,1.43.0,458781
2026-05-03,1.43.1,23341
2026-05-03,1.43.2,6760599
2026-05-03,~other,21160431
2026-05-04,1.42.81,77729
2026-05-04,1.42.82,75183
2026-05-04,1.42.83,85891
2026-05-04,1.42.84,143308
2026-05-04,1.42.85,89111
2026-05-04,1.42.86,116622
2026-05-04,1.42.87,80054
2026-05-04,1.42.88,109329
2026-05-04,1.42.89,142208
2026-05-04,1.42.90,83438
2026-05-04,1.42.91,211907
2026-05-04,1.42.92,99452
2026-05-04,1.42.93,97364
2026-05-04,1.42.94,86155
2026-05-04,1.42.95,117323
2026-05-04,1.42.96,196279
2026-05-04,1.42.97,3083883
2026-05-04,1.43.0,586725
2026-05-04,1.43.1,61126
2026-05-04,1.43.2,7933851
2026-05-04,1.43.3,1873406
2026-05-04,~other,29063849
2026-05-05,1.42.81,67919
2026-05-05,1.42.82,65361
2026-05-05,1.42.83,71961
2026-05-05,1.42.84,136952
2026-05-05,1.42.85,81281
2026-05-05,1.42.86,116868
2026-05-05,1.42.87,69096
2026-05-05,1.42.88,157691
2026-05-05,1.42.89,149305
2026-05-05,1.42.90,75021
2026-05-05,1.42.91,188524
2026-05-05,1.42.92,105091
2026-05-05,1.42.93,89915
2026-05-05,1.42.94,80184
2026-05-05,1.42.95,113687
2026-05-05,1.42.96,134268
2026-05-05,1.42.97,3257190
2026-05-05,1.43.0,509545
2026-05-05,1.43.1,53086
2026-05-05,1.43.2,114444
2026-05-05,1.43.3,8905479
2026-05-05,1.43.4,2032921
2026-05-05,~other,29415653
2026-05-06,1.42.81,72219
2026-05-06,1.42.82,68607
2026-05-06,1.42.83,76248
2026-05-06,1.42.84,132237
2026-05-06,1.42.85,85853
2026-05-06,1.42.86,126903
2026-05-06,1.42.87,76167
2026-05-06,1.42.88,105981
2026-05-06,1.42.89,163045
2026-05-06,1.42.90,79931
2026-05-06,1.42.91,180103
2026-05-06,1.42.92,97081
2026-05-06,1.42.93,108007
2026-05-06,1.42.94,85795
2026-05-06,1.42.95,113496
2026-05-06,1.42.96,153820
2026-05-06,1.42.97,3316721
2026-05-06,1.43.0,597262
2026-05-06,1.43.1,41421
2026-05-06,1.43.2,96717
2026-05-06,1.43.3,112057
2026-05-06,1.43.4,9231549
2026-05-06,1.43.5,1947528
2026-05-06,~other,29734495
2026-05-07,1.42.81,78321
2026-05-07,1.42.82,75189
2026-05-07,1.42.83,83667
2026-05-07,1.42.84,139447
2026-05-07,1.42.85,92220
2026-05-07,1.42.86,141587
2026-05-07,1.42.87,81183
2026-05-07,1.42.88,107889
2026-05-07,1.42.89,158643
2026-05-07,1.42.90,85763
2026-05-07,1.42.91,172933
2026-05-07,1.42.92,105366
2026-05-07,1.42.93,100327
2026-05-07,1.42.94,105817
2026-05-07,1.42.95,120330
2026-05-07,1.42.96,189320
2026-05-07,1.42.97,3394768
2026-05-07,1.43.0,937011
2026-05-07,1.43.1,39420
2026-05-07,1.43.2,88138
2026-05-07,1.43.3,86095
2026-05-07,1.43.4,79484
2026-05-07,1.43.5,9812956
2026-05-07,1.43.6,1427245
2026-05-07,~other,30367614
2026-05-08,1.42.81,73009
2026-05-08,1.42.82,71511
2026-05-08,1.42.83,77341
2026-05-08,1.42.84,136199
2026-05-08,1.42.85,84229
2026-05-08,1.42.86,126295
2026-05-08,1.42.87,78111
2026-05-08,1.42.88,108395
2026-05-08,1.42.89,144861
2026-05-08,1.42.90,81496
2026-05-08,1.42.91,167226
2026-05-08,1.42.92,100292
2026-05-08,1.42.93,85858
2026-05-08,1.42.94,86912
2026-05-08,1.42.95,119227
2026-05-08,1.42.96,151183
2026-05-08,1.42.97,3498390
2026-05-08,1.43.0,770669
2026-05-08,1.43.1,59173
2026-05-08,1.43.2,85575
2026-05-08,1.43.3,62205
2026-05-08,1.43.4,39111
2026-05-08,1.43.5,117201
2026-05-08,1.43.6,10650197
2026-05-08,~other,28356284
2026-05-09,1.42.81,64402
2026-05-09,1.42.82,61070
2026-05-09,1.42.83,66624
2026-05-09,1.42.84,81912
2026-05-09,1.42.85,66565
2026-05-09,1.42.86,66637
2026-05-09,1.42.87,62753
2026-05-09,1.42.88,82705
2026-05-09,1.42.89,96233
2026-05-09,1.42.90,64545
2026-05-09,1.42.91,118725
2026-05-09,1.42.92,69297
2026-05-09,1.42.93,69177
2026-05-09,1.42.94,67928
2026-05-09,1.42.95,99683
2026-05-09,1.42.96,145510
2026-05-09,1.42.97,3081763
2026-05-09,1.43.0,467553
2026-05-09,1.43.1,19611
2026-05-09,1.43.2,66024
2026-05-09,1.43.3,35848
2026-05-09,1.43.4,23448
2026-05-09,1.43.5,52524
2026-05-09,1.43.6,7741177
2026-05-09,~other,22659895
2026-05-10,1.42.81,61258
2026-05-10,1.42.82,59193
2026-05-10,1.42.83,64563
2026-05-10,1.42.84,75487
2026-05-10,1.42.85,62309
2026-05-10,1.42.86,64903
2026-05-10,1.42.87,57939
2026-05-10,1.42.88,68328
2026-05-10,1.42.89,92271
2026-05-10,1.42.90,62265
2026-05-10,1.42.91,108785
2026-05-10,1.42.92,66453
2026-05-10,1.42.93,66712
2026-05-10,1.42.94,62520
2026-05-10,1.42.95,95206
2026-05-10,1.42.96,128208
2026-05-10,1.42.97,2958601
2026-05-10,1.43.0,968745
2026-05-10,1.43.1,16473
2026-05-10,1.43.2,69257
2026-05-10,1.43.3,26739
2026-05-10,1.43.4,19602
2026-05-10,1.43.5,65520
2026-05-10,1.43.6,7532407
2026-05-10,~other,21737403
2026-05-11,1.42.81,75705
2026-05-11,1.42.82,71546
2026-05-11,1.42.83,80548
2026-05-11,1.42.84,140096
2026-05-11,1.42.85,86556
2026-05-11,1.42.86,119120
2026-05-11,1.42.87,76717
2026-05-11,1.42.88,103682
2026-05-11,1.42.89,154759
2026-05-11,1.42.90,83052
2026-05-11,1.42.91,172985
2026-05-11,1.42.92,106244
2026-05-11,1.42.93,90552
2026-05-11,1.42.94,87399
2026-05-11,1.42.95,119618
2026-05-11,1.42.96,178475
2026-05-11,1.42.97,3325363
2026-05-11,1.43.0,874471
2026-05-11,1.43.1,45656
2026-05-11,1.43.2,108686
2026-05-11,1.43.3,100052
2026-05-11,1.43.4,44358
2026-05-11,1.43.5,96831
2026-05-11,1.43.6,10589614
2026-05-11,~other,30548706
2026-05-12,1.42.81,80400
2026-05-12,1.42.82,76347
2026-05-12,1.42.83,82644
2026-05-12,1.42.84,135461
2026-05-12,1.42.85,91647
2026-05-12,1.42.86,126669
2026-05-12,1.42.87,78647
2026-05-12,1.42.88,106136
2026-05-12,1.42.89,188952
2026-05-12,1.42.90,88412
2026-05-12,1.42.91,172137
2026-05-12,1.42.92,98960
2026-05-12,1.42.93,89039
2026-05-12,1.42.94,90995
2026-05-12,1.42.95,120133
2026-05-12,1.42.96,140297
2026-05-12,1.42.97,3394779
2026-05-12,1.43.0,702048
2026-05-12,1.43.1,46422
2026-05-12,1.43.2,81086
2026-05-12,1.43.3,98289
2026-05-12,1.43.4,47238
2026-05-12,1.43.5,76360
2026-05-12,1.43.6,11013536
2026-05-12,~other,31513190
2026-05-13,1.42.81,78089
2026-05-13,1.42.82,73299
2026-05-13,1.42.83,81356
2026-05-13,1.42.84,120918
2026-05-13,1.42.85,95069
2026-05-13,1.42.86,119412
2026-05-13,1.42.87,74253
2026-05-13,1.42.88,101491
2026-05-13,1.42.89,155641
2026-05-13,1.42.90,86389
2026-05-13,1.42.91,166074
2026-05-13,1.42.92,89324
2026-05-13,1.42.93,83382
2026-05-13,1.42.94,86460
2026-05-13,1.42.95,119946
2026-05-13,1.42.96,127786
2026-05-13,1.42.97,3236085
2026-05-13,1.43.0,702776
2026-05-13,1.43.1,41575
2026-05-13,1.43.2,65127
2026-05-13,1.43.3,81985
2026-05-13,1.43.4,58736
2026-05-13,1.43.5,69818
2026-05-13,1.43.6,8908661
2026-05-13,1.43.7,1882378
2026-05-13,~other,30995617
2026-05-14,1.42.81,77721
2026-05-14,1.42.82,71104
2026-05-14,1.42.83,77164
2026-05-14,1.42.84,115522
2026-05-14,1.42.85,84683
2026-05-14,1.42.86,126476
2026-05-14,1.42.87,71522
2026-05-14,1.42.88,103643
2026-05-14,1.42.89,140395
2026-05-14,1.42.90,78447
2026-05-14,1.42.91,147981
2026-05-14,1.42.92,86265
2026-05-14,1.42.93,78642
2026-05-14,1.42.94,83370
2026-05-14,1.42.95,111504
2026-05-14,1.42.96,121334
2026-05-14,1.42.97,3131579
2026-05-14,1.43.0,823147
2026-05-14,1.43.1,41302
2026-05-14,1.43.2,52107
2026-05-14,1.43.3,40291
2026-05-14,1.43.4,47857
2026-05-14,1.43.5,87912
2026-05-14,1.43.6,345160
2026-05-14,1.43.7,8811186
2026-05-14,1.43.8,1981406
2026-05-14,~other,30710708
2026-05-15,1.42.81,73268
2026-05-15,1.42.82,69727
2026-05-15,1.42.83,74831
2026-05-15,1.42.84,109751
2026-05-15,1.42.85,83321
2026-05-15,1.42.86,104864
2026-05-15,1.42.87,70680
2026-05-15,1.42.88,96537
2026-05-15,1.42.89,128539
2026-05-15,1.42.90,77089
2026-05-15,1.42.91,134724
2026-05-15,1.42.92,81121
2026-05-15,1.42.93,78174
2026-05-15,1.42.94,80459
2026-05-15,1.42.95,106354
2026-05-15,1.42.96,118525
2026-05-15,1.42.97,3063607
2026-05-15,1.43.0,870636
2026-05-15,1.43.1,42290
2026-05-15,1.43.2,47857
2026-05-15,1.43.3,33768
2026-05-15,1.43.4,33049
2026-05-15,1.43.5,40032
2026-05-15,1.43.6,294533
2026-05-15,1.43.7,78037
2026-05-15,1.43.8,8562846
2026-05-15,1.43.9,1835798
2026-05-15,~other,30858014
2026-05-16,1.42.81,58995
2026-05-16,1.42.82,58054
2026-05-16,1.42.83,62931
2026-05-16,1.42.84,74914
2026-05-16,1.42.85,64420
2026-05-16,1.42.86,75811
2026-05-16,1.42.87,56078
2026-05-16,1.42.88,62863
2026-05-16,1.42.89,102365
2026-05-16,1.42.90,61757
2026-05-16,1.42.91,94095
2026-05-16,1.42.92,65278
2026-05-16,1.42.93,60940
2026-05-16,1.42.94,61576
2026-05-16,1.42.95,90849
2026-05-16,1.42.96,77126
2026-05-16,1.42.97,2569272
2026-05-16,1.43.0,575287
2026-05-16,1.43.1,18758
2026-05-16,1.43.2,26617
2026-05-16,1.43.3,18876
2026-05-16,1.43.4,10479
2026-05-16,1.43.5,23918
2026-05-16,1.43.6,101894
2026-05-16,1.43.7,20479
2026-05-16,1.43.8,27662
2026-05-16,1.43.9,7147007
2026-05-16,~other,22322415
2026-05-17,1.42.81,60729
2026-05-17,1.42.82,57788
2026-05-17,1.42.83,64255
2026-05-17,1.42.84,77560
2026-05-17,1.42.85,64373
2026-05-17,1.42.86,66746
2026-05-17,1.42.87,57006
2026-05-17,1.42.88,64797
2026-05-17,1.42.89,114759
2026-05-17,1.42.90,61701
2026-05-17,1.42.91,95386
2026-05-17,1.42.92,66105
2026-05-17,1.42.93,62691
2026-05-17,1.42.94,61042
2026-05-17,1.42.95,91275
2026-05-17,1.42.96,80516
2026-05-17,1.42.97,2616895
2026-05-17,1.43.0,510652
2026-05-17,1.43.1,24000
2026-05-17,1.43.2,36870
2026-05-17,1.43.3,20454
2026-05-17,1.43.4,11257
2026-05-17,1.43.5,15893
2026-05-17,1.43.6,106829
2026-05-17,1.43.7,27964
2026-05-17,1.43.8,21388
2026-05-17,1.43.9,7102928
2026-05-17,~other,22008025
2026-05-18,1.42.81,76056
2026-05-18,1.42.82,69632
2026-05-18,1.42.83,76153
2026-05-18,1.42.84,121875
2026-05-18,1.42.85,89695
2026-05-18,1.42.86,101986
2026-05-18,1.42.87,69625
2026-05-18,1.42.88,101822
2026-05-18,1.42.89,166636
2026-05-18,1.42.90,77019
2026-05-18,1.42.91,146144
2026-05-18,1.42.92,87118
2026-05-18,1.42.93,80612
2026-05-18,1.42.94,80790
2026-05-18,1.42.95,108248
2026-05-18,1.42.96,111225
2026-05-18,1.42.97,3268468
2026-05-18,1.43.0,639331
2026-05-18,1.43.1,37459
2026-05-18,1.43.10,1375115
2026-05-18,1.43.2,69115
2026-05-18,1.43.3,40394
2026-05-18,1.43.4,35103
2026-05-18,1.43.5,36396
2026-05-18,1.43.6,323703
2026-05-18,1.43.7,53879
2026-05-18,1.43.8,63607
2026-05-18,1.43.9,9202224
2026-05-18,~other,29681960
2026-05-19,1.42.81,78685
2026-05-19,1.42.82,76644
2026-05-19,1.42.83,83611
2026-05-19,1.42.84,124830
2026-05-19,1.42.85,96386
2026-05-19,1.42.86,119696
2026-05-19,1.42.87,74936
2026-05-19,1.42.88,107940
2026-05-19,1.42.89,150837
2026-05-19,1.42.90,84390
2026-05-19,1.42.91,152555
2026-05-19,1.42.92,89828
2026-05-19,1.42.93,83284
2026-05-19,1.42.94,84465
2026-05-19,1.42.95,112846
2026-05-19,1.42.96,117868
2026-05-19,1.42.97,3504706
2026-05-19,1.43.0,872157
2026-05-19,1.43.1,38132
2026-05-19,1.43.10,9109587
2026-05-19,1.43.11,1904527
2026-05-19,1.43.2,60692
2026-05-19,1.43.3,56722
2026-05-19,1.43.4,37603
2026-05-19,1.43.5,39439
2026-05-19,1.43.6,362089
2026-05-19,1.43.7,46869
2026-05-19,1.43.8,53926
2026-05-19,1.43.9,197733
2026-05-19,~other,31433915
2026-05-20,1.42.81,76035
2026-05-20,1.42.82,71116
2026-05-20,1.42.83,78677
2026-05-20,1.42.84,122206
2026-05-20,1.42.85,93881
2026-05-20,1.42.86,128747
2026-05-20,1.42.87,72023
2026-05-20,1.42.88,104874
2026-05-20,1.42.89,150817
2026-05-20,1.42.90,83691
2026-05-20,1.42.91,146349
2026-05-20,1.42.92,85264
2026-05-20,1.42.93,78140
2026-05-20,1.42.94,79710
2026-05-20,1.42.95,109154
2026-05-20,1.42.96,111308
2026-05-20,1.42.97,3480905
2026-05-20,1.43.0,815258
2026-05-20,1.43.1,40565
2026-05-20,1.43.10,170610
2026-05-20,1.43.11,8859201
2026-05-20,1.43.12,1919539
2026-05-20,1.43.2,58923
2026-05-20,1.43.3,40363
2026-05-20,1.43.4,48918
2026-05-20,1.43.5,39230
2026-05-20,1.43.6,326898
2026-05-20,1.43.7,56748
2026-05-20,1.43.8,48596
2026-05-20,1.43.9,132190
2026-05-20,~other,30897078
2026-05-21,1.42.81,80573
2026-05-21,1.42.82,74931
2026-05-21,1.42.83,82511
2026-05-21,1.42.84,128553
2026-05-21,1.42.85,96603
2026-05-21,1.42.86,132983
2026-05-21,1.42.87,72612
2026-05-21,1.42.88,110540
2026-05-21,1.42.89,152809
2026-05-21,1.42.90,82875
2026-05-21,1.42.91,151290
2026-05-21,1.42.92,88576
2026-05-21,1.42.93,82055
2026-05-21,1.42.94,82500
2026-05-21,1.42.95,110640
2026-05-21,1.42.96,108165
2026-05-21,1.42.97,3488295
2026-05-21,1.43.0,935207
2026-05-21,1.43.1,31534
2026-05-21,1.43.10,67270
2026-05-21,1.43.11,156165
2026-05-21,1.43.12,10138299
2026-05-21,1.43.13,968087
2026-05-21,1.43.2,54837
2026-05-21,1.43.3,35387
2026-05-21,1.43.4,30875
2026-05-21,1.43.5,41065
2026-05-21,1.43.6,261782
2026-05-21,1.43.7,146938
2026-05-21,1.43.8,57419
2026-05-21,1.43.9,106990
2026-05-21,~other,32754926
2026-05-22,1.42.81,75820
2026-05-22,1.42.82,73964
2026-05-22,1.42.83,80594
2026-05-22,1.42.84,112147
2026-05-22,1.42.85,93123
2026-05-22,1.42.86,121274
2026-05-22,1.42.87,69778
2026-05-22,1.42.88,101030
2026-05-22,1.42.89,140292
2026-05-22,1.42.90,79351
2026-05-22,1.42.91,144513
2026-05-22,1.42.92,84420
2026-05-22,1.42.93,80426
2026-05-22,1.42.94,77988
2026-05-22,1.42.95,111527
2026-05-22,1.42.96,101315
2026-05-22,1.42.97,3556267
2026-05-22,1.43.0,856505
2026-05-22,1.43.1,29714
2026-05-22,1.43.10,56988
2026-05-22,1.43.11,73909
2026-05-22,1.43.12,109495
2026-05-22,1.43.13,8716380
2026-05-22,1.43.14,1714731
2026-05-22,1.43.2,51662
2026-05-22,1.43.3,33245
2026-05-22,1.43.4,26450
2026-05-22,1.43.5,31956
2026-05-22,1.43.6,206929
2026-05-22,1.43.7,48484
2026-05-22,1.43.8,135507
2026-05-22,1.43.9,90317
2026-05-22,~other,30140953
2026-05-23,1.42.81,62125
2026-05-23,1.42.82,60334
2026-05-23,1.42.83,66026
2026-05-23,1.42.84,74722
2026-05-23,1.42.85,69321
2026-05-23,1.42.86,75195
2026-05-23,1.42.87,59047
2026-05-23,1.42.88,69842
2026-05-23,1.42.89,89437
2026-05-23,1.42.90,62949
2026-05-23,1.42.91,95852
2026-05-23,1.42.92,64811
2026-05-23,1.42.93,62955
2026-05-23,1.42.94,61946
2026-05-23,1.42.95,94900
2026-05-23,1.42.96,72963
2026-05-23,1.42.97,3012061
2026-05-23,1.43.0,545824
2026-05-23,1.43.1,17827
2026-05-23,1.43.10,20153
2026-05-23,1.43.11,30994
2026-05-23,1.43.12,21276
2026-05-23,1.43.13,31903
2026-05-23,1.43.14,7300441
2026-05-23,1.43.2,26037
2026-05-23,1.43.3,13048
2026-05-23,1.43.4,9275
2026-05-23,1.43.5,13946
2026-05-23,1.43.6,92000
2026-05-23,1.43.7,17741
2026-05-23,1.43.8,17981
2026-05-23,1.43.9,58462
2026-05-23,~other,22232468
2026-05-24,1.42.81,64444
2026-05-24,1.42.82,58876
2026-05-24,1.42.83,64359
2026-05-24,1.42.84,77072
2026-05-24,1.42.85,72355
2026-05-24,1.42.86,66779
2026-05-24,1.42.87,58904
2026-05-24,1.42.88,67631
2026-05-24,1.42.89,89489
2026-05-24,1.42.90,62067
2026-05-24,1.42.91,96869
2026-05-24,1.42.92,65966
2026-05-24,1.42.93,62958
2026-05-24,1.42.94,64247
2026-05-24,1.42.95,94603
2026-05-24,1.42.96,76587
2026-05-24,1.42.97,3164964
2026-05-24,1.43.0,550673
2026-05-24,1.43.1,15216
2026-05-24,1.43.10,14941
2026-05-24,1.43.11,33460
2026-05-24,1.43.12,22499
2026-05-24,1.43.13,31990
2026-05-24,1.43.14,7107018
2026-05-24,1.43.2,27725
2026-05-24,1.43.3,12861
2026-05-24,1.43.4,11658
2026-05-24,1.43.5,12507
2026-05-24,1.43.6,83435
2026-05-24,1.43.7,18641
2026-05-24,1.43.8,14391
2026-05-24,1.43.9,61352
2026-05-24,~other,21854736
2026-05-25,1.42.81,68320
2026-05-25,1.42.82,63532
2026-05-25,1.42.83,70428
2026-05-25,1.42.84,92129
2026-05-25,1.42.85,71329
2026-05-25,1.42.86,72298
2026-05-25,1.42.87,63223
2026-05-25,1.42.88,77903
2026-05-25,1.42.89,107827
2026-05-25,1.42.90,69107
2026-05-25,1.42.91,107296
2026-05-25,1.42.92,71668
2026-05-25,1.42.93,68025
2026-05-25,1.42.94,68063
2026-05-25,1.42.95,99757
2026-05-25,1.42.96,82188
2026-05-25,1.42.97,3542199
2026-05-25,1.43.0,671526
2026-05-25,1.43.1,17416
2026-05-25,1.43.10,41479
2026-05-25,1.43.11,47598
2026-05-25,1.43.12,41556
2026-05-25,1.43.13,63630
2026-05-25,1.43.14,9096286
2026-05-25,1.43.2,42205
2026-05-25,1.43.3,26279
2026-05-25,1.43.4,22795
2026-05-25,1.43.5,22541
2026-05-25,1.43.6,133248
2026-05-25,1.43.7,31952
2026-05-25,1.43.8,27132
2026-05-25,1.43.9,77477
2026-05-25,~other,25949049
2026-05-26,1.42.81,71560
2026-05-26,1.42.82,69504
2026-05-26,1.42.83,74786
2026-05-26,1.42.84,111691
2026-05-26,1.42.85,78528
2026-05-26,1.42.86,95682
2026-05-26,1.42.87,66435
2026-05-26,1.42.88,109454
2026-05-26,1.42.89,134926
2026-05-26,1.42.90,74850
2026-05-26,1.42.91,132538
2026-05-26,1.42.92,85181
2026-05-26,1.42.93,73923
2026-05-26,1.42.94,73679
2026-05-26,1.42.95,107596
2026-05-26,1.42.96,106857
2026-05-26,1.42.97,3829434
2026-05-26,1.43.0,744642
2026-05-26,1.43.1,36363
2026-05-26,1.43.10,113189
2026-05-26,1.43.11,79292
2026-05-26,1.43.12,45424
2026-05-26,1.43.13,51655
2026-05-26,1.43.14,8610769
2026-05-26,1.43.15,1852976
2026-05-26,1.43.2,51314
2026-05-26,1.43.3,34003
2026-05-26,1.43.4,29372
2026-05-26,1.43.5,30730
2026-05-26,1.43.6,206692
2026-05-26,1.43.7,35392
2026-05-26,1.43.8,35719
2026-05-26,1.43.9,72246
2026-05-26,~other,29844198
2026-05-27,1.42.81,80223
2026-05-27,1.42.82,76030
2026-05-27,1.42.83,80188
2026-05-27,1.42.84,120466
2026-05-27,1.42.85,82172
2026-05-27,1.42.86,119798
2026-05-27,1.42.87,72017
2026-05-27,1.42.88,122753
2026-05-27,1.42.89,136465
2026-05-27,1.42.90,82346
2026-05-27,1.42.91,142427
2026-05-27,1.42.92,86215
2026-05-27,1.42.93,81365
2026-05-27,1.42.94,84337
2026-05-27,1.42.95,113797
2026-05-27,1.42.96,107940
2026-05-27,1.42.97,4116977
2026-05-27,1.43.0,758134
2026-05-27,1.43.1,37810
2026-05-27,1.43.10,71943
2026-05-27,1.43.11,181575
2026-05-27,1.43.12,59202
2026-05-27,1.43.13,50521
2026-05-27,1.43.14,193822
2026-05-27,1.43.15,9084810
2026-05-27,1.43.16,1951696
2026-05-27,1.43.2,52996
2026-05-27,1.43.3,32390
2026-05-27,1.43.4,33825
2026-05-27,1.43.5,33212
2026-05-27,1.43.6,225703
2026-05-27,1.43.7,40598
2026-05-27,1.43.8,31263
2026-05-27,1.43.9,76759
2026-05-27,~other,33582841
2026-05-28,1.42.81,74135
2026-05-28,1.42.82,71289
2026-05-28,1.42.83,76914
2026-05-28,1.42.84,115452
2026-05-28,1.42.85,78019
2026-05-28,1.42.86,125158
2026-05-28,1.42.87,68569
2026-05-28,1.42.88,124033
2026-05-28,1.42.89,124253
2026-05-28,1.42.90,76249
2026-05-28,1.42.91,133974
2026-05-28,1.42.92,83292
2026-05-28,1.42.93,77276
2026-05-28,1.42.94,77716
2026-05-28,1.42.95,109094
2026-05-28,1.42.96,98457
2026-05-28,1.42.97,4235196
2026-05-28,1.43.0,891246
2026-05-28,1.43.1,29340
2026-05-28,1.43.10,41292
2026-05-28,1.43.11,64959
2026-05-28,1.43.12,147994
2026-05-28,1.43.13,63648
2026-05-28,1.43.14,168342
2026-05-28,1.43.15,91485
2026-05-28,1.43.16,8813936
2026-05-28,1.43.17,1913614
2026-05-28,1.43.2,51812
2026-05-28,1.43.3,33669
2026-05-28,1.43.4,34579
2026-05-28,1.43.5,27745
2026-05-28,1.43.6,245471
2026-05-28,1.43.7,44609
2026-05-28,1.43.8,31266
2026-05-28,1.43.9,64536
2026-05-28,~other,30054941
2026-05-29,1.42.81,83512
2026-05-29,1.42.82,78589
2026-05-29,1.42.83,85526
2026-05-29,1.42.84,117491
2026-05-29,1.42.85,86381
2026-05-29,1.42.86,141043
2026-05-29,1.42.87,80029
2026-05-29,1.42.88,114491
2026-05-29,1.42.89,128141
2026-05-29,1.42.90,84434
2026-05-29,1.42.91,132949
2026-05-29,1.42.92,93042
2026-05-29,1.42.93,87869
2026-05-29,1.42.94,84633
2026-05-29,1.42.95,114779
2026-05-29,1.42.96,100067
2026-05-29,1.42.97,4281967
2026-05-29,1.43.0,959499
2026-05-29,1.43.1,31356
2026-05-29,1.43.10,36126
2026-05-29,1.43.11,53493
2026-05-29,1.43.12,49275
2026-05-29,1.43.13,128181
2026-05-29,1.43.14,134506
2026-05-29,1.43.15,69828
2026-05-29,1.43.16,86148
2026-05-29,1.43.17,8821883
2026-05-29,1.43.18,1804063
2026-05-29,1.43.2,54944
2026-05-29,1.43.3,34925
2026-05-29,1.43.4,32376
2026-05-29,1.43.5,26580
2026-05-29,1.43.6,192131
2026-05-29,1.43.7,30749
2026-05-29,1.43.8,36062
2026-05-29,1.43.9,58555
2026-05-29,~other,32122331
2026-05-30,1.42.81,64123
2026-05-30,1.42.82,63053
2026-05-30,1.42.83,66855
2026-05-30,1.42.84,75359
2026-05-30,1.42.85,63752
2026-05-30,1.42.86,71473
2026-05-30,1.42.87,59809
2026-05-30,1.42.88,69032
2026-05-30,1.42.89,77170
2026-05-30,1.42.90,61980
2026-05-30,1.42.91,87353
2026-05-30,1.42.92,66309
2026-05-30,1.42.93,66594
2026-05-30,1.42.94,63744
2026-05-30,1.42.95,93691
2026-05-30,1.42.96,73468
2026-05-30,1.42.97,3734969
2026-05-30,1.43.0,598924
2026-05-30,1.43.1,12134
2026-05-30,1.43.10,11734
2026-05-30,1.43.11,20868
2026-05-30,1.43.12,19276
2026-05-30,1.43.13,14647
2026-05-30,1.43.14,90399
2026-05-30,1.43.15,34728
2026-05-30,1.43.16,33550
2026-05-30,1.43.17,34004
2026-05-30,1.43.18,7516619
2026-05-30,1.43.2,33223
2026-05-30,1.43.3,13665
2026-05-30,1.43.4,10924
2026-05-30,1.43.5,9774
2026-05-30,1.43.6,73487
2026-05-30,1.43.7,13637
2026-05-30,1.43.8,14900
2026-05-30,1.43.9,25902
2026-05-30,~other,22811017
2026-05-31,1.42.81,61824
2026-05-31,1.42.82,59747
2026-05-31,1.42.83,67457
2026-05-31,1.42.84,75901
2026-05-31,1.42.85,63063
2026-05-31,1.42.86,81385
2026-05-31,1.42.87,58534
2026-05-31,1.42.88,64959
2026-05-31,1.42.89,76727
2026-05-31,1.42.90,62315
2026-05-31,1.42.91,83164
2026-05-31,1.42.92,65995
2026-05-31,1.42.93,62234
2026-05-31,1.42.94,60901
2026-05-31,1.42.95,92746
2026-05-31,1.42.96,71875
2026-05-31,1.42.97,3487421
2026-05-31,1.43.0,489975
2026-05-31,1.43.1,10880
2026-05-31,1.43.10,11338
2026-05-31,1.43.11,22344
2026-05-31,1.43.12,17478
2026-05-31,1.43.13,13726
2026-05-31,1.43.14,85663
2026-05-31,1.43.15,37248
2026-05-31,1.43.16,35713
2026-05-31,1.43.17,22933
2026-05-31,1.43.18,7145547
2026-05-31,1.43.2,35947
2026-05-31,1.43.3,12585
2026-05-31,1.43.4,8735
2026-05-31,1.43.5,9577
2026-05-31,1.43.6,67211
2026-05-31,1.43.7,15328
2026-05-31,1.43.8,12459
2026-05-31,1.43.9,28699
2026-05-31,~other,21726853
2026-06-01,1.42.81,75755
2026-06-01,1.42.82,72132
2026-06-01,1.42.83,79587
2026-06-01,1.42.84,119719
2026-06-01,1.42.85,78648
2026-06-01,1.42.86,126466
2026-06-01,1.42.87,69407
2026-06-01,1.42.88,104853
2026-06-01,1.42.89,158514
2026-06-01,1.42.90,75098
2026-06-01,1.42.91,125662
2026-06-01,1.42.92,83093
2026-06-01,1.42.93,76776
2026-06-01,1.42.94,77105
2026-06-01,1.42.95,104584
2026-06-01,1.42.96,92972
2026-06-01,1.42.97,4478864
2026-06-01,1.43.0,675150
2026-06-01,1.43.1,27074
2026-06-01,1.43.10,32812
2026-06-01,1.43.11,49278
2026-06-01,1.43.12,36316
2026-06-01,1.43.13,35040
2026-06-01,1.43.14,213325
2026-06-01,1.43.15,56801
2026-06-01,1.43.16,90803
2026-06-01,1.43.17,159071
2026-06-01,1.43.18,8705855
2026-06-01,1.43.19,2023485
2026-06-01,1.43.2,55211
2026-06-01,1.43.3,27513
2026-06-01,1.43.4,22765
2026-06-01,1.43.5,21600
2026-06-01,1.43.6,158646
2026-06-01,1.43.7,31673
2026-06-01,1.43.8,22181
2026-06-01,1.43.9,56620
2026-06-01,~other,30348498
2026-06-02,1.42.81,80468
2026-06-02,1.42.82,75225
2026-06-02,1.42.83,79368
2026-06-02,1.42.84,115075
2026-06-02,1.42.85,80457
2026-06-02,1.42.86,134861
2026-06-02,1.42.87,69903
2026-06-02,1.42.88,103545
2026-06-02,1.42.89,172480
2026-06-02,1.42.90,78098
2026-06-02,1.42.91,134041
2026-06-02,1.42.92,89625
2026-06-02,1.42.93,81407
2026-06-02,1.42.94,81751
2026-06-02,1.42.95,107487
2026-06-02,1.42.96,101219
2026-06-02,1.42.97,4464723
2026-06-02,1.43.0,738705
2026-06-02,1.43.1,32693
2026-06-02,1.43.10,45013
2026-06-02,1.43.11,47217
2026-06-02,1.43.12,37754
2026-06-02,1.43.13,34102
2026-06-02,1.43.14,218954
2026-06-02,1.43.15,70169
2026-06-02,1.43.16,77773
2026-06-02,1.43.17,90810
2026-06-02,1.43.18,118559
2026-06-02,1.43.19,9245434
2026-06-02,1.43.2,60908
2026-06-02,1.43.20,1928251
2026-06-02,1.43.3,28513
2026-06-02,1.43.4,33826
2026-06-02,1.43.5,23839
2026-06-02,1.43.6,167760
2026-06-02,1.43.7,32732
2026-06-02,1.43.8,26457
2026-06-02,1.43.9,55285
2026-06-02,~other,32197975
2026-06-03,1.42.81,83742
2026-06-03,1.42.82,78088
2026-06-03,1.42.83,83045
2026-06-03,1.42.84,115338
2026-06-03,1.42.85,84435
2026-06-03,1.42.86,137354
2026-06-03,1.42.87,75140
2026-06-03,1.42.88,100287
2026-06-03,1.42.89,132827
2026-06-03,1.42.90,83897
2026-06-03,1.42.91,141440
2026-06-03,1.42.92,91481
2026-06-03,1.42.93,84323
2026-06-03,1.42.94,82424
2026-06-03,1.42.95,114523
2026-06-03,1.42.96,107986
2026-06-03,1.42.97,4404383
2026-06-03,1.43.0,804691
2026-06-03,1.43.1,34145
2026-06-03,1.43.10,37406
2026-06-03,1.43.11,52851
2026-06-03,1.43.12,43747
2026-06-03,1.43.13,35688
2026-06-03,1.43.14,124566
2026-06-03,1.43.15,170751
2026-06-03,1.43.16,88907
2026-06-03,1.43.17,55559
2026-06-03,1.43.18,104592
2026-06-03,1.43.19,91531
2026-06-03,1.43.2,60117
2026-06-03,1.43.20,2936448
2026-06-03,1.43.21,6357035
2026-06-03,1.43.22,1996132
2026-06-03,1.43.3,30259
2026-06-03,1.43.4,36893
2026-06-03,1.43.5,26289
2026-06-03,1.43.6,179228
2026-06-03,1.43.7,33399
2026-06-03,1.43.8,28601
2026-06-03,1.43.9,56280
2026-06-03,~other,34950979
2026-06-04,1.42.81,79047
2026-06-04,1.42.82,76193
2026-06-04,1.42.83,77561
2026-06-04,1.42.84,116552
2026-06-04,1.42.85,79390
2026-06-04,1.42.86,149709
2026-06-04,1.42.87,71014
2026-06-04,1.42.88,96268
2026-06-04,1.42.89,132479
2026-06-04,1.42.90,79457
2026-06-04,1.42.91,137052
2026-06-04,1.42.92,88293
2026-06-04,1.42.93,79572
2026-06-04,1.42.94,79110
2026-06-04,1.42.95,108477
2026-06-04,1.42.96,103511
2026-06-04,1.42.97,4352847
2026-06-04,1.43.0,821339
2026-06-04,1.43.1,28942
2026-06-04,1.43.10,29333
2026-06-04,1.43.11,41354
2026-06-04,1.43.12,45779
2026-06-04,1.43.13,36863
2026-06-04,1.43.14,107333
2026-06-04,1.43.15,55184
2026-06-04,1.43.16,203579
2026-06-04,1.43.17,48086
2026-06-04,1.43.18,93582
2026-06-04,1.43.19,67695
2026-06-04,1.43.2,53994
2026-06-04,1.43.20,55714
2026-06-04,1.43.21,52881
2026-06-04,1.43.22,9191535
2026-06-04,1.43.23,2006594
2026-06-04,1.43.3,29450
2026-06-04,1.43.4,36676
2026-06-04,1.43.5,24306
2026-06-04,1.43.6,171165
2026-06-04,1.43.7,29633
2026-06-04,1.43.8,26147
2026-06-04,1.43.9,46895
2026-06-04,~other,33782431
2026-06-05,1.42.81,75085
2026-06-05,1.42.82,73950
2026-06-05,1.42.83,75591
2026-06-05,1.42.84,111749
2026-06-05,1.42.85,78060
2026-06-05,1.42.86,129117
2026-06-05,1.42.87,68628
2026-06-05,1.42.88,86422
2026-06-05,1.42.89,132118
2026-06-05,1.42.90,74879
2026-06-05,1.42.91,127839
2026-06-05,1.42.92,81696
2026-06-05,1.42.93,76478
2026-06-05,1.42.94,76879
2026-06-05,1.42.95,104159
2026-06-05,1.42.96,93948
2026-06-05,1.42.97,4276434
2026-06-05,1.43.0,727032
2026-06-05,1.43.1,21789
2026-06-05,1.43.10,22376
2026-06-05,1.43.11,32345
2026-06-05,1.43.12,31466
2026-06-05,1.43.13,38797
2026-06-05,1.43.14,87929
2026-06-05,1.43.15,46914
2026-06-05,1.43.16,70856
2026-06-05,1.43.17,110739
2026-06-05,1.43.18,97438
2026-06-05,1.43.19,60960
2026-06-05,1.43.2,51660
2026-06-05,1.43.20,16772
2026-06-05,1.43.21,28942
2026-06-05,1.43.22,93644
2026-06-05,1.43.23,9015921
2026-06-05,1.43.24,1853298
2026-06-05,1.43.3,26208
2026-06-05,1.43.4,30870
2026-06-05,1.43.5,22650
2026-06-05,1.43.6,146212
2026-06-05,1.43.7,28440
2026-06-05,1.43.8,25510
2026-06-05,1.43.9,39658
2026-06-05,~other,30667609
2026-06-06,1.42.81,64087
2026-06-06,1.42.82,65254
2026-06-06,1.42.83,65962
2026-06-06,1.42.84,75725
2026-06-06,1.42.85,65927
2026-06-06,1.42.86,71887
2026-06-06,1.42.87,59304
2026-06-06,1.42.88,65265
2026-06-06,1.42.89,82684
2026-06-06,1.42.90,63015
2026-06-06,1.42.91,87896
2026-06-06,1.42.92,66342
2026-06-06,1.42.93,62807
2026-06-06,1.42.94,63189
2026-06-06,1.42.95,94452
2026-06-06,1.42.96,70713
2026-06-06,1.42.97,3873314
2026-06-06,1.43.0,616036
2026-06-06,1.43.1,7605
2026-06-06,1.43.10,9468
2026-06-06,1.43.11,16681
2026-06-06,1.43.12,12186
2026-06-06,1.43.13,13006
2026-06-06,1.43.14,40413
2026-06-06,1.43.15,26898
2026-06-06,1.43.16,15129
2026-06-06,1.43.17,15637
2026-06-06,1.43.18,59384
2026-06-06,1.43.19,28818
2026-06-06,1.43.2,32543
2026-06-06,1.43.20,12504
2026-06-06,1.43.21,12513
2026-06-06,1.43.22,22917
2026-06-06,1.43.23,28187
2026-06-06,1.43.24,7805349
2026-06-06,1.43.3,10579
2026-06-06,1.43.4,15337
2026-06-06,1.43.5,21095
2026-06-06,1.43.6,58970
2026-06-06,1.43.7,11261
2026-06-06,1.43.8,11710
2026-06-06,1.43.9,20054
2026-06-06,~other,23061978
2026-06-07,1.42.81,63087
2026-06-07,1.42.82,61822
2026-06-07,1.42.83,63495
2026-06-07,1.42.84,74002
2026-06-07,1.42.85,64050
2026-06-07,1.42.86,65855
2026-06-07,1.42.87,57196
2026-06-07,1.42.88,62695
2026-06-07,1.42.89,77346
2026-06-07,1.42.90,60837
2026-06-07,1.42.91,89947
2026-06-07,1.42.92,64080
2026-06-07,1.42.93,61062
2026-06-07,1.42.94,60506
2026-06-07,1.42.95,92660
2026-06-07,1.42.96,70705
2026-06-07,1.42.97,3604518
2026-06-07,1.43.0,557222
2026-06-07,1.43.1,7071
2026-06-07,1.43.10,9696
2026-06-07,1.43.11,15473
2026-06-07,1.43.12,13684
2026-06-07,1.43.13,11610
2026-06-07,1.43.14,41282
2026-06-07,1.43.15,25062
2026-06-07,1.43.16,18014
2026-06-07,1.43.17,14160
2026-06-07,1.43.18,60611
2026-06-07,1.43.19,23331
2026-06-07,1.43.2,30567
2026-06-07,1.43.20,10573
2026-06-07,1.43.21,17085
2026-06-07,1.43.22,27149
2026-06-07,1.43.23,19411
2026-06-07,1.43.24,7474320
2026-06-07,1.43.3,9717
2026-06-07,1.43.4,11803
2026-06-07,1.43.5,7003
2026-06-07,1.43.6,71242
2026-06-07,1.43.7,14243
2026-06-07,1.43.8,10646
2026-06-07,1.43.9,21002
2026-06-07,~other,22369380
2026-06-08,1.42.81,78998
2026-06-08,1.42.82,70888
2026-06-08,1.42.83,76434
2026-06-08,1.42.84,111961
2026-06-08,1.42.85,76881
2026-06-08,1.42.86,137863
2026-06-08,1.42.87,69153
2026-06-08,1.42.88,89308
2026-06-08,1.42.89,122466
2026-06-08,1.42.90,75716
2026-06-08,1.42.91,135590
2026-06-08,1.42.92,81659
2026-06-08,1.42.93,77378
2026-06-08,1.42.94,78649
2026-06-08,1.42.95,106060
2026-06-08,1.42.96,95699
2026-06-08,1.42.97,4496611
2026-06-08,1.43.0,823166
2026-06-08,1.43.1,23191
2026-06-08,1.43.10,27090
2026-06-08,1.43.11,40792
2026-06-08,1.43.12,31634
2026-06-08,1.43.13,35964
2026-06-08,1.43.14,84977
2026-06-08,1.43.15,46003
2026-06-08,1.43.16,89318
2026-06-08,1.43.17,30994
2026-06-08,1.43.18,170243
2026-06-08,1.43.19,68377
2026-06-08,1.43.2,50821
2026-06-08,1.43.20,18823
2026-06-08,1.43.21,29241
2026-06-08,1.43.22,63799
2026-06-08,1.43.23,49224
2026-06-08,1.43.24,8764487
2026-06-08,1.43.25,1896069
2026-06-08,1.43.3,26052
2026-06-08,1.43.4,29703
2026-06-08,1.43.5,21541
2026-06-08,1.43.6,164021
2026-06-08,1.43.7,28020
2026-06-08,1.43.8,23669
2026-06-08,1.43.9,44920
2026-06-08,~other,34434377
2026-06-09,1.42.81,81909
2026-06-09,1.42.82,77839
2026-06-09,1.42.83,80752
2026-06-09,1.42.84,110327
2026-06-09,1.42.85,85891
2026-06-09,1.42.86,147022
2026-06-09,1.42.87,70252
2026-06-09,1.42.88,91015
2026-06-09,1.42.89,133003
2026-06-09,1.42.90,79029
2026-06-09,1.42.91,123371
2026-06-09,1.42.92,86280
2026-06-09,1.42.93,81063
2026-06-09,1.42.94,80703
2026-06-09,1.42.95,108404
2026-06-09,1.42.96,99282
2026-06-09,1.42.97,4416121
2026-06-09,1.43.0,924717
2026-06-09,1.43.1,25635
2026-06-09,1.43.10,28775
2026-06-09,1.43.11,37237
2026-06-09,1.43.12,28827
2026-06-09,1.43.13,41959
2026-06-09,1.43.14,83348
2026-06-09,1.43.15,41979
2026-06-09,1.43.16,83913
2026-06-09,1.43.17,34400
2026-06-09,1.43.18,79515
2026-06-09,1.43.19,166123
2026-06-09,1.43.2,53435
2026-06-09,1.43.20,28344
2026-06-09,1.43.21,25722
2026-06-09,1.43.22,51626
2026-06-09,1.43.23,58322
2026-06-09,1.43.24,143614
2026-06-09,1.43.25,9681925
2026-06-09,1.43.26,2158689
2026-06-09,1.43.3,27818
2026-06-09,1.43.4,36892
2026-06-09,1.43.5,21642
2026-06-09,1.43.6,155915
2026-06-09,1.43.7,24850
2026-06-09,1.43.8,22541
2026-06-09,1.43.9,43247
2026-06-09,~other,32847387
2026-06-10,1.42.81,79116
2026-06-10,1.42.82,80019
2026-06-10,1.42.83,84393
2026-06-10,1.42.84,106371
2026-06-10,1.42.85,85190
2026-06-10,1.42.86,126264
2026-06-10,1.42.87,69939
2026-06-10,1.42.88,89818
2026-06-10,1.42.89,129873
2026-06-10,1.42.90,80148
2026-06-10,1.42.91,130438
2026-06-10,1.42.92,81053
2026-06-10,1.42.93,80275
2026-06-10,1.42.94,79539
2026-06-10,1.42.95,107607
2026-06-10,1.42.96,100184
2026-06-10,1.42.97,4267221
2026-06-10,1.43.0,918583
2026-06-10,1.43.1,29151
2026-06-10,1.43.10,28947
2026-06-10,1.43.11,35459
2026-06-10,1.43.12,34890
2026-06-10,1.43.13,34313
2026-06-10,1.43.14,80975
2026-06-10,1.43.15,43090
2026-06-10,1.43.16,102337
2026-06-10,1.43.17,30054
2026-06-10,1.43.18,92655
2026-06-10,1.43.19,48149
2026-06-10,1.43.2,51589
2026-06-10,1.43.20,39891
2026-06-10,1.43.21,108603
2026-06-10,1.43.22,54192
2026-06-10,1.43.23,57026
2026-06-10,1.43.24,132211
2026-06-10,1.43.25,85641
2026-06-10,1.43.26,9746952
2026-06-10,1.43.27,1832322
2026-06-10,1.43.3,28489
2026-06-10,1.43.4,35515
2026-06-10,1.43.5,23468
2026-06-10,1.43.6,163014
2026-06-10,1.43.7,26848
2026-06-10,1.43.8,24358
2026-06-10,1.43.9,46172
2026-06-10,~other,33614859
2026-06-11,1.42.81,78886
2026-06-11,1.42.82,75695
2026-06-11,1.42.83,81842
2026-06-11,1.42.84,120661
2026-06-11,1.42.85,83002
2026-06-11,1.42.86,117645
2026-06-11,1.42.87,69094
2026-06-11,1.42.88,90767
2026-06-11,1.42.89,128305
2026-06-11,1.42.90,79676
2026-06-11,1.42.91,130794
2026-06-11,1.42.92,83338
2026-06-11,1.42.93,81335
2026-06-11,1.42.94,78644
2026-06-11,1.42.95,107941
2026-06-11,1.42.96,102245
2026-06-11,1.42.97,4253602
2026-06-11,1.43.0,1178034
2026-06-11,1.43.1,31169
2026-06-11,1.43.10,33415
2026-06-11,1.43.11,32105
2026-06-11,1.43.12,33785
2026-06-11,1.43.13,29397
2026-06-11,1.43.14,78915
2026-06-11,1.43.15,34868
2026-06-11,1.43.16,149664
2026-06-11,1.43.17,35354
2026-06-11,1.43.18,71241
2026-06-11,1.43.19,44922
2026-06-11,1.43.2,49775
2026-06-11,1.43.20,19940
2026-06-11,1.43.21,29475
2026-06-11,1.43.22,160789
2026-06-11,1.43.23,63062
2026-06-11,1.43.24,124648
2026-06-11,1.43.25,62320
2026-06-11,1.43.26,88782
2026-06-11,1.43.27,9772781
2026-06-11,1.43.28,2236117
2026-06-11,1.43.3,29601
2026-06-11,1.43.4,35839
2026-06-11,1.43.5,23829
2026-06-11,1.43.6,162413
2026-06-11,1.43.7,28285
2026-06-11,1.43.8,25660
2026-06-11,1.43.9,44372
2026-06-11,~other,35292469
2026-06-12,1.42.81,77865
2026-06-12,1.42.82,74382
2026-06-12,1.42.83,78752
2026-06-12,1.42.84,104635
2026-06-12,1.42.85,81764
2026-06-12,1.42.86,130907
2026-06-12,1.42.87,67879
2026-06-12,1.42.88,85340
2026-06-12,1.42.89,117280
2026-06-12,1.42.90,77096
2026-06-12,1.42.91,123741
2026-06-12,1.42.92,80366
2026-06-12,1.42.93,75466
2026-06-12,1.42.94,77112
2026-06-12,1.42.95,106374
2026-06-12,1.42.96,95569
2026-06-12,1.42.97,4290254
2026-06-12,1.43.0,957124
2026-06-12,1.43.1,27606
2026-06-12,1.43.10,27838
2026-06-12,1.43.11,26437
2026-06-12,1.43.12,35940
2026-06-12,1.43.13,28862
2026-06-12,1.43.14,69127
2026-06-12,1.43.15,27703
2026-06-12,1.43.16,100298
2026-06-12,1.43.17,31587
2026-06-12,1.43.18,61766
2026-06-12,1.43.19,38156
2026-06-12,1.43.2,49474
2026-06-12,1.43.20,18302
2026-06-12,1.43.21,24147
2026-06-12,1.43.22,54045
2026-06-12,1.43.23,126591
2026-06-12,1.43.24,119007
2026-06-12,1.43.25,61665
2026-06-12,1.43.26,47390
2026-06-12,1.43.27,70281
2026-06-12,1.43.28,9230405
2026-06-12,1.43.29,1885403
2026-06-12,1.43.3,26739
2026-06-12,1.43.4,36514
2026-06-12,1.43.5,29286
2026-06-12,1.43.6,133019
2026-06-12,1.43.7,25467
2026-06-12,1.43.8,24278
2026-06-12,1.43.9,42873
2026-06-12,~other,32270884
2026-06-13,1.42.81,62604
2026-06-13,1.42.82,60578
2026-06-13,1.42.83,64951
2026-06-13,1.42.84,73751
2026-06-13,1.42.85,63644
2026-06-13,1.42.86,65353
2026-06-13,1.42.87,58848
2026-06-13,1.42.88,62715
2026-06-13,1.42.89,78410
2026-06-13,1.42.90,63497
2026-06-13,1.42.91,85857
2026-06-13,1.42.92,65208
2026-06-13,1.42.93,62570
2026-06-13,1.42.94,62510
2026-06-13,1.42.95,95242
2026-06-13,1.42.96,71714
2026-06-13,1.42.97,3532849
2026-06-13,1.43.0,856508
2026-06-13,1.43.1,11015
2026-06-13,1.43.10,9949
2026-06-13,1.43.11,10276
2026-06-13,1.43.12,12124
2026-06-13,1.43.13,9237
2026-06-13,1.43.14,31631
2026-06-13,1.43.15,9232
2026-06-13,1.43.16,18360
2026-06-13,1.43.17,9900
2026-06-13,1.43.18,25013
2026-06-13,1.43.19,15015
2026-06-13,1.43.2,27749
2026-06-13,1.43.20,6299
2026-06-13,1.43.21,10289
2026-06-13,1.43.22,13990
2026-06-13,1.43.23,18820
2026-06-13,1.43.24,75937
2026-06-13,1.43.25,32942
2026-06-13,1.43.26,18118
2026-06-13,1.43.27,18621
2026-06-13,1.43.28,35774
2026-06-13,1.43.29,7720205
2026-06-13,1.43.3,9721
2026-06-13,1.43.4,13363
2026-06-13,1.43.5,20863
2026-06-13,1.43.6,64886
2026-06-13,1.43.7,11272
2026-06-13,1.43.8,9290
2026-06-13,1.43.9,16879
2026-06-13,~other,22808716
2026-06-14,1.42.81,65263
2026-06-14,1.42.82,63652
2026-06-14,1.42.83,66126
2026-06-14,1.42.84,75050
2026-06-14,1.42.85,63743
2026-06-14,1.42.86,65171
2026-06-14,1.42.87,59704
2026-06-14,1.42.88,65541
2026-06-14,1.42.89,85118
2026-06-14,1.42.90,64048
2026-06-14,1.42.91,83707
2026-06-14,1.42.92,67848
2026-06-14,1.42.93,64195
2026-06-14,1.42.94,72606
2026-06-14,1.42.95,95326
2026-06-14,1.42.96,75849
2026-06-14,1.42.97,3499704
2026-06-14,1.43.0,863800
2026-06-14,1.43.1,13231
2026-06-14,1.43.10,11383
2026-06-14,1.43.11,13535
2026-06-14,1.43.12,15629
2026-06-14,1.43.13,11267
2026-06-14,1.43.14,39371
2026-06-14,1.43.15,10421
2026-06-14,1.43.16,31983
2026-06-14,1.43.17,15101
2026-06-14,1.43.18,36540
2026-06-14,1.43.19,18898
2026-06-14,1.43.2,31267
2026-06-14,1.43.20,7909
2026-06-14,1.43.21,11674
2026-06-14,1.43.22,16643
2026-06-14,1.43.23,17998
2026-06-14,1.43.24,84713
2026-06-14,1.43.25,26818
2026-06-14,1.43.26,27521
2026-06-14,1.43.27,23499
2026-06-14,1.43.28,24571
2026-06-14,1.43.29,7734616
2026-06-14,1.43.3,12018
2026-06-14,1.43.4,12307
2026-06-14,1.43.5,12130
2026-06-14,1.43.6,60033
2026-06-14,1.43.7,14696
2026-06-14,1.43.8,10489
2026-06-14,1.43.9,18941
2026-06-14,~other,22186959
2026-06-15,1.42.81,77512
2026-06-15,1.42.82,73036
2026-06-15,1.42.83,78652
2026-06-15,1.42.84,108856
2026-06-15,1.42.85,78659
2026-06-15,1.42.86,126718
2026-06-15,1.42.87,68446
2026-06-15,1.42.88,90210
2026-06-15,1.42.89,127092
2026-06-15,1.42.90,76974
2026-06-15,1.42.91,130287
2026-06-15,1.42.92,82650
2026-06-15,1.42.93,76143
2026-06-15,1.42.94,86578
2026-06-15,1.42.95,109142
2026-06-15,1.42.96,97699
2026-06-15,1.42.97,4300933
2026-06-15,1.43.0,1028750
2026-06-15,1.43.1,21549
2026-06-15,1.43.10,27347
2026-06-15,1.43.11,27019
2026-06-15,1.43.12,33799
2026-06-15,1.43.13,27687
2026-06-15,1.43.14,80540
2026-06-15,1.43.15,28873
2026-06-15,1.43.16,38362
2026-06-15,1.43.17,31552
2026-06-15,1.43.18,74162
2026-06-15,1.43.19,41540
2026-06-15,1.43.2,46500
2026-06-15,1.43.20,15491
2026-06-15,1.43.21,23614
2026-06-15,1.43.22,52715
2026-06-15,1.43.23,44345
2026-06-15,1.43.24,195692
2026-06-15,1.43.25,68154
2026-06-15,1.43.26,39601
2026-06-15,1.43.27,52918
2026-06-15,1.43.28,74732
2026-06-15,1.43.29,9947766
2026-06-15,1.43.3,25936
2026-06-15,1.43.30,1664265
2026-06-15,1.43.4,25763
2026-06-15,1.43.5,38677
2026-06-15,1.43.6,127705
2026-06-15,1.43.7,26457
2026-06-15,1.43.8,20427
2026-06-15,1.43.9,38141
2026-06-15,~other,32254090
2026-06-16,1.42.81,80255
2026-06-16,1.42.82,71805
2026-06-16,1.42.83,79081
2026-06-16,1.42.84,115063
2026-06-16,1.42.85,79920
2026-06-16,1.42.86,143277
2026-06-16,1.42.87,68644
2026-06-16,1.42.88,86942
2026-06-16,1.42.89,116593
2026-06-16,1.42.90,76499
2026-06-16,1.42.91,127977
2026-06-16,1.42.92,83092
2026-06-16,1.42.93,77460
2026-06-16,1.42.94,79225
2026-06-16,1.42.95,105532
2026-06-16,1.42.96,98751
2026-06-16,1.42.97,4412125
2026-06-16,1.43.0,1082245
2026-06-16,1.43.1,23911
2026-06-16,1.43.10,28413
2026-06-16,1.43.11,27552
2026-06-16,1.43.12,32013
2026-06-16,1.43.13,28355
2026-06-16,1.43.14,80349
2026-06-16,1.43.15,26514
2026-06-16,1.43.16,93765
2026-06-16,1.43.17,30787
2026-06-16,1.43.18,65790
2026-06-16,1.43.19,46600
2026-06-16,1.43.2,49777
2026-06-16,1.43.20,17957
2026-06-16,1.43.21,21823
2026-06-16,1.43.22,69183
2026-06-16,1.43.23,43079
2026-06-16,1.43.24,90074
2026-06-16,1.43.25,159923
2026-06-16,1.43.26,61259
2026-06-16,1.43.27,42532
2026-06-16,1.43.28,49484
2026-06-16,1.43.29,170907
2026-06-16,1.43.3,26473
2026-06-16,1.43.30,9991314
2026-06-16,1.43.31,2111549
2026-06-16,1.43.4,27626
2026-06-16,1.43.5,27951
2026-06-16,1.43.6,139675
2026-06-16,1.43.7,27015
2026-06-16,1.43.8,23299
2026-06-16,1.43.9,41640
2026-06-16,~other,32399758
2026-06-17,1.42.81,80321
2026-06-17,1.42.82,70058
2026-06-17,1.42.83,80770
2026-06-17,1.42.84,108661
2026-06-17,1.42.85,81879
2026-06-17,1.42.86,131035
2026-06-17,1.42.87,69847
2026-06-17,1.42.88,91962
2026-06-17,1.42.89,118332
2026-06-17,1.42.90,77414
2026-06-17,1.42.91,134074
2026-06-17,1.42.92,80373
2026-06-17,1.42.93,78033
2026-06-17,1.42.94,81816
2026-06-17,1.42.95,104212
2026-06-17,1.42.96,95454
2026-06-17,1.42.97,4402756
2026-06-17,1.43.0,1223902
2026-06-17,1.43.1,21998
2026-06-17,1.43.10,25939
2026-06-17,1.43.11,24682
2026-06-17,1.43.12,33375
2026-06-17,1.43.13,26165
2026-06-17,1.43.14,71094
2026-06-17,1.43.15,27832
2026-06-17,1.43.16,54509
2026-06-17,1.43.17,27853
2026-06-17,1.43.18,63375
2026-06-17,1.43.19,38616
2026-06-17,1.43.2,53621
2026-06-17,1.43.20,13363
2026-06-17,1.43.21,30388
2026-06-17,1.43.22,58634
2026-06-17,1.43.23,40557
2026-06-17,1.43.24,88092
2026-06-17,1.43.25,54159
2026-06-17,1.43.26,146054
2026-06-17,1.43.27,54813
2026-06-17,1.43.28,41594
2026-06-17,1.43.29,146384
2026-06-17,1.43.3,25579
2026-06-17,1.43.30,86961
2026-06-17,1.43.31,10554732
2026-06-17,1.43.32,1681418
2026-06-17,1.43.4,33520
2026-06-17,1.43.5,21191
2026-06-17,1.43.6,135415
2026-06-17,1.43.7,27440
2026-06-17,1.43.8,22402
2026-06-17,1.43.9,40216
2026-06-17,~other,33678970
2026-06-18,1.42.81,53357
2026-06-18,1.42.82,47416
2026-06-18,1.42.83,57064
2026-06-18,1.42.84,87593
2026-06-18,1.42.85,56213
2026-06-18,1.42.86,120482
2026-06-18,1.42.87,44692
2026-06-18,1.42.88,66874
2026-06-18,1.42.89,90771
2026-06-18,1.42.90,53077
2026-06-18,1.42.91,125563
2026-06-18,1.42.92,57002
2026-06-18,1.42.93,53148
2026-06-18,1.42.94,56342
2026-06-18,1.42.95,82285
2026-06-18,1.42.96,73839
2026-06-18,1.42.97,4435527
2026-06-18,1.43.0,1121457
2026-06-18,1.43.1,20540
2026-06-18,1.43.10,28438
2026-06-18,1.43.11,24385
2026-06-18,1.43.12,29148
2026-06-18,1.43.13,23722
2026-06-18,1.43.14,76575
2026-06-18,1.43.15,27957
2026-06-18,1.43.16,51849
2026-06-18,1.43.17,29960
2026-06-18,1.43.18,55256
2026-06-18,1.43.19,34505
2026-06-18,1.43.2,55650
2026-06-18,1.43.20,12964
2026-06-18,1.43.21,21459
2026-06-18,1.43.22,60044
2026-06-18,1.43.23,28343
2026-06-18,1.43.24,82620
2026-06-18,1.43.25,47901
2026-06-18,1.43.26,41098
2026-06-18,1.43.27,121350
2026-06-18,1.43.28,53491
2026-06-18,1.43.29,134683
2026-06-18,1.43.3,26322
2026-06-18,1.43.30,72661
2026-06-18,1.43.31,119351
2026-06-18,1.43.32,9890608
2026-06-18,1.43.33,2153750
2026-06-18,1.43.4,27805
2026-06-18,1.43.5,20309
2026-06-18,1.43.6,127924
2026-06-18,1.43.7,27236
2026-06-18,1.43.8,22253
2026-06-18,1.43.9,41122
2026-06-18,~other,29212606
2026-06-19,1.42.81,90046
2026-06-19,1.42.82,83884
2026-06-19,1.42.83,90946
2026-06-19,1.42.84,120716
2026-06-19,1.42.85,92180
2026-06-19,1.42.86,102498
2026-06-19,1.42.87,83241
2026-06-19,1.42.88,109059
2026-06-19,1.42.89,121544
2026-06-19,1.42.90,88766
2026-06-19,1.42.91,125207
2026-06-19,1.42.92,89905
2026-06-19,1.42.93,88925
2026-06-19,1.42.94,90276
2026-06-19,1.42.95,106281
2026-06-19,1.42.96,100750
2026-06-19,1.42.97,4249938
2026-06-19,1.43.0,968977
2026-06-19,1.43.1,16972
2026-06-19,1.43.10,18187
2026-06-19,1.43.11,17108
2026-06-19,1.43.12,19114
2026-06-19,1.43.13,22142
2026-06-19,1.43.14,51391
2026-06-19,1.43.15,18275
2026-06-19,1.43.16,25489
2026-06-19,1.43.17,20606
2026-06-19,1.43.18,32981
2026-06-19,1.43.19,23296
2026-06-19,1.43.2,38382
2026-06-19,1.43.20,7896
2026-06-19,1.43.21,15840
2026-06-19,1.43.22,36334
2026-06-19,1.43.23,23922
2026-06-19,1.43.24,70772
2026-06-19,1.43.25,33673
2026-06-19,1.43.26,31587
2026-06-19,1.43.27,35431
2026-06-19,1.43.28,113247
2026-06-19,1.43.29,106883
2026-06-19,1.43.3,15883
2026-06-19,1.43.30,59973
2026-06-19,1.43.31,62642
2026-06-19,1.43.32,70933
2026-06-19,1.43.33,9194436
2026-06-19,1.43.34,1723527
2026-06-19,1.43.4,20518
2026-06-19,1.43.5,13582
2026-06-19,1.43.6,96451
2026-06-19,1.43.7,23264
2026-06-19,1.43.8,18014
2026-06-19,1.43.9,26789
2026-06-19,~other,27408935
2026-06-20,1.42.81,61736
2026-06-20,1.42.82,58021
2026-06-20,1.42.83,64881
2026-06-20,1.42.84,71632
2026-06-20,1.42.85,64507
2026-06-20,1.42.86,64849
2026-06-20,1.42.87,56945
2026-06-20,1.42.88,60863
2026-06-20,1.42.89,82658
2026-06-20,1.42.90,60390
2026-06-20,1.42.91,77624
2026-06-20,1.42.92,62394
2026-06-20,1.42.93,61245
2026-06-20,1.42.94,65026
2026-06-20,1.42.95,73093
2026-06-20,1.42.96,67786
2026-06-20,1.42.97,3718042
2026-06-20,1.43.0,901394
2026-06-20,1.43.1,10330
2026-06-20,1.43.10,7331
2026-06-20,1.43.11,8805
2026-06-20,1.43.12,10245
2026-06-20,1.43.13,10582
2026-06-20,1.43.14,29907
2026-06-20,1.43.15,8974
2026-06-20,1.43.16,14658
2026-06-20,1.43.17,8055
2026-06-20,1.43.18,18192
2026-06-20,1.43.19,19050
2026-06-20,1.43.2,26394
2026-06-20,1.43.20,5136
2026-06-20,1.43.21,8388
2026-06-20,1.43.22,12778
2026-06-20,1.43.23,8198
2026-06-20,1.43.24,61183
2026-06-20,1.43.25,16902
2026-06-20,1.43.26,15040
2026-06-20,1.43.27,12235
2026-06-20,1.43.28,14909
2026-06-20,1.43.29,78673
2026-06-20,1.43.3,8898
2026-06-20,1.43.30,33502
2026-06-20,1.43.31,25866
2026-06-20,1.43.32,20343
2026-06-20,1.43.33,30199
2026-06-20,1.43.34,8226442
2026-06-20,1.43.4,9482
2026-06-20,1.43.5,7502
2026-06-20,1.43.6,52707
2026-06-20,1.43.7,9101
2026-06-20,1.43.8,17452
2026-06-20,1.43.9,15346
2026-06-20,~other,20742458
2026-06-21,1.42.81,61244
2026-06-21,1.42.82,57675
2026-06-21,1.42.83,63385
2026-06-21,1.42.84,68180
2026-06-21,1.42.85,61549
2026-06-21,1.42.86,61670
2026-06-21,1.42.87,56466
2026-06-21,1.42.88,61619
2026-06-21,1.42.89,79411
2026-06-21,1.42.90,59892
2026-06-21,1.42.91,78215
2026-06-21,1.42.92,61652
2026-06-21,1.42.93,60145
2026-06-21,1.42.94,60514
2026-06-21,1.42.95,77709
2026-06-21,1.42.96,67374
2026-06-21,1.42.97,3595252
2026-06-21,1.43.0,1140663
2026-06-21,1.43.1,7927
2026-06-21,1.43.10,6936
2026-06-21,1.43.11,11496
2026-06-21,1.43.12,9391
2026-06-21,1.43.13,10958
2026-06-21,1.43.14,30341
2026-06-21,1.43.15,7796
2026-06-21,1.43.16,20407
2026-06-21,1.43.17,10986
2026-06-21,1.43.18,19180
2026-06-21,1.43.19,12183
2026-06-21,1.43.2,29607
2026-06-21,1.43.20,6284
2026-06-21,1.43.21,8378
2026-06-21,1.43.22,12611
2026-06-21,1.43.23,8178
2026-06-21,1.43.24,56731
2026-06-21,1.43.25,15962
2026-06-21,1.43.26,13596
2026-06-21,1.43.27,12177
2026-06-21,1.43.28,15930
2026-06-21,1.43.29,76718
2026-06-21,1.43.3,9134
2026-06-21,1.43.30,18862
2026-06-21,1.43.31,32701
2026-06-21,1.43.32,25188
2026-06-21,1.43.33,24390
2026-06-21,1.43.34,8076602
2026-06-21,1.43.4,6894
2026-06-21,1.43.5,6414
2026-06-21,1.43.6,51226
2026-06-21,1.43.7,8617
2026-06-21,1.43.8,16573
2026-06-21,1.43.9,16138
2026-06-21,~other,20662922
2026-06-22,1.42.81,75480
2026-06-22,1.42.82,67806
2026-06-22,1.42.83,78361
2026-06-22,1.42.84,99531
2026-06-22,1.42.85,79345
2026-06-22,1.42.86,135407
2026-06-22,1.42.87,66597
2026-06-22,1.42.88,87967
2026-06-22,1.42.89,113613
2026-06-22,1.42.90,75053
2026-06-22,1.42.91,134877
2026-06-22,1.42.92,74931
2026-06-22,1.42.93,73601
2026-06-22,1.42.94,75860
2026-06-22,1.42.95,74874
2026-06-22,1.42.96,89330
2026-06-22,1.42.97,4427282
2026-06-22,1.43.0,1057522
2026-06-22,1.43.1,21661
2026-06-22,1.43.10,25097
2026-06-22,1.43.11,23971
2026-06-22,1.43.12,25372
2026-06-22,1.43.13,20661
2026-06-22,1.43.14,66256
2026-06-22,1.43.15,24127
2026-06-22,1.43.16,96696
2026-06-22,1.43.17,28824
2026-06-22,1.43.18,43754
2026-06-22,1.43.19,29897
2026-06-22,1.43.2,51070
2026-06-22,1.43.20,8922
2026-06-22,1.43.21,21107
2026-06-22,1.43.22,52322
2026-06-22,1.43.23,26754
2026-06-22,1.43.24,96024
2026-06-22,1.43.25,42754
2026-06-22,1.43.26,31739
2026-06-22,1.43.27,33172
2026-06-22,1.43.28,35087
2026-06-22,1.43.29,204349
2026-06-22,1.43.3,23983
2026-06-22,1.43.30,62813
2026-06-22,1.43.31,80688
2026-06-22,1.43.32,59209
2026-06-22,1.43.33,86111
2026-06-22,1.43.34,10141925
2026-06-22,1.43.35,1816810
2026-06-22,1.43.4,20555
2026-06-22,1.43.5,17454
2026-06-22,1.43.6,135900
2026-06-22,1.43.7,29844
2026-06-22,1.43.8,26236
2026-06-22,1.43.9,37095
2026-06-22,~other,29234418
2026-06-23,1.42.81,75045
2026-06-23,1.42.82,69510
2026-06-23,1.42.83,79644
2026-06-23,1.42.84,110866
2026-06-23,1.42.85,78835
2026-06-23,1.42.86,133495
2026-06-23,1.42.87,67315
2026-06-23,1.42.88,92410
2026-06-23,1.42.89,110397
2026-06-23,1.42.90,75581
2026-06-23,1.42.91,169511
2026-06-23,1.42.92,83201
2026-06-23,1.42.93,75557
2026-06-23,1.42.94,80369
2026-06-23,1.42.95,75817
2026-06-23,1.42.96,90996
2026-06-23,1.42.97,4589229
2026-06-23,1.43.0,1032463
2026-06-23,1.43.1,27120
2026-06-23,1.43.10,25112
2026-06-23,1.43.11,22672
2026-06-23,1.43.12,29594
2026-06-23,1.43.13,25441
2026-06-23,1.43.14,72602
2026-06-23,1.43.15,27294
2026-06-23,1.43.16,93998
2026-06-23,1.43.17,25807
2026-06-23,1.43.18,46090
2026-06-23,1.43.19,33004
2026-06-23,1.43.2,56604
2026-06-23,1.43.20,12163
2026-06-23,1.43.21,21383
2026-06-23,1.43.22,51029
2026-06-23,1.43.23,25533
2026-06-23,1.43.24,77685
2026-06-23,1.43.25,52191
2026-06-23,1.43.26,35955
2026-06-23,1.43.27,36377
2026-06-23,1.43.28,41319
2026-06-23,1.43.29,85552
2026-06-23,1.43.3,25631
2026-06-23,1.43.30,165928
2026-06-23,1.43.31,91399
2026-06-23,1.43.32,45682
2026-06-23,1.43.33,74211
2026-06-23,1.43.34,212886
2026-06-23,1.43.35,1362614
2026-06-23,1.43.36,10992803
2026-06-23,1.43.4,24089
2026-06-23,1.43.5,21950
2026-06-23,1.43.6,134959
2026-06-23,1.43.7,25071
2026-06-23,1.43.8,29004
2026-06-23,1.43.9,39958
2026-06-23,~other,29571073
2026-06-24,1.42.81,69006
2026-06-24,1.42.82,64122
2026-06-24,1.42.83,73743
2026-06-24,1.42.84,96898
2026-06-24,1.42.85,73512
2026-06-24,1.42.86,137791
2026-06-24,1.42.87,62460
2026-06-24,1.42.88,92104
2026-06-24,1.42.89,111268
2026-06-24,1.42.90,70507
2026-06-24,1.42.91,157902
2026-06-24,1.42.92,82763
2026-06-24,1.42.93,69023
2026-06-24,1.42.94,71142
2026-06-24,1.42.95,72194
2026-06-24,1.42.96,85008
2026-06-24,1.42.97,4597716
2026-06-24,1.43.0,978976
2026-06-24,1.43.1,22567
2026-06-24,1.43.10,25180
2026-06-24,1.43.11,24656
2026-06-24,1.43.12,26354
2026-06-24,1.43.13,25154
2026-06-24,1.43.14,70379
2026-06-24,1.43.15,30986
2026-06-24,1.43.16,86407
2026-06-24,1.43.17,28105
2026-06-24,1.43.18,45905
2026-06-24,1.43.19,33728
2026-06-24,1.43.2,51788
2026-06-24,1.43.20,12083
2026-06-24,1.43.21,19711
2026-06-24,1.43.22,50152
2026-06-24,1.43.23,28721
2026-06-24,1.43.24,96191
2026-06-24,1.43.25,40688
2026-06-24,1.43.26,45357
2026-06-24,1.43.27,32702
2026-06-24,1.43.28,40581
2026-06-24,1.43.29,78566
2026-06-24,1.43.3,24789
2026-06-24,1.43.30,50852
2026-06-24,1.43.31,186036
2026-06-24,1.43.32,57889
2026-06-24,1.43.33,57683
2026-06-24,1.43.34,187281
2026-06-24,1.43.35,22004
2026-06-24,1.43.36,11845316
2026-06-24,1.43.4,25353
2026-06-24,1.43.5,21454
2026-06-24,1.43.6,129923
2026-06-24,1.43.7,21513
2026-06-24,1.43.8,24851
2026-06-24,1.43.9,38703
2026-06-24,~other,28811665
2026-06-25,1.42.81,83472
2026-06-25,1.42.82,77849
2026-06-25,1.42.83,87754
2026-06-25,1.42.84,112207
2026-06-25,1.42.85,90716
2026-06-25,1.42.86,148899
2026-06-25,1.42.87,77153
2026-06-25,1.42.88,102821
2026-06-25,1.42.89,125419
2026-06-25,1.42.90,85096
2026-06-25,1.42.91,143978
2026-06-25,1.42.92,103975
2026-06-25,1.42.93,84057
2026-06-25,1.42.94,84304
2026-06-25,1.42.95,87731
2026-06-25,1.42.96,98190
2026-06-25,1.42.97,4969101
2026-06-25,1.43.0,998180
2026-06-25,1.43.1,23097
2026-06-25,1.43.10,25471
2026-06-25,1.43.11,23815
2026-06-25,1.43.12,26344
2026-06-25,1.43.13,29507
2026-06-25,1.43.14,73484
2026-06-25,1.43.15,28514
2026-06-25,1.43.16,103218
2026-06-25,1.43.17,29598
2026-06-25,1.43.18,44378
2026-06-25,1.43.19,37630
2026-06-25,1.43.2,51262
2026-06-25,1.43.20,13812
2026-06-25,1.43.21,22873
2026-06-25,1.43.22,50186
2026-06-25,1.43.23,31490
2026-06-25,1.43.24,74471
2026-06-25,1.43.25,43131
2026-06-25,1.43.26,32821
2026-06-25,1.43.27,43355
2026-06-25,1.43.28,39026
2026-06-25,1.43.29,75835
2026-06-25,1.43.3,27285
2026-06-25,1.43.30,54613
2026-06-25,1.43.31,45936
2026-06-25,1.43.32,154597
2026-06-25,1.43.33,72328
2026-06-25,1.43.34,178919
2026-06-25,1.43.35,32340
2026-06-25,1.43.36,11856897
2026-06-25,1.43.4,28129
2026-06-25,1.43.5,24822
2026-06-25,1.43.6,133071
2026-06-25,1.43.7,24633
2026-06-25,1.43.8,24886
2026-06-25,1.43.9,40365
2026-06-25,~other,29856412
2026-06-26,1.42.81,74790
2026-06-26,1.42.82,67861
2026-06-26,1.42.83,75459
2026-06-26,1.42.84,103601
2026-06-26,1.42.85,76126
2026-06-26,1.42.86,126288
2026-06-26,1.42.87,66223
2026-06-26,1.42.88,85463
2026-06-26,1.42.89,104302
2026-06-26,1.42.90,72438
2026-06-26,1.42.91,116317
2026-06-26,1.42.92,92943
2026-06-26,1.42.93,72209
2026-06-26,1.42.94,76604
2026-06-26,1.42.95,75073
2026-06-26,1.42.96,84155
2026-06-26,1.42.97,4170630
2026-06-26,1.43.0,814437
2026-06-26,1.43.1,21315
2026-06-26,1.43.10,21676
2026-06-26,1.43.11,19400
2026-06-26,1.43.12,26870
2026-06-26,1.43.13,21474
2026-06-26,1.43.14,57814
2026-06-26,1.43.15,22683
2026-06-26,1.43.16,66845
2026-06-26,1.43.17,21670
2026-06-26,1.43.18,37887
2026-06-26,1.43.19,30113
2026-06-26,1.43.2,46944
2026-06-26,1.43.20,11106
2026-06-26,1.43.21,17503
2026-06-26,1.43.22,44992
2026-06-26,1.43.23,24701
2026-06-26,1.43.24,59393
2026-06-26,1.43.25,41413
2026-06-26,1.43.26,38271
2026-06-26,1.43.27,30810
2026-06-26,1.43.28,40391
2026-06-26,1.43.29,61936
2026-06-26,1.43.3,24300
2026-06-26,1.43.30,44471
2026-06-26,1.43.31,33799
2026-06-26,1.43.32,35171
2026-06-26,1.43.33,131921
2026-06-26,1.43.34,144779
2026-06-26,1.43.35,36974
2026-06-26,1.43.36,11227140
2026-06-26,1.43.4,21994
2026-06-26,1.43.5,19587
2026-06-26,1.43.6,107580
2026-06-26,1.43.7,24599
2026-06-26,1.43.8,26962
2026-06-26,1.43.9,35803
2026-06-26,~other,26319960
2026-06-27,1.42.81,62050
2026-06-27,1.42.82,59605
2026-06-27,1.42.83,65901
2026-06-27,1.42.84,70492
2026-06-27,1.42.85,66091
2026-06-27,1.42.86,81480
2026-06-27,1.42.87,59071
2026-06-27,1.42.88,62491
2026-06-27,1.42.89,79292
2026-06-27,1.42.90,61835
2026-06-27,1.42.91,81852
2026-06-27,1.42.92,80804
2026-06-27,1.42.93,60242
2026-06-27,1.42.94,62282
2026-06-27,1.42.95,65750
2026-06-27,1.42.96,67199
2026-06-27,1.42.97,3590903
2026-06-27,1.43.0,599545
2026-06-27,1.43.1,9402
2026-06-27,1.43.10,7323
2026-06-27,1.43.11,8894
2026-06-27,1.43.12,10764
2026-06-27,1.43.13,11186
2026-06-27,1.43.14,23318
2026-06-27,1.43.15,8489
2026-06-27,1.43.16,17102
2026-06-27,1.43.17,7733
2026-06-27,1.43.18,17299
2026-06-27,1.43.19,12423
2026-06-27,1.43.2,27573
2026-06-27,1.43.20,5423
2026-06-27,1.43.21,8308
2026-06-27,1.43.22,12248
2026-06-27,1.43.23,8252
2026-06-27,1.43.24,36006
2026-06-27,1.43.25,15745
2026-06-27,1.43.26,10073
2026-06-27,1.43.27,12122
2026-06-27,1.43.28,13883
2026-06-27,1.43.29,41331
2026-06-27,1.43.3,8675
2026-06-27,1.43.30,14990
2026-06-27,1.43.31,13698
2026-06-27,1.43.32,17695
2026-06-27,1.43.33,18738
2026-06-27,1.43.34,74545
2026-06-27,1.43.35,8597
2026-06-27,1.43.36,7964134
2026-06-27,1.43.4,7971
2026-06-27,1.43.5,7882
2026-06-27,1.43.6,53307
2026-06-27,1.43.7,7256
2026-06-27,1.43.8,18289
2026-06-27,1.43.9,14336
2026-06-27,~other,20317515
2026-06-28,1.42.81,64524
2026-06-28,1.42.82,61238
2026-06-28,1.42.83,68078
2026-06-28,1.42.84,71937
2026-06-28,1.42.85,68772
2026-06-28,1.42.86,70448
2026-06-28,1.42.87,61021
2026-06-28,1.42.88,63981
2026-06-28,1.42.89,86052
2026-06-28,1.42.90,64308
2026-06-28,1.42.91,84568
2026-06-28,1.42.92,82469
2026-06-28,1.42.93,63286
2026-06-28,1.42.94,66680
2026-06-28,1.42.95,68131
2026-06-28,1.42.96,70571
2026-06-28,1.42.97,3545862
2026-06-28,1.43.0,616400
2026-06-28,1.43.1,7121
2026-06-28,1.43.10,6419
2026-06-28,1.43.11,7870
2026-06-28,1.43.12,8914
2026-06-28,1.43.13,10375
2026-06-28,1.43.14,27383
2026-06-28,1.43.15,7555
2026-06-28,1.43.16,27677
2026-06-28,1.43.17,11457
2026-06-28,1.43.18,17680
2026-06-28,1.43.19,11466
2026-06-28,1.43.2,25741
2026-06-28,1.43.20,4619
2026-06-28,1.43.21,12866
2026-06-28,1.43.22,8703
2026-06-28,1.43.23,7995
2026-06-28,1.43.24,35513
2026-06-28,1.43.25,14697
2026-06-28,1.43.26,8635
2026-06-28,1.43.27,11006
2026-06-28,1.43.28,10956
2026-06-28,1.43.29,46552
2026-06-28,1.43.3,6969
2026-06-28,1.43.30,15756
2026-06-28,1.43.31,16026
2026-06-28,1.43.32,12065
2026-06-28,1.43.33,18102
2026-06-28,1.43.34,70919
2026-06-28,1.43.35,15499
2026-06-28,1.43.36,7690356
2026-06-28,1.43.4,7282
2026-06-28,1.43.5,7161
2026-06-28,1.43.6,44683
2026-06-28,1.43.7,6385
2026-06-28,1.43.8,12331
2026-06-28,1.43.9,13514
2026-06-28,~other,21394134
2026-06-29,1.42.81,71766
2026-06-29,1.42.82,67929
2026-06-29,1.42.83,76143
2026-06-29,1.42.84,105564
2026-06-29,1.42.85,79091
2026-06-29,1.42.86,123481
2026-06-29,1.42.87,66815
2026-06-29,1.42.88,87655
2026-06-29,1.42.89,114254
2026-06-29,1.42.90,71306
2026-06-29,1.42.91,131730
2026-06-29,1.42.92,99457
2026-06-29,1.42.93,70078
2026-06-29,1.42.94,77806
2026-06-29,1.42.95,74532
2026-06-29,1.42.96,86693
2026-06-29,1.42.97,4213276
2026-06-29,1.43.0,894311
2026-06-29,1.43.1,18731
2026-06-29,1.43.10,19490
2026-06-29,1.43.11,19088
2026-06-29,1.43.12,22187
2026-06-29,1.43.13,22133
2026-06-29,1.43.14,56961
2026-06-29,1.43.15,23138
2026-06-29,1.43.16,146710
2026-06-29,1.43.17,21345
2026-06-29,1.43.18,41193
2026-06-29,1.43.19,28248
2026-06-29,1.43.2,44339
2026-06-29,1.43.20,9539
2026-06-29,1.43.21,21605
2026-06-29,1.43.22,48324
2026-06-29,1.43.23,19566
2026-06-29,1.43.24,56829
2026-06-29,1.43.25,35420
2026-06-29,1.43.26,28758
2026-06-29,1.43.27,28923
2026-06-29,1.43.28,29466
2026-06-29,1.43.29,79719
2026-06-29,1.43.3,22419
2026-06-29,1.43.30,43057
2026-06-29,1.43.31,37299
2026-06-29,1.43.32,26169
2026-06-29,1.43.33,38104
2026-06-29,1.43.34,222384
2026-06-29,1.43.35,53599
2026-06-29,1.43.36,9764597
2026-06-29,1.43.37,1577197
2026-06-29,1.43.4,20129
2026-06-29,1.43.5,17238
2026-06-29,1.43.6,104902
2026-06-29,1.43.7,20013
2026-06-29,1.43.8,22446
2026-06-29,1.43.9,33712
2026-06-29,~other,28754460
2026-06-30,1.42.81,82873
2026-06-30,1.42.82,76548
2026-06-30,1.42.83,87600
2026-06-30,1.42.84,112335
2026-06-30,1.42.85,85446
2026-06-30,1.42.86,152223
2026-06-30,1.42.87,74973
2026-06-30,1.42.88,100245
2026-06-30,1.42.89,121777
2026-06-30,1.42.90,81724
2026-06-30,1.42.91,160988
2026-06-30,1.42.92,121596
2026-06-30,1.42.93,79996
2026-06-30,1.42.94,84144
2026-06-30,1.42.95,85174
2026-06-30,1.42.96,97019
2026-06-30,1.42.97,4392382
2026-06-30,1.43.0,855247
2026-06-30,1.43.1,22942
2026-06-30,1.43.10,21541
2026-06-30,1.43.11,21293
2026-06-30,1.43.12,22171
2026-06-30,1.43.13,26294
2026-06-30,1.43.14,56143
2026-06-30,1.43.15,23257
2026-06-30,1.43.16,113638
2026-06-30,1.43.17,25867
2026-06-30,1.43.18,42072
2026-06-30,1.43.19,31199
2026-06-30,1.43.2,42743
2026-06-30,1.43.20,9975
2026-06-30,1.43.21,24285
2026-06-30,1.43.22,36784
2026-06-30,1.43.23,25657
2026-06-30,1.43.24,56215
2026-06-30,1.43.25,36510
2026-06-30,1.43.26,30304
2026-06-30,1.43.27,27783
2026-06-30,1.43.28,28472
2026-06-30,1.43.29,71096
2026-06-30,1.43.3,23301
2026-06-30,1.43.30,57091
2026-06-30,1.43.31,43754
2026-06-30,1.43.32,27700
2026-06-30,1.43.33,35970
2026-06-30,1.43.34,101860
2026-06-30,1.43.35,60452
2026-06-30,1.43.36,469974
2026-06-30,1.43.37,9888859
2026-06-30,1.43.38,1886686
2026-06-30,1.43.4,21554
2026-06-30,1.43.5,18729
2026-06-30,1.43.6,126282
2026-06-30,1.43.7,20100
2026-06-30,1.43.8,23939
2026-06-30,1.43.9,34800
2026-06-30,~other,30583923
2026-07-01,1.42.81,87184
2026-07-01,1.42.82,80586
2026-07-01,1.42.83,92878
2026-07-01,1.42.84,118387
2026-07-01,1.42.85,89245
2026-07-01,1.42.86,143440
2026-07-01,1.42.87,80001
2026-07-01,1.42.88,99481
2026-07-01,1.42.89,128415
2026-07-01,1.42.90,86113
2026-07-01,1.42.91,140392
2026-07-01,1.42.92,108630
2026-07-01,1.42.93,85516
2026-07-01,1.42.94,90578
2026-07-01,1.42.95,88948
2026-07-01,1.42.96,98999
2026-07-01,1.42.97,4449739
2026-07-01,1.43.0,840050
2026-07-01,1.43.1,21606
2026-07-01,1.43.10,24114
2026-07-01,1.43.11,18966
2026-07-01,1.43.12,22284
2026-07-01,1.43.13,23739
2026-07-01,1.43.14,56012
2026-07-01,1.43.15,22775
2026-07-01,1.43.16,85549
2026-07-01,1.43.17,26339
2026-07-01,1.43.18,40968
2026-07-01,1.43.19,28903
2026-07-01,1.43.2,43799
2026-07-01,1.43.20,10431
2026-07-01,1.43.21,22886
2026-07-01,1.43.22,31425
2026-07-01,1.43.23,23024
2026-07-01,1.43.24,53571
2026-07-01,1.43.25,36865
2026-07-01,1.43.26,26311
2026-07-01,1.43.27,28100
2026-07-01,1.43.28,30680
2026-07-01,1.43.29,76067
2026-07-01,1.43.3,23270
2026-07-01,1.43.30,34990
2026-07-01,1.43.31,52962
2026-07-01,1.43.32,30338
2026-07-01,1.43.33,34786
2026-07-01,1.43.34,93202
2026-07-01,1.43.35,41047
2026-07-01,1.43.36,387008
2026-07-01,1.43.37,110781
2026-07-01,1.43.38,10162240
2026-07-01,1.43.39,2119003
2026-07-01,1.43.4,21413
2026-07-01,1.43.5,18726
2026-07-01,1.43.6,114492
2026-07-01,1.43.7,22983
2026-07-01,1.43.8,24757
2026-07-01,1.43.9,35862
2026-07-01,~other,32554148
2026-07-02,1.42.81,75872
2026-07-02,1.42.82,72347
2026-07-02,1.42.83,83417
2026-07-02,1.42.84,101294
2026-07-02,1.42.85,82038
2026-07-02,1.42.86,127813
2026-07-02,1.42.87,71165
2026-07-02,1.42.88,84203
2026-07-02,1.42.89,117426
2026-07-02,1.42.90,76729
2026-07-02,1.42.91,122632
2026-07-02,1.42.92,78640
2026-07-02,1.42.93,76467
2026-07-02,1.42.94,80562
2026-07-02,1.42.95,80681
2026-07-02,1.42.96,90701
2026-07-02,1.42.97,4421577
2026-07-02,1.43.0,796699
2026-07-02,1.43.1,23472
2026-07-02,1.43.10,28494
2026-07-02,1.43.11,18721
2026-07-02,1.43.12,19669
2026-07-02,1.43.13,28012
2026-07-02,1.43.14,61011
2026-07-02,1.43.15,21458
2026-07-02,1.43.16,106384
2026-07-02,1.43.17,23481
2026-07-02,1.43.18,38372
2026-07-02,1.43.19,29584
2026-07-02,1.43.2,37542
2026-07-02,1.43.20,9187
2026-07-02,1.43.21,22857
2026-07-02,1.43.22,28045
2026-07-02,1.43.23,19359
2026-07-02,1.43.24,55131
2026-07-02,1.43.25,33732
2026-07-02,1.43.26,26400
2026-07-02,1.43.27,27045
2026-07-02,1.43.28,32140
2026-07-02,1.43.29,76209
2026-07-02,1.43.3,20609
2026-07-02,1.43.30,34511
2026-07-02,1.43.31,36617
2026-07-02,1.43.32,37708
2026-07-02,1.43.33,32581
2026-07-02,1.43.34,87406
2026-07-02,1.43.35,13674
2026-07-02,1.43.36,358239
2026-07-02,1.43.37,127147
2026-07-02,1.43.38,76744
2026-07-02,1.43.39,11583994
2026-07-02,1.43.4,20047
2026-07-02,1.43.5,18449
2026-07-02,1.43.6,120727
2026-07-02,1.43.7,23293
2026-07-02,1.43.8,21729
2026-07-02,1.43.9,36221
2026-07-02,~other,29264270
2026-07-03,1.42.81,70754
2026-07-03,1.42.82,67286
2026-07-03,1.42.83,75681
2026-07-03,1.42.84,86387
2026-07-03,1.42.85,73996
2026-07-03,1.42.86,76472
2026-07-03,1.42.87,65886
2026-07-03,1.42.88,75410
2026-07-03,1.42.89,98592
2026-07-03,1.42.90,70120
2026-07-03,1.42.91,107776
2026-07-03,1.42.92,71957
2026-07-03,1.42.93,70501
2026-07-03,1.42.94,72264
2026-07-03,1.42.95,75128
2026-07-03,1.42.96,81218
2026-07-03,1.42.97,4039780
2026-07-03,1.43.0,1013799
2026-07-03,1.43.1,16256
2026-07-03,1.43.10,21579
2026-07-03,1.43.11,13412
2026-07-03,1.43.12,14358
2026-07-03,1.43.13,25404
2026-07-03,1.43.14,45973
2026-07-03,1.43.15,14486
2026-07-03,1.43.16,71148
2026-07-03,1.43.17,16269
2026-07-03,1.43.18,26156
2026-07-03,1.43.19,22193
2026-07-03,1.43.2,30238
2026-07-03,1.43.20,6097
2026-07-03,1.43.21,17570
2026-07-03,1.43.22,20855
2026-07-03,1.43.23,14114
2026-07-03,1.43.24,42882
2026-07-03,1.43.25,23287
2026-07-03,1.43.26,18655
2026-07-03,1.43.27,18360
2026-07-03,1.43.28,20236
2026-07-03,1.43.29,73138
2026-07-03,1.43.3,15019
2026-07-03,1.43.30,25718
2026-07-03,1.43.31,24402
2026-07-03,1.43.32,21297
2026-07-03,1.43.33,34374
2026-07-03,1.43.34,64891
2026-07-03,1.43.35,11919
2026-07-03,1.43.36,266496
2026-07-03,1.43.37,78650
2026-07-03,1.43.38,43551
2026-07-03,1.43.39,320881
2026-07-03,1.43.4,14000
2026-07-03,1.43.40,10423431
2026-07-03,1.43.5,11554
2026-07-03,1.43.6,76080
2026-07-03,1.43.7,17154
2026-07-03,1.43.8,17158
2026-07-03,1.43.9,22270
2026-07-03,~other,24772427
2026-07-04,1.42.81,61885
2026-07-04,1.42.82,59287
2026-07-04,1.42.83,65392
2026-07-04,1.42.84,69025
2026-07-04,1.42.85,65156
2026-07-04,1.42.86,61426
2026-07-04,1.42.87,58933
2026-07-04,1.42.88,62327
2026-07-04,1.42.89,78546
2026-07-04,1.42.90,61430
2026-07-04,1.42.91,84342
2026-07-04,1.42.92,62722
2026-07-04,1.42.93,60526
2026-07-04,1.42.94,61893
2026-07-04,1.42.95,67049
2026-07-04,1.42.96,70024
2026-07-04,1.42.97,3515832
2026-07-04,1.43.0,699627
2026-07-04,1.43.1,10352
2026-07-04,1.43.10,15051
2026-07-04,1.43.11,6339
2026-07-04,1.43.12,7292
2026-07-04,1.43.13,20191
2026-07-04,1.43.14,24853
2026-07-04,1.43.15,6829
2026-07-04,1.43.16,9617
2026-07-04,1.43.17,6668
2026-07-04,1.43.18,17547
2026-07-04,1.43.19,11626
2026-07-04,1.43.2,25645
2026-07-04,1.43.20,4135
2026-07-04,1.43.21,20714
2026-07-04,1.43.22,8251
2026-07-04,1.43.23,6126
2026-07-04,1.43.24,30978
2026-07-04,1.43.25,11817
2026-07-04,1.43.26,9561
2026-07-04,1.43.27,10303
2026-07-04,1.43.28,10188
2026-07-04,1.43.29,59217
2026-07-04,1.43.3,7410
2026-07-04,1.43.30,9766
2026-07-04,1.43.31,10063
2026-07-04,1.43.32,11056
2026-07-04,1.43.33,24597
2026-07-04,1.43.34,30121
2026-07-04,1.43.35,4652
2026-07-04,1.43.36,116270
2026-07-04,1.43.37,27899
2026-07-04,1.43.38,22763
2026-07-04,1.43.39,26723
2026-07-04,1.43.4,7319
2026-07-04,1.43.40,7942282
2026-07-04,1.43.5,4584
2026-07-04,1.43.6,36560
2026-07-04,1.43.7,8171
2026-07-04,1.43.8,10868
2026-07-04,1.43.9,15210
2026-07-04,~other,20618468
2026-07-05,1.42.81,60639
2026-07-05,1.42.82,58263
2026-07-05,1.42.83,62837
2026-07-05,1.42.84,64827
2026-07-05,1.42.85,65506
2026-07-05,1.42.86,61565
2026-07-05,1.42.87,56856
2026-07-05,1.42.88,63928
2026-07-05,1.42.89,74556
2026-07-05,1.42.90,59090
2026-07-05,1.42.91,83465
2026-07-05,1.42.92,60808
2026-07-05,1.42.93,61924
2026-07-05,1.42.94,60454
2026-07-05,1.42.95,65238
2026-07-05,1.42.96,68083
2026-07-05,1.42.97,3424811
2026-07-05,1.43.0,831168
2026-07-05,1.43.1,9455
2026-07-05,1.43.10,14848
2026-07-05,1.43.11,6968
2026-07-05,1.43.12,6589
2026-07-05,1.43.13,17600
2026-07-05,1.43.14,23443
2026-07-05,1.43.15,6324
2026-07-05,1.43.16,9447
2026-07-05,1.43.17,11029
2026-07-05,1.43.18,22253
2026-07-05,1.43.19,10666
2026-07-05,1.43.2,28662
2026-07-05,1.43.20,3737
2026-07-05,1.43.21,15955
2026-07-05,1.43.22,8056
2026-07-05,1.43.23,6386
2026-07-05,1.43.24,33576
2026-07-05,1.43.25,11568
2026-07-05,1.43.26,9994
2026-07-05,1.43.27,9707
2026-07-05,1.43.28,10080
2026-07-05,1.43.29,45044
2026-07-05,1.43.3,6410
2026-07-05,1.43.30,9926
2026-07-05,1.43.31,12891
2026-07-05,1.43.32,10456
2026-07-05,1.43.33,23056
2026-07-05,1.43.34,39107
2026-07-05,1.43.35,4203
2026-07-05,1.43.36,137688
2026-07-05,1.43.37,16768
2026-07-05,1.43.38,23543
2026-07-05,1.43.39,30775
2026-07-05,1.43.4,5271
2026-07-05,1.43.40,8387787
2026-07-05,1.43.5,4130
2026-07-05,1.43.6,36520
2026-07-05,1.43.7,9720
2026-07-05,1.43.8,11265
2026-07-05,1.43.9,15316
2026-07-05,~other,20250751
2026-07-06,1.42.81,71748
2026-07-06,1.42.82,66940
2026-07-06,1.42.83,77429
2026-07-06,1.42.84,96028
2026-07-06,1.42.85,78769
2026-07-06,1.42.86,109766
2026-07-06,1.42.87,65934
2026-07-06,1.42.88,80754
2026-07-06,1.42.89,105121
2026-07-06,1.42.90,72088
2026-07-06,1.42.91,133885
2026-07-06,1.42.92,74460
2026-07-06,1.42.93,72615
2026-07-06,1.42.94,74066
2026-07-06,1.42.95,75848
2026-07-06,1.42.96,89340
2026-07-06,1.42.97,4121520
2026-07-06,1.43.0,1095188
2026-07-06,1.43.1,18757
2026-07-06,1.43.10,26391
2026-07-06,1.43.11,16806
2026-07-06,1.43.12,17260
2026-07-06,1.43.13,28385
2026-07-06,1.43.14,51808
2026-07-06,1.43.15,20008
2026-07-06,1.43.16,31838
2026-07-06,1.43.17,20527
2026-07-06,1.43.18,36818
2026-07-06,1.43.19,25514
2026-07-06,1.43.2,43691
2026-07-06,1.43.20,7415
2026-07-06,1.43.21,30570
2026-07-06,1.43.22,26654
2026-07-06,1.43.23,18647
2026-07-06,1.43.24,50068
2026-07-06,1.43.25,31275
2026-07-06,1.43.26,25467
2026-07-06,1.43.27,23723
2026-07-06,1.43.28,25918
2026-07-06,1.43.29,64671
2026-07-06,1.43.3,19450
2026-07-06,1.43.30,29834
2026-07-06,1.43.31,35221
2026-07-06,1.43.32,24925
2026-07-06,1.43.33,37334
2026-07-06,1.43.34,93318
2026-07-06,1.43.35,11878
2026-07-06,1.43.36,511661
2026-07-06,1.43.37,84698
2026-07-06,1.43.38,38973
2026-07-06,1.43.39,63882
2026-07-06,1.43.4,25303
2026-07-06,1.43.40,9886373
2026-07-06,1.43.41,2115345
2026-07-06,1.43.5,13900
2026-07-06,1.43.6,95549
2026-07-06,1.43.7,18505
2026-07-06,1.43.8,20141
2026-07-06,1.43.9,32243
2026-07-06,~other,28128550
2026-07-07,1.42.81,72283
2026-07-07,1.42.82,69204
2026-07-07,1.42.83,78575
2026-07-07,1.42.84,103502
2026-07-07,1.42.85,78034
2026-07-07,1.42.86,114182
2026-07-07,1.42.87,65834
2026-07-07,1.42.88,79610
2026-07-07,1.42.89,107055
2026-07-07,1.42.90,73275
2026-07-07,1.42.91,133797
2026-07-07,1.42.92,74677
2026-07-07,1.42.93,74261
2026-07-07,1.42.94,75748
2026-07-07,1.42.95,76031
2026-07-07,1.42.96,88075
2026-07-07,1.42.97,4391610
2026-07-07,1.43.0,1038694
2026-07-07,1.43.1,20037
2026-07-07,1.43.10,30468
2026-07-07,1.43.11,18070
2026-07-07,1.43.12,19390
2026-07-07,1.43.13,23732
2026-07-07,1.43.14,58242
2026-07-07,1.43.15,21734
2026-07-07,1.43.16,41227
2026-07-07,1.43.17,23982
2026-07-07,1.43.18,41101
2026-07-07,1.43.19,28663
2026-07-07,1.43.2,51572
2026-07-07,1.43.20,7835
2026-07-07,1.43.21,21357
2026-07-07,1.43.22,24970
2026-07-07,1.43.23,18331
2026-07-07,1.43.24,55363
2026-07-07,1.43.25,36050
2026-07-07,1.43.26,25648
2026-07-07,1.43.27,22902
2026-07-07,1.43.28,32516
2026-07-07,1.43.29,64399
2026-07-07,1.43.3,18239
2026-07-07,1.43.30,31452
2026-07-07,1.43.31,35821
2026-07-07,1.43.32,27053
2026-07-07,1.43.33,32669
2026-07-07,1.43.34,82935
2026-07-07,1.43.35,11507
2026-07-07,1.43.36,232076
2026-07-07,1.43.37,171847
2026-07-07,1.43.38,48969
2026-07-07,1.43.39,53591
2026-07-07,1.43.4,24499
2026-07-07,1.43.40,275473
2026-07-07,1.43.41,9969066
2026-07-07,1.43.42,2144341
2026-07-07,1.43.5,15219
2026-07-07,1.43.6,113354
2026-07-07,1.43.7,22495
2026-07-07,1.43.8,21708
2026-07-07,1.43.9,36597
2026-07-07,~other,29791433
2026-07-08,1.42.81,75321
2026-07-08,1.42.82,71497
2026-07-08,1.42.83,81283
2026-07-08,1.42.84,107844
2026-07-08,1.42.85,78627
2026-07-08,1.42.86,90246
2026-07-08,1.42.87,68815
2026-07-08,1.42.88,82523
2026-07-08,1.42.89,103815
2026-07-08,1.42.90,76127
2026-07-08,1.42.91,148517
2026-07-08,1.42.92,76073
2026-07-08,1.42.93,74464
2026-07-08,1.42.94,81293
2026-07-08,1.42.95,78944
2026-07-08,1.42.96,93674
2026-07-08,1.42.97,4566122
2026-07-08,1.43.0,949029
2026-07-08,1.43.1,22509
2026-07-08,1.43.10,29782
2026-07-08,1.43.11,18986
2026-07-08,1.43.12,21558
2026-07-08,1.43.13,22728
2026-07-08,1.43.14,63521
2026-07-08,1.43.15,23639
2026-07-08,1.43.16,29612
2026-07-08,1.43.17,22718
2026-07-08,1.43.18,42539
2026-07-08,1.43.19,28529
2026-07-08,1.43.2,47971
2026-07-08,1.43.20,8896
2026-07-08,1.43.21,15872
2026-07-08,1.43.22,23109
2026-07-08,1.43.23,23994
2026-07-08,1.43.24,53055
2026-07-08,1.43.25,35515
2026-07-08,1.43.26,25268
2026-07-08,1.43.27,25383
2026-07-08,1.43.28,29485
2026-07-08,1.43.29,68117
2026-07-08,1.43.3,18460
2026-07-08,1.43.30,32402
2026-07-08,1.43.31,33137
2026-07-08,1.43.32,29027
2026-07-08,1.43.33,40504
2026-07-08,1.43.34,76325
2026-07-08,1.43.35,10741
2026-07-08,1.43.36,374422
2026-07-08,1.43.37,89415
2026-07-08,1.43.38,164495
2026-07-08,1.43.39,81877
2026-07-08,1.43.4,27534
2026-07-08,1.43.40,261891
2026-07-08,1.43.41,92456
2026-07-08,1.43.42,9972425
2026-07-08,1.43.43,2150380
2026-07-08,1.43.5,18125
2026-07-08,1.43.6,105821
2026-07-08,1.43.7,23484
2026-07-08,1.43.8,23106
2026-07-08,1.43.9,38285
2026-07-08,~other,31170057
2026-07-09,1.42.81,76243
2026-07-09,1.42.82,72179
2026-07-09,1.42.83,80294
2026-07-09,1.42.84,104953
2026-07-09,1.42.85,77346
2026-07-09,1.42.86,75402
2026-07-09,1.42.87,68356
2026-07-09,1.42.88,80043
2026-07-09,1.42.89,105546
2026-07-09,1.42.90,77928
2026-07-09,1.42.91,137755
2026-07-09,1.42.92,75778
2026-07-09,1.42.93,74317
2026-07-09,1.42.94,78605
2026-07-09,1.42.95,79569
2026-07-09,1.42.96,92873
2026-07-09,1.42.97,4503159
2026-07-09,1.43.0,907344
2026-07-09,1.43.1,22688
2026-07-09,1.43.10,29129
2026-07-09,1.43.11,20871
2026-07-09,1.43.12,23874
2026-07-09,1.43.13,27650
2026-07-09,1.43.14,57593
2026-07-09,1.43.15,23868
2026-07-09,1.43.16,25821
2026-07-09,1.43.17,22111
2026-07-09,1.43.18,41734
2026-07-09,1.43.19,29592
2026-07-09,1.43.2,53889
2026-07-09,1.43.20,10088
2026-07-09,1.43.21,17527
2026-07-09,1.43.22,22155
2026-07-09,1.43.23,22285
2026-07-09,1.43.24,54100
2026-07-09,1.43.25,35133
2026-07-09,1.43.26,24621
2026-07-09,1.43.27,26725
2026-07-09,1.43.28,30118
2026-07-09,1.43.29,75715
2026-07-09,1.43.3,19886
2026-07-09,1.43.30,33296
2026-07-09,1.43.31,32123
2026-07-09,1.43.32,23921
2026-07-09,1.43.33,30773
2026-07-09,1.43.34,75278
2026-07-09,1.43.35,12060
2026-07-09,1.43.36,171555
2026-07-09,1.43.37,70790
2026-07-09,1.43.38,37998
2026-07-09,1.43.39,403949
2026-07-09,1.43.4,26629
2026-07-09,1.43.40,192711
2026-07-09,1.43.41,66838
2026-07-09,1.43.42,85957
2026-07-09,1.43.43,376371
2026-07-09,1.43.44,9549634
2026-07-09,1.43.45,2143820
2026-07-09,1.43.5,20089
2026-07-09,1.43.6,94419
2026-07-09,1.43.7,26920
2026-07-09,1.43.8,22465
2026-07-09,1.43.9,34886
2026-07-09,~other,34942685
2026-07-10,1.42.81,77335
2026-07-10,1.42.82,76274
2026-07-10,1.42.83,85230
2026-07-10,1.42.84,108483
2026-07-10,1.42.85,82638
2026-07-10,1.42.86,76354
2026-07-10,1.42.87,71733
2026-07-10,1.42.88,85719
2026-07-10,1.42.89,107711
2026-07-10,1.42.90,79991
2026-07-10,1.42.91,131647
2026-07-10,1.42.92,78114
2026-07-10,1.42.93,77188
2026-07-10,1.42.94,81436
2026-07-10,1.42.95,82281
2026-07-10,1.42.96,92596
2026-07-10,1.42.97,4244795
2026-07-10,1.43.0,844353
2026-07-10,1.43.1,24127
2026-07-10,1.43.10,28578
2026-07-10,1.43.11,16858
2026-07-10,1.43.12,18558
2026-07-10,1.43.13,23794
2026-07-10,1.43.14,51135
2026-07-10,1.43.15,21211
2026-07-10,1.43.16,20518
2026-07-10,1.43.17,19761
2026-07-10,1.43.18,36397
2026-07-10,1.43.19,23899
2026-07-10,1.43.2,41485
2026-07-10,1.43.20,10067
2026-07-10,1.43.21,16091
2026-07-10,1.43.22,19640
2026-07-10,1.43.23,22885
2026-07-10,1.43.24,54163
2026-07-10,1.43.25,30522
2026-07-10,1.43.26,23696
2026-07-10,1.43.27,26921
2026-07-10,1.43.28,28308
2026-07-10,1.43.29,62831
2026-07-10,1.43.3,15805
2026-07-10,1.43.30,31271
2026-07-10,1.43.31,30644
2026-07-10,1.43.32,27966
2026-07-10,1.43.33,28617
2026-07-10,1.43.34,66318
2026-07-10,1.43.35,11088
2026-07-10,1.43.36,149713
2026-07-10,1.43.37,58364
2026-07-10,1.43.38,36798
2026-07-10,1.43.39,56358
2026-07-10,1.43.4,18868
2026-07-10,1.43.40,526065
2026-07-10,1.43.41,64955
2026-07-10,1.43.42,47966
2026-07-10,1.43.43,17715
2026-07-10,1.43.44,59004
2026-07-10,1.43.45,9569800
2026-07-10,1.43.46,1926207
2026-07-10,1.43.5,13923
2026-07-10,1.43.6,91767
2026-07-10,1.43.7,24914
2026-07-10,1.43.8,21151
2026-07-10,1.43.9,32529
2026-07-10,~other,35655728
2026-07-11,1.42.81,71693
2026-07-11,1.42.82,75046
2026-07-11,1.42.83,77632
2026-07-11,1.42.84,81638
2026-07-11,1.42.85,74265
2026-07-11,1.42.86,70989
2026-07-11,1.42.87,68761
2026-07-11,1.42.88,71123
2026-07-11,1.42.89,81752
2026-07-11,1.42.90,71471
2026-07-11,1.42.91,95475
2026-07-11,1.42.92,71518
2026-07-11,1.42.93,71728
2026-07-11,1.42.94,73130
2026-07-11,1.42.95,75720
2026-07-11,1.42.96,80640
2026-07-11,1.42.97,3560468
2026-07-11,1.43.0,543135
2026-07-11,1.43.1,11483
2026-07-11,1.43.10,17351
2026-07-11,1.43.11,8153
2026-07-11,1.43.12,9138
2026-07-11,1.43.13,14989
2026-07-11,1.43.14,28072
2026-07-11,1.43.15,7395
2026-07-11,1.43.16,10617
2026-07-11,1.43.17,12863
2026-07-11,1.43.18,20964
2026-07-11,1.43.19,12632
2026-07-11,1.43.2,26798
2026-07-11,1.43.20,5502
2026-07-11,1.43.21,7648
2026-07-11,1.43.22,9959
2026-07-11,1.43.23,14663
2026-07-11,1.43.24,37084
2026-07-11,1.43.25,14052
2026-07-11,1.43.26,14432
2026-07-11,1.43.27,12844
2026-07-11,1.43.28,14552
2026-07-11,1.43.29,20306
2026-07-11,1.43.3,10386
2026-07-11,1.43.30,11335
2026-07-11,1.43.31,11239
2026-07-11,1.43.32,11983
2026-07-11,1.43.33,18415
2026-07-11,1.43.34,24008
2026-07-11,1.43.35,6579
2026-07-11,1.43.36,59038
2026-07-11,1.43.37,23480
2026-07-11,1.43.38,12316
2026-07-11,1.43.39,26702
2026-07-11,1.43.4,5796
2026-07-11,1.43.40,97023
2026-07-11,1.43.41,31182
2026-07-11,1.43.42,21272
2026-07-11,1.43.43,7635
2026-07-11,1.43.44,17267
2026-07-11,1.43.45,35721
2026-07-11,1.43.46,7836887
2026-07-11,1.43.5,6680
2026-07-11,1.43.6,47282
2026-07-11,1.43.7,10546
2026-07-11,1.43.8,11378
2026-07-11,1.43.9,15168
2026-07-11,~other,21877633
2026-07-12,1.42.81,62753
2026-07-12,1.42.82,64421
2026-07-12,1.42.83,67781
2026-07-12,1.42.84,70483
2026-07-12,1.42.85,63218
2026-07-12,1.42.86,62394
2026-07-12,1.42.87,59510
2026-07-12,1.42.88,63719
2026-07-12,1.42.89,73035
2026-07-12,1.42.90,62977
2026-07-12,1.42.91,80523
2026-07-12,1.42.92,62502
2026-07-12,1.42.93,62623
2026-07-12,1.42.94,64161
2026-07-12,1.42.95,66945
2026-07-12,1.42.96,70426
2026-07-12,1.42.97,3456776
2026-07-12,1.43.0,570666
2026-07-12,1.43.1,10818
2026-07-12,1.43.10,18464
2026-07-12,1.43.11,9559
2026-07-12,1.43.12,9177
2026-07-12,1.43.13,18554
2026-07-12,1.43.14,30976
2026-07-12,1.43.15,9408
2026-07-12,1.43.16,12110
2026-07-12,1.43.17,15684
2026-07-12,1.43.18,19274
2026-07-12,1.43.19,13206
2026-07-12,1.43.2,31385
2026-07-12,1.43.20,5428
2026-07-12,1.43.21,8229
2026-07-12,1.43.22,9329
2026-07-12,1.43.23,14065
2026-07-12,1.43.24,35477
2026-07-12,1.43.25,13216
2026-07-12,1.43.26,13011
2026-07-12,1.43.27,11432
2026-07-12,1.43.28,11335
2026-07-12,1.43.29,22749
2026-07-12,1.43.3,8341
2026-07-12,1.43.30,12157
2026-07-12,1.43.31,10805
2026-07-12,1.43.32,10106
2026-07-12,1.43.33,19337
2026-07-12,1.43.34,27320
2026-07-12,1.43.35,6173
2026-07-12,1.43.36,61722
2026-07-12,1.43.37,23932
2026-07-12,1.43.38,12984
2026-07-12,1.43.39,24764
2026-07-12,1.43.4,4857
2026-07-12,1.43.40,82998
2026-07-12,1.43.41,22978
2026-07-12,1.43.42,24709
2026-07-12,1.43.43,9825
2026-07-12,1.43.44,18598
2026-07-12,1.43.45,26557
2026-07-12,1.43.46,7812992
2026-07-12,1.43.5,5948
2026-07-12,1.43.6,41318
2026-07-12,1.43.7,11990
2026-07-12,1.43.8,11299
2026-07-12,1.43.9,14904
2026-07-12,~other,20320711
2026-07-13,1.42.81,74797
2026-07-13,1.42.82,73549
2026-07-13,1.42.83,83604
2026-07-13,1.42.84,107560
2026-07-13,1.42.85,77600
2026-07-13,1.42.86,73770
2026-07-13,1.42.87,68585
2026-07-13,1.42.88,82031
2026-07-13,1.42.89,107791
2026-07-13,1.42.90,78170
2026-07-13,1.42.91,125358
2026-07-13,1.42.92,77593
2026-07-13,1.42.93,75665
2026-07-13,1.42.94,78184
2026-07-13,1.42.95,77429
2026-07-13,1.42.96,91756
2026-07-13,1.42.97,4319876
2026-07-13,1.43.0,849624
2026-07-13,1.43.1,23802
2026-07-13,1.43.10,27966
2026-07-13,1.43.11,18177
2026-07-13,1.43.12,23690
2026-07-13,1.43.13,28760
2026-07-13,1.43.14,60704
2026-07-13,1.43.15,25376
2026-07-13,1.43.16,30113
2026-07-13,1.43.17,24156
2026-07-13,1.43.18,38330
2026-07-13,1.43.19,27318
2026-07-13,1.43.2,46190
2026-07-13,1.43.20,9766
2026-07-13,1.43.21,19641
2026-07-13,1.43.22,20496
2026-07-13,1.43.23,29603
2026-07-13,1.43.24,50545
2026-07-13,1.43.25,33534
2026-07-13,1.43.26,27651
2026-07-13,1.43.27,24194
2026-07-13,1.43.28,27122
2026-07-13,1.43.29,42771
2026-07-13,1.43.3,17042
2026-07-13,1.43.30,26809
2026-07-13,1.43.31,29136
2026-07-13,1.43.32,22228
2026-07-13,1.43.33,29889
2026-07-13,1.43.34,74647
2026-07-13,1.43.35,11968
2026-07-13,1.43.36,170585
2026-07-13,1.43.37,79720
2026-07-13,1.43.38,37169
2026-07-13,1.43.39,46862
2026-07-13,1.43.4,24856
2026-07-13,1.43.40,238606
2026-07-13,1.43.41,80170
2026-07-13,1.43.42,40366
2026-07-13,1.43.43,12933
2026-07-13,1.43.44,45679
2026-07-13,1.43.45,85106
2026-07-13,1.43.46,9751795
2026-07-13,1.43.47,2421214
2026-07-13,1.43.5,15411
2026-07-13,1.43.6,96815
2026-07-13,1.43.7,26219
2026-07-13,1.43.8,20593
2026-07-13,1.43.9,32903
2026-07-13,~other,27738814
2026-07-14,1.42.81,78206
2026-07-14,1.42.82,76226
2026-07-14,1.42.83,87485
2026-07-14,1.42.84,112609
2026-07-14,1.42.85,82164
2026-07-14,1.42.86,79205
2026-07-14,1.42.87,71909
2026-07-14,1.42.88,87462
2026-07-14,1.42.89,108698
2026-07-14,1.42.90,81258
2026-07-14,1.42.91,132929
2026-07-14,1.42.92,82951
2026-07-14,1.42.93,78503
2026-07-14,1.42.94,85933
2026-07-14,1.42.95,80308
2026-07-14,1.42.96,95338
2026-07-14,1.42.97,4719543
2026-07-14,1.43.0,895875
2026-07-14,1.43.1,22893
2026-07-14,1.43.10,27969
2026-07-14,1.43.11,17015
2026-07-14,1.43.12,21310
2026-07-14,1.43.13,34601
2026-07-14,1.43.14,65103
2026-07-14,1.43.15,21861
2026-07-14,1.43.16,25617
2026-07-14,1.43.17,29522
2026-07-14,1.43.18,37175
2026-07-14,1.43.19,25340
2026-07-14,1.43.2,42598
2026-07-14,1.43.20,8299
2026-07-14,1.43.21,17913
2026-07-14,1.43.22,22154
2026-07-14,1.43.23,26280
2026-07-14,1.43.24,46217
2026-07-14,1.43.25,37381
2026-07-14,1.43.26,28747
2026-07-14,1.43.27,27145
2026-07-14,1.43.28,26558
2026-07-14,1.43.29,40672
2026-07-14,1.43.3,20065
2026-07-14,1.43.30,24731
2026-07-14,1.43.31,27887
2026-07-14,1.43.32,23787
2026-07-14,1.43.33,27913
2026-07-14,1.43.34,78831
2026-07-14,1.43.35,11573
2026-07-14,1.43.36,236537
2026-07-14,1.43.37,85711
2026-07-14,1.43.38,36851
2026-07-14,1.43.39,51259
2026-07-14,1.43.4,26533
2026-07-14,1.43.40,131868
2026-07-14,1.43.41,233000
2026-07-14,1.43.42,80765
2026-07-14,1.43.43,10286
2026-07-14,1.43.44,31889
2026-07-14,1.43.45,64698
2026-07-14,1.43.46,210703
2026-07-14,1.43.47,10271221
2026-07-14,1.43.48,2259471
2026-07-14,1.43.5,16814
2026-07-14,1.43.6,99221
2026-07-14,1.43.7,26215
2026-07-14,1.43.8,17267
2026-07-14,1.43.9,32579
2026-07-14,~other,28554345
2026-07-15,1.42.81,83125
2026-07-15,1.42.82,76752
2026-07-15,1.42.83,90186
2026-07-15,1.42.84,112549
2026-07-15,1.42.85,86297
2026-07-15,1.42.86,83488
2026-07-15,1.42.87,74407
2026-07-15,1.42.88,84793
2026-07-15,1.42.89,113424
2026-07-15,1.42.90,84758
2026-07-15,1.42.91,134705
2026-07-15,1.42.92,82518
2026-07-15,1.42.93,83384
2026-07-15,1.42.94,87129
2026-07-15,1.42.95,83016
2026-07-15,1.42.96,101703
2026-07-15,1.42.97,4421951
2026-07-15,1.43.0,888674
2026-07-15,1.43.1,23907
2026-07-15,1.43.10,26070
2026-07-15,1.43.11,18090
2026-07-15,1.43.12,21776
2026-07-15,1.43.13,25317
2026-07-15,1.43.14,60204
2026-07-15,1.43.15,23716
2026-07-15,1.43.16,24032
2026-07-15,1.43.17,31310
2026-07-15,1.43.18,33683
2026-07-15,1.43.19,25255
2026-07-15,1.43.2,46723
2026-07-15,1.43.20,8877
2026-07-15,1.43.21,17808
2026-07-15,1.43.22,19360
2026-07-15,1.43.23,26918
2026-07-15,1.43.24,48577
2026-07-15,1.43.25,32968
2026-07-15,1.43.26,27309
2026-07-15,1.43.27,25032
2026-07-15,1.43.28,24615
2026-07-15,1.43.29,34972
2026-07-15,1.43.3,20360
2026-07-15,1.43.30,25049
2026-07-15,1.43.31,26835
2026-07-15,1.43.32,22990
2026-07-15,1.43.33,26120
2026-07-15,1.43.34,75740
2026-07-15,1.43.35,11325
2026-07-15,1.43.36,162204
2026-07-15,1.43.37,72630
2026-07-15,1.43.38,50768
2026-07-15,1.43.39,54947
2026-07-15,1.43.4,22266
2026-07-15,1.43.40,120699
2026-07-15,1.43.41,55772
2026-07-15,1.43.42,151344
2026-07-15,1.43.43,32120
2026-07-15,1.43.44,29189
2026-07-15,1.43.45,50702
2026-07-15,1.43.46,198863
2026-07-15,1.43.47,143045
2026-07-15,1.43.48,10137057
2026-07-15,1.43.49,2195774
2026-07-15,1.43.5,17099
2026-07-15,1.43.6,101894
2026-07-15,1.43.7,24523
2026-07-15,1.43.8,17851
2026-07-15,1.43.9,32718
2026-07-15,~other,32143367
2026-07-16,1.42.81,78957
2026-07-16,1.42.82,76526
2026-07-16,1.42.83,88469
2026-07-16,1.42.84,110061
2026-07-16,1.42.85,81963
2026-07-16,1.42.86,79425
2026-07-16,1.42.87,72519
2026-07-16,1.42.88,86541
2026-07-16,1.42.89,110396
2026-07-16,1.42.90,83792
2026-07-16,1.42.91,133720
2026-07-16,1.42.92,81858
2026-07-16,1.42.93,79845
2026-07-16,1.42.94,83341
2026-07-16,1.42.95,80986
2026-07-16,1.42.96,99949
2026-07-16,1.42.97,4594181
2026-07-16,1.43.0,922217
2026-07-16,1.43.1,21431
2026-07-16,1.43.10,28927
2026-07-16,1.43.11,17014
2026-07-16,1.43.12,20444
2026-07-16,1.43.13,26835
2026-07-16,1.43.14,57156
2026-07-16,1.43.15,21214
2026-07-16,1.43.16,24491
2026-07-16,1.43.17,19750
2026-07-16,1.43.18,34732
2026-07-16,1.43.19,25400
2026-07-16,1.43.2,41086
2026-07-16,1.43.20,7488
2026-07-16,1.43.21,18501
2026-07-16,1.43.22,19183
2026-07-16,1.43.23,25244
2026-07-16,1.43.24,48006
2026-07-16,1.43.25,34947
2026-07-16,1.43.26,33673
2026-07-16,1.43.27,23485
2026-07-16,1.43.28,22955
2026-07-16,1.43.29,39299
2026-07-16,1.43.3,17934
2026-07-16,1.43.30,23937
2026-07-16,1.43.31,26012
2026-07-16,1.43.32,21898
2026-07-16,1.43.33,24607
2026-07-16,1.43.34,71043
2026-07-16,1.43.35,9791
2026-07-16,1.43.36,231515
2026-07-16,1.43.37,63114
2026-07-16,1.43.38,37009
2026-07-16,1.43.39,71131
2026-07-16,1.43.4,21918
2026-07-16,1.43.40,105007
2026-07-16,1.43.41,48956
2026-07-16,1.43.42,38345
2026-07-16,1.43.43,14980
2026-07-16,1.43.44,137733
2026-07-16,1.43.45,62525
2026-07-16,1.43.46,185089
2026-07-16,1.43.47,114121
2026-07-16,1.43.48,83498
2026-07-16,1.43.49,10353357
2026-07-16,1.43.5,15917
2026-07-16,1.43.50,2171447
2026-07-16,1.43.6,111754
2026-07-16,1.43.7,24158
2026-07-16,1.43.8,14152
2026-07-16,1.43.9,32527
2026-07-16,~other,31834143
2026-07-17,1.42.81,81120
2026-07-17,1.42.82,78743
2026-07-17,1.42.83,88453
2026-07-17,1.42.84,105633
2026-07-17,1.42.85,82343
2026-07-17,1.42.86,78792
2026-07-17,1.42.87,74372
2026-07-17,1.42.88,85023
2026-07-17,1.42.89,106747
2026-07-17,1.42.90,82740
2026-07-17,1.42.91,126708
2026-07-17,1.42.92,82226
2026-07-17,1.42.93,80732
2026-07-17,1.42.94,83480
2026-07-17,1.42.95,82106
2026-07-17,1.42.96,97402
2026-07-17,1.42.97,4224488
2026-07-17,1.43.0,445078
2026-07-17,1.43.1,21939
2026-07-17,1.43.10,25522
2026-07-17,1.43.11,14793
2026-07-17,1.43.12,20066
2026-07-17,1.43.13,24329
2026-07-17,1.43.14,49249
2026-07-17,1.43.15,18604
2026-07-17,1.43.16,22581
2026-07-17,1.43.17,18204
2026-07-17,1.43.18,31570
2026-07-17,1.43.19,24836
2026-07-17,1.43.2,36899
2026-07-17,1.43.20,7694
2026-07-17,1.43.21,15963
2026-07-17,1.43.22,20737
2026-07-17,1.43.23,23537
2026-07-17,1.43.24,43889
2026-07-17,1.43.25,33691
2026-07-17,1.43.26,24256
2026-07-17,1.43.27,24198
2026-07-17,1.43.28,22998
2026-07-17,1.43.29,27692
2026-07-17,1.43.3,17471
2026-07-17,1.43.30,23411
2026-07-17,1.43.31,23718
2026-07-17,1.43.32,22474
2026-07-17,1.43.33,48570
2026-07-17,1.43.34,70280
2026-07-17,1.43.35,9421
2026-07-17,1.43.36,138465
2026-07-17,1.43.37,51045
2026-07-17,1.43.38,33506
2026-07-17,1.43.39,56868
2026-07-17,1.43.4,20632
2026-07-17,1.43.40,111457
2026-07-17,1.43.41,45846
2026-07-17,1.43.42,34539
2026-07-17,1.43.43,12018
2026-07-17,1.43.44,27004
2026-07-17,1.43.45,138233
2026-07-17,1.43.46,673628
2026-07-17,1.43.47,96238
2026-07-17,1.43.48,57322
2026-07-17,1.43.49,80947
2026-07-17,1.43.5,14321
2026-07-17,1.43.50,9646118
2026-07-17,1.43.51,2068691
2026-07-17,1.43.6,91865
2026-07-17,1.43.7,22132
2026-07-17,1.43.8,15055
2026-07-17,1.43.9,30945
2026-07-17,~other,32699872
2026-07-18,1.42.81,63641
2026-07-18,1.42.82,65766
2026-07-18,1.42.83,70802
2026-07-18,1.42.84,72083
2026-07-18,1.42.85,65212
2026-07-18,1.42.86,64253
2026-07-18,1.42.87,60199
2026-07-18,1.42.88,63813
2026-07-18,1.42.89,75067
2026-07-18,1.42.90,63561
2026-07-18,1.42.91,79518
2026-07-18,1.42.92,64065
2026-07-18,1.42.93,63204
2026-07-18,1.42.94,65639
2026-07-18,1.42.95,67090
2026-07-18,1.42.96,73291
2026-07-18,1.42.97,3505252
2026-07-18,1.43.0,236714
2026-07-18,1.43.1,8666
2026-07-18,1.43.10,15415
2026-07-18,1.43.11,7590
2026-07-18,1.43.12,8463
2026-07-18,1.43.13,11453
2026-07-18,1.43.14,25208
2026-07-18,1.43.15,7180
2026-07-18,1.43.16,11225
2026-07-18,1.43.17,6594
2026-07-18,1.43.18,18618
2026-07-18,1.43.19,11065
2026-07-18,1.43.2,24868
2026-07-18,1.43.20,4977
2026-07-18,1.43.21,8429
2026-07-18,1.43.22,9358
2026-07-18,1.43.23,17328
2026-07-18,1.43.24,34085
2026-07-18,1.43.25,11169
2026-07-18,1.43.26,10202
2026-07-18,1.43.27,11334
2026-07-18,1.43.28,12045
2026-07-18,1.43.29,15204
2026-07-18,1.43.3,7675
2026-07-18,1.43.30,8619
2026-07-18,1.43.31,8824
2026-07-18,1.43.32,7293
2026-07-18,1.43.33,32265
2026-07-18,1.43.34,23509
2026-07-18,1.43.35,5749
2026-07-18,1.43.36,57198
2026-07-18,1.43.37,18235
2026-07-18,1.43.38,13900
2026-07-18,1.43.39,27258
2026-07-18,1.43.4,8238
2026-07-18,1.43.40,41915
2026-07-18,1.43.41,17672
2026-07-18,1.43.42,13009
2026-07-18,1.43.43,6814
2026-07-18,1.43.44,11668
2026-07-18,1.43.45,29866
2026-07-18,1.43.46,520077
2026-07-18,1.43.47,35263
2026-07-18,1.43.48,26945
2026-07-18,1.43.49,31540
2026-07-18,1.43.5,6407
2026-07-18,1.43.50,42917
2026-07-18,1.43.51,8291998
2026-07-18,1.43.6,37706
2026-07-18,1.43.7,10589
2026-07-18,1.43.8,6605
2026-07-18,1.43.9,15785
2026-07-18,~other,20123807
2026-07-19,1.42.81,65657
2026-07-19,1.42.82,63899
2026-07-19,1.42.83,71695
2026-07-19,1.42.84,73667
2026-07-19,1.42.85,66850
2026-07-19,1.42.86,64402
2026-07-19,1.42.87,62406
2026-07-19,1.42.88,67412
2026-07-19,1.42.89,79324
2026-07-19,1.42.90,65984
2026-07-19,1.42.91,82635
2026-07-19,1.42.92,65860
2026-07-19,1.42.93,64699
2026-07-19,1.42.94,68175
2026-07-19,1.42.95,68243
2026-07-19,1.42.96,75679
2026-07-19,1.42.97,3413188
2026-07-19,1.43.0,230367
2026-07-19,1.43.1,8843
2026-07-19,1.43.10,16195
2026-07-19,1.43.11,7020
2026-07-19,1.43.12,8669
2026-07-19,1.43.13,10618
2026-07-19,1.43.14,29145
2026-07-19,1.43.15,6617
2026-07-19,1.43.16,11534
2026-07-19,1.43.17,10140
2026-07-19,1.43.18,16907
2026-07-19,1.43.19,10058
2026-07-19,1.43.2,24129
2026-07-19,1.43.20,3879
2026-07-19,1.43.21,7671
2026-07-19,1.43.22,7341
2026-07-19,1.43.23,16290
2026-07-19,1.43.24,33883
2026-07-19,1.43.25,9425
2026-07-19,1.43.26,7364
2026-07-19,1.43.27,10831
2026-07-19,1.43.28,9285
2026-07-19,1.43.29,15759
2026-07-19,1.43.3,7485
2026-07-19,1.43.30,8969
2026-07-19,1.43.31,9706
2026-07-19,1.43.32,8564
2026-07-19,1.43.33,20639
2026-07-19,1.43.34,25909
2026-07-19,1.43.35,5092
2026-07-19,1.43.36,55817
2026-07-19,1.43.37,15067
2026-07-19,1.43.38,13946
2026-07-19,1.43.39,24140
2026-07-19,1.43.4,6872
2026-07-19,1.43.40,42628
2026-07-19,1.43.41,16584
2026-07-19,1.43.42,11011
2026-07-19,1.43.43,6079
2026-07-19,1.43.44,12452
2026-07-19,1.43.45,28411
2026-07-19,1.43.46,533199
2026-07-19,1.43.47,25281
2026-07-19,1.43.48,28287
2026-07-19,1.43.49,32926
2026-07-19,1.43.5,6141
2026-07-19,1.43.50,26304
2026-07-19,1.43.51,8187741
2026-07-19,1.43.6,37741
2026-07-19,1.43.7,16214
2026-07-19,1.43.8,6124
2026-07-19,1.43.9,15256
2026-07-19,~other,20307262
2026-07-20,1.42.81,78743
2026-07-20,1.42.82,74935
2026-07-20,1.42.83,86013
2026-07-20,1.42.84,103142
2026-07-20,1.42.85,82322
2026-07-20,1.42.86,77396
2026-07-20,1.42.87,71970
2026-07-20,1.42.88,82860
2026-07-20,1.42.89,106458
2026-07-20,1.42.90,78783
2026-07-20,1.42.91,119770
2026-07-20,1.42.92,78170
2026-07-20,1.42.93,77163
2026-07-20,1.42.94,81081
2026-07-20,1.42.95,78517
2026-07-20,1.42.96,108442
2026-07-20,1.42.97,4300358
2026-07-20,1.43.0,344520
2026-07-20,1.43.1,23896
2026-07-20,1.43.10,27513
2026-07-20,1.43.11,15279
2026-07-20,1.43.12,20220
2026-07-20,1.43.13,20234
2026-07-20,1.43.14,60575
2026-07-20,1.43.15,18145
2026-07-20,1.43.16,26459
2026-07-20,1.43.17,18983
2026-07-20,1.43.18,31418
2026-07-20,1.43.19,25311
2026-07-20,1.43.2,35731
2026-07-20,1.43.20,8108
2026-07-20,1.43.21,15625
2026-07-20,1.43.22,18783
2026-07-20,1.43.23,22558
2026-07-20,1.43.24,45799
2026-07-20,1.43.25,26742
2026-07-20,1.43.26,24811
2026-07-20,1.43.27,21551
2026-07-20,1.43.28,19587
2026-07-20,1.43.29,30797
2026-07-20,1.43.3,18613
2026-07-20,1.43.30,22057
2026-07-20,1.43.31,24260
2026-07-20,1.43.32,20004
2026-07-20,1.43.33,27751
2026-07-20,1.43.34,69152
2026-07-20,1.43.35,8781
2026-07-20,1.43.36,145819
2026-07-20,1.43.37,62848
2026-07-20,1.43.38,31474
2026-07-20,1.43.39,51994
2026-07-20,1.43.4,20902
2026-07-20,1.43.40,98849
2026-07-20,1.43.41,48607
2026-07-20,1.43.42,32105
2026-07-20,1.43.43,8603
2026-07-20,1.43.44,26062
2026-07-20,1.43.45,43605
2026-07-20,1.43.46,773423
2026-07-20,1.43.47,80298
2026-07-20,1.43.48,44006
2026-07-20,1.43.49,57417
2026-07-20,1.43.5,16753
2026-07-20,1.43.50,89923
2026-07-20,1.43.51,9999696
2026-07-20,1.43.52,2321427
2026-07-20,1.43.6,84098
2026-07-20,1.43.7,41639
2026-07-20,1.43.8,12865
2026-07-20,1.43.9,34448
2026-07-20,~other,29071686
2026-07-21,1.42.81,80799
2026-07-21,1.42.82,75759
2026-07-21,1.42.83,92009
2026-07-21,1.42.84,105782
2026-07-21,1.42.85,83037
2026-07-21,1.42.86,79448
2026-07-21,1.42.87,74472
2026-07-21,1.42.88,90704
2026-07-21,1.42.89,111108
2026-07-21,1.42.90,80722
2026-07-21,1.42.91,126071
2026-07-21,1.42.92,85193
2026-07-21,1.42.93,79009
2026-07-21,1.42.94,81803
2026-07-21,1.42.95,81384
2026-07-21,1.42.96,118267
2026-07-21,1.42.97,4576426
2026-07-21,1.43.0,365235
2026-07-21,1.43.1,28205
2026-07-21,1.43.10,29123
2026-07-21,1.43.11,21616
2026-07-21,1.43.12,19967
2026-07-21,1.43.13,20590
2026-07-21,1.43.14,59139
2026-07-21,1.43.15,20623
2026-07-21,1.43.16,25657
2026-07-21,1.43.17,24400
2026-07-21,1.43.18,41013
2026-07-21,1.43.19,29804
2026-07-21,1.43.2,38637
2026-07-21,1.43.20,9406
2026-07-21,1.43.21,17818
2026-07-21,1.43.22,20314
2026-07-21,1.43.23,26034
2026-07-21,1.43.24,46971
2026-07-21,1.43.25,32671
2026-07-21,1.43.26,25131
2026-07-21,1.43.27,27323
2026-07-21,1.43.28,24873
2026-07-21,1.43.29,31800
2026-07-21,1.43.3,22276
2026-07-21,1.43.30,25383
2026-07-21,1.43.31,27092
2026-07-21,1.43.32,23650
2026-07-21,1.43.33,40311
2026-07-21,1.43.34,56476
2026-07-21,1.43.35,10937
2026-07-21,1.43.36,155050
2026-07-21,1.43.37,62168
2026-07-21,1.43.38,37662
2026-07-21,1.43.39,58533
2026-07-21,1.43.4,24491
2026-07-21,1.43.40,80705
2026-07-21,1.43.41,72797
2026-07-21,1.43.42,39488
2026-07-21,1.43.43,9719
2026-07-21,1.43.44,26261
2026-07-21,1.43.45,43463
2026-07-21,1.43.46,692514
2026-07-21,1.43.47,186502
2026-07-21,1.43.48,58414
2026-07-21,1.43.49,52959
2026-07-21,1.43.5,17341
2026-07-21,1.43.50,70772
2026-07-21,1.43.51,234834
2026-07-21,1.43.52,10559443
2026-07-21,1.43.53,2376693
2026-07-21,1.43.6,103527
2026-07-21,1.43.7,23827
2026-07-21,1.43.8,16402
2026-07-21,1.43.9,36454
2026-07-21,~other,33018050
2026-07-22,1.42.81,87495
2026-07-22,1.42.82,81921
2026-07-22,1.42.83,97873
2026-07-22,1.42.84,116884
2026-07-22,1.42.85,87410
2026-07-22,1.42.86,86325
2026-07-22,1.42.87,79316
2026-07-22,1.42.88,90161
2026-07-22,1.42.89,113849
2026-07-22,1.42.90,89938
2026-07-22,1.42.91,133706
2026-07-22,1.42.92,87714
2026-07-22,1.42.93,86049
2026-07-22,1.42.94,89018
2026-07-22,1.42.95,85179
2026-07-22,1.42.96,123794
2026-07-22,1.42.97,4616947
2026-07-22,1.43.0,331001
2026-07-22,1.43.1,22649
2026-07-22,1.43.10,29300
2026-07-22,1.43.11,18656
2026-07-22,1.43.12,20367
2026-07-22,1.43.13,19601
2026-07-22,1.43.14,57590
2026-07-22,1.43.15,21210
2026-07-22,1.43.16,28079
2026-07-22,1.43.17,24444
2026-07-22,1.43.18,32948
2026-07-22,1.43.19,27900
2026-07-22,1.43.2,34726
2026-07-22,1.43.20,10383
2026-07-22,1.43.21,22102
2026-07-22,1.43.22,22123
2026-07-22,1.43.23,24479
2026-07-22,1.43.24,47468
2026-07-22,1.43.25,35056
2026-07-22,1.43.26,26376
2026-07-22,1.43.27,25896
2026-07-22,1.43.28,26602
2026-07-22,1.43.29,32205
2026-07-22,1.43.3,20944
2026-07-22,1.43.30,22270
2026-07-22,1.43.31,27201
2026-07-22,1.43.32,24370
2026-07-22,1.43.33,43045
2026-07-22,1.43.34,68977
2026-07-22,1.43.35,10866
2026-07-22,1.43.36,137677
2026-07-22,1.43.37,58232
2026-07-22,1.43.38,41671
2026-07-22,1.43.39,58527
2026-07-22,1.43.4,25221
2026-07-22,1.43.40,86076
2026-07-22,1.43.41,44572
2026-07-22,1.43.42,50438
2026-07-22,1.43.43,11247
2026-07-22,1.43.44,25237
2026-07-22,1.43.45,45553
2026-07-22,1.43.46,685832
2026-07-22,1.43.47,86701
2026-07-22,1.43.48,145911
2026-07-22,1.43.49,57910
2026-07-22,1.43.5,15666
2026-07-22,1.43.50,52036
2026-07-22,1.43.51,181315
2026-07-22,1.43.52,116560
2026-07-22,1.43.53,10433229
2026-07-22,1.43.54,2136569
2026-07-22,1.43.6,108379
2026-07-22,1.43.7,27137
2026-07-22,1.43.8,15233
2026-07-22,1.43.9,37063
2026-07-22,~other,39277483
2026-07-23,1.42.81,83469
2026-07-23,1.42.82,77790
2026-07-23,1.42.83,90501
2026-07-23,1.42.84,102903
2026-07-23,1.42.85,83268
2026-07-23,1.42.86,82863
2026-07-23,1.42.87,75334
2026-07-23,1.42.88,86749
2026-07-23,1.42.89,109844
2026-07-23,1.42.90,82256
2026-07-23,1.42.91,120393
2026-07-23,1.42.92,84035
2026-07-23,1.42.93,80877
2026-07-23,1.42.94,84712
2026-07-23,1.42.95,81347
2026-07-23,1.42.96,113563
2026-07-23,1.42.97,4496297
2026-07-23,1.43.0,296822
2026-07-23,1.43.1,22660
2026-07-23,1.43.10,30414
2026-07-23,1.43.11,17537
2026-07-23,1.43.12,18347
2026-07-23,1.43.13,18756
2026-07-23,1.43.14,54249
2026-07-23,1.43.15,19314
2026-07-23,1.43.16,28403
2026-07-23,1.43.17,22976
2026-07-23,1.43.18,32471
2026-07-23,1.43.19,28687
2026-07-23,1.43.2,36508
2026-07-23,1.43.20,10344
2026-07-23,1.43.21,20736
2026-07-23,1.43.22,21382
2026-07-23,1.43.23,23310
2026-07-23,1.43.24,46452
2026-07-23,1.43.25,35750
2026-07-23,1.43.26,25018
2026-07-23,1.43.27,22321
2026-07-23,1.43.28,23291
2026-07-23,1.43.29,33088
2026-07-23,1.43.3,20531
2026-07-23,1.43.30,20967
2026-07-23,1.43.31,25692
2026-07-23,1.43.32,24038
2026-07-23,1.43.33,45745
2026-07-23,1.43.34,64231
2026-07-23,1.43.35,8663
2026-07-23,1.43.36,134759
2026-07-23,1.43.37,57121
2026-07-23,1.43.38,37376
2026-07-23,1.43.39,54440
2026-07-23,1.43.4,18946
2026-07-23,1.43.40,76259
2026-07-23,1.43.41,36205
2026-07-23,1.43.42,34536
2026-07-23,1.43.43,8810
2026-07-23,1.43.44,35450
2026-07-23,1.43.45,39467
2026-07-23,1.43.46,732976
2026-07-23,1.43.47,53581
2026-07-23,1.43.48,49380
2026-07-23,1.43.49,138330
2026-07-23,1.43.5,17643
2026-07-23,1.43.50,62305
2026-07-23,1.43.51,164465
2026-07-23,1.43.52,106724
2026-07-23,1.43.53,118787
2026-07-23,1.43.54,10414960
2026-07-23,1.43.55,2021780
2026-07-23,1.43.6,89855
2026-07-23,1.43.7,21467
2026-07-23,1.43.8,18687
2026-07-23,1.43.9,32181
2026-07-23,~other,30379045
2026-07-24,1.42.81,80635
2026-07-24,1.42.82,75750
2026-07-24,1.42.83,88955
2026-07-24,1.42.84,99432
2026-07-24,1.42.85,82321
2026-07-24,1.42.86,80386
2026-07-24,1.42.87,73602
2026-07-24,1.42.88,86024
2026-07-24,1.42.89,105142
2026-07-24,1.42.90,81529
2026-07-24,1.42.91,116354
2026-07-24,1.42.92,82799
2026-07-24,1.42.93,77983
2026-07-24,1.42.94,83758
2026-07-24,1.42.95,79760
2026-07-24,1.42.96,104313
2026-07-24,1.42.97,4432046
2026-07-24,1.43.0,269241
2026-07-24,1.43.1,21846
2026-07-24,1.43.10,28679
2026-07-24,1.43.11,15790
2026-07-24,1.43.12,16588
2026-07-24,1.43.13,20451
2026-07-24,1.43.14,41488
2026-07-24,1.43.15,18968
2026-07-24,1.43.16,23356
2026-07-24,1.43.17,19431
2026-07-24,1.43.18,27410
2026-07-24,1.43.19,25624
2026-07-24,1.43.2,33443
2026-07-24,1.43.20,9647
2026-07-24,1.43.21,16653
2026-07-24,1.43.22,18096
2026-07-24,1.43.23,24451
2026-07-24,1.43.24,43158
2026-07-24,1.43.25,36931
2026-07-24,1.43.26,21101
2026-07-24,1.43.27,22476
2026-07-24,1.43.28,22060
2026-07-24,1.43.29,26515
2026-07-24,1.43.3,18491
2026-07-24,1.43.30,20282
2026-07-24,1.43.31,23762
2026-07-24,1.43.32,19416
2026-07-24,1.43.33,28995
2026-07-24,1.43.34,58579
2026-07-24,1.43.35,7903
2026-07-24,1.43.36,123719
2026-07-24,1.43.37,64252
2026-07-24,1.43.38,32212
2026-07-24,1.43.39,48670
2026-07-24,1.43.4,20049
2026-07-24,1.43.40,60003
2026-07-24,1.43.41,32610
2026-07-24,1.43.42,29799
2026-07-24,1.43.43,7939
2026-07-24,1.43.44,21440
2026-07-24,1.43.45,47443
2026-07-24,1.43.46,712688
2026-07-24,1.43.47,45053
2026-07-24,1.43.48,38817
2026-07-24,1.43.49,42099
2026-07-24,1.43.5,15453
2026-07-24,1.43.50,132440
2026-07-24,1.43.51,120339
2026-07-24,1.43.52,124872
2026-07-24,1.43.53,78920
2026-07-24,1.43.54,87468
2026-07-24,1.43.55,10423890
2026-07-24,1.43.56,2069043
2026-07-24,1.43.6,75340
2026-07-24,1.43.7,18179
2026-07-24,1.43.8,15681
2026-07-24,1.43.9,30986
2026-07-24,~other,34415934
2026-07-25,1.42.81,71389
2026-07-25,1.42.82,69224
2026-07-25,1.42.83,78452
2026-07-25,1.42.84,76477
2026-07-25,1.42.85,73597
2026-07-25,1.42.86,69424
2026-07-25,1.42.87,68294
2026-07-25,1.42.88,71479
2026-07-25,1.42.89,83448
2026-07-25,1.42.90,73483
2026-07-25,1.42.91,83619
2026-07-25,1.42.92,71792
2026-07-25,1.42.93,70902
2026-07-25,1.42.94,72764
2026-07-25,1.42.95,76777
2026-07-25,1.42.96,79495
2026-07-25,1.42.97,3763306
2026-07-25,1.43.0,231638
2026-07-25,1.43.1,13351
2026-07-25,1.43.10,18474
2026-07-25,1.43.11,8791
2026-07-25,1.43.12,6879
2026-07-25,1.43.13,11289
2026-07-25,1.43.14,20152
2026-07-25,1.43.15,6274
2026-07-25,1.43.16,11573
2026-07-25,1.43.17,8791
2026-07-25,1.43.18,15462
2026-07-25,1.43.19,10296
2026-07-25,1.43.2,20098
2026-07-25,1.43.20,5015
2026-07-25,1.43.21,9068
2026-07-25,1.43.22,8368
2026-07-25,1.43.23,15637
2026-07-25,1.43.24,31459
2026-07-25,1.43.25,15564
2026-07-25,1.43.26,9427
2026-07-25,1.43.27,11095
2026-07-25,1.43.28,12247
2026-07-25,1.43.29,15713
2026-07-25,1.43.3,9842
2026-07-25,1.43.30,8336
2026-07-25,1.43.31,9925
2026-07-25,1.43.32,9479
2026-07-25,1.43.33,18720
2026-07-25,1.43.34,22261
2026-07-25,1.43.35,5482
2026-07-25,1.43.36,49032
2026-07-25,1.43.37,21440
2026-07-25,1.43.38,16074
2026-07-25,1.43.39,21419
2026-07-25,1.43.4,6833
2026-07-25,1.43.40,25868
2026-07-25,1.43.41,16911
2026-07-25,1.43.42,10454
2026-07-25,1.43.43,5384
2026-07-25,1.43.44,10455
2026-07-25,1.43.45,27629
2026-07-25,1.43.46,464932
2026-07-25,1.43.47,18169
2026-07-25,1.43.48,14525
2026-07-25,1.43.49,15446
2026-07-25,1.43.5,7741
2026-07-25,1.43.50,17911
2026-07-25,1.43.51,77068
2026-07-25,1.43.52,35342
2026-07-25,1.43.53,39784
2026-07-25,1.43.54,22553
2026-07-25,1.43.55,45505
2026-07-25,1.43.56,8269895
2026-07-25,1.43.6,33378
2026-07-25,1.43.7,11806
2026-07-25,1.43.8,7827
2026-07-25,1.43.9,15700
2026-07-25,~other,21309755
2026-07-26,1.42.81,65860
2026-07-26,1.42.82,63580
2026-07-26,1.42.83,71369
2026-07-26,1.42.84,72771
2026-07-26,1.42.85,67060
2026-07-26,1.42.86,63214
2026-07-26,1.42.87,60970
2026-07-26,1.42.88,65517
2026-07-26,1.42.89,75875
2026-07-26,1.42.90,63423
2026-07-26,1.42.91,81344
2026-07-26,1.42.92,64108
2026-07-26,1.42.93,65132
2026-07-26,1.42.94,66858
2026-07-26,1.42.95,67749
2026-07-26,1.42.96,75721
2026-07-26,1.42.97,3728665
2026-07-26,1.43.0,145866
2026-07-26,1.43.1,12328
2026-07-26,1.43.10,17255
2026-07-26,1.43.11,8251
2026-07-26,1.43.12,6403
2026-07-26,1.43.13,11284
2026-07-26,1.43.14,30869
2026-07-26,1.43.15,7214
2026-07-26,1.43.16,14395
2026-07-26,1.43.17,9584
2026-07-26,1.43.18,17624
2026-07-26,1.43.19,9897
2026-07-26,1.43.2,24244
2026-07-26,1.43.20,4513
2026-07-26,1.43.21,11689
2026-07-26,1.43.22,9061
2026-07-26,1.43.23,15658
2026-07-26,1.43.24,33745
2026-07-26,1.43.25,12447
2026-07-26,1.43.26,11971
2026-07-26,1.43.27,11859
2026-07-26,1.43.28,12331
2026-07-26,1.43.29,18108
2026-07-26,1.43.3,10041
2026-07-26,1.43.30,8676
2026-07-26,1.43.31,10571
2026-07-26,1.43.32,11377
2026-07-26,1.43.33,18554
2026-07-26,1.43.34,26943
2026-07-26,1.43.35,6766
2026-07-26,1.43.36,45960
2026-07-26,1.43.37,19027
2026-07-26,1.43.38,15729
2026-07-26,1.43.39,21434
2026-07-26,1.43.4,6100
2026-07-26,1.43.40,26145
2026-07-26,1.43.41,17303
2026-07-26,1.43.42,12504
2026-07-26,1.43.43,5025
2026-07-26,1.43.44,10384
2026-07-26,1.43.45,28622
2026-07-26,1.43.46,454676
2026-07-26,1.43.47,19691
2026-07-26,1.43.48,16741
2026-07-26,1.43.49,16572
2026-07-26,1.43.5,7760
2026-07-26,1.43.50,15571
2026-07-26,1.43.51,78099
2026-07-26,1.43.52,29283
2026-07-26,1.43.53,37795
2026-07-26,1.43.54,26091
2026-07-26,1.43.55,28582
2026-07-26,1.43.56,8392361
2026-07-26,1.43.6,35415
2026-07-26,1.43.7,13746
2026-07-26,1.43.8,7144
2026-07-26,1.43.9,15186
2026-07-26,~other,20214745
2026-07-27,1.42.81,82189
2026-07-27,1.42.82,77537
2026-07-27,1.42.83,91802
2026-07-27,1.42.84,104082
2026-07-27,1.42.85,86585
2026-07-27,1.42.86,83874
2026-07-27,1.42.87,75839
2026-07-27,1.42.88,93670
2026-07-27,1.42.89,112231
2026-07-27,1.42.90,85469
2026-07-27,1.42.91,124876
2026-07-27,1.42.92,85367
2026-07-27,1.42.93,82969
2026-07-27,1.42.94,88299
2026-07-27,1.42.95,88117
2026-07-27,1.42.96,110576
2026-07-27,1.42.97,4619464
2026-07-27,1.43.0,281353
2026-07-27,1.43.1,17162
2026-07-27,1.43.10,29410
2026-07-27,1.43.11,19071
2026-07-27,1.43.12,16195
2026-07-27,1.43.13,20985
2026-07-27,1.43.14,51146
2026-07-27,1.43.15,19974
2026-07-27,1.43.16,24688
2026-07-27,1.43.17,19194
2026-07-27,1.43.18,33149
2026-07-27,1.43.19,26829
2026-07-27,1.43.2,37958
2026-07-27,1.43.20,9758
2026-07-27,1.43.21,18404
2026-07-27,1.43.22,18040
2026-07-27,1.43.23,24221
2026-07-27,1.43.24,46832
2026-07-27,1.43.25,35851
2026-07-27,1.43.26,29713
2026-07-27,1.43.27,24127
2026-07-27,1.43.28,22234
2026-07-27,1.43.29,31887
2026-07-27,1.43.3,21188
2026-07-27,1.43.30,22037
2026-07-27,1.43.31,27011
2026-07-27,1.43.32,23889
2026-07-27,1.43.33,27278
2026-07-27,1.43.34,67871
2026-07-27,1.43.35,9382
2026-07-27,1.43.36,120961
2026-07-27,1.43.37,63441
2026-07-27,1.43.38,36953
2026-07-27,1.43.39,46775
2026-07-27,1.43.4,18280
2026-07-27,1.43.40,63630
2026-07-27,1.43.41,33782
2026-07-27,1.43.42,30726
2026-07-27,1.43.43,8912
2026-07-27,1.43.44,21557
2026-07-27,1.43.45,57348
2026-07-27,1.43.46,737621
2026-07-27,1.43.47,47008
2026-07-27,1.43.48,35498
2026-07-27,1.43.49,41279
2026-07-27,1.43.5,17718
2026-07-27,1.43.50,39577
2026-07-27,1.43.51,207977
2026-07-27,1.43.52,104062
2026-07-27,1.43.53,63393
2026-07-27,1.43.54,60698
2026-07-27,1.43.55,96671
2026-07-27,1.43.56,10395325
2026-07-27,1.43.57,2293378
2026-07-27,1.43.6,83542
2026-07-27,1.43.7,23999
2026-07-27,1.43.8,15484
2026-07-27,1.43.9,34035
2026-07-27,~other,40550055
2026-07-28,1.42.81,75249
2026-07-28,1.42.82,71263
2026-07-28,1.42.83,83627
2026-07-28,1.42.84,97802
2026-07-28,1.42.85,78876
2026-07-28,1.42.86,76127
2026-07-28,1.42.87,68979
2026-07-28,1.42.88,84741
2026-07-28,1.42.89,104981
2026-07-28,1.42.90,79023
2026-07-28,1.42.91,109788
2026-07-28,1.42.92,83435
2026-07-28,1.42.93,75490
2026-07-28,1.42.94,78608
2026-07-28,1.42.95,77979
2026-07-28,1.42.96,106825
2026-07-28,1.42.97,4255155
2026-07-28,1.43.0,279895
2026-07-28,1.43.1,18996
2026-07-28,1.43.10,28490
2026-07-28,1.43.11,17172
2026-07-28,1.43.12,16242
2026-07-28,1.43.13,24115
2026-07-28,1.43.14,51654
2026-07-28,1.43.15,19495
2026-07-28,1.43.16,23958
2026-07-28,1.43.17,22483
2026-07-28,1.43.18,31765
2026-07-28,1.43.19,28777
2026-07-28,1.43.2,34944
2026-07-28,1.43.20,9954
2026-07-28,1.43.21,22006
2026-07-28,1.43.22,18960
2026-07-28,1.43.23,21897
2026-07-28,1.43.24,45404
2026-07-28,1.43.25,41494
2026-07-28,1.43.26,29121
2026-07-28,1.43.27,21780
2026-07-28,1.43.28,26269
2026-07-28,1.43.29,32741
2026-07-28,1.43.3,20606
2026-07-28,1.43.30,21807
2026-07-28,1.43.31,25248
2026-07-28,1.43.32,25349
2026-07-28,1.43.33,36080
2026-07-28,1.43.34,64005
2026-07-28,1.43.35,9363
2026-07-28,1.43.36,109527
2026-07-28,1.43.37,53337
2026-07-28,1.43.38,32743
2026-07-28,1.43.39,53378
2026-07-28,1.43.4,24536
2026-07-28,1.43.40,61242
2026-07-28,1.43.41,30292
2026-07-28,1.43.42,31725
2026-07-28,1.43.43,9175
2026-07-28,1.43.44,20824
2026-07-28,1.43.45,63597
2026-07-28,1.43.46,795560
2026-07-28,1.43.47,51522
2026-07-28,1.43.48,38674
2026-07-28,1.43.49,34932
2026-07-28,1.43.5,16426
2026-07-28,1.43.50,32453
2026-07-28,1.43.51,85058
2026-07-28,1.43.52,186041
2026-07-28,1.43.53,62020
2026-07-28,1.43.54,41356
2026-07-28,1.43.55,86128
2026-07-28,1.43.56,225568
2026-07-28,1.43.57,11182573
2026-07-28,1.43.58,1713359
2026-07-28,1.43.6,81109
2026-07-28,1.43.7,21301
2026-07-28,1.43.8,15065
2026-07-28,1.43.9,33485
2026-07-28,~other,30683164
2026-07-29,1.42.81,78225
2026-07-29,1.42.82,73401
2026-07-29,1.42.83,86823
2026-07-29,1.42.84,98828
2026-07-29,1.42.85,80230
2026-07-29,1.42.86,77751
2026-07-29,1.42.87,71662
2026-07-29,1.42.88,86776
2026-07-29,1.42.89,105484
2026-07-29,1.42.90,80249
2026-07-29,1.42.91,112027
2026-07-29,1.42.92,79258
2026-07-29,1.42.93,76344
2026-07-29,1.42.94,79415
2026-07-29,1.42.95,78239
2026-07-29,1.42.96,105562
2026-07-29,1.42.97,4387310
2026-07-29,1.43.0,275364
2026-07-29,1.43.1,19809
2026-07-29,1.43.10,27216
2026-07-29,1.43.11,16449
2026-07-29,1.43.12,17653
2026-07-29,1.43.13,20600
2026-07-29,1.43.14,49296
2026-07-29,1.43.15,21290
2026-07-29,1.43.16,24728
2026-07-29,1.43.17,20720
2026-07-29,1.43.18,32884
2026-07-29,1.43.19,24414
2026-07-29,1.43.2,34034
2026-07-29,1.43.20,8813
2026-07-29,1.43.21,18250
2026-07-29,1.43.22,18522
2026-07-29,1.43.23,20863
2026-07-29,1.43.24,46522
2026-07-29,1.43.25,43344
2026-07-29,1.43.26,30324
2026-07-29,1.43.27,24554
2026-07-29,1.43.28,23692
2026-07-29,1.43.29,30915
2026-07-29,1.43.3,19959
2026-07-29,1.43.30,21547
2026-07-29,1.43.31,25843
2026-07-29,1.43.32,25171
2026-07-29,1.43.33,27852
2026-07-29,1.43.34,64652
2026-07-29,1.43.35,8708
2026-07-29,1.43.36,124423
2026-07-29,1.43.37,49414
2026-07-29,1.43.38,36692
2026-07-29,1.43.39,51092
2026-07-29,1.43.4,21723
2026-07-29,1.43.40,60834
2026-07-29,1.43.41,30443
2026-07-29,1.43.42,28500
2026-07-29,1.43.43,8297
2026-07-29,1.43.44,19839
2026-07-29,1.43.45,62691
2026-07-29,1.43.46,833719
2026-07-29,1.43.47,47200
2026-07-29,1.43.48,52376
2026-07-29,1.43.49,30616
2026-07-29,1.43.5,17100
2026-07-29,1.43.50,29423
2026-07-29,1.43.51,78497
2026-07-29,1.43.52,102665
2026-07-29,1.43.53,149410
2026-07-29,1.43.54,73487
2026-07-29,1.43.55,89133
2026-07-29,1.43.56,201081
2026-07-29,1.43.57,132599
2026-07-29,1.43.58,10656671
2026-07-29,1.43.59,1786800
2026-07-29,1.43.6,80980
2026-07-29,1.43.7,27957
2026-07-29,1.43.8,16190
2026-07-29,1.43.9,31201
2026-07-29,~other,34559909
2026-07-30,1.42.81,73187
2026-07-30,1.42.82,68219
2026-07-30,1.42.83,81650
2026-07-30,1.42.84,95224
2026-07-30,1.42.85,74402
2026-07-30,1.42.86,73260
2026-07-30,1.42.87,67076
2026-07-30,1.42.88,81340
2026-07-30,1.42.89,104317
2026-07-30,1.42.90,74486
2026-07-30,1.42.91,110908
2026-07-30,1.42.92,75926
2026-07-30,1.42.93,71461
2026-07-30,1.42.94,75024
2026-07-30,1.42.95,75245
2026-07-30,1.42.96,100133
2026-07-30,1.42.97,4420148
2026-07-30,1.43.0,271197
2026-07-30,1.43.1,18397
2026-07-30,1.43.10,22947
2026-07-30,1.43.11,14890
2026-07-30,1.43.12,18088
2026-07-30,1.43.13,21128
2026-07-30,1.43.14,48176
2026-07-30,1.43.15,18925
2026-07-30,1.43.16,23338
2026-07-30,1.43.17,19873
2026-07-30,1.43.18,29658
2026-07-30,1.43.19,32240
2026-07-30,1.43.2,34667
2026-07-30,1.43.20,9575
2026-07-30,1.43.21,19087
2026-07-30,1.43.22,18608
2026-07-30,1.43.23,17414
2026-07-30,1.43.24,46671
2026-07-30,1.43.25,40166
2026-07-30,1.43.26,32918
2026-07-30,1.43.27,20880
2026-07-30,1.43.28,24056
2026-07-30,1.43.29,28503
2026-07-30,1.43.3,19838
2026-07-30,1.43.30,20843
2026-07-30,1.43.31,27132
2026-07-30,1.43.32,22523
2026-07-30,1.43.33,26916
2026-07-30,1.43.34,62271
2026-07-30,1.43.35,9532
2026-07-30,1.43.36,125109
2026-07-30,1.43.37,48711
2026-07-30,1.43.38,32964
2026-07-30,1.43.39,54455
2026-07-30,1.43.4,23319
2026-07-30,1.43.40,52594
2026-07-30,1.43.41,26938
2026-07-30,1.43.42,27759
2026-07-30,1.43.43,7938
2026-07-30,1.43.44,21392
2026-07-30,1.43.45,57395
2026-07-30,1.43.46,829441
2026-07-30,1.43.47,45514
2026-07-30,1.43.48,40962
2026-07-30,1.43.49,46901
2026-07-30,1.43.5,15234
2026-07-30,1.43.50,32079
2026-07-30,1.43.51,71175
2026-07-30,1.43.52,69270
2026-07-30,1.43.53,47693
2026-07-30,1.43.54,144281
2026-07-30,1.43.55,85927
2026-07-30,1.43.56,188171
2026-07-30,1.43.57,118463
2026-07-30,1.43.58,100643
2026-07-30,1.43.59,10786425
2026-07-30,1.43.6,81238
2026-07-30,1.43.60,1708797
2026-07-30,1.43.7,23343
2026-07-30,1.43.8,14743
2026-07-30,1.43.9,33786
2026-07-30,~other,27822410
2026-07-31,1.42.81,73356
2026-07-31,1.42.82,70263
2026-07-31,1.42.83,84803
2026-07-31,1.42.84,96431
2026-07-31,1.42.85,78175
2026-07-31,1.42.86,73983
2026-07-31,1.42.87,70428
2026-07-31,1.42.88,84376
2026-07-31,1.42.89,107773
2026-07-31,1.42.90,77776
2026-07-31,1.42.91,122707
2026-07-31,1.42.92,78073
2026-07-31,1.42.93,74943
2026-07-31,1.42.94,79493
2026-07-31,1.42.95,78804
2026-07-31,1.42.96,99952
2026-07-31,1.42.97,4519313
2026-07-31,1.43.0,249851
2026-07-31,1.43.1,14466
2026-07-31,1.43.10,23557
2026-07-31,1.43.11,13668
2026-07-31,1.43.12,18223
2026-07-31,1.43.13,21327
2026-07-31,1.43.14,42905
2026-07-31,1.43.15,15060
2026-07-31,1.43.16,20640
2026-07-31,1.43.17,19162
2026-07-31,1.43.18,27902
2026-07-31,1.43.19,35252
2026-07-31,1.43.2,28144
2026-07-31,1.43.20,10595
2026-07-31,1.43.21,15164
2026-07-31,1.43.22,19253
2026-07-31,1.43.23,17689
2026-07-31,1.43.24,45140
2026-07-31,1.43.25,44635
2026-07-31,1.43.26,26750
2026-07-31,1.43.27,19628
2026-07-31,1.43.28,37570
2026-07-31,1.43.29,26488
2026-07-31,1.43.3,16658
2026-07-31,1.43.30,18057
2026-07-31,1.43.31,24707
2026-07-31,1.43.32,18698
2026-07-31,1.43.33,28118
2026-07-31,1.43.34,51324
2026-07-31,1.43.35,9003
2026-07-31,1.43.36,121755
2026-07-31,1.43.37,41989
2026-07-31,1.43.38,31787
2026-07-31,1.43.39,53633
2026-07-31,1.43.4,18792
2026-07-31,1.43.40,54232
2026-07-31,1.43.41,24956
2026-07-31,1.43.42,23220
2026-07-31,1.43.43,9267
2026-07-31,1.43.44,23110
2026-07-31,1.43.45,53287
2026-07-31,1.43.46,669288
2026-07-31,1.43.47,29383
2026-07-31,1.43.48,31593
2026-07-31,1.43.49,24899
2026-07-31,1.43.5,14858
2026-07-31,1.43.50,34450
2026-07-31,1.43.51,88208
2026-07-31,1.43.52,80999
2026-07-31,1.43.53,37113
2026-07-31,1.43.54,44483
2026-07-31,1.43.55,163614
2026-07-31,1.43.56,145353
2026-07-31,1.43.57,99345
2026-07-31,1.43.58,69016
2026-07-31,1.43.59,99285
2026-07-31,1.43.6,76511
2026-07-31,1.43.60,2015070
2026-07-31,1.43.61,8251830
2026-07-31,1.43.62,2102663
2026-07-31,1.43.7,21113
2026-07-31,1.43.8,13676
2026-07-31,1.43.9,30502
2026-07-31,~other,33580336
2026-08-01,1.42.81,70304
2026-08-01,1.42.82,70694
2026-08-01,1.42.83,79475
2026-08-01,1.42.84,80091
2026-08-01,1.42.85,72416
2026-08-01,1.42.86,70232
2026-08-01,1.42.87,68218
2026-08-01,1.42.88,75295
2026-08-01,1.42.89,115264
2026-08-01,1.42.90,70540
2026-08-01,1.42.91,87048
2026-08-01,1.42.92,71031
2026-08-01,1.42.93,70597
2026-08-01,1.42.94,70983
2026-08-01,1.42.95,76754
2026-08-01,1.42.96,80718
2026-08-01,1.42.97,3719938
2026-08-01,1.43.0,128414
2026-08-01,1.43.1,10933
2026-08-01,1.43.10,16091
2026-08-01,1.43.11,6989
2026-08-01,1.43.12,8899
2026-08-01,1.43.13,14532
2026-08-01,1.43.14,29566
2026-08-01,1.43.15,7806
2026-08-01,1.43.16,13582
2026-08-01,1.43.17,9391
2026-08-01,1.43.18,19345
2026-08-01,1.43.19,12276
2026-08-01,1.43.2,17178
2026-08-01,1.43.20,8426
2026-08-01,1.43.21,9035
2026-08-01,1.43.22,10062
2026-08-01,1.43.23,12621
2026-08-01,1.43.24,34034
2026-08-01,1.43.25,20618
2026-08-01,1.43.26,22636
2026-08-01,1.43.27,10123
2026-08-01,1.43.28,14742
2026-08-01,1.43.29,17055
2026-08-01,1.43.3,10231
2026-08-01,1.43.30,9594
2026-08-01,1.43.31,11539
2026-08-01,1.43.32,10692
2026-08-01,1.43.33,17969
2026-08-01,1.43.34,21934
2026-08-01,1.43.35,6288
2026-08-01,1.43.36,52481
2026-08-01,1.43.37,14307
2026-08-01,1.43.38,14191
2026-08-01,1.43.39,23877
2026-08-01,1.43.4,7210
2026-08-01,1.43.40,27707
2026-08-01,1.43.41,14660
2026-08-01,1.43.42,13641
2026-08-01,1.43.43,5699
2026-08-01,1.43.44,17792
2026-08-01,1.43.45,18624
2026-08-01,1.43.46,387077
2026-08-01,1.43.47,15563
2026-08-01,1.43.48,15578
2026-08-01,1.43.49,15175
2026-08-01,1.43.5,8778
2026-08-01,1.43.50,16600
2026-08-01,1.43.51,71828
2026-08-01,1.43.52,39553
2026-08-01,1.43.53,15487
2026-08-01,1.43.54,22877
2026-08-01,1.43.55,29824
2026-08-01,1.43.56,356019
2026-08-01,1.43.57,35316
2026-08-01,1.43.58,36454
2026-08-01,1.43.59,29859
2026-08-01,1.43.6,38928
2026-08-01,1.43.60,32962
2026-08-01,1.43.61,26613
2026-08-01,1.43.62,8922882
2026-08-01,1.43.7,10290
2026-08-01,1.43.8,8549
2026-08-01,1.43.9,16390
2026-08-01,~other,21364395
2026-08-02,1.42.81,69182
2026-08-02,1.42.82,68327
2026-08-02,1.42.83,74893
2026-08-02,1.42.84,74280
2026-08-02,1.42.85,69185
2026-08-02,1.42.86,69111
2026-08-02,1.42.87,66138
2026-08-02,1.42.88,71862
2026-08-02,1.42.89,107760
2026-08-02,1.42.90,68773
2026-08-02,1.42.91,78385
2026-08-02,1.42.92,68300
2026-08-02,1.42.93,67874
2026-08-02,1.42.94,68236
2026-08-02,1.42.95,73706
2026-08-02,1.42.96,78430
2026-08-02,1.42.97,3621939
2026-08-02,1.43.0,145157
2026-08-02,1.43.1,9268
2026-08-02,1.43.10,15153
2026-08-02,1.43.11,8345
2026-08-02,1.43.12,8112
2026-08-02,1.43.13,12489
2026-08-02,1.43.14,29609
2026-08-02,1.43.15,7670
2026-08-02,1.43.16,13299
2026-08-02,1.43.17,10328
2026-08-02,1.43.18,17258
2026-08-02,1.43.19,13191
2026-08-02,1.43.2,18932
2026-08-02,1.43.20,8845
2026-08-02,1.43.21,15641
2026-08-02,1.43.22,8090
2026-08-02,1.43.23,11368
2026-08-02,1.43.24,32910
2026-08-02,1.43.25,15814
2026-08-02,1.43.26,18460
2026-08-02,1.43.27,9748
2026-08-02,1.43.28,10928
2026-08-02,1.43.29,17720
2026-08-02,1.43.3,8977
2026-08-02,1.43.30,9096
2026-08-02,1.43.31,12540
2026-08-02,1.43.32,10804
2026-08-02,1.43.33,17825
2026-08-02,1.43.34,24056
2026-08-02,1.43.35,6366
2026-08-02,1.43.36,50169
2026-08-02,1.43.37,13081
2026-08-02,1.43.38,13987
2026-08-02,1.43.39,20601
2026-08-02,1.43.4,7289
2026-08-02,1.43.40,29523
2026-08-02,1.43.41,13904
2026-08-02,1.43.42,11864
2026-08-02,1.43.43,5351
2026-08-02,1.43.44,11491
2026-08-02,1.43.45,14767
2026-08-02,1.43.46,86007
2026-08-02,1.43.47,16000
2026-08-02,1.43.48,17584
2026-08-02,1.43.49,13496
2026-08-02,1.43.5,6729
2026-08-02,1.43.50,15114
2026-08-02,1.43.51,92794
2026-08-02,1.43.52,24659
2026-08-02,1.43.53,17112
2026-08-02,1.43.54,31588
2026-08-02,1.43.55,24918
2026-08-02,1.43.56,624808
2026-08-02,1.43.57,25976
2026-08-02,1.43.58,36774
2026-08-02,1.43.59,34599
2026-08-02,1.43.6,39294
2026-08-02,1.43.60,11403
2026-08-02,1.43.61,23550
2026-08-02,1.43.62,8681820
2026-08-02,1.43.7,9526
2026-08-02,1.43.8,8084
2026-08-02,1.43.9,14912
2026-08-02,~other,21136956
2026-08-03,1.42.81,74140
2026-08-03,1.42.82,73508
2026-08-03,1.42.83,85427
2026-08-03,1.42.84,98507
2026-08-03,1.42.85,78804
2026-08-03,1.42.86,76199
2026-08-03,1.42.87,71917
2026-08-03,1.42.88,83385
2026-08-03,1.42.89,128542
2026-08-03,1.42.90,78439
2026-08-03,1.42.91,112033
2026-08-03,1.42.92,79211
2026-08-03,1.42.93,74572
2026-08-03,1.42.94,78727
2026-08-03,1.42.95,81048
2026-08-03,1.42.96,103086
2026-08-03,1.42.97,4166815
2026-08-03,1.43.0,256818
2026-08-03,1.43.1,14967
2026-08-03,1.43.10,23224
2026-08-03,1.43.11,15591
2026-08-03,1.43.12,19419
2026-08-03,1.43.13,22616
2026-08-03,1.43.14,47683
2026-08-03,1.43.15,16736
2026-08-03,1.43.16,23325
2026-08-03,1.43.17,20531
2026-08-03,1.43.18,30701
2026-08-03,1.43.19,29544
2026-08-03,1.43.2,29611
2026-08-03,1.43.20,11488
2026-08-03,1.43.21,29369
2026-08-03,1.43.22,19190
2026-08-03,1.43.23,14583
2026-08-03,1.43.24,46297
2026-08-03,1.43.25,35930
2026-08-03,1.43.26,27285
2026-08-03,1.43.27,23749
2026-08-03,1.43.28,27540
2026-08-03,1.43.29,32183
2026-08-03,1.43.3,16633
2026-08-03,1.43.30,17648
2026-08-03,1.43.31,22236
2026-08-03,1.43.32,20136
2026-08-03,1.43.33,28573
2026-08-03,1.43.34,61497
2026-08-03,1.43.35,11114
2026-08-03,1.43.36,122146
2026-08-03,1.43.37,37424
2026-08-03,1.43.38,29087
2026-08-03,1.43.39,46692
2026-08-03,1.43.4,20531
2026-08-03,1.43.40,60237
2026-08-03,1.43.41,28160
2026-08-03,1.43.42,23560
2026-08-03,1.43.43,8255
2026-08-03,1.43.44,38581
2026-08-03,1.43.45,44812
2026-08-03,1.43.46,202194
2026-08-03,1.43.47,29193
2026-08-03,1.43.48,33726
2026-08-03,1.43.49,26952
2026-08-03,1.43.5,15969
2026-08-03,1.43.50,25532
2026-08-03,1.43.51,130950
2026-08-03,1.43.52,62068
2026-08-03,1.43.53,38308
2026-08-03,1.43.54,48198
2026-08-03,1.43.55,46032
2026-08-03,1.43.56,747673
2026-08-03,1.43.57,85871
2026-08-03,1.43.58,56459
2026-08-03,1.43.59,71096
2026-08-03,1.43.6,75716
2026-08-03,1.43.60,27092
2026-08-03,1.43.61,69781
2026-08-03,1.43.62,10633837
2026-08-03,1.43.63,1920234
2026-08-03,1.43.7,21745
2026-08-03,1.43.8,13966
2026-08-03,1.43.9,31137
2026-08-03,~other,32084893
2026-08-04,1.42.81,77891
2026-08-04,1.42.82,74958
2026-08-04,1.42.83,89315
2026-08-04,1.42.84,103106
2026-08-04,1.42.85,79847
2026-08-04,1.42.86,78794
2026-08-04,1.42.87,73043
2026-08-04,1.42.88,87377
2026-08-04,1.42.89,127236
2026-08-04,1.42.90,80533
2026-08-04,1.42.91,111628
2026-08-04,1.42.92,88428
2026-08-04,1.42.93,79086
2026-08-04,1.42.94,83104
2026-08-04,1.42.95,80569
2026-08-04,1.42.96,101789
2026-08-04,1.42.97,4359851
2026-08-04,1.43.0,269916
2026-08-04,1.43.1,16151
2026-08-04,1.43.10,24586
2026-08-04,1.43.11,15731
2026-08-04,1.43.12,20425
2026-08-04,1.43.13,23184
2026-08-04,1.43.14,51645
2026-08-04,1.43.15,17534
2026-08-04,1.43.16,27155
2026-08-04,1.43.17,22653
2026-08-04,1.43.18,32006
2026-08-04,1.43.19,27624
2026-08-04,1.43.2,31525
2026-08-04,1.43.20,12114
2026-08-04,1.43.21,19890
2026-08-04,1.43.22,19198
2026-08-04,1.43.23,16545
2026-08-04,1.43.24,46531
2026-08-04,1.43.25,37352
2026-08-04,1.43.26,36411
2026-08-04,1.43.27,20809
2026-08-04,1.43.28,22159
2026-08-04,1.43.29,32080
2026-08-04,1.43.3,16897
2026-08-04,1.43.30,22143
2026-08-04,1.43.31,28033
2026-08-04,1.43.32,20341
2026-08-04,1.43.33,25959
2026-08-04,1.43.34,62108
2026-08-04,1.43.35,10267
2026-08-04,1.43.36,130279
2026-08-04,1.43.37,49311
2026-08-04,1.43.38,31402
2026-08-04,1.43.39,51296
2026-08-04,1.43.4,18912
2026-08-04,1.43.40,65058
2026-08-04,1.43.41,26201
2026-08-04,1.43.42,26647
2026-08-04,1.43.43,9370
2026-08-04,1.43.44,32613
2026-08-04,1.43.45,55881
2026-08-04,1.43.46,228821
2026-08-04,1.43.47,39596
2026-08-04,1.43.48,31489
2026-08-04,1.43.49,32481
2026-08-04,1.43.5,16711
2026-08-04,1.43.50,25035
2026-08-04,1.43.51,67355
2026-08-04,1.43.52,63977
2026-08-04,1.43.53,41373
2026-08-04,1.43.54,47934
2026-08-04,1.43.55,39571
2026-08-04,1.43.56,755043
2026-08-04,1.43.57,211706
2026-08-04,1.43.58,62663
2026-08-04,1.43.59,52491
2026-08-04,1.43.6,87732
2026-08-04,1.43.60,16971
2026-08-04,1.43.61,43941
2026-08-04,1.43.62,279627
2026-08-04,1.43.63,11372115
2026-08-04,1.43.64,1436922
2026-08-04,1.43.7,19849
2026-08-04,1.43.8,14501
2026-08-04,1.43.9,31140
2026-08-04,~other,29350828
2026-08-05,1.42.81,75273
2026-08-05,1.42.82,71407
2026-08-05,1.42.83,85927
2026-08-05,1.42.84,100652
2026-08-05,1.42.85,75581
2026-08-05,1.42.86,77106
2026-08-05,1.42.87,70426
2026-08-05,1.42.88,85386
2026-08-05,1.42.89,129873
2026-08-05,1.42.90,76858
2026-08-05,1.42.91,105162
2026-08-05,1.42.92,79217
2026-08-05,1.42.93,77195
2026-08-05,1.42.94,78078
2026-08-05,1.42.95,76921
2026-08-05,1.42.96,100083
2026-08-05,1.42.97,4381212
2026-08-05,1.43.0,259018
2026-08-05,1.43.1,16001
2026-08-05,1.43.10,23555
2026-08-05,1.43.11,15525
2026-08-05,1.43.12,20351
2026-08-05,1.43.13,20008
2026-08-05,1.43.14,47833
2026-08-05,1.43.15,17668
2026-08-05,1.43.16,23068
2026-08-05,1.43.17,21963
2026-08-05,1.43.18,31121
2026-08-05,1.43.19,26343
2026-08-05,1.43.2,30993
2026-08-05,1.43.20,12638
2026-08-05,1.43.21,13748
2026-08-05,1.43.22,17979
2026-08-05,1.43.23,17391
2026-08-05,1.43.24,44242
2026-08-05,1.43.25,36180
2026-08-05,1.43.26,39253
2026-08-05,1.43.27,24255
2026-08-05,1.43.28,19411
2026-08-05,1.43.29,30362
2026-08-05,1.43.3,18074
2026-08-05,1.43.30,20555
2026-08-05,1.43.31,26471
2026-08-05,1.43.32,18215
2026-08-05,1.43.33,21870
2026-08-05,1.43.34,66680
2026-08-05,1.43.35,7964
2026-08-05,1.43.36,127059
2026-08-05,1.43.37,51426
2026-08-05,1.43.38,29870
2026-08-05,1.43.39,52436
2026-08-05,1.43.4,16894
2026-08-05,1.43.40,58754
2026-08-05,1.43.41,21598
2026-08-05,1.43.42,26963
2026-08-05,1.43.43,7943
2026-08-05,1.43.44,30972
2026-08-05,1.43.45,55235
2026-08-05,1.43.46,213515
2026-08-05,1.43.47,39975
2026-08-05,1.43.48,30012
2026-08-05,1.43.49,27754
2026-08-05,1.43.5,15907
2026-08-05,1.43.50,23579
2026-08-05,1.43.51,56967
2026-08-05,1.43.52,46064
2026-08-05,1.43.53,47980
2026-08-05,1.43.54,51905
2026-08-05,1.43.55,32338
2026-08-05,1.43.56,811500
2026-08-05,1.43.57,64522
2026-08-05,1.43.58,159424
2026-08-05,1.43.59,64475
2026-08-05,1.43.6,87389
2026-08-05,1.43.60,11399
2026-08-05,1.43.61,38962
2026-08-05,1.43.62,239101
2026-08-05,1.43.63,107102
2026-08-05,1.43.64,9560660
2026-08-05,1.43.65,1645483
2026-08-05,1.43.7,21225
2026-08-05,1.43.8,13880
2026-08-05,1.43.9,32307
2026-08-05,~other,32826954
2026-08-06,1.42.81,55080
2026-08-06,1.42.82,56172
2026-08-06,1.42.83,64642
2026-08-06,1.42.84,79304
2026-08-06,1.42.85,57592
2026-08-06,1.42.86,56866
2026-08-06,1.42.87,51755
2026-08-06,1.42.88,64339
2026-08-06,1.42.89,99580
2026-08-06,1.42.90,58968
2026-08-06,1.42.91,83229
2026-08-06,1.42.92,58950
2026-08-06,1.42.93,56151
2026-08-06,1.42.94,59394
2026-08-06,1.42.95,58045
2026-08-06,1.42.96,76381
2026-08-06,1.42.97,4516983
2026-08-06,1.43.0,203107
2026-08-06,1.43.1,10636
2026-08-06,1.43.10,23999
2026-08-06,1.43.11,13302
2026-08-06,1.43.12,17074
2026-08-06,1.43.13,17408
2026-08-06,1.43.14,38755
2026-08-06,1.43.15,14754
2026-08-06,1.43.16,21193
2026-08-06,1.43.17,19846
2026-08-06,1.43.18,25864
2026-08-06,1.43.19,17478
2026-08-06,1.43.2,20423
2026-08-06,1.43.20,12728
2026-08-06,1.43.21,12427
2026-08-06,1.43.22,14545
2026-08-06,1.43.23,13854
2026-08-06,1.43.24,41095
2026-08-06,1.43.25,26964
2026-08-06,1.43.26,31439
2026-08-06,1.43.27,22188
2026-08-06,1.43.28,18120
2026-08-06,1.43.29,25376
2026-08-06,1.43.3,15298
2026-08-06,1.43.30,16961
2026-08-06,1.43.31,19561
2026-08-06,1.43.32,16501
2026-08-06,1.43.33,19092
2026-08-06,1.43.34,60643
2026-08-06,1.43.35,7321
2026-08-06,1.43.36,104356
2026-08-06,1.43.37,40993
2026-08-06,1.43.38,25311
2026-08-06,1.43.39,37687
2026-08-06,1.43.4,15986
2026-08-06,1.43.40,47646
2026-08-06,1.43.41,19374
2026-08-06,1.43.42,19374
2026-08-06,1.43.43,5263
2026-08-06,1.43.44,38156
2026-08-06,1.43.45,51883
2026-08-06,1.43.46,158669
2026-08-06,1.43.47,25051
2026-08-06,1.43.48,22385
2026-08-06,1.43.49,21997
2026-08-06,1.43.5,14130
2026-08-06,1.43.50,21048
2026-08-06,1.43.51,60849
2026-08-06,1.43.52,38203
2026-08-06,1.43.53,28595
2026-08-06,1.43.54,49385
2026-08-06,1.43.55,29154
2026-08-06,1.43.56,689874
2026-08-06,1.43.57,45188
2026-08-06,1.43.58,39069
2026-08-06,1.43.59,151297
2026-08-06,1.43.6,75084
2026-08-06,1.43.60,21882
2026-08-06,1.43.61,31064
2026-08-06,1.43.62,208529
2026-08-06,1.43.63,77370
2026-08-06,1.43.64,107472
2026-08-06,1.43.65,8170702
2026-08-06,1.43.66,1524336
2026-08-06,1.43.7,17625
2026-08-06,1.43.8,12599
2026-08-06,1.43.9,31604
2026-08-06,~other,24907927
2026-08-07,1.42.81,32920
2026-08-07,1.42.82,29270
2026-08-07,1.42.83,46632
2026-08-07,1.42.84,57713
2026-08-07,1.42.85,36060
2026-08-07,1.42.86,34195
2026-08-07,1.42.87,28618
2026-08-07,1.42.88,39188
2026-08-07,1.42.89,80514
2026-08-07,1.42.90,35830
2026-08-07,1.42.91,64996
2026-08-07,1.42.92,37124
2026-08-07,1.42.93,34633
2026-08-07,1.42.94,39310
2026-08-07,1.42.95,34374
2026-08-07,1.42.96,55317
2026-08-07,1.42.97,4447894
2026-08-07,1.43.0,228641
2026-08-07,1.43.1,14978
2026-08-07,1.43.10,23772
2026-08-07,1.43.11,14443
2026-08-07,1.43.12,19992
2026-08-07,1.43.13,20635
2026-08-07,1.43.14,50399
2026-08-07,1.43.15,18075
2026-08-07,1.43.16,24888
2026-08-07,1.43.17,17386
2026-08-07,1.43.18,29454
2026-08-07,1.43.19,18420
2026-08-07,1.43.2,27450
2026-08-07,1.43.20,11097
2026-08-07,1.43.21,23892
2026-08-07,1.43.22,18626
2026-08-07,1.43.23,19423
2026-08-07,1.43.24,44107
2026-08-07,1.43.25,27223
2026-08-07,1.43.26,34029
2026-08-07,1.43.27,22207
2026-08-07,1.43.28,19843
2026-08-07,1.43.29,25127
2026-08-07,1.43.3,18208
2026-08-07,1.43.30,19363
2026-08-07,1.43.31,22397
2026-08-07,1.43.32,18523
2026-08-07,1.43.33,20252
2026-08-07,1.43.34,55613
2026-08-07,1.43.35,7285
2026-08-07,1.43.36,106305
2026-08-07,1.43.37,41085
2026-08-07,1.43.38,27362
2026-08-07,1.43.39,55196
2026-08-07,1.43.4,16574
2026-08-07,1.43.40,58941
2026-08-07,1.43.41,21090
2026-08-07,1.43.42,19933
2026-08-07,1.43.43,6202
2026-08-07,1.43.44,18342
2026-08-07,1.43.45,53356
2026-08-07,1.43.46,197662
2026-08-07,1.43.47,30307
2026-08-07,1.43.48,26772
2026-08-07,1.43.49,25548
2026-08-07,1.43.5,16202
2026-08-07,1.43.50,22057
2026-08-07,1.43.51,63424
2026-08-07,1.43.52,41350
2026-08-07,1.43.53,29512
2026-08-07,1.43.54,37835
2026-08-07,1.43.55,40461
2026-08-07,1.43.56,606628
2026-08-07,1.43.57,44493
2026-08-07,1.43.58,45449
2026-08-07,1.43.59,52962
2026-08-07,1.43.6,73375
2026-08-07,1.43.60,27752
2026-08-07,1.43.61,126705
2026-08-07,1.43.62,184173
2026-08-07,1.43.63,120366
2026-08-07,1.43.64,80622
2026-08-07,1.43.65,93487
2026-08-07,1.43.66,8797148
2026-08-07,1.43.67,1754021
2026-08-07,1.43.7,30636
2026-08-07,1.43.8,14420
2026-08-07,1.43.9,31350
2026-08-07,~other,23327168
2026-08-08,1.42.81,108640
2026-08-08,1.42.82,107175
2026-08-08,1.42.83,114953
2026-08-08,1.42.84,113530
2026-08-08,1.42.85,110026
2026-08-08,1.42.86,107826
2026-08-08,1.42.87,105793
2026-08-08,1.42.88,109317
2026-08-08,1.42.89,137500
2026-08-08,1.42.90,109191
2026-08-08,1.42.91,122522
2026-08-08,1.42.92,109190
2026-08-08,1.42.93,108335
2026-08-08,1.42.94,111007
2026-08-08,1.42.95,110690
2026-08-08,1.42.96,114931
2026-08-08,1.42.97,3839411
2026-08-08,1.43.0,98130
2026-08-08,1.43.1,6370
2026-08-08,1.43.10,16229
2026-08-08,1.43.11,7596
2026-08-08,1.43.12,9169
2026-08-08,1.43.13,18792
2026-08-08,1.43.14,25347
2026-08-08,1.43.15,7453
2026-08-08,1.43.16,8754
2026-08-08,1.43.17,6950
2026-08-08,1.43.18,16701
2026-08-08,1.43.19,7489
2026-08-08,1.43.2,16889
2026-08-08,1.43.20,7877
2026-08-08,1.43.21,59466
2026-08-08,1.43.22,7142
2026-08-08,1.43.23,8017
2026-08-08,1.43.24,32366
2026-08-08,1.43.25,11688
2026-08-08,1.43.26,18985
2026-08-08,1.43.27,9042
2026-08-08,1.43.28,11582
2026-08-08,1.43.29,12156
2026-08-08,1.43.3,8559
2026-08-08,1.43.30,7894
2026-08-08,1.43.31,9949
2026-08-08,1.43.32,8235
2026-08-08,1.43.33,10173
2026-08-08,1.43.34,18252
2026-08-08,1.43.35,5591
2026-08-08,1.43.36,46810
2026-08-08,1.43.37,15013
2026-08-08,1.43.38,13263
2026-08-08,1.43.39,22893
2026-08-08,1.43.4,7547
2026-08-08,1.43.40,30466
2026-08-08,1.43.41,8568
2026-08-08,1.43.42,8709
2026-08-08,1.43.43,3020
2026-08-08,1.43.44,7333
2026-08-08,1.43.45,15087
2026-08-08,1.43.46,88493
2026-08-08,1.43.47,12291
2026-08-08,1.43.48,11022
2026-08-08,1.43.49,13182
2026-08-08,1.43.5,6723
2026-08-08,1.43.50,12801
2026-08-08,1.43.51,29351
2026-08-08,1.43.52,18498
2026-08-08,1.43.53,11880
2026-08-08,1.43.54,25472
2026-08-08,1.43.55,15425
2026-08-08,1.43.56,392713
2026-08-08,1.43.57,15912
2026-08-08,1.43.58,15048
2026-08-08,1.43.59,20025
2026-08-08,1.43.6,33033
2026-08-08,1.43.60,6390
2026-08-08,1.43.61,21241
2026-08-08,1.43.62,92422
2026-08-08,1.43.63,27663
2026-08-08,1.43.64,43235
2026-08-08,1.43.65,22946
2026-08-08,1.43.66,55243
2026-08-08,1.43.67,7302496
2026-08-08,1.43.7,7852
2026-08-08,1.43.8,6634
2026-08-08,1.43.9,17920
2026-08-08,~other,23675843
2026-08-09,1.42.81,69764
2026-08-09,1.42.82,68175
2026-08-09,1.42.83,75492
2026-08-09,1.42.84,76005
2026-08-09,1.42.85,72691
2026-08-09,1.42.86,67682
2026-08-09,1.42.87,67201
2026-08-09,1.42.88,70198
2026-08-09,1.42.89,102252
2026-08-09,1.42.90,71655
2026-08-09,1.42.91,83977
2026-08-09,1.42.92,69033
2026-08-09,1.42.93,68889
2026-08-09,1.42.94,68980
2026-08-09,1.42.95,72923
2026-08-09,1.42.96,79258
2026-08-09,1.42.97,3595275
2026-08-09,1.43.0,122828
2026-08-09,1.43.1,5874
2026-08-09,1.43.10,16330
2026-08-09,1.43.11,7763
2026-08-09,1.43.12,9358
2026-08-09,1.43.13,17603
2026-08-09,1.43.14,29108
2026-08-09,1.43.15,7005
2026-08-09,1.43.16,10139
2026-08-09,1.43.17,9191
2026-08-09,1.43.18,18309
2026-08-09,1.43.19,7314
2026-08-09,1.43.2,21067
2026-08-09,1.43.20,9144
2026-08-09,1.43.21,72635
2026-08-09,1.43.22,6707
2026-08-09,1.43.23,5954
2026-08-09,1.43.24,35535
2026-08-09,1.43.25,12608
2026-08-09,1.43.26,15130
2026-08-09,1.43.27,8063
2026-08-09,1.43.28,12367
2026-08-09,1.43.29,16387
2026-08-09,1.43.3,7665
2026-08-09,1.43.30,7550
2026-08-09,1.43.31,9513
2026-08-09,1.43.32,8489
2026-08-09,1.43.33,11131
2026-08-09,1.43.34,22100
2026-08-09,1.43.35,5458
2026-08-09,1.43.36,46505
2026-08-09,1.43.37,17565
2026-08-09,1.43.38,15152
2026-08-09,1.43.39,21665
2026-08-09,1.43.4,7682
2026-08-09,1.43.40,26663
2026-08-09,1.43.41,9749
2026-08-09,1.43.42,7263
2026-08-09,1.43.43,3288
2026-08-09,1.43.44,10520
2026-08-09,1.43.45,16992
2026-08-09,1.43.46,102088
2026-08-09,1.43.47,13466
2026-08-09,1.43.48,13605
2026-08-09,1.43.49,11392
2026-08-09,1.43.5,6336
2026-08-09,1.43.50,13233
2026-08-09,1.43.51,24800
2026-08-09,1.43.52,17213
2026-08-09,1.43.53,11711
2026-08-09,1.43.54,26669
2026-08-09,1.43.55,12282
2026-08-09,1.43.56,408866
2026-08-09,1.43.57,16853
2026-08-09,1.43.58,17466
2026-08-09,1.43.59,17212
2026-08-09,1.43.6,33817
2026-08-09,1.43.60,6126
2026-08-09,1.43.61,19650
2026-08-09,1.43.62,111927
2026-08-09,1.43.63,20748
2026-08-09,1.43.64,38979
2026-08-09,1.43.65,25651
2026-08-09,1.43.66,33255
2026-08-09,1.43.67,7206524
2026-08-09,1.43.7,8185
2026-08-09,1.43.8,6101
2026-08-09,1.43.9,15608
2026-08-09,~other,19359611
2026-08-10,1.42.81,68593
2026-08-10,1.42.82,66130
2026-08-10,1.42.83,81536
2026-08-10,1.42.84,95868
2026-08-10,1.42.85,73191
2026-08-10,1.42.86,69746
2026-08-10,1.42.87,65532
2026-08-10,1.42.88,79172
2026-08-10,1.42.89,116439
2026-08-10,1.42.90,72544
2026-08-10,1.42.91,99526
2026-08-10,1.42.92,71729
2026-08-10,1.42.93,70716
2026-08-10,1.42.94,73250
2026-08-10,1.42.95,77119
2026-08-10,1.42.96,91411
2026-08-10,1.42.97,4314895
2026-08-10,1.43.0,253721
2026-08-10,1.43.1,14404
2026-08-10,1.43.10,21781
2026-08-10,1.43.11,15441
2026-08-10,1.43.12,18218
2026-08-10,1.43.13,28288
2026-08-10,1.43.14,47101
2026-08-10,1.43.15,17825
2026-08-10,1.43.16,25527
2026-08-10,1.43.17,19625
2026-08-10,1.43.18,32031
2026-08-10,1.43.19,17786
2026-08-10,1.43.2,28570
2026-08-10,1.43.20,12385
2026-08-10,1.43.21,28770
2026-08-10,1.43.22,16879
2026-08-10,1.43.23,14859
2026-08-10,1.43.24,46070
2026-08-10,1.43.25,26779
2026-08-10,1.43.26,27519
2026-08-10,1.43.27,20916
2026-08-10,1.43.28,32967
2026-08-10,1.43.29,27579
2026-08-10,1.43.3,17115
2026-08-10,1.43.30,17956
2026-08-10,1.43.31,22794
2026-08-10,1.43.32,16612
2026-08-10,1.43.33,18568
2026-08-10,1.43.34,60144
2026-08-10,1.43.35,7563
2026-08-10,1.43.36,97715
2026-08-10,1.43.37,43851
2026-08-10,1.43.38,26075
2026-08-10,1.43.39,46880
2026-08-10,1.43.4,17221
2026-08-10,1.43.40,51296
2026-08-10,1.43.41,20209
2026-08-10,1.43.42,21353
2026-08-10,1.43.43,5767
2026-08-10,1.43.44,16726
2026-08-10,1.43.45,49469
2026-08-10,1.43.46,201568
2026-08-10,1.43.47,23556
2026-08-10,1.43.48,26500
2026-08-10,1.43.49,25137
2026-08-10,1.43.5,14721
2026-08-10,1.43.50,20206
2026-08-10,1.43.51,63536
2026-08-10,1.43.52,39065
2026-08-10,1.43.53,25506
2026-08-10,1.43.54,42828
2026-08-10,1.43.55,30120
2026-08-10,1.43.56,645708
2026-08-10,1.43.57,46805
2026-08-10,1.43.58,37555
2026-08-10,1.43.59,37196
2026-08-10,1.43.6,67615
2026-08-10,1.43.60,12395
2026-08-10,1.43.61,32429
2026-08-10,1.43.62,273227
2026-08-10,1.43.63,86072
2026-08-10,1.43.64,60086
2026-08-10,1.43.65,43022
2026-08-10,1.43.66,81590
2026-08-10,1.43.67,8605443
2026-08-10,1.43.68,1662618
2026-08-10,1.43.7,20304
2026-08-10,1.43.8,12861
2026-08-10,1.43.9,28509
2026-08-10,~other,24312404
2026-08-11,1.42.81,83619
2026-08-11,1.42.82,180610
2026-08-11,1.42.83,97330
2026-08-11,1.42.84,108484
2026-08-11,1.42.85,86730
2026-08-11,1.42.86,87292
2026-08-11,1.42.87,78574
2026-08-11,1.42.88,97308
2026-08-11,1.42.89,131942
2026-08-11,1.42.90,87338
2026-08-11,1.42.91,120763
2026-08-11,1.42.92,89132
2026-08-11,1.42.93,85181
2026-08-11,1.42.94,86762
2026-08-11,1.42.95,87228
2026-08-11,1.42.96,110078
2026-08-11,1.42.97,4407572
2026-08-11,1.43.0,285120
2026-08-11,1.43.1,14955
2026-08-11,1.43.10,25033
2026-08-11,1.43.11,17059
2026-08-11,1.43.12,20675
2026-08-11,1.43.13,24610
2026-08-11,1.43.14,47537
2026-08-11,1.43.15,17241
2026-08-11,1.43.16,25163
2026-08-11,1.43.17,22009
2026-08-11,1.43.18,30510
2026-08-11,1.43.19,19029
2026-08-11,1.43.2,25192
2026-08-11,1.43.20,11582
2026-08-11,1.43.21,46226
2026-08-11,1.43.22,16698
2026-08-11,1.43.23,14818
2026-08-11,1.43.24,48518
2026-08-11,1.43.25,32554
2026-08-11,1.43.26,26752
2026-08-11,1.43.27,20595
2026-08-11,1.43.28,43502
2026-08-11,1.43.29,30504
2026-08-11,1.43.3,18544
2026-08-11,1.43.30,17213
2026-08-11,1.43.31,26849
2026-08-11,1.43.32,17881
2026-08-11,1.43.33,19382
2026-08-11,1.43.34,69294
2026-08-11,1.43.35,8109
2026-08-11,1.43.36,106476
2026-08-11,1.43.37,39570
2026-08-11,1.43.38,25419
2026-08-11,1.43.39,53657
2026-08-11,1.43.4,19656
2026-08-11,1.43.40,49833
2026-08-11,1.43.41,29022
2026-08-11,1.43.42,24424
2026-08-11,1.43.43,7158
2026-08-11,1.43.44,18802
2026-08-11,1.43.45,58578
2026-08-11,1.43.46,213482
2026-08-11,1.43.47,25638
2026-08-11,1.43.48,28549
2026-08-11,1.43.49,28981
2026-08-11,1.43.5,16269
2026-08-11,1.43.50,22621
2026-08-11,1.43.51,57547
2026-08-11,1.43.52,37779
2026-08-11,1.43.53,25451
2026-08-11,1.43.54,40164
2026-08-11,1.43.55,31869
2026-08-11,1.43.56,799113
2026-08-11,1.43.57,59465
2026-08-11,1.43.58,42876
2026-08-11,1.43.59,50123
2026-08-11,1.43.6,79890
2026-08-11,1.43.60,9729
2026-08-11,1.43.61,28022
2026-08-11,1.43.62,156847
2026-08-11,1.43.63,181883
2026-08-11,1.43.64,61738
2026-08-11,1.43.65,33500
2026-08-11,1.43.66,57005
2026-08-11,1.43.67,272156
2026-08-11,1.43.68,9313727
2026-08-11,1.43.69,1548133
2026-08-11,1.43.7,20862
2026-08-11,1.43.8,13550
2026-08-11,1.43.9,31529
2026-08-11,~other,30543671
2026-08-12,1.42.81,61089
2026-08-12,1.42.82,67559
2026-08-12,1.42.83,74960
2026-08-12,1.42.84,91365
2026-08-12,1.42.85,64087
2026-08-12,1.42.86,61985
2026-08-12,1.42.87,55450
2026-08-12,1.42.88,69409
2026-08-12,1.42.89,107655
2026-08-12,1.42.90,66378
2026-08-12,1.42.91,93248
2026-08-12,1.42.92,63207
2026-08-12,1.42.93,60425
2026-08-12,1.42.94,65523
2026-08-12,1.42.95,65052
2026-08-12,1.42.96,88830
2026-08-12,1.42.97,4421064
2026-08-12,1.43.0,244734
2026-08-12,1.43.1,13752
2026-08-12,1.43.10,26006
2026-08-12,1.43.11,16150
2026-08-12,1.43.12,19483
2026-08-12,1.43.13,24039
2026-08-12,1.43.14,49071
2026-08-12,1.43.15,16143
2026-08-12,1.43.16,26230
2026-08-12,1.43.17,18468
2026-08-12,1.43.18,32616
2026-08-12,1.43.19,17214
2026-08-12,1.43.2,27275
2026-08-12,1.43.20,12543
2026-08-12,1.43.21,15467
2026-08-12,1.43.22,18257
2026-08-12,1.43.23,13072
2026-08-12,1.43.24,48897
2026-08-12,1.43.25,30387
2026-08-12,1.43.26,26975
2026-08-12,1.43.27,22273
2026-08-12,1.43.28,25863
2026-08-12,1.43.29,29008
2026-08-12,1.43.3,17859
2026-08-12,1.43.30,17670
2026-08-12,1.43.31,23023
2026-08-12,1.43.32,18374
2026-08-12,1.43.33,20402
2026-08-12,1.43.34,65745
2026-08-12,1.43.35,7890
2026-08-12,1.43.36,110270
2026-08-12,1.43.37,46936
2026-08-12,1.43.38,27185
2026-08-12,1.43.39,53744
2026-08-12,1.43.4,20333
2026-08-12,1.43.40,53307
2026-08-12,1.43.41,35418
2026-08-12,1.43.42,24537
2026-08-12,1.43.43,6739
2026-08-12,1.43.44,17438
2026-08-12,1.43.45,58979
2026-08-12,1.43.46,221705
2026-08-12,1.43.47,22555
2026-08-12,1.43.48,28106
2026-08-12,1.43.49,26516
2026-08-12,1.43.5,19341
2026-08-12,1.43.50,24445
2026-08-12,1.43.51,55763
2026-08-12,1.43.52,36878
2026-08-12,1.43.53,26418
2026-08-12,1.43.54,37879
2026-08-12,1.43.55,28674
2026-08-12,1.43.56,786993
2026-08-12,1.43.57,47389
2026-08-12,1.43.58,53356
2026-08-12,1.43.59,49221
2026-08-12,1.43.6,80809
2026-08-12,1.43.60,9684
2026-08-12,1.43.61,27109
2026-08-12,1.43.62,142648
2026-08-12,1.43.63,143691
2026-08-12,1.43.64,158788
2026-08-12,1.43.65,41156
2026-08-12,1.43.66,42986
2026-08-12,1.43.67,215420
2026-08-12,1.43.68,113546
2026-08-12,1.43.69,8956423
2026-08-12,1.43.7,18970
2026-08-12,1.43.70,1611250
2026-08-12,1.43.8,12997
2026-08-12,1.43.9,32301
2026-08-12,~other,27083300
2026-08-13,1.42.81,17951
2026-08-13,1.42.82,22015
2026-08-13,1.42.83,32165
2026-08-13,1.42.84,45731
2026-08-13,1.42.85,21170
2026-08-13,1.42.86,19450
2026-08-13,1.42.87,12431
2026-08-13,1.42.88,24766
2026-08-13,1.42.89,62948
2026-08-13,1.42.90,22471
2026-08-13,1.42.91,54474
2026-08-13,1.42.92,19931
2026-08-13,1.42.93,19199
2026-08-13,1.42.94,28134
2026-08-13,1.42.95,22152
2026-08-13,1.42.96,46951
2026-08-13,1.42.97,4389109
2026-08-13,1.43.0,235974
2026-08-13,1.43.1,20582
2026-08-13,1.43.10,23915
2026-08-13,1.43.11,14313
2026-08-13,1.43.12,19000
2026-08-13,1.43.13,25691
2026-08-13,1.43.14,51603
2026-08-13,1.43.15,16585
2026-08-13,1.43.16,23329
2026-08-13,1.43.17,20849
2026-08-13,1.43.18,33009
2026-08-13,1.43.19,17904
2026-08-13,1.43.2,31017
2026-08-13,1.43.20,12275
2026-08-13,1.43.21,21534
2026-08-13,1.43.22,19501
2026-08-13,1.43.23,15008
2026-08-13,1.43.24,46548
2026-08-13,1.43.25,26996
2026-08-13,1.43.26,27928
2026-08-13,1.43.27,21945
2026-08-13,1.43.28,22844
2026-08-13,1.43.29,28516
2026-08-13,1.43.3,18392
2026-08-13,1.43.30,17522
2026-08-13,1.43.31,28832
2026-08-13,1.43.32,18036
2026-08-13,1.43.33,19535
2026-08-13,1.43.34,63314
2026-08-13,1.43.35,6562
2026-08-13,1.43.36,111261
2026-08-13,1.43.37,46682
2026-08-13,1.43.38,28977
2026-08-13,1.43.39,46918
2026-08-13,1.43.4,19630
2026-08-13,1.43.40,51210
2026-08-13,1.43.41,29225
2026-08-13,1.43.42,18818
2026-08-13,1.43.43,8192
2026-08-13,1.43.44,19526
2026-08-13,1.43.45,58323
2026-08-13,1.43.46,205149
2026-08-13,1.43.47,22791
2026-08-13,1.43.48,26838
2026-08-13,1.43.49,26072
2026-08-13,1.43.5,17429
2026-08-13,1.43.50,21338
2026-08-13,1.43.51,53558
2026-08-13,1.43.52,36179
2026-08-13,1.43.53,25727
2026-08-13,1.43.54,36015
2026-08-13,1.43.55,30222
2026-08-13,1.43.56,759662
2026-08-13,1.43.57,42165
2026-08-13,1.43.58,39802
2026-08-13,1.43.59,57896
2026-08-13,1.43.6,85994
2026-08-13,1.43.60,13502
2026-08-13,1.43.61,26300
2026-08-13,1.43.62,135352
2026-08-13,1.43.63,127517
2026-08-13,1.43.64,54434
2026-08-13,1.43.65,140615
2026-08-13,1.43.66,68695
2026-08-13,1.43.67,214135
2026-08-13,1.43.68,77493
2026-08-13,1.43.69,109284
2026-08-13,1.43.7,17316
2026-08-13,1.43.70,8991514
2026-08-13,1.43.71,1719019
2026-08-13,1.43.8,13902
2026-08-13,1.43.9,29378
2026-08-13,~other,21236750
2026-08-14,1.42.81,118885
2026-08-14,1.42.82,122967
2026-08-14,1.42.83,131523
2026-08-14,1.42.84,142573
2026-08-14,1.42.85,122207
2026-08-14,1.42.86,119872
2026-08-14,1.42.87,113484
2026-08-14,1.42.88,124549
2026-08-14,1.42.89,164303
2026-08-14,1.42.90,122695
2026-08-14,1.42.91,151635
2026-08-14,1.42.92,122989
2026-08-14,1.42.93,117637
2026-08-14,1.42.94,127012
2026-08-14,1.42.95,130287
2026-08-14,1.42.96,150550
2026-08-14,1.42.97,4529234
2026-08-14,1.43.0,180820
2026-08-14,1.43.1,14908
2026-08-14,1.43.10,21499
2026-08-14,1.43.11,13002
2026-08-14,1.43.12,18164
2026-08-14,1.43.13,25925
2026-08-14,1.43.14,43959
2026-08-14,1.43.15,15573
2026-08-14,1.43.16,23486
2026-08-14,1.43.17,15200
2026-08-14,1.43.18,27562
2026-08-14,1.43.19,16276
2026-08-14,1.43.2,24062
2026-08-14,1.43.20,9775
2026-08-14,1.43.21,13755
2026-08-14,1.43.22,17418
2026-08-14,1.43.23,14389
2026-08-14,1.43.24,46641
2026-08-14,1.43.25,30933
2026-08-14,1.43.26,27308
2026-08-14,1.43.27,20857
2026-08-14,1.43.28,19858
2026-08-14,1.43.29,21947
2026-08-14,1.43.3,17155
2026-08-14,1.43.30,18034
2026-08-14,1.43.31,28269
2026-08-14,1.43.32,15907
2026-08-14,1.43.33,17954
2026-08-14,1.43.34,56586
2026-08-14,1.43.35,6553
2026-08-14,1.43.36,110244
2026-08-14,1.43.37,39621
2026-08-14,1.43.38,26188
2026-08-14,1.43.39,47053
2026-08-14,1.43.4,17802
2026-08-14,1.43.40,45536
2026-08-14,1.43.41,26914
2026-08-14,1.43.42,18932
2026-08-14,1.43.43,8616
2026-08-14,1.43.44,14879
2026-08-14,1.43.45,60080
2026-08-14,1.43.46,188829
2026-08-14,1.43.47,18867
2026-08-14,1.43.48,25453
2026-08-14,1.43.49,25080
2026-08-14,1.43.5,14322
2026-08-14,1.43.50,20062
2026-08-14,1.43.51,49088
2026-08-14,1.43.52,28642
2026-08-14,1.43.53,23872
2026-08-14,1.43.54,36672
2026-08-14,1.43.55,22917
2026-08-14,1.43.56,702394
2026-08-14,1.43.57,36914
2026-08-14,1.43.58,31710
2026-08-14,1.43.59,59350
2026-08-14,1.43.6,100292
2026-08-14,1.43.60,9867
2026-08-14,1.43.61,26965
2026-08-14,1.43.62,111519
2026-08-14,1.43.63,133801
2026-08-14,1.43.64,51605
2026-08-14,1.43.65,50203
2026-08-14,1.43.66,159704
2026-08-14,1.43.67,181255
2026-08-14,1.43.68,103102
2026-08-14,1.43.69,69591
2026-08-14,1.43.7,16079
2026-08-14,1.43.70,91171
2026-08-14,1.43.71,8438499
2026-08-14,1.43.72,2020126
2026-08-14,1.43.8,11731
2026-08-14,1.43.9,28776
2026-08-14,~other,19793016
2026-08-15,1.42.81,106214
2026-08-15,1.42.82,114444
2026-08-15,1.42.83,114507
2026-08-15,1.42.84,112406
2026-08-15,1.42.85,108191
2026-08-15,1.42.86,104168
2026-08-15,1.42.87,104930
2026-08-15,1.42.88,107615
2026-08-15,1.42.89,135858
2026-08-15,1.42.90,109279
2026-08-15,1.42.91,116898
2026-08-15,1.42.92,107494
2026-08-15,1.42.93,105695
2026-08-15,1.42.94,109689
2026-08-15,1.42.95,112436
2026-08-15,1.42.96,115147
2026-08-15,1.42.97,3870186
2026-08-15,1.43.0,96490
2026-08-15,1.43.1,8775
2026-08-15,1.43.10,16643
2026-08-15,1.43.11,7365
2026-08-15,1.43.12,8853
2026-08-15,1.43.13,16590
2026-08-15,1.43.14,27277
2026-08-15,1.43.15,6779
2026-08-15,1.43.16,10288
2026-08-15,1.43.17,9202
2026-08-15,1.43.18,16528
2026-08-15,1.43.19,6725
2026-08-15,1.43.2,15123
2026-08-15,1.43.20,8077
2026-08-15,1.43.21,8894
2026-08-15,1.43.22,7824
2026-08-15,1.43.23,6850
2026-08-15,1.43.24,37095
2026-08-15,1.43.25,14979
2026-08-15,1.43.26,12330
2026-08-15,1.43.27,11728
2026-08-15,1.43.28,11577
2026-08-15,1.43.29,12002
2026-08-15,1.43.3,8289
2026-08-15,1.43.30,7281
2026-08-15,1.43.31,18932
2026-08-15,1.43.32,10110
2026-08-15,1.43.33,11627
2026-08-15,1.43.34,22576
2026-08-15,1.43.35,4983
2026-08-15,1.43.36,49607
2026-08-15,1.43.37,13519
2026-08-15,1.43.38,14287
2026-08-15,1.43.39,25335
2026-08-15,1.43.4,8482
2026-08-15,1.43.40,23241
2026-08-15,1.43.41,16998
2026-08-15,1.43.42,7998
2026-08-15,1.43.43,4418
2026-08-15,1.43.44,6983
2026-08-15,1.43.45,17889
2026-08-15,1.43.46,73579
2026-08-15,1.43.47,9658
2026-08-15,1.43.48,12993
2026-08-15,1.43.49,11712
2026-08-15,1.43.5,8718
2026-08-15,1.43.50,13499
2026-08-15,1.43.51,24325
2026-08-15,1.43.52,14512
2026-08-15,1.43.53,13303
2026-08-15,1.43.54,24439
2026-08-15,1.43.55,11674
2026-08-15,1.43.56,468967
2026-08-15,1.43.57,20505
2026-08-15,1.43.58,11645
2026-08-15,1.43.59,55982
2026-08-15,1.43.6,43095
2026-08-15,1.43.60,5493
2026-08-15,1.43.61,14773
2026-08-15,1.43.62,52172
2026-08-15,1.43.63,110783
2026-08-15,1.43.64,27371
2026-08-15,1.43.65,15734
2026-08-15,1.43.66,19533
2026-08-15,1.43.67,91501
2026-08-15,1.43.68,31012
2026-08-15,1.43.69,35256
2026-08-15,1.43.7,8501
2026-08-15,1.43.70,29085
2026-08-15,1.43.71,60818
2026-08-15,1.43.72,7143695
2026-08-15,1.43.8,6414
2026-08-15,1.43.9,16181
2026-08-15,~other,14950587
2026-08-16,1.42.81,106288
2026-08-16,1.42.82,112339
2026-08-16,1.42.83,111283
2026-08-16,1.42.84,111830
2026-08-16,1.42.85,106249
2026-08-16,1.42.86,102394
2026-08-16,1.42.87,102864
2026-08-16,1.42.88,106759
2026-08-16,1.42.89,137491
2026-08-16,1.42.90,105949
2026-08-16,1.42.91,115008
2026-08-16,1.42.92,105533
2026-08-16,1.42.93,107715
2026-08-16,1.42.94,110484
2026-08-16,1.42.95,109872
2026-08-16,1.42.96,114445
2026-08-16,1.42.97,3718901
2026-08-16,1.43.0,128323
2026-08-16,1.43.1,8977
2026-08-16,1.43.10,17216
2026-08-16,1.43.11,8244
2026-08-16,1.43.12,8584
2026-08-16,1.43.13,18713
2026-08-16,1.43.14,29956
2026-08-16,1.43.15,7162
2026-08-16,1.43.16,12508
2026-08-16,1.43.17,12232
2026-08-16,1.43.18,21758
2026-08-16,1.43.19,7237
2026-08-16,1.43.2,21631
2026-08-16,1.43.20,8392
2026-08-16,1.43.21,17079
2026-08-16,1.43.22,8214
2026-08-16,1.43.23,8377
2026-08-16,1.43.24,37734
2026-08-16,1.43.25,12241
2026-08-16,1.43.26,13302
2026-08-16,1.43.27,11860
2026-08-16,1.43.28,11689
2026-08-16,1.43.29,18944
2026-08-16,1.43.3,10079
2026-08-16,1.43.30,8375
2026-08-16,1.43.31,23396
2026-08-16,1.43.32,9356
2026-08-16,1.43.33,9280
2026-08-16,1.43.34,21672
2026-08-16,1.43.35,5034
2026-08-16,1.43.36,48509
2026-08-16,1.43.37,17358
2026-08-16,1.43.38,14663
2026-08-16,1.43.39,25768
2026-08-16,1.43.4,7689
2026-08-16,1.43.40,23516
2026-08-16,1.43.41,18028
2026-08-16,1.43.42,8376
2026-08-16,1.43.43,4001
2026-08-16,1.43.44,8533
2026-08-16,1.43.45,15879
2026-08-16,1.43.46,81678
2026-08-16,1.43.47,10625
2026-08-16,1.43.48,12054
2026-08-16,1.43.49,12751
2026-08-16,1.43.5,7353
2026-08-16,1.43.50,13609
2026-08-16,1.43.51,23714
2026-08-16,1.43.52,15342
2026-08-16,1.43.53,11744
2026-08-16,1.43.54,26296
2026-08-16,1.43.55,14705
2026-08-16,1.43.56,403559
2026-08-16,1.43.57,18395
2026-08-16,1.43.58,12360
2026-08-16,1.43.59,72290
2026-08-16,1.43.6,37163
2026-08-16,1.43.60,7555
2026-08-16,1.43.61,16077
2026-08-16,1.43.62,57775
2026-08-16,1.43.63,75990
2026-08-16,1.43.64,28934
2026-08-16,1.43.65,16220
2026-08-16,1.43.66,18625
2026-08-16,1.43.67,110131
2026-08-16,1.43.68,23931
2026-08-16,1.43.69,26050
2026-08-16,1.43.7,9503
2026-08-16,1.43.70,36658
2026-08-16,1.43.71,35799
2026-08-16,1.43.72,7079758
2026-08-16,1.43.8,7202
2026-08-16,1.43.9,14278
2026-08-16,~other,14796465
2026-08-17,1.42.81,116248
2026-08-17,1.42.82,122027
2026-08-17,1.42.83,127660
2026-08-17,1.42.84,138553
2026-08-17,1.42.85,121182
2026-08-17,1.42.86,118188
2026-08-17,1.42.87,112182
2026-08-17,1.42.88,128405
2026-08-17,1.42.89,161509
2026-08-17,1.42.90,121950
2026-08-17,1.42.91,149096
2026-08-17,1.42.92,121632
2026-08-17,1.42.93,120492
2026-08-17,1.42.94,125487
2026-08-17,1.42.95,125783
2026-08-17,1.42.96,135817
2026-08-17,1.42.97,4472201
2026-08-17,1.43.0,226292
2026-08-17,1.43.1,14817
2026-08-17,1.43.10,24372
2026-08-17,1.43.11,15515
2026-08-17,1.43.12,17677
2026-08-17,1.43.13,26737
2026-08-17,1.43.14,44047
2026-08-17,1.43.15,16723
2026-08-17,1.43.16,21116
2026-08-17,1.43.17,22278
2026-08-17,1.43.18,32548
2026-08-17,1.43.19,16689
2026-08-17,1.43.2,29885
2026-08-17,1.43.20,10546
2026-08-17,1.43.21,16046
2026-08-17,1.43.22,16110
2026-08-17,1.43.23,13383
2026-08-17,1.43.24,46612
2026-08-17,1.43.25,24405
2026-08-17,1.43.26,24592
2026-08-17,1.43.27,22661
2026-08-17,1.43.28,19651
2026-08-17,1.43.29,28135
2026-08-17,1.43.3,17736
2026-08-17,1.43.30,17734
2026-08-17,1.43.31,38014
2026-08-17,1.43.32,16043
2026-08-17,1.43.33,18527
2026-08-17,1.43.34,62158
2026-08-17,1.43.35,7819
2026-08-17,1.43.36,96566
2026-08-17,1.43.37,33930
2026-08-17,1.43.38,23555
2026-08-17,1.43.39,45795
2026-08-17,1.43.4,16745
2026-08-17,1.43.40,48404
2026-08-17,1.43.41,29323
2026-08-17,1.43.42,21988
2026-08-17,1.43.43,6517
2026-08-17,1.43.44,14789
2026-08-17,1.43.45,48164
2026-08-17,1.43.46,178197
2026-08-17,1.43.47,23201
2026-08-17,1.43.48,26846
2026-08-17,1.43.49,21426
2026-08-17,1.43.5,13454
2026-08-17,1.43.50,22200
2026-08-17,1.43.51,62584
2026-08-17,1.43.52,28934
2026-08-17,1.43.53,25321
2026-08-17,1.43.54,36984
2026-08-17,1.43.55,25814
2026-08-17,1.43.56,616731
2026-08-17,1.43.57,40551
2026-08-17,1.43.58,32392
2026-08-17,1.43.59,57200
2026-08-17,1.43.6,139012
2026-08-17,1.43.60,9210
2026-08-17,1.43.61,21747
2026-08-17,1.43.62,116684
2026-08-17,1.43.63,121454
2026-08-17,1.43.64,43209
2026-08-17,1.43.65,30974
2026-08-17,1.43.66,39128
2026-08-17,1.43.67,202351
2026-08-17,1.43.68,77140
2026-08-17,1.43.69,44811
2026-08-17,1.43.7,19443
2026-08-17,1.43.70,50738
2026-08-17,1.43.71,92096
2026-08-17,1.43.72,8952193
2026-08-17,1.43.73,1571351
2026-08-17,1.43.8,12690
2026-08-17,1.43.9,26975
2026-08-17,~other,21602387
2026-08-18,1.42.81,118068
2026-08-18,1.42.82,123818
2026-08-18,1.42.83,129117
2026-08-18,1.42.84,148383
2026-08-18,1.42.85,125527
2026-08-18,1.42.86,119225
2026-08-18,1.42.87,114952
2026-08-18,1.42.88,130229
2026-08-18,1.42.89,169945
2026-08-18,1.42.90,126537
2026-08-18,1.42.91,155386
2026-08-18,1.42.92,127812
2026-08-18,1.42.93,125244
2026-08-18,1.42.94,127117
2026-08-18,1.42.95,126971
2026-08-18,1.42.96,143596
2026-08-18,1.42.97,4430595
2026-08-18,1.43.0,244475
2026-08-18,1.43.1,14635
2026-08-18,1.43.10,25677
2026-08-18,1.43.11,16718
2026-08-18,1.43.12,20745
2026-08-18,1.43.13,21122
2026-08-18,1.43.14,49721
2026-08-18,1.43.15,22170
2026-08-18,1.43.16,23032
2026-08-18,1.43.17,24636
2026-08-18,1.43.18,35543
2026-08-18,1.43.19,19177
2026-08-18,1.43.2,24118
2026-08-18,1.43.20,10743
2026-08-18,1.43.21,14043
2026-08-18,1.43.22,16891
2026-08-18,1.43.23,14330
2026-08-18,1.43.24,52128
2026-08-18,1.43.25,28614
2026-08-18,1.43.26,43581
2026-08-18,1.43.27,27799
2026-08-18,1.43.28,27503
2026-08-18,1.43.29,30760
2026-08-18,1.43.3,18368
2026-08-18,1.43.30,18672
2026-08-18,1.43.31,25904
2026-08-18,1.43.32,19487
2026-08-18,1.43.33,25273
2026-08-18,1.43.34,70259
2026-08-18,1.43.35,8648
2026-08-18,1.43.36,106925
2026-08-18,1.43.37,43276
2026-08-18,1.43.38,26692
2026-08-18,1.43.39,53072
2026-08-18,1.43.4,23015
2026-08-18,1.43.40,56011
2026-08-18,1.43.41,34980
2026-08-18,1.43.42,21101
2026-08-18,1.43.43,5778
2026-08-18,1.43.44,20504
2026-08-18,1.43.45,54760
2026-08-18,1.43.46,211176
2026-08-18,1.43.47,25664
2026-08-18,1.43.48,28672
2026-08-18,1.43.49,21042
2026-08-18,1.43.5,20409
2026-08-18,1.43.50,21320
2026-08-18,1.43.51,51683
2026-08-18,1.43.52,31933
2026-08-18,1.43.53,27883
2026-08-18,1.43.54,45630
2026-08-18,1.43.55,29536
2026-08-18,1.43.56,708490
2026-08-18,1.43.57,38291
2026-08-18,1.43.58,40659
2026-08-18,1.43.59,49942
2026-08-18,1.43.6,176705
2026-08-18,1.43.60,10661
2026-08-18,1.43.61,23811
2026-08-18,1.43.62,98277
2026-08-18,1.43.63,141835
2026-08-18,1.43.64,45050
2026-08-18,1.43.65,40060
2026-08-18,1.43.66,35920
2026-08-18,1.43.67,124561
2026-08-18,1.43.68,293711
2026-08-18,1.43.69,54411
2026-08-18,1.43.7,21607
2026-08-18,1.43.70,47200
2026-08-18,1.43.71,62400
2026-08-18,1.43.72,263749
2026-08-18,1.43.73,10619640
2026-08-18,1.43.74,410194
2026-08-18,1.43.8,13695
2026-08-18,1.43.9,32638
2026-08-18,~other,20947189
2026-08-19,1.42.81,130092
2026-08-19,1.42.82,135265
2026-08-19,1.42.83,142759
2026-08-19,1.42.84,161141
2026-08-19,1.42.85,137268
2026-08-19,1.42.86,130528
2026-08-19,1.42.87,126239
2026-08-19,1.42.88,140784
2026-08-19,1.42.89,177199
2026-08-19,1.42.90,135580
2026-08-19,1.42.91,170695
2026-08-19,1.42.92,135355
2026-08-19,1.42.93,136603
2026-08-19,1.42.94,138452
2026-08-19,1.42.95,132624
2026-08-19,1.42.96,153639
2026-08-19,1.42.97,4346878
2026-08-19,1.43.0,244887
2026-08-19,1.43.1,16886
2026-08-19,1.43.10,23994
2026-08-19,1.43.11,16606
2026-08-19,1.43.12,20083
2026-08-19,1.43.13,21997
2026-08-19,1.43.14,55995
2026-08-19,1.43.15,18533
2026-08-19,1.43.16,25277
2026-08-19,1.43.17,20564
2026-08-19,1.43.18,37088
2026-08-19,1.43.19,18621
2026-08-19,1.43.2,25965
2026-08-19,1.43.20,10031
2026-08-19,1.43.21,15049
2026-08-19,1.43.22,19986
2026-08-19,1.43.23,15550
2026-08-19,1.43.24,50350
2026-08-19,1.43.25,33510
2026-08-19,1.43.26,55549
2026-08-19,1.43.27,24244
2026-08-19,1.43.28,27853
2026-08-19,1.43.29,33754
2026-08-19,1.43.3,19480
2026-08-19,1.43.30,18130
2026-08-19,1.43.31,24817
2026-08-19,1.43.32,21162
2026-08-19,1.43.33,27384
2026-08-19,1.43.34,70250
2026-08-19,1.43.35,8115
2026-08-19,1.43.36,101442
2026-08-19,1.43.37,54653
2026-08-19,1.43.38,28403
2026-08-19,1.43.39,57045
2026-08-19,1.43.4,21420
2026-08-19,1.43.40,50942
2026-08-19,1.43.41,30562
2026-08-19,1.43.42,22987
2026-08-19,1.43.43,6350
2026-08-19,1.43.44,20453
2026-08-19,1.43.45,54656
2026-08-19,1.43.46,210045
2026-08-19,1.43.47,24398
2026-08-19,1.43.48,28859
2026-08-19,1.43.49,22233
2026-08-19,1.43.5,18446
2026-08-19,1.43.50,20988
2026-08-19,1.43.51,47067
2026-08-19,1.43.52,32247
2026-08-19,1.43.53,27012
2026-08-19,1.43.54,36871
2026-08-19,1.43.55,26626
2026-08-19,1.43.56,661212
2026-08-19,1.43.57,33352
2026-08-19,1.43.58,37046
2026-08-19,1.43.59,47229
2026-08-19,1.43.6,186680
2026-08-19,1.43.60,13443
2026-08-19,1.43.61,22541
2026-08-19,1.43.62,91122
2026-08-19,1.43.63,123639
2026-08-19,1.43.64,64407
2026-08-19,1.43.65,30722
2026-08-19,1.43.66,33410
2026-08-19,1.43.67,122281
2026-08-19,1.43.68,49442
2026-08-19,1.43.69,142257
2026-08-19,1.43.7,24746
2026-08-19,1.43.70,48541
2026-08-19,1.43.71,55207
2026-08-19,1.43.72,205848
2026-08-19,1.43.73,144888
2026-08-19,1.43.74,9494672
2026-08-19,1.43.75,1448096
2026-08-19,1.43.8,14467
2026-08-19,1.43.9,28412
2026-08-19,~other,20550353
2026-08-20,1.42.81,139067
2026-08-20,1.42.82,145761
2026-08-20,1.42.83,152048
2026-08-20,1.42.84,170448
2026-08-20,1.42.85,147058
2026-08-20,1.42.86,139428
2026-08-20,1.42.87,134940
2026-08-20,1.42.88,149188
2026-08-20,1.42.89,189082
2026-08-20,1.42.90,145791
2026-08-20,1.42.91,179341
2026-08-20,1.42.92,146882
2026-08-20,1.42.93,142133
2026-08-20,1.42.94,146180
2026-08-20,1.42.95,145726
2026-08-20,1.42.96,163896
2026-08-20,1.42.97,4341955
2026-08-20,1.43.0,233868
2026-08-20,1.43.1,15236
2026-08-20,1.43.10,24387
2026-08-20,1.43.11,16963
2026-08-20,1.43.12,19729
2026-08-20,1.43.13,27364
2026-08-20,1.43.14,58260
2026-08-20,1.43.15,17356
2026-08-20,1.43.16,22496
2026-08-20,1.43.17,20628
2026-08-20,1.43.18,32678
2026-08-20,1.43.19,19122
2026-08-20,1.43.2,29777
2026-08-20,1.43.20,10838
2026-08-20,1.43.21,15488
2026-08-20,1.43.22,18474
2026-08-20,1.43.23,14862
2026-08-20,1.43.24,50353
2026-08-20,1.43.25,33125
2026-08-20,1.43.26,29387
2026-08-20,1.43.27,25542
2026-08-20,1.43.28,25090
2026-08-20,1.43.29,33893
2026-08-20,1.43.3,20665
2026-08-20,1.43.30,18461
2026-08-20,1.43.31,25527
2026-08-20,1.43.32,18124
2026-08-20,1.43.33,25817
2026-08-20,1.43.34,60178
2026-08-20,1.43.35,6271
2026-08-20,1.43.36,102228
2026-08-20,1.43.37,39688
2026-08-20,1.43.38,27139
2026-08-20,1.43.39,40268
2026-08-20,1.43.4,17483
2026-08-20,1.43.40,52446
2026-08-20,1.43.41,27486
2026-08-20,1.43.42,22887
2026-08-20,1.43.43,6773
2026-08-20,1.43.44,17536
2026-08-20,1.43.45,50635
2026-08-20,1.43.46,195926
2026-08-20,1.43.47,23270
2026-08-20,1.43.48,30284
2026-08-20,1.43.49,25813
2026-08-20,1.43.5,19880
2026-08-20,1.43.50,22259
2026-08-20,1.43.51,48680
2026-08-20,1.43.52,31152
2026-08-20,1.43.53,24995
2026-08-20,1.43.54,31839
2026-08-20,1.43.55,26019
2026-08-20,1.43.56,643981
2026-08-20,1.43.57,33245
2026-08-20,1.43.58,38835
2026-08-20,1.43.59,36309
2026-08-20,1.43.6,206033
2026-08-20,1.43.60,13398
2026-08-20,1.43.61,20639
2026-08-20,1.43.62,87482
2026-08-20,1.43.63,136189
2026-08-20,1.43.64,43969
2026-08-20,1.43.65,43954
2026-08-20,1.43.66,31710
2026-08-20,1.43.67,110574
2026-08-20,1.43.68,43304
2026-08-20,1.43.69,47001
2026-08-20,1.43.7,20010
2026-08-20,1.43.70,522078
2026-08-20,1.43.71,61177
2026-08-20,1.43.72,211848
2026-08-20,1.43.73,80533
2026-08-20,1.43.74,111964
2026-08-20,1.43.75,9208014
2026-08-20,1.43.76,1633970
2026-08-20,1.43.8,14307
2026-08-20,1.43.9,27217
2026-08-20,~other,20113060
2026-08-21,1.42.81,121122
2026-08-21,1.42.82,129057
2026-08-21,1.42.83,133525
2026-08-21,1.42.84,147274
2026-08-21,1.42.85,127633
2026-08-21,1.42.86,120766
2026-08-21,1.42.87,117657
2026-08-21,1.42.88,128834
2026-08-21,1.42.89,172094
2026-08-21,1.42.90,127991
2026-08-21,1.42.91,164734
2026-08-21,1.42.92,122732
2026-08-21,1.42.93,124277
2026-08-21,1.42.94,126761
2026-08-21,1.42.95,126551
2026-08-21,1.42.96,141970
2026-08-21,1.42.97,4361940
2026-08-21,1.43.0,201324
2026-08-21,1.43.1,13903
2026-08-21,1.43.10,23605
2026-08-21,1.43.11,12729
2026-08-21,1.43.12,16235
2026-08-21,1.43.13,26892
2026-08-21,1.43.14,56890
2026-08-21,1.43.15,17108
2026-08-21,1.43.16,20575
2026-08-21,1.43.17,18973
2026-08-21,1.43.18,28933
2026-08-21,1.43.19,17375
2026-08-21,1.43.2,25674
2026-08-21,1.43.20,10582
2026-08-21,1.43.21,12438
2026-08-21,1.43.22,15822
2026-08-21,1.43.23,13122
2026-08-21,1.43.24,46846
2026-08-21,1.43.25,35394
2026-08-21,1.43.26,23946
2026-08-21,1.43.27,19561
2026-08-21,1.43.28,21715
2026-08-21,1.43.29,29228
2026-08-21,1.43.3,16747
2026-08-21,1.43.30,16420
2026-08-21,1.43.31,20737
2026-08-21,1.43.32,18152
2026-08-21,1.43.33,27072
2026-08-21,1.43.34,60912
2026-08-21,1.43.35,6248
2026-08-21,1.43.36,102202
2026-08-21,1.43.37,42770
2026-08-21,1.43.38,23977
2026-08-21,1.43.39,42080
2026-08-21,1.43.4,17560
2026-08-21,1.43.40,53296
2026-08-21,1.43.41,123257
2026-08-21,1.43.42,17577
2026-08-21,1.43.43,6244
2026-08-21,1.43.44,12811
2026-08-21,1.43.45,47777
2026-08-21,1.43.46,198917
2026-08-21,1.43.47,20790
2026-08-21,1.43.48,27044
2026-08-21,1.43.49,20512
2026-08-21,1.43.5,15501
2026-08-21,1.43.50,25047
2026-08-21,1.43.51,49119
2026-08-21,1.43.52,27937
2026-08-21,1.43.53,24103
2026-08-21,1.43.54,33970
2026-08-21,1.43.55,22232
2026-08-21,1.43.56,675923
2026-08-21,1.43.57,33838
2026-08-21,1.43.58,33133
2026-08-21,1.43.59,37484
2026-08-21,1.43.6,172753
2026-08-21,1.43.60,11671
2026-08-21,1.43.61,21293
2026-08-21,1.43.62,87249
2026-08-21,1.43.63,125119
2026-08-21,1.43.64,41094
2026-08-21,1.43.65,27872
2026-08-21,1.43.66,36759
2026-08-21,1.43.67,100586
2026-08-21,1.43.68,38057
2026-08-21,1.43.69,42259
2026-08-21,1.43.7,20780
2026-08-21,1.43.70,45541
2026-08-21,1.43.71,146544
2026-08-21,1.43.72,149487
2026-08-21,1.43.73,100083
2026-08-21,1.43.74,60089
2026-08-21,1.43.75,91152
2026-08-21,1.43.76,1640091
2026-08-21,1.43.77,7341211
2026-08-21,1.43.78,1769340
2026-08-21,1.43.8,11579
2026-08-21,1.43.9,36914
2026-08-21,~other,20061399
2026-08-22,1.42.81,107720
2026-08-22,1.42.82,116161
2026-08-22,1.42.83,115590
2026-08-22,1.42.84,113852
2026-08-22,1.42.85,109146
2026-08-22,1.42.86,105353
2026-08-22,1.42.87,104196
2026-08-22,1.42.88,107415
2026-08-22,1.42.89,143204
2026-08-22,1.42.90,109707
2026-08-22,1.42.91,122928
2026-08-22,1.42.92,105877
2026-08-22,1.42.93,109472
2026-08-22,1.42.94,110957
2026-08-22,1.42.95,111126
2026-08-22,1.42.96,115837
2026-08-22,1.42.97,3734665
2026-08-22,1.43.0,95244
2026-08-22,1.43.1,9281
2026-08-22,1.43.10,17450
2026-08-22,1.43.11,7213
2026-08-22,1.43.12,8945
2026-08-22,1.43.13,20633
2026-08-22,1.43.14,32000
2026-08-22,1.43.15,7662
2026-08-22,1.43.16,11024
2026-08-22,1.43.17,7914
2026-08-22,1.43.18,18550
2026-08-22,1.43.19,6753
2026-08-22,1.43.2,15832
2026-08-22,1.43.20,8177
2026-08-22,1.43.21,9638
2026-08-22,1.43.22,9096
2026-08-22,1.43.23,13653
2026-08-22,1.43.24,37979
2026-08-22,1.43.25,18682
2026-08-22,1.43.26,24809
2026-08-22,1.43.27,10430
2026-08-22,1.43.28,16792
2026-08-22,1.43.29,16822
2026-08-22,1.43.3,8608
2026-08-22,1.43.30,7396
2026-08-22,1.43.31,9554
2026-08-22,1.43.32,8267
2026-08-22,1.43.33,29228
2026-08-22,1.43.34,21884
2026-08-22,1.43.35,3926
2026-08-22,1.43.36,51772
2026-08-22,1.43.37,17162
2026-08-22,1.43.38,13040
2026-08-22,1.43.39,19166
2026-08-22,1.43.4,6484
2026-08-22,1.43.40,32884
2026-08-22,1.43.41,366779
2026-08-22,1.43.42,7750
2026-08-22,1.43.43,3817
2026-08-22,1.43.44,7576
2026-08-22,1.43.45,17578
2026-08-22,1.43.46,73294
2026-08-22,1.43.47,10068
2026-08-22,1.43.48,14213
2026-08-22,1.43.49,10486
2026-08-22,1.43.5,8812
2026-08-22,1.43.50,14928
2026-08-22,1.43.51,22080
2026-08-22,1.43.52,14654
2026-08-22,1.43.53,10227
2026-08-22,1.43.54,26015
2026-08-22,1.43.55,10709
2026-08-22,1.43.56,427645
2026-08-22,1.43.57,18201
2026-08-22,1.43.58,12204
2026-08-22,1.43.59,16719
2026-08-22,1.43.6,44815
2026-08-22,1.43.60,9728
2026-08-22,1.43.61,12837
2026-08-22,1.43.62,48676
2026-08-22,1.43.63,93687
2026-08-22,1.43.64,24114
2026-08-22,1.43.65,12796
2026-08-22,1.43.66,13860
2026-08-22,1.43.67,53411
2026-08-22,1.43.68,17203
2026-08-22,1.43.69,16247
2026-08-22,1.43.7,8681
2026-08-22,1.43.70,17638
2026-08-22,1.43.71,26917
2026-08-22,1.43.72,93509
2026-08-22,1.43.73,30478
2026-08-22,1.43.74,35830
2026-08-22,1.43.75,30074
2026-08-22,1.43.76,13450
2026-08-22,1.43.77,24726
2026-08-22,1.43.78,7188303
2026-08-22,1.43.8,6912
2026-08-22,1.43.9,18668
2026-08-22,~other,15039761
2026-08-23,1.42.81,107341
2026-08-23,1.42.82,115335
2026-08-23,1.42.83,115805
2026-08-23,1.42.84,111568
2026-08-23,1.42.85,108468
2026-08-23,1.42.86,106016
2026-08-23,1.42.87,104426
2026-08-23,1.42.88,109032
2026-08-23,1.42.89,142631
2026-08-23,1.42.90,108934
2026-08-23,1.42.91,122517
2026-08-23,1.42.92,106682
2026-08-23,1.42.93,107847
2026-08-23,1.42.94,108198
2026-08-23,1.42.95,112367
2026-08-23,1.42.96,117545
2026-08-23,1.42.97,3668394
2026-08-23,1.43.0,121728
2026-08-23,1.43.1,7514
2026-08-23,1.43.10,17368
2026-08-23,1.43.11,11665
2026-08-23,1.43.12,9373
2026-08-23,1.43.13,19931
2026-08-23,1.43.14,30980
2026-08-23,1.43.15,7304
2026-08-23,1.43.16,11910
2026-08-23,1.43.17,11153
2026-08-23,1.43.18,18735
2026-08-23,1.43.19,8212
2026-08-23,1.43.2,15336
2026-08-23,1.43.20,8667
2026-08-23,1.43.21,8861
2026-08-23,1.43.22,7140
2026-08-23,1.43.23,11496
2026-08-23,1.43.24,41667
2026-08-23,1.43.25,18869
2026-08-23,1.43.26,26299
2026-08-23,1.43.27,12955
2026-08-23,1.43.28,23484
2026-08-23,1.43.29,24571
2026-08-23,1.43.3,8779
2026-08-23,1.43.30,7978
2026-08-23,1.43.31,11986
2026-08-23,1.43.32,7654
2026-08-23,1.43.33,23989
2026-08-23,1.43.34,22648
2026-08-23,1.43.35,5047
2026-08-23,1.43.36,45035
2026-08-23,1.43.37,14634
2026-08-23,1.43.38,13450
2026-08-23,1.43.39,20292
2026-08-23,1.43.4,6608
2026-08-23,1.43.40,31252
2026-08-23,1.43.41,372654
2026-08-23,1.43.42,8714
2026-08-23,1.43.43,3582
2026-08-23,1.43.44,24618
2026-08-23,1.43.45,14234
2026-08-23,1.43.46,78368
2026-08-23,1.43.47,10836
2026-08-23,1.43.48,14036
2026-08-23,1.43.49,12064
2026-08-23,1.43.5,7079
2026-08-23,1.43.50,19506
2026-08-23,1.43.51,24477
2026-08-23,1.43.52,13870
2026-08-23,1.43.53,9807
2026-08-23,1.43.54,22683
2026-08-23,1.43.55,11565
2026-08-23,1.43.56,454367
2026-08-23,1.43.57,17520
2026-08-23,1.43.58,13818
2026-08-23,1.43.59,15509
2026-08-23,1.43.6,41736
2026-08-23,1.43.60,5100
2026-08-23,1.43.61,13366
2026-08-23,1.43.62,42630
2026-08-23,1.43.63,87942
2026-08-23,1.43.64,23957
2026-08-23,1.43.65,12687
2026-08-23,1.43.66,13893
2026-08-23,1.43.67,65994
2026-08-23,1.43.68,17477
2026-08-23,1.43.69,14953
2026-08-23,1.43.7,8201
2026-08-23,1.43.70,16673
2026-08-23,1.43.71,33012
2026-08-23,1.43.72,103876
2026-08-23,1.43.73,20999
2026-08-23,1.43.74,28614
2026-08-23,1.43.75,35138
2026-08-23,1.43.76,11548
2026-08-23,1.43.77,19011
2026-08-23,1.43.78,8367081
2026-08-23,1.43.8,6720
2026-08-23,1.43.9,14897
2026-08-23,~other,14129816
2026-08-24,1.42.81,97439
2026-08-24,1.42.82,102230
2026-08-24,1.42.83,108172
2026-08-24,1.42.84,122436
2026-08-24,1.42.85,100951
2026-08-24,1.42.86,94280
2026-08-24,1.42.87,90399
2026-08-24,1.42.88,105660
2026-08-24,1.42.89,136038
2026-08-24,1.42.90,103282
2026-08-24,1.42.91,127861
2026-08-24,1.42.92,98095
2026-08-24,1.42.93,95023
2026-08-24,1.42.94,99504
2026-08-24,1.42.95,99861
2026-08-24,1.42.96,119832
2026-08-24,1.42.97,4212394
2026-08-24,1.43.0,202056
2026-08-24,1.43.1,12954
2026-08-24,1.43.10,21636
2026-08-24,1.43.11,17892
2026-08-24,1.43.12,18444
2026-08-24,1.43.13,28689
2026-08-24,1.43.14,52955
2026-08-24,1.43.15,17843
2026-08-24,1.43.16,24860
2026-08-24,1.43.17,19572
2026-08-24,1.43.18,33331
2026-08-24,1.43.19,17045
2026-08-24,1.43.2,23989
2026-08-24,1.43.20,9827
2026-08-24,1.43.21,16257
2026-08-24,1.43.22,16483
2026-08-24,1.43.23,15405
2026-08-24,1.43.24,52787
2026-08-24,1.43.25,34270
2026-08-24,1.43.26,22402
2026-08-24,1.43.27,21826
2026-08-24,1.43.28,29417
2026-08-24,1.43.29,30428
2026-08-24,1.43.3,15800
2026-08-24,1.43.30,16977
2026-08-24,1.43.31,24954
2026-08-24,1.43.32,17969
2026-08-24,1.43.33,29065
2026-08-24,1.43.34,65514
2026-08-24,1.43.35,7923
2026-08-24,1.43.36,101377
2026-08-24,1.43.37,33359
2026-08-24,1.43.38,24704
2026-08-24,1.43.39,39332
2026-08-24,1.43.4,17121
2026-08-24,1.43.40,50787
2026-08-24,1.43.41,322292
2026-08-24,1.43.42,18537
2026-08-24,1.43.43,8219
2026-08-24,1.43.44,18651
2026-08-24,1.43.45,40673
2026-08-24,1.43.46,192785
2026-08-24,1.43.47,20921
2026-08-24,1.43.48,26652
2026-08-24,1.43.49,19392
2026-08-24,1.43.5,16042
2026-08-24,1.43.50,19929
2026-08-24,1.43.51,41725
2026-08-24,1.43.52,28238
2026-08-24,1.43.53,23139
2026-08-24,1.43.54,29974
2026-08-24,1.43.55,21875
2026-08-24,1.43.56,611922
2026-08-24,1.43.57,35455
2026-08-24,1.43.58,35249
2026-08-24,1.43.59,29672
2026-08-24,1.43.6,150209
2026-08-24,1.43.60,11563
2026-08-24,1.43.61,23372
2026-08-24,1.43.62,81647
2026-08-24,1.43.63,93406
2026-08-24,1.43.64,43207
2026-08-24,1.43.65,27658
2026-08-24,1.43.66,31039
2026-08-24,1.43.67,105726
2026-08-24,1.43.68,36741
2026-08-24,1.43.69,33164
2026-08-24,1.43.7,20639
2026-08-24,1.43.70,36229
2026-08-24,1.43.71,52362
2026-08-24,1.43.72,200539
2026-08-24,1.43.73,52621
2026-08-24,1.43.74,50357
2026-08-24,1.43.75,59069
2026-08-24,1.43.76,26620
2026-08-24,1.43.77,66429
2026-08-24,1.43.78,9112558
2026-08-24,1.43.79,1271926
2026-08-24,1.43.8,10863
2026-08-24,1.43.9,31816
2026-08-24,~other,19143250
2026-08-25,1.42.81,16768
2026-08-25,1.42.82,21153
2026-08-25,1.42.83,26462
2026-08-25,1.42.84,41248
2026-08-25,1.42.85,17915
2026-08-25,1.42.86,11895
2026-08-25,1.42.87,9622
2026-08-25,1.42.88,20750
2026-08-25,1.42.89,39515
2026-08-25,1.42.90,17184
2026-08-25,1.42.91,63499
2026-08-25,1.42.92,16926
2026-08-25,1.42.93,16482
2026-08-25,1.42.94,18150
2026-08-25,1.42.95,14864
2026-08-25,1.42.96,32055
2026-08-25,1.42.97,4095157
2026-08-25,1.43.0,195083
2026-08-25,1.43.1,15419
2026-08-25,1.43.10,11929
2026-08-25,1.43.11,17444
2026-08-25,1.43.12,14989
2026-08-25,1.43.13,29399
2026-08-25,1.43.14,60002
2026-08-25,1.43.15,17208
2026-08-25,1.43.16,21777
2026-08-25,1.43.17,23495
2026-08-25,1.43.18,32050
2026-08-25,1.43.19,17610
2026-08-25,1.43.2,30385
2026-08-25,1.43.20,9792
2026-08-25,1.43.21,12494
2026-08-25,1.43.22,16950
2026-08-25,1.43.23,12257
2026-08-25,1.43.24,50499
2026-08-25,1.43.25,30874
2026-08-25,1.43.26,22857
2026-08-25,1.43.27,22009
2026-08-25,1.43.28,24025
2026-08-25,1.43.29,26148
2026-08-25,1.43.3,13974
2026-08-25,1.43.30,17151
2026-08-25,1.43.31,25472
2026-08-25,1.43.32,18904
2026-08-25,1.43.33,26505
2026-08-25,1.43.34,65877
2026-08-25,1.43.35,6258
2026-08-25,1.43.36,102029
2026-08-25,1.43.37,32633
2026-08-25,1.43.38,21281
2026-08-25,1.43.39,34139
2026-08-25,1.43.4,14718
2026-08-25,1.43.40,55125
2026-08-25,1.43.41,197025
2026-08-25,1.43.42,16348
2026-08-25,1.43.43,6527
2026-08-25,1.43.44,14974
2026-08-25,1.43.45,44193
2026-08-25,1.43.46,190665
2026-08-25,1.43.47,18825
2026-08-25,1.43.48,22319
2026-08-25,1.43.49,17185
2026-08-25,1.43.5,15158
2026-08-25,1.43.50,16610
2026-08-25,1.43.51,39887
2026-08-25,1.43.52,29012
2026-08-25,1.43.53,23224
2026-08-25,1.43.54,17022
2026-08-25,1.43.55,24846
2026-08-25,1.43.56,473953
2026-08-25,1.43.57,32924
2026-08-25,1.43.58,33034
2026-08-25,1.43.59,28602
2026-08-25,1.43.6,181950
2026-08-25,1.43.60,8948
2026-08-25,1.43.61,18988
2026-08-25,1.43.62,69160
2026-08-25,1.43.63,126386
2026-08-25,1.43.64,35163
2026-08-25,1.43.65,26186
2026-08-25,1.43.66,28965
2026-08-25,1.43.67,89645
2026-08-25,1.43.68,39867
2026-08-25,1.43.69,27278
2026-08-25,1.43.7,22346
2026-08-25,1.43.70,30612
2026-08-25,1.43.71,50413
2026-08-25,1.43.72,92928
2026-08-25,1.43.73,111469
2026-08-25,1.43.74,47129
2026-08-25,1.43.75,45110
2026-08-25,1.43.76,15340
2026-08-25,1.43.77,35625
2026-08-25,1.43.78,195763
2026-08-25,1.43.79,6012899
2026-08-25,1.43.8,10820
2026-08-25,1.43.80,925105
2026-08-25,1.43.9,35511
2026-08-25,~other,13876777
2026-08-26,1.42.81,18085
2026-08-26,1.42.82,22163
2026-08-26,1.42.83,27698
2026-08-26,1.42.84,38415
2026-08-26,1.42.85,19571
2026-08-26,1.42.86,16342
2026-08-26,1.42.87,10786
2026-08-26,1.42.88,25152
2026-08-26,1.42.89,38852
2026-08-26,1.42.90,22911
2026-08-26,1.42.91,59131
2026-08-26,1.42.92,17075
2026-08-26,1.42.93,15861
2026-08-26,1.42.94,19656
2026-08-26,1.42.95,17750
2026-08-26,1.42.96,33893
2026-08-26,1.42.97,4065009
2026-08-26,1.43.0,192485
2026-08-26,1.43.1,16541
2026-08-26,1.43.10,12892
2026-08-26,1.43.11,15879
2026-08-26,1.43.12,15835
2026-08-26,1.43.13,27534
2026-08-26,1.43.14,55967
2026-08-26,1.43.15,16512
2026-08-26,1.43.16,21540
2026-08-26,1.43.17,20075
2026-08-26,1.43.18,28843
2026-08-26,1.43.19,17478
2026-08-26,1.43.2,24464
2026-08-26,1.43.20,10434
2026-08-26,1.43.21,13606
2026-08-26,1.43.22,15087
2026-08-26,1.43.23,12761
2026-08-26,1.43.24,50083
2026-08-26,1.43.25,37714
2026-08-26,1.43.26,26677
2026-08-26,1.43.27,20236
2026-08-26,1.43.28,20057
2026-08-26,1.43.29,24352
2026-08-26,1.43.3,14378
2026-08-26,1.43.30,16097
2026-08-26,1.43.31,22206
2026-08-26,1.43.32,20414
2026-08-26,1.43.33,27492
2026-08-26,1.43.34,69716
2026-08-26,1.43.35,6781
2026-08-26,1.43.36,105363
2026-08-26,1.43.37,29933
2026-08-26,1.43.38,25991
2026-08-26,1.43.39,31336
2026-08-26,1.43.4,15851
2026-08-26,1.43.40,51817
2026-08-26,1.43.41,200352
2026-08-26,1.43.42,15499
2026-08-26,1.43.43,6026
2026-08-26,1.43.44,20682
2026-08-26,1.43.45,48435
2026-08-26,1.43.46,191450
2026-08-26,1.43.47,20325
2026-08-26,1.43.48,24204
2026-08-26,1.43.49,19181
2026-08-26,1.43.5,15290
2026-08-26,1.43.50,18008
2026-08-26,1.43.51,35462
2026-08-26,1.43.52,24460
2026-08-26,1.43.53,21882
2026-08-26,1.43.54,16636
2026-08-26,1.43.55,23688
2026-08-26,1.43.56,519877
2026-08-26,1.43.57,25068
2026-08-26,1.43.58,31436
2026-08-26,1.43.59,22895
2026-08-26,1.43.6,209083
2026-08-26,1.43.60,13588
2026-08-26,1.43.61,17988
2026-08-26,1.43.62,67247
2026-08-26,1.43.63,140911
2026-08-26,1.43.64,35231
2026-08-26,1.43.65,24725
2026-08-26,1.43.66,26895
2026-08-26,1.43.67,86192
2026-08-26,1.43.68,46187
2026-08-26,1.43.69,31340
2026-08-26,1.43.7,24603
2026-08-26,1.43.70,29397
2026-08-26,1.43.71,40404
2026-08-26,1.43.72,95360
2026-08-26,1.43.73,44291
2026-08-26,1.43.74,91125
2026-08-26,1.43.75,45520
2026-08-26,1.43.76,16032
2026-08-26,1.43.77,39292
2026-08-26,1.43.78,169254
2026-08-26,1.43.79,79014
2026-08-26,1.43.8,12037
2026-08-26,1.43.80,5762758
2026-08-26,1.43.81,1438311
2026-08-26,1.43.9,32917
2026-08-26,~other,13820712
2026-08-27,1.42.81,19772
2026-08-27,1.42.82,21872
2026-08-27,1.42.83,23571
2026-08-27,1.42.84,39357
2026-08-27,1.42.85,20472
2026-08-27,1.42.86,15942
2026-08-27,1.42.87,11060
2026-08-27,1.42.88,25797
2026-08-27,1.42.89,39816
2026-08-27,1.42.90,21350
2026-08-27,1.42.91,66066
2026-08-27,1.42.92,14500
2026-08-27,1.42.93,16014
2026-08-27,1.42.94,18895
2026-08-27,1.42.95,17335
2026-08-27,1.42.96,29516
2026-08-27,1.42.97,3908919
2026-08-27,1.43.0,186735
2026-08-27,1.43.1,14821
2026-08-27,1.43.10,12435
2026-08-27,1.43.11,12396
2026-08-27,1.43.12,15454
2026-08-27,1.43.13,25584
2026-08-27,1.43.14,57390
2026-08-27,1.43.15,15581
2026-08-27,1.43.16,20259
2026-08-27,1.43.17,14934
2026-08-27,1.43.18,28431
2026-08-27,1.43.19,14638
2026-08-27,1.43.2,23357
2026-08-27,1.43.20,9992
2026-08-27,1.43.21,15478
2026-08-27,1.43.22,14961
2026-08-27,1.43.23,12893
2026-08-27,1.43.24,37652
2026-08-27,1.43.25,32905
2026-08-27,1.43.26,18627
2026-08-27,1.43.27,20777
2026-08-27,1.43.28,17954
2026-08-27,1.43.29,22244
2026-08-27,1.43.3,12872
2026-08-27,1.43.30,14807
2026-08-27,1.43.31,21344
2026-08-27,1.43.32,19006
2026-08-27,1.43.33,28744
2026-08-27,1.43.34,65538
2026-08-27,1.43.35,7425
2026-08-27,1.43.36,111077
2026-08-27,1.43.37,29913
2026-08-27,1.43.38,24345
2026-08-27,1.43.39,31390
2026-08-27,1.43.4,17184
2026-08-27,1.43.40,45765
2026-08-27,1.43.41,199543
2026-08-27,1.43.42,15195
2026-08-27,1.43.43,5843
2026-08-27,1.43.44,13007
2026-08-27,1.43.45,51585
2026-08-27,1.43.46,210051
2026-08-27,1.43.47,20150
2026-08-27,1.43.48,21258
2026-08-27,1.43.49,16868
2026-08-27,1.43.5,16265
2026-08-27,1.43.50,18722
2026-08-27,1.43.51,47272
2026-08-27,1.43.52,26286
2026-08-27,1.43.53,22829
2026-08-27,1.43.54,16051
2026-08-27,1.43.55,22445
2026-08-27,1.43.56,475680
2026-08-27,1.43.57,24514
2026-08-27,1.43.58,29579
2026-08-27,1.43.59,21841
2026-08-27,1.43.6,178524
2026-08-27,1.43.60,11759
2026-08-27,1.43.61,16655
2026-08-27,1.43.62,61964
2026-08-27,1.43.63,130387
2026-08-27,1.43.64,33182
2026-08-27,1.43.65,19537
2026-08-27,1.43.66,22087
2026-08-27,1.43.67,82221
2026-08-27,1.43.68,52643
2026-08-27,1.43.69,25229
2026-08-27,1.43.7,24740
2026-08-27,1.43.70,37093
2026-08-27,1.43.71,39590
2026-08-27,1.43.72,78740
2026-08-27,1.43.73,42553
2026-08-27,1.43.74,45878
2026-08-27,1.43.75,102751
2026-08-27,1.43.76,18285
2026-08-27,1.43.77,39807
2026-08-27,1.43.78,161814
2026-08-27,1.43.79,56960
2026-08-27,1.43.8,11334
2026-08-27,1.43.80,68181
2026-08-27,1.43.81,5748338
2026-08-27,1.43.82,1071238
2026-08-27,1.43.9,31341
2026-08-27,~other,13653066
2026-08-28,1.42.81,18929
2026-08-28,1.42.82,21317
2026-08-28,1.42.83,21614
2026-08-28,1.42.84,32702
2026-08-28,1.42.85,21664
2026-08-28,1.42.86,14284
2026-08-28,1.42.87,11413
2026-08-28,1.42.88,24483
2026-08-28,1.42.89,34710
2026-08-28,1.42.90,16470
2026-08-28,1.42.91,49281
2026-08-28,1.42.92,15995
2026-08-28,1.42.93,14625
2026-08-28,1.42.94,19184
2026-08-28,1.42.95,15860
2026-08-28,1.42.96,24926
2026-08-28,1.42.97,3872313
2026-08-28,1.43.0,157530
2026-08-28,1.43.1,13047
2026-08-28,1.43.10,10646
2026-08-28,1.43.11,10454
2026-08-28,1.43.12,13490
2026-08-28,1.43.13,26755
2026-08-28,1.43.14,47298
2026-08-28,1.43.15,14703
2026-08-28,1.43.16,18992
2026-08-28,1.43.17,11651
2026-08-28,1.43.18,25836
2026-08-28,1.43.19,11832
2026-08-28,1.43.2,20403
2026-08-28,1.43.20,9058
2026-08-28,1.43.21,15104
2026-08-28,1.43.22,16171
2026-08-28,1.43.23,10116
2026-08-28,1.43.24,28226
2026-08-28,1.43.25,27835
2026-08-28,1.43.26,16831
2026-08-28,1.43.27,20321
2026-08-28,1.43.28,17305
2026-08-28,1.43.29,18429
2026-08-28,1.43.3,11959
2026-08-28,1.43.30,13111
2026-08-28,1.43.31,20139
2026-08-28,1.43.32,16873
2026-08-28,1.43.33,24685
2026-08-28,1.43.34,52234
2026-08-28,1.43.35,5754
2026-08-28,1.43.36,88306
2026-08-28,1.43.37,24254
2026-08-28,1.43.38,19562
2026-08-28,1.43.39,29327
2026-08-28,1.43.4,14828
2026-08-28,1.43.40,43301
2026-08-28,1.43.41,198279
2026-08-28,1.43.42,13124
2026-08-28,1.43.43,6779
2026-08-28,1.43.44,12282
2026-08-28,1.43.45,52414
2026-08-28,1.43.46,177077
2026-08-28,1.43.47,17813
2026-08-28,1.43.48,19862
2026-08-28,1.43.49,15835
2026-08-28,1.43.5,15089
2026-08-28,1.43.50,16001
2026-08-28,1.43.51,32786
2026-08-28,1.43.52,24367
2026-08-28,1.43.53,21061
2026-08-28,1.43.54,13257
2026-08-28,1.43.55,22383
2026-08-28,1.43.56,420510
2026-08-28,1.43.57,20943
2026-08-28,1.43.58,25112
2026-08-28,1.43.59,19434
2026-08-28,1.43.6,189290
2026-08-28,1.43.60,12191
2026-08-28,1.43.61,12839
2026-08-28,1.43.62,52116
2026-08-28,1.43.63,117016
2026-08-28,1.43.64,28480
2026-08-28,1.43.65,18421
2026-08-28,1.43.66,19557
2026-08-28,1.43.67,79861
2026-08-28,1.43.68,29995
2026-08-28,1.43.69,21853
2026-08-28,1.43.7,21619
2026-08-28,1.43.70,27980
2026-08-28,1.43.71,40059
2026-08-28,1.43.72,66716
2026-08-28,1.43.73,34072
2026-08-28,1.43.74,31208
2026-08-28,1.43.75,41762
2026-08-28,1.43.76,17188
2026-08-28,1.43.77,74093
2026-08-28,1.43.78,124198
2026-08-28,1.43.79,70203
2026-08-28,1.43.8,10174
2026-08-28,1.43.80,49788
2026-08-28,1.43.81,53665
2026-08-28,1.43.82,5284401
2026-08-28,1.43.83,1166933
2026-08-28,1.43.9,29431
2026-08-28,~other,13135537
2026-08-29,1.42.81,11493
2026-08-29,1.42.82,17445
2026-08-29,1.42.83,13805
2026-08-29,1.42.84,12605
2026-08-29,1.42.85,10890
2026-08-29,1.42.86,7675
2026-08-29,1.42.87,5231
2026-08-29,1.42.88,8066
2026-08-29,1.42.89,18151
2026-08-29,1.42.90,10201
2026-08-29,1.42.91,18621
2026-08-29,1.42.92,6820
2026-08-29,1.42.93,7538
2026-08-29,1.42.94,8936
2026-08-29,1.42.95,10455
2026-08-29,1.42.96,12157
2026-08-29,1.42.97,3384823
2026-08-29,1.43.0,77861
2026-08-29,1.43.1,6999
2026-08-29,1.43.10,4846
2026-08-29,1.43.11,7014
2026-08-29,1.43.12,6813
2026-08-29,1.43.13,21518
2026-08-29,1.43.14,26645
2026-08-29,1.43.15,7741
2026-08-29,1.43.16,9737
2026-08-29,1.43.17,6806
2026-08-29,1.43.18,15542
2026-08-29,1.43.19,7911
2026-08-29,1.43.2,14026
2026-08-29,1.43.20,7412
2026-08-29,1.43.21,7967
2026-08-29,1.43.22,7229
2026-08-29,1.43.23,7242
2026-08-29,1.43.24,21264
2026-08-29,1.43.25,19604
2026-08-29,1.43.26,9259
2026-08-29,1.43.27,8097
2026-08-29,1.43.28,6538
2026-08-29,1.43.29,11163
2026-08-29,1.43.3,5931
2026-08-29,1.43.30,6505
2026-08-29,1.43.31,10256
2026-08-29,1.43.32,7719
2026-08-29,1.43.33,18010
2026-08-29,1.43.34,17745
2026-08-29,1.43.35,6683
2026-08-29,1.43.36,40868
2026-08-29,1.43.37,10365
2026-08-29,1.43.38,7093
2026-08-29,1.43.39,15544
2026-08-29,1.43.4,7246
2026-08-29,1.43.40,21863
2026-08-29,1.43.41,185928
2026-08-29,1.43.42,7219
2026-08-29,1.43.43,4377
2026-08-29,1.43.44,7262
2026-08-29,1.43.45,21228
2026-08-29,1.43.46,57466
2026-08-29,1.43.47,7487
2026-08-29,1.43.48,10089
2026-08-29,1.43.49,10731
2026-08-29,1.43.5,9065
2026-08-29,1.43.50,11524
2026-08-29,1.43.51,16831
2026-08-29,1.43.52,10403
2026-08-29,1.43.53,12690
2026-08-29,1.43.54,7526
2026-08-29,1.43.55,10002
2026-08-29,1.43.56,302078
2026-08-29,1.43.57,11137
2026-08-29,1.43.58,10977
2026-08-29,1.43.59,10064
2026-08-29,1.43.6,55117
2026-08-29,1.43.60,7301
2026-08-29,1.43.61,7004
2026-08-29,1.43.62,26404
2026-08-29,1.43.63,76083
2026-08-29,1.43.64,20157
2026-08-29,1.43.65,8879
2026-08-29,1.43.66,9288
2026-08-29,1.43.67,35295
2026-08-29,1.43.68,18651
2026-08-29,1.43.69,8403
2026-08-29,1.43.7,7266
2026-08-29,1.43.70,15058
2026-08-29,1.43.71,18653
2026-08-29,1.43.72,31754
2026-08-29,1.43.73,46127
2026-08-29,1.43.74,15801
2026-08-29,1.43.75,18171
2026-08-29,1.43.76,5544
2026-08-29,1.43.77,16197
2026-08-29,1.43.78,70833
2026-08-29,1.43.79,26533
2026-08-29,1.43.8,5985
2026-08-29,1.43.80,27372
2026-08-29,1.43.81,25979
2026-08-29,1.43.82,25018
2026-08-29,1.43.83,4752610
2026-08-29,1.43.9,15893
2026-08-29,~other,9531780
2026-08-30,1.42.81,11229
2026-08-30,1.42.82,16062
2026-08-30,1.42.83,14723
2026-08-30,1.42.84,10330
2026-08-30,1.42.85,10158
2026-08-30,1.42.86,6835
2026-08-30,1.42.87,4490
2026-08-30,1.42.88,7613
2026-08-30,1.42.89,19560
2026-08-30,1.42.90,9320
2026-08-30,1.42.91,17697
2026-08-30,1.42.92,6940
2026-08-30,1.42.93,7332
2026-08-30,1.42.94,8206
2026-08-30,1.42.95,8970
2026-08-30,1.42.96,12999
2026-08-30,1.42.97,3548462
2026-08-30,1.43.0,80231
2026-08-30,1.43.1,5944
2026-08-30,1.43.10,5327
2026-08-30,1.43.11,10282
2026-08-30,1.43.12,7189
2026-08-30,1.43.13,16588
2026-08-30,1.43.14,25318
2026-08-30,1.43.15,6377
2026-08-30,1.43.16,9509
2026-08-30,1.43.17,10916
2026-08-30,1.43.18,16755
2026-08-30,1.43.19,6545
2026-08-30,1.43.2,13173
2026-08-30,1.43.20,7274
2026-08-30,1.43.21,10367
2026-08-30,1.43.22,6661
2026-08-30,1.43.23,5066
2026-08-30,1.43.24,24637
2026-08-30,1.43.25,20485
2026-08-30,1.43.26,9189
2026-08-30,1.43.27,7448
2026-08-30,1.43.28,8131
2026-08-30,1.43.29,14363
2026-08-30,1.43.3,5227
2026-08-30,1.43.30,6508
2026-08-30,1.43.31,9217
2026-08-30,1.43.32,6542
2026-08-30,1.43.33,19356
2026-08-30,1.43.34,20857
2026-08-30,1.43.35,6477
2026-08-30,1.43.36,41671
2026-08-30,1.43.37,11425
2026-08-30,1.43.38,8690
2026-08-30,1.43.39,15263
2026-08-30,1.43.4,7145
2026-08-30,1.43.40,20975
2026-08-30,1.43.41,187249
2026-08-30,1.43.42,5079
2026-08-30,1.43.43,4697
2026-08-30,1.43.44,7767
2026-08-30,1.43.45,13369
2026-08-30,1.43.46,67565
2026-08-30,1.43.47,10377
2026-08-30,1.43.48,11965
2026-08-30,1.43.49,8695
2026-08-30,1.43.5,7839
2026-08-30,1.43.50,10922
2026-08-30,1.43.51,17834
2026-08-30,1.43.52,11337
2026-08-30,1.43.53,16228
2026-08-30,1.43.54,8054
2026-08-30,1.43.55,10892
2026-08-30,1.43.56,252133
2026-08-30,1.43.57,11526
2026-08-30,1.43.58,11006
2026-08-30,1.43.59,9334
2026-08-30,1.43.6,43619
2026-08-30,1.43.60,5182
2026-08-30,1.43.61,6987
2026-08-30,1.43.62,23889
2026-08-30,1.43.63,59520
2026-08-30,1.43.64,20396
2026-08-30,1.43.65,9610
2026-08-30,1.43.66,8949
2026-08-30,1.43.67,43490
2026-08-30,1.43.68,12840
2026-08-30,1.43.69,8372
2026-08-30,1.43.7,8447
2026-08-30,1.43.70,14187
2026-08-30,1.43.71,19105
2026-08-30,1.43.72,35035
2026-08-30,1.43.73,50044
2026-08-30,1.43.74,13851
2026-08-30,1.43.75,17016
2026-08-30,1.43.76,5298
2026-08-30,1.43.77,17068
2026-08-30,1.43.78,66722
2026-08-30,1.43.79,23957
2026-08-30,1.43.8,5660
2026-08-30,1.43.80,21733
2026-08-30,1.43.81,26277
2026-08-30,1.43.82,19352
2026-08-30,1.43.83,4785201
2026-08-30,1.43.9,13387
2026-08-30,~other,9482738
2026-08-31,1.42.81,16289
2026-08-31,1.42.82,18857
2026-08-31,1.42.83,23760
2026-08-31,1.42.84,29905
2026-08-31,1.42.85,18438
2026-08-31,1.42.86,14991
2026-08-31,1.42.87,8541
2026-08-31,1.42.88,19331
2026-08-31,1.42.89,41139
2026-08-31,1.42.90,17190
2026-08-31,1.42.91,35597
2026-08-31,1.42.92,15413
2026-08-31,1.42.93,14686
2026-08-31,1.42.94,19686
2026-08-31,1.42.95,15460
2026-08-31,1.42.96,26276
2026-08-31,1.42.97,4022153
2026-08-31,1.43.0,171430
2026-08-31,1.43.1,11486
2026-08-31,1.43.10,11200
2026-08-31,1.43.11,16692
2026-08-31,1.43.12,16142
2026-08-31,1.43.13,23893
2026-08-31,1.43.14,45212
2026-08-31,1.43.15,14080
2026-08-31,1.43.16,20202
2026-08-31,1.43.17,15090
2026-08-31,1.43.18,31320
2026-08-31,1.43.19,16192
2026-08-31,1.43.2,22163
2026-08-31,1.43.20,9606
2026-08-31,1.43.21,15078
2026-08-31,1.43.22,15730
2026-08-31,1.43.23,10246
2026-08-31,1.43.24,33908
2026-08-31,1.43.25,31057
2026-08-31,1.43.26,17670
2026-08-31,1.43.27,19033
2026-08-31,1.43.28,18808
2026-08-31,1.43.29,23722
2026-08-31,1.43.3,11745
2026-08-31,1.43.30,15342
2026-08-31,1.43.31,22457
2026-08-31,1.43.32,16602
2026-08-31,1.43.33,26229
2026-08-31,1.43.34,61586
2026-08-31,1.43.35,6563
2026-08-31,1.43.36,105740
2026-08-31,1.43.37,23206
2026-08-31,1.43.38,36923
2026-08-31,1.43.39,29039
2026-08-31,1.43.4,14025
2026-08-31,1.43.40,43946
2026-08-31,1.43.41,199840
2026-08-31,1.43.42,14020
2026-08-31,1.43.43,7444
2026-08-31,1.43.44,13190
2026-08-31,1.43.45,45246
2026-08-31,1.43.46,174443
2026-08-31,1.43.47,21580
2026-08-31,1.43.48,23052
2026-08-31,1.43.49,17820
2026-08-31,1.43.5,14997
2026-08-31,1.43.50,17454
2026-08-31,1.43.51,45275
2026-08-31,1.43.52,23742
2026-08-31,1.43.53,18923
2026-08-31,1.43.54,16548
2026-08-31,1.43.55,19994
2026-08-31,1.43.56,416916
2026-08-31,1.43.57,23253
2026-08-31,1.43.58,23974
2026-08-31,1.43.59,18864
2026-08-31,1.43.6,150267
2026-08-31,1.43.60,8568
2026-08-31,1.43.61,11590
2026-08-31,1.43.62,56058
2026-08-31,1.43.63,78008
2026-08-31,1.43.64,33471
2026-08-31,1.43.65,17395
2026-08-31,1.43.66,22850
2026-08-31,1.43.67,81290
2026-08-31,1.43.68,26461
2026-08-31,1.43.69,24947
2026-08-31,1.43.7,19815
2026-08-31,1.43.70,28804
2026-08-31,1.43.71,36652
2026-08-31,1.43.72,64395
2026-08-31,1.43.73,49307
2026-08-31,1.43.74,34137
2026-08-31,1.43.75,35936
2026-08-31,1.43.76,10948
2026-08-31,1.43.77,53123
2026-08-31,1.43.78,137895
2026-08-31,1.43.79,57287
2026-08-31,1.43.8,10991
2026-08-31,1.43.80,42214
2026-08-31,1.43.81,41824
2026-08-31,1.43.82,67921
2026-08-31,1.43.83,5342387
2026-08-31,1.43.84,1189470
2026-08-31,1.43.85,169332
2026-08-31,1.43.9,30251
2026-08-31,~other,13731108
2026-09-01,1.42.81,17423
2026-09-01,1.42.82,22943
2026-09-01,1.42.83,27004
2026-09-01,1.42.84,35741
2026-09-01,1.42.85,23601
2026-09-01,1.42.86,16925
2026-09-01,1.42.87,10414
2026-09-01,1.42.88,23172
2026-09-01,1.42.89,43484
2026-09-01,1.42.90,21347
2026-09-01,1.42.91,40596
2026-09-01,1.42.92,17119
2026-09-01,1.42.93,17457
2026-09-01,1.42.94,23184
2026-09-01,1.42.95,17186
2026-09-01,1.42.96,31988
2026-09-01,1.42.97,4155428
2026-09-01,1.43.0,188035
2026-09-01,1.43.1,11933
2026-09-01,1.43.10,12800
2026-09-01,1.43.11,20095
2026-09-01,1.43.12,19594
2026-09-01,1.43.13,23306
2026-09-01,1.43.14,52545
2026-09-01,1.43.15,16587
2026-09-01,1.43.16,21650
2026-09-01,1.43.17,19988
2026-09-01,1.43.18,34242
2026-09-01,1.43.19,22126
2026-09-01,1.43.2,24501
2026-09-01,1.43.20,10046
2026-09-01,1.43.21,14325
2026-09-01,1.43.22,17277
2026-09-01,1.43.23,11747
2026-09-01,1.43.24,36195
2026-09-01,1.43.25,31666
2026-09-01,1.43.26,19854
2026-09-01,1.43.27,22147
2026-09-01,1.43.28,23513
2026-09-01,1.43.29,26548
2026-09-01,1.43.3,15154
2026-09-01,1.43.30,16801
2026-09-01,1.43.31,26147
2026-09-01,1.43.32,21014
2026-09-01,1.43.33,24939
2026-09-01,1.43.34,57608
2026-09-01,1.43.35,7365
2026-09-01,1.43.36,123110
2026-09-01,1.43.37,30446
2026-09-01,1.43.38,24225
2026-09-01,1.43.39,35807
2026-09-01,1.43.4,19029
2026-09-01,1.43.40,39612
2026-09-01,1.43.41,188538
2026-09-01,1.43.42,17618
2026-09-01,1.43.43,9173
2026-09-01,1.43.44,14840
2026-09-01,1.43.45,49185
2026-09-01,1.43.46,193566
2026-09-01,1.43.47,23873
2026-09-01,1.43.48,22867
2026-09-01,1.43.49,21015
2026-09-01,1.43.5,15048
2026-09-01,1.43.50,25591
2026-09-01,1.43.51,62205
2026-09-01,1.43.52,27170
2026-09-01,1.43.53,24142
2026-09-01,1.43.54,17550
2026-09-01,1.43.55,24914
2026-09-01,1.43.56,442301
2026-09-01,1.43.57,25140
2026-09-01,1.43.58,30421
2026-09-01,1.43.59,24999
2026-09-01,1.43.6,184731
2026-09-01,1.43.60,8617
2026-09-01,1.43.61,13739
2026-09-01,1.43.62,64648
2026-09-01,1.43.63,94097
2026-09-01,1.43.64,39170
2026-09-01,1.43.65,19471
2026-09-01,1.43.66,28909
2026-09-01,1.43.67,76606
2026-09-01,1.43.68,33550
2026-09-01,1.43.69,24376
2026-09-01,1.43.7,22026
2026-09-01,1.43.70,38593
2026-09-01,1.43.71,37822
2026-09-01,1.43.72,62436
2026-09-01,1.43.73,46827
2026-09-01,1.43.74,40379
2026-09-01,1.43.75,38509
2026-09-01,1.43.76,15342
2026-09-01,1.43.77,61289
2026-09-01,1.43.78,102666
2026-09-01,1.43.79,105644
2026-09-01,1.43.8,13423
2026-09-01,1.43.80,47527
2026-09-01,1.43.81,37323
2026-09-01,1.43.82,49334
2026-09-01,1.43.83,212017
2026-09-01,1.43.84,21319
2026-09-01,1.43.85,6038049
2026-09-01,1.43.86,1432570
2026-09-01,1.43.9,33251
2026-09-01,~other,14624437
2026-09-02,1.42.81,31198
2026-09-02,1.42.82,34582
2026-09-02,1.42.83,41600
2026-09-02,1.42.84,57048
2026-09-02,1.42.85,38633
2026-09-02,1.42.86,28110
2026-09-02,1.42.87,24912
2026-09-02,1.42.88,39147
2026-09-02,1.42.89,59179
2026-09-02,1.42.90,34758
2026-09-02,1.42.91,59463
2026-09-02,1.42.92,30826
2026-09-02,1.42.93,33061
2026-09-02,1.42.94,37056
2026-09-02,1.42.95,32450
2026-09-02,1.42.96,47187
2026-09-02,1.42.97,4205817
2026-09-02,1.43.0,176677
2026-09-02,1.43.1,13258
2026-09-02,1.43.10,13878
2026-09-02,1.43.11,15498
2026-09-02,1.43.12,16151
2026-09-02,1.43.13,31035
2026-09-02,1.43.14,58217
2026-09-02,1.43.15,16305
2026-09-02,1.43.16,21293
2026-09-02,1.43.17,16780
2026-09-02,1.43.18,33136
2026-09-02,1.43.19,19127
2026-09-02,1.43.2,24918
2026-09-02,1.43.20,9108
2026-09-02,1.43.21,16502
2026-09-02,1.43.22,17563
2026-09-02,1.43.23,10421
2026-09-02,1.43.24,36648
2026-09-02,1.43.25,34221
2026-09-02,1.43.26,20287
2026-09-02,1.43.27,21339
2026-09-02,1.43.28,21343
2026-09-02,1.43.29,26259
2026-09-02,1.43.3,12465
2026-09-02,1.43.30,16495
2026-09-02,1.43.31,21911
2026-09-02,1.43.32,21154
2026-09-02,1.43.33,26954
2026-09-02,1.43.34,60101
2026-09-02,1.43.35,8836
2026-09-02,1.43.36,111672
2026-09-02,1.43.37,29287
2026-09-02,1.43.38,29784
2026-09-02,1.43.39,39258
2026-09-02,1.43.4,16464
2026-09-02,1.43.40,47541
2026-09-02,1.43.41,101724
2026-09-02,1.43.42,15928
2026-09-02,1.43.43,9277
2026-09-02,1.43.44,14950
2026-09-02,1.43.45,46442
2026-09-02,1.43.46,197683
2026-09-02,1.43.47,23410
2026-09-02,1.43.48,22722
2026-09-02,1.43.49,20329
2026-09-02,1.43.5,15615
2026-09-02,1.43.50,21309
2026-09-02,1.43.51,69700
2026-09-02,1.43.52,28962
2026-09-02,1.43.53,27198
2026-09-02,1.43.54,17609
2026-09-02,1.43.55,26444
2026-09-02,1.43.56,456986
2026-09-02,1.43.57,27280
2026-09-02,1.43.58,29365
2026-09-02,1.43.59,23036
2026-09-02,1.43.6,185937
2026-09-02,1.43.60,8176
2026-09-02,1.43.61,13692
2026-09-02,1.43.62,62887
2026-09-02,1.43.63,108768
2026-09-02,1.43.64,40620
2026-09-02,1.43.65,19660
2026-09-02,1.43.66,24718
2026-09-02,1.43.67,80951
2026-09-02,1.43.68,30430
2026-09-02,1.43.69,23782
2026-09-02,1.43.7,25304
2026-09-02,1.43.70,33275
2026-09-02,1.43.71,35806
2026-09-02,1.43.72,61871
2026-09-02,1.43.73,33482
2026-09-02,1.43.74,46538
2026-09-02,1.43.75,35503
2026-09-02,1.43.76,12891
2026-09-02,1.43.77,46970
2026-09-02,1.43.78,101936
2026-09-02,1.43.79,52438
2026-09-02,1.43.8,22643
2026-09-02,1.43.80,112955
2026-09-02,1.43.81,44250
2026-09-02,1.43.82,41138
2026-09-02,1.43.83,184295
2026-09-02,1.43.84,15946
2026-09-02,1.43.85,76933
2026-09-02,1.43.86,5949185
2026-09-02,1.43.87,1408570
2026-09-02,1.43.9,36233
2026-09-02,~other,15233424
2026-09-03,1.42.81,32548
2026-09-03,1.42.82,36205
2026-09-03,1.42.83,40869
2026-09-03,1.42.84,55540
2026-09-03,1.42.85,35112
2026-09-03,1.42.86,29669
2026-09-03,1.42.87,26573
2026-09-03,1.42.88,40074
2026-09-03,1.42.89,56300
2026-09-03,1.42.90,36574
2026-09-03,1.42.91,66484
2026-09-03,1.42.92,32543
2026-09-03,1.42.93,33801
2026-09-03,1.42.94,37121
2026-09-03,1.42.95,32868
2026-09-03,1.42.96,46661
2026-09-03,1.42.97,4297707
2026-09-03,1.43.0,188396
2026-09-03,1.43.1,13958
2026-09-03,1.43.10,14337
2026-09-03,1.43.11,21508
2026-09-03,1.43.12,16034
2026-09-03,1.43.13,23541
2026-09-03,1.43.14,62510
2026-09-03,1.43.15,17030
2026-09-03,1.43.16,23043
2026-09-03,1.43.17,17493
2026-09-03,1.43.18,35499
2026-09-03,1.43.19,17337
2026-09-03,1.43.2,27368
2026-09-03,1.43.20,8018
2026-09-03,1.43.21,14257
2026-09-03,1.43.22,24861
2026-09-03,1.43.23,10532
2026-09-03,1.43.24,37272
2026-09-03,1.43.25,32104
2026-09-03,1.43.26,22005
2026-09-03,1.43.27,20378
2026-09-03,1.43.28,21412
2026-09-03,1.43.29,25482
2026-09-03,1.43.3,14691
2026-09-03,1.43.30,16006
2026-09-03,1.43.31,23512
2026-09-03,1.43.32,16139
2026-09-03,1.43.33,26808
2026-09-03,1.43.34,53898
2026-09-03,1.43.35,8061
2026-09-03,1.43.36,122912
2026-09-03,1.43.37,31094
2026-09-03,1.43.38,25451
2026-09-03,1.43.39,42597
2026-09-03,1.43.4,16921
2026-09-03,1.43.40,44709
2026-09-03,1.43.41,99650
2026-09-03,1.43.42,15407
2026-09-03,1.43.43,9314
2026-09-03,1.43.44,14402
2026-09-03,1.43.45,53239
2026-09-03,1.43.46,215966
2026-09-03,1.43.47,26359
2026-09-03,1.43.48,22989
2026-09-03,1.43.49,20242
2026-09-03,1.43.5,17042
2026-09-03,1.43.50,28037
2026-09-03,1.43.51,54441
2026-09-03,1.43.52,28083
2026-09-03,1.43.53,26710
2026-09-03,1.43.54,16442
2026-09-03,1.43.55,27951
2026-09-03,1.43.56,450313
2026-09-03,1.43.57,28983
2026-09-03,1.43.58,26399
2026-09-03,1.43.59,21204
2026-09-03,1.43.6,206238
2026-09-03,1.43.60,7223
2026-09-03,1.43.61,13239
2026-09-03,1.43.62,60981
2026-09-03,1.43.63,125159
2026-09-03,1.43.64,36167
2026-09-03,1.43.65,19407
2026-09-03,1.43.66,23123
2026-09-03,1.43.67,75257
2026-09-03,1.43.68,29485
2026-09-03,1.43.69,22644
2026-09-03,1.43.7,27643
2026-09-03,1.43.70,31991
2026-09-03,1.43.71,31463
2026-09-03,1.43.72,63491
2026-09-03,1.43.73,31158
2026-09-03,1.43.74,35746
2026-09-03,1.43.75,37240
2026-09-03,1.43.76,14217
2026-09-03,1.43.77,48871
2026-09-03,1.43.78,81539
2026-09-03,1.43.79,43617
2026-09-03,1.43.8,24718
2026-09-03,1.43.80,45661
2026-09-03,1.43.81,87431
2026-09-03,1.43.82,42207
2026-09-03,1.43.83,173534
2026-09-03,1.43.84,27273
2026-09-03,1.43.85,66192
2026-09-03,1.43.86,62130
2026-09-03,1.43.87,6029188
2026-09-03,1.43.88,1474196
2026-09-03,1.43.9,35570
2026-09-03,~other,15279148
2026-09-04,1.42.81,31085
2026-09-04,1.42.82,37958
2026-09-04,1.42.83,38977
2026-09-04,1.42.84,57597
2026-09-04,1.42.85,38634
2026-09-04,1.42.86,27204
2026-09-04,1.42.87,24415
2026-09-04,1.42.88,36320
2026-09-04,1.42.89,51274
2026-09-04,1.42.90,34540
2026-09-04,1.42.91,54831
2026-09-04,1.42.92,30952
2026-09-04,1.42.93,34456
2026-09-04,1.42.94,34066
2026-09-04,1.42.95,33045
2026-09-04,1.42.96,42127
2026-09-04,1.42.97,3959486
2026-09-04,1.43.0,161209
2026-09-04,1.43.1,12229
2026-09-04,1.43.10,11558
2026-09-04,1.43.11,13219
2026-09-04,1.43.12,13854
2026-09-04,1.43.13,20320
2026-09-04,1.43.14,44122
2026-09-04,1.43.15,13667
2026-09-04,1.43.16,18456
2026-09-04,1.43.17,16288
2026-09-04,1.43.18,29362
2026-09-04,1.43.19,14586
2026-09-04,1.43.2,25514
2026-09-04,1.43.20,6298
2026-09-04,1.43.21,11098
2026-09-04,1.43.22,18224
2026-09-04,1.43.23,10339
2026-09-04,1.43.24,32318
2026-09-04,1.43.25,38858
2026-09-04,1.43.26,22384
2026-09-04,1.43.27,17774
2026-09-04,1.43.28,20734
2026-09-04,1.43.29,19884
2026-09-04,1.43.3,14571
2026-09-04,1.43.30,14774
2026-09-04,1.43.31,19871
2026-09-04,1.43.32,13958
2026-09-04,1.43.33,24504
2026-09-04,1.43.34,49347
2026-09-04,1.43.35,6741
2026-09-04,1.43.36,161475
2026-09-04,1.43.37,22550
2026-09-04,1.43.38,21889
2026-09-04,1.43.39,32731
2026-09-04,1.43.4,14844
2026-09-04,1.43.40,41671
2026-09-04,1.43.41,89827
2026-09-04,1.43.42,14123
2026-09-04,1.43.43,7605
2026-09-04,1.43.44,13112
2026-09-04,1.43.45,60423
2026-09-04,1.43.46,192300
2026-09-04,1.43.47,18921
2026-09-04,1.43.48,22780
2026-09-04,1.43.49,17815
2026-09-04,1.43.5,13821
2026-09-04,1.43.50,22865
2026-09-04,1.43.51,32692
2026-09-04,1.43.52,21818
2026-09-04,1.43.53,20203
2026-09-04,1.43.54,15276
2026-09-04,1.43.55,23122
2026-09-04,1.43.56,415363
2026-09-04,1.43.57,23707
2026-09-04,1.43.58,20176
2026-09-04,1.43.59,20356
2026-09-04,1.43.6,154174
2026-09-04,1.43.60,7356
2026-09-04,1.43.61,11349
2026-09-04,1.43.62,63450
2026-09-04,1.43.63,107434
2026-09-04,1.43.64,33363
2026-09-04,1.43.65,16373
2026-09-04,1.43.66,22971
2026-09-04,1.43.67,69742
2026-09-04,1.43.68,24719
2026-09-04,1.43.69,19638
2026-09-04,1.43.7,30268
2026-09-04,1.43.70,29400
2026-09-04,1.43.71,30886
2026-09-04,1.43.72,53402
2026-09-04,1.43.73,25464
2026-09-04,1.43.74,26839
2026-09-04,1.43.75,27847
2026-09-04,1.43.76,12539
2026-09-04,1.43.77,57357
2026-09-04,1.43.78,70674
2026-09-04,1.43.79,42130
2026-09-04,1.43.8,23076
2026-09-04,1.43.80,35898
2026-09-04,1.43.81,35252
2026-09-04,1.43.82,88007
2026-09-04,1.43.83,147884
2026-09-04,1.43.84,14557
2026-09-04,1.43.85,76336
2026-09-04,1.43.86,51855
2026-09-04,1.43.87,71014
2026-09-04,1.43.88,5626695
2026-09-04,1.43.89,1224342
2026-09-04,1.43.9,33752
2026-09-04,~other,14270120
2026-09-05,1.42.81,37392
2026-09-05,1.42.82,33243
2026-09-05,1.42.83,33820
2026-09-05,1.42.84,29470
2026-09-05,1.42.85,30330
2026-09-05,1.42.86,21785
2026-09-05,1.42.87,22100
2026-09-05,1.42.88,24839
2026-09-05,1.42.89,32896
2026-09-05,1.42.90,27747
2026-09-05,1.42.91,36548
2026-09-05,1.42.92,24424
2026-09-05,1.42.93,23123
2026-09-05,1.42.94,24998
2026-09-05,1.42.95,27224
2026-09-05,1.42.96,30266
2026-09-05,1.42.97,3421814
2026-09-05,1.43.0,70467
2026-09-05,1.43.1,5950
2026-09-05,1.43.10,6256
2026-09-05,1.43.11,7964
2026-09-05,1.43.12,6542
2026-09-05,1.43.13,19552
2026-09-05,1.43.14,27316
2026-09-05,1.43.15,7278
2026-09-05,1.43.16,9287
2026-09-05,1.43.17,10689
2026-09-05,1.43.18,18355
2026-09-05,1.43.19,5759
2026-09-05,1.43.2,16447
2026-09-05,1.43.20,3647
2026-09-05,1.43.21,7410
2026-09-05,1.43.22,12398
2026-09-05,1.43.23,5181
2026-09-05,1.43.24,23378
2026-09-05,1.43.25,30298
2026-09-05,1.43.26,9408
2026-09-05,1.43.27,8973
2026-09-05,1.43.28,10991
2026-09-05,1.43.29,14440
2026-09-05,1.43.3,6396
2026-09-05,1.43.30,6786
2026-09-05,1.43.31,10225
2026-09-05,1.43.32,9648
2026-09-05,1.43.33,19767
2026-09-05,1.43.34,19491
2026-09-05,1.43.35,3720
2026-09-05,1.43.36,60898
2026-09-05,1.43.37,14223
2026-09-05,1.43.38,5906
2026-09-05,1.43.39,17846
2026-09-05,1.43.4,7076
2026-09-05,1.43.40,22103
2026-09-05,1.43.41,81609
2026-09-05,1.43.42,6122
2026-09-05,1.43.43,4876
2026-09-05,1.43.44,6854
2026-09-05,1.43.45,15558
2026-09-05,1.43.46,62148
2026-09-05,1.43.47,8984
2026-09-05,1.43.48,13482
2026-09-05,1.43.49,8198
2026-09-05,1.43.5,7813
2026-09-05,1.43.50,13283
2026-09-05,1.43.51,17805
2026-09-05,1.43.52,13726
2026-09-05,1.43.53,9893
2026-09-05,1.43.54,8676
2026-09-05,1.43.55,13306
2026-09-05,1.43.56,265444
2026-09-05,1.43.57,12269
2026-09-05,1.43.58,10468
2026-09-05,1.43.59,15555
2026-09-05,1.43.6,47783
2026-09-05,1.43.60,4964
2026-09-05,1.43.61,7313
2026-09-05,1.43.62,30699
2026-09-05,1.43.63,156079
2026-09-05,1.43.64,17698
2026-09-05,1.43.65,10613
2026-09-05,1.43.66,13398
2026-09-05,1.43.67,32254
2026-09-05,1.43.68,15801
2026-09-05,1.43.69,11092
2026-09-05,1.43.7,7285
2026-09-05,1.43.70,19510
2026-09-05,1.43.71,16928
2026-09-05,1.43.72,27190
2026-09-05,1.43.73,11203
2026-09-05,1.43.74,12321
2026-09-05,1.43.75,14562
2026-09-05,1.43.76,5848
2026-09-05,1.43.77,14877
2026-09-05,1.43.78,40279
2026-09-05,1.43.79,21847
2026-09-05,1.43.8,16953
2026-09-05,1.43.80,20924
2026-09-05,1.43.81,18742
2026-09-05,1.43.82,24790
2026-09-05,1.43.83,103452
2026-09-05,1.43.84,9227
2026-09-05,1.43.85,60627
2026-09-05,1.43.86,32622
2026-09-05,1.43.87,28663
2026-09-05,1.43.88,32665
2026-09-05,1.43.89,4924829
2026-09-05,1.43.9,20441
2026-09-05,~other,11008397
2026-09-06,1.42.81,38644
2026-09-06,1.42.82,33432
2026-09-06,1.42.83,31609
2026-09-06,1.42.84,31224
2026-09-06,1.42.85,30414
2026-09-06,1.42.86,21274
2026-09-06,1.42.87,21637
2026-09-06,1.42.88,24430
2026-09-06,1.42.89,33296
2026-09-06,1.42.90,24284
2026-09-06,1.42.91,42901
2026-09-06,1.42.92,23429
2026-09-06,1.42.93,26051
2026-09-06,1.42.94,25753
2026-09-06,1.42.95,26419
2026-09-06,1.42.96,30063
2026-09-06,1.42.97,3373957
2026-09-06,1.43.0,81836
2026-09-06,1.43.1,6588
2026-09-06,1.43.10,4910
2026-09-06,1.43.11,15374
2026-09-06,1.43.12,6687
2026-09-06,1.43.13,14418
2026-09-06,1.43.14,33578
2026-09-06,1.43.15,7026
2026-09-06,1.43.16,11194
2026-09-06,1.43.17,15074
2026-09-06,1.43.18,19236
2026-09-06,1.43.19,6208
2026-09-06,1.43.2,20163
2026-09-06,1.43.20,3767
2026-09-06,1.43.21,7175
2026-09-06,1.43.22,12014
2026-09-06,1.43.23,5447
2026-09-06,1.43.24,25443
2026-09-06,1.43.25,20172
2026-09-06,1.43.26,11118
2026-09-06,1.43.27,7065
2026-09-06,1.43.28,9419
2026-09-06,1.43.29,18550
2026-09-06,1.43.3,6676
2026-09-06,1.43.30,6664
2026-09-06,1.43.31,12406
2026-09-06,1.43.32,10012
2026-09-06,1.43.33,16295
2026-09-06,1.43.34,20908
2026-09-06,1.43.35,4113
2026-09-06,1.43.36,51493
2026-09-06,1.43.37,12751
2026-09-06,1.43.38,7218
2026-09-06,1.43.39,16238
2026-09-06,1.43.4,6793
2026-09-06,1.43.40,24211
2026-09-06,1.43.41,83846
2026-09-06,1.43.42,7338
2026-09-06,1.43.43,4243
2026-09-06,1.43.44,7905
2026-09-06,1.43.45,12885
2026-09-06,1.43.46,64585
2026-09-06,1.43.47,11174
2026-09-06,1.43.48,14199
2026-09-06,1.43.49,8715
2026-09-06,1.43.5,7691
2026-09-06,1.43.50,13071
2026-09-06,1.43.51,21451
2026-09-06,1.43.52,15501
2026-09-06,1.43.53,9124
2026-09-06,1.43.54,9479
2026-09-06,1.43.55,16490
2026-09-06,1.43.56,282888
2026-09-06,1.43.57,11774
2026-09-06,1.43.58,13666
2026-09-06,1.43.59,13520
2026-09-06,1.43.6,51082
2026-09-06,1.43.60,4343
2026-09-06,1.43.61,6094
2026-09-06,1.43.62,26198
2026-09-06,1.43.63,323847
2026-09-06,1.43.64,16976
2026-09-06,1.43.65,9544
2026-09-06,1.43.66,9948
2026-09-06,1.43.67,38930
2026-09-06,1.43.68,14670
2026-09-06,1.43.69,10142
2026-09-06,1.43.7,7035
2026-09-06,1.43.70,20771
2026-09-06,1.43.71,16032
2026-09-06,1.43.72,28174
2026-09-06,1.43.73,10498
2026-09-06,1.43.74,12498
2026-09-06,1.43.75,13663
2026-09-06,1.43.76,4841
2026-09-06,1.43.77,13009
2026-09-06,1.43.78,40865
2026-09-06,1.43.79,18646
2026-09-06,1.43.8,16894
2026-09-06,1.43.80,17150
2026-09-06,1.43.81,15590
2026-09-06,1.43.82,20347
2026-09-06,1.43.83,75853
2026-09-06,1.43.84,8140
2026-09-06,1.43.85,41451
2026-09-06,1.43.86,24617
2026-09-06,1.43.87,28586
2026-09-06,1.43.88,26336
2026-09-06,1.43.89,4815645
2026-09-06,1.43.9,19638
2026-09-06,~other,10834620
2026-09-07,1.42.81,34380
2026-09-07,1.42.82,37059
2026-09-07,1.42.83,35887
2026-09-07,1.42.84,46864
2026-09-07,1.42.85,39123
2026-09-07,1.42.86,26481
2026-09-07,1.42.87,25286
2026-09-07,1.42.88,34221
2026-09-07,1.42.89,44291
2026-09-07,1.42.90,30253
2026-09-07,1.42.91,50132
2026-09-07,1.42.92,28879
2026-09-07,1.42.93,32065
2026-09-07,1.42.94,28959
2026-09-07,1.42.95,30639
2026-09-07,1.42.96,44975
2026-09-07,1.42.97,3604883
2026-09-07,1.43.0,125965
2026-09-07,1.43.1,10857
2026-09-07,1.43.10,9982
2026-09-07,1.43.11,19137
2026-09-07,1.43.12,13291
2026-09-07,1.43.13,20106
2026-09-07,1.43.14,41667
2026-09-07,1.43.15,14004
2026-09-07,1.43.16,18959
2026-09-07,1.43.17,18219
2026-09-07,1.43.18,32197
2026-09-07,1.43.19,12808
2026-09-07,1.43.2,22666
2026-09-07,1.43.20,6842
2026-09-07,1.43.21,15446
2026-09-07,1.43.22,19168
2026-09-07,1.43.23,10183
2026-09-07,1.43.24,31898
2026-09-07,1.43.25,20485
2026-09-07,1.43.26,18152
2026-09-07,1.43.27,14285
2026-09-07,1.43.28,21552
2026-09-07,1.43.29,25156
2026-09-07,1.43.3,12822
2026-09-07,1.43.30,15019
2026-09-07,1.43.31,24626
2026-09-07,1.43.32,12487
2026-09-07,1.43.33,21361
2026-09-07,1.43.34,41404
2026-09-07,1.43.35,6621
2026-09-07,1.43.36,82140
2026-09-07,1.43.37,27775
2026-09-07,1.43.38,14608
2026-09-07,1.43.39,26017
2026-09-07,1.43.4,12400
2026-09-07,1.43.40,37229
2026-09-07,1.43.41,90366
2026-09-07,1.43.42,15350
2026-09-07,1.43.43,7203
2026-09-07,1.43.44,13102
2026-09-07,1.43.45,29623
2026-09-07,1.43.46,125557
2026-09-07,1.43.47,20610
2026-09-07,1.43.48,20418
2026-09-07,1.43.49,16582
2026-09-07,1.43.5,12175
2026-09-07,1.43.50,18300
2026-09-07,1.43.51,30863
2026-09-07,1.43.52,25795
2026-09-07,1.43.53,19277
2026-09-07,1.43.54,16309
2026-09-07,1.43.55,26948
2026-09-07,1.43.56,345310
2026-09-07,1.43.57,20527
2026-09-07,1.43.58,21766
2026-09-07,1.43.59,19651
2026-09-07,1.43.6,84032
2026-09-07,1.43.60,8869
2026-09-07,1.43.61,11630
2026-09-07,1.43.62,42951
2026-09-07,1.43.63,235904
2026-09-07,1.43.64,28586
2026-09-07,1.43.65,16270
2026-09-07,1.43.66,19484
2026-09-07,1.43.67,53773
2026-09-07,1.43.68,23679
2026-09-07,1.43.69,18715
2026-09-07,1.43.7,18657
2026-09-07,1.43.70,30025
2026-09-07,1.43.71,24047
2026-09-07,1.43.72,44121
2026-09-07,1.43.73,24632
2026-09-07,1.43.74,26398
2026-09-07,1.43.75,82559
2026-09-07,1.43.76,12672
2026-09-07,1.43.77,27404
2026-09-07,1.43.78,69154
2026-09-07,1.43.79,31077
2026-09-07,1.43.8,22589
2026-09-07,1.43.80,36145
2026-09-07,1.43.81,29242
2026-09-07,1.43.82,31728
2026-09-07,1.43.83,154453
2026-09-07,1.43.84,17916
2026-09-07,1.43.85,78844
2026-09-07,1.43.86,42691
2026-09-07,1.43.87,43183
2026-09-07,1.43.88,55119
2026-09-07,1.43.89,6236475
2026-09-07,1.43.9,23944
2026-09-07,~other,13416767
2026-09-08,1.42.81,39816
2026-09-08,1.42.82,37275
2026-09-08,1.42.83,42169
2026-09-08,1.42.84,58129
2026-09-08,1.42.85,45207
2026-09-08,1.42.86,28263
2026-09-08,1.42.87,26705
2026-09-08,1.42.88,37941
2026-09-08,1.42.89,61152
2026-09-08,1.42.90,37626
2026-09-08,1.42.91,62511
2026-09-08,1.42.92,34283
2026-09-08,1.42.93,40059
2026-09-08,1.42.94,35004
2026-09-08,1.42.95,31965
2026-09-08,1.42.96,49610
2026-09-08,1.42.97,4046564
2026-09-08,1.43.0,196214
2026-09-08,1.43.1,14270
2026-09-08,1.43.10,13343
2026-09-08,1.43.11,17683
2026-09-08,1.43.12,18464
2026-09-08,1.43.13,21384
2026-09-08,1.43.14,53664
2026-09-08,1.43.15,16638
2026-09-08,1.43.16,23812
2026-09-08,1.43.17,19955
2026-09-08,1.43.18,36996
2026-09-08,1.43.19,14783
2026-09-08,1.43.2,25325
2026-09-08,1.43.20,6649
2026-09-08,1.43.21,13824
2026-09-08,1.43.22,21910
2026-09-08,1.43.23,10145
2026-09-08,1.43.24,37972
2026-09-08,1.43.25,32865
2026-09-08,1.43.26,22408
2026-09-08,1.43.27,22751
2026-09-08,1.43.28,22403
2026-09-08,1.43.29,29604
2026-09-08,1.43.3,12885
2026-09-08,1.43.30,17591
2026-09-08,1.43.31,22505
2026-09-08,1.43.32,18623
2026-09-08,1.43.33,27015
2026-09-08,1.43.34,51499
2026-09-08,1.43.35,8210
2026-09-08,1.43.36,102578
2026-09-08,1.43.37,32966
2026-09-08,1.43.38,18553
2026-09-08,1.43.39,39098
2026-09-08,1.43.4,18655
2026-09-08,1.43.40,44729
2026-09-08,1.43.41,99676
2026-09-08,1.43.42,15013
2026-09-08,1.43.43,7325
2026-09-08,1.43.44,14560
2026-09-08,1.43.45,55254
2026-09-08,1.43.46,210162
2026-09-08,1.43.47,22463
2026-09-08,1.43.48,26222
2026-09-08,1.43.49,19516
2026-09-08,1.43.5,19132
2026-09-08,1.43.50,22741
2026-09-08,1.43.51,35303
2026-09-08,1.43.52,28860
2026-09-08,1.43.53,28430
2026-09-08,1.43.54,18874
2026-09-08,1.43.55,23547
2026-09-08,1.43.56,216015
2026-09-08,1.43.57,25716
2026-09-08,1.43.58,26861
2026-09-08,1.43.59,22984
2026-09-08,1.43.6,168262
2026-09-08,1.43.60,8495
2026-09-08,1.43.61,15118
2026-09-08,1.43.62,66357
2026-09-08,1.43.63,322917
2026-09-08,1.43.64,34747
2026-09-08,1.43.65,20299
2026-09-08,1.43.66,22507
2026-09-08,1.43.67,82786
2026-09-08,1.43.68,27475
2026-09-08,1.43.69,27610
2026-09-08,1.43.7,21788
2026-09-08,1.43.70,35773
2026-09-08,1.43.71,28964
2026-09-08,1.43.72,53619
2026-09-08,1.43.73,29670
2026-09-08,1.43.74,32382
2026-09-08,1.43.75,345246
2026-09-08,1.43.76,10353
2026-09-08,1.43.77,42317
2026-09-08,1.43.78,65073
2026-09-08,1.43.79,50298
2026-09-08,1.43.8,23725
2026-09-08,1.43.80,46560
2026-09-08,1.43.81,35109
2026-09-08,1.43.82,36459
2026-09-08,1.43.83,124996
2026-09-08,1.43.84,15038
2026-09-08,1.43.85,163319
2026-09-08,1.43.86,54359
2026-09-08,1.43.87,53760
2026-09-08,1.43.88,55734
2026-09-08,1.43.89,6259801
2026-09-08,1.43.9,34656
2026-09-08,1.43.90,1401653
2026-09-08,~other,15800725
2026-09-09,1.42.81,39252
2026-09-09,1.42.82,36703
2026-09-09,1.42.83,41153
2026-09-09,1.42.84,59811
2026-09-09,1.42.85,39343
2026-09-09,1.42.86,28680
2026-09-09,1.42.87,25638
2026-09-09,1.42.88,38906
2026-09-09,1.42.89,56387
2026-09-09,1.42.90,34484
2026-09-09,1.42.91,61399
2026-09-09,1.42.92,33200
2026-09-09,1.42.93,38815
2026-09-09,1.42.94,35632
2026-09-09,1.42.95,31982
2026-09-09,1.42.96,50358
2026-09-09,1.42.97,3897678
2026-09-09,1.43.0,196952
2026-09-09,1.43.1,13584
2026-09-09,1.43.10,12262
2026-09-09,1.43.11,15155
2026-09-09,1.43.12,16641
2026-09-09,1.43.13,19681
2026-09-09,1.43.14,48319
2026-09-09,1.43.15,15090
2026-09-09,1.43.16,25400
2026-09-09,1.43.17,20366
2026-09-09,1.43.18,35037
2026-09-09,1.43.19,15273
2026-09-09,1.43.2,25240
2026-09-09,1.43.20,6777
2026-09-09,1.43.21,15622
2026-09-09,1.43.22,18246
2026-09-09,1.43.23,11139
2026-09-09,1.43.24,35989
2026-09-09,1.43.25,35624
2026-09-09,1.43.26,22942
2026-09-09,1.43.27,21520
2026-09-09,1.43.28,23562
2026-09-09,1.43.29,26826
2026-09-09,1.43.3,14390
2026-09-09,1.43.30,18403
2026-09-09,1.43.31,24064
2026-09-09,1.43.32,16952
2026-09-09,1.43.33,21766
2026-09-09,1.43.34,53599
2026-09-09,1.43.35,7995
2026-09-09,1.43.36,113326
2026-09-09,1.43.37,32273
2026-09-09,1.43.38,21318
2026-09-09,1.43.39,39141
2026-09-09,1.43.4,16813
2026-09-09,1.43.40,48657
2026-09-09,1.43.41,90306
2026-09-09,1.43.42,15253
2026-09-09,1.43.43,9221
2026-09-09,1.43.44,13831
2026-09-09,1.43.45,54434
2026-09-09,1.43.46,213865
2026-09-09,1.43.47,25147
2026-09-09,1.43.48,23540
2026-09-09,1.43.49,17475
2026-09-09,1.43.5,21877
2026-09-09,1.43.50,22657
2026-09-09,1.43.51,34423
2026-09-09,1.43.52,26964
2026-09-09,1.43.53,23068
2026-09-09,1.43.54,16450
2026-09-09,1.43.55,29968
2026-09-09,1.43.56,215365
2026-09-09,1.43.57,24828
2026-09-09,1.43.58,23946
2026-09-09,1.43.59,21525
2026-09-09,1.43.6,155782
2026-09-09,1.43.60,10524
2026-09-09,1.43.61,12717
2026-09-09,1.43.62,62159
2026-09-09,1.43.63,260992
2026-09-09,1.43.64,33229
2026-09-09,1.43.65,18009
2026-09-09,1.43.66,24079
2026-09-09,1.43.67,91495
2026-09-09,1.43.68,25627
2026-09-09,1.43.69,23104
2026-09-09,1.43.7,25876
2026-09-09,1.43.70,29902
2026-09-09,1.43.71,29125
2026-09-09,1.43.72,43664
2026-09-09,1.43.73,29055
2026-09-09,1.43.74,27052
2026-09-09,1.43.75,342599
2026-09-09,1.43.76,10462
2026-09-09,1.43.77,38437
2026-09-09,1.43.78,69796
2026-09-09,1.43.79,36767
2026-09-09,1.43.8,25285
2026-09-09,1.43.80,42930
2026-09-09,1.43.81,38657
2026-09-09,1.43.82,36026
2026-09-09,1.43.83,107410
2026-09-09,1.43.84,9255
2026-09-09,1.43.85,90092
2026-09-09,1.43.86,95766
2026-09-09,1.43.87,52374
2026-09-09,1.43.88,58494
2026-09-09,1.43.89,331258
2026-09-09,1.43.9,34425
2026-09-09,1.43.90,5837437
2026-09-09,1.43.91,1501948
2026-09-09,~other,15173868
2026-09-10,1.42.81,34338
2026-09-10,1.42.82,38331
2026-09-10,1.42.83,43691
2026-09-10,1.42.84,58192
2026-09-10,1.42.85,44004
2026-09-10,1.42.86,29620
2026-09-10,1.42.87,26856
2026-09-10,1.42.88,40373
2026-09-10,1.42.89,55650
2026-09-10,1.42.90,36647
2026-09-10,1.42.91,59263
2026-09-10,1.42.92,33364
2026-09-10,1.42.93,38175
2026-09-10,1.42.94,35782
2026-09-10,1.42.95,35484
2026-09-10,1.42.96,48236
2026-09-10,1.42.97,3936898
2026-09-10,1.43.0,192085
2026-09-10,1.43.1,12662
2026-09-10,1.43.10,14245
2026-09-10,1.43.11,16441
2026-09-10,1.43.12,16397
2026-09-10,1.43.13,22810
2026-09-10,1.43.14,50756
2026-09-10,1.43.15,16609
2026-09-10,1.43.16,27695
2026-09-10,1.43.17,20941
2026-09-10,1.43.18,32847
2026-09-10,1.43.19,17008
2026-09-10,1.43.2,25521
2026-09-10,1.43.20,6688
2026-09-10,1.43.21,15567
2026-09-10,1.43.22,15572
2026-09-10,1.43.23,13431
2026-09-10,1.43.24,33193
2026-09-10,1.43.25,28348
2026-09-10,1.43.26,22428
2026-09-10,1.43.27,23407
2026-09-10,1.43.28,19700
2026-09-10,1.43.29,21852
2026-09-10,1.43.3,17001
2026-09-10,1.43.30,17647
2026-09-10,1.43.31,24073
2026-09-10,1.43.32,15003
2026-09-10,1.43.33,20109
2026-09-10,1.43.34,56829
2026-09-10,1.43.35,8192
2026-09-10,1.43.36,124730
2026-09-10,1.43.37,35036
2026-09-10,1.43.38,21870
2026-09-10,1.43.39,36949
2026-09-10,1.43.4,16549
2026-09-10,1.43.40,46304
2026-09-10,1.43.41,77641
2026-09-10,1.43.42,16847
2026-09-10,1.43.43,6732
2026-09-10,1.43.44,16253
2026-09-10,1.43.45,62338
2026-09-10,1.43.46,226842
2026-09-10,1.43.47,22893
2026-09-10,1.43.48,20146
2026-09-10,1.43.49,19585
2026-09-10,1.43.5,17721
2026-09-10,1.43.50,25318
2026-09-10,1.43.51,35206
2026-09-10,1.43.52,25407
2026-09-10,1.43.53,22190
2026-09-10,1.43.54,17436
2026-09-10,1.43.55,25554
2026-09-10,1.43.56,203722
2026-09-10,1.43.57,27298
2026-09-10,1.43.58,24616
2026-09-10,1.43.59,24498
2026-09-10,1.43.6,184189
2026-09-10,1.43.60,11882
2026-09-10,1.43.61,11761
2026-09-10,1.43.62,64821
2026-09-10,1.43.63,220265
2026-09-10,1.43.64,32987
2026-09-10,1.43.65,17731
2026-09-10,1.43.66,24283
2026-09-10,1.43.67,88068
2026-09-10,1.43.68,22454
2026-09-10,1.43.69,25771
2026-09-10,1.43.7,29038
2026-09-10,1.43.70,26810
2026-09-10,1.43.71,42315
2026-09-10,1.43.72,46783
2026-09-10,1.43.73,27423
2026-09-10,1.43.74,29296
2026-09-10,1.43.75,340659
2026-09-10,1.43.76,9435
2026-09-10,1.43.77,38963
2026-09-10,1.43.78,60233
2026-09-10,1.43.79,32576
2026-09-10,1.43.8,23415
2026-09-10,1.43.80,32771
2026-09-10,1.43.81,39580
2026-09-10,1.43.82,38012
2026-09-10,1.43.83,107647
2026-09-10,1.43.84,10032
2026-09-10,1.43.85,86940
2026-09-10,1.43.86,46875
2026-09-10,1.43.87,92746
2026-09-10,1.43.88,54484
2026-09-10,1.43.89,322738
2026-09-10,1.43.9,32261
2026-09-10,1.43.90,71957
2026-09-10,1.43.91,6234052
2026-09-10,1.43.92,1579649
2026-09-10,~other,14557078
2026-09-11,1.42.81,30648
2026-09-11,1.42.82,34700
2026-09-11,1.42.83,39330
2026-09-11,1.42.84,55311
2026-09-11,1.42.85,39021
2026-09-11,1.42.86,27025
2026-09-11,1.42.87,24942
2026-09-11,1.42.88,33566
2026-09-11,1.42.89,51010
2026-09-11,1.42.90,40587
2026-09-11,1.42.91,56297
2026-09-11,1.42.92,30888
2026-09-11,1.42.93,35629
2026-09-11,1.42.94,31239
2026-09-11,1.42.95,31235
2026-09-11,1.42.96,43804
2026-09-11,1.42.97,3902589
2026-09-11,1.43.0,167346
2026-09-11,1.43.1,12313
2026-09-11,1.43.10,15045
2026-09-11,1.43.11,12911
2026-09-11,1.43.12,15471
2026-09-11,1.43.13,19358
2026-09-11,1.43.14,51291
2026-09-11,1.43.15,14306
2026-09-11,1.43.16,29321
2026-09-11,1.43.17,14390
2026-09-11,1.43.18,27535
2026-09-11,1.43.19,15867
2026-09-11,1.43.2,22045
2026-09-11,1.43.20,6141
2026-09-11,1.43.21,10346
2026-09-11,1.43.22,14986
2026-09-11,1.43.23,11362
2026-09-11,1.43.24,30966
2026-09-11,1.43.25,22570
2026-09-11,1.43.26,19241
2026-09-11,1.43.27,21290
2026-09-11,1.43.28,18669
2026-09-11,1.43.29,23263
2026-09-11,1.43.3,15272
2026-09-11,1.43.30,16580
2026-09-11,1.43.31,17969
2026-09-11,1.43.32,12388
2026-09-11,1.43.33,22854
2026-09-11,1.43.34,41803
2026-09-11,1.43.35,7947
2026-09-11,1.43.36,104186
2026-09-11,1.43.37,28971
2026-09-11,1.43.38,24945
2026-09-11,1.43.39,29048
2026-09-11,1.43.4,14550
2026-09-11,1.43.40,47227
2026-09-11,1.43.41,57946
2026-09-11,1.43.42,14338
2026-09-11,1.43.43,7264
2026-09-11,1.43.44,13947
2026-09-11,1.43.45,49976
2026-09-11,1.43.46,190142
2026-09-11,1.43.47,17159
2026-09-11,1.43.48,19577
2026-09-11,1.43.49,16726
2026-09-11,1.43.5,15779
2026-09-11,1.43.50,26113
2026-09-11,1.43.51,27931
2026-09-11,1.43.52,20885
2026-09-11,1.43.53,18259
2026-09-11,1.43.54,13337
2026-09-11,1.43.55,19190
2026-09-11,1.43.56,184812
2026-09-11,1.43.57,22971
2026-09-11,1.43.58,21091
2026-09-11,1.43.59,19095
2026-09-11,1.43.6,198791
2026-09-11,1.43.60,15433
2026-09-11,1.43.61,9624
2026-09-11,1.43.62,54698
2026-09-11,1.43.63,192918
2026-09-11,1.43.64,30571
2026-09-11,1.43.65,16540
2026-09-11,1.43.66,22930
2026-09-11,1.43.67,72450
2026-09-11,1.43.68,17202
2026-09-11,1.43.69,25646
2026-09-11,1.43.7,18586
2026-09-11,1.43.70,26531
2026-09-11,1.43.71,37151
2026-09-11,1.43.72,39308
2026-09-11,1.43.73,25957
2026-09-11,1.43.74,21333
2026-09-11,1.43.75,313672
2026-09-11,1.43.76,9084
2026-09-11,1.43.77,35254
2026-09-11,1.43.78,48013
2026-09-11,1.43.79,28959
2026-09-11,1.43.8,23552
2026-09-11,1.43.80,31438
2026-09-11,1.43.81,28180
2026-09-11,1.43.82,43655
2026-09-11,1.43.83,94228
2026-09-11,1.43.84,8774
2026-09-11,1.43.85,60653
2026-09-11,1.43.86,38549
2026-09-11,1.43.87,49352
2026-09-11,1.43.88,85080
2026-09-11,1.43.89,289346
2026-09-11,1.43.9,27306
2026-09-11,1.43.90,61068
2026-09-11,1.43.91,63425
2026-09-11,1.43.92,6012317
2026-09-11,1.43.93,1408922
2026-09-11,~other,13647014
2026-09-12,1.42.81,27556
2026-09-12,1.42.82,35194
2026-09-12,1.42.83,31892
2026-09-12,1.42.84,33383
2026-09-12,1.42.85,32159
2026-09-12,1.42.86,23327
2026-09-12,1.42.87,23254
2026-09-12,1.42.88,30410
2026-09-12,1.42.89,33779
2026-09-12,1.42.90,27545
2026-09-12,1.42.91,37045
2026-09-12,1.42.92,26999
2026-09-12,1.42.93,26785
2026-09-12,1.42.94,27974
2026-09-12,1.42.95,28079
2026-09-12,1.42.96,30784
2026-09-12,1.42.97,3319056
2026-09-12,1.43.0,73230
2026-09-12,1.43.1,7867
2026-09-12,1.43.10,7608
2026-09-12,1.43.11,7021
2026-09-12,1.43.12,7224
2026-09-12,1.43.13,12666
2026-09-12,1.43.14,24902
2026-09-12,1.43.15,6342
2026-09-12,1.43.16,21268
2026-09-12,1.43.17,6632
2026-09-12,1.43.18,17431
2026-09-12,1.43.19,8595
2026-09-12,1.43.2,12031
2026-09-12,1.43.20,4459
2026-09-12,1.43.21,8162
2026-09-12,1.43.22,8257
2026-09-12,1.43.23,6324
2026-09-12,1.43.24,21238
2026-09-12,1.43.25,19826
2026-09-12,1.43.26,11698
2026-09-12,1.43.27,8324
2026-09-12,1.43.28,10084
2026-09-12,1.43.29,17573
2026-09-12,1.43.3,6300
2026-09-12,1.43.30,7025
2026-09-12,1.43.31,9922
2026-09-12,1.43.32,6967
2026-09-12,1.43.33,11621
2026-09-12,1.43.34,17563
2026-09-12,1.43.35,4031
2026-09-12,1.43.36,63456
2026-09-12,1.43.37,16541
2026-09-12,1.43.38,6527
2026-09-12,1.43.39,15016
2026-09-12,1.43.4,6874
2026-09-12,1.43.40,28929
2026-09-12,1.43.41,32894
2026-09-12,1.43.42,8742
2026-09-12,1.43.43,3761
2026-09-12,1.43.44,7890
2026-09-12,1.43.45,16363
2026-09-12,1.43.46,55756
2026-09-12,1.43.47,10570
2026-09-12,1.43.48,11682
2026-09-12,1.43.49,9445
2026-09-12,1.43.5,8312
2026-09-12,1.43.50,14081
2026-09-12,1.43.51,16826
2026-09-12,1.43.52,11538
2026-09-12,1.43.53,9082
2026-09-12,1.43.54,8398
2026-09-12,1.43.55,11253
2026-09-12,1.43.56,75597
2026-09-12,1.43.57,12639
2026-09-12,1.43.58,9735
2026-09-12,1.43.59,13027
2026-09-12,1.43.6,39266
2026-09-12,1.43.60,18978
2026-09-12,1.43.61,5950
2026-09-12,1.43.62,24699
2026-09-12,1.43.63,125919
2026-09-12,1.43.64,16876
2026-09-12,1.43.65,9704
2026-09-12,1.43.66,10600
2026-09-12,1.43.67,39017
2026-09-12,1.43.68,9380
2026-09-12,1.43.69,9179
2026-09-12,1.43.7,7204
2026-09-12,1.43.70,16723
2026-09-12,1.43.71,17869
2026-09-12,1.43.72,27987
2026-09-12,1.43.73,10517
2026-09-12,1.43.74,8691
2026-09-12,1.43.75,205976
2026-09-12,1.43.76,4731
2026-09-12,1.43.77,14511
2026-09-12,1.43.78,33889
2026-09-12,1.43.79,14906
2026-09-12,1.43.8,17838
2026-09-12,1.43.80,14231
2026-09-12,1.43.81,12428
2026-09-12,1.43.82,23016
2026-09-12,1.43.83,48964
2026-09-12,1.43.84,5622
2026-09-12,1.43.85,34081
2026-09-12,1.43.86,16355
2026-09-12,1.43.87,18189
2026-09-12,1.43.88,23706
2026-09-12,1.43.89,148223
2026-09-12,1.43.9,14733
2026-09-12,1.43.90,34259
2026-09-12,1.43.91,27242
2026-09-12,1.43.92,32829
2026-09-12,1.43.93,5123069
2026-09-12,~other,10149610
2026-09-13,1.42.81,27861
2026-09-13,1.42.82,36487
2026-09-13,1.42.83,32060
2026-09-13,1.42.84,30430
2026-09-13,1.42.85,29852
2026-09-13,1.42.86,24771
2026-09-13,1.42.87,24146
2026-09-13,1.42.88,29108
2026-09-13,1.42.89,33004
2026-09-13,1.42.90,27484
2026-09-13,1.42.91,35518
2026-09-13,1.42.92,26835
2026-09-13,1.42.93,27047
2026-09-13,1.42.94,25557
2026-09-13,1.42.95,29495
2026-09-13,1.42.96,31286
2026-09-13,1.42.97,3251445
2026-09-13,1.43.0,68949
2026-09-13,1.43.1,6183
2026-09-13,1.43.10,6085
2026-09-13,1.43.11,7448
2026-09-13,1.43.12,8070
2026-09-13,1.43.13,12191
2026-09-13,1.43.14,24100
2026-09-13,1.43.15,5930
2026-09-13,1.43.16,20415
2026-09-13,1.43.17,8309
2026-09-13,1.43.18,16054
2026-09-13,1.43.19,7812
2026-09-13,1.43.2,15534
2026-09-13,1.43.20,4846
2026-09-13,1.43.21,8067
2026-09-13,1.43.22,7756
2026-09-13,1.43.23,7907
2026-09-13,1.43.24,22271
2026-09-13,1.43.25,16436
2026-09-13,1.43.26,11878
2026-09-13,1.43.27,7516
2026-09-13,1.43.28,7311
2026-09-13,1.43.29,14563
2026-09-13,1.43.3,7611
2026-09-13,1.43.30,6764
2026-09-13,1.43.31,10278
2026-09-13,1.43.32,7049
2026-09-13,1.43.33,10861
2026-09-13,1.43.34,18664
2026-09-13,1.43.35,4999
2026-09-13,1.43.36,58099
2026-09-13,1.43.37,11276
2026-09-13,1.43.38,7374
2026-09-13,1.43.39,13332
2026-09-13,1.43.4,5854
2026-09-13,1.43.40,22100
2026-09-13,1.43.41,33472
2026-09-13,1.43.42,8902
2026-09-13,1.43.43,3983
2026-09-13,1.43.44,8874
2026-09-13,1.43.45,12104
2026-09-13,1.43.46,48356
2026-09-13,1.43.47,9736
2026-09-13,1.43.48,10328
2026-09-13,1.43.49,10291
2026-09-13,1.43.5,6900
2026-09-13,1.43.50,13703
2026-09-13,1.43.51,24296
2026-09-13,1.43.52,9006
2026-09-13,1.43.53,7661
2026-09-13,1.43.54,8811
2026-09-13,1.43.55,14415
2026-09-13,1.43.56,75150
2026-09-13,1.43.57,13287
2026-09-13,1.43.58,10865
2026-09-13,1.43.59,11207
2026-09-13,1.43.6,40913
2026-09-13,1.43.60,4800
2026-09-13,1.43.61,6466
2026-09-13,1.43.62,21347
2026-09-13,1.43.63,101459
2026-09-13,1.43.64,15836
2026-09-13,1.43.65,9140
2026-09-13,1.43.66,10582
2026-09-13,1.43.67,44921
2026-09-13,1.43.68,10376
2026-09-13,1.43.69,8028
2026-09-13,1.43.7,7394
2026-09-13,1.43.70,21635
2026-09-13,1.43.71,18626
2026-09-13,1.43.72,24499
2026-09-13,1.43.73,9942
2026-09-13,1.43.74,10683
2026-09-13,1.43.75,205126
2026-09-13,1.43.76,4982
2026-09-13,1.43.77,17826
2026-09-13,1.43.78,29627
2026-09-13,1.43.79,11932
2026-09-13,1.43.8,17697
2026-09-13,1.43.80,15531
2026-09-13,1.43.81,13774
2026-09-13,1.43.82,16260
2026-09-13,1.43.83,46459
2026-09-13,1.43.84,4698
2026-09-13,1.43.85,43222
2026-09-13,1.43.86,18632
2026-09-13,1.43.87,16909
2026-09-13,1.43.88,20258
2026-09-13,1.43.89,146229
2026-09-13,1.43.9,11586
2026-09-13,1.43.90,26861
2026-09-13,1.43.91,29837
2026-09-13,1.43.92,26734
2026-09-13,1.43.93,4843861
2026-09-13,~other,10067137
2026-09-14,1.42.81,31916
2026-09-14,1.42.82,35893
2026-09-14,1.42.83,38410
2026-09-14,1.42.84,61607
2026-09-14,1.42.85,40338
2026-09-14,1.42.86,28234
2026-09-14,1.42.87,26422
2026-09-14,1.42.88,37024
2026-09-14,1.42.89,54180
2026-09-14,1.42.90,39336
2026-09-14,1.42.91,58418
2026-09-14,1.42.92,30395
2026-09-14,1.42.93,36400
2026-09-14,1.42.94,31427
2026-09-14,1.42.95,34565
2026-09-14,1.42.96,45964
2026-09-14,1.42.97,3757086
2026-09-14,1.43.0,156830
2026-09-14,1.43.1,12153
2026-09-14,1.43.10,13236
2026-09-14,1.43.11,12317
2026-09-14,1.43.12,15900
2026-09-14,1.43.13,16936
2026-09-14,1.43.14,56466
2026-09-14,1.43.15,12076
2026-09-14,1.43.16,34064
2026-09-14,1.43.17,21269
2026-09-14,1.43.18,33840
2026-09-14,1.43.19,13543
2026-09-14,1.43.2,26547
2026-09-14,1.43.20,6317
2026-09-14,1.43.21,16879
2026-09-14,1.43.22,15952
2026-09-14,1.43.23,11228
2026-09-14,1.43.24,34647
2026-09-14,1.43.25,24948
2026-09-14,1.43.26,18699
2026-09-14,1.43.27,22468
2026-09-14,1.43.28,19883
2026-09-14,1.43.29,20707
2026-09-14,1.43.3,14970
2026-09-14,1.43.30,14284
2026-09-14,1.43.31,17976
2026-09-14,1.43.32,12014
2026-09-14,1.43.33,20813
2026-09-14,1.43.34,46018
2026-09-14,1.43.35,8123
2026-09-14,1.43.36,107626
2026-09-14,1.43.37,27079
2026-09-14,1.43.38,22576
2026-09-14,1.43.39,28776
2026-09-14,1.43.4,14060
2026-09-14,1.43.40,44418
2026-09-14,1.43.41,42870
2026-09-14,1.43.42,14527
2026-09-14,1.43.43,10047
2026-09-14,1.43.44,12789
2026-09-14,1.43.45,55012
2026-09-14,1.43.46,178209
2026-09-14,1.43.47,19979
2026-09-14,1.43.48,19447
2026-09-14,1.43.49,18399
2026-09-14,1.43.5,15727
2026-09-14,1.43.50,21099
2026-09-14,1.43.51,39994
2026-09-14,1.43.52,20989
2026-09-14,1.43.53,19819
2026-09-14,1.43.54,15216
2026-09-14,1.43.55,24395
2026-09-14,1.43.56,172926
2026-09-14,1.43.57,22550
2026-09-14,1.43.58,19381
2026-09-14,1.43.59,19740
2026-09-14,1.43.6,171067
2026-09-14,1.43.60,7494
2026-09-14,1.43.61,11674
2026-09-14,1.43.62,50143
2026-09-14,1.43.63,165751
2026-09-14,1.43.64,32105
2026-09-14,1.43.65,15958
2026-09-14,1.43.66,24412
2026-09-14,1.43.67,80818
2026-09-14,1.43.68,19646
2026-09-14,1.43.69,22724
2026-09-14,1.43.7,20097
2026-09-14,1.43.70,33732
2026-09-14,1.43.71,28094
2026-09-14,1.43.72,37461
2026-09-14,1.43.73,25805
2026-09-14,1.43.74,23493
2026-09-14,1.43.75,351819
2026-09-14,1.43.76,12735
2026-09-14,1.43.77,32811
2026-09-14,1.43.78,49099
2026-09-14,1.43.79,29100
2026-09-14,1.43.8,23475
2026-09-14,1.43.80,29268
2026-09-14,1.43.81,26311
2026-09-14,1.43.82,28924
2026-09-14,1.43.83,95585
2026-09-14,1.43.84,9683
2026-09-14,1.43.85,87982
2026-09-14,1.43.86,36801
2026-09-14,1.43.87,45857
2026-09-14,1.43.88,39492
2026-09-14,1.43.89,298812
2026-09-14,1.43.9,28713
2026-09-14,1.43.90,52468
2026-09-14,1.43.91,52690
2026-09-14,1.43.92,67214
2026-09-14,1.43.93,5995598
2026-09-14,1.43.94,1302124
2026-09-14,~other,14151991
2026-09-15,1.42.81,35071
2026-09-15,1.42.82,37830
2026-09-15,1.42.83,42459
2026-09-15,1.42.84,59294
2026-09-15,1.42.85,36522
2026-09-15,1.42.86,29598
2026-09-15,1.42.87,28286
2026-09-15,1.42.88,40442
2026-09-15,1.42.89,60036
2026-09-15,1.42.90,37250
2026-09-15,1.42.91,60447
2026-09-15,1.42.92,34891
2026-09-15,1.42.93,39206
2026-09-15,1.42.94,35188
2026-09-15,1.42.95,32361
2026-09-15,1.42.96,49225
2026-09-15,1.42.97,3856740
2026-09-15,1.43.0,179772
2026-09-15,1.43.1,14819
2026-09-15,1.43.10,14139
2026-09-15,1.43.11,14289
2026-09-15,1.43.12,15970
2026-09-15,1.43.13,19195
2026-09-15,1.43.14,65588
2026-09-15,1.43.15,14647
2026-09-15,1.43.16,34598
2026-09-15,1.43.17,14715
2026-09-15,1.43.18,37711
2026-09-15,1.43.19,13849
2026-09-15,1.43.2,26357
2026-09-15,1.43.20,6115
2026-09-15,1.43.21,14432
2026-09-15,1.43.22,18005
2026-09-15,1.43.23,12031
2026-09-15,1.43.24,36522
2026-09-15,1.43.25,23786
2026-09-15,1.43.26,21538
2026-09-15,1.43.27,24873
2026-09-15,1.43.28,22008
2026-09-15,1.43.29,22065
2026-09-15,1.43.3,17535
2026-09-15,1.43.30,17014
2026-09-15,1.43.31,20780
2026-09-15,1.43.32,13659
2026-09-15,1.43.33,20412
2026-09-15,1.43.34,48147
2026-09-15,1.43.35,8175
2026-09-15,1.43.36,104768
2026-09-15,1.43.37,28892
2026-09-15,1.43.38,19530
2026-09-15,1.43.39,30545
2026-09-15,1.43.4,15597
2026-09-15,1.43.40,58279
2026-09-15,1.43.41,44344
2026-09-15,1.43.42,16602
2026-09-15,1.43.43,11272
2026-09-15,1.43.44,14430
2026-09-15,1.43.45,54245
2026-09-15,1.43.46,192582
2026-09-15,1.43.47,25679
2026-09-15,1.43.48,22425
2026-09-15,1.43.49,22152
2026-09-15,1.43.5,20246
2026-09-15,1.43.50,21700
2026-09-15,1.43.51,30226
2026-09-15,1.43.52,25784
2026-09-15,1.43.53,20324
2026-09-15,1.43.54,16598
2026-09-15,1.43.55,28134
2026-09-15,1.43.56,181857
2026-09-15,1.43.57,24632
2026-09-15,1.43.58,21930
2026-09-15,1.43.59,21861
2026-09-15,1.43.6,202496
2026-09-15,1.43.60,8709
2026-09-15,1.43.61,11103
2026-09-15,1.43.62,53194
2026-09-15,1.43.63,252840
2026-09-15,1.43.64,33170
2026-09-15,1.43.65,19167
2026-09-15,1.43.66,25697
2026-09-15,1.43.67,89574
2026-09-15,1.43.68,19737
2026-09-15,1.43.69,33458
2026-09-15,1.43.7,20551
2026-09-15,1.43.70,35207
2026-09-15,1.43.71,31781
2026-09-15,1.43.72,43341
2026-09-15,1.43.73,29320
2026-09-15,1.43.74,26034
2026-09-15,1.43.75,424208
2026-09-15,1.43.76,9917
2026-09-15,1.43.77,30554
2026-09-15,1.43.78,58654
2026-09-15,1.43.79,29679
2026-09-15,1.43.8,24555
2026-09-15,1.43.80,29654
2026-09-15,1.43.81,25309
2026-09-15,1.43.82,34723
2026-09-15,1.43.83,90112
2026-09-15,1.43.84,10713
2026-09-15,1.43.85,71786
2026-09-15,1.43.86,41475
2026-09-15,1.43.87,53607
2026-09-15,1.43.88,37094
2026-09-15,1.43.89,266369
2026-09-15,1.43.9,34083
2026-09-15,1.43.90,51876
2026-09-15,1.43.91,72053
2026-09-15,1.43.92,52390
2026-09-15,1.43.93,233402
2026-09-15,1.43.94,6350710
2026-09-15,1.43.95,1450677
2026-09-15,~other,14798089
2026-09-16,1.42.81,33556
2026-09-16,1.42.82,38201
2026-09-16,1.42.83,41531
2026-09-16,1.42.84,56743
2026-09-16,1.42.85,34814
2026-09-16,1.42.86,31026
2026-09-16,1.42.87,26985
2026-09-16,1.42.88,40255
2026-09-16,1.42.89,58216
2026-09-16,1.42.90,41884
2026-09-16,1.42.91,64425
2026-09-16,1.42.92,32007
2026-09-16,1.42.93,37302
2026-09-16,1.42.94,32871
2026-09-16,1.42.95,33033
2026-09-16,1.42.96,48806
2026-09-16,1.42.97,3878029
2026-09-16,1.43.0,184394
2026-09-16,1.43.1,11658
2026-09-16,1.43.10,13282
2026-09-16,1.43.11,13501
2026-09-16,1.43.12,16412
2026-09-16,1.43.13,20776
2026-09-16,1.43.14,67937
2026-09-16,1.43.15,13647
2026-09-16,1.43.16,31123
2026-09-16,1.43.17,12231
2026-09-16,1.43.18,40824
2026-09-16,1.43.19,15760
2026-09-16,1.43.2,28146
2026-09-16,1.43.20,5286
2026-09-16,1.43.21,12509
2026-09-16,1.43.22,15851
2026-09-16,1.43.23,9306
2026-09-16,1.43.24,34953
2026-09-16,1.43.25,24619
2026-09-16,1.43.26,18487
2026-09-16,1.43.27,22042
2026-09-16,1.43.28,21784
2026-09-16,1.43.29,18807
2026-09-16,1.43.3,20813
2026-09-16,1.43.30,16013
2026-09-16,1.43.31,21684
2026-09-16,1.43.32,14075
2026-09-16,1.43.33,19305
2026-09-16,1.43.34,51491
2026-09-16,1.43.35,8122
2026-09-16,1.43.36,104052
2026-09-16,1.43.37,30199
2026-09-16,1.43.38,23846
2026-09-16,1.43.39,30156
2026-09-16,1.43.4,16143
2026-09-16,1.43.40,54058
2026-09-16,1.43.41,43975
2026-09-16,1.43.42,16492
2026-09-16,1.43.43,6655
2026-09-16,1.43.44,13562
2026-09-16,1.43.45,54370
2026-09-16,1.43.46,178348
2026-09-16,1.43.47,21185
2026-09-16,1.43.48,20522
2026-09-16,1.43.49,24225
2026-09-16,1.43.5,19567
2026-09-16,1.43.50,20315
2026-09-16,1.43.51,30458
2026-09-16,1.43.52,23120
2026-09-16,1.43.53,21083
2026-09-16,1.43.54,18136
2026-09-16,1.43.55,24337
2026-09-16,1.43.56,180052
2026-09-16,1.43.57,21276
2026-09-16,1.43.58,23186
2026-09-16,1.43.59,20230
2026-09-16,1.43.6,179644
2026-09-16,1.43.60,8412
2026-09-16,1.43.61,10812
2026-09-16,1.43.62,53120
2026-09-16,1.43.63,373448
2026-09-16,1.43.64,32335
2026-09-16,1.43.65,17924
2026-09-16,1.43.66,23123
2026-09-16,1.43.67,97766
2026-09-16,1.43.68,18074
2026-09-16,1.43.69,24741
2026-09-16,1.43.7,21989
2026-09-16,1.43.70,28294
2026-09-16,1.43.71,25576
2026-09-16,1.43.72,45524
2026-09-16,1.43.73,26866
2026-09-16,1.43.74,22791
2026-09-16,1.43.75,429418
2026-09-16,1.43.76,9140
2026-09-16,1.43.77,25875
2026-09-16,1.43.78,59204
2026-09-16,1.43.79,27167
2026-09-16,1.43.8,25153
2026-09-16,1.43.80,26675
2026-09-16,1.43.81,25747
2026-09-16,1.43.82,34611
2026-09-16,1.43.83,81371
2026-09-16,1.43.84,8562
2026-09-16,1.43.85,66671
2026-09-16,1.43.86,42750
2026-09-16,1.43.87,39545
2026-09-16,1.43.88,31814
2026-09-16,1.43.89,180417
2026-09-16,1.43.9,31421
2026-09-16,1.43.90,108020
2026-09-16,1.43.91,76391
2026-09-16,1.43.92,46040
2026-09-16,1.43.93,236966
2026-09-16,1.43.94,85451
2026-09-16,1.43.95,6174111
2026-09-16,1.43.96,1179494
2026-09-16,~other,14565641
2026-09-17,1.42.81,34628
2026-09-17,1.42.82,34227
2026-09-17,1.42.83,38856
2026-09-17,1.42.84,53551
2026-09-17,1.42.85,34943
2026-09-17,1.42.86,26461
2026-09-17,1.42.87,24735
2026-09-17,1.42.88,37548
2026-09-17,1.42.89,53374
2026-09-17,1.42.90,39327
2026-09-17,1.42.91,57880
2026-09-17,1.42.92,30495
2026-09-17,1.42.93,35007
2026-09-17,1.42.94,32041
2026-09-17,1.42.95,31215
2026-09-17,1.42.96,46507
2026-09-17,1.42.97,3687377
2026-09-17,1.43.0,188816
2026-09-17,1.43.1,11523
2026-09-17,1.43.10,15492
2026-09-17,1.43.11,18920
2026-09-17,1.43.12,15428
2026-09-17,1.43.13,23514
2026-09-17,1.43.14,125189
2026-09-17,1.43.15,16029
2026-09-17,1.43.16,30696
2026-09-17,1.43.17,12843
2026-09-17,1.43.18,35965
2026-09-17,1.43.19,16720
2026-09-17,1.43.2,26289
2026-09-17,1.43.20,5872
2026-09-17,1.43.21,12288
2026-09-17,1.43.22,17210
2026-09-17,1.43.23,10708
2026-09-17,1.43.24,33492
2026-09-17,1.43.25,23484
2026-09-17,1.43.26,17462
2026-09-17,1.43.27,20432
2026-09-17,1.43.28,21273
2026-09-17,1.43.29,18784
2026-09-17,1.43.3,18415
2026-09-17,1.43.30,16357
2026-09-17,1.43.31,20223
2026-09-17,1.43.32,14939
2026-09-17,1.43.33,20412
2026-09-17,1.43.34,56514
2026-09-17,1.43.35,7799
2026-09-17,1.43.36,101042
2026-09-17,1.43.37,27908
2026-09-17,1.43.38,21817
2026-09-17,1.43.39,32508
2026-09-17,1.43.4,16437
2026-09-17,1.43.40,53309
2026-09-17,1.43.41,43693
2026-09-17,1.43.42,16579
2026-09-17,1.43.43,7244
2026-09-17,1.43.44,13630
2026-09-17,1.43.45,55862
2026-09-17,1.43.46,150623
2026-09-17,1.43.47,21370
2026-09-17,1.43.48,19723
2026-09-17,1.43.49,22477
2026-09-17,1.43.5,17330
2026-09-17,1.43.50,18208
2026-09-17,1.43.51,25771
2026-09-17,1.43.52,24830
2026-09-17,1.43.53,20782
2026-09-17,1.43.54,16703
2026-09-17,1.43.55,24379
2026-09-17,1.43.56,174511
2026-09-17,1.43.57,21297
2026-09-17,1.43.58,24169
2026-09-17,1.43.59,21460
2026-09-17,1.43.6,193979
2026-09-17,1.43.60,8090
2026-09-17,1.43.61,10716
2026-09-17,1.43.62,50359
2026-09-17,1.43.63,354910
2026-09-17,1.43.64,30920
2026-09-17,1.43.65,18089
2026-09-17,1.43.66,20306
2026-09-17,1.43.67,125134
2026-09-17,1.43.68,17550
2026-09-17,1.43.69,19283
2026-09-17,1.43.7,22122
2026-09-17,1.43.70,26247
2026-09-17,1.43.71,26585
2026-09-17,1.43.72,61546
2026-09-17,1.43.73,25322
2026-09-17,1.43.74,20049
2026-09-17,1.43.75,444218
2026-09-17,1.43.76,9995
2026-09-17,1.43.77,24620
2026-09-17,1.43.78,56389
2026-09-17,1.43.79,26077
2026-09-17,1.43.8,24887
2026-09-17,1.43.80,26036
2026-09-17,1.43.81,26039
2026-09-17,1.43.82,28383
2026-09-17,1.43.83,68029
2026-09-17,1.43.84,8403
2026-09-17,1.43.85,59202
2026-09-17,1.43.86,36261
2026-09-17,1.43.87,45791
2026-09-17,1.43.88,34188
2026-09-17,1.43.89,151171
2026-09-17,1.43.9,32961
2026-09-17,1.43.90,46280
2026-09-17,1.43.91,131865
2026-09-17,1.43.92,59097
2026-09-17,1.43.93,230619
2026-09-17,1.43.94,76604
2026-09-17,1.43.95,91531
2026-09-17,1.43.96,6041697
2026-09-17,1.43.97,1463662
2026-09-17,~other,14250764
2026-09-18,1.42.81,35279
2026-09-18,1.42.82,34526
2026-09-18,1.42.83,38575
2026-09-18,1.42.84,56057
2026-09-18,1.42.85,35573
2026-09-18,1.42.86,27759
2026-09-18,1.42.87,26612
2026-09-18,1.42.88,37673
2026-09-18,1.42.89,49412
2026-09-18,1.42.90,37847
2026-09-18,1.42.91,53873
2026-09-18,1.42.92,32467
2026-09-18,1.42.93,35443
2026-09-18,1.42.94,32680
2026-09-18,1.42.95,35179
2026-09-18,1.42.96,43657
2026-09-18,1.42.97,3610236
2026-09-18,1.43.0,147548
2026-09-18,1.43.1,11864
2026-09-18,1.43.10,12418
2026-09-18,1.43.11,13246
2026-09-18,1.43.12,15774
2026-09-18,1.43.13,22058
2026-09-18,1.43.14,177453
2026-09-18,1.43.15,13913
2026-09-18,1.43.16,30004
2026-09-18,1.43.17,10950
2026-09-18,1.43.18,30928
2026-09-18,1.43.19,15867
2026-09-18,1.43.2,21722
2026-09-18,1.43.20,5812
2026-09-18,1.43.21,10314
2026-09-18,1.43.22,16333
2026-09-18,1.43.23,10434
2026-09-18,1.43.24,26815
2026-09-18,1.43.25,21129
2026-09-18,1.43.26,19122
2026-09-18,1.43.27,22199
2026-09-18,1.43.28,19623
2026-09-18,1.43.29,20002
2026-09-18,1.43.3,18877
2026-09-18,1.43.30,15475
2026-09-18,1.43.31,16078
2026-09-18,1.43.32,13770
2026-09-18,1.43.33,18760
2026-09-18,1.43.34,60882
2026-09-18,1.43.35,6777
2026-09-18,1.43.36,96037
2026-09-18,1.43.37,25826
2026-09-18,1.43.38,30454
2026-09-18,1.43.39,32364
2026-09-18,1.43.4,13756
2026-09-18,1.43.40,43237
2026-09-18,1.43.41,40376
2026-09-18,1.43.42,16765
2026-09-18,1.43.43,5142
2026-09-18,1.43.44,12799
2026-09-18,1.43.45,47212
2026-09-18,1.43.46,137054
2026-09-18,1.43.47,19003
2026-09-18,1.43.48,18929
2026-09-18,1.43.49,19367
2026-09-18,1.43.5,14677
2026-09-18,1.43.50,17045
2026-09-18,1.43.51,25854
2026-09-18,1.43.52,25267
2026-09-18,1.43.53,18236
2026-09-18,1.43.54,14166
2026-09-18,1.43.55,25692
2026-09-18,1.43.56,136876
2026-09-18,1.43.57,21107
2026-09-18,1.43.58,20141
2026-09-18,1.43.59,20332
2026-09-18,1.43.6,147084
2026-09-18,1.43.60,8191
2026-09-18,1.43.61,10666
2026-09-18,1.43.62,49924
2026-09-18,1.43.63,260693
2026-09-18,1.43.64,26824
2026-09-18,1.43.65,16574
2026-09-18,1.43.66,19587
2026-09-18,1.43.67,92891
2026-09-18,1.43.68,16959
2026-09-18,1.43.69,18446
2026-09-18,1.43.7,20026
2026-09-18,1.43.70,25646
2026-09-18,1.43.71,25041
2026-09-18,1.43.72,53605
2026-09-18,1.43.73,24722
2026-09-18,1.43.74,19466
2026-09-18,1.43.75,453443
2026-09-18,1.43.76,8987
2026-09-18,1.43.77,28243
2026-09-18,1.43.78,51337
2026-09-18,1.43.79,22099
2026-09-18,1.43.8,25847
2026-09-18,1.43.80,24131
2026-09-18,1.43.81,24122
2026-09-18,1.43.82,27079
2026-09-18,1.43.83,72855
2026-09-18,1.43.84,8383
2026-09-18,1.43.85,47179
2026-09-18,1.43.86,28331
2026-09-18,1.43.87,31723
2026-09-18,1.43.88,34469
2026-09-18,1.43.89,142684
2026-09-18,1.43.9,30944
2026-09-18,1.43.90,36572
2026-09-18,1.43.91,50718
2026-09-18,1.43.92,98795
2026-09-18,1.43.93,215668
2026-09-18,1.43.94,81054
2026-09-18,1.43.95,76199
2026-09-18,1.43.96,76070
2026-09-18,1.43.97,6564939
2026-09-18,1.43.98,1108946
2026-09-18,~other,14139872
2026-09-19,1.42.81,27074
2026-09-19,1.42.82,30063
2026-09-19,1.42.83,31174
2026-09-19,1.42.84,30202
2026-09-19,1.42.85,24758
2026-09-19,1.42.86,23132
2026-09-19,1.42.87,21831
2026-09-19,1.42.88,27130
2026-09-19,1.42.89,31773
2026-09-19,1.42.90,24772
2026-09-19,1.42.91,33368
2026-09-19,1.42.92,24312
2026-09-19,1.42.93,23412
2026-09-19,1.42.94,23191
2026-09-19,1.42.95,28001
2026-09-19,1.42.96,29491
2026-09-19,1.42.97,3200013
2026-09-19,1.43.0,75244
2026-09-19,1.43.1,6509
2026-09-19,1.43.10,7363
2026-09-19,1.43.11,8843
2026-09-19,1.43.12,7781
2026-09-19,1.43.13,14717
2026-09-19,1.43.14,114957
2026-09-19,1.43.15,6108
2026-09-19,1.43.16,18473
2026-09-19,1.43.17,6176
2026-09-19,1.43.18,15554
2026-09-19,1.43.19,6783
2026-09-19,1.43.2,15614
2026-09-19,1.43.20,3578
2026-09-19,1.43.21,6136
2026-09-19,1.43.22,6547
2026-09-19,1.43.23,5519
2026-09-19,1.43.24,19913
2026-09-19,1.43.25,9991
2026-09-19,1.43.26,11390
2026-09-19,1.43.27,7880
2026-09-19,1.43.28,9479
2026-09-19,1.43.29,14587
2026-09-19,1.43.3,7896
2026-09-19,1.43.30,6575
2026-09-19,1.43.31,10069
2026-09-19,1.43.32,5109
2026-09-19,1.43.33,9105
2026-09-19,1.43.34,18429
2026-09-19,1.43.35,4003
2026-09-19,1.43.36,57124
2026-09-19,1.43.37,12298
2026-09-19,1.43.38,6401
2026-09-19,1.43.39,15042
2026-09-19,1.43.4,6393
2026-09-19,1.43.40,22724
2026-09-19,1.43.41,29666
2026-09-19,1.43.42,8544
2026-09-19,1.43.43,3312
2026-09-19,1.43.44,7817
2026-09-19,1.43.45,14986
2026-09-19,1.43.46,44763
2026-09-19,1.43.47,7027
2026-09-19,1.43.48,8561
2026-09-19,1.43.49,8957
2026-09-19,1.43.5,8687
2026-09-19,1.43.50,10923
2026-09-19,1.43.51,14773
2026-09-19,1.43.52,13701
2026-09-19,1.43.53,8336
2026-09-19,1.43.54,7157
2026-09-19,1.43.55,13755
2026-09-19,1.43.56,56542
2026-09-19,1.43.57,9372
2026-09-19,1.43.58,9760
2026-09-19,1.43.59,11833
2026-09-19,1.43.6,43497
2026-09-19,1.43.60,5495
2026-09-19,1.43.61,5925
2026-09-19,1.43.62,24143
2026-09-19,1.43.63,104324
2026-09-19,1.43.64,13958
2026-09-19,1.43.65,8461
2026-09-19,1.43.66,8632
2026-09-19,1.43.67,25338
2026-09-19,1.43.68,8306
2026-09-19,1.43.69,7978
2026-09-19,1.43.7,6672
2026-09-19,1.43.70,16073
2026-09-19,1.43.71,16270
2026-09-19,1.43.72,38091
2026-09-19,1.43.73,10182
2026-09-19,1.43.74,9844
2026-09-19,1.43.75,258216
2026-09-19,1.43.76,4413
2026-09-19,1.43.77,11879
2026-09-19,1.43.78,32292
2026-09-19,1.43.79,9076
2026-09-19,1.43.8,18932
2026-09-19,1.43.80,14402
2026-09-19,1.43.81,11985
2026-09-19,1.43.82,13640
2026-09-19,1.43.83,33568
2026-09-19,1.43.84,4534
2026-09-19,1.43.85,28111
2026-09-19,1.43.86,12336
2026-09-19,1.43.87,13441
2026-09-19,1.43.88,14911
2026-09-19,1.43.89,70456
2026-09-19,1.43.9,13402
2026-09-19,1.43.90,17729
2026-09-19,1.43.91,24292
2026-09-19,1.43.92,18333
2026-09-19,1.43.93,130164
2026-09-19,1.43.94,23857
2026-09-19,1.43.95,36744
2026-09-19,1.43.96,34048
2026-09-19,1.43.97,49286
2026-09-19,1.43.98,5145924
2026-09-19,~other,10687659
2026-09-20,1.42.81,27357
2026-09-20,1.42.82,29198
2026-09-20,1.42.83,28525
2026-09-20,1.42.84,29351
2026-09-20,1.42.85,24185
2026-09-20,1.42.86,22781
2026-09-20,1.42.87,22239
2026-09-20,1.42.88,26425
2026-09-20,1.42.89,32536
2026-09-20,1.42.90,24684
2026-09-20,1.42.91,34586
2026-09-20,1.42.92,23269
2026-09-20,1.42.93,22945
2026-09-20,1.42.94,22912
2026-09-20,1.42.95,27902
2026-09-20,1.42.96,29111
2026-09-20,1.42.97,2996496
2026-09-20,1.43.0,65181
2026-09-20,1.43.1,4801
2026-09-20,1.43.10,7832
2026-09-20,1.43.11,7141
2026-09-20,1.43.12,6533
2026-09-20,1.43.13,12574
2026-09-20,1.43.14,31527
2026-09-20,1.43.15,6042
2026-09-20,1.43.16,17629
2026-09-20,1.43.17,7343
2026-09-20,1.43.18,13433
2026-09-20,1.43.19,5067
2026-09-20,1.43.2,14529
2026-09-20,1.43.20,3262
2026-09-20,1.43.21,5342
2026-09-20,1.43.22,6853
2026-09-20,1.43.23,5489
2026-09-20,1.43.24,20521
2026-09-20,1.43.25,11027
2026-09-20,1.43.26,8423
2026-09-20,1.43.27,6562
2026-09-20,1.43.28,8285
2026-09-20,1.43.29,12786
2026-09-20,1.43.3,7035
2026-09-20,1.43.30,5508
2026-09-20,1.43.31,8552
2026-09-20,1.43.32,5695
2026-09-20,1.43.33,10812
2026-09-20,1.43.34,20105
2026-09-20,1.43.35,4649
2026-09-20,1.43.36,53005
2026-09-20,1.43.37,11480
2026-09-20,1.43.38,5484
2026-09-20,1.43.39,14562
2026-09-20,1.43.4,5445
2026-09-20,1.43.40,21550
2026-09-20,1.43.41,28640
2026-09-20,1.43.42,7488
2026-09-20,1.43.43,2991
2026-09-20,1.43.44,7965
2026-09-20,1.43.45,15427
2026-09-20,1.43.46,39358
2026-09-20,1.43.47,7783
2026-09-20,1.43.48,8513
2026-09-20,1.43.49,7671
2026-09-20,1.43.5,8239
2026-09-20,1.43.50,10131
2026-09-20,1.43.51,13647
2026-09-20,1.43.52,12115
2026-09-20,1.43.53,7345
2026-09-20,1.43.54,7013
2026-09-20,1.43.55,15690
2026-09-20,1.43.56,59549
2026-09-20,1.43.57,11330
2026-09-20,1.43.58,10308
2026-09-20,1.43.59,9092
2026-09-20,1.43.6,40761
2026-09-20,1.43.60,5406
2026-09-20,1.43.61,6749
2026-09-20,1.43.62,23073
2026-09-20,1.43.63,18413
2026-09-20,1.43.64,13608
2026-09-20,1.43.65,8906
2026-09-20,1.43.66,9334
2026-09-20,1.43.67,35476
2026-09-20,1.43.68,7407
2026-09-20,1.43.69,8130
2026-09-20,1.43.7,6701
2026-09-20,1.43.70,15466
2026-09-20,1.43.71,15824
2026-09-20,1.43.72,30112
2026-09-20,1.43.73,8890
2026-09-20,1.43.74,8216
2026-09-20,1.43.75,246793
2026-09-20,1.43.76,4241
2026-09-20,1.43.77,18207
2026-09-20,1.43.78,27423
2026-09-20,1.43.79,11851
2026-09-20,1.43.8,17701
2026-09-20,1.43.80,11291
2026-09-20,1.43.81,11280
2026-09-20,1.43.82,10985
2026-09-20,1.43.83,33165
2026-09-20,1.43.84,4659
2026-09-20,1.43.85,16097
2026-09-20,1.43.86,14960
2026-09-20,1.43.87,13202
2026-09-20,1.43.88,12217
2026-09-20,1.43.89,70758
2026-09-20,1.43.9,12540
2026-09-20,1.43.90,14735
2026-09-20,1.43.91,24869
2026-09-20,1.43.92,17597
2026-09-20,1.43.93,118584
2026-09-20,1.43.94,25238
2026-09-20,1.43.95,23147
2026-09-20,1.43.96,29597
2026-09-20,1.43.97,29515
2026-09-20,1.43.98,4677852
2026-09-20,~other,10030268
2026-09-21,1.42.81,34680
2026-09-21,1.42.82,34919
2026-09-21,1.42.83,39822
2026-09-21,1.42.84,53112
2026-09-21,1.42.85,39354
2026-09-21,1.42.86,28355
2026-09-21,1.42.87,27369
2026-09-21,1.42.88,37179
2026-09-21,1.42.89,51588
2026-09-21,1.42.90,35813
2026-09-21,1.42.91,51204
2026-09-21,1.42.92,33241
2026-09-21,1.42.93,34373
2026-09-21,1.42.94,32909
2026-09-21,1.42.95,34564
2026-09-21,1.42.96,45099
2026-09-21,1.42.97,3512388
2026-09-21,1.43.0,159031
2026-09-21,1.43.1,11099
2026-09-21,1.43.10,12217
2026-09-21,1.43.11,12378
2026-09-21,1.43.12,14869
2026-09-21,1.43.13,18861
2026-09-21,1.43.14,105681
2026-09-21,1.43.15,12594
2026-09-21,1.43.16,32365
2026-09-21,1.43.17,12112
2026-09-21,1.43.18,33402
2026-09-21,1.43.19,13306
2026-09-21,1.43.2,22963
2026-09-21,1.43.20,5498
2026-09-21,1.43.21,11670
2026-09-21,1.43.22,16683
2026-09-21,1.43.23,9967
2026-09-21,1.43.24,34448
2026-09-21,1.43.25,26031
2026-09-21,1.43.26,17301
2026-09-21,1.43.27,21063
2026-09-21,1.43.28,21529
2026-09-21,1.43.29,21273
2026-09-21,1.43.3,17458
2026-09-21,1.43.30,13762
2026-09-21,1.43.31,18656
2026-09-21,1.43.32,14293
2026-09-21,1.43.33,18442
2026-09-21,1.43.34,65548
2026-09-21,1.43.35,8671
2026-09-21,1.43.36,112089
2026-09-21,1.43.37,29011
2026-09-21,1.43.38,27725
2026-09-21,1.43.39,31164
2026-09-21,1.43.4,13518
2026-09-21,1.43.40,41688
2026-09-21,1.43.41,39169
2026-09-21,1.43.42,15686
2026-09-21,1.43.43,7317
2026-09-21,1.43.44,13632
2026-09-21,1.43.45,52286
2026-09-21,1.43.46,130837
2026-09-21,1.43.47,18423
2026-09-21,1.43.48,17989
2026-09-21,1.43.49,16329
2026-09-21,1.43.5,16255
2026-09-21,1.43.50,16396
2026-09-21,1.43.51,34410
2026-09-21,1.43.52,23921
2026-09-21,1.43.53,18663
2026-09-21,1.43.54,14507
2026-09-21,1.43.55,24698
2026-09-21,1.43.56,143890
2026-09-21,1.43.57,21331
2026-09-21,1.43.58,20044
2026-09-21,1.43.59,18342
2026-09-21,1.43.6,152061
2026-09-21,1.43.60,7486
2026-09-21,1.43.61,9808
2026-09-21,1.43.62,49785
2026-09-21,1.43.63,28313
2026-09-21,1.43.64,24532
2026-09-21,1.43.65,17841
2026-09-21,1.43.66,20902
2026-09-21,1.43.67,73543
2026-09-21,1.43.68,18836
2026-09-21,1.43.69,18642
2026-09-21,1.43.7,17587
2026-09-21,1.43.70,22641
2026-09-21,1.43.71,26326
2026-09-21,1.43.72,51274
2026-09-21,1.43.73,22422
2026-09-21,1.43.74,18762
2026-09-21,1.43.75,423981
2026-09-21,1.43.76,8831
2026-09-21,1.43.77,35843
2026-09-21,1.43.78,51642
2026-09-21,1.43.79,23607
2026-09-21,1.43.8,23341
2026-09-21,1.43.80,21849
2026-09-21,1.43.81,29081
2026-09-21,1.43.82,25681
2026-09-21,1.43.83,64676
2026-09-21,1.43.84,7963
2026-09-21,1.43.85,54512
2026-09-21,1.43.86,34729
2026-09-21,1.43.87,32042
2026-09-21,1.43.88,30482
2026-09-21,1.43.89,133429
2026-09-21,1.43.9,33007
2026-09-21,1.43.90,32649
2026-09-21,1.43.91,42751
2026-09-21,1.43.92,49946
2026-09-21,1.43.93,217758
2026-09-21,1.43.94,59841
2026-09-21,1.43.95,49876
2026-09-21,1.43.96,57842
2026-09-21,1.43.97,83811
2026-09-21,1.43.98,5699309
2026-09-21,1.43.99,1323176
2026-09-21,~other,13948600
2026-09-22,1.42.81,38097
2026-09-22,1.42.82,36019
2026-09-22,1.42.83,40389
2026-09-22,1.42.84,59175
2026-09-22,1.42.85,40078
2026-09-22,1.42.86,34341
2026-09-22,1.42.87,29440
2026-09-22,1.42.88,42747
2026-09-22,1.42.89,60557
2026-09-22,1.42.90,48165
2026-09-22,1.42.91,57728
2026-09-22,1.42.92,38576
2026-09-22,1.42.93,40668
2026-09-22,1.42.94,36534
2026-09-22,1.42.95,36797
2026-09-22,1.42.96,51731
2026-09-22,1.42.97,3679687
2026-09-22,1.43.0,174451
2026-09-22,1.43.1,11260
2026-09-22,1.43.10,14274
2026-09-22,1.43.100,1473315
2026-09-22,1.43.11,14454
2026-09-22,1.43.12,15172
2026-09-22,1.43.13,25064
2026-09-22,1.43.14,60413
2026-09-22,1.43.15,15187
2026-09-22,1.43.16,30382
2026-09-22,1.43.17,14461
2026-09-22,1.43.18,37140
2026-09-22,1.43.19,13600
2026-09-22,1.43.2,26249
2026-09-22,1.43.20,5536
2026-09-22,1.43.21,12934
2026-09-22,1.43.22,17514
2026-09-22,1.43.23,11819
2026-09-22,1.43.24,36453
2026-09-22,1.43.25,26774
2026-09-22,1.43.26,18875
2026-09-22,1.43.27,22990
2026-09-22,1.43.28,22665
2026-09-22,1.43.29,23744
2026-09-22,1.43.3,18669
2026-09-22,1.43.30,15723
2026-09-22,1.43.31,21215
2026-09-22,1.43.32,15414
2026-09-22,1.43.33,19559
2026-09-22,1.43.34,70425
2026-09-22,1.43.35,7558
2026-09-22,1.43.36,120335
2026-09-22,1.43.37,32255
2026-09-22,1.43.38,33392
2026-09-22,1.43.39,38255
2026-09-22,1.43.4,13862
2026-09-22,1.43.40,46029
2026-09-22,1.43.41,38143
2026-09-22,1.43.42,18018
2026-09-22,1.43.43,9870
2026-09-22,1.43.44,12712
2026-09-22,1.43.45,51555
2026-09-22,1.43.46,158230
2026-09-22,1.43.47,19690
2026-09-22,1.43.48,18497
2026-09-22,1.43.49,19692
2026-09-22,1.43.5,17174
2026-09-22,1.43.50,18580
2026-09-22,1.43.51,25609
2026-09-22,1.43.52,26380
2026-09-22,1.43.53,20324
2026-09-22,1.43.54,16186
2026-09-22,1.43.55,24973
2026-09-22,1.43.56,165442
2026-09-22,1.43.57,25924
2026-09-22,1.43.58,23899
2026-09-22,1.43.59,21608
2026-09-22,1.43.6,192876
2026-09-22,1.43.60,17355
2026-09-22,1.43.61,12620
2026-09-22,1.43.62,56199
2026-09-22,1.43.63,30293
2026-09-22,1.43.64,27151
2026-09-22,1.43.65,17097
2026-09-22,1.43.66,20971
2026-09-22,1.43.67,81234
2026-09-22,1.43.68,19593
2026-09-22,1.43.69,25448
2026-09-22,1.43.7,21700
2026-09-22,1.43.70,41358
2026-09-22,1.43.71,30949
2026-09-22,1.43.72,61488
2026-09-22,1.43.73,19504
2026-09-22,1.43.74,20307
2026-09-22,1.43.75,470877
2026-09-22,1.43.76,10010
2026-09-22,1.43.77,41440
2026-09-22,1.43.78,51438
2026-09-22,1.43.79,26590
2026-09-22,1.43.8,25137
2026-09-22,1.43.80,24961
2026-09-22,1.43.81,30126
2026-09-22,1.43.82,29222
2026-09-22,1.43.83,64493
2026-09-22,1.43.84,7902
2026-09-22,1.43.85,61304
2026-09-22,1.43.86,34226
2026-09-22,1.43.87,34161
2026-09-22,1.43.88,29955
2026-09-22,1.43.89,137848
2026-09-22,1.43.9,36225
2026-09-22,1.43.90,35723
2026-09-22,1.43.91,45318
2026-09-22,1.43.92,52648
2026-09-22,1.43.93,144634
2026-09-22,1.43.94,127245
2026-09-22,1.43.95,64846
2026-09-22,1.43.96,56957
2026-09-22,1.43.97,75725
2026-09-22,1.43.98,235548
2026-09-22,1.43.99,5932709
2026-09-22,~other,14736710
2026-09-23,1.42.81,38868
2026-09-23,1.42.82,34705
2026-09-23,1.42.83,43010
2026-09-23,1.42.84,61819
2026-09-23,1.42.85,37917
2026-09-23,1.42.86,32406
2026-09-23,1.42.87,28279
2026-09-23,1.42.88,43651
2026-09-23,1.42.89,58396
2026-09-23,1.42.90,51624
2026-09-23,1.42.91,58502
2026-09-23,1.42.92,34684
2026-09-23,1.42.93,38646
2026-09-23,1.42.94,34300
2026-09-23,1.42.95,38228
2026-09-23,1.42.96,48153
2026-09-23,1.42.97,3681918
2026-09-23,1.43.0,186968
2026-09-23,1.43.1,11619
2026-09-23,1.43.10,16609
2026-09-23,1.43.100,6010437
2026-09-23,1.43.101,1514356
2026-09-23,1.43.11,14513
2026-09-23,1.43.12,18359
2026-09-23,1.43.13,22359
2026-09-23,1.43.14,55889
2026-09-23,1.43.15,17892
2026-09-23,1.43.16,31601
2026-09-23,1.43.17,17099
2026-09-23,1.43.18,32424
2026-09-23,1.43.19,15503
2026-09-23,1.43.2,28253
2026-09-23,1.43.20,5957
2026-09-23,1.43.21,13347
2026-09-23,1.43.22,16826
2026-09-23,1.43.23,11875
2026-09-23,1.43.24,39209
2026-09-23,1.43.25,20128
2026-09-23,1.43.26,19780
2026-09-23,1.43.27,20450
2026-09-23,1.43.28,22067
2026-09-23,1.43.29,21418
2026-09-23,1.43.3,17032
2026-09-23,1.43.30,15954
2026-09-23,1.43.31,21603
2026-09-23,1.43.32,18263
2026-09-23,1.43.33,20723
2026-09-23,1.43.34,84355
2026-09-23,1.43.35,8061
2026-09-23,1.43.36,127536
2026-09-23,1.43.37,33340
2026-09-23,1.43.38,27729
2026-09-23,1.43.39,35390
2026-09-23,1.43.4,14157
2026-09-23,1.43.40,48427
2026-09-23,1.43.41,38190
2026-09-23,1.43.42,17444
2026-09-23,1.43.43,8619
2026-09-23,1.43.44,14080
2026-09-23,1.43.45,57467
2026-09-23,1.43.46,176945
2026-09-23,1.43.47,20740
2026-09-23,1.43.48,19662
2026-09-23,1.43.49,18057
2026-09-23,1.43.5,16343
2026-09-23,1.43.50,18089
2026-09-23,1.43.51,25874
2026-09-23,1.43.52,28066
2026-09-23,1.43.53,21983
2026-09-23,1.43.54,16536
2026-09-23,1.43.55,26520
2026-09-23,1.43.56,174560
2026-09-23,1.43.57,22942
2026-09-23,1.43.58,24679
2026-09-23,1.43.59,21554
2026-09-23,1.43.6,156719
2026-09-23,1.43.60,14641
2026-09-23,1.43.61,12158
2026-09-23,1.43.62,57450
2026-09-23,1.43.63,44396
2026-09-23,1.43.64,34951
2026-09-23,1.43.65,18721
2026-09-23,1.43.66,23294
2026-09-23,1.43.67,90100
2026-09-23,1.43.68,20348
2026-09-23,1.43.69,21908
2026-09-23,1.43.7,26110
2026-09-23,1.43.70,37703
2026-09-23,1.43.71,32434
2026-09-23,1.43.72,68091
2026-09-23,1.43.73,21325
2026-09-23,1.43.74,24224
2026-09-23,1.43.75,461912
2026-09-23,1.43.76,10001
2026-09-23,1.43.77,44750
2026-09-23,1.43.78,51094
2026-09-23,1.43.79,26386
2026-09-23,1.43.8,26205
2026-09-23,1.43.80,26380
2026-09-23,1.43.81,30883
2026-09-23,1.43.82,28747
2026-09-23,1.43.83,65418
2026-09-23,1.43.84,8523
2026-09-23,1.43.85,41210
2026-09-23,1.43.86,41429
2026-09-23,1.43.87,40391
2026-09-23,1.43.88,30286
2026-09-23,1.43.89,144127
2026-09-23,1.43.9,36343
2026-09-23,1.43.90,50083
2026-09-23,1.43.91,47784
2026-09-23,1.43.92,60706
2026-09-23,1.43.93,138642
2026-09-23,1.43.94,49132
2026-09-23,1.43.95,103693
2026-09-23,1.43.96,55983
2026-09-23,1.43.97,77181
2026-09-23,1.43.98,222331
2026-09-23,1.43.99,91682
2026-09-23,~other,14621254
2026-09-24,1.42.81,38131
2026-09-24,1.42.82,35341
2026-09-24,1.42.83,41490
2026-09-24,1.42.84,60121
2026-09-24,1.42.85,44058
2026-09-24,1.42.86,32162
2026-09-24,1.42.87,28497
2026-09-24,1.42.88,49734
2026-09-24,1.42.89,62230
2026-09-24,1.42.90,43845
2026-09-24,1.42.91,60815
2026-09-24,1.42.92,38170
2026-09-24,1.42.93,37496
2026-09-24,1.42.94,36657
2026-09-24,1.42.95,37091
2026-09-24,1.42.96,50470
2026-09-24,1.42.97,3898683
2026-09-24,1.43.0,174425
2026-09-24,1.43.1,13345
2026-09-24,1.43.10,14744
2026-09-24,1.43.100,86735
2026-09-24,1.43.101,6207483
2026-09-24,1.43.102,1603612
2026-09-24,1.43.11,13936
2026-09-24,1.43.12,16702
2026-09-24,1.43.13,22907
2026-09-24,1.43.14,68225
2026-09-24,1.43.15,16041
2026-09-24,1.43.16,30317
2026-09-24,1.43.17,14574
2026-09-24,1.43.18,31175
2026-09-24,1.43.19,15154
2026-09-24,1.43.2,24133
2026-09-24,1.43.20,6862
2026-09-24,1.43.21,14661
2026-09-24,1.43.22,17495
2026-09-24,1.43.23,11820
2026-09-24,1.43.24,33818
2026-09-24,1.43.25,21413
2026-09-24,1.43.26,20284
2026-09-24,1.43.27,22980
2026-09-24,1.43.28,21750
2026-09-24,1.43.29,23435
2026-09-24,1.43.3,17390
2026-09-24,1.43.30,17019
2026-09-24,1.43.31,21551
2026-09-24,1.43.32,17837
2026-09-24,1.43.33,22625
2026-09-24,1.43.34,82505
2026-09-24,1.43.35,6882
2026-09-24,1.43.36,113397
2026-09-24,1.43.37,27383
2026-09-24,1.43.38,26966
2026-09-24,1.43.39,36010
2026-09-24,1.43.4,16092
2026-09-24,1.43.40,43321
2026-09-24,1.43.41,40047
2026-09-24,1.43.42,16419
2026-09-24,1.43.43,7781
2026-09-24,1.43.44,14213
2026-09-24,1.43.45,55673
2026-09-24,1.43.46,181596
2026-09-24,1.43.47,17487
2026-09-24,1.43.48,18060
2026-09-24,1.43.49,19294
2026-09-24,1.43.5,19255
2026-09-24,1.43.50,19464
2026-09-24,1.43.51,26310
2026-09-24,1.43.52,30441
2026-09-24,1.43.53,22003
2026-09-24,1.43.54,18813
2026-09-24,1.43.55,23572
2026-09-24,1.43.56,161853
2026-09-24,1.43.57,24258
2026-09-24,1.43.58,23207
2026-09-24,1.43.59,19006
2026-09-24,1.43.6,171185
2026-09-24,1.43.60,6373
2026-09-24,1.43.61,13268
2026-09-24,1.43.62,56156
2026-09-24,1.43.63,58895
2026-09-24,1.43.64,38715
2026-09-24,1.43.65,18798
2026-09-24,1.43.66,23804
2026-09-24,1.43.67,77179
2026-09-24,1.43.68,17525
2026-09-24,1.43.69,22878
2026-09-24,1.43.7,21928
2026-09-24,1.43.70,36302
2026-09-24,1.43.71,32047
2026-09-24,1.43.72,76236
2026-09-24,1.43.73,20937
2026-09-24,1.43.74,28951
2026-09-24,1.43.75,449576
2026-09-24,1.43.76,8884
2026-09-24,1.43.77,30596
2026-09-24,1.43.78,48742
2026-09-24,1.43.79,27594
2026-09-24,1.43.8,24379
2026-09-24,1.43.80,25698
2026-09-24,1.43.81,31909
2026-09-24,1.43.82,28184
2026-09-24,1.43.83,75606
2026-09-24,1.43.84,7836
2026-09-24,1.43.85,33778
2026-09-24,1.43.86,43310
2026-09-24,1.43.87,39177
2026-09-24,1.43.88,32308
2026-09-24,1.43.89,169859
2026-09-24,1.43.9,32482
2026-09-24,1.43.90,42719
2026-09-24,1.43.91,52336
2026-09-24,1.43.92,52534
2026-09-24,1.43.93,141384
2026-09-24,1.43.94,42631
2026-09-24,1.43.95,49586
2026-09-24,1.43.96,109762
2026-09-24,1.43.97,99236
2026-09-24,1.43.98,238761
2026-09-24,1.43.99,92560
2026-09-24,~other,14834287
2026-09-25,1.42.81,33315
2026-09-25,1.42.82,33691
2026-09-25,1.42.83,39183
2026-09-25,1.42.84,54807
2026-09-25,1.42.85,42790
2026-09-25,1.42.86,28547
2026-09-25,1.42.87,26104
2026-09-25,1.42.88,39236
2026-09-25,1.42.89,51744
2026-09-25,1.42.90,41872
2026-09-25,1.42.91,53236
2026-09-25,1.42.92,32465
2026-09-25,1.42.93,37133
2026-09-25,1.42.94,35130
2026-09-25,1.42.95,33753
2026-09-25,1.42.96,47547
2026-09-25,1.42.97,3849511
2026-09-25,1.43.0,156239
2026-09-25,1.43.1,12138
2026-09-25,1.43.10,13322
2026-09-25,1.43.100,74222
2026-09-25,1.43.101,78871
2026-09-25,1.43.102,5657593
2026-09-25,1.43.103,1236789
2026-09-25,1.43.11,12689
2026-09-25,1.43.12,17317
2026-09-25,1.43.13,23744
2026-09-25,1.43.14,57364
2026-09-25,1.43.15,15909
2026-09-25,1.43.16,29619
2026-09-25,1.43.17,15809
2026-09-25,1.43.18,28953
2026-09-25,1.43.19,12057
2026-09-25,1.43.2,23237
2026-09-25,1.43.20,6046
2026-09-25,1.43.21,13746
2026-09-25,1.43.22,17022
2026-09-25,1.43.23,11549
2026-09-25,1.43.24,31757
2026-09-25,1.43.25,20854
2026-09-25,1.43.26,16480
2026-09-25,1.43.27,19010
2026-09-25,1.43.28,20221
2026-09-25,1.43.29,22218
2026-09-25,1.43.3,17012
2026-09-25,1.43.30,13927
2026-09-25,1.43.31,17952
2026-09-25,1.43.32,14796
2026-09-25,1.43.33,20692
2026-09-25,1.43.34,65513
2026-09-25,1.43.35,6124
2026-09-25,1.43.36,125132
2026-09-25,1.43.37,25340
2026-09-25,1.43.38,33478
2026-09-25,1.43.39,35263
2026-09-25,1.43.4,13473
2026-09-25,1.43.40,46394
2026-09-25,1.43.41,38670
2026-09-25,1.43.42,14705
2026-09-25,1.43.43,7549
2026-09-25,1.43.44,11379
2026-09-25,1.43.45,51559
2026-09-25,1.43.46,131656
2026-09-25,1.43.47,14953
2026-09-25,1.43.48,18449
2026-09-25,1.43.49,16814
2026-09-25,1.43.5,19235
2026-09-25,1.43.50,18543
2026-09-25,1.43.51,24606
2026-09-25,1.43.52,24118
2026-09-25,1.43.53,19864
2026-09-25,1.43.54,18889
2026-09-25,1.43.55,29856
2026-09-25,1.43.56,140230
2026-09-25,1.43.57,23975
2026-09-25,1.43.58,24789
2026-09-25,1.43.59,18832
2026-09-25,1.43.6,87891
2026-09-25,1.43.60,5730
2026-09-25,1.43.61,10771
2026-09-25,1.43.62,45558
2026-09-25,1.43.63,72893
2026-09-25,1.43.64,34636
2026-09-25,1.43.65,17234
2026-09-25,1.43.66,20456
2026-09-25,1.43.67,61138
2026-09-25,1.43.68,16846
2026-09-25,1.43.69,17548
2026-09-25,1.43.7,18960
2026-09-25,1.43.70,29895
2026-09-25,1.43.71,29984
2026-09-25,1.43.72,59163
2026-09-25,1.43.73,18287
2026-09-25,1.43.74,31682
2026-09-25,1.43.75,450801
2026-09-25,1.43.76,9370
2026-09-25,1.43.77,34365
2026-09-25,1.43.78,42264
2026-09-25,1.43.79,25897
2026-09-25,1.43.8,23160
2026-09-25,1.43.80,23326
2026-09-25,1.43.81,27899
2026-09-25,1.43.82,26128
2026-09-25,1.43.83,66181
2026-09-25,1.43.84,9200
2026-09-25,1.43.85,30163
2026-09-25,1.43.86,34918
2026-09-25,1.43.87,31851
2026-09-25,1.43.88,30569
2026-09-25,1.43.89,146319
2026-09-25,1.43.9,30852
2026-09-25,1.43.90,35616
2026-09-25,1.43.91,41128
2026-09-25,1.43.92,50037
2026-09-25,1.43.93,131621
2026-09-25,1.43.94,39460
2026-09-25,1.43.95,43052
2026-09-25,1.43.96,50240
2026-09-25,1.43.97,172706
2026-09-25,1.43.98,199515
2026-09-25,1.43.99,94316
2026-09-25,~other,13732662
2026-09-26,1.42.81,26510
2026-09-26,1.42.82,31158
2026-09-26,1.42.83,34560
2026-09-26,1.42.84,30082
2026-09-26,1.42.85,28147
2026-09-26,1.42.86,23370
2026-09-26,1.42.87,23004
2026-09-26,1.42.88,26199
2026-09-26,1.42.89,32791
2026-09-26,1.42.90,29046
2026-09-26,1.42.91,39293
2026-09-26,1.42.92,24613
2026-09-26,1.42.93,26471
2026-09-26,1.42.94,25747
2026-09-26,1.42.95,26945
2026-09-26,1.42.96,33424
2026-09-26,1.42.97,3312030
2026-09-26,1.43.0,64517
2026-09-26,1.43.1,5666
2026-09-26,1.43.10,8531
2026-09-26,1.43.100,45622
2026-09-26,1.43.101,43425
2026-09-26,1.43.102,61264
2026-09-26,1.43.103,4965976
2026-09-26,1.43.11,7519
2026-09-26,1.43.12,7298
2026-09-26,1.43.13,15879
2026-09-26,1.43.14,27420
2026-09-26,1.43.15,8665
2026-09-26,1.43.16,14197
2026-09-26,1.43.17,5140
2026-09-26,1.43.18,13780
2026-09-26,1.43.19,7221
2026-09-26,1.43.2,14631
2026-09-26,1.43.20,3950
2026-09-26,1.43.21,11636
2026-09-26,1.43.22,8230
2026-09-26,1.43.23,6157
2026-09-26,1.43.24,23275
2026-09-26,1.43.25,10316
2026-09-26,1.43.26,10350
2026-09-26,1.43.27,10716
2026-09-26,1.43.28,9850
2026-09-26,1.43.29,12047
2026-09-26,1.43.3,6924
2026-09-26,1.43.30,9066
2026-09-26,1.43.31,9973
2026-09-26,1.43.32,7596
2026-09-26,1.43.33,11867
2026-09-26,1.43.34,19079
2026-09-26,1.43.35,3630
2026-09-26,1.43.36,68137
2026-09-26,1.43.37,16448
2026-09-26,1.43.38,6399
2026-09-26,1.43.39,14102
2026-09-26,1.43.4,6621
2026-09-26,1.43.40,21390
2026-09-26,1.43.41,34475
2026-09-26,1.43.42,8119
2026-09-26,1.43.43,4219
2026-09-26,1.43.44,7154
2026-09-26,1.43.45,12996
2026-09-26,1.43.46,51182
2026-09-26,1.43.47,6747
2026-09-26,1.43.48,9542
2026-09-26,1.43.49,9084
2026-09-26,1.43.5,10128
2026-09-26,1.43.50,14889
2026-09-26,1.43.51,15278
2026-09-26,1.43.52,15074
2026-09-26,1.43.53,8864
2026-09-26,1.43.54,9804
2026-09-26,1.43.55,21727
2026-09-26,1.43.56,61063
2026-09-26,1.43.57,12963
2026-09-26,1.43.58,10098
2026-09-26,1.43.59,10961
2026-09-26,1.43.6,49069
2026-09-26,1.43.60,3967
2026-09-26,1.43.61,6804
2026-09-26,1.43.62,22779
2026-09-26,1.43.63,51772
2026-09-26,1.43.64,20169
2026-09-26,1.43.65,10100
2026-09-26,1.43.66,10405
2026-09-26,1.43.67,23932
2026-09-26,1.43.68,9329
2026-09-26,1.43.69,8228
2026-09-26,1.43.7,7301
2026-09-26,1.43.70,33880
2026-09-26,1.43.71,16573
2026-09-26,1.43.72,37471
2026-09-26,1.43.73,10206
2026-09-26,1.43.74,10251
2026-09-26,1.43.75,293816
2026-09-26,1.43.76,4122
2026-09-26,1.43.77,12630
2026-09-26,1.43.78,21758
2026-09-26,1.43.79,10576
2026-09-26,1.43.8,18370
2026-09-26,1.43.80,12626
2026-09-26,1.43.81,12092
2026-09-26,1.43.82,14658
2026-09-26,1.43.83,39244
2026-09-26,1.43.84,5473
2026-09-26,1.43.85,15257
2026-09-26,1.43.86,16887
2026-09-26,1.43.87,13644
2026-09-26,1.43.88,14161
2026-09-26,1.43.89,74551
2026-09-26,1.43.9,19059
2026-09-26,1.43.90,16390
2026-09-26,1.43.91,22507
2026-09-26,1.43.92,17562
2026-09-26,1.43.93,90501
2026-09-26,1.43.94,19651
2026-09-26,1.43.95,18679
2026-09-26,1.43.96,23169
2026-09-26,1.43.97,73579
2026-09-26,1.43.98,104232
2026-09-26,1.43.99,42544
2026-09-26,~other,10257238
2026-09-27,1.42.81,27001
2026-09-27,1.42.82,31009
2026-09-27,1.42.83,28651
2026-09-27,1.42.84,28009
2026-09-27,1.42.85,28672
2026-09-27,1.42.86,23837
2026-09-27,1.42.87,23059
2026-09-27,1.42.88,27664
2026-09-27,1.42.89,34622
2026-09-27,1.42.90,29869
2026-09-27,1.42.91,39482
2026-09-27,1.42.92,26518
2026-09-27,1.42.93,29502
2026-09-27,1.42.94,26009
2026-09-27,1.42.95,29217
2026-09-27,1.42.96,32858
2026-09-27,1.42.97,3393939
2026-09-27,1.43.0,73885
2026-09-27,1.43.1,4778
2026-09-27,1.43.10,10521
2026-09-27,1.43.100,44023
2026-09-27,1.43.101,46192
2026-09-27,1.43.102,50304
2026-09-27,1.43.103,5077701
2026-09-27,1.43.11,6390
2026-09-27,1.43.12,8739
2026-09-27,1.43.13,16034
2026-09-27,1.43.14,30057
2026-09-27,1.43.15,8560
2026-09-27,1.43.16,21200
2026-09-27,1.43.17,8725
2026-09-27,1.43.18,15409
2026-09-27,1.43.19,6015
2026-09-27,1.43.2,18484
2026-09-27,1.43.20,3623
2026-09-27,1.43.21,9922
2026-09-27,1.43.22,7667
2026-09-27,1.43.23,5454
2026-09-27,1.43.24,21272
2026-09-27,1.43.25,10215
2026-09-27,1.43.26,9464
2026-09-27,1.43.27,7752
2026-09-27,1.43.28,10115
2026-09-27,1.43.29,11316
2026-09-27,1.43.3,7770
2026-09-27,1.43.30,7096
2026-09-27,1.43.31,10929
2026-09-27,1.43.32,6590
2026-09-27,1.43.33,9901
2026-09-27,1.43.34,21076
2026-09-27,1.43.35,4019
2026-09-27,1.43.36,72036
2026-09-27,1.43.37,18223
2026-09-27,1.43.38,6182
2026-09-27,1.43.39,13135
2026-09-27,1.43.4,4828
2026-09-27,1.43.40,25864
2026-09-27,1.43.41,30896
2026-09-27,1.43.42,8872
2026-09-27,1.43.43,4233
2026-09-27,1.43.44,6449
2026-09-27,1.43.45,11619
2026-09-27,1.43.46,49970
2026-09-27,1.43.47,7487
2026-09-27,1.43.48,9623
2026-09-27,1.43.49,10527
2026-09-27,1.43.5,8734
2026-09-27,1.43.50,14506
2026-09-27,1.43.51,16583
2026-09-27,1.43.52,13708
2026-09-27,1.43.53,7991
2026-09-27,1.43.54,12148
2026-09-27,1.43.55,41573
2026-09-27,1.43.56,82827
2026-09-27,1.43.57,13380
2026-09-27,1.43.58,10676
2026-09-27,1.43.59,10007
2026-09-27,1.43.6,45076
2026-09-27,1.43.60,3305
2026-09-27,1.43.61,5951
2026-09-27,1.43.62,21103
2026-09-27,1.43.63,25090
2026-09-27,1.43.64,17737
2026-09-27,1.43.65,11497
2026-09-27,1.43.66,12244
2026-09-27,1.43.67,33844
2026-09-27,1.43.68,9807
2026-09-27,1.43.69,8380
2026-09-27,1.43.7,6737
2026-09-27,1.43.70,38710
2026-09-27,1.43.71,14494
2026-09-27,1.43.72,33351
2026-09-27,1.43.73,10200
2026-09-27,1.43.74,9056
2026-09-27,1.43.75,299161
2026-09-27,1.43.76,4344
2026-09-27,1.43.77,17840
2026-09-27,1.43.78,22933
2026-09-27,1.43.79,10891
2026-09-27,1.43.8,17684
2026-09-27,1.43.80,11564
2026-09-27,1.43.81,16494
2026-09-27,1.43.82,12466
2026-09-27,1.43.83,29014
2026-09-27,1.43.84,4665
2026-09-27,1.43.85,15149
2026-09-27,1.43.86,32398
2026-09-27,1.43.87,13490
2026-09-27,1.43.88,13559
2026-09-27,1.43.89,76315
2026-09-27,1.43.9,16220
2026-09-27,1.43.90,16505
2026-09-27,1.43.91,22313
2026-09-27,1.43.92,16364
2026-09-27,1.43.93,87879
2026-09-27,1.43.94,19092
2026-09-27,1.43.95,14319
2026-09-27,1.43.96,20559
2026-09-27,1.43.97,83285
2026-09-27,1.43.98,104522
2026-09-27,1.43.99,36994
2026-09-27,~other,10411732
