date,version,n
2026-09-21,0.0.1,52
2026-09-21,0.0.10,9
2026-09-21,0.0.11,9
2026-09-21,0.0.12,8
2026-09-21,0.0.13,9
2026-09-21,0.0.14,19
2026-09-21,0.0.16,10
2026-09-21,0.0.17,8
2026-09-21,0.0.18,8
2026-09-21,0.0.19,7
2026-09-21,0.0.2,10
2026-09-21,0.0.20,7
2026-09-21,0.0.21,7
2026-09-21,0.0.22,8
2026-09-21,0.0.3,12
2026-09-21,0.0.4,10
2026-09-21,0.0.5,10
2026-09-21,0.0.6,7
2026-09-21,0.0.7,7
2026-09-21,0.0.8,7
2026-09-21,0.0.9,6
2026-09-21,1.0.0,10
2026-09-21,1.0.1,9
2026-09-21,1.1.0,6
2026-09-21,1.1.1,13
2026-09-21,1.1.2,7
2026-09-21,1.1.3,23
2026-09-21,1.1.4,36
2026-09-21,1.10.0,623
2026-09-21,1.10.1,356
2026-09-21,1.10.10,333
2026-09-21,1.10.11,326
2026-09-21,1.10.12,653
2026-09-21,1.10.13,330
2026-09-21,1.10.14,333
2026-09-21,1.10.15,327
2026-09-21,1.10.16,772
2026-09-21,1.10.17,327
2026-09-21,1.10.18,397
2026-09-21,1.10.19,331
2026-09-21,1.10.2,345
2026-09-21,1.10.20,340
2026-09-21,1.10.21,327
2026-09-21,1.10.22,325
2026-09-21,1.10.23,336
2026-09-21,1.10.24,323
2026-09-21,1.10.25,339
2026-09-21,1.10.26,326
2026-09-21,1.10.27,334
2026-09-21,1.10.28,383
2026-09-21,1.10.29,362
2026-09-21,1.10.3,331
2026-09-21,1.10.30,411
2026-09-21,1.10.31,325
2026-09-21,1.10.32,446
2026-09-21,1.10.33,355
2026-09-21,1.10.34,474
2026-09-21,1.10.35,330
2026-09-21,1.10.36,337
2026-09-21,1.10.37,322
2026-09-21,1.10.38,348
2026-09-21,1.10.39,393
2026-09-21,1.10.4,409
2026-09-21,1.10.40,326
2026-09-21,1.10.41,1020
2026-09-21,1.10.42,329
2026-09-21,1.10.43,335
2026-09-21,1.10.44,342
2026-09-21,1.10.45,1312
2026-09-21,1.10.46,337
2026-09-21,1.10.47,338
2026-09-21,1.10.48,415
2026-09-21,1.10.49,414
2026-09-21,1.10.5,330
2026-09-21,1.10.50,1468
2026-09-21,1.10.6,596
2026-09-21,1.10.7,332
2026-09-21,1.10.8,331
2026-09-21,1.10.9,347
2026-09-21,1.11.0,2484
2026-09-21,1.11.1,342
2026-09-21,1.11.10,366
2026-09-21,1.11.11,343
2026-09-21,1.11.12,379
2026-09-21,1.11.13,337
2026-09-21,1.11.14,332
2026-09-21,1.11.15,507
2026-09-21,1.11.16,440
2026-09-21,1.11.17,973
2026-09-21,1.11.2,333
2026-09-21,1.11.3,337
2026-09-21,1.11.4,334
2026-09-21,1.11.5,348
2026-09-21,1.11.6,354
2026-09-21,1.11.7,430
2026-09-21,1.11.8,328
2026-09-21,1.11.9,980
2026-09-21,1.12.0,838
2026-09-21,1.12.1,356
2026-09-21,1.12.10,328
2026-09-21,1.12.11,341
2026-09-21,1.12.12,370
2026-09-21,1.12.13,414
2026-09-21,1.12.14,329
2026-09-21,1.12.15,471
2026-09-21,1.12.16,415
2026-09-21,1.12.17,364
2026-09-21,1.12.18,440
2026-09-21,1.12.19,364
2026-09-21,1.12.2,642
2026-09-21,1.12.20,347
2026-09-21,1.12.21,625
2026-09-21,1.12.22,370
2026-09-21,1.12.23,429
2026-09-21,1.12.24,358
2026-09-21,1.12.25,369
2026-09-21,1.12.26,345
2026-09-21,1.12.27,372
2026-09-21,1.12.28,345
2026-09-21,1.12.29,362
2026-09-21,1.12.3,466
2026-09-21,1.12.30,345
2026-09-21,1.12.31,364
2026-09-21,1.12.32,617
2026-09-21,1.12.33,369
2026-09-21,1.12.34,345
2026-09-21,1.12.35,623
2026-09-21,1.12.36,444
2026-09-21,1.12.37,435
2026-09-21,1.12.38,363
2026-09-21,1.12.39,574
2026-09-21,1.12.4,3954
2026-09-21,1.12.40,340
2026-09-21,1.12.41,371
2026-09-21,1.12.42,352
2026-09-21,1.12.43,591
2026-09-21,1.12.44,365
2026-09-21,1.12.45,349
2026-09-21,1.12.46,1916
2026-09-21,1.12.47,406
2026-09-21,1.12.48,516
2026-09-21,1.12.49,904
2026-09-21,1.12.5,343
2026-09-21,1.12.6,359
2026-09-21,1.12.7,362
2026-09-21,1.12.8,542
2026-09-21,1.12.9,343
2026-09-21,1.13.0,702
2026-09-21,1.13.1,1075
2026-09-21,1.13.10,363
2026-09-21,1.13.11,369
2026-09-21,1.13.12,343
2026-09-21,1.13.13,359
2026-09-21,1.13.14,360
2026-09-21,1.13.15,341
2026-09-21,1.13.16,371
2026-09-21,1.13.17,343
2026-09-21,1.13.18,346
2026-09-21,1.13.19,760
2026-09-21,1.13.2,490
2026-09-21,1.13.20,337
2026-09-21,1.13.21,340
2026-09-21,1.13.22,351
2026-09-21,1.13.23,890
2026-09-21,1.13.24,431
2026-09-21,1.13.25,464
2026-09-21,1.13.26,579
2026-09-21,1.13.3,676
2026-09-21,1.13.4,391
2026-09-21,1.13.5,367
2026-09-21,1.13.6,377
2026-09-21,1.13.7,341
2026-09-21,1.13.8,347
2026-09-21,1.13.9,586
2026-09-21,1.14.0,409
2026-09-21,1.14.1,394
2026-09-21,1.14.10,347
2026-09-21,1.14.11,618
2026-09-21,1.14.12,379
2026-09-21,1.14.13,342
2026-09-21,1.14.14,352
2026-09-21,1.14.15,568
2026-09-21,1.14.16,418
2026-09-21,1.14.17,387
2026-09-21,1.14.18,348
2026-09-21,1.14.19,348
2026-09-21,1.14.2,381
2026-09-21,1.14.20,509
2026-09-21,1.14.21,338
2026-09-21,1.14.22,537
2026-09-21,1.14.23,364
2026-09-21,1.14.24,348
2026-09-21,1.14.25,410
2026-09-21,1.14.26,362
2026-09-21,1.14.27,369
2026-09-21,1.14.28,404
2026-09-21,1.14.29,1605
2026-09-21,1.14.3,352
2026-09-21,1.14.30,354
2026-09-21,1.14.31,349
2026-09-21,1.14.32,2178
2026-09-21,1.14.33,401
2026-09-21,1.14.34,351
2026-09-21,1.14.35,372
2026-09-21,1.14.36,519
2026-09-21,1.14.37,452
2026-09-21,1.14.38,380
2026-09-21,1.14.39,381
2026-09-21,1.14.4,385
2026-09-21,1.14.40,364
2026-09-21,1.14.41,360
2026-09-21,1.14.42,464
2026-09-21,1.14.43,360
2026-09-21,1.14.44,1106
2026-09-21,1.14.45,372
2026-09-21,1.14.46,2168
2026-09-21,1.14.47,2429
2026-09-21,1.14.48,1093
2026-09-21,1.14.49,352
2026-09-21,1.14.5,473
2026-09-21,1.14.50,347
2026-09-21,1.14.51,371
2026-09-21,1.14.52,504
2026-09-21,1.14.53,357
2026-09-21,1.14.54,393
2026-09-21,1.14.55,343
2026-09-21,1.14.56,484
2026-09-21,1.14.57,378
2026-09-21,1.14.58,351
2026-09-21,1.14.59,439
2026-09-21,1.14.6,338
2026-09-21,1.14.60,754
2026-09-21,1.14.61,372
2026-09-21,1.14.62,388
2026-09-21,1.14.63,1423
2026-09-21,1.14.7,508
2026-09-21,1.14.8,621
2026-09-21,1.14.9,494
2026-09-21,1.15.0,1616
2026-09-21,1.15.1,360
2026-09-21,1.15.10,458
2026-09-21,1.15.11,403
2026-09-21,1.15.12,358
2026-09-21,1.15.13,538
2026-09-21,1.15.14,366
2026-09-21,1.15.15,425
2026-09-21,1.15.16,848
2026-09-21,1.15.17,988
2026-09-21,1.15.18,9228
2026-09-21,1.15.2,387
2026-09-21,1.15.3,1086
2026-09-21,1.15.4,339
2026-09-21,1.15.5,1583
2026-09-21,1.15.6,440
2026-09-21,1.15.7,362
2026-09-21,1.15.8,366
2026-09-21,1.15.9,1299
2026-09-21,1.16.0,625
2026-09-21,1.16.1,420
2026-09-21,1.16.10,379
2026-09-21,1.16.11,359
2026-09-21,1.16.12,593
2026-09-21,1.16.13,410
2026-09-21,1.16.14,393
2026-09-21,1.16.15,485
2026-09-21,1.16.16,562
2026-09-21,1.16.17,365
2026-09-21,1.16.18,2716
2026-09-21,1.16.19,386
2026-09-21,1.16.2,413
2026-09-21,1.16.20,401
2026-09-21,1.16.21,368
2026-09-21,1.16.22,354
2026-09-21,1.16.23,1040
2026-09-21,1.16.24,411
2026-09-21,1.16.25,759
2026-09-21,1.16.26,359
2026-09-21,1.16.27,355
2026-09-21,1.16.28,491
2026-09-21,1.16.29,400
2026-09-21,1.16.3,422
2026-09-21,1.16.30,558
2026-09-21,1.16.31,561
2026-09-21,1.16.32,398
2026-09-21,1.16.33,389
2026-09-21,1.16.34,947
2026-09-21,1.16.35,442
2026-09-21,1.16.36,1166
2026-09-21,1.16.37,370
2026-09-21,1.16.38,376
2026-09-21,1.16.39,379
2026-09-21,1.16.4,8653
2026-09-21,1.16.40,387
2026-09-21,1.16.41,363
2026-09-21,1.16.42,369
2026-09-21,1.16.43,380
2026-09-21,1.16.44,1083
2026-09-21,1.16.45,2440
2026-09-21,1.16.46,1068
2026-09-21,1.16.47,1121
2026-09-21,1.16.48,1081
2026-09-21,1.16.49,1148
2026-09-21,1.16.5,494
2026-09-21,1.16.50,1075
2026-09-21,1.16.51,1255
2026-09-21,1.16.52,2218
2026-09-21,1.16.53,1108
2026-09-21,1.16.54,1125
2026-09-21,1.16.55,1098
2026-09-21,1.16.56,1115
2026-09-21,1.16.57,1168
2026-09-21,1.16.58,1113
2026-09-21,1.16.59,1241
2026-09-21,1.16.6,519
2026-09-21,1.16.60,1215
2026-09-21,1.16.61,1145
2026-09-21,1.16.62,1498
2026-09-21,1.16.63,5178
2026-09-21,1.16.7,1694
2026-09-21,1.16.8,433
2026-09-21,1.16.9,408
2026-09-21,1.17.0,1832
2026-09-21,1.17.1,1983
2026-09-21,1.17.10,1346
2026-09-21,1.17.100,2098
2026-09-21,1.17.101,1474
2026-09-21,1.17.102,1409
2026-09-21,1.17.103,1386
2026-09-21,1.17.104,1674
2026-09-21,1.17.105,1329
2026-09-21,1.17.106,5393
2026-09-21,1.17.107,2228
2026-09-21,1.17.108,1572
2026-09-21,1.17.109,1689
2026-09-21,1.17.11,1090
2026-09-21,1.17.110,1460
2026-09-21,1.17.111,1506
2026-09-21,1.17.112,43014
2026-09-21,1.17.12,1111
2026-09-21,1.17.13,1115
2026-09-21,1.17.14,1101
2026-09-21,1.17.15,1141
2026-09-21,1.17.16,1176
2026-09-21,1.17.17,1093
2026-09-21,1.17.18,2139
2026-09-21,1.17.19,1113
2026-09-21,1.17.2,2834
2026-09-21,1.17.20,1092
2026-09-21,1.17.21,1192
2026-09-21,1.17.22,1130
2026-09-21,1.17.23,1173
2026-09-21,1.17.24,1129
2026-09-21,1.17.25,1153
2026-09-21,1.17.26,1093
2026-09-21,1.17.27,1177
2026-09-21,1.17.28,1292
2026-09-21,1.17.29,1111
2026-09-21,1.17.3,1375
2026-09-21,1.17.30,1178
2026-09-21,1.17.31,1077
2026-09-21,1.17.32,1300
2026-09-21,1.17.33,1139
2026-09-21,1.17.34,1294
2026-09-21,1.17.35,1124
2026-09-21,1.17.36,1092
2026-09-21,1.17.37,1079
2026-09-21,1.17.38,1094
2026-09-21,1.17.39,2162
2026-09-21,1.17.4,1156
2026-09-21,1.17.40,1299
2026-09-21,1.17.41,1112
2026-09-21,1.17.42,1165
2026-09-21,1.17.43,1091
2026-09-21,1.17.44,1121
2026-09-21,1.17.45,1205
2026-09-21,1.17.46,1418
2026-09-21,1.17.47,1863
2026-09-21,1.17.48,1151
2026-09-21,1.17.49,2798
2026-09-21,1.17.5,1796
2026-09-21,1.17.50,1241
2026-09-21,1.17.51,1270
2026-09-21,1.17.52,656
2026-09-21,1.17.53,1869
2026-09-21,1.17.54,1540
2026-09-21,1.17.55,1291
2026-09-21,1.17.56,1284
2026-09-21,1.17.57,1490
2026-09-21,1.17.58,1302
2026-09-21,1.17.59,1282
2026-09-21,1.17.6,1746
2026-09-21,1.17.60,1691
2026-09-21,1.17.61,1328
2026-09-21,1.17.62,1304
2026-09-21,1.17.63,1265
2026-09-21,1.17.64,1606
2026-09-21,1.17.65,1276
2026-09-21,1.17.66,1354
2026-09-21,1.17.67,11224
2026-09-21,1.17.68,1966
2026-09-21,1.17.69,1399
2026-09-21,1.17.7,1099
2026-09-21,1.17.70,1280
2026-09-21,1.17.71,1702
2026-09-21,1.17.72,1329
2026-09-21,1.17.73,1381
2026-09-21,1.17.74,1343
2026-09-21,1.17.75,1657
2026-09-21,1.17.76,1988
2026-09-21,1.17.77,1299
2026-09-21,1.17.78,1374
2026-09-21,1.17.79,1911
2026-09-21,1.17.8,1141
2026-09-21,1.17.80,1700
2026-09-21,1.17.81,1281
2026-09-21,1.17.82,1319
2026-09-21,1.17.83,1275
2026-09-21,1.17.84,1375
2026-09-21,1.17.85,1431
2026-09-21,1.17.86,1643
2026-09-21,1.17.87,1864
2026-09-21,1.17.88,1322
2026-09-21,1.17.89,4132
2026-09-21,1.17.9,1600
2026-09-21,1.17.90,1468
2026-09-21,1.17.91,1325
2026-09-21,1.17.92,1369
2026-09-21,1.17.93,1537
2026-09-21,1.17.94,1943
2026-09-21,1.17.95,1439
2026-09-21,1.17.96,12858
2026-09-21,1.17.97,1344
2026-09-21,1.17.98,1385
2026-09-21,1.17.99,1484
2026-09-21,1.18.0,1533
2026-09-21,1.18.1,1482
2026-09-21,1.18.10,1408
2026-09-21,1.18.11,1459
2026-09-21,1.18.12,2031
2026-09-21,1.18.13,1493
2026-09-21,1.18.14,1584
2026-09-21,1.18.15,1417
2026-09-21,1.18.16,1477
2026-09-21,1.18.17,1463
2026-09-21,1.18.18,35444
2026-09-21,1.18.19,5808
2026-09-21,1.18.2,1471
2026-09-21,1.18.20,1431
2026-09-21,1.18.21,1963
2026-09-21,1.18.22,1700
2026-09-21,1.18.23,2621
2026-09-21,1.18.24,1515
2026-09-21,1.18.25,28321
2026-09-21,1.18.26,1440
2026-09-21,1.18.27,1454
2026-09-21,1.18.28,1474
2026-09-21,1.18.29,2711
2026-09-21,1.18.3,10364
2026-09-21,1.18.30,1534
2026-09-21,1.18.31,1645
2026-09-21,1.18.32,1585
2026-09-21,1.18.33,1441
2026-09-21,1.18.34,1445
2026-09-21,1.18.35,1412
2026-09-21,1.18.36,1948
2026-09-21,1.18.37,1418
2026-09-21,1.18.38,1490
2026-09-21,1.18.39,1517
2026-09-21,1.18.4,4678
2026-09-21,1.18.40,1433
2026-09-21,1.18.41,1449
2026-09-21,1.18.42,1497
2026-09-21,1.18.43,1482
2026-09-21,1.18.44,1584
2026-09-21,1.18.45,1443
2026-09-21,1.18.46,5764
2026-09-21,1.18.47,1491
2026-09-21,1.18.48,1720
2026-09-21,1.18.49,1469
2026-09-21,1.18.5,1424
2026-09-21,1.18.50,1611
2026-09-21,1.18.51,1583
2026-09-21,1.18.52,1408
2026-09-21,1.18.53,1407
2026-09-21,1.18.54,1995
2026-09-21,1.18.55,1433
2026-09-21,1.18.56,12737
2026-09-21,1.18.57,1492
2026-09-21,1.18.58,1426
2026-09-21,1.18.59,1899
2026-09-21,1.18.6,1608
2026-09-21,1.18.60,1430
2026-09-21,1.18.61,1783
2026-09-21,1.18.62,1457
2026-09-21,1.18.63,92388
2026-09-21,1.18.64,3464
2026-09-21,1.18.65,5295
2026-09-21,1.18.7,1438
2026-09-21,1.18.8,9551
2026-09-21,1.18.9,1428
2026-09-21,1.19.0,4546
2026-09-21,1.19.1,1410
2026-09-21,1.19.10,2509
2026-09-21,1.19.11,2318
2026-09-21,1.19.12,14991
2026-09-21,1.19.2,2705
2026-09-21,1.19.3,1646
2026-09-21,1.19.4,1456
2026-09-21,1.19.5,2309
2026-09-21,1.19.6,2532
2026-09-21,1.19.7,2326
2026-09-21,1.19.8,2685
2026-09-21,1.19.9,2314
2026-09-21,1.2.0,60
2026-09-21,1.2.1,74
2026-09-21,1.2.2,62
2026-09-21,1.2.3,75
2026-09-21,1.2.4,51
2026-09-21,1.2.5,54
2026-09-21,1.2.6,56
2026-09-21,1.20.0,3029
2026-09-21,1.20.1,2323
2026-09-21,1.20.10,2426
2026-09-21,1.20.11,3323
2026-09-21,1.20.12,3311
2026-09-21,1.20.13,2495
2026-09-21,1.20.14,2586
2026-09-21,1.20.15,2512
2026-09-21,1.20.16,2325
2026-09-21,1.20.17,19924
2026-09-21,1.20.18,2342
2026-09-21,1.20.19,2454
2026-09-21,1.20.2,2347
2026-09-21,1.20.20,2740
2026-09-21,1.20.21,2540
2026-09-21,1.20.22,2329
2026-09-21,1.20.23,2637
2026-09-21,1.20.24,6039
2026-09-21,1.20.25,2447
2026-09-21,1.20.26,5718
2026-09-21,1.20.27,2644
2026-09-21,1.20.28,2413
2026-09-21,1.20.29,4277
2026-09-21,1.20.3,2392
2026-09-21,1.20.30,2405
2026-09-21,1.20.31,2502
2026-09-21,1.20.32,2772
2026-09-21,1.20.33,2414
2026-09-21,1.20.34,2517
2026-09-21,1.20.35,2699
2026-09-21,1.20.36,2398
2026-09-21,1.20.37,2423
2026-09-21,1.20.38,2476
2026-09-21,1.20.39,3399
2026-09-21,1.20.4,2423
2026-09-21,1.20.40,2427
2026-09-21,1.20.41,2453
2026-09-21,1.20.42,2566
2026-09-21,1.20.43,2430
2026-09-21,1.20.44,3126
2026-09-21,1.20.45,2933
2026-09-21,1.20.46,26038
2026-09-21,1.20.47,2480
2026-09-21,1.20.48,2441
2026-09-21,1.20.49,2547
2026-09-21,1.20.5,2390
2026-09-21,1.20.50,2500
2026-09-21,1.20.51,2577
2026-09-21,1.20.52,2504
2026-09-21,1.20.53,2468
2026-09-21,1.20.54,4525
2026-09-21,1.20.6,2334
2026-09-21,1.20.7,2656
2026-09-21,1.20.8,4382
2026-09-21,1.20.9,2316
2026-09-21,1.21.0,3172
2026-09-21,1.21.1,2462
2026-09-21,1.21.10,2717
2026-09-21,1.21.11,2481
2026-09-21,1.21.12,2412
2026-09-21,1.21.13,2561
2026-09-21,1.21.14,7553
2026-09-21,1.21.15,2749
2026-09-21,1.21.16,2567
2026-09-21,1.21.17,2465
2026-09-21,1.21.18,4317
2026-09-21,1.21.19,2427
2026-09-21,1.21.2,2615
2026-09-21,1.21.20,2464
2026-09-21,1.21.21,7965
2026-09-21,1.21.22,2990
2026-09-21,1.21.23,2680
2026-09-21,1.21.24,2658
2026-09-21,1.21.25,2801
2026-09-21,1.21.26,2686
2026-09-21,1.21.27,2913
2026-09-21,1.21.28,2750
2026-09-21,1.21.29,2810
2026-09-21,1.21.3,2611
2026-09-21,1.21.30,3600
2026-09-21,1.21.31,2784
2026-09-21,1.21.32,15456
2026-09-21,1.21.33,2696
2026-09-21,1.21.34,2690
2026-09-21,1.21.35,3018
2026-09-21,1.21.36,2840
2026-09-21,1.21.37,2784
2026-09-21,1.21.38,2691
2026-09-21,1.21.39,2737
2026-09-21,1.21.4,2581
2026-09-21,1.21.40,2669
2026-09-21,1.21.41,2750
2026-09-21,1.21.42,3613
2026-09-21,1.21.43,2791
2026-09-21,1.21.44,2710
2026-09-21,1.21.45,2742
2026-09-21,1.21.46,4328
2026-09-21,1.21.5,2394
2026-09-21,1.21.6,2765
2026-09-21,1.21.7,2478
2026-09-21,1.21.8,2471
2026-09-21,1.21.9,2407
2026-09-21,1.22.0,4692
2026-09-21,1.22.1,2812
2026-09-21,1.22.10,3220
2026-09-21,1.22.11,3299
2026-09-21,1.22.12,3113
2026-09-21,1.22.13,3656
2026-09-21,1.22.2,2869
2026-09-21,1.22.3,6197
2026-09-21,1.22.4,2712
2026-09-21,1.22.5,7840
2026-09-21,1.22.6,3168
2026-09-21,1.22.7,3233
2026-09-21,1.22.8,3200
2026-09-21,1.22.9,3772
2026-09-21,1.23.0,3071
2026-09-21,1.23.1,3228
2026-09-21,1.23.10,96257
2026-09-21,1.23.2,3685
2026-09-21,1.23.3,3084
2026-09-21,1.23.4,3138
2026-09-21,1.23.5,3335
2026-09-21,1.23.6,3139
2026-09-21,1.23.7,3170
2026-09-21,1.23.8,3351
2026-09-21,1.23.9,3811
2026-09-21,1.24.0,25020
2026-09-21,1.24.1,15557
2026-09-21,1.24.10,17337
2026-09-21,1.24.11,16017
2026-09-21,1.24.12,16147
2026-09-21,1.24.13,16160
2026-09-21,1.24.14,16223
2026-09-21,1.24.15,16587
2026-09-21,1.24.16,15994
2026-09-21,1.24.17,16026
2026-09-21,1.24.18,16157
2026-09-21,1.24.19,16053
2026-09-21,1.24.2,16538
2026-09-21,1.24.20,16016
2026-09-21,1.24.21,16197
2026-09-21,1.24.22,16615
2026-09-21,1.24.23,16115
2026-09-21,1.24.24,15968
2026-09-21,1.24.25,16219
2026-09-21,1.24.26,16022
2026-09-21,1.24.27,16012
2026-09-21,1.24.28,43138
2026-09-21,1.24.29,34725
2026-09-21,1.24.3,15743
2026-09-21,1.24.30,16413
2026-09-21,1.24.31,16007
2026-09-21,1.24.32,63883
2026-09-21,1.24.33,16016
2026-09-21,1.24.34,16338
2026-09-21,1.24.35,15997
2026-09-21,1.24.36,16220
2026-09-21,1.24.37,16161
2026-09-21,1.24.38,16662
2026-09-21,1.24.39,16644
2026-09-21,1.24.4,15436
2026-09-21,1.24.40,16506
2026-09-21,1.24.41,15988
2026-09-21,1.24.42,16053
2026-09-21,1.24.43,16382
2026-09-21,1.24.44,46539
2026-09-21,1.24.45,16049
2026-09-21,1.24.46,16282
2026-09-21,1.24.47,16509
2026-09-21,1.24.48,16087
2026-09-21,1.24.49,16073
2026-09-21,1.24.5,22980
2026-09-21,1.24.50,16150
2026-09-21,1.24.51,16329
2026-09-21,1.24.52,16047
2026-09-21,1.24.53,16020
2026-09-21,1.24.54,16007
2026-09-21,1.24.55,16180
2026-09-21,1.24.56,16104
2026-09-21,1.24.57,18344
2026-09-21,1.24.58,16004
2026-09-21,1.24.59,35931
2026-09-21,1.24.6,16039
2026-09-21,1.24.60,23345
2026-09-21,1.24.61,19806
2026-09-21,1.24.62,19946
2026-09-21,1.24.63,19870
2026-09-21,1.24.64,22204
2026-09-21,1.24.65,19823
2026-09-21,1.24.66,19908
2026-09-21,1.24.67,19747
2026-09-21,1.24.68,19869
2026-09-21,1.24.69,19671
2026-09-21,1.24.7,16286
2026-09-21,1.24.70,34019
2026-09-21,1.24.71,19965
2026-09-21,1.24.72,19732
2026-09-21,1.24.73,19721
2026-09-21,1.24.74,19884
2026-09-21,1.24.75,19856
2026-09-21,1.24.76,20639
2026-09-21,1.24.77,19698
2026-09-21,1.24.78,19710
2026-09-21,1.24.79,19898
2026-09-21,1.24.8,16395
2026-09-21,1.24.80,20143
2026-09-21,1.24.81,21065
2026-09-21,1.24.82,19964
2026-09-21,1.24.83,19697
2026-09-21,1.24.84,19783
2026-09-21,1.24.85,19678
2026-09-21,1.24.86,19836
2026-09-21,1.24.87,19770
2026-09-21,1.24.88,19861
2026-09-21,1.24.89,20505
2026-09-21,1.24.9,16000
2026-09-21,1.24.90,22111
2026-09-21,1.24.91,19805
2026-09-21,1.24.92,19679
2026-09-21,1.24.93,19735
2026-09-21,1.24.94,20094
2026-09-21,1.24.95,19681
2026-09-21,1.24.96,24150
2026-09-21,1.25.0,19746
2026-09-21,1.25.1,19636
2026-09-21,1.25.2,19742
2026-09-21,1.25.3,19658
2026-09-21,1.25.4,19884
2026-09-21,1.25.5,21693
2026-09-21,1.26.0,24272
2026-09-21,1.26.1,20779
2026-09-21,1.26.10,19821
2026-09-21,1.26.100,78718
2026-09-21,1.26.101,41860
2026-09-21,1.26.102,26715
2026-09-21,1.26.103,19248
2026-09-21,1.26.104,19671
2026-09-21,1.26.105,19266
2026-09-21,1.26.106,19375
2026-09-21,1.26.107,19443
2026-09-21,1.26.108,35503
2026-09-21,1.26.109,19751
2026-09-21,1.26.11,20106
2026-09-21,1.26.110,19453
2026-09-21,1.26.111,19331
2026-09-21,1.26.112,19302
2026-09-21,1.26.113,32225
2026-09-21,1.26.114,19567
2026-09-21,1.26.115,20191
2026-09-21,1.26.116,28752
2026-09-21,1.26.117,20414
2026-09-21,1.26.118,19753
2026-09-21,1.26.119,19229
2026-09-21,1.26.12,19660
2026-09-21,1.26.120,20725
2026-09-21,1.26.121,19411
2026-09-21,1.26.122,19697
2026-09-21,1.26.123,19394
2026-09-21,1.26.124,45610
2026-09-21,1.26.125,19423
2026-09-21,1.26.126,20556
2026-09-21,1.26.127,19312
2026-09-21,1.26.128,19170
2026-09-21,1.26.129,20968
2026-09-21,1.26.13,20280
2026-09-21,1.26.130,19326
2026-09-21,1.26.131,19369
2026-09-21,1.26.132,19640
2026-09-21,1.26.133,21796
2026-09-21,1.26.134,19308
2026-09-21,1.26.135,20014
2026-09-21,1.26.136,19515
2026-09-21,1.26.137,40753
2026-09-21,1.26.138,41012
2026-09-21,1.26.139,19390
2026-09-21,1.26.14,19840
2026-09-21,1.26.140,19507
2026-09-21,1.26.141,21322
2026-09-21,1.26.142,19785
2026-09-21,1.26.143,20456
2026-09-21,1.26.144,19903
2026-09-21,1.26.145,19381
2026-09-21,1.26.146,19632
2026-09-21,1.26.147,19380
2026-09-21,1.26.148,19319
2026-09-21,1.26.149,19326
2026-09-21,1.26.15,19956
2026-09-21,1.26.150,20178
2026-09-21,1.26.151,20674
2026-09-21,1.26.152,19485
2026-09-21,1.26.153,20712
2026-09-21,1.26.154,19349
2026-09-21,1.26.155,19639
2026-09-21,1.26.156,19471
2026-09-21,1.26.157,19533
2026-09-21,1.26.158,19812
2026-09-21,1.26.159,19846
2026-09-21,1.26.16,20199
2026-09-21,1.26.160,22352
2026-09-21,1.26.161,27939
2026-09-21,1.26.162,19509
2026-09-21,1.26.163,19492
2026-09-21,1.26.164,19433
2026-09-21,1.26.165,36944
2026-09-21,1.26.17,19768
2026-09-21,1.26.18,49967
2026-09-21,1.26.19,32407
2026-09-21,1.26.2,20165
2026-09-21,1.26.20,57533
2026-09-21,1.26.21,20064
2026-09-21,1.26.22,19728
2026-09-21,1.26.23,19915
2026-09-21,1.26.24,19888
2026-09-21,1.26.25,22992
2026-09-21,1.26.26,20896
2026-09-21,1.26.27,35982
2026-09-21,1.26.28,21720
2026-09-21,1.26.29,19691
2026-09-21,1.26.3,19700
2026-09-21,1.26.30,20481
2026-09-21,1.26.31,19706
2026-09-21,1.26.32,20185
2026-09-21,1.26.33,19718
2026-09-21,1.26.34,19746
2026-09-21,1.26.35,19842
2026-09-21,1.26.36,19765
2026-09-21,1.26.37,20278
2026-09-21,1.26.38,19695
2026-09-21,1.26.39,19695
2026-09-21,1.26.4,19809
2026-09-21,1.26.40,19677
2026-09-21,1.26.41,20874
2026-09-21,1.26.42,20191
2026-09-21,1.26.43,20206
2026-09-21,1.26.44,20073
2026-09-21,1.26.45,19726
2026-09-21,1.26.46,19910
2026-09-21,1.26.47,20024
2026-09-21,1.26.48,19786
2026-09-21,1.26.49,19733
2026-09-21,1.26.5,19882
2026-09-21,1.26.50,22028
2026-09-21,1.26.51,20605
2026-09-21,1.26.52,19796
2026-09-21,1.26.53,20174
2026-09-21,1.26.54,19878
2026-09-21,1.26.55,19754
2026-09-21,1.26.56,20357
2026-09-21,1.26.57,19723
2026-09-21,1.26.58,20125
2026-09-21,1.26.59,21153
2026-09-21,1.26.6,19740
2026-09-21,1.26.60,19885
2026-09-21,1.26.61,21567
2026-09-21,1.26.62,19735
2026-09-21,1.26.63,19984
2026-09-21,1.26.64,21854
2026-09-21,1.26.65,19970
2026-09-21,1.26.66,19857
2026-09-21,1.26.67,19761
2026-09-21,1.26.68,20150
2026-09-21,1.26.69,19894
2026-09-21,1.26.7,19824
2026-09-21,1.26.70,19952
2026-09-21,1.26.71,19981
2026-09-21,1.26.72,19998
2026-09-21,1.26.73,20684
2026-09-21,1.26.74,21029
2026-09-21,1.26.75,20061
2026-09-21,1.26.76,33168
2026-09-21,1.26.77,19806
2026-09-21,1.26.78,22301
2026-09-21,1.26.79,21200
2026-09-21,1.26.8,19703
2026-09-21,1.26.80,20455
2026-09-21,1.26.81,19844
2026-09-21,1.26.82,20480
2026-09-21,1.26.83,19840
2026-09-21,1.26.84,21352
2026-09-21,1.26.85,19949
2026-09-21,1.26.86,19945
2026-09-21,1.26.87,20127
2026-09-21,1.26.88,19910
2026-09-21,1.26.89,19940
2026-09-21,1.26.9,21498
2026-09-21,1.26.90,301068
2026-09-21,1.26.91,19821
2026-09-21,1.26.92,22341
2026-09-21,1.26.93,20822
2026-09-21,1.26.94,25274
2026-09-21,1.26.95,20027
2026-09-21,1.26.96,20026
2026-09-21,1.26.97,20258
2026-09-21,1.26.98,20012
2026-09-21,1.26.99,23780
2026-09-21,1.27.0,20222
2026-09-21,1.27.1,21254
2026-09-21,1.28.0,33385
2026-09-21,1.28.1,19768
2026-09-21,1.28.10,20219
2026-09-21,1.28.11,19635
2026-09-21,1.28.12,19944
2026-09-21,1.28.13,19346
2026-09-21,1.28.14,20257
2026-09-21,1.28.15,20092
2026-09-21,1.28.16,19677
2026-09-21,1.28.17,46963
2026-09-21,1.28.18,20868
2026-09-21,1.28.19,22669
2026-09-21,1.28.2,20910
2026-09-21,1.28.20,22254
2026-09-21,1.28.21,20508
2026-09-21,1.28.22,20832
2026-09-21,1.28.23,20686
2026-09-21,1.28.24,20619
2026-09-21,1.28.25,21580
2026-09-21,1.28.26,20634
2026-09-21,1.28.27,20906
2026-09-21,1.28.28,20595
2026-09-21,1.28.29,21787
2026-09-21,1.28.3,28417
2026-09-21,1.28.30,22046
2026-09-21,1.28.31,20811
2026-09-21,1.28.32,21069
2026-09-21,1.28.33,21119
2026-09-21,1.28.34,20937
2026-09-21,1.28.35,20572
2026-09-21,1.28.36,21323
2026-09-21,1.28.37,20677
2026-09-21,1.28.38,21076
2026-09-21,1.28.39,20635
2026-09-21,1.28.4,22991
2026-09-21,1.28.40,35877
2026-09-21,1.28.41,20928
2026-09-21,1.28.42,20599
2026-09-21,1.28.43,23685
2026-09-21,1.28.44,20959
2026-09-21,1.28.45,20637
2026-09-21,1.28.46,20571
2026-09-21,1.28.47,21279
2026-09-21,1.28.48,25837
2026-09-21,1.28.49,20574
2026-09-21,1.28.5,19940
2026-09-21,1.28.50,21934
2026-09-21,1.28.51,21454
2026-09-21,1.28.52,21727
2026-09-21,1.28.53,21914
2026-09-21,1.28.54,22684
2026-09-21,1.28.55,21867
2026-09-21,1.28.56,20649
2026-09-21,1.28.57,33679
2026-09-21,1.28.58,21914
2026-09-21,1.28.59,20838
2026-09-21,1.28.6,19951
2026-09-21,1.28.60,21199
2026-09-21,1.28.61,22387
2026-09-21,1.28.62,33485
2026-09-21,1.28.63,31666
2026-09-21,1.28.64,26895
2026-09-21,1.28.65,22306
2026-09-21,1.28.66,23630
2026-09-21,1.28.67,22259
2026-09-21,1.28.68,22464
2026-09-21,1.28.69,22443
2026-09-21,1.28.7,19681
2026-09-21,1.28.70,23100
2026-09-21,1.28.71,22365
2026-09-21,1.28.72,24432
2026-09-21,1.28.73,23324
2026-09-21,1.28.74,29100
2026-09-21,1.28.75,27046
2026-09-21,1.28.76,22305
2026-09-21,1.28.77,22458
2026-09-21,1.28.78,22876
2026-09-21,1.28.79,29130
2026-09-21,1.28.8,19543
2026-09-21,1.28.80,23443
2026-09-21,1.28.81,22318
2026-09-21,1.28.82,23100
2026-09-21,1.28.83,28789
2026-09-21,1.28.84,23361
2026-09-21,1.28.85,29545
2026-09-21,1.28.9,40261
2026-09-21,1.29.0,24408
2026-09-21,1.29.1,23282
2026-09-21,1.29.2,29302
2026-09-21,1.29.3,23284
2026-09-21,1.29.4,23774
2026-09-21,1.29.5,24479
2026-09-21,1.29.6,23446
2026-09-21,1.29.7,27366
2026-09-21,1.3.0,253
2026-09-21,1.3.1,166
2026-09-21,1.33.0,24474
2026-09-21,1.33.1,30438
2026-09-21,1.33.10,23071
2026-09-21,1.33.11,24168
2026-09-21,1.33.12,27250
2026-09-21,1.33.13,1039991
2026-09-21,1.33.2,29269
2026-09-21,1.33.3,24625
2026-09-21,1.33.4,24547
2026-09-21,1.33.5,25438
2026-09-21,1.33.6,24083
2026-09-21,1.33.7,24543
2026-09-21,1.33.8,23185
2026-09-21,1.33.9,24504
2026-09-21,1.34.0,82902
2026-09-21,1.34.1,20616
2026-09-21,1.34.10,21250
2026-09-21,1.34.100,79654
2026-09-21,1.34.101,77896
2026-09-21,1.34.102,81935
2026-09-21,1.34.103,77679
2026-09-21,1.34.104,87916
2026-09-21,1.34.105,78361
2026-09-21,1.34.106,90231
2026-09-21,1.34.107,79324
2026-09-21,1.34.108,79886
2026-09-21,1.34.109,79685
2026-09-21,1.34.11,23462
2026-09-21,1.34.110,90919
2026-09-21,1.34.111,79523
2026-09-21,1.34.112,80629
2026-09-21,1.34.113,80432
2026-09-21,1.34.114,79601
2026-09-21,1.34.115,84394
2026-09-21,1.34.116,80270
2026-09-21,1.34.117,80965
2026-09-21,1.34.118,80241
2026-09-21,1.34.119,125223
2026-09-21,1.34.12,23076
2026-09-21,1.34.120,80298
2026-09-21,1.34.121,79293
2026-09-21,1.34.122,80218
2026-09-21,1.34.123,81395
2026-09-21,1.34.124,81291
2026-09-21,1.34.125,79767
2026-09-21,1.34.126,79356
2026-09-21,1.34.127,83164
2026-09-21,1.34.128,82171
2026-09-21,1.34.129,90003
2026-09-21,1.34.13,20969
2026-09-21,1.34.130,80714
2026-09-21,1.34.131,261402
2026-09-21,1.34.132,81557
2026-09-21,1.34.133,86213
2026-09-21,1.34.134,81476
2026-09-21,1.34.135,83784
2026-09-21,1.34.136,82284
2026-09-21,1.34.137,88075
2026-09-21,1.34.138,84243
2026-09-21,1.34.139,82140
2026-09-21,1.34.14,22671
2026-09-21,1.34.140,83885
2026-09-21,1.34.141,85778
2026-09-21,1.34.142,87722
2026-09-21,1.34.143,84912
2026-09-21,1.34.144,103096
2026-09-21,1.34.145,129401
2026-09-21,1.34.146,87903
2026-09-21,1.34.147,85234
2026-09-21,1.34.148,82803
2026-09-21,1.34.149,83537
2026-09-21,1.34.15,26639
2026-09-21,1.34.150,85050
2026-09-21,1.34.151,85005
2026-09-21,1.34.152,81850
2026-09-21,1.34.153,84571
2026-09-21,1.34.154,84253
2026-09-21,1.34.155,83568
2026-09-21,1.34.156,83566
2026-09-21,1.34.157,81288
2026-09-21,1.34.158,82649
2026-09-21,1.34.159,81604
2026-09-21,1.34.16,20585
2026-09-21,1.34.160,81611
2026-09-21,1.34.161,81511
2026-09-21,1.34.162,172681
2026-09-21,1.34.17,20592
2026-09-21,1.34.18,20590
2026-09-21,1.34.19,22714
2026-09-21,1.34.2,21782
2026-09-21,1.34.20,20757
2026-09-21,1.34.21,21431
2026-09-21,1.34.22,22079
2026-09-21,1.34.23,22932
2026-09-21,1.34.24,20668
2026-09-21,1.34.25,25271
2026-09-21,1.34.26,21939
2026-09-21,1.34.27,21439
2026-09-21,1.34.28,20707
2026-09-21,1.34.29,23162
2026-09-21,1.34.3,20385
2026-09-21,1.34.30,20822
2026-09-21,1.34.31,20698
2026-09-21,1.34.32,20598
2026-09-21,1.34.33,20824
2026-09-21,1.34.34,32725
2026-09-21,1.34.35,21761
2026-09-21,1.34.36,22190
2026-09-21,1.34.37,21193
2026-09-21,1.34.38,20809
2026-09-21,1.34.39,28495
2026-09-21,1.34.4,20515
2026-09-21,1.34.40,22871
2026-09-21,1.34.41,22339
2026-09-21,1.34.42,22273
2026-09-21,1.34.43,20962
2026-09-21,1.34.44,23231
2026-09-21,1.34.45,27520
2026-09-21,1.34.46,26895
2026-09-21,1.34.47,20672
2026-09-21,1.34.48,143796
2026-09-21,1.34.49,22249
2026-09-21,1.34.5,21395
2026-09-21,1.34.50,22108
2026-09-21,1.34.51,26104
2026-09-21,1.34.52,21303
2026-09-21,1.34.53,21660
2026-09-21,1.34.54,21022
2026-09-21,1.34.55,21936
2026-09-21,1.34.56,95910
2026-09-21,1.34.57,20640
2026-09-21,1.34.58,21411
2026-09-21,1.34.59,23726
2026-09-21,1.34.6,21346
2026-09-21,1.34.60,21871
2026-09-21,1.34.61,21870
2026-09-21,1.34.62,21654
2026-09-21,1.34.63,33320
2026-09-21,1.34.64,21915
2026-09-21,1.34.65,21416
2026-09-21,1.34.66,21238
2026-09-21,1.34.67,20814
2026-09-21,1.34.68,22415
2026-09-21,1.34.69,115029
2026-09-21,1.34.7,21378
2026-09-21,1.34.70,81152
2026-09-21,1.34.71,77432
2026-09-21,1.34.72,77652
2026-09-21,1.34.73,78566
2026-09-21,1.34.74,78923
2026-09-21,1.34.75,80421
2026-09-21,1.34.76,77543
2026-09-21,1.34.77,78535
2026-09-21,1.34.78,78007
2026-09-21,1.34.79,191462
2026-09-21,1.34.8,20661
2026-09-21,1.34.80,79357
2026-09-21,1.34.81,79238
2026-09-21,1.34.82,77904
2026-09-21,1.34.83,78316
2026-09-21,1.34.84,79247
2026-09-21,1.34.85,89905
2026-09-21,1.34.86,77651
2026-09-21,1.34.87,100522
2026-09-21,1.34.88,79074
2026-09-21,1.34.89,78101
2026-09-21,1.34.9,20519
2026-09-21,1.34.90,79260
2026-09-21,1.34.91,77572
2026-09-21,1.34.92,78105
2026-09-21,1.34.93,78397
2026-09-21,1.34.94,85528
2026-09-21,1.34.95,77344
2026-09-21,1.34.96,78095
2026-09-21,1.34.97,77472
2026-09-21,1.34.98,78616
2026-09-21,1.34.99,77610
2026-09-21,1.35.0,130286
2026-09-21,1.35.1,86358
2026-09-21,1.35.10,85077
2026-09-21,1.35.11,81918
2026-09-21,1.35.12,158304
2026-09-21,1.35.13,83085
2026-09-21,1.35.14,82358
2026-09-21,1.35.15,83785
2026-09-21,1.35.16,100703
2026-09-21,1.35.17,82515
2026-09-21,1.35.18,82193
2026-09-21,1.35.19,85615
2026-09-21,1.35.2,82376
2026-09-21,1.35.20,83028
2026-09-21,1.35.21,81468
2026-09-21,1.35.22,81378
2026-09-21,1.35.23,84410
2026-09-21,1.35.24,85491
2026-09-21,1.35.25,84192
2026-09-21,1.35.26,81944
2026-09-21,1.35.27,82827
2026-09-21,1.35.28,81840
2026-09-21,1.35.29,82866
2026-09-21,1.35.3,81571
2026-09-21,1.35.30,82071
2026-09-21,1.35.31,82335
2026-09-21,1.35.32,81778
2026-09-21,1.35.33,150579
2026-09-21,1.35.34,82932
2026-09-21,1.35.35,91389
2026-09-21,1.35.36,148830
2026-09-21,1.35.37,82545
2026-09-21,1.35.38,102735
2026-09-21,1.35.39,83006
2026-09-21,1.35.4,82203
2026-09-21,1.35.40,82290
2026-09-21,1.35.41,82148
2026-09-21,1.35.42,112425
2026-09-21,1.35.43,81335
2026-09-21,1.35.44,82501
2026-09-21,1.35.45,81900
2026-09-21,1.35.46,82506
2026-09-21,1.35.47,82273
2026-09-21,1.35.48,81712
2026-09-21,1.35.49,211955
2026-09-21,1.35.5,82572
2026-09-21,1.35.50,82057
2026-09-21,1.35.51,86274
2026-09-21,1.35.52,86821
2026-09-21,1.35.53,89634
2026-09-21,1.35.54,91070
2026-09-21,1.35.55,82916
2026-09-21,1.35.56,81447
2026-09-21,1.35.57,85974
2026-09-21,1.35.58,82394
2026-09-21,1.35.59,81790
2026-09-21,1.35.6,82879
2026-09-21,1.35.60,82711
2026-09-21,1.35.61,81170
2026-09-21,1.35.62,85986
2026-09-21,1.35.63,83031
2026-09-21,1.35.64,82486
2026-09-21,1.35.65,82425
2026-09-21,1.35.66,81841
2026-09-21,1.35.67,81668
2026-09-21,1.35.68,83521
2026-09-21,1.35.69,89215
2026-09-21,1.35.7,104334
2026-09-21,1.35.70,85963
2026-09-21,1.35.71,95859
2026-09-21,1.35.72,82150
2026-09-21,1.35.73,81810
2026-09-21,1.35.74,90092
2026-09-21,1.35.75,82677
2026-09-21,1.35.76,98221
2026-09-21,1.35.77,82622
2026-09-21,1.35.78,84379
2026-09-21,1.35.79,82670
2026-09-21,1.35.8,82253
2026-09-21,1.35.80,85109
2026-09-21,1.35.81,97457
2026-09-21,1.35.82,83205
2026-09-21,1.35.83,81696
2026-09-21,1.35.84,90424
2026-09-21,1.35.85,82125
2026-09-21,1.35.86,85290
2026-09-21,1.35.87,83857
2026-09-21,1.35.88,84470
2026-09-21,1.35.89,125738
2026-09-21,1.35.9,85332
2026-09-21,1.35.90,94195
2026-09-21,1.35.91,81807
2026-09-21,1.35.92,88825
2026-09-21,1.35.93,86392
2026-09-21,1.35.94,83313
2026-09-21,1.35.95,83273
2026-09-21,1.35.96,83776
2026-09-21,1.35.97,82897
2026-09-21,1.35.98,84278
2026-09-21,1.35.99,282930
2026-09-21,1.36.0,97629
2026-09-21,1.36.1,126477
2026-09-21,1.36.10,82213
2026-09-21,1.36.11,84853
2026-09-21,1.36.12,82003
2026-09-21,1.36.13,82148
2026-09-21,1.36.14,82773
2026-09-21,1.36.15,82375
2026-09-21,1.36.16,82872
2026-09-21,1.36.17,85944
2026-09-21,1.36.18,89979
2026-09-21,1.36.19,83471
2026-09-21,1.36.2,88888
2026-09-21,1.36.20,84175
2026-09-21,1.36.21,85895
2026-09-21,1.36.22,86539
2026-09-21,1.36.23,85756
2026-09-21,1.36.24,82623
2026-09-21,1.36.25,82392
2026-09-21,1.36.26,87269
2026-09-21,1.36.3,174156
2026-09-21,1.36.4,82442
2026-09-21,1.36.5,85124
2026-09-21,1.36.6,82136
2026-09-21,1.36.7,83613
2026-09-21,1.36.8,83664
2026-09-21,1.36.9,82968
2026-09-21,1.37.0,85854
2026-09-21,1.37.1,103374
2026-09-21,1.37.10,88604
2026-09-21,1.37.11,87914
2026-09-21,1.37.12,83136
2026-09-21,1.37.13,86321
2026-09-21,1.37.14,82280
2026-09-21,1.37.15,82542
2026-09-21,1.37.16,82052
2026-09-21,1.37.17,83762
2026-09-21,1.37.18,84272
2026-09-21,1.37.19,84956
2026-09-21,1.37.2,93274
2026-09-21,1.37.20,86966
2026-09-21,1.37.21,82308
2026-09-21,1.37.22,82526
2026-09-21,1.37.23,83099
2026-09-21,1.37.24,88659
2026-09-21,1.37.25,82402
2026-09-21,1.37.26,84640
2026-09-21,1.37.27,84099
2026-09-21,1.37.28,82800
2026-09-21,1.37.29,86728
2026-09-21,1.37.3,136278
2026-09-21,1.37.30,82606
2026-09-21,1.37.31,92850
2026-09-21,1.37.32,82409
2026-09-21,1.37.33,83061
2026-09-21,1.37.34,85084
2026-09-21,1.37.35,83735
2026-09-21,1.37.36,82677
2026-09-21,1.37.37,83049
2026-09-21,1.37.38,790619
2026-09-21,1.37.4,107661
2026-09-21,1.37.5,88720
2026-09-21,1.37.6,83141
2026-09-21,1.37.7,328134
2026-09-21,1.37.8,82433
2026-09-21,1.37.9,96333
2026-09-21,1.38.0,93303
2026-09-21,1.38.1,83250
2026-09-21,1.38.10,82742
2026-09-21,1.38.11,82473
2026-09-21,1.38.12,87549
2026-09-21,1.38.13,83553
2026-09-21,1.38.14,94157
2026-09-21,1.38.15,83804
2026-09-21,1.38.16,83890
2026-09-21,1.38.17,87855
2026-09-21,1.38.18,89279
2026-09-21,1.38.19,83083
2026-09-21,1.38.2,82540
2026-09-21,1.38.20,83669
2026-09-21,1.38.21,87531
2026-09-21,1.38.22,86990
2026-09-21,1.38.23,92269
2026-09-21,1.38.24,84013
2026-09-21,1.38.25,120096
2026-09-21,1.38.26,84326
2026-09-21,1.38.27,149525
2026-09-21,1.38.28,85557
2026-09-21,1.38.29,84078
2026-09-21,1.38.3,83174
2026-09-21,1.38.30,84982
2026-09-21,1.38.31,83389
2026-09-21,1.38.32,86357
2026-09-21,1.38.33,87871
2026-09-21,1.38.34,92060
2026-09-21,1.38.35,83679
2026-09-21,1.38.36,89768
2026-09-21,1.38.37,83794
2026-09-21,1.38.38,96365
2026-09-21,1.38.39,84050
2026-09-21,1.38.4,82835
2026-09-21,1.38.40,83149
2026-09-21,1.38.41,87866
2026-09-21,1.38.42,115163
2026-09-21,1.38.43,84971
2026-09-21,1.38.44,85270
2026-09-21,1.38.45,83278
2026-09-21,1.38.46,97865
2026-09-21,1.38.5,84997
2026-09-21,1.38.6,82432
2026-09-21,1.38.7,83376
2026-09-21,1.38.8,85913
2026-09-21,1.38.9,85093
2026-09-21,1.39.0,87015
2026-09-21,1.39.1,92303
2026-09-21,1.39.10,85635
2026-09-21,1.39.11,138513
2026-09-21,1.39.12,84025
2026-09-21,1.39.13,85709
2026-09-21,1.39.14,87128
2026-09-21,1.39.15,108862
2026-09-21,1.39.16,88154
2026-09-21,1.39.17,92634
2026-09-21,1.39.2,85009
2026-09-21,1.39.3,102834
2026-09-21,1.39.4,91441
2026-09-21,1.39.5,82556
2026-09-21,1.39.6,83720
2026-09-21,1.39.7,93490
2026-09-21,1.39.8,86547
2026-09-21,1.39.9,87193
2026-09-21,1.4.0,617
2026-09-21,1.4.1,473
2026-09-21,1.4.2,56
2026-09-21,1.4.3,89
2026-09-21,1.4.4,1202
2026-09-21,1.4.5,94
2026-09-21,1.4.6,81
2026-09-21,1.4.7,376
2026-09-21,1.4.8,595
2026-09-21,1.40.0,117771
2026-09-21,1.40.1,85285
2026-09-21,1.40.10,84032
2026-09-21,1.40.11,87831
2026-09-21,1.40.12,85998
2026-09-21,1.40.13,86248
2026-09-21,1.40.14,98421
2026-09-21,1.40.15,85298
2026-09-21,1.40.16,90120
2026-09-21,1.40.17,84864
2026-09-21,1.40.18,102634
2026-09-21,1.40.19,86001
2026-09-21,1.40.2,89745
2026-09-21,1.40.20,87163
2026-09-21,1.40.21,89771
2026-09-21,1.40.22,86372
2026-09-21,1.40.23,90570
2026-09-21,1.40.24,86460
2026-09-21,1.40.25,88924
2026-09-21,1.40.26,86149
2026-09-21,1.40.27,85290
2026-09-21,1.40.28,87259
2026-09-21,1.40.29,90722
2026-09-21,1.40.3,85677
2026-09-21,1.40.30,100537
2026-09-21,1.40.31,94151
2026-09-21,1.40.32,93081
2026-09-21,1.40.33,88668
2026-09-21,1.40.34,85461
2026-09-21,1.40.35,87635
2026-09-21,1.40.36,86230
2026-09-21,1.40.37,86202
2026-09-21,1.40.38,86033
2026-09-21,1.40.39,85184
2026-09-21,1.40.4,92538
2026-09-21,1.40.40,93696
2026-09-21,1.40.41,86413
2026-09-21,1.40.42,85775
2026-09-21,1.40.43,85361
2026-09-21,1.40.44,83862
2026-09-21,1.40.45,90260
2026-09-21,1.40.46,99070
2026-09-21,1.40.47,87348
2026-09-21,1.40.48,85870
2026-09-21,1.40.49,159718
2026-09-21,1.40.5,85796
2026-09-21,1.40.50,86942
2026-09-21,1.40.51,89884
2026-09-21,1.40.52,93523
2026-09-21,1.40.53,86750
2026-09-21,1.40.54,85484
2026-09-21,1.40.55,89186
2026-09-21,1.40.56,86155
2026-09-21,1.40.57,87159
2026-09-21,1.40.58,85248
2026-09-21,1.40.59,88018
2026-09-21,1.40.6,94033
2026-09-21,1.40.60,89597
2026-09-21,1.40.61,749155
2026-09-21,1.40.62,91140
2026-09-21,1.40.63,84794
2026-09-21,1.40.64,88417
2026-09-21,1.40.65,86014
2026-09-21,1.40.66,92848
2026-09-21,1.40.67,87777
2026-09-21,1.40.68,85397
2026-09-21,1.40.69,87789
2026-09-21,1.40.7,84613
2026-09-21,1.40.70,93224
2026-09-21,1.40.71,86891
2026-09-21,1.40.72,85171
2026-09-21,1.40.73,95297
2026-09-21,1.40.74,88643
2026-09-21,1.40.75,99530
2026-09-21,1.40.76,123662
2026-09-21,1.40.8,84946
2026-09-21,1.40.9,84423
2026-09-21,1.41.0,89418
2026-09-21,1.41.1,84704
2026-09-21,1.41.2,95410
2026-09-21,1.41.3,95949
2026-09-21,1.41.4,85106
2026-09-21,1.41.5,273067
2026-09-21,1.42.0,139932
2026-09-21,1.42.1,139368
2026-09-21,1.42.10,137564
2026-09-21,1.42.11,138275
2026-09-21,1.42.12,140080
2026-09-21,1.42.13,135027
2026-09-21,1.42.14,139632
2026-09-21,1.42.15,135037
2026-09-21,1.42.16,142446
2026-09-21,1.42.17,268435
2026-09-21,1.42.18,223659
2026-09-21,1.42.19,141552
2026-09-21,1.42.2,138199
2026-09-21,1.42.20,131935
2026-09-21,1.42.21,148180
2026-09-21,1.42.22,174508
2026-09-21,1.42.23,166595
2026-09-21,1.42.24,167657
2026-09-21,1.42.25,164095
2026-09-21,1.42.26,160840
2026-09-21,1.42.27,160546
2026-09-21,1.42.28,161221
2026-09-21,1.42.29,162826
2026-09-21,1.42.3,139756
2026-09-21,1.42.30,180810
2026-09-21,1.42.31,174531
2026-09-21,1.42.32,159860
2026-09-21,1.42.33,160570
2026-09-21,1.42.34,166743
2026-09-21,1.42.35,184529
2026-09-21,1.42.36,162996
2026-09-21,1.42.37,165926
2026-09-21,1.42.38,163067
2026-09-21,1.42.39,184176
2026-09-21,1.42.4,138758
2026-09-21,1.42.40,162629
2026-09-21,1.42.41,164448
2026-09-21,1.42.42,170109
2026-09-21,1.42.43,177369
2026-09-21,1.42.44,171182
2026-09-21,1.42.45,163115
2026-09-21,1.42.46,161506
2026-09-21,1.42.47,183506
2026-09-21,1.42.48,167692
2026-09-21,1.42.49,167280
2026-09-21,1.42.5,144788
2026-09-21,1.42.50,177111
2026-09-21,1.42.51,162841
2026-09-21,1.42.52,162965
2026-09-21,1.42.53,161292
2026-09-21,1.42.54,223337
2026-09-21,1.42.55,173437
2026-09-21,1.42.56,270691
2026-09-21,1.42.57,165741
2026-09-21,1.42.58,178729
2026-09-21,1.42.59,175810
2026-09-21,1.42.6,133792
2026-09-21,1.42.60,192707
2026-09-21,1.42.61,180081
2026-09-21,1.42.62,175120
2026-09-21,1.42.63,198682
2026-09-21,1.42.64,168942
2026-09-21,1.42.65,174238
2026-09-21,1.42.66,168949
2026-09-21,1.42.67,165603
2026-09-21,1.42.68,228714
2026-09-21,1.42.69,168401
2026-09-21,1.42.7,141023
2026-09-21,1.42.70,180064
2026-09-21,1.42.71,165236
2026-09-21,1.42.72,168906
2026-09-21,1.42.73,167307
2026-09-21,1.42.74,168663
2026-09-21,1.42.75,179111
2026-09-21,1.42.76,169985
2026-09-21,1.42.77,166386
2026-09-21,1.42.78,169620
2026-09-21,1.42.79,168287
2026-09-21,1.42.8,134611
2026-09-21,1.42.80,165297
2026-09-21,1.42.81,172325
2026-09-21,1.42.82,171229
2026-09-21,1.42.83,177857
2026-09-21,1.42.84,200728
2026-09-21,1.42.85,177077
2026-09-21,1.42.86,164940
2026-09-21,1.42.87,108065
2026-09-21,1.42.88,173593
2026-09-21,1.42.89,248419
2026-09-21,1.42.9,134089
2026-09-21,1.42.90,174635
2026-09-21,1.42.91,183438
2026-09-21,1.42.92,172285
2026-09-21,1.42.93,168776
2026-09-21,1.42.94,169372
2026-09-21,1.42.95,169123
2026-09-21,1.42.96,182498
2026-09-21,1.42.97,2577056
2026-09-21,1.43.0,195265
2026-09-21,1.43.1,58265
2026-09-21,1.43.10,48969
2026-09-21,1.43.11,48981
2026-09-21,1.43.12,51414
2026-09-21,1.43.13,55361
2026-09-21,1.43.14,143848
2026-09-21,1.43.15,49376
2026-09-21,1.43.16,64952
2026-09-21,1.43.17,49366
2026-09-21,1.43.18,71935
2026-09-21,1.43.19,49985
2026-09-21,1.43.2,58592
2026-09-21,1.43.20,41749
2026-09-21,1.43.21,50636
2026-09-21,1.43.22,61501
2026-09-21,1.43.23,46871
2026-09-21,1.43.24,73494
2026-09-21,1.43.25,63226
2026-09-21,1.43.26,54130
2026-09-21,1.43.27,57828
2026-09-21,1.43.28,54868
2026-09-21,1.43.29,58686
2026-09-21,1.43.3,54852
2026-09-21,1.43.30,50845
2026-09-21,1.43.31,56846
2026-09-21,1.43.32,51622
2026-09-21,1.43.33,54592
2026-09-21,1.43.34,113297
2026-09-21,1.43.35,46495
2026-09-21,1.43.36,142088
2026-09-21,1.43.37,65072
2026-09-21,1.43.38,72032
2026-09-21,1.43.39,64122
2026-09-21,1.43.4,51359
2026-09-21,1.43.40,78018
2026-09-21,1.43.41,79281
2026-09-21,1.43.42,54005
2026-09-21,1.43.43,43764
2026-09-21,1.43.44,51516
2026-09-21,1.43.45,97676
2026-09-21,1.43.46,139889
2026-09-21,1.43.47,57818
2026-09-21,1.43.48,54124
2026-09-21,1.43.49,62112
2026-09-21,1.43.5,52854
2026-09-21,1.43.50,53397
2026-09-21,1.43.51,73475
2026-09-21,1.43.52,61680
2026-09-21,1.43.53,56602
2026-09-21,1.43.54,51421
2026-09-21,1.43.55,61254
2026-09-21,1.43.56,170936
2026-09-21,1.43.57,59489
2026-09-21,1.43.58,59338
2026-09-21,1.43.59,56741
2026-09-21,1.43.6,110578
2026-09-21,1.43.60,44268
2026-09-21,1.43.61,45937
2026-09-21,1.43.62,86767
2026-09-21,1.43.63,66615
2026-09-21,1.43.64,62424
2026-09-21,1.43.65,55196
2026-09-21,1.43.66,57457
2026-09-21,1.43.67,111220
2026-09-21,1.43.68,54205
2026-09-21,1.43.69,56376
2026-09-21,1.43.7,57318
2026-09-21,1.43.70,60239
2026-09-21,1.43.71,66052
2026-09-21,1.43.72,92296
2026-09-21,1.43.73,59645
2026-09-21,1.43.74,56131
2026-09-21,1.43.75,284626
2026-09-21,1.43.76,48535
2026-09-21,1.43.77,81188
2026-09-21,1.43.78,103505
2026-09-21,1.43.79,61785
2026-09-21,1.43.8,59535
2026-09-21,1.43.80,61789
2026-09-21,1.43.81,69288
2026-09-21,1.43.82,72179
2026-09-21,1.43.83,137674
2026-09-21,1.43.84,47500
2026-09-21,1.43.85,92030
2026-09-21,1.43.86,75889
2026-09-21,1.43.87,74727
2026-09-21,1.43.88,76692
2026-09-21,1.43.89,180152
2026-09-21,1.43.9,70352
2026-09-21,1.43.90,84205
2026-09-21,1.43.91,84129
2026-09-21,1.43.92,99131
2026-09-21,1.43.93,269932
2026-09-21,1.43.94,94064
2026-09-21,1.43.95,86797
2026-09-21,1.43.96,100802
2026-09-21,1.43.97,144654
2026-09-21,1.43.98,5308128
2026-09-21,1.43.99,1230397
2026-09-21,1.5.0,554
2026-09-21,1.5.1,61
2026-09-21,1.5.10,181
2026-09-21,1.5.11,56
2026-09-21,1.5.12,72
2026-09-21,1.5.13,71
2026-09-21,1.5.14,58
2026-09-21,1.5.15,58
2026-09-21,1.5.16,58
2026-09-21,1.5.17,61
2026-09-21,1.5.18,82
2026-09-21,1.5.19,63
2026-09-21,1.5.2,55
2026-09-21,1.5.20,74
2026-09-21,1.5.21,69
2026-09-21,1.5.22,80
2026-09-21,1.5.23,61
2026-09-21,1.5.24,112
2026-09-21,1.5.25,73
2026-09-21,1.5.26,65
2026-09-21,1.5.27,63
2026-09-21,1.5.28,59
2026-09-21,1.5.29,65
2026-09-21,1.5.3,60
2026-09-21,1.5.30,64
2026-09-21,1.5.31,75
2026-09-21,1.5.32,121
2026-09-21,1.5.33,68
2026-09-21,1.5.34,67
2026-09-21,1.5.35,71
2026-09-21,1.5.36,86
2026-09-21,1.5.4,55
2026-09-21,1.5.5,82
2026-09-21,1.5.6,134
2026-09-21,1.5.7,60
2026-09-21,1.5.8,59
2026-09-21,1.5.9,59
2026-09-21,1.6.0,77
2026-09-21,1.6.1,69
2026-09-21,1.6.10,64
2026-09-21,1.6.11,69
2026-09-21,1.6.12,64
2026-09-21,1.6.13,61
2026-09-21,1.6.14,70
2026-09-21,1.6.15,66
2026-09-21,1.6.16,82
2026-09-21,1.6.17,62
2026-09-21,1.6.18,62
2026-09-21,1.6.19,77
2026-09-21,1.6.2,71
2026-09-21,1.6.20,65
2026-09-21,1.6.21,65
2026-09-21,1.6.22,68
2026-09-21,1.6.23,82
2026-09-21,1.6.3,109
2026-09-21,1.6.4,76
2026-09-21,1.6.5,65
2026-09-21,1.6.6,70
2026-09-21,1.6.7,68
2026-09-21,1.6.8,66
2026-09-21,1.6.9,94
2026-09-21,1.7.0,107
2026-09-21,1.7.1,69
2026-09-21,1.7.10,75
2026-09-21,1.7.11,102
2026-09-21,1.7.12,129
2026-09-21,1.7.13,84
2026-09-21,1.7.14,153
2026-09-21,1.7.15,79
2026-09-21,1.7.16,76
2026-09-21,1.7.17,77
2026-09-21,1.7.18,77
2026-09-21,1.7.19,195
2026-09-21,1.7.2,75
2026-09-21,1.7.20,84
2026-09-21,1.7.21,88
2026-09-21,1.7.22,90
2026-09-21,1.7.23,84
2026-09-21,1.7.24,90
2026-09-21,1.7.25,80
2026-09-21,1.7.26,81
2026-09-21,1.7.27,87
2026-09-21,1.7.28,83
2026-09-21,1.7.29,116
2026-09-21,1.7.3,98
2026-09-21,1.7.30,92
2026-09-21,1.7.31,92
2026-09-21,1.7.32,400
2026-09-21,1.7.33,102
2026-09-21,1.7.34,88
2026-09-21,1.7.35,99
2026-09-21,1.7.36,92
2026-09-21,1.7.37,236
2026-09-21,1.7.38,90
2026-09-21,1.7.39,87
2026-09-21,1.7.4,226
2026-09-21,1.7.40,107
2026-09-21,1.7.41,88
2026-09-21,1.7.42,88
2026-09-21,1.7.43,89
2026-09-21,1.7.44,89
2026-09-21,1.7.45,90
2026-09-21,1.7.46,93
2026-09-21,1.7.47,128
2026-09-21,1.7.48,107
2026-09-21,1.7.49,768
2026-09-21,1.7.5,97
2026-09-21,1.7.50,219
2026-09-21,1.7.51,99
2026-09-21,1.7.52,94
2026-09-21,1.7.53,94
2026-09-21,1.7.54,99
2026-09-21,1.7.55,102
2026-09-21,1.7.56,1299
2026-09-21,1.7.57,101
2026-09-21,1.7.58,151
2026-09-21,1.7.59,104
2026-09-21,1.7.6,73
2026-09-21,1.7.60,98
2026-09-21,1.7.61,98
2026-09-21,1.7.62,131
2026-09-21,1.7.63,107
2026-09-21,1.7.64,103
2026-09-21,1.7.65,110
2026-09-21,1.7.66,323
2026-09-21,1.7.67,107
2026-09-21,1.7.68,100
2026-09-21,1.7.69,108
2026-09-21,1.7.7,70
2026-09-21,1.7.70,123
2026-09-21,1.7.71,109
2026-09-21,1.7.72,108
2026-09-21,1.7.73,107
2026-09-21,1.7.74,124
2026-09-21,1.7.75,113
2026-09-21,1.7.76,125
2026-09-21,1.7.77,110
2026-09-21,1.7.78,476
2026-09-21,1.7.79,115
2026-09-21,1.7.8,75
2026-09-21,1.7.80,116
2026-09-21,1.7.81,124
2026-09-21,1.7.82,111
2026-09-21,1.7.83,113
2026-09-21,1.7.84,1181
2026-09-21,1.7.9,91
2026-09-21,1.8.0,237
2026-09-21,1.8.1,227
2026-09-21,1.8.2,228
2026-09-21,1.8.3,232
2026-09-21,1.8.4,231
2026-09-21,1.8.5,229
2026-09-21,1.8.6,238
2026-09-21,1.8.7,233
2026-09-21,1.8.8,243
2026-09-21,1.8.9,317
2026-09-21,1.9.0,371
2026-09-21,1.9.1,232
2026-09-21,1.9.10,239
2026-09-21,1.9.100,248
2026-09-21,1.9.101,243
2026-09-21,1.9.102,253
2026-09-21,1.9.103,258
2026-09-21,1.9.104,427
2026-09-21,1.9.105,278
2026-09-21,1.9.106,267
2026-09-21,1.9.107,278
2026-09-21,1.9.108,252
2026-09-21,1.9.109,255
2026-09-21,1.9.11,234
2026-09-21,1.9.110,241
2026-09-21,1.9.111,436
2026-09-21,1.9.112,254
2026-09-21,1.9.113,246
2026-09-21,1.9.114,274
2026-09-21,1.9.115,452
2026-09-21,1.9.116,621
2026-09-21,1.9.117,311
2026-09-21,1.9.118,245
2026-09-21,1.9.119,247
2026-09-21,1.9.12,235
2026-09-21,1.9.120,319
2026-09-21,1.9.121,244
2026-09-21,1.9.122,251
2026-09-21,1.9.123,243
2026-09-21,1.9.124,245
2026-09-21,1.9.125,261
2026-09-21,1.9.126,250
2026-09-21,1.9.127,245
2026-09-21,1.9.128,250
2026-09-21,1.9.129,263
2026-09-21,1.9.13,237
2026-09-21,1.9.130,338
2026-09-21,1.9.131,260
2026-09-21,1.9.132,252
2026-09-21,1.9.133,244
2026-09-21,1.9.134,271
2026-09-21,1.9.135,252
2026-09-21,1.9.136,248
2026-09-21,1.9.137,254
2026-09-21,1.9.138,251
2026-09-21,1.9.139,1339
2026-09-21,1.9.14,238
2026-09-21,1.9.140,272
2026-09-21,1.9.141,253
2026-09-21,1.9.142,320
2026-09-21,1.9.143,252
2026-09-21,1.9.144,248
2026-09-21,1.9.145,424
2026-09-21,1.9.146,281
2026-09-21,1.9.147,270
2026-09-21,1.9.148,255
2026-09-21,1.9.149,280
2026-09-21,1.9.15,237
2026-09-21,1.9.150,255
2026-09-21,1.9.151,256
2026-09-21,1.9.152,253
2026-09-21,1.9.153,251
2026-09-21,1.9.154,255
2026-09-21,1.9.155,269
2026-09-21,1.9.156,259
2026-09-21,1.9.157,248
2026-09-21,1.9.158,261
2026-09-21,1.9.159,285
2026-09-21,1.9.16,245
2026-09-21,1.9.160,260
2026-09-21,1.9.161,252
2026-09-21,1.9.162,272
2026-09-21,1.9.163,274
2026-09-21,1.9.164,253
2026-09-21,1.9.165,331
2026-09-21,1.9.166,253
2026-09-21,1.9.167,312
2026-09-21,1.9.168,260
2026-09-21,1.9.169,274
2026-09-21,1.9.17,239
2026-09-21,1.9.170,267
2026-09-21,1.9.171,265
2026-09-21,1.9.172,294
2026-09-21,1.9.173,263
2026-09-21,1.9.174,315
2026-09-21,1.9.175,258
2026-09-21,1.9.176,263
2026-09-21,1.9.177,259
2026-09-21,1.9.178,259
2026-09-21,1.9.179,259
2026-09-21,1.9.18,238
2026-09-21,1.9.180,327
2026-09-21,1.9.181,360
2026-09-21,1.9.182,265
2026-09-21,1.9.183,290
2026-09-21,1.9.184,258
2026-09-21,1.9.185,291
2026-09-21,1.9.186,259
2026-09-21,1.9.187,260
2026-09-21,1.9.188,273
2026-09-21,1.9.189,271
2026-09-21,1.9.19,237
2026-09-21,1.9.190,316
2026-09-21,1.9.191,261
2026-09-21,1.9.192,258
2026-09-21,1.9.193,260
2026-09-21,1.9.194,265
2026-09-21,1.9.195,267
2026-09-21,1.9.196,271
2026-09-21,1.9.197,349
2026-09-21,1.9.198,285
2026-09-21,1.9.199,349
2026-09-21,1.9.2,238
2026-09-21,1.9.20,278
2026-09-21,1.9.200,277
2026-09-21,1.9.201,347
2026-09-21,1.9.202,267
2026-09-21,1.9.203,273
2026-09-21,1.9.204,268
2026-09-21,1.9.205,314
2026-09-21,1.9.206,451
2026-09-21,1.9.207,315
2026-09-21,1.9.208,354
2026-09-21,1.9.209,271
2026-09-21,1.9.21,238
2026-09-21,1.9.210,302
2026-09-21,1.9.211,272
2026-09-21,1.9.212,400
2026-09-21,1.9.213,293
2026-09-21,1.9.214,579
2026-09-21,1.9.215,279
2026-09-21,1.9.216,285
2026-09-21,1.9.217,273
2026-09-21,1.9.218,313
2026-09-21,1.9.219,269
2026-09-21,1.9.22,251
2026-09-21,1.9.220,301
2026-09-21,1.9.221,281
2026-09-21,1.9.222,324
2026-09-21,1.9.223,269
2026-09-21,1.9.224,287
2026-09-21,1.9.225,324
2026-09-21,1.9.226,272
2026-09-21,1.9.227,279
2026-09-21,1.9.228,298
2026-09-21,1.9.229,278
2026-09-21,1.9.23,238
2026-09-21,1.9.230,277
2026-09-21,1.9.231,277
2026-09-21,1.9.232,771
2026-09-21,1.9.233,348
2026-09-21,1.9.234,342
2026-09-21,1.9.235,353
2026-09-21,1.9.236,336
2026-09-21,1.9.237,393
2026-09-21,1.9.238,330
2026-09-21,1.9.239,331
2026-09-21,1.9.24,250
2026-09-21,1.9.240,338
2026-09-21,1.9.241,333
2026-09-21,1.9.242,347
2026-09-21,1.9.243,338
2026-09-21,1.9.244,3340
2026-09-21,1.9.245,340
2026-09-21,1.9.246,329
2026-09-21,1.9.247,364
2026-09-21,1.9.248,392
2026-09-21,1.9.249,336
2026-09-21,1.9.25,241
2026-09-21,1.9.250,392
2026-09-21,1.9.251,1106
2026-09-21,1.9.252,360
2026-09-21,1.9.253,2971
2026-09-21,1.9.26,244
2026-09-21,1.9.27,969
2026-09-21,1.9.28,285
2026-09-21,1.9.29,241
2026-09-21,1.9.3,233
2026-09-21,1.9.30,251
2026-09-21,1.9.31,250
2026-09-21,1.9.32,273
2026-09-21,1.9.33,346
2026-09-21,1.9.34,243
2026-09-21,1.9.35,266
2026-09-21,1.9.36,242
2026-09-21,1.9.37,270
2026-09-21,1.9.38,257
2026-09-21,1.9.39,253
2026-09-21,1.9.4,290
2026-09-21,1.9.40,243
2026-09-21,1.9.41,240
2026-09-21,1.9.42,252
2026-09-21,1.9.43,252
2026-09-21,1.9.44,268
2026-09-21,1.9.45,249
2026-09-21,1.9.46,243
2026-09-21,1.9.47,287
2026-09-21,1.9.48,262
2026-09-21,1.9.49,259
2026-09-21,1.9.5,232
2026-09-21,1.9.50,248
2026-09-21,1.9.51,259
2026-09-21,1.9.52,258
2026-09-21,1.9.53,247
2026-09-21,1.9.54,240
2026-09-21,1.9.55,247
2026-09-21,1.9.56,252
2026-09-21,1.9.57,352
2026-09-21,1.9.58,243
2026-09-21,1.9.59,240
2026-09-21,1.9.6,239
2026-09-21,1.9.60,255
2026-09-21,1.9.61,242
2026-09-21,1.9.62,270
2026-09-21,1.9.63,243
2026-09-21,1.9.64,252
2026-09-21,1.9.65,241
2026-09-21,1.9.66,268
2026-09-21,1.9.67,252
2026-09-21,1.9.68,243
2026-09-21,1.9.69,243
2026-09-21,1.9.7,240
2026-09-21,1.9.70,243
2026-09-21,1.9.71,507
2026-09-21,1.9.72,246
2026-09-21,1.9.73,248
2026-09-21,1.9.74,306
2026-09-21,1.9.75,266
2026-09-21,1.9.76,254
2026-09-21,1.9.77,290
2026-09-21,1.9.78,247
2026-09-21,1.9.79,249
2026-09-21,1.9.8,240
2026-09-21,1.9.80,278
2026-09-21,1.9.81,249
2026-09-21,1.9.82,248
2026-09-21,1.9.83,261
2026-09-21,1.9.84,293
2026-09-21,1.9.85,252
2026-09-21,1.9.86,400
2026-09-21,1.9.87,322
2026-09-21,1.9.88,259
2026-09-21,1.9.89,242
2026-09-21,1.9.9,233
2026-09-21,1.9.90,241
2026-09-21,1.9.91,279
2026-09-21,1.9.92,370
2026-09-21,1.9.93,259
2026-09-21,1.9.94,243
2026-09-21,1.9.95,259
2026-09-21,1.9.96,243
2026-09-21,1.9.97,244
2026-09-21,1.9.98,252
2026-09-21,1.9.99,291
2026-09-22,0.0.1,146
2026-09-22,0.0.10,3
2026-09-22,0.0.11,4
2026-09-22,0.0.12,4
2026-09-22,0.0.13,4
2026-09-22,0.0.14,12
2026-09-22,0.0.16,6
2026-09-22,0.0.17,5
2026-09-22,0.0.18,4
2026-09-22,0.0.19,4
2026-09-22,0.0.2,5
2026-09-22,0.0.20,4
2026-09-22,0.0.21,4
2026-09-22,0.0.22,5
2026-09-22,0.0.3,4
2026-09-22,0.0.4,5
2026-09-22,0.0.5,4
2026-09-22,0.0.6,4
2026-09-22,0.0.7,4
2026-09-22,0.0.8,4
2026-09-22,0.0.9,4
2026-09-22,1.0.0,10
2026-09-22,1.0.1,6
2026-09-22,1.1.0,7
2026-09-22,1.1.1,6
2026-09-22,1.1.2,5
2026-09-22,1.1.3,23
2026-09-22,1.1.4,34
2026-09-22,1.10.0,596
2026-09-22,1.10.1,318
2026-09-22,1.10.10,316
2026-09-22,1.10.11,305
2026-09-22,1.10.12,624
2026-09-22,1.10.13,311
2026-09-22,1.10.14,333
2026-09-22,1.10.15,312
2026-09-22,1.10.16,773
2026-09-22,1.10.17,324
2026-09-22,1.10.18,381
2026-09-22,1.10.19,316
2026-09-22,1.10.2,339
2026-09-22,1.10.20,304
2026-09-22,1.10.21,305
2026-09-22,1.10.22,309
2026-09-22,1.10.23,317
2026-09-22,1.10.24,299
2026-09-22,1.10.25,307
2026-09-22,1.10.26,299
2026-09-22,1.10.27,337
2026-09-22,1.10.28,374
2026-09-22,1.10.29,330
2026-09-22,1.10.3,303
2026-09-22,1.10.30,742
2026-09-22,1.10.31,303
2026-09-22,1.10.32,330
2026-09-22,1.10.33,308
2026-09-22,1.10.34,453
2026-09-22,1.10.35,324
2026-09-22,1.10.36,322
2026-09-22,1.10.37,310
2026-09-22,1.10.38,322
2026-09-22,1.10.39,358
2026-09-22,1.10.4,373
2026-09-22,1.10.40,306
2026-09-22,1.10.41,896
2026-09-22,1.10.42,306
2026-09-22,1.10.43,338
2026-09-22,1.10.44,305
2026-09-22,1.10.45,1277
2026-09-22,1.10.46,313
2026-09-22,1.10.47,325
2026-09-22,1.10.48,478
2026-09-22,1.10.49,411
2026-09-22,1.10.5,302
2026-09-22,1.10.50,1452
2026-09-22,1.10.6,518
2026-09-22,1.10.7,317
2026-09-22,1.10.8,326
2026-09-22,1.10.9,305
2026-09-22,1.11.0,2773
2026-09-22,1.11.1,340
2026-09-22,1.11.10,339
2026-09-22,1.11.11,345
2026-09-22,1.11.12,377
2026-09-22,1.11.13,321
2026-09-22,1.11.14,325
2026-09-22,1.11.15,393
2026-09-22,1.11.16,492
2026-09-22,1.11.17,985
2026-09-22,1.11.2,333
2026-09-22,1.11.3,320
2026-09-22,1.11.4,318
2026-09-22,1.11.5,327
2026-09-22,1.11.6,341
2026-09-22,1.11.7,451
2026-09-22,1.11.8,319
2026-09-22,1.11.9,1018
2026-09-22,1.12.0,989
2026-09-22,1.12.1,328
2026-09-22,1.12.10,312
2026-09-22,1.12.11,324
2026-09-22,1.12.12,363
2026-09-22,1.12.13,400
2026-09-22,1.12.14,320
2026-09-22,1.12.15,431
2026-09-22,1.12.16,394
2026-09-22,1.12.17,379
2026-09-22,1.12.18,402
2026-09-22,1.12.19,329
2026-09-22,1.12.2,654
2026-09-22,1.12.20,320
2026-09-22,1.12.21,626
2026-09-22,1.12.22,358
2026-09-22,1.12.23,512
2026-09-22,1.12.24,329
2026-09-22,1.12.25,351
2026-09-22,1.12.26,328
2026-09-22,1.12.27,358
2026-09-22,1.12.28,336
2026-09-22,1.12.29,337
2026-09-22,1.12.3,447
2026-09-22,1.12.30,326
2026-09-22,1.12.31,354
2026-09-22,1.12.32,611
2026-09-22,1.12.33,349
2026-09-22,1.12.34,324
2026-09-22,1.12.35,601
2026-09-22,1.12.36,444
2026-09-22,1.12.37,389
2026-09-22,1.12.38,346
2026-09-22,1.12.39,623
2026-09-22,1.12.4,3644
2026-09-22,1.12.40,323
2026-09-22,1.12.41,360
2026-09-22,1.12.42,327
2026-09-22,1.12.43,547
2026-09-22,1.12.44,340
2026-09-22,1.12.45,337
2026-09-22,1.12.46,1926
2026-09-22,1.12.47,383
2026-09-22,1.12.48,510
2026-09-22,1.12.49,2919
2026-09-22,1.12.5,328
2026-09-22,1.12.6,345
2026-09-22,1.12.7,335
2026-09-22,1.12.8,537
2026-09-22,1.12.9,325
2026-09-22,1.13.0,713
2026-09-22,1.13.1,944
2026-09-22,1.13.10,337
2026-09-22,1.13.11,334
2026-09-22,1.13.12,331
2026-09-22,1.13.13,338
2026-09-22,1.13.14,336
2026-09-22,1.13.15,324
2026-09-22,1.13.16,338
2026-09-22,1.13.17,316
2026-09-22,1.13.18,327
2026-09-22,1.13.19,759
2026-09-22,1.13.2,566
2026-09-22,1.13.20,312
2026-09-22,1.13.21,324
2026-09-22,1.13.22,327
2026-09-22,1.13.23,897
2026-09-22,1.13.24,404
2026-09-22,1.13.25,378
2026-09-22,1.13.26,516
2026-09-22,1.13.3,664
2026-09-22,1.13.4,376
2026-09-22,1.13.5,329
2026-09-22,1.13.6,340
2026-09-22,1.13.7,320
2026-09-22,1.13.8,331
2026-09-22,1.13.9,472
2026-09-22,1.14.0,387
2026-09-22,1.14.1,324
2026-09-22,1.14.10,320
2026-09-22,1.14.11,618
2026-09-22,1.14.12,381
2026-09-22,1.14.13,336
2026-09-22,1.14.14,348
2026-09-22,1.14.15,537
2026-09-22,1.14.16,410
2026-09-22,1.14.17,376
2026-09-22,1.14.18,343
2026-09-22,1.14.19,354
2026-09-22,1.14.2,375
2026-09-22,1.14.20,561
2026-09-22,1.14.21,333
2026-09-22,1.14.22,613
2026-09-22,1.14.23,343
2026-09-22,1.14.24,355
2026-09-22,1.14.25,421
2026-09-22,1.14.26,357
2026-09-22,1.14.27,342
2026-09-22,1.14.28,410
2026-09-22,1.14.29,1445
2026-09-22,1.14.3,349
2026-09-22,1.14.30,460
2026-09-22,1.14.31,338
2026-09-22,1.14.32,2556
2026-09-22,1.14.33,434
2026-09-22,1.14.34,333
2026-09-22,1.14.35,353
2026-09-22,1.14.36,674
2026-09-22,1.14.37,413
2026-09-22,1.14.38,368
2026-09-22,1.14.39,389
2026-09-22,1.14.4,429
2026-09-22,1.14.40,350
2026-09-22,1.14.41,351
2026-09-22,1.14.42,463
2026-09-22,1.14.43,346
2026-09-22,1.14.44,695
2026-09-22,1.14.45,348
2026-09-22,1.14.46,4273
2026-09-22,1.14.47,2401
2026-09-22,1.14.48,1096
2026-09-22,1.14.49,354
2026-09-22,1.14.5,452
2026-09-22,1.14.50,340
2026-09-22,1.14.51,372
2026-09-22,1.14.52,497
2026-09-22,1.14.53,352
2026-09-22,1.14.54,394
2026-09-22,1.14.55,353
2026-09-22,1.14.56,875
2026-09-22,1.14.57,393
2026-09-22,1.14.58,356
2026-09-22,1.14.59,423
2026-09-22,1.14.6,318
2026-09-22,1.14.60,764
2026-09-22,1.14.61,364
2026-09-22,1.14.62,404
2026-09-22,1.14.63,1176
2026-09-22,1.14.7,420
2026-09-22,1.14.8,581
2026-09-22,1.14.9,476
2026-09-22,1.15.0,2243
2026-09-22,1.15.1,428
2026-09-22,1.15.10,438
2026-09-22,1.15.11,380
2026-09-22,1.15.12,372
2026-09-22,1.15.13,503
2026-09-22,1.15.14,365
2026-09-22,1.15.15,529
2026-09-22,1.15.16,866
2026-09-22,1.15.17,1036
2026-09-22,1.15.18,9626
2026-09-22,1.15.2,399
2026-09-22,1.15.3,1134
2026-09-22,1.15.4,341
2026-09-22,1.15.5,1662
2026-09-22,1.15.6,476
2026-09-22,1.15.7,378
2026-09-22,1.15.8,367
2026-09-22,1.15.9,1262
2026-09-22,1.16.0,628
2026-09-22,1.16.1,386
2026-09-22,1.16.10,402
2026-09-22,1.16.11,350
2026-09-22,1.16.12,704
2026-09-22,1.16.13,417
2026-09-22,1.16.14,374
2026-09-22,1.16.15,527
2026-09-22,1.16.16,768
2026-09-22,1.16.17,368
2026-09-22,1.16.18,7270
2026-09-22,1.16.19,391
2026-09-22,1.16.2,381
2026-09-22,1.16.20,391
2026-09-22,1.16.21,366
2026-09-22,1.16.22,367
2026-09-22,1.16.23,446
2026-09-22,1.16.24,509
2026-09-22,1.16.25,905
2026-09-22,1.16.26,354
2026-09-22,1.16.27,357
2026-09-22,1.16.28,489
2026-09-22,1.16.29,382
2026-09-22,1.16.3,406
2026-09-22,1.16.30,566
2026-09-22,1.16.31,571
2026-09-22,1.16.32,404
2026-09-22,1.16.33,391
2026-09-22,1.16.34,1195
2026-09-22,1.16.35,481
2026-09-22,1.16.36,1145
2026-09-22,1.16.37,377
2026-09-22,1.16.38,360
2026-09-22,1.16.39,365
2026-09-22,1.16.4,9142
2026-09-22,1.16.40,388
2026-09-22,1.16.41,357
2026-09-22,1.16.42,363
2026-09-22,1.16.43,402
2026-09-22,1.16.44,1080
2026-09-22,1.16.45,2556
2026-09-22,1.16.46,1062
2026-09-22,1.16.47,1092
2026-09-22,1.16.48,1069
2026-09-22,1.16.49,1095
2026-09-22,1.16.5,495
2026-09-22,1.16.50,1104
2026-09-22,1.16.51,1396
2026-09-22,1.16.52,2103
2026-09-22,1.16.53,1080
2026-09-22,1.16.54,1140
2026-09-22,1.16.55,1131
2026-09-22,1.16.56,1103
2026-09-22,1.16.57,1186
2026-09-22,1.16.58,1094
2026-09-22,1.16.59,1174
2026-09-22,1.16.6,440
2026-09-22,1.16.60,1208
2026-09-22,1.16.61,1136
2026-09-22,1.16.62,1412
2026-09-22,1.16.63,5047
2026-09-22,1.16.7,1642
2026-09-22,1.16.8,5190
2026-09-22,1.16.9,426
2026-09-22,1.17.0,1866
2026-09-22,1.17.1,1999
2026-09-22,1.17.10,1304
2026-09-22,1.17.100,2081
2026-09-22,1.17.101,1374
2026-09-22,1.17.102,1338
2026-09-22,1.17.103,1328
2026-09-22,1.17.104,1603
2026-09-22,1.17.105,1274
2026-09-22,1.17.106,5435
2026-09-22,1.17.107,2958
2026-09-22,1.17.108,1538
2026-09-22,1.17.109,1580
2026-09-22,1.17.11,1080
2026-09-22,1.17.110,1463
2026-09-22,1.17.111,1512
2026-09-22,1.17.112,55184
2026-09-22,1.17.12,1090
2026-09-22,1.17.13,1105
2026-09-22,1.17.14,1076
2026-09-22,1.17.15,1114
2026-09-22,1.17.16,1195
2026-09-22,1.17.17,1079
2026-09-22,1.17.18,2191
2026-09-22,1.17.19,1089
2026-09-22,1.17.2,2570
2026-09-22,1.17.20,1079
2026-09-22,1.17.21,1203
2026-09-22,1.17.22,1133
2026-09-22,1.17.23,1134
2026-09-22,1.17.24,1119
2026-09-22,1.17.25,1158
2026-09-22,1.17.26,1080
2026-09-22,1.17.27,1165
2026-09-22,1.17.28,1200
2026-09-22,1.17.29,1100
2026-09-22,1.17.3,1331
2026-09-22,1.17.30,1169
2026-09-22,1.17.31,1060
2026-09-22,1.17.32,1442
2026-09-22,1.17.33,1108
2026-09-22,1.17.34,1323
2026-09-22,1.17.35,1170
2026-09-22,1.17.36,1073
2026-09-22,1.17.37,1060
2026-09-22,1.17.38,1074
2026-09-22,1.17.39,2339
2026-09-22,1.17.4,1142
2026-09-22,1.17.40,1274
2026-09-22,1.17.41,1113
2026-09-22,1.17.42,1212
2026-09-22,1.17.43,1087
2026-09-22,1.17.44,1092
2026-09-22,1.17.45,1182
2026-09-22,1.17.46,1496
2026-09-22,1.17.47,1978
2026-09-22,1.17.48,1193
2026-09-22,1.17.49,3160
2026-09-22,1.17.5,1854
2026-09-22,1.17.50,1207
2026-09-22,1.17.51,1185
2026-09-22,1.17.52,621
2026-09-22,1.17.53,1783
2026-09-22,1.17.54,1696
2026-09-22,1.17.55,1264
2026-09-22,1.17.56,1237
2026-09-22,1.17.57,1461
2026-09-22,1.17.58,1257
2026-09-22,1.17.59,1271
2026-09-22,1.17.6,1701
2026-09-22,1.17.60,1728
2026-09-22,1.17.61,1294
2026-09-22,1.17.62,1245
2026-09-22,1.17.63,1218
2026-09-22,1.17.64,1563
2026-09-22,1.17.65,1222
2026-09-22,1.17.66,1302
2026-09-22,1.17.67,11145
2026-09-22,1.17.68,2022
2026-09-22,1.17.69,1324
2026-09-22,1.17.7,1090
2026-09-22,1.17.70,1229
2026-09-22,1.17.71,1643
2026-09-22,1.17.72,1281
2026-09-22,1.17.73,1373
2026-09-22,1.17.74,1303
2026-09-22,1.17.75,1598
2026-09-22,1.17.76,1945
2026-09-22,1.17.77,1253
2026-09-22,1.17.78,1342
2026-09-22,1.17.79,1904
2026-09-22,1.17.8,1125
2026-09-22,1.17.80,1652
2026-09-22,1.17.81,1233
2026-09-22,1.17.82,1260
2026-09-22,1.17.83,1218
2026-09-22,1.17.84,1417
2026-09-22,1.17.85,1392
2026-09-22,1.17.86,1574
2026-09-22,1.17.87,1764
2026-09-22,1.17.88,1301
2026-09-22,1.17.89,8762
2026-09-22,1.17.9,1599
2026-09-22,1.17.90,1431
2026-09-22,1.17.91,1287
2026-09-22,1.17.92,1330
2026-09-22,1.17.93,1399
2026-09-22,1.17.94,1828
2026-09-22,1.17.95,1402
2026-09-22,1.17.96,13020
2026-09-22,1.17.97,1284
2026-09-22,1.17.98,1376
2026-09-22,1.17.99,1513
2026-09-22,1.18.0,1515
2026-09-22,1.18.1,1423
2026-09-22,1.18.10,1380
2026-09-22,1.18.11,1428
2026-09-22,1.18.12,1912
2026-09-22,1.18.13,1518
2026-09-22,1.18.14,1548
2026-09-22,1.18.15,1368
2026-09-22,1.18.16,1421
2026-09-22,1.18.17,1415
2026-09-22,1.18.18,34925
2026-09-22,1.18.19,8326
2026-09-22,1.18.2,1412
2026-09-22,1.18.20,1383
2026-09-22,1.18.21,1937
2026-09-22,1.18.22,1648
2026-09-22,1.18.23,2495
2026-09-22,1.18.24,1479
2026-09-22,1.18.25,28433
2026-09-22,1.18.26,1389
2026-09-22,1.18.27,1419
2026-09-22,1.18.28,1417
2026-09-22,1.18.29,2618
2026-09-22,1.18.3,10127
2026-09-22,1.18.30,1491
2026-09-22,1.18.31,1723
2026-09-22,1.18.32,1542
2026-09-22,1.18.33,1400
2026-09-22,1.18.34,1404
2026-09-22,1.18.35,1372
2026-09-22,1.18.36,1934
2026-09-22,1.18.37,1388
2026-09-22,1.18.38,1442
2026-09-22,1.18.39,1517
2026-09-22,1.18.4,4441
2026-09-22,1.18.40,1417
2026-09-22,1.18.41,1376
2026-09-22,1.18.42,1471
2026-09-22,1.18.43,1436
2026-09-22,1.18.44,1596
2026-09-22,1.18.45,1405
2026-09-22,1.18.46,4492
2026-09-22,1.18.47,1418
2026-09-22,1.18.48,1707
2026-09-22,1.18.49,1424
2026-09-22,1.18.5,1354
2026-09-22,1.18.50,1653
2026-09-22,1.18.51,1548
2026-09-22,1.18.52,1361
2026-09-22,1.18.53,1364
2026-09-22,1.18.54,2103
2026-09-22,1.18.55,1393
2026-09-22,1.18.56,23491
2026-09-22,1.18.57,1430
2026-09-22,1.18.58,1381
2026-09-22,1.18.59,1919
2026-09-22,1.18.6,1603
2026-09-22,1.18.60,1391
2026-09-22,1.18.61,1573
2026-09-22,1.18.62,1407
2026-09-22,1.18.63,93730
2026-09-22,1.18.64,3393
2026-09-22,1.18.65,5627
2026-09-22,1.18.7,1420
2026-09-22,1.18.8,10004
2026-09-22,1.18.9,1364
2026-09-22,1.19.0,4358
2026-09-22,1.19.1,1369
2026-09-22,1.19.10,2409
2026-09-22,1.19.11,2229
2026-09-22,1.19.12,17382
2026-09-22,1.19.2,2731
2026-09-22,1.19.3,1454
2026-09-22,1.19.4,1412
2026-09-22,1.19.5,2230
2026-09-22,1.19.6,2682
2026-09-22,1.19.7,2209
2026-09-22,1.19.8,2661
2026-09-22,1.19.9,2228
2026-09-22,1.2.0,38
2026-09-22,1.2.1,36
2026-09-22,1.2.2,50
2026-09-22,1.2.3,51
2026-09-22,1.2.4,32
2026-09-22,1.2.5,35
2026-09-22,1.2.6,36
2026-09-22,1.20.0,2914
2026-09-22,1.20.1,2211
2026-09-22,1.20.10,2284
2026-09-22,1.20.11,3332
2026-09-22,1.20.12,3324
2026-09-22,1.20.13,2342
2026-09-22,1.20.14,2498
2026-09-22,1.20.15,2409
2026-09-22,1.20.16,2235
2026-09-22,1.20.17,19974
2026-09-22,1.20.18,2283
2026-09-22,1.20.19,2361
2026-09-22,1.20.2,2253
2026-09-22,1.20.20,2554
2026-09-22,1.20.21,2396
2026-09-22,1.20.22,2238
2026-09-22,1.20.23,2601
2026-09-22,1.20.24,6034
2026-09-22,1.20.25,2322
2026-09-22,1.20.26,5412
2026-09-22,1.20.27,2447
2026-09-22,1.20.28,2311
2026-09-22,1.20.29,4401
2026-09-22,1.20.3,2320
2026-09-22,1.20.30,2323
2026-09-22,1.20.31,2465
2026-09-22,1.20.32,2692
2026-09-22,1.20.33,2323
2026-09-22,1.20.34,2411
2026-09-22,1.20.35,2569
2026-09-22,1.20.36,2302
2026-09-22,1.20.37,2333
2026-09-22,1.20.38,2361
2026-09-22,1.20.39,3200
2026-09-22,1.20.4,2372
2026-09-22,1.20.40,2328
2026-09-22,1.20.41,2376
2026-09-22,1.20.42,2454
2026-09-22,1.20.43,2323
2026-09-22,1.20.44,2985
2026-09-22,1.20.45,2848
2026-09-22,1.20.46,26748
2026-09-22,1.20.47,2370
2026-09-22,1.20.48,2345
2026-09-22,1.20.49,2501
2026-09-22,1.20.5,2300
2026-09-22,1.20.50,2421
2026-09-22,1.20.51,2426
2026-09-22,1.20.52,2430
2026-09-22,1.20.53,2389
2026-09-22,1.20.54,4699
2026-09-22,1.20.6,2241
2026-09-22,1.20.7,2560
2026-09-22,1.20.8,2892
2026-09-22,1.20.9,2231
2026-09-22,1.21.0,3867
2026-09-22,1.21.1,2423
2026-09-22,1.21.10,2613
2026-09-22,1.21.11,2362
2026-09-22,1.21.12,2315
2026-09-22,1.21.13,2424
2026-09-22,1.21.14,7213
2026-09-22,1.21.15,2642
2026-09-22,1.21.16,2493
2026-09-22,1.21.17,2385
2026-09-22,1.21.18,4319
2026-09-22,1.21.19,2418
2026-09-22,1.21.2,2519
2026-09-22,1.21.20,2357
2026-09-22,1.21.21,7481
2026-09-22,1.21.22,3102
2026-09-22,1.21.23,2592
2026-09-22,1.21.24,2562
2026-09-22,1.21.25,2769
2026-09-22,1.21.26,2605
2026-09-22,1.21.27,2777
2026-09-22,1.21.28,2741
2026-09-22,1.21.29,2682
2026-09-22,1.21.3,2520
2026-09-22,1.21.30,3501
2026-09-22,1.21.31,2799
2026-09-22,1.21.32,14823
2026-09-22,1.21.33,2597
2026-09-22,1.21.34,2612
2026-09-22,1.21.35,3140
2026-09-22,1.21.36,2672
2026-09-22,1.21.37,2742
2026-09-22,1.21.38,2675
2026-09-22,1.21.39,2622
2026-09-22,1.21.4,2441
2026-09-22,1.21.40,2584
2026-09-22,1.21.41,2660
2026-09-22,1.21.42,7138
2026-09-22,1.21.43,2722
2026-09-22,1.21.44,2608
2026-09-22,1.21.45,2663
2026-09-22,1.21.46,4740
2026-09-22,1.21.5,2290
2026-09-22,1.21.6,2658
2026-09-22,1.21.7,2367
2026-09-22,1.21.8,2389
2026-09-22,1.21.9,2305
2026-09-22,1.22.0,5231
2026-09-22,1.22.1,2682
2026-09-22,1.22.10,3125
2026-09-22,1.22.11,3249
2026-09-22,1.22.12,3013
2026-09-22,1.22.13,3508
2026-09-22,1.22.2,3001
2026-09-22,1.22.3,6445
2026-09-22,1.22.4,2606
2026-09-22,1.22.5,7267
2026-09-22,1.22.6,3111
2026-09-22,1.22.7,3188
2026-09-22,1.22.8,3130
2026-09-22,1.22.9,3765
2026-09-22,1.23.0,3046
2026-09-22,1.23.1,3054
2026-09-22,1.23.10,83268
2026-09-22,1.23.2,3585
2026-09-22,1.23.3,2988
2026-09-22,1.23.4,3083
2026-09-22,1.23.5,3542
2026-09-22,1.23.6,3166
2026-09-22,1.23.7,3061
2026-09-22,1.23.8,3217
2026-09-22,1.23.9,3643
2026-09-22,1.24.0,25850
2026-09-22,1.24.1,17181
2026-09-22,1.24.10,19075
2026-09-22,1.24.11,17736
2026-09-22,1.24.12,17914
2026-09-22,1.24.13,17816
2026-09-22,1.24.14,17897
2026-09-22,1.24.15,18419
2026-09-22,1.24.16,17680
2026-09-22,1.24.17,17781
2026-09-22,1.24.18,17861
2026-09-22,1.24.19,17827
2026-09-22,1.24.2,18513
2026-09-22,1.24.20,17925
2026-09-22,1.24.21,17921
2026-09-22,1.24.22,18493
2026-09-22,1.24.23,17819
2026-09-22,1.24.24,17713
2026-09-22,1.24.25,18053
2026-09-22,1.24.26,17733
2026-09-22,1.24.27,17722
2026-09-22,1.24.28,45584
2026-09-22,1.24.29,38640
2026-09-22,1.24.3,17363
2026-09-22,1.24.30,18104
2026-09-22,1.24.31,17748
2026-09-22,1.24.32,52908
2026-09-22,1.24.33,17769
2026-09-22,1.24.34,18073
2026-09-22,1.24.35,17735
2026-09-22,1.24.36,17892
2026-09-22,1.24.37,17803
2026-09-22,1.24.38,18387
2026-09-22,1.24.39,18327
2026-09-22,1.24.4,17116
2026-09-22,1.24.40,18303
2026-09-22,1.24.41,17686
2026-09-22,1.24.42,17765
2026-09-22,1.24.43,18094
2026-09-22,1.24.44,18096
2026-09-22,1.24.45,17765
2026-09-22,1.24.46,18092
2026-09-22,1.24.47,17732
2026-09-22,1.24.48,17800
2026-09-22,1.24.49,17760
2026-09-22,1.24.5,21531
2026-09-22,1.24.50,17827
2026-09-22,1.24.51,18124
2026-09-22,1.24.52,18383
2026-09-22,1.24.53,17722
2026-09-22,1.24.54,17711
2026-09-22,1.24.55,17940
2026-09-22,1.24.56,17818
2026-09-22,1.24.57,20015
2026-09-22,1.24.58,17707
2026-09-22,1.24.59,45468
2026-09-22,1.24.6,17739
2026-09-22,1.24.60,25824
2026-09-22,1.24.61,21848
2026-09-22,1.24.62,22141
2026-09-22,1.24.63,22004
2026-09-22,1.24.64,26699
2026-09-22,1.24.65,21944
2026-09-22,1.24.66,21987
2026-09-22,1.24.67,21861
2026-09-22,1.24.68,22060
2026-09-22,1.24.69,21855
2026-09-22,1.24.7,18046
2026-09-22,1.24.70,31596
2026-09-22,1.24.71,22114
2026-09-22,1.24.72,21818
2026-09-22,1.24.73,21817
2026-09-22,1.24.74,21961
2026-09-22,1.24.75,21935
2026-09-22,1.24.76,23317
2026-09-22,1.24.77,21853
2026-09-22,1.24.78,21873
2026-09-22,1.24.79,22058
2026-09-22,1.24.8,18072
2026-09-22,1.24.80,22229
2026-09-22,1.24.81,23766
2026-09-22,1.24.82,22193
2026-09-22,1.24.83,21871
2026-09-22,1.24.84,21904
2026-09-22,1.24.85,21838
2026-09-22,1.24.86,22080
2026-09-22,1.24.87,21913
2026-09-22,1.24.88,22059
2026-09-22,1.24.89,22630
2026-09-22,1.24.9,17711
2026-09-22,1.24.90,24258
2026-09-22,1.24.91,21932
2026-09-22,1.24.92,21867
2026-09-22,1.24.93,21929
2026-09-22,1.24.94,22284
2026-09-22,1.24.95,21832
2026-09-22,1.24.96,26923
2026-09-22,1.25.0,21912
2026-09-22,1.25.1,21763
2026-09-22,1.25.2,21843
2026-09-22,1.25.3,21766
2026-09-22,1.25.4,21958
2026-09-22,1.25.5,23813
2026-09-22,1.26.0,28312
2026-09-22,1.26.1,22980
2026-09-22,1.26.10,21887
2026-09-22,1.26.100,80240
2026-09-22,1.26.101,43842
2026-09-22,1.26.102,32994
2026-09-22,1.26.103,21329
2026-09-22,1.26.104,21584
2026-09-22,1.26.105,21292
2026-09-22,1.26.106,21462
2026-09-22,1.26.107,21354
2026-09-22,1.26.108,39431
2026-09-22,1.26.109,22075
2026-09-22,1.26.11,22206
2026-09-22,1.26.110,21397
2026-09-22,1.26.111,21378
2026-09-22,1.26.112,21301
2026-09-22,1.26.113,35488
2026-09-22,1.26.114,21492
2026-09-22,1.26.115,22308
2026-09-22,1.26.116,37101
2026-09-22,1.26.117,22503
2026-09-22,1.26.118,22066
2026-09-22,1.26.119,21229
2026-09-22,1.26.12,21874
2026-09-22,1.26.120,23267
2026-09-22,1.26.121,21466
2026-09-22,1.26.122,21619
2026-09-22,1.26.123,21315
2026-09-22,1.26.124,48345
2026-09-22,1.26.125,21516
2026-09-22,1.26.126,22813
2026-09-22,1.26.127,21375
2026-09-22,1.26.128,21373
2026-09-22,1.26.129,23930
2026-09-22,1.26.13,22390
2026-09-22,1.26.130,21364
2026-09-22,1.26.131,21317
2026-09-22,1.26.132,21614
2026-09-22,1.26.133,23636
2026-09-22,1.26.134,21280
2026-09-22,1.26.135,22098
2026-09-22,1.26.136,21530
2026-09-22,1.26.137,43240
2026-09-22,1.26.138,38776
2026-09-22,1.26.139,21410
2026-09-22,1.26.14,21982
2026-09-22,1.26.140,21582
2026-09-22,1.26.141,23536
2026-09-22,1.26.142,21890
2026-09-22,1.26.143,21574
2026-09-22,1.26.144,21748
2026-09-22,1.26.145,21337
2026-09-22,1.26.146,21590
2026-09-22,1.26.147,21468
2026-09-22,1.26.148,21340
2026-09-22,1.26.149,21378
2026-09-22,1.26.15,22174
2026-09-22,1.26.150,22327
2026-09-22,1.26.151,23196
2026-09-22,1.26.152,21455
2026-09-22,1.26.153,22790
2026-09-22,1.26.154,21424
2026-09-22,1.26.155,21756
2026-09-22,1.26.156,21428
2026-09-22,1.26.157,21672
2026-09-22,1.26.158,21849
2026-09-22,1.26.159,21531
2026-09-22,1.26.16,22391
2026-09-22,1.26.160,24262
2026-09-22,1.26.161,29548
2026-09-22,1.26.162,21505
2026-09-22,1.26.163,21469
2026-09-22,1.26.164,21418
2026-09-22,1.26.165,39519
2026-09-22,1.26.17,21899
2026-09-22,1.26.18,47643
2026-09-22,1.26.19,38323
2026-09-22,1.26.2,22356
2026-09-22,1.26.20,59228
2026-09-22,1.26.21,22697
2026-09-22,1.26.22,21873
2026-09-22,1.26.23,21998
2026-09-22,1.26.24,22009
2026-09-22,1.26.25,24954
2026-09-22,1.26.26,23411
2026-09-22,1.26.27,42360
2026-09-22,1.26.28,23999
2026-09-22,1.26.29,22555
2026-09-22,1.26.3,21894
2026-09-22,1.26.30,23260
2026-09-22,1.26.31,21830
2026-09-22,1.26.32,22380
2026-09-22,1.26.33,21858
2026-09-22,1.26.34,21962
2026-09-22,1.26.35,21944
2026-09-22,1.26.36,21896
2026-09-22,1.26.37,22425
2026-09-22,1.26.38,21810
2026-09-22,1.26.39,21810
2026-09-22,1.26.4,22025
2026-09-22,1.26.40,21787
2026-09-22,1.26.41,23027
2026-09-22,1.26.42,22337
2026-09-22,1.26.43,22578
2026-09-22,1.26.44,22164
2026-09-22,1.26.45,21925
2026-09-22,1.26.46,22008
2026-09-22,1.26.47,22169
2026-09-22,1.26.48,21968
2026-09-22,1.26.49,21814
2026-09-22,1.26.5,22150
2026-09-22,1.26.50,24237
2026-09-22,1.26.51,22968
2026-09-22,1.26.52,21906
2026-09-22,1.26.53,22385
2026-09-22,1.26.54,22096
2026-09-22,1.26.55,21880
2026-09-22,1.26.56,22446
2026-09-22,1.26.57,21855
2026-09-22,1.26.58,22266
2026-09-22,1.26.59,23294
2026-09-22,1.26.6,21881
2026-09-22,1.26.60,22051
2026-09-22,1.26.61,23731
2026-09-22,1.26.62,21928
2026-09-22,1.26.63,22055
2026-09-22,1.26.64,23934
2026-09-22,1.26.65,22102
2026-09-22,1.26.66,22231
2026-09-22,1.26.67,21887
2026-09-22,1.26.68,22213
2026-09-22,1.26.69,22013
2026-09-22,1.26.7,21969
2026-09-22,1.26.70,22100
2026-09-22,1.26.71,22149
2026-09-22,1.26.72,22135
2026-09-22,1.26.73,22766
2026-09-22,1.26.74,23190
2026-09-22,1.26.75,22350
2026-09-22,1.26.76,35888
2026-09-22,1.26.77,21912
2026-09-22,1.26.78,24502
2026-09-22,1.26.79,24171
2026-09-22,1.26.8,21880
2026-09-22,1.26.80,22327
2026-09-22,1.26.81,21977
2026-09-22,1.26.82,22524
2026-09-22,1.26.83,21928
2026-09-22,1.26.84,23701
2026-09-22,1.26.85,22119
2026-09-22,1.26.86,22028
2026-09-22,1.26.87,22486
2026-09-22,1.26.88,22064
2026-09-22,1.26.89,22215
2026-09-22,1.26.9,26338
2026-09-22,1.26.90,83145
2026-09-22,1.26.91,21968
2026-09-22,1.26.92,24480
2026-09-22,1.26.93,22931
2026-09-22,1.26.94,27561
2026-09-22,1.26.95,22109
2026-09-22,1.26.96,22128
2026-09-22,1.26.97,22286
2026-09-22,1.26.98,22052
2026-09-22,1.26.99,26136
2026-09-22,1.27.0,22351
2026-09-22,1.27.1,23168
2026-09-22,1.28.0,36409
2026-09-22,1.28.1,21875
2026-09-22,1.28.10,22476
2026-09-22,1.28.11,21638
2026-09-22,1.28.12,22083
2026-09-22,1.28.13,21310
2026-09-22,1.28.14,21866
2026-09-22,1.28.15,22066
2026-09-22,1.28.16,21695
2026-09-22,1.28.17,51918
2026-09-22,1.28.18,23217
2026-09-22,1.28.19,24663
2026-09-22,1.28.2,23128
2026-09-22,1.28.20,23332
2026-09-22,1.28.21,22504
2026-09-22,1.28.22,22795
2026-09-22,1.28.23,22590
2026-09-22,1.28.24,22541
2026-09-22,1.28.25,23519
2026-09-22,1.28.26,22558
2026-09-22,1.28.27,22939
2026-09-22,1.28.28,22596
2026-09-22,1.28.29,23904
2026-09-22,1.28.3,31052
2026-09-22,1.28.30,24543
2026-09-22,1.28.31,22810
2026-09-22,1.28.32,23271
2026-09-22,1.28.33,23218
2026-09-22,1.28.34,22904
2026-09-22,1.28.35,22502
2026-09-22,1.28.36,23231
2026-09-22,1.28.37,22598
2026-09-22,1.28.38,22895
2026-09-22,1.28.39,22536
2026-09-22,1.28.4,25603
2026-09-22,1.28.40,37889
2026-09-22,1.28.41,22899
2026-09-22,1.28.42,22517
2026-09-22,1.28.43,25259
2026-09-22,1.28.44,22836
2026-09-22,1.28.45,22605
2026-09-22,1.28.46,22576
2026-09-22,1.28.47,23655
2026-09-22,1.28.48,28561
2026-09-22,1.28.49,22618
2026-09-22,1.28.5,22687
2026-09-22,1.28.50,24225
2026-09-22,1.28.51,23404
2026-09-22,1.28.52,23418
2026-09-22,1.28.53,24523
2026-09-22,1.28.54,24555
2026-09-22,1.28.55,23314
2026-09-22,1.28.56,22738
2026-09-22,1.28.57,36909
2026-09-22,1.28.58,24024
2026-09-22,1.28.59,22882
2026-09-22,1.28.6,21928
2026-09-22,1.28.60,23302
2026-09-22,1.28.61,24531
2026-09-22,1.28.62,35857
2026-09-22,1.28.63,33679
2026-09-22,1.28.64,29068
2026-09-22,1.28.65,24406
2026-09-22,1.28.66,25828
2026-09-22,1.28.67,24310
2026-09-22,1.28.68,24769
2026-09-22,1.28.69,24516
2026-09-22,1.28.7,21930
2026-09-22,1.28.70,25280
2026-09-22,1.28.71,24467
2026-09-22,1.28.72,25943
2026-09-22,1.28.73,25221
2026-09-22,1.28.74,32625
2026-09-22,1.28.75,28647
2026-09-22,1.28.76,24604
2026-09-22,1.28.77,24433
2026-09-22,1.28.78,24883
2026-09-22,1.28.79,43757
2026-09-22,1.28.8,21438
2026-09-22,1.28.80,25455
2026-09-22,1.28.81,24258
2026-09-22,1.28.82,25083
2026-09-22,1.28.83,30667
2026-09-22,1.28.84,25637
2026-09-22,1.28.85,32465
2026-09-22,1.28.9,42669
2026-09-22,1.29.0,26175
2026-09-22,1.29.1,25538
2026-09-22,1.29.2,30840
2026-09-22,1.29.3,25361
2026-09-22,1.29.4,25921
2026-09-22,1.29.5,26837
2026-09-22,1.29.6,25482
2026-09-22,1.29.7,29862
2026-09-22,1.3.0,226
2026-09-22,1.3.1,162
2026-09-22,1.33.0,26829
2026-09-22,1.33.1,32763
2026-09-22,1.33.10,25129
2026-09-22,1.33.11,25872
2026-09-22,1.33.12,29911
2026-09-22,1.33.13,1033068
2026-09-22,1.33.2,31459
2026-09-22,1.33.3,25377
2026-09-22,1.33.4,26439
2026-09-22,1.33.5,27275
2026-09-22,1.33.6,26087
2026-09-22,1.33.7,26613
2026-09-22,1.33.8,25275
2026-09-22,1.33.9,26712
2026-09-22,1.34.0,90377
2026-09-22,1.34.1,22833
2026-09-22,1.34.10,23540
2026-09-22,1.34.100,87509
2026-09-22,1.34.101,85768
2026-09-22,1.34.102,92059
2026-09-22,1.34.103,85378
2026-09-22,1.34.104,96162
2026-09-22,1.34.105,86083
2026-09-22,1.34.106,98546
2026-09-22,1.34.107,87131
2026-09-22,1.34.108,87854
2026-09-22,1.34.109,87594
2026-09-22,1.34.11,25686
2026-09-22,1.34.110,98970
2026-09-22,1.34.111,87333
2026-09-22,1.34.112,88130
2026-09-22,1.34.113,89009
2026-09-22,1.34.114,87321
2026-09-22,1.34.115,92530
2026-09-22,1.34.116,88051
2026-09-22,1.34.117,89188
2026-09-22,1.34.118,88287
2026-09-22,1.34.119,131463
2026-09-22,1.34.12,25329
2026-09-22,1.34.120,88154
2026-09-22,1.34.121,87154
2026-09-22,1.34.122,87770
2026-09-22,1.34.123,89520
2026-09-22,1.34.124,89045
2026-09-22,1.34.125,87646
2026-09-22,1.34.126,87124
2026-09-22,1.34.127,91262
2026-09-22,1.34.128,89460
2026-09-22,1.34.129,97751
2026-09-22,1.34.13,23370
2026-09-22,1.34.130,88216
2026-09-22,1.34.131,282535
2026-09-22,1.34.132,88950
2026-09-22,1.34.133,93387
2026-09-22,1.34.134,88593
2026-09-22,1.34.135,90930
2026-09-22,1.34.136,89645
2026-09-22,1.34.137,95517
2026-09-22,1.34.138,91273
2026-09-22,1.34.139,88849
2026-09-22,1.34.14,25278
2026-09-22,1.34.140,90877
2026-09-22,1.34.141,92874
2026-09-22,1.34.142,95207
2026-09-22,1.34.143,92363
2026-09-22,1.34.144,112495
2026-09-22,1.34.145,135260
2026-09-22,1.34.146,95531
2026-09-22,1.34.147,92370
2026-09-22,1.34.148,90063
2026-09-22,1.34.149,91376
2026-09-22,1.34.15,29075
2026-09-22,1.34.150,89971
2026-09-22,1.34.151,92017
2026-09-22,1.34.152,88959
2026-09-22,1.34.153,92184
2026-09-22,1.34.154,91807
2026-09-22,1.34.155,90630
2026-09-22,1.34.156,91015
2026-09-22,1.34.157,88453
2026-09-22,1.34.158,89865
2026-09-22,1.34.159,88690
2026-09-22,1.34.16,22615
2026-09-22,1.34.160,88636
2026-09-22,1.34.161,89037
2026-09-22,1.34.162,189553
2026-09-22,1.34.17,23192
2026-09-22,1.34.18,22731
2026-09-22,1.34.19,25121
2026-09-22,1.34.2,23692
2026-09-22,1.34.20,23160
2026-09-22,1.34.21,23594
2026-09-22,1.34.22,24757
2026-09-22,1.34.23,26649
2026-09-22,1.34.24,22976
2026-09-22,1.34.25,27931
2026-09-22,1.34.26,24747
2026-09-22,1.34.27,23857
2026-09-22,1.34.28,22887
2026-09-22,1.34.29,25474
2026-09-22,1.34.3,22616
2026-09-22,1.34.30,23125
2026-09-22,1.34.31,22993
2026-09-22,1.34.32,22875
2026-09-22,1.34.33,22999
2026-09-22,1.34.34,35002
2026-09-22,1.34.35,24145
2026-09-22,1.34.36,23640
2026-09-22,1.34.37,23539
2026-09-22,1.34.38,23530
2026-09-22,1.34.39,31936
2026-09-22,1.34.4,22720
2026-09-22,1.34.40,25337
2026-09-22,1.34.41,24108
2026-09-22,1.34.42,24634
2026-09-22,1.34.43,23200
2026-09-22,1.34.44,25497
2026-09-22,1.34.45,29980
2026-09-22,1.34.46,28618
2026-09-22,1.34.47,22941
2026-09-22,1.34.48,151259
2026-09-22,1.34.49,24536
2026-09-22,1.34.5,23608
2026-09-22,1.34.50,25106
2026-09-22,1.34.51,29294
2026-09-22,1.34.52,23515
2026-09-22,1.34.53,23470
2026-09-22,1.34.54,23325
2026-09-22,1.34.55,23854
2026-09-22,1.34.56,101704
2026-09-22,1.34.57,22840
2026-09-22,1.34.58,24178
2026-09-22,1.34.59,25946
2026-09-22,1.34.6,24019
2026-09-22,1.34.60,24529
2026-09-22,1.34.61,23833
2026-09-22,1.34.62,23979
2026-09-22,1.34.63,32246
2026-09-22,1.34.64,24541
2026-09-22,1.34.65,23734
2026-09-22,1.34.66,23330
2026-09-22,1.34.67,22891
2026-09-22,1.34.68,24956
2026-09-22,1.34.69,127238
2026-09-22,1.34.7,24156
2026-09-22,1.34.70,88172
2026-09-22,1.34.71,85050
2026-09-22,1.34.72,85297
2026-09-22,1.34.73,86165
2026-09-22,1.34.74,86376
2026-09-22,1.34.75,88126
2026-09-22,1.34.76,85334
2026-09-22,1.34.77,86216
2026-09-22,1.34.78,86158
2026-09-22,1.34.79,208014
2026-09-22,1.34.8,22884
2026-09-22,1.34.80,86608
2026-09-22,1.34.81,86381
2026-09-22,1.34.82,85893
2026-09-22,1.34.83,86136
2026-09-22,1.34.84,87332
2026-09-22,1.34.85,104654
2026-09-22,1.34.86,85604
2026-09-22,1.34.87,102466
2026-09-22,1.34.88,86338
2026-09-22,1.34.89,85690
2026-09-22,1.34.9,22624
2026-09-22,1.34.90,86765
2026-09-22,1.34.91,85208
2026-09-22,1.34.92,85810
2026-09-22,1.34.93,86347
2026-09-22,1.34.94,91792
2026-09-22,1.34.95,85011
2026-09-22,1.34.96,85810
2026-09-22,1.34.97,85153
2026-09-22,1.34.98,85397
2026-09-22,1.34.99,85246
2026-09-22,1.35.0,140126
2026-09-22,1.35.1,94423
2026-09-22,1.35.10,92338
2026-09-22,1.35.11,89057
2026-09-22,1.35.12,168518
2026-09-22,1.35.13,89952
2026-09-22,1.35.14,89885
2026-09-22,1.35.15,92663
2026-09-22,1.35.16,114480
2026-09-22,1.35.17,90046
2026-09-22,1.35.18,89335
2026-09-22,1.35.19,93280
2026-09-22,1.35.2,90497
2026-09-22,1.35.20,89745
2026-09-22,1.35.21,88825
2026-09-22,1.35.22,88606
2026-09-22,1.35.23,91462
2026-09-22,1.35.24,92924
2026-09-22,1.35.25,91635
2026-09-22,1.35.26,89304
2026-09-22,1.35.27,90194
2026-09-22,1.35.28,89083
2026-09-22,1.35.29,90545
2026-09-22,1.35.3,88909
2026-09-22,1.35.30,89332
2026-09-22,1.35.31,89862
2026-09-22,1.35.32,89023
2026-09-22,1.35.33,186079
2026-09-22,1.35.34,89895
2026-09-22,1.35.35,98928
2026-09-22,1.35.36,162292
2026-09-22,1.35.37,89626
2026-09-22,1.35.38,118683
2026-09-22,1.35.39,90623
2026-09-22,1.35.4,89334
2026-09-22,1.35.40,89176
2026-09-22,1.35.41,89404
2026-09-22,1.35.42,124235
2026-09-22,1.35.43,88546
2026-09-22,1.35.44,89701
2026-09-22,1.35.45,88925
2026-09-22,1.35.46,90380
2026-09-22,1.35.47,89362
2026-09-22,1.35.48,88679
2026-09-22,1.35.49,221608
2026-09-22,1.35.5,89859
2026-09-22,1.35.50,89179
2026-09-22,1.35.51,93394
2026-09-22,1.35.52,95272
2026-09-22,1.35.53,98475
2026-09-22,1.35.54,99777
2026-09-22,1.35.55,90116
2026-09-22,1.35.56,88670
2026-09-22,1.35.57,92605
2026-09-22,1.35.58,89195
2026-09-22,1.35.59,89154
2026-09-22,1.35.6,89676
2026-09-22,1.35.60,89772
2026-09-22,1.35.61,88317
2026-09-22,1.35.62,91885
2026-09-22,1.35.63,90230
2026-09-22,1.35.64,89477
2026-09-22,1.35.65,89736
2026-09-22,1.35.66,89360
2026-09-22,1.35.67,88887
2026-09-22,1.35.68,90662
2026-09-22,1.35.69,98055
2026-09-22,1.35.7,112668
2026-09-22,1.35.70,95007
2026-09-22,1.35.71,104272
2026-09-22,1.35.72,89572
2026-09-22,1.35.73,89041
2026-09-22,1.35.74,100121
2026-09-22,1.35.75,90286
2026-09-22,1.35.76,107042
2026-09-22,1.35.77,89592
2026-09-22,1.35.78,91610
2026-09-22,1.35.79,89621
2026-09-22,1.35.8,89180
2026-09-22,1.35.80,93784
2026-09-22,1.35.81,105586
2026-09-22,1.35.82,90175
2026-09-22,1.35.83,88965
2026-09-22,1.35.84,98141
2026-09-22,1.35.85,89445
2026-09-22,1.35.86,92050
2026-09-22,1.35.87,91216
2026-09-22,1.35.88,91401
2026-09-22,1.35.89,134679
2026-09-22,1.35.9,91994
2026-09-22,1.35.90,103645
2026-09-22,1.35.91,88977
2026-09-22,1.35.92,96860
2026-09-22,1.35.93,94395
2026-09-22,1.35.94,91110
2026-09-22,1.35.95,91044
2026-09-22,1.35.96,92493
2026-09-22,1.35.97,90245
2026-09-22,1.35.98,92324
2026-09-22,1.35.99,279669
2026-09-22,1.36.0,106985
2026-09-22,1.36.1,142996
2026-09-22,1.36.10,89617
2026-09-22,1.36.11,92405
2026-09-22,1.36.12,89261
2026-09-22,1.36.13,89457
2026-09-22,1.36.14,89996
2026-09-22,1.36.15,89633
2026-09-22,1.36.16,90212
2026-09-22,1.36.17,93120
2026-09-22,1.36.18,99085
2026-09-22,1.36.19,90953
2026-09-22,1.36.2,109420
2026-09-22,1.36.20,91405
2026-09-22,1.36.21,93206
2026-09-22,1.36.22,91782
2026-09-22,1.36.23,93617
2026-09-22,1.36.24,89529
2026-09-22,1.36.25,89619
2026-09-22,1.36.26,96412
2026-09-22,1.36.3,185958
2026-09-22,1.36.4,89961
2026-09-22,1.36.5,92487
2026-09-22,1.36.6,89376
2026-09-22,1.36.7,91495
2026-09-22,1.36.8,90725
2026-09-22,1.36.9,89924
2026-09-22,1.37.0,94410
2026-09-22,1.37.1,115659
2026-09-22,1.37.10,97039
2026-09-22,1.37.11,95315
2026-09-22,1.37.12,90495
2026-09-22,1.37.13,93888
2026-09-22,1.37.14,89556
2026-09-22,1.37.15,90204
2026-09-22,1.37.16,89285
2026-09-22,1.37.17,91344
2026-09-22,1.37.18,91702
2026-09-22,1.37.19,92545
2026-09-22,1.37.2,99489
2026-09-22,1.37.20,94343
2026-09-22,1.37.21,89772
2026-09-22,1.37.22,89922
2026-09-22,1.37.23,91409
2026-09-22,1.37.24,96389
2026-09-22,1.37.25,89804
2026-09-22,1.37.26,91846
2026-09-22,1.37.27,91288
2026-09-22,1.37.28,90667
2026-09-22,1.37.29,94874
2026-09-22,1.37.3,180245
2026-09-22,1.37.30,90268
2026-09-22,1.37.31,104467
2026-09-22,1.37.32,89637
2026-09-22,1.37.33,90484
2026-09-22,1.37.34,92807
2026-09-22,1.37.35,91459
2026-09-22,1.37.36,90061
2026-09-22,1.37.37,90609
2026-09-22,1.37.38,627162
2026-09-22,1.37.4,126089
2026-09-22,1.37.5,95910
2026-09-22,1.37.6,91277
2026-09-22,1.37.7,351227
2026-09-22,1.37.8,89738
2026-09-22,1.37.9,104782
2026-09-22,1.38.0,101373
2026-09-22,1.38.1,90085
2026-09-22,1.38.10,89988
2026-09-22,1.38.11,90206
2026-09-22,1.38.12,96167
2026-09-22,1.38.13,91350
2026-09-22,1.38.14,132462
2026-09-22,1.38.15,91675
2026-09-22,1.38.16,91452
2026-09-22,1.38.17,96717
2026-09-22,1.38.18,97637
2026-09-22,1.38.19,90671
2026-09-22,1.38.2,90147
2026-09-22,1.38.20,91503
2026-09-22,1.38.21,93733
2026-09-22,1.38.22,94655
2026-09-22,1.38.23,103272
2026-09-22,1.38.24,91569
2026-09-22,1.38.25,128178
2026-09-22,1.38.26,91636
2026-09-22,1.38.27,160709
2026-09-22,1.38.28,92992
2026-09-22,1.38.29,91615
2026-09-22,1.38.3,90456
2026-09-22,1.38.30,92967
2026-09-22,1.38.31,90603
2026-09-22,1.38.32,94001
2026-09-22,1.38.33,95500
2026-09-22,1.38.34,96592
2026-09-22,1.38.35,91089
2026-09-22,1.38.36,98939
2026-09-22,1.38.37,93942
2026-09-22,1.38.38,105199
2026-09-22,1.38.39,91023
2026-09-22,1.38.4,90297
2026-09-22,1.38.40,90479
2026-09-22,1.38.41,95258
2026-09-22,1.38.42,122115
2026-09-22,1.38.43,91836
2026-09-22,1.38.44,94443
2026-09-22,1.38.45,90820
2026-09-22,1.38.46,104599
2026-09-22,1.38.5,91790
2026-09-22,1.38.6,89648
2026-09-22,1.38.7,91041
2026-09-22,1.38.8,92818
2026-09-22,1.38.9,92570
2026-09-22,1.39.0,94914
2026-09-22,1.39.1,100866
2026-09-22,1.39.10,92269
2026-09-22,1.39.11,144630
2026-09-22,1.39.12,92025
2026-09-22,1.39.13,92895
2026-09-22,1.39.14,94607
2026-09-22,1.39.15,128991
2026-09-22,1.39.16,96645
2026-09-22,1.39.17,101050
2026-09-22,1.39.2,92708
2026-09-22,1.39.3,111993
2026-09-22,1.39.4,99881
2026-09-22,1.39.5,89904
2026-09-22,1.39.6,91184
2026-09-22,1.39.7,101742
2026-09-22,1.39.8,94242
2026-09-22,1.39.9,94483
2026-09-22,1.4.0,448
2026-09-22,1.4.1,514
2026-09-22,1.4.2,44
2026-09-22,1.4.3,48
2026-09-22,1.4.4,1759
2026-09-22,1.4.5,134
2026-09-22,1.4.6,74
2026-09-22,1.4.7,406
2026-09-22,1.4.8,573
2026-09-22,1.40.0,133683
2026-09-22,1.40.1,92926
2026-09-22,1.40.10,91529
2026-09-22,1.40.11,96180
2026-09-22,1.40.12,93453
2026-09-22,1.40.13,94217
2026-09-22,1.40.14,109474
2026-09-22,1.40.15,92596
2026-09-22,1.40.16,96047
2026-09-22,1.40.17,93882
2026-09-22,1.40.18,124156
2026-09-22,1.40.19,93824
2026-09-22,1.40.2,97126
2026-09-22,1.40.20,94143
2026-09-22,1.40.21,98550
2026-09-22,1.40.22,94221
2026-09-22,1.40.23,99439
2026-09-22,1.40.24,94239
2026-09-22,1.40.25,97142
2026-09-22,1.40.26,95672
2026-09-22,1.40.27,93459
2026-09-22,1.40.28,94378
2026-09-22,1.40.29,96975
2026-09-22,1.40.3,92660
2026-09-22,1.40.30,108221
2026-09-22,1.40.31,104417
2026-09-22,1.40.32,106987
2026-09-22,1.40.33,96081
2026-09-22,1.40.34,93267
2026-09-22,1.40.35,95112
2026-09-22,1.40.36,94530
2026-09-22,1.40.37,94413
2026-09-22,1.40.38,92347
2026-09-22,1.40.39,93329
2026-09-22,1.40.4,100745
2026-09-22,1.40.40,100596
2026-09-22,1.40.41,94592
2026-09-22,1.40.42,94146
2026-09-22,1.40.43,92743
2026-09-22,1.40.44,91507
2026-09-22,1.40.45,98295
2026-09-22,1.40.46,101615
2026-09-22,1.40.47,95596
2026-09-22,1.40.48,93244
2026-09-22,1.40.49,182107
2026-09-22,1.40.5,92749
2026-09-22,1.40.50,100275
2026-09-22,1.40.51,97949
2026-09-22,1.40.52,101264
2026-09-22,1.40.53,93268
2026-09-22,1.40.54,92564
2026-09-22,1.40.55,96837
2026-09-22,1.40.56,93938
2026-09-22,1.40.57,93625
2026-09-22,1.40.58,93441
2026-09-22,1.40.59,95326
2026-09-22,1.40.6,103977
2026-09-22,1.40.60,97684
2026-09-22,1.40.61,924234
2026-09-22,1.40.62,99052
2026-09-22,1.40.63,92643
2026-09-22,1.40.64,97156
2026-09-22,1.40.65,93504
2026-09-22,1.40.66,99181
2026-09-22,1.40.67,97034
2026-09-22,1.40.68,92735
2026-09-22,1.40.69,96452
2026-09-22,1.40.7,92096
2026-09-22,1.40.70,106374
2026-09-22,1.40.71,94660
2026-09-22,1.40.72,93062
2026-09-22,1.40.73,106798
2026-09-22,1.40.74,99469
2026-09-22,1.40.75,102596
2026-09-22,1.40.76,137660
2026-09-22,1.40.8,92574
2026-09-22,1.40.9,91955
2026-09-22,1.41.0,99413
2026-09-22,1.41.1,92520
2026-09-22,1.41.2,102174
2026-09-22,1.41.3,101381
2026-09-22,1.41.4,93068
2026-09-22,1.41.5,298865
2026-09-22,1.42.0,148653
2026-09-22,1.42.1,149361
2026-09-22,1.42.10,144290
2026-09-22,1.42.11,145771
2026-09-22,1.42.12,151493
2026-09-22,1.42.13,144460
2026-09-22,1.42.14,152063
2026-09-22,1.42.15,143324
2026-09-22,1.42.16,148749
2026-09-22,1.42.17,279641
2026-09-22,1.42.18,263168
2026-09-22,1.42.19,149452
2026-09-22,1.42.2,147713
2026-09-22,1.42.20,140269
2026-09-22,1.42.21,158008
2026-09-22,1.42.22,182871
2026-09-22,1.42.23,172576
2026-09-22,1.42.24,173937
2026-09-22,1.42.25,174227
2026-09-22,1.42.26,168438
2026-09-22,1.42.27,167457
2026-09-22,1.42.28,169216
2026-09-22,1.42.29,169977
2026-09-22,1.42.3,149471
2026-09-22,1.42.30,199497
2026-09-22,1.42.31,185847
2026-09-22,1.42.32,167441
2026-09-22,1.42.33,167876
2026-09-22,1.42.34,175294
2026-09-22,1.42.35,203440
2026-09-22,1.42.36,170702
2026-09-22,1.42.37,172533
2026-09-22,1.42.38,173156
2026-09-22,1.42.39,190008
2026-09-22,1.42.4,147711
2026-09-22,1.42.40,171469
2026-09-22,1.42.41,171750
2026-09-22,1.42.42,181361
2026-09-22,1.42.43,186781
2026-09-22,1.42.44,184263
2026-09-22,1.42.45,169707
2026-09-22,1.42.46,170220
2026-09-22,1.42.47,188666
2026-09-22,1.42.48,176913
2026-09-22,1.42.49,175866
2026-09-22,1.42.5,153508
2026-09-22,1.42.50,182701
2026-09-22,1.42.51,169712
2026-09-22,1.42.52,172149
2026-09-22,1.42.53,167952
2026-09-22,1.42.54,224580
2026-09-22,1.42.55,186043
2026-09-22,1.42.56,213227
2026-09-22,1.42.57,175078
2026-09-22,1.42.58,204937
2026-09-22,1.42.59,183554
2026-09-22,1.42.6,142928
2026-09-22,1.42.60,196270
2026-09-22,1.42.61,191134
2026-09-22,1.42.62,187926
2026-09-22,1.42.63,218412
2026-09-22,1.42.64,178798
2026-09-22,1.42.65,183104
2026-09-22,1.42.66,179189
2026-09-22,1.42.67,172944
2026-09-22,1.42.68,236120
2026-09-22,1.42.69,179437
2026-09-22,1.42.7,150339
2026-09-22,1.42.70,200664
2026-09-22,1.42.71,182232
2026-09-22,1.42.72,178064
2026-09-22,1.42.73,176991
2026-09-22,1.42.74,178250
2026-09-22,1.42.75,189809
2026-09-22,1.42.76,176172
2026-09-22,1.42.77,174432
2026-09-22,1.42.78,180110
2026-09-22,1.42.79,177083
2026-09-22,1.42.8,142912
2026-09-22,1.42.80,174509
2026-09-22,1.42.81,180739
2026-09-22,1.42.82,177608
2026-09-22,1.42.83,183887
2026-09-22,1.42.84,211111
2026-09-22,1.42.85,183071
2026-09-22,1.42.86,175972
2026-09-22,1.42.87,109905
2026-09-22,1.42.88,184892
2026-09-22,1.42.89,272785
2026-09-22,1.42.9,143964
2026-09-22,1.42.90,191942
2026-09-22,1.42.91,194676
2026-09-22,1.42.92,183758
2026-09-22,1.42.93,178724
2026-09-22,1.42.94,177408
2026-09-22,1.42.95,176747
2026-09-22,1.42.96,195028
2026-09-22,1.42.97,2610880
2026-09-22,1.43.0,205119
2026-09-22,1.43.1,60992
2026-09-22,1.43.10,49342
2026-09-22,1.43.100,1373845
2026-09-22,1.43.11,49136
2026-09-22,1.43.12,50000
2026-09-22,1.43.13,59977
2026-09-22,1.43.14,95980
2026-09-22,1.43.15,49922
2026-09-22,1.43.16,60789
2026-09-22,1.43.17,50150
2026-09-22,1.43.18,74631
2026-09-22,1.43.19,48463
2026-09-22,1.43.2,61764
2026-09-22,1.43.20,40361
2026-09-22,1.43.21,51210
2026-09-22,1.43.22,62829
2026-09-22,1.43.23,46495
2026-09-22,1.43.24,73513
2026-09-22,1.43.25,62079
2026-09-22,1.43.26,54338
2026-09-22,1.43.27,57850
2026-09-22,1.43.28,53954
2026-09-22,1.43.29,59715
2026-09-22,1.43.3,54694
2026-09-22,1.43.30,50929
2026-09-22,1.43.31,58281
2026-09-22,1.43.32,50928
2026-09-22,1.43.33,54598
2026-09-22,1.43.34,117212
2026-09-22,1.43.35,42318
2026-09-22,1.43.36,147469
2026-09-22,1.43.37,68322
2026-09-22,1.43.38,76826
2026-09-22,1.43.39,68054
2026-09-22,1.43.4,50475
2026-09-22,1.43.40,80246
2026-09-22,1.43.41,76396
2026-09-22,1.43.42,54586
2026-09-22,1.43.43,44654
2026-09-22,1.43.44,48752
2026-09-22,1.43.45,94931
2026-09-22,1.43.46,164650
2026-09-22,1.43.47,57290
2026-09-22,1.43.48,53741
2026-09-22,1.43.49,66840
2026-09-22,1.43.5,52397
2026-09-22,1.43.50,54012
2026-09-22,1.43.51,62999
2026-09-22,1.43.52,62278
2026-09-22,1.43.53,56289
2026-09-22,1.43.54,51796
2026-09-22,1.43.55,60091
2026-09-22,1.43.56,189835
2026-09-22,1.43.57,61779
2026-09-22,1.43.58,62393
2026-09-22,1.43.59,58094
2026-09-22,1.43.6,111309
2026-09-22,1.43.60,52378
2026-09-22,1.43.61,46191
2026-09-22,1.43.62,93721
2026-09-22,1.43.63,66636
2026-09-22,1.43.64,64028
2026-09-22,1.43.65,52785
2026-09-22,1.43.66,56092
2026-09-22,1.43.67,119464
2026-09-22,1.43.68,53433
2026-09-22,1.43.69,62320
2026-09-22,1.43.7,61359
2026-09-22,1.43.70,78138
2026-09-22,1.43.71,67988
2026-09-22,1.43.72,99970
2026-09-22,1.43.73,57609
2026-09-22,1.43.74,55060
2026-09-22,1.43.75,323645
2026-09-22,1.43.76,49093
2026-09-22,1.43.77,85168
2026-09-22,1.43.78,109326
2026-09-22,1.43.79,63693
2026-09-22,1.43.8,59472
2026-09-22,1.43.80,63391
2026-09-22,1.43.81,68934
2026-09-22,1.43.82,71908
2026-09-22,1.43.83,142152
2026-09-22,1.43.84,45960
2026-09-22,1.43.85,97654
2026-09-22,1.43.86,73667
2026-09-22,1.43.87,74353
2026-09-22,1.43.88,74040
2026-09-22,1.43.89,178503
2026-09-22,1.43.9,72078
2026-09-22,1.43.90,86026
2026-09-22,1.43.91,84903
2026-09-22,1.43.92,90508
2026-09-22,1.43.93,201906
2026-09-22,1.43.94,165571
2026-09-22,1.43.95,98055
2026-09-22,1.43.96,99898
2026-09-22,1.43.97,133075
2026-09-22,1.43.98,243976
2026-09-22,1.43.99,5498472
2026-09-22,1.5.0,561
2026-09-22,1.5.1,52
2026-09-22,1.5.10,95
2026-09-22,1.5.11,38
2026-09-22,1.5.12,48
2026-09-22,1.5.13,43
2026-09-22,1.5.14,43
2026-09-22,1.5.15,40
2026-09-22,1.5.16,38
2026-09-22,1.5.17,39
2026-09-22,1.5.18,47
2026-09-22,1.5.19,46
2026-09-22,1.5.2,38
2026-09-22,1.5.20,41
2026-09-22,1.5.21,52
2026-09-22,1.5.22,63
2026-09-22,1.5.23,42
2026-09-22,1.5.24,106
2026-09-22,1.5.25,65
2026-09-22,1.5.26,44
2026-09-22,1.5.27,46
2026-09-22,1.5.28,41
2026-09-22,1.5.29,42
2026-09-22,1.5.3,42
2026-09-22,1.5.30,41
2026-09-22,1.5.31,89
2026-09-22,1.5.32,80
2026-09-22,1.5.33,81
2026-09-22,1.5.34,51
2026-09-22,1.5.35,49
2026-09-22,1.5.36,54
2026-09-22,1.5.4,48
2026-09-22,1.5.5,46
2026-09-22,1.5.6,133
2026-09-22,1.5.7,42
2026-09-22,1.5.8,41
2026-09-22,1.5.9,59
2026-09-22,1.6.0,57
2026-09-22,1.6.1,47
2026-09-22,1.6.10,46
2026-09-22,1.6.11,56
2026-09-22,1.6.12,45
2026-09-22,1.6.13,45
2026-09-22,1.6.14,56
2026-09-22,1.6.15,47
2026-09-22,1.6.16,46
2026-09-22,1.6.17,46
2026-09-22,1.6.18,48
2026-09-22,1.6.19,57
2026-09-22,1.6.2,53
2026-09-22,1.6.20,47
2026-09-22,1.6.21,49
2026-09-22,1.6.22,49
2026-09-22,1.6.23,63
2026-09-22,1.6.3,66
2026-09-22,1.6.4,59
2026-09-22,1.6.5,57
2026-09-22,1.6.6,50
2026-09-22,1.6.7,61
2026-09-22,1.6.8,47
2026-09-22,1.6.9,70
2026-09-22,1.7.0,94
2026-09-22,1.7.1,47
2026-09-22,1.7.10,55
2026-09-22,1.7.11,85
2026-09-22,1.7.12,116
2026-09-22,1.7.13,54
2026-09-22,1.7.14,91
2026-09-22,1.7.15,58
2026-09-22,1.7.16,64
2026-09-22,1.7.17,54
2026-09-22,1.7.18,53
2026-09-22,1.7.19,177
2026-09-22,1.7.2,48
2026-09-22,1.7.20,64
2026-09-22,1.7.21,59
2026-09-22,1.7.22,76
2026-09-22,1.7.23,56
2026-09-22,1.7.24,70
2026-09-22,1.7.25,59
2026-09-22,1.7.26,61
2026-09-22,1.7.27,62
2026-09-22,1.7.28,60
2026-09-22,1.7.29,77
2026-09-22,1.7.3,94
2026-09-22,1.7.30,73
2026-09-22,1.7.31,62
2026-09-22,1.7.32,380
2026-09-22,1.7.33,63
2026-09-22,1.7.34,65
2026-09-22,1.7.35,71
2026-09-22,1.7.36,79
2026-09-22,1.7.37,291
2026-09-22,1.7.38,67
2026-09-22,1.7.39,70
2026-09-22,1.7.4,338
2026-09-22,1.7.40,97
2026-09-22,1.7.41,65
2026-09-22,1.7.42,65
2026-09-22,1.7.43,66
2026-09-22,1.7.44,67
2026-09-22,1.7.45,65
2026-09-22,1.7.46,67
2026-09-22,1.7.47,99
2026-09-22,1.7.48,73
2026-09-22,1.7.49,282
2026-09-22,1.7.5,59
2026-09-22,1.7.50,226
2026-09-22,1.7.51,73
2026-09-22,1.7.52,66
2026-09-22,1.7.53,66
2026-09-22,1.7.54,70
2026-09-22,1.7.55,80
2026-09-22,1.7.56,928
2026-09-22,1.7.57,76
2026-09-22,1.7.58,145
2026-09-22,1.7.59,74
2026-09-22,1.7.6,52
2026-09-22,1.7.60,70
2026-09-22,1.7.61,80
2026-09-22,1.7.62,97
2026-09-22,1.7.63,76
2026-09-22,1.7.64,74
2026-09-22,1.7.65,85
2026-09-22,1.7.66,314
2026-09-22,1.7.67,82
2026-09-22,1.7.68,73
2026-09-22,1.7.69,88
2026-09-22,1.7.7,46
2026-09-22,1.7.70,88
2026-09-22,1.7.71,96
2026-09-22,1.7.72,76
2026-09-22,1.7.73,79
2026-09-22,1.7.74,83
2026-09-22,1.7.75,77
2026-09-22,1.7.76,96
2026-09-22,1.7.77,79
2026-09-22,1.7.78,342
2026-09-22,1.7.79,95
2026-09-22,1.7.8,49
2026-09-22,1.7.80,87
2026-09-22,1.7.81,101
2026-09-22,1.7.82,82
2026-09-22,1.7.83,86
2026-09-22,1.7.84,2807
2026-09-22,1.7.9,55
2026-09-22,1.8.0,214
2026-09-22,1.8.1,213
2026-09-22,1.8.2,208
2026-09-22,1.8.3,216
2026-09-22,1.8.4,210
2026-09-22,1.8.5,208
2026-09-22,1.8.6,221
2026-09-22,1.8.7,220
2026-09-22,1.8.8,227
2026-09-22,1.8.9,311
2026-09-22,1.9.0,343
2026-09-22,1.9.1,212
2026-09-22,1.9.10,214
2026-09-22,1.9.100,242
2026-09-22,1.9.101,251
2026-09-22,1.9.102,246
2026-09-22,1.9.103,266
2026-09-22,1.9.104,423
2026-09-22,1.9.105,245
2026-09-22,1.9.106,252
2026-09-22,1.9.107,255
2026-09-22,1.9.108,255
2026-09-22,1.9.109,257
2026-09-22,1.9.11,211
2026-09-22,1.9.110,237
2026-09-22,1.9.111,350
2026-09-22,1.9.112,267
2026-09-22,1.9.113,247
2026-09-22,1.9.114,293
2026-09-22,1.9.115,442
2026-09-22,1.9.116,384
2026-09-22,1.9.117,380
2026-09-22,1.9.118,241
2026-09-22,1.9.119,244
2026-09-22,1.9.12,211
2026-09-22,1.9.120,322
2026-09-22,1.9.121,238
2026-09-22,1.9.122,244
2026-09-22,1.9.123,241
2026-09-22,1.9.124,250
2026-09-22,1.9.125,255
2026-09-22,1.9.126,244
2026-09-22,1.9.127,242
2026-09-22,1.9.128,262
2026-09-22,1.9.129,258
2026-09-22,1.9.13,219
2026-09-22,1.9.130,340
2026-09-22,1.9.131,259
2026-09-22,1.9.132,255
2026-09-22,1.9.133,241
2026-09-22,1.9.134,277
2026-09-22,1.9.135,250
2026-09-22,1.9.136,244
2026-09-22,1.9.137,252
2026-09-22,1.9.138,245
2026-09-22,1.9.139,1313
2026-09-22,1.9.14,218
2026-09-22,1.9.140,268
2026-09-22,1.9.141,251
2026-09-22,1.9.142,332
2026-09-22,1.9.143,247
2026-09-22,1.9.144,240
2026-09-22,1.9.145,517
2026-09-22,1.9.146,318
2026-09-22,1.9.147,288
2026-09-22,1.9.148,249
2026-09-22,1.9.149,315
2026-09-22,1.9.15,213
2026-09-22,1.9.150,260
2026-09-22,1.9.151,251
2026-09-22,1.9.152,247
2026-09-22,1.9.153,244
2026-09-22,1.9.154,254
2026-09-22,1.9.155,248
2026-09-22,1.9.156,256
2026-09-22,1.9.157,246
2026-09-22,1.9.158,279
2026-09-22,1.9.159,614
2026-09-22,1.9.16,229
2026-09-22,1.9.160,283
2026-09-22,1.9.161,246
2026-09-22,1.9.162,328
2026-09-22,1.9.163,272
2026-09-22,1.9.164,250
2026-09-22,1.9.165,348
2026-09-22,1.9.166,249
2026-09-22,1.9.167,339
2026-09-22,1.9.168,268
2026-09-22,1.9.169,269
2026-09-22,1.9.17,248
2026-09-22,1.9.170,267
2026-09-22,1.9.171,272
2026-09-22,1.9.172,292
2026-09-22,1.9.173,284
2026-09-22,1.9.174,323
2026-09-22,1.9.175,265
2026-09-22,1.9.176,275
2026-09-22,1.9.177,265
2026-09-22,1.9.178,268
2026-09-22,1.9.179,266
2026-09-22,1.9.18,217
2026-09-22,1.9.180,355
2026-09-22,1.9.181,348
2026-09-22,1.9.182,268
2026-09-22,1.9.183,298
2026-09-22,1.9.184,263
2026-09-22,1.9.185,305
2026-09-22,1.9.186,289
2026-09-22,1.9.187,266
2026-09-22,1.9.188,284
2026-09-22,1.9.189,286
2026-09-22,1.9.19,218
2026-09-22,1.9.190,322
2026-09-22,1.9.191,266
2026-09-22,1.9.192,268
2026-09-22,1.9.193,267
2026-09-22,1.9.194,268
2026-09-22,1.9.195,269
2026-09-22,1.9.196,273
2026-09-22,1.9.197,315
2026-09-22,1.9.198,290
2026-09-22,1.9.199,398
2026-09-22,1.9.2,220
2026-09-22,1.9.20,253
2026-09-22,1.9.200,275
2026-09-22,1.9.201,370
2026-09-22,1.9.202,270
2026-09-22,1.9.203,276
2026-09-22,1.9.204,272
2026-09-22,1.9.205,318
2026-09-22,1.9.206,351
2026-09-22,1.9.207,318
2026-09-22,1.9.208,367
2026-09-22,1.9.209,284
2026-09-22,1.9.21,218
2026-09-22,1.9.210,307
2026-09-22,1.9.211,281
2026-09-22,1.9.212,453
2026-09-22,1.9.213,297
2026-09-22,1.9.214,587
2026-09-22,1.9.215,289
2026-09-22,1.9.216,303
2026-09-22,1.9.217,276
2026-09-22,1.9.218,282
2026-09-22,1.9.219,288
2026-09-22,1.9.22,239
2026-09-22,1.9.220,309
2026-09-22,1.9.221,294
2026-09-22,1.9.222,337
2026-09-22,1.9.223,279
2026-09-22,1.9.224,302
2026-09-22,1.9.225,339
2026-09-22,1.9.226,296
2026-09-22,1.9.227,295
2026-09-22,1.9.228,297
2026-09-22,1.9.229,294
2026-09-22,1.9.23,216
2026-09-22,1.9.230,285
2026-09-22,1.9.231,294
2026-09-22,1.9.232,756
2026-09-22,1.9.233,329
2026-09-22,1.9.234,317
2026-09-22,1.9.235,329
2026-09-22,1.9.236,310
2026-09-22,1.9.237,366
2026-09-22,1.9.238,312
2026-09-22,1.9.239,312
2026-09-22,1.9.24,230
2026-09-22,1.9.240,315
2026-09-22,1.9.241,314
2026-09-22,1.9.242,335
2026-09-22,1.9.243,314
2026-09-22,1.9.244,4745
2026-09-22,1.9.245,322
2026-09-22,1.9.246,313
2026-09-22,1.9.247,347
2026-09-22,1.9.248,331
2026-09-22,1.9.249,318
2026-09-22,1.9.25,226
2026-09-22,1.9.250,330
2026-09-22,1.9.251,1194
2026-09-22,1.9.252,335
2026-09-22,1.9.253,2856
2026-09-22,1.9.26,220
2026-09-22,1.9.27,946
2026-09-22,1.9.28,292
2026-09-22,1.9.29,219
2026-09-22,1.9.3,216
2026-09-22,1.9.30,231
2026-09-22,1.9.31,229
2026-09-22,1.9.32,249
2026-09-22,1.9.33,317
2026-09-22,1.9.34,218
2026-09-22,1.9.35,229
2026-09-22,1.9.36,219
2026-09-22,1.9.37,264
2026-09-22,1.9.38,228
2026-09-22,1.9.39,227
2026-09-22,1.9.4,272
2026-09-22,1.9.40,220
2026-09-22,1.9.41,219
2026-09-22,1.9.42,241
2026-09-22,1.9.43,242
2026-09-22,1.9.44,250
2026-09-22,1.9.45,228
2026-09-22,1.9.46,225
2026-09-22,1.9.47,279
2026-09-22,1.9.48,249
2026-09-22,1.9.49,243
2026-09-22,1.9.5,238
2026-09-22,1.9.50,226
2026-09-22,1.9.51,235
2026-09-22,1.9.52,241
2026-09-22,1.9.53,231
2026-09-22,1.9.54,227
2026-09-22,1.9.55,226
2026-09-22,1.9.56,232
2026-09-22,1.9.57,360
2026-09-22,1.9.58,226
2026-09-22,1.9.59,226
2026-09-22,1.9.6,215
2026-09-22,1.9.60,241
2026-09-22,1.9.61,228
2026-09-22,1.9.62,266
2026-09-22,1.9.63,231
2026-09-22,1.9.64,268
2026-09-22,1.9.65,227
2026-09-22,1.9.66,245
2026-09-22,1.9.67,232
2026-09-22,1.9.68,234
2026-09-22,1.9.69,228
2026-09-22,1.9.7,217
2026-09-22,1.9.70,230
2026-09-22,1.9.71,529
2026-09-22,1.9.72,246
2026-09-22,1.9.73,236
2026-09-22,1.9.74,290
2026-09-22,1.9.75,249
2026-09-22,1.9.76,252
2026-09-22,1.9.77,242
2026-09-22,1.9.78,237
2026-09-22,1.9.79,249
2026-09-22,1.9.8,214
2026-09-22,1.9.80,265
2026-09-22,1.9.81,247
2026-09-22,1.9.82,236
2026-09-22,1.9.83,267
2026-09-22,1.9.84,264
2026-09-22,1.9.85,243
2026-09-22,1.9.86,378
2026-09-22,1.9.87,315
2026-09-22,1.9.88,247
2026-09-22,1.9.89,243
2026-09-22,1.9.9,214
2026-09-22,1.9.90,234
2026-09-22,1.9.91,261
2026-09-22,1.9.92,323
2026-09-22,1.9.93,259
2026-09-22,1.9.94,241
2026-09-22,1.9.95,246
2026-09-22,1.9.96,241
2026-09-22,1.9.97,235
2026-09-22,1.9.98,237
2026-09-22,1.9.99,308
2026-09-23,0.0.1,104
2026-09-23,0.0.10,10
2026-09-23,0.0.11,11
2026-09-23,0.0.12,10
2026-09-23,0.0.13,11
2026-09-23,0.0.14,20
2026-09-23,0.0.16,14
2026-09-23,0.0.17,12
2026-09-23,0.0.18,10
2026-09-23,0.0.19,10
2026-09-23,0.0.2,11
2026-09-23,0.0.20,10
2026-09-23,0.0.21,11
2026-09-23,0.0.22,10
2026-09-23,0.0.3,11
2026-09-23,0.0.4,11
2026-09-23,0.0.5,11
2026-09-23,0.0.6,10
2026-09-23,0.0.7,10
2026-09-23,0.0.8,10
2026-09-23,0.0.9,11
2026-09-23,1.0.0,28
2026-09-23,1.0.1,11
2026-09-23,1.1.0,25
2026-09-23,1.1.1,20
2026-09-23,1.1.2,11
2026-09-23,1.1.3,33
2026-09-23,1.1.4,164
2026-09-23,1.10.0,616
2026-09-23,1.10.1,307
2026-09-23,1.10.10,293
2026-09-23,1.10.11,287
2026-09-23,1.10.12,614
2026-09-23,1.10.13,285
2026-09-23,1.10.14,348
2026-09-23,1.10.15,291
2026-09-23,1.10.16,800
2026-09-23,1.10.17,303
2026-09-23,1.10.18,330
2026-09-23,1.10.19,337
2026-09-23,1.10.2,313
2026-09-23,1.10.20,290
2026-09-23,1.10.21,287
2026-09-23,1.10.22,287
2026-09-23,1.10.23,316
2026-09-23,1.10.24,284
2026-09-23,1.10.25,291
2026-09-23,1.10.26,290
2026-09-23,1.10.27,299
2026-09-23,1.10.28,317
2026-09-23,1.10.29,328
2026-09-23,1.10.3,293
2026-09-23,1.10.30,719
2026-09-23,1.10.31,284
2026-09-23,1.10.32,317
2026-09-23,1.10.33,293
2026-09-23,1.10.34,489
2026-09-23,1.10.35,299
2026-09-23,1.10.36,301
2026-09-23,1.10.37,294
2026-09-23,1.10.38,298
2026-09-23,1.10.39,341
2026-09-23,1.10.4,351
2026-09-23,1.10.40,293
2026-09-23,1.10.41,986
2026-09-23,1.10.42,296
2026-09-23,1.10.43,310
2026-09-23,1.10.44,309
2026-09-23,1.10.45,1195
2026-09-23,1.10.46,289
2026-09-23,1.10.47,304
2026-09-23,1.10.48,373
2026-09-23,1.10.49,406
2026-09-23,1.10.5,289
2026-09-23,1.10.50,1354
2026-09-23,1.10.6,446
2026-09-23,1.10.7,299
2026-09-23,1.10.8,339
2026-09-23,1.10.9,299
2026-09-23,1.11.0,2588
2026-09-23,1.11.1,340
2026-09-23,1.11.10,334
2026-09-23,1.11.11,365
2026-09-23,1.11.12,354
2026-09-23,1.11.13,294
2026-09-23,1.11.14,300
2026-09-23,1.11.15,351
2026-09-23,1.11.16,387
2026-09-23,1.11.17,941
2026-09-23,1.11.2,290
2026-09-23,1.11.3,471
2026-09-23,1.11.4,295
2026-09-23,1.11.5,292
2026-09-23,1.11.6,316
2026-09-23,1.11.7,374
2026-09-23,1.11.8,289
2026-09-23,1.11.9,1077
2026-09-23,1.12.0,860
2026-09-23,1.12.1,304
2026-09-23,1.12.10,290
2026-09-23,1.12.11,298
2026-09-23,1.12.12,315
2026-09-23,1.12.13,379
2026-09-23,1.12.14,290
2026-09-23,1.12.15,417
2026-09-23,1.12.16,356
2026-09-23,1.12.17,340
2026-09-23,1.12.18,387
2026-09-23,1.12.19,309
2026-09-23,1.12.2,605
2026-09-23,1.12.20,294
2026-09-23,1.12.21,623
2026-09-23,1.12.22,364
2026-09-23,1.12.23,700
2026-09-23,1.12.24,304
2026-09-23,1.12.25,328
2026-09-23,1.12.26,304
2026-09-23,1.12.27,349
2026-09-23,1.12.28,309
2026-09-23,1.12.29,309
2026-09-23,1.12.3,415
2026-09-23,1.12.30,302
2026-09-23,1.12.31,324
2026-09-23,1.12.32,660
2026-09-23,1.12.33,341
2026-09-23,1.12.34,301
2026-09-23,1.12.35,568
2026-09-23,1.12.36,416
2026-09-23,1.12.37,405
2026-09-23,1.12.38,323
2026-09-23,1.12.39,618
2026-09-23,1.12.4,3833
2026-09-23,1.12.40,297
2026-09-23,1.12.41,327
2026-09-23,1.12.42,311
2026-09-23,1.12.43,502
2026-09-23,1.12.44,342
2026-09-23,1.12.45,324
2026-09-23,1.12.46,1825
2026-09-23,1.12.47,355
2026-09-23,1.12.48,315
2026-09-23,1.12.49,2276
2026-09-23,1.12.5,309
2026-09-23,1.12.6,327
2026-09-23,1.12.7,331
2026-09-23,1.12.8,297
2026-09-23,1.12.9,299
2026-09-23,1.13.0,628
2026-09-23,1.13.1,959
2026-09-23,1.13.10,310
2026-09-23,1.13.11,313
2026-09-23,1.13.12,302
2026-09-23,1.13.13,318
2026-09-23,1.13.14,308
2026-09-23,1.13.15,297
2026-09-23,1.13.16,350
2026-09-23,1.13.17,297
2026-09-23,1.13.18,302
2026-09-23,1.13.19,714
2026-09-23,1.13.2,462
2026-09-23,1.13.20,290
2026-09-23,1.13.21,296
2026-09-23,1.13.22,339
2026-09-23,1.13.23,948
2026-09-23,1.13.24,368
2026-09-23,1.13.25,432
2026-09-23,1.13.26,504
2026-09-23,1.13.3,627
2026-09-23,1.13.4,363
2026-09-23,1.13.5,326
2026-09-23,1.13.6,324
2026-09-23,1.13.7,296
2026-09-23,1.13.8,300
2026-09-23,1.13.9,521
2026-09-23,1.14.0,348
2026-09-23,1.14.1,305
2026-09-23,1.14.10,301
2026-09-23,1.14.11,589
2026-09-23,1.14.12,389
2026-09-23,1.14.13,391
2026-09-23,1.14.14,311
2026-09-23,1.14.15,501
2026-09-23,1.14.16,411
2026-09-23,1.14.17,392
2026-09-23,1.14.18,324
2026-09-23,1.14.19,326
2026-09-23,1.14.2,356
2026-09-23,1.14.20,504
2026-09-23,1.14.21,318
2026-09-23,1.14.22,1109
2026-09-23,1.14.23,330
2026-09-23,1.14.24,327
2026-09-23,1.14.25,404
2026-09-23,1.14.26,324
2026-09-23,1.14.27,325
2026-09-23,1.14.28,405
2026-09-23,1.14.29,1392
2026-09-23,1.14.3,330
2026-09-23,1.14.30,390
2026-09-23,1.14.31,324
2026-09-23,1.14.32,900
2026-09-23,1.14.33,416
2026-09-23,1.14.34,341
2026-09-23,1.14.35,341
2026-09-23,1.14.36,690
2026-09-23,1.14.37,386
2026-09-23,1.14.38,391
2026-09-23,1.14.39,394
2026-09-23,1.14.4,355
2026-09-23,1.14.40,336
2026-09-23,1.14.41,328
2026-09-23,1.14.42,435
2026-09-23,1.14.43,331
2026-09-23,1.14.44,471
2026-09-23,1.14.45,327
2026-09-23,1.14.46,2580
2026-09-23,1.14.47,2825
2026-09-23,1.14.48,1053
2026-09-23,1.14.49,342
2026-09-23,1.14.5,426
2026-09-23,1.14.50,328
2026-09-23,1.14.51,346
2026-09-23,1.14.52,497
2026-09-23,1.14.53,331
2026-09-23,1.14.54,381
2026-09-23,1.14.55,327
2026-09-23,1.14.56,935
2026-09-23,1.14.57,393
2026-09-23,1.14.58,361
2026-09-23,1.14.59,378
2026-09-23,1.14.6,301
2026-09-23,1.14.60,739
2026-09-23,1.14.61,344
2026-09-23,1.14.62,390
2026-09-23,1.14.63,1215
2026-09-23,1.14.7,407
2026-09-23,1.14.8,565
2026-09-23,1.14.9,457
2026-09-23,1.15.0,2438
2026-09-23,1.15.1,363
2026-09-23,1.15.10,424
2026-09-23,1.15.11,402
2026-09-23,1.15.12,387
2026-09-23,1.15.13,683
2026-09-23,1.15.14,326
2026-09-23,1.15.15,475
2026-09-23,1.15.16,809
2026-09-23,1.15.17,932
2026-09-23,1.15.18,9463
2026-09-23,1.15.2,369
2026-09-23,1.15.3,1207
2026-09-23,1.15.4,327
2026-09-23,1.15.5,1669
2026-09-23,1.15.6,439
2026-09-23,1.15.7,339
2026-09-23,1.15.8,344
2026-09-23,1.15.9,1019
2026-09-23,1.16.0,639
2026-09-23,1.16.1,384
2026-09-23,1.16.10,374
2026-09-23,1.16.11,331
2026-09-23,1.16.12,1263
2026-09-23,1.16.13,393
2026-09-23,1.16.14,358
2026-09-23,1.16.15,487
2026-09-23,1.16.16,754
2026-09-23,1.16.17,356
2026-09-23,1.16.18,4666
2026-09-23,1.16.19,515
2026-09-23,1.16.2,352
2026-09-23,1.16.20,354
2026-09-23,1.16.21,345
2026-09-23,1.16.22,348
2026-09-23,1.16.23,404
2026-09-23,1.16.24,479
2026-09-23,1.16.25,716
2026-09-23,1.16.26,334
2026-09-23,1.16.27,357
2026-09-23,1.16.28,501
2026-09-23,1.16.29,359
2026-09-23,1.16.3,391
2026-09-23,1.16.30,534
2026-09-23,1.16.31,528
2026-09-23,1.16.32,407
2026-09-23,1.16.33,410
2026-09-23,1.16.34,931
2026-09-23,1.16.35,410
2026-09-23,1.16.36,660
2026-09-23,1.16.37,345
2026-09-23,1.16.38,341
2026-09-23,1.16.39,346
2026-09-23,1.16.4,8267
2026-09-23,1.16.40,355
2026-09-23,1.16.41,346
2026-09-23,1.16.42,366
2026-09-23,1.16.43,364
2026-09-23,1.16.44,1069
2026-09-23,1.16.45,2502
2026-09-23,1.16.46,1036
2026-09-23,1.16.47,1068
2026-09-23,1.16.48,1069
2026-09-23,1.16.49,1112
2026-09-23,1.16.5,423
2026-09-23,1.16.50,1113
2026-09-23,1.16.51,1172
2026-09-23,1.16.52,2179
2026-09-23,1.16.53,1092
2026-09-23,1.16.54,1150
2026-09-23,1.16.55,1078
2026-09-23,1.16.56,1120
2026-09-23,1.16.57,1156
2026-09-23,1.16.58,1087
2026-09-23,1.16.59,1179
2026-09-23,1.16.6,449
2026-09-23,1.16.60,1209
2026-09-23,1.16.61,1135
2026-09-23,1.16.62,1552
2026-09-23,1.16.63,5503
2026-09-23,1.16.7,1325
2026-09-23,1.16.8,439
2026-09-23,1.16.9,493
2026-09-23,1.17.0,1850
2026-09-23,1.17.1,1954
2026-09-23,1.17.10,1251
2026-09-23,1.17.100,2107
2026-09-23,1.17.101,1347
2026-09-23,1.17.102,1346
2026-09-23,1.17.103,1294
2026-09-23,1.17.104,1671
2026-09-23,1.17.105,1256
2026-09-23,1.17.106,5214
2026-09-23,1.17.107,2639
2026-09-23,1.17.108,1538
2026-09-23,1.17.109,1586
2026-09-23,1.17.11,1058
2026-09-23,1.17.110,1452
2026-09-23,1.17.111,1481
2026-09-23,1.17.112,43312
2026-09-23,1.17.12,1137
2026-09-23,1.17.13,1094
2026-09-23,1.17.14,1067
2026-09-23,1.17.15,1117
2026-09-23,1.17.16,1207
2026-09-23,1.17.17,1064
2026-09-23,1.17.18,2208
2026-09-23,1.17.19,1078
2026-09-23,1.17.2,2977
2026-09-23,1.17.20,1062
2026-09-23,1.17.21,1139
2026-09-23,1.17.22,1116
2026-09-23,1.17.23,1153
2026-09-23,1.17.24,1071
2026-09-23,1.17.25,1135
2026-09-23,1.17.26,1061
2026-09-23,1.17.27,1121
2026-09-23,1.17.28,1196
2026-09-23,1.17.29,1085
2026-09-23,1.17.3,1331
2026-09-23,1.17.30,1163
2026-09-23,1.17.31,1059
2026-09-23,1.17.32,1468
2026-09-23,1.17.33,1078
2026-09-23,1.17.34,1276
2026-09-23,1.17.35,1145
2026-09-23,1.17.36,1083
2026-09-23,1.17.37,1051
2026-09-23,1.17.38,1070
2026-09-23,1.17.39,2284
2026-09-23,1.17.4,1151
2026-09-23,1.17.40,1243
2026-09-23,1.17.41,1081
2026-09-23,1.17.42,1148
2026-09-23,1.17.43,1073
2026-09-23,1.17.44,1096
2026-09-23,1.17.45,1277
2026-09-23,1.17.46,1426
2026-09-23,1.17.47,1654
2026-09-23,1.17.48,1123
2026-09-23,1.17.49,2854
2026-09-23,1.17.5,1825
2026-09-23,1.17.50,1197
2026-09-23,1.17.51,1193
2026-09-23,1.17.52,626
2026-09-23,1.17.53,1787
2026-09-23,1.17.54,1406
2026-09-23,1.17.55,1244
2026-09-23,1.17.56,1227
2026-09-23,1.17.57,1452
2026-09-23,1.17.58,1237
2026-09-23,1.17.59,1231
2026-09-23,1.17.6,1650
2026-09-23,1.17.60,1593
2026-09-23,1.17.61,1311
2026-09-23,1.17.62,4362
2026-09-23,1.17.63,1205
2026-09-23,1.17.64,1543
2026-09-23,1.17.65,1206
2026-09-23,1.17.66,1284
2026-09-23,1.17.67,11094
2026-09-23,1.17.68,2116
2026-09-23,1.17.69,1319
2026-09-23,1.17.7,1086
2026-09-23,1.17.70,1223
2026-09-23,1.17.71,1580
2026-09-23,1.17.72,1273
2026-09-23,1.17.73,1368
2026-09-23,1.17.74,1289
2026-09-23,1.17.75,1596
2026-09-23,1.17.76,1936
2026-09-23,1.17.77,1230
2026-09-23,1.17.78,1303
2026-09-23,1.17.79,1948
2026-09-23,1.17.8,1126
2026-09-23,1.17.80,1675
2026-09-23,1.17.81,1209
2026-09-23,1.17.82,1248
2026-09-23,1.17.83,1210
2026-09-23,1.17.84,1350
2026-09-23,1.17.85,1391
2026-09-23,1.17.86,1351
2026-09-23,1.17.87,1846
2026-09-23,1.17.88,1240
2026-09-23,1.17.89,8680
2026-09-23,1.17.9,1538
2026-09-23,1.17.90,1421
2026-09-23,1.17.91,1287
2026-09-23,1.17.92,1313
2026-09-23,1.17.93,1403
2026-09-23,1.17.94,1852
2026-09-23,1.17.95,1378
2026-09-23,1.17.96,12641
2026-09-23,1.17.97,1308
2026-09-23,1.17.98,1452
2026-09-23,1.17.99,1486
2026-09-23,1.18.0,1497
2026-09-23,1.18.1,1453
2026-09-23,1.18.10,1348
2026-09-23,1.18.11,1436
2026-09-23,1.18.12,1924
2026-09-23,1.18.13,1426
2026-09-23,1.18.14,1530
2026-09-23,1.18.15,1357
2026-09-23,1.18.16,1401
2026-09-23,1.18.17,1404
2026-09-23,1.18.18,35299
2026-09-23,1.18.19,8251
2026-09-23,1.18.2,1374
2026-09-23,1.18.20,1394
2026-09-23,1.18.21,1927
2026-09-23,1.18.22,1660
2026-09-23,1.18.23,2928
2026-09-23,1.18.24,1454
2026-09-23,1.18.25,31739
2026-09-23,1.18.26,1373
2026-09-23,1.18.27,1406
2026-09-23,1.18.28,1393
2026-09-23,1.18.29,2591
2026-09-23,1.18.3,10193
2026-09-23,1.18.30,1464
2026-09-23,1.18.31,1578
2026-09-23,1.18.32,1513
2026-09-23,1.18.33,1374
2026-09-23,1.18.34,1371
2026-09-23,1.18.35,1373
2026-09-23,1.18.36,1904
2026-09-23,1.18.37,1375
2026-09-23,1.18.38,1416
2026-09-23,1.18.39,1500
2026-09-23,1.18.4,4392
2026-09-23,1.18.40,1380
2026-09-23,1.18.41,1361
2026-09-23,1.18.42,1437
2026-09-23,1.18.43,1395
2026-09-23,1.18.44,1534
2026-09-23,1.18.45,1390
2026-09-23,1.18.46,3789
2026-09-23,1.18.47,1398
2026-09-23,1.18.48,1721
2026-09-23,1.18.49,1396
2026-09-23,1.18.5,1354
2026-09-23,1.18.50,1575
2026-09-23,1.18.51,1514
2026-09-23,1.18.52,1346
2026-09-23,1.18.53,1350
2026-09-23,1.18.54,2104
2026-09-23,1.18.55,1374
2026-09-23,1.18.56,16206
2026-09-23,1.18.57,1417
2026-09-23,1.18.58,1368
2026-09-23,1.18.59,1882
2026-09-23,1.18.6,1535
2026-09-23,1.18.60,1434
2026-09-23,1.18.61,1613
2026-09-23,1.18.62,1370
2026-09-23,1.18.63,95971
2026-09-23,1.18.64,3617
2026-09-23,1.18.65,5459
2026-09-23,1.18.7,1382
2026-09-23,1.18.8,9870
2026-09-23,1.18.9,1354
2026-09-23,1.19.0,4524
2026-09-23,1.19.1,1348
2026-09-23,1.19.10,2441
2026-09-23,1.19.11,2242
2026-09-23,1.19.12,16581
2026-09-23,1.19.2,2708
2026-09-23,1.19.3,1444
2026-09-23,1.19.4,1370
2026-09-23,1.19.5,2215
2026-09-23,1.19.6,2669
2026-09-23,1.19.7,2305
2026-09-23,1.19.8,2705
2026-09-23,1.19.9,2246
2026-09-23,1.2.0,51
2026-09-23,1.2.1,46
2026-09-23,1.2.2,52
2026-09-23,1.2.3,68
2026-09-23,1.2.4,44
2026-09-23,1.2.5,45
2026-09-23,1.2.6,51
2026-09-23,1.20.0,2844
2026-09-23,1.20.1,2216
2026-09-23,1.20.10,2300
2026-09-23,1.20.11,3172
2026-09-23,1.20.12,3176
2026-09-23,1.20.13,2532
2026-09-23,1.20.14,2494
2026-09-23,1.20.15,2443
2026-09-23,1.20.16,2240
2026-09-23,1.20.17,18408
2026-09-23,1.20.18,2288
2026-09-23,1.20.19,2352
2026-09-23,1.20.2,2241
2026-09-23,1.20.20,2544
2026-09-23,1.20.21,2402
2026-09-23,1.20.22,2230
2026-09-23,1.20.23,2534
2026-09-23,1.20.24,5871
2026-09-23,1.20.25,2297
2026-09-23,1.20.26,11688
2026-09-23,1.20.27,2598
2026-09-23,1.20.28,2287
2026-09-23,1.20.29,4284
2026-09-23,1.20.3,2279
2026-09-23,1.20.30,2309
2026-09-23,1.20.31,2403
2026-09-23,1.20.32,2608
2026-09-23,1.20.33,2303
2026-09-23,1.20.34,2389
2026-09-23,1.20.35,2623
2026-09-23,1.20.36,2289
2026-09-23,1.20.37,2324
2026-09-23,1.20.38,2366
2026-09-23,1.20.39,3016
2026-09-23,1.20.4,2332
2026-09-23,1.20.40,2335
2026-09-23,1.20.41,2379
2026-09-23,1.20.42,2434
2026-09-23,1.20.43,2341
2026-09-23,1.20.44,2955
2026-09-23,1.20.45,2815
2026-09-23,1.20.46,27287
2026-09-23,1.20.47,2357
2026-09-23,1.20.48,2337
2026-09-23,1.20.49,2473
2026-09-23,1.20.5,2301
2026-09-23,1.20.50,2490
2026-09-23,1.20.51,2489
2026-09-23,1.20.52,2384
2026-09-23,1.20.53,2391
2026-09-23,1.20.54,5460
2026-09-23,1.20.6,2284
2026-09-23,1.20.7,2567
2026-09-23,1.20.8,2746
2026-09-23,1.20.9,2215
2026-09-23,1.21.0,3213
2026-09-23,1.21.1,2450
2026-09-23,1.21.10,2607
2026-09-23,1.21.11,2355
2026-09-23,1.21.12,2293
2026-09-23,1.21.13,2466
2026-09-23,1.21.14,7243
2026-09-23,1.21.15,2662
2026-09-23,1.21.16,2447
2026-09-23,1.21.17,2352
2026-09-23,1.21.18,4058
2026-09-23,1.21.19,2393
2026-09-23,1.21.2,2504
2026-09-23,1.21.20,2349
2026-09-23,1.21.21,7967
2026-09-23,1.21.22,3064
2026-09-23,1.21.23,2559
2026-09-23,1.21.24,2548
2026-09-23,1.21.25,2734
2026-09-23,1.21.26,2639
2026-09-23,1.21.27,2764
2026-09-23,1.21.28,2569
2026-09-23,1.21.29,2789
2026-09-23,1.21.3,2489
2026-09-23,1.21.30,3493
2026-09-23,1.21.31,2684
2026-09-23,1.21.32,14824
2026-09-23,1.21.33,2574
2026-09-23,1.21.34,2589
2026-09-23,1.21.35,3113
2026-09-23,1.21.36,2805
2026-09-23,1.21.37,2638
2026-09-23,1.21.38,2642
2026-09-23,1.21.39,2598
2026-09-23,1.21.4,2468
2026-09-23,1.21.40,2540
2026-09-23,1.21.41,2639
2026-09-23,1.21.42,7722
2026-09-23,1.21.43,2707
2026-09-23,1.21.44,2584
2026-09-23,1.21.45,2592
2026-09-23,1.21.46,4846
2026-09-23,1.21.5,2276
2026-09-23,1.21.6,2678
2026-09-23,1.21.7,2367
2026-09-23,1.21.8,2375
2026-09-23,1.21.9,2298
2026-09-23,1.22.0,4735
2026-09-23,1.22.1,2665
2026-09-23,1.22.10,3159
2026-09-23,1.22.11,3222
2026-09-23,1.22.12,3022
2026-09-23,1.22.13,3609
2026-09-23,1.22.2,2728
2026-09-23,1.22.3,8795
2026-09-23,1.22.4,2587
2026-09-23,1.22.5,7223
2026-09-23,1.22.6,3116
2026-09-23,1.22.7,3143
2026-09-23,1.22.8,3109
2026-09-23,1.22.9,3758
2026-09-23,1.23.0,3002
2026-09-23,1.23.1,3047
2026-09-23,1.23.10,82953
2026-09-23,1.23.2,3577
2026-09-23,1.23.3,2972
2026-09-23,1.23.4,3081
2026-09-23,1.23.5,3283
2026-09-23,1.23.6,3148
2026-09-23,1.23.7,3033
2026-09-23,1.23.8,3158
2026-09-23,1.23.9,3602
2026-09-23,1.24.0,24878
2026-09-23,1.24.1,17075
2026-09-23,1.24.10,18944
2026-09-23,1.24.11,17589
2026-09-23,1.24.12,17706
2026-09-23,1.24.13,17667
2026-09-23,1.24.14,17760
2026-09-23,1.24.15,18257
2026-09-23,1.24.16,17552
2026-09-23,1.24.17,17629
2026-09-23,1.24.18,17702
2026-09-23,1.24.19,17658
2026-09-23,1.24.2,18439
2026-09-23,1.24.20,17797
2026-09-23,1.24.21,17727
2026-09-23,1.24.22,18323
2026-09-23,1.24.23,17702
2026-09-23,1.24.24,17598
2026-09-23,1.24.25,18018
2026-09-23,1.24.26,17637
2026-09-23,1.24.27,17808
2026-09-23,1.24.28,43404
2026-09-23,1.24.29,36934
2026-09-23,1.24.3,17312
2026-09-23,1.24.30,18086
2026-09-23,1.24.31,17593
2026-09-23,1.24.32,48319
2026-09-23,1.24.33,17631
2026-09-23,1.24.34,17944
2026-09-23,1.24.35,17617
2026-09-23,1.24.36,17916
2026-09-23,1.24.37,17694
2026-09-23,1.24.38,18240
2026-09-23,1.24.39,18220
2026-09-23,1.24.4,16999
2026-09-23,1.24.40,18049
2026-09-23,1.24.41,17551
2026-09-23,1.24.42,17582
2026-09-23,1.24.43,17942
2026-09-23,1.24.44,17941
2026-09-23,1.24.45,17626
2026-09-23,1.24.46,18120
2026-09-23,1.24.47,17609
2026-09-23,1.24.48,17644
2026-09-23,1.24.49,17640
2026-09-23,1.24.5,22899
2026-09-23,1.24.50,17738
2026-09-23,1.24.51,18056
2026-09-23,1.24.52,18218
2026-09-23,1.24.53,17627
2026-09-23,1.24.54,17575
2026-09-23,1.24.55,17894
2026-09-23,1.24.56,17679
2026-09-23,1.24.57,19915
2026-09-23,1.24.58,17586
2026-09-23,1.24.59,40466
2026-09-23,1.24.6,17620
2026-09-23,1.24.60,24143
2026-09-23,1.24.61,20883
2026-09-23,1.24.62,21174
2026-09-23,1.24.63,21081
2026-09-23,1.24.64,22329
2026-09-23,1.24.65,20999
2026-09-23,1.24.66,21707
2026-09-23,1.24.67,20890
2026-09-23,1.24.68,21075
2026-09-23,1.24.69,20919
2026-09-23,1.24.7,17912
2026-09-23,1.24.70,30364
2026-09-23,1.24.71,21180
2026-09-23,1.24.72,20928
2026-09-23,1.24.73,20971
2026-09-23,1.24.74,21094
2026-09-23,1.24.75,21036
2026-09-23,1.24.76,23152
2026-09-23,1.24.77,20961
2026-09-23,1.24.78,20912
2026-09-23,1.24.79,21078
2026-09-23,1.24.8,18106
2026-09-23,1.24.80,21340
2026-09-23,1.24.81,22631
2026-09-23,1.24.82,21254
2026-09-23,1.24.83,20894
2026-09-23,1.24.84,20920
2026-09-23,1.24.85,20872
2026-09-23,1.24.86,21330
2026-09-23,1.24.87,20961
2026-09-23,1.24.88,21034
2026-09-23,1.24.89,21514
2026-09-23,1.24.9,17576
2026-09-23,1.24.90,23161
2026-09-23,1.24.91,20957
2026-09-23,1.24.92,20920
2026-09-23,1.24.93,20940
2026-09-23,1.24.94,21285
2026-09-23,1.24.95,20873
2026-09-23,1.24.96,25968
2026-09-23,1.25.0,20912
2026-09-23,1.25.1,20793
2026-09-23,1.25.2,20877
2026-09-23,1.25.3,20807
2026-09-23,1.25.4,20970
2026-09-23,1.25.5,23374
2026-09-23,1.26.0,27907
2026-09-23,1.26.1,22008
2026-09-23,1.26.10,20889
2026-09-23,1.26.100,80909
2026-09-23,1.26.101,40895
2026-09-23,1.26.102,28261
2026-09-23,1.26.103,20346
2026-09-23,1.26.104,20565
2026-09-23,1.26.105,20403
2026-09-23,1.26.106,20464
2026-09-23,1.26.107,20526
2026-09-23,1.26.108,38928
2026-09-23,1.26.109,21208
2026-09-23,1.26.11,20879
2026-09-23,1.26.110,20514
2026-09-23,1.26.111,20408
2026-09-23,1.26.112,20345
2026-09-23,1.26.113,33998
2026-09-23,1.26.114,20576
2026-09-23,1.26.115,21175
2026-09-23,1.26.116,32385
2026-09-23,1.26.117,21467
2026-09-23,1.26.118,21107
2026-09-23,1.26.119,20264
2026-09-23,1.26.12,20876
2026-09-23,1.26.120,22482
2026-09-23,1.26.121,20497
2026-09-23,1.26.122,20498
2026-09-23,1.26.123,20347
2026-09-23,1.26.124,48748
2026-09-23,1.26.125,20586
2026-09-23,1.26.126,21712
2026-09-23,1.26.127,20412
2026-09-23,1.26.128,20372
2026-09-23,1.26.129,22091
2026-09-23,1.26.13,21389
2026-09-23,1.26.130,20405
2026-09-23,1.26.131,20332
2026-09-23,1.26.132,20643
2026-09-23,1.26.133,22641
2026-09-23,1.26.134,20377
2026-09-23,1.26.135,20980
2026-09-23,1.26.136,20653
2026-09-23,1.26.137,41651
2026-09-23,1.26.138,36827
2026-09-23,1.26.139,20424
2026-09-23,1.26.14,20967
2026-09-23,1.26.140,20541
2026-09-23,1.26.141,22478
2026-09-23,1.26.142,21122
2026-09-23,1.26.143,20550
2026-09-23,1.26.144,21164
2026-09-23,1.26.145,20448
2026-09-23,1.26.146,20615
2026-09-23,1.26.147,20475
2026-09-23,1.26.148,20354
2026-09-23,1.26.149,20543
2026-09-23,1.26.15,21335
2026-09-23,1.26.150,21050
2026-09-23,1.26.151,22749
2026-09-23,1.26.152,20586
2026-09-23,1.26.153,21718
2026-09-23,1.26.154,20430
2026-09-23,1.26.155,20664
2026-09-23,1.26.156,20496
2026-09-23,1.26.157,20650
2026-09-23,1.26.158,20835
2026-09-23,1.26.159,20495
2026-09-23,1.26.16,21425
2026-09-23,1.26.160,23390
2026-09-23,1.26.161,29971
2026-09-23,1.26.162,20514
2026-09-23,1.26.163,20540
2026-09-23,1.26.164,20546
2026-09-23,1.26.165,38190
2026-09-23,1.26.17,20982
2026-09-23,1.26.18,52453
2026-09-23,1.26.19,32600
2026-09-23,1.26.2,21286
2026-09-23,1.26.20,58428
2026-09-23,1.26.21,22345
2026-09-23,1.26.22,20882
2026-09-23,1.26.23,21050
2026-09-23,1.26.24,21042
2026-09-23,1.26.25,23868
2026-09-23,1.26.26,22363
2026-09-23,1.26.27,40878
2026-09-23,1.26.28,23057
2026-09-23,1.26.29,21040
2026-09-23,1.26.3,20837
2026-09-23,1.26.30,21631
2026-09-23,1.26.31,20836
2026-09-23,1.26.32,21157
2026-09-23,1.26.33,20867
2026-09-23,1.26.34,20897
2026-09-23,1.26.35,20977
2026-09-23,1.26.36,20879
2026-09-23,1.26.37,21415
2026-09-23,1.26.38,20836
2026-09-23,1.26.39,20799
2026-09-23,1.26.4,20993
2026-09-23,1.26.40,20772
2026-09-23,1.26.41,22008
2026-09-23,1.26.42,21392
2026-09-23,1.26.43,21410
2026-09-23,1.26.44,21166
2026-09-23,1.26.45,20839
2026-09-23,1.26.46,21028
2026-09-23,1.26.47,21144
2026-09-23,1.26.48,21292
2026-09-23,1.26.49,20813
2026-09-23,1.26.5,21045
2026-09-23,1.26.50,23116
2026-09-23,1.26.51,21768
2026-09-23,1.26.52,20847
2026-09-23,1.26.53,21269
2026-09-23,1.26.54,21005
2026-09-23,1.26.55,20852
2026-09-23,1.26.56,21600
2026-09-23,1.26.57,20865
2026-09-23,1.26.58,21303
2026-09-23,1.26.59,22384
2026-09-23,1.26.6,20910
2026-09-23,1.26.60,20953
2026-09-23,1.26.61,22933
2026-09-23,1.26.62,20893
2026-09-23,1.26.63,21074
2026-09-23,1.26.64,23292
2026-09-23,1.26.65,21387
2026-09-23,1.26.66,21326
2026-09-23,1.26.67,20892
2026-09-23,1.26.68,21168
2026-09-23,1.26.69,21021
2026-09-23,1.26.7,21065
2026-09-23,1.26.70,21084
2026-09-23,1.26.71,21181
2026-09-23,1.26.72,21103
2026-09-23,1.26.73,21732
2026-09-23,1.26.74,22157
2026-09-23,1.26.75,21314
2026-09-23,1.26.76,35341
2026-09-23,1.26.77,20893
2026-09-23,1.26.78,23338
2026-09-23,1.26.79,22356
2026-09-23,1.26.8,21120
2026-09-23,1.26.80,21258
2026-09-23,1.26.81,21030
2026-09-23,1.26.82,21503
2026-09-23,1.26.83,20960
2026-09-23,1.26.84,21950
2026-09-23,1.26.85,21003
2026-09-23,1.26.86,21078
2026-09-23,1.26.87,21273
2026-09-23,1.26.88,21031
2026-09-23,1.26.89,21169
2026-09-23,1.26.9,24772
2026-09-23,1.26.90,60968
2026-09-23,1.26.91,20909
2026-09-23,1.26.92,24404
2026-09-23,1.26.93,21945
2026-09-23,1.26.94,25803
2026-09-23,1.26.95,20988
2026-09-23,1.26.96,21135
2026-09-23,1.26.97,21424
2026-09-23,1.26.98,20983
2026-09-23,1.26.99,25154
2026-09-23,1.27.0,21328
2026-09-23,1.27.1,22091
2026-09-23,1.28.0,34080
2026-09-23,1.28.1,21121
2026-09-23,1.28.10,21502
2026-09-23,1.28.11,20882
2026-09-23,1.28.12,21266
2026-09-23,1.28.13,20348
2026-09-23,1.28.14,20979
2026-09-23,1.28.15,21144
2026-09-23,1.28.16,20821
2026-09-23,1.28.17,50672
2026-09-23,1.28.18,21674
2026-09-23,1.28.19,23683
2026-09-23,1.28.2,21756
2026-09-23,1.28.20,22404
2026-09-23,1.28.21,21558
2026-09-23,1.28.22,21808
2026-09-23,1.28.23,21676
2026-09-23,1.28.24,21518
2026-09-23,1.28.25,22759
2026-09-23,1.28.26,21582
2026-09-23,1.28.27,21856
2026-09-23,1.28.28,21616
2026-09-23,1.28.29,22930
2026-09-23,1.28.3,30234
2026-09-23,1.28.30,23016
2026-09-23,1.28.31,21783
2026-09-23,1.28.32,22217
2026-09-23,1.28.33,22047
2026-09-23,1.28.34,21906
2026-09-23,1.28.35,21537
2026-09-23,1.28.36,22335
2026-09-23,1.28.37,21693
2026-09-23,1.28.38,21980
2026-09-23,1.28.39,21500
2026-09-23,1.28.4,24398
2026-09-23,1.28.40,36822
2026-09-23,1.28.41,21885
2026-09-23,1.28.42,21606
2026-09-23,1.28.43,24208
2026-09-23,1.28.44,21941
2026-09-23,1.28.45,21568
2026-09-23,1.28.46,21573
2026-09-23,1.28.47,22619
2026-09-23,1.28.48,29411
2026-09-23,1.28.49,21614
2026-09-23,1.28.5,22085
2026-09-23,1.28.50,23025
2026-09-23,1.28.51,22374
2026-09-23,1.28.52,22618
2026-09-23,1.28.53,23207
2026-09-23,1.28.54,23617
2026-09-23,1.28.55,22902
2026-09-23,1.28.56,21607
2026-09-23,1.28.57,34727
2026-09-23,1.28.58,22937
2026-09-23,1.28.59,21782
2026-09-23,1.28.6,21029
2026-09-23,1.28.60,22227
2026-09-23,1.28.61,23573
2026-09-23,1.28.62,35312
2026-09-23,1.28.63,34008
2026-09-23,1.28.64,27428
2026-09-23,1.28.65,23278
2026-09-23,1.28.66,24363
2026-09-23,1.28.67,23322
2026-09-23,1.28.68,23556
2026-09-23,1.28.69,23532
2026-09-23,1.28.7,20964
2026-09-23,1.28.70,24587
2026-09-23,1.28.71,23348
2026-09-23,1.28.72,25176
2026-09-23,1.28.73,24276
2026-09-23,1.28.74,30354
2026-09-23,1.28.75,27200
2026-09-23,1.28.76,23361
2026-09-23,1.28.77,23507
2026-09-23,1.28.78,23800
2026-09-23,1.28.79,28139
2026-09-23,1.28.8,20761
2026-09-23,1.28.80,24252
2026-09-23,1.28.81,23404
2026-09-23,1.28.82,24141
2026-09-23,1.28.83,29324
2026-09-23,1.28.84,24513
2026-09-23,1.28.85,30449
2026-09-23,1.28.9,42461
2026-09-23,1.29.0,25289
2026-09-23,1.29.1,24534
2026-09-23,1.29.2,29237
2026-09-23,1.29.3,24216
2026-09-23,1.29.4,24708
2026-09-23,1.29.5,25594
2026-09-23,1.29.6,24539
2026-09-23,1.29.7,28833
2026-09-23,1.3.0,266
2026-09-23,1.3.1,178
2026-09-23,1.33.0,25853
2026-09-23,1.33.1,31480
2026-09-23,1.33.10,24233
2026-09-23,1.33.11,24803
2026-09-23,1.33.12,27547
2026-09-23,1.33.13,992640
2026-09-23,1.33.2,32523
2026-09-23,1.33.3,25844
2026-09-23,1.33.4,25417
2026-09-23,1.33.5,25564
2026-09-23,1.33.6,25227
2026-09-23,1.33.7,25655
2026-09-23,1.33.8,24398
2026-09-23,1.33.9,25516
2026-09-23,1.34.0,92261
2026-09-23,1.34.1,21904
2026-09-23,1.34.10,22683
2026-09-23,1.34.100,85517
2026-09-23,1.34.101,83739
2026-09-23,1.34.102,89397
2026-09-23,1.34.103,83724
2026-09-23,1.34.104,94356
2026-09-23,1.34.105,84559
2026-09-23,1.34.106,96660
2026-09-23,1.34.107,85210
2026-09-23,1.34.108,86003
2026-09-23,1.34.109,85633
2026-09-23,1.34.11,24618
2026-09-23,1.34.110,97173
2026-09-23,1.34.111,85389
2026-09-23,1.34.112,86310
2026-09-23,1.34.113,86945
2026-09-23,1.34.114,85606
2026-09-23,1.34.115,90549
2026-09-23,1.34.116,86236
2026-09-23,1.34.117,87479
2026-09-23,1.34.118,86576
2026-09-23,1.34.119,129648
2026-09-23,1.34.12,24411
2026-09-23,1.34.120,86843
2026-09-23,1.34.121,85322
2026-09-23,1.34.122,85719
2026-09-23,1.34.123,87636
2026-09-23,1.34.124,86878
2026-09-23,1.34.125,85850
2026-09-23,1.34.126,85355
2026-09-23,1.34.127,91586
2026-09-23,1.34.128,87508
2026-09-23,1.34.129,96072
2026-09-23,1.34.13,22725
2026-09-23,1.34.130,86596
2026-09-23,1.34.131,271963
2026-09-23,1.34.132,87050
2026-09-23,1.34.133,91532
2026-09-23,1.34.134,87071
2026-09-23,1.34.135,89308
2026-09-23,1.34.136,87848
2026-09-23,1.34.137,91721
2026-09-23,1.34.138,89943
2026-09-23,1.34.139,87227
2026-09-23,1.34.14,24630
2026-09-23,1.34.140,89222
2026-09-23,1.34.141,90764
2026-09-23,1.34.142,94898
2026-09-23,1.34.143,89875
2026-09-23,1.34.144,110582
2026-09-23,1.34.145,134809
2026-09-23,1.34.146,93542
2026-09-23,1.34.147,90208
2026-09-23,1.34.148,88266
2026-09-23,1.34.149,89867
2026-09-23,1.34.15,27875
2026-09-23,1.34.150,89088
2026-09-23,1.34.151,90787
2026-09-23,1.34.152,87423
2026-09-23,1.34.153,90068
2026-09-23,1.34.154,90015
2026-09-23,1.34.155,88693
2026-09-23,1.34.156,89838
2026-09-23,1.34.157,86741
2026-09-23,1.34.158,87861
2026-09-23,1.34.159,86955
2026-09-23,1.34.16,21713
2026-09-23,1.34.160,87136
2026-09-23,1.34.161,86977
2026-09-23,1.34.162,183847
2026-09-23,1.34.17,21985
2026-09-23,1.34.18,21788
2026-09-23,1.34.19,24450
2026-09-23,1.34.2,23345
2026-09-23,1.34.20,22137
2026-09-23,1.34.21,22865
2026-09-23,1.34.22,23354
2026-09-23,1.34.23,26114
2026-09-23,1.34.24,22029
2026-09-23,1.34.25,27483
2026-09-23,1.34.26,24051
2026-09-23,1.34.27,22525
2026-09-23,1.34.28,22043
2026-09-23,1.34.29,24796
2026-09-23,1.34.3,21722
2026-09-23,1.34.30,22312
2026-09-23,1.34.31,22049
2026-09-23,1.34.32,22147
2026-09-23,1.34.33,22164
2026-09-23,1.34.34,35247
2026-09-23,1.34.35,23110
2026-09-23,1.34.36,22644
2026-09-23,1.34.37,22513
2026-09-23,1.34.38,22034
2026-09-23,1.34.39,30704
2026-09-23,1.34.4,21899
2026-09-23,1.34.40,24862
2026-09-23,1.34.41,23164
2026-09-23,1.34.42,23813
2026-09-23,1.34.43,22339
2026-09-23,1.34.44,25219
2026-09-23,1.34.45,28860
2026-09-23,1.34.46,27265
2026-09-23,1.34.47,22037
2026-09-23,1.34.48,145021
2026-09-23,1.34.49,23340
2026-09-23,1.34.5,22613
2026-09-23,1.34.50,23504
2026-09-23,1.34.51,28422
2026-09-23,1.34.52,22406
2026-09-23,1.34.53,22648
2026-09-23,1.34.54,22275
2026-09-23,1.34.55,22895
2026-09-23,1.34.56,104032
2026-09-23,1.34.57,21983
2026-09-23,1.34.58,23695
2026-09-23,1.34.59,25177
2026-09-23,1.34.6,22694
2026-09-23,1.34.60,23588
2026-09-23,1.34.61,23081
2026-09-23,1.34.62,23594
2026-09-23,1.34.63,32497
2026-09-23,1.34.64,23344
2026-09-23,1.34.65,22851
2026-09-23,1.34.66,22349
2026-09-23,1.34.67,21953
2026-09-23,1.34.68,23815
2026-09-23,1.34.69,127423
2026-09-23,1.34.7,23181
2026-09-23,1.34.70,86781
2026-09-23,1.34.71,83351
2026-09-23,1.34.72,83602
2026-09-23,1.34.73,84407
2026-09-23,1.34.74,84664
2026-09-23,1.34.75,86580
2026-09-23,1.34.76,83868
2026-09-23,1.34.77,84520
2026-09-23,1.34.78,83901
2026-09-23,1.34.79,203947
2026-09-23,1.34.8,21907
2026-09-23,1.34.80,84999
2026-09-23,1.34.81,85190
2026-09-23,1.34.82,83796
2026-09-23,1.34.83,84141
2026-09-23,1.34.84,85433
2026-09-23,1.34.85,99571
2026-09-23,1.34.86,83674
2026-09-23,1.34.87,103247
2026-09-23,1.34.88,84591
2026-09-23,1.34.89,84089
2026-09-23,1.34.9,21686
2026-09-23,1.34.90,84914
2026-09-23,1.34.91,83537
2026-09-23,1.34.92,84014
2026-09-23,1.34.93,84498
2026-09-23,1.34.94,90295
2026-09-23,1.34.95,83471
2026-09-23,1.34.96,84113
2026-09-23,1.34.97,83540
2026-09-23,1.34.98,83742
2026-09-23,1.34.99,83691
2026-09-23,1.35.0,137419
2026-09-23,1.35.1,94995
2026-09-23,1.35.10,90491
2026-09-23,1.35.11,87382
2026-09-23,1.35.12,168694
2026-09-23,1.35.13,89242
2026-09-23,1.35.14,88179
2026-09-23,1.35.15,91981
2026-09-23,1.35.16,106012
2026-09-23,1.35.17,88472
2026-09-23,1.35.18,87929
2026-09-23,1.35.19,90541
2026-09-23,1.35.2,87642
2026-09-23,1.35.20,88502
2026-09-23,1.35.21,87162
2026-09-23,1.35.22,86928
2026-09-23,1.35.23,90312
2026-09-23,1.35.24,90762
2026-09-23,1.35.25,89767
2026-09-23,1.35.26,87538
2026-09-23,1.35.27,88667
2026-09-23,1.35.28,87370
2026-09-23,1.35.29,88734
2026-09-23,1.35.3,86999
2026-09-23,1.35.30,87399
2026-09-23,1.35.31,87995
2026-09-23,1.35.32,87180
2026-09-23,1.35.33,178301
2026-09-23,1.35.34,87744
2026-09-23,1.35.35,95120
2026-09-23,1.35.36,161124
2026-09-23,1.35.37,88015
2026-09-23,1.35.38,114019
2026-09-23,1.35.39,88666
2026-09-23,1.35.4,87883
2026-09-23,1.35.40,87426
2026-09-23,1.35.41,87576
2026-09-23,1.35.42,120503
2026-09-23,1.35.43,86774
2026-09-23,1.35.44,87781
2026-09-23,1.35.45,87191
2026-09-23,1.35.46,88889
2026-09-23,1.35.47,87342
2026-09-23,1.35.48,86973
2026-09-23,1.35.49,219767
2026-09-23,1.35.5,88116
2026-09-23,1.35.50,87594
2026-09-23,1.35.51,92032
2026-09-23,1.35.52,92581
2026-09-23,1.35.53,94408
2026-09-23,1.35.54,97130
2026-09-23,1.35.55,88548
2026-09-23,1.35.56,86689
2026-09-23,1.35.57,90940
2026-09-23,1.35.58,87534
2026-09-23,1.35.59,87275
2026-09-23,1.35.6,88281
2026-09-23,1.35.60,88305
2026-09-23,1.35.61,86539
2026-09-23,1.35.62,90917
2026-09-23,1.35.63,88522
2026-09-23,1.35.64,88015
2026-09-23,1.35.65,87880
2026-09-23,1.35.66,87600
2026-09-23,1.35.67,87008
2026-09-23,1.35.68,89253
2026-09-23,1.35.69,95374
2026-09-23,1.35.7,109587
2026-09-23,1.35.70,93431
2026-09-23,1.35.71,100561
2026-09-23,1.35.72,87683
2026-09-23,1.35.73,87116
2026-09-23,1.35.74,97925
2026-09-23,1.35.75,88803
2026-09-23,1.35.76,105355
2026-09-23,1.35.77,87598
2026-09-23,1.35.78,90021
2026-09-23,1.35.79,88036
2026-09-23,1.35.8,87605
2026-09-23,1.35.80,91552
2026-09-23,1.35.81,104363
2026-09-23,1.35.82,88401
2026-09-23,1.35.83,87429
2026-09-23,1.35.84,96482
2026-09-23,1.35.85,87688
2026-09-23,1.35.86,90722
2026-09-23,1.35.87,89589
2026-09-23,1.35.88,90112
2026-09-23,1.35.89,129441
2026-09-23,1.35.9,89501
2026-09-23,1.35.90,101252
2026-09-23,1.35.91,87227
2026-09-23,1.35.92,94246
2026-09-23,1.35.93,92768
2026-09-23,1.35.94,88576
2026-09-23,1.35.95,89080
2026-09-23,1.35.96,90269
2026-09-23,1.35.97,88144
2026-09-23,1.35.98,89963
2026-09-23,1.35.99,272551
2026-09-23,1.36.0,104032
2026-09-23,1.36.1,137850
2026-09-23,1.36.10,87502
2026-09-23,1.36.11,90594
2026-09-23,1.36.12,87550
2026-09-23,1.36.13,87681
2026-09-23,1.36.14,88071
2026-09-23,1.36.15,88014
2026-09-23,1.36.16,88592
2026-09-23,1.36.17,91625
2026-09-23,1.36.18,96692
2026-09-23,1.36.19,88901
2026-09-23,1.36.2,112234
2026-09-23,1.36.20,89595
2026-09-23,1.36.21,92636
2026-09-23,1.36.22,91463
2026-09-23,1.36.23,91326
2026-09-23,1.36.24,87692
2026-09-23,1.36.25,87949
2026-09-23,1.36.26,93556
2026-09-23,1.36.3,177288
2026-09-23,1.36.4,88199
2026-09-23,1.36.5,90396
2026-09-23,1.36.6,87754
2026-09-23,1.36.7,90431
2026-09-23,1.36.8,89446
2026-09-23,1.36.9,88966
2026-09-23,1.37.0,93099
2026-09-23,1.37.1,114355
2026-09-23,1.37.10,95667
2026-09-23,1.37.11,93728
2026-09-23,1.37.12,88611
2026-09-23,1.37.13,91960
2026-09-23,1.37.14,87881
2026-09-23,1.37.15,88301
2026-09-23,1.37.16,87652
2026-09-23,1.37.17,88469
2026-09-23,1.37.18,89939
2026-09-23,1.37.19,90789
2026-09-23,1.37.2,101572
2026-09-23,1.37.20,93499
2026-09-23,1.37.21,88003
2026-09-23,1.37.22,88129
2026-09-23,1.37.23,89201
2026-09-23,1.37.24,93994
2026-09-23,1.37.25,88170
2026-09-23,1.37.26,89787
2026-09-23,1.37.27,89425
2026-09-23,1.37.28,89079
2026-09-23,1.37.29,92603
2026-09-23,1.37.3,176065
2026-09-23,1.37.30,88472
2026-09-23,1.37.31,104337
2026-09-23,1.37.32,87760
2026-09-23,1.37.33,88748
2026-09-23,1.37.34,91221
2026-09-23,1.37.35,89868
2026-09-23,1.37.36,88430
2026-09-23,1.37.37,88785
2026-09-23,1.37.38,596636
2026-09-23,1.37.4,116829
2026-09-23,1.37.5,95709
2026-09-23,1.37.6,89743
2026-09-23,1.37.7,382428
2026-09-23,1.37.8,88012
2026-09-23,1.37.9,102514
2026-09-23,1.38.0,98786
2026-09-23,1.38.1,88893
2026-09-23,1.38.10,88225
2026-09-23,1.38.11,87731
2026-09-23,1.38.12,93251
2026-09-23,1.38.13,91699
2026-09-23,1.38.14,167023
2026-09-23,1.38.15,89723
2026-09-23,1.38.16,89235
2026-09-23,1.38.17,93006
2026-09-23,1.38.18,95035
2026-09-23,1.38.19,88614
2026-09-23,1.38.2,87975
2026-09-23,1.38.20,88603
2026-09-23,1.38.21,92854
2026-09-23,1.38.22,93563
2026-09-23,1.38.23,100146
2026-09-23,1.38.24,89743
2026-09-23,1.38.25,126006
2026-09-23,1.38.26,89886
2026-09-23,1.38.27,157455
2026-09-23,1.38.28,90478
2026-09-23,1.38.29,89465
2026-09-23,1.38.3,88469
2026-09-23,1.38.30,91160
2026-09-23,1.38.31,88566
2026-09-23,1.38.32,92046
2026-09-23,1.38.33,95031
2026-09-23,1.38.34,94559
2026-09-23,1.38.35,88894
2026-09-23,1.38.36,96983
2026-09-23,1.38.37,91035
2026-09-23,1.38.38,101891
2026-09-23,1.38.39,89181
2026-09-23,1.38.4,88593
2026-09-23,1.38.40,88622
2026-09-23,1.38.41,92848
2026-09-23,1.38.42,119341
2026-09-23,1.38.43,90199
2026-09-23,1.38.44,90345
2026-09-23,1.38.45,88653
2026-09-23,1.38.46,106129
2026-09-23,1.38.5,91659
2026-09-23,1.38.6,87662
2026-09-23,1.38.7,88801
2026-09-23,1.38.8,90699
2026-09-23,1.38.9,90692
2026-09-23,1.39.0,93243
2026-09-23,1.39.1,97623
2026-09-23,1.39.10,90487
2026-09-23,1.39.11,149933
2026-09-23,1.39.12,90416
2026-09-23,1.39.13,91106
2026-09-23,1.39.14,93021
2026-09-23,1.39.15,117812
2026-09-23,1.39.16,94006
2026-09-23,1.39.17,102642
2026-09-23,1.39.2,90499
2026-09-23,1.39.3,109902
2026-09-23,1.39.4,97945
2026-09-23,1.39.5,87924
2026-09-23,1.39.6,89330
2026-09-23,1.39.7,100293
2026-09-23,1.39.8,92234
2026-09-23,1.39.9,93332
2026-09-23,1.4.0,405
2026-09-23,1.4.1,493
2026-09-23,1.4.2,51
2026-09-23,1.4.3,63
2026-09-23,1.4.4,1327
2026-09-23,1.4.5,177
2026-09-23,1.4.6,84
2026-09-23,1.4.7,403
2026-09-23,1.4.8,637
2026-09-23,1.40.0,125009
2026-09-23,1.40.1,90519
2026-09-23,1.40.10,89084
2026-09-23,1.40.11,95214
2026-09-23,1.40.12,91244
2026-09-23,1.40.13,91985
2026-09-23,1.40.14,103665
2026-09-23,1.40.15,91199
2026-09-23,1.40.16,92706
2026-09-23,1.40.17,92093
2026-09-23,1.40.18,125571
2026-09-23,1.40.19,91173
2026-09-23,1.40.2,95979
2026-09-23,1.40.20,92890
2026-09-23,1.40.21,96512
2026-09-23,1.40.22,91791
2026-09-23,1.40.23,97334
2026-09-23,1.40.24,92194
2026-09-23,1.40.25,93900
2026-09-23,1.40.26,93725
2026-09-23,1.40.27,90819
2026-09-23,1.40.28,92237
2026-09-23,1.40.29,94813
2026-09-23,1.40.3,90535
2026-09-23,1.40.30,105891
2026-09-23,1.40.31,102788
2026-09-23,1.40.32,105202
2026-09-23,1.40.33,94297
2026-09-23,1.40.34,91691
2026-09-23,1.40.35,93693
2026-09-23,1.40.36,94470
2026-09-23,1.40.37,92452
2026-09-23,1.40.38,90367
2026-09-23,1.40.39,91287
2026-09-23,1.40.4,97995
2026-09-23,1.40.40,103181
2026-09-23,1.40.41,91772
2026-09-23,1.40.42,91995
2026-09-23,1.40.43,90746
2026-09-23,1.40.44,89417
2026-09-23,1.40.45,97897
2026-09-23,1.40.46,99038
2026-09-23,1.40.47,94229
2026-09-23,1.40.48,91549
2026-09-23,1.40.49,182753
2026-09-23,1.40.5,90786
2026-09-23,1.40.50,96603
2026-09-23,1.40.51,95313
2026-09-23,1.40.52,99932
2026-09-23,1.40.53,91662
2026-09-23,1.40.54,90787
2026-09-23,1.40.55,95473
2026-09-23,1.40.56,92347
2026-09-23,1.40.57,92063
2026-09-23,1.40.58,91252
2026-09-23,1.40.59,94800
2026-09-23,1.40.6,100431
2026-09-23,1.40.60,101174
2026-09-23,1.40.61,956935
2026-09-23,1.40.62,97341
2026-09-23,1.40.63,90112
2026-09-23,1.40.64,94443
2026-09-23,1.40.65,91627
2026-09-23,1.40.66,97241
2026-09-23,1.40.67,95907
2026-09-23,1.40.68,90435
2026-09-23,1.40.69,94678
2026-09-23,1.40.7,90306
2026-09-23,1.40.70,101841
2026-09-23,1.40.71,93541
2026-09-23,1.40.72,90960
2026-09-23,1.40.73,101149
2026-09-23,1.40.74,94819
2026-09-23,1.40.75,104029
2026-09-23,1.40.76,137055
2026-09-23,1.40.8,89917
2026-09-23,1.40.9,89415
2026-09-23,1.41.0,95792
2026-09-23,1.41.1,90539
2026-09-23,1.41.2,101413
2026-09-23,1.41.3,100290
2026-09-23,1.41.4,91431
2026-09-23,1.41.5,286703
2026-09-23,1.42.0,149844
2026-09-23,1.42.1,150668
2026-09-23,1.42.10,145420
2026-09-23,1.42.11,147163
2026-09-23,1.42.12,152975
2026-09-23,1.42.13,145384
2026-09-23,1.42.14,152131
2026-09-23,1.42.15,143867
2026-09-23,1.42.16,148683
2026-09-23,1.42.17,293777
2026-09-23,1.42.18,259325
2026-09-23,1.42.19,149839
2026-09-23,1.42.2,148316
2026-09-23,1.42.20,141444
2026-09-23,1.42.21,156182
2026-09-23,1.42.22,184513
2026-09-23,1.42.23,170689
2026-09-23,1.42.24,171420
2026-09-23,1.42.25,167670
2026-09-23,1.42.26,167665
2026-09-23,1.42.27,165055
2026-09-23,1.42.28,166420
2026-09-23,1.42.29,166854
2026-09-23,1.42.3,149873
2026-09-23,1.42.30,198414
2026-09-23,1.42.31,185176
2026-09-23,1.42.32,164357
2026-09-23,1.42.33,165147
2026-09-23,1.42.34,175158
2026-09-23,1.42.35,192698
2026-09-23,1.42.36,169284
2026-09-23,1.42.37,171110
2026-09-23,1.42.38,169202
2026-09-23,1.42.39,189949
2026-09-23,1.42.4,149411
2026-09-23,1.42.40,168216
2026-09-23,1.42.41,171720
2026-09-23,1.42.42,179624
2026-09-23,1.42.43,186168
2026-09-23,1.42.44,183435
2026-09-23,1.42.45,168732
2026-09-23,1.42.46,166553
2026-09-23,1.42.47,184010
2026-09-23,1.42.48,172771
2026-09-23,1.42.49,172345
2026-09-23,1.42.5,156601
2026-09-23,1.42.50,179775
2026-09-23,1.42.51,167353
2026-09-23,1.42.52,170114
2026-09-23,1.42.53,164621
2026-09-23,1.42.54,210657
2026-09-23,1.42.55,186164
2026-09-23,1.42.56,193089
2026-09-23,1.42.57,172528
2026-09-23,1.42.58,193507
2026-09-23,1.42.59,185276
2026-09-23,1.42.6,143767
2026-09-23,1.42.60,200527
2026-09-23,1.42.61,199133
2026-09-23,1.42.62,190203
2026-09-23,1.42.63,215723
2026-09-23,1.42.64,176764
2026-09-23,1.42.65,186328
2026-09-23,1.42.66,175180
2026-09-23,1.42.67,169972
2026-09-23,1.42.68,237162
2026-09-23,1.42.69,177196
2026-09-23,1.42.7,150829
2026-09-23,1.42.70,201410
2026-09-23,1.42.71,181061
2026-09-23,1.42.72,172658
2026-09-23,1.42.73,175748
2026-09-23,1.42.74,174594
2026-09-23,1.42.75,184081
2026-09-23,1.42.76,171785
2026-09-23,1.42.77,171722
2026-09-23,1.42.78,174452
2026-09-23,1.42.79,173431
2026-09-23,1.42.8,143472
2026-09-23,1.42.80,170735
2026-09-23,1.42.81,180872
2026-09-23,1.42.82,174312
2026-09-23,1.42.83,186480
2026-09-23,1.42.84,211195
2026-09-23,1.42.85,178781
2026-09-23,1.42.86,172736
2026-09-23,1.42.87,107140
2026-09-23,1.42.88,184291
2026-09-23,1.42.89,292636
2026-09-23,1.42.9,144488
2026-09-23,1.42.90,193759
2026-09-23,1.42.91,191671
2026-09-23,1.42.92,178024
2026-09-23,1.42.93,176005
2026-09-23,1.42.94,173083
2026-09-23,1.42.95,174902
2026-09-23,1.42.96,188759
2026-09-23,1.42.97,2628692
2026-09-23,1.43.0,213152
2026-09-23,1.43.1,60485
2026-09-23,1.43.10,47526
2026-09-23,1.43.100,5577129
2026-09-23,1.43.101,1380080
2026-09-23,1.43.11,45211
2026-09-23,1.43.12,49159
2026-09-23,1.43.13,53643
2026-09-23,1.43.14,87780
2026-09-23,1.43.15,48485
2026-09-23,1.43.16,57630
2026-09-23,1.43.17,48672
2026-09-23,1.43.18,65555
2026-09-23,1.43.19,46707
2026-09-23,1.43.2,57909
2026-09-23,1.43.20,36526
2026-09-23,1.43.21,46564
2026-09-23,1.43.22,58898
2026-09-23,1.43.23,42650
2026-09-23,1.43.24,73457
2026-09-23,1.43.25,51568
2026-09-23,1.43.26,50757
2026-09-23,1.43.27,51358
2026-09-23,1.43.28,50269
2026-09-23,1.43.29,53638
2026-09-23,1.43.3,49202
2026-09-23,1.43.30,47137
2026-09-23,1.43.31,54575
2026-09-23,1.43.32,49802
2026-09-23,1.43.33,51493
2026-09-23,1.43.34,131148
2026-09-23,1.43.35,38819
2026-09-23,1.43.36,147068
2026-09-23,1.43.37,65318
2026-09-23,1.43.38,68652
2026-09-23,1.43.39,61988
2026-09-23,1.43.4,46883
2026-09-23,1.43.40,80918
2026-09-23,1.43.41,71358
2026-09-23,1.43.42,51084
2026-09-23,1.43.43,39276
2026-09-23,1.43.44,45550
2026-09-23,1.43.45,97200
2026-09-23,1.43.46,178514
2026-09-23,1.43.47,54677
2026-09-23,1.43.48,50635
2026-09-23,1.43.49,58561
2026-09-23,1.43.5,47498
2026-09-23,1.43.50,49325
2026-09-23,1.43.51,56897
2026-09-23,1.43.52,59574
2026-09-23,1.43.53,54131
2026-09-23,1.43.54,48343
2026-09-23,1.43.55,57736
2026-09-23,1.43.56,195512
2026-09-23,1.43.57,55290
2026-09-23,1.43.58,58008
2026-09-23,1.43.59,55156
2026-09-23,1.43.6,103681
2026-09-23,1.43.60,45881
2026-09-23,1.43.61,41624
2026-09-23,1.43.62,88357
2026-09-23,1.43.63,76510
2026-09-23,1.43.64,65998
2026-09-23,1.43.65,49635
2026-09-23,1.43.66,54349
2026-09-23,1.43.67,123238
2026-09-23,1.43.68,50817
2026-09-23,1.43.69,54410
2026-09-23,1.43.7,60001
2026-09-23,1.43.70,68616
2026-09-23,1.43.71,64909
2026-09-23,1.43.72,101571
2026-09-23,1.43.73,55465
2026-09-23,1.43.74,56516
2026-09-23,1.43.75,314550
2026-09-23,1.43.76,44887
2026-09-23,1.43.77,83142
2026-09-23,1.43.78,103868
2026-09-23,1.43.79,58639
2026-09-23,1.43.8,56332
2026-09-23,1.43.80,60392
2026-09-23,1.43.81,64595
2026-09-23,1.43.82,68988
2026-09-23,1.43.83,135847
2026-09-23,1.43.84,41704
2026-09-23,1.43.85,73307
2026-09-23,1.43.86,75979
2026-09-23,1.43.87,74906
2026-09-23,1.43.88,69380
2026-09-23,1.43.89,181794
2026-09-23,1.43.9,68011
2026-09-23,1.43.90,97635
2026-09-23,1.43.91,82601
2026-09-23,1.43.92,87889
2026-09-23,1.43.93,179895
2026-09-23,1.43.94,86244
2026-09-23,1.43.95,139660
2026-09-23,1.43.96,94987
2026-09-23,1.43.97,131744
2026-09-23,1.43.98,223140
2026-09-23,1.43.99,115785
2026-09-23,1.5.0,473
2026-09-23,1.5.1,61
2026-09-23,1.5.10,75
2026-09-23,1.5.11,46
2026-09-23,1.5.12,54
2026-09-23,1.5.13,58
2026-09-23,1.5.14,51
2026-09-23,1.5.15,46
2026-09-23,1.5.16,46
2026-09-23,1.5.17,45
2026-09-23,1.5.18,59
2026-09-23,1.5.19,51
2026-09-23,1.5.2,46
2026-09-23,1.5.20,49
2026-09-23,1.5.21,57
2026-09-23,1.5.22,76
2026-09-23,1.5.23,49
2026-09-23,1.5.24,98
2026-09-23,1.5.25,51
2026-09-23,1.5.26,50
2026-09-23,1.5.27,51
2026-09-23,1.5.28,47
2026-09-23,1.5.29,49
2026-09-23,1.5.3,49
2026-09-23,1.5.30,50
2026-09-23,1.5.31,95
2026-09-23,1.5.32,106
2026-09-23,1.5.33,50
2026-09-23,1.5.34,52
2026-09-23,1.5.35,53
2026-09-23,1.5.36,76
2026-09-23,1.5.4,44
2026-09-23,1.5.5,45
2026-09-23,1.5.6,133
2026-09-23,1.5.7,54
2026-09-23,1.5.8,46
2026-09-23,1.5.9,75
2026-09-23,1.6.0,61
2026-09-23,1.6.1,49
2026-09-23,1.6.10,53
2026-09-23,1.6.11,66
2026-09-23,1.6.12,61
2026-09-23,1.6.13,53
2026-09-23,1.6.14,64
2026-09-23,1.6.15,57
2026-09-23,1.6.16,57
2026-09-23,1.6.17,54
2026-09-23,1.6.18,56
2026-09-23,1.6.19,65
2026-09-23,1.6.2,67
2026-09-23,1.6.20,70
2026-09-23,1.6.21,55
2026-09-23,1.6.22,58
2026-09-23,1.6.23,79
2026-09-23,1.6.3,70
2026-09-23,1.6.4,69
2026-09-23,1.6.5,58
2026-09-23,1.6.6,53
2026-09-23,1.6.7,83
2026-09-23,1.6.8,72
2026-09-23,1.6.9,64
2026-09-23,1.7.0,130
2026-09-23,1.7.1,56
2026-09-23,1.7.10,69
2026-09-23,1.7.11,112
2026-09-23,1.7.12,149
2026-09-23,1.7.13,63
2026-09-23,1.7.14,187
2026-09-23,1.7.15,70
2026-09-23,1.7.16,68
2026-09-23,1.7.17,69
2026-09-23,1.7.18,67
2026-09-23,1.7.19,181
2026-09-23,1.7.2,62
2026-09-23,1.7.20,68
2026-09-23,1.7.21,71
2026-09-23,1.7.22,81
2026-09-23,1.7.23,68
2026-09-23,1.7.24,85
2026-09-23,1.7.25,71
2026-09-23,1.7.26,69
2026-09-23,1.7.27,74
2026-09-23,1.7.28,72
2026-09-23,1.7.29,87
2026-09-23,1.7.3,84
2026-09-23,1.7.30,84
2026-09-23,1.7.31,72
2026-09-23,1.7.32,394
2026-09-23,1.7.33,81
2026-09-23,1.7.34,75
2026-09-23,1.7.35,80
2026-09-23,1.7.36,75
2026-09-23,1.7.37,173
2026-09-23,1.7.38,74
2026-09-23,1.7.39,78
2026-09-23,1.7.4,301
2026-09-23,1.7.40,91
2026-09-23,1.7.41,78
2026-09-23,1.7.42,74
2026-09-23,1.7.43,90
2026-09-23,1.7.44,77
2026-09-23,1.7.45,78
2026-09-23,1.7.46,77
2026-09-23,1.7.47,110
2026-09-23,1.7.48,85
2026-09-23,1.7.49,305
2026-09-23,1.7.5,79
2026-09-23,1.7.50,231
2026-09-23,1.7.51,88
2026-09-23,1.7.52,91
2026-09-23,1.7.53,80
2026-09-23,1.7.54,79
2026-09-23,1.7.55,84
2026-09-23,1.7.56,1104
2026-09-23,1.7.57,84
2026-09-23,1.7.58,140
2026-09-23,1.7.59,86
2026-09-23,1.7.6,83
2026-09-23,1.7.60,84
2026-09-23,1.7.61,95
2026-09-23,1.7.62,129
2026-09-23,1.7.63,90
2026-09-23,1.7.64,88
2026-09-23,1.7.65,100
2026-09-23,1.7.66,358
2026-09-23,1.7.67,95
2026-09-23,1.7.68,90
2026-09-23,1.7.69,86
2026-09-23,1.7.7,60
2026-09-23,1.7.70,101
2026-09-23,1.7.71,99
2026-09-23,1.7.72,91
2026-09-23,1.7.73,93
2026-09-23,1.7.74,102
2026-09-23,1.7.75,92
2026-09-23,1.7.76,113
2026-09-23,1.7.77,94
2026-09-23,1.7.78,555
2026-09-23,1.7.79,127
2026-09-23,1.7.8,65
2026-09-23,1.7.80,92
2026-09-23,1.7.81,95
2026-09-23,1.7.82,91
2026-09-23,1.7.83,89
2026-09-23,1.7.84,1921
2026-09-23,1.7.9,81
2026-09-23,1.8.0,212
2026-09-23,1.8.1,211
2026-09-23,1.8.2,209
2026-09-23,1.8.3,214
2026-09-23,1.8.4,217
2026-09-23,1.8.5,234
2026-09-23,1.8.6,216
2026-09-23,1.8.7,217
2026-09-23,1.8.8,235
2026-09-23,1.8.9,292
2026-09-23,1.9.0,335
2026-09-23,1.9.1,229
2026-09-23,1.9.10,211
2026-09-23,1.9.100,231
2026-09-23,1.9.101,237
2026-09-23,1.9.102,239
2026-09-23,1.9.103,242
2026-09-23,1.9.104,430
2026-09-23,1.9.105,252
2026-09-23,1.9.106,244
2026-09-23,1.9.107,246
2026-09-23,1.9.108,244
2026-09-23,1.9.109,256
2026-09-23,1.9.11,211
2026-09-23,1.9.110,233
2026-09-23,1.9.111,254
2026-09-23,1.9.112,262
2026-09-23,1.9.113,241
2026-09-23,1.9.114,267
2026-09-23,1.9.115,395
2026-09-23,1.9.116,520
2026-09-23,1.9.117,360
2026-09-23,1.9.118,235
2026-09-23,1.9.119,234
2026-09-23,1.9.12,210
2026-09-23,1.9.120,328
2026-09-23,1.9.121,232
2026-09-23,1.9.122,237
2026-09-23,1.9.123,234
2026-09-23,1.9.124,234
2026-09-23,1.9.125,248
2026-09-23,1.9.126,242
2026-09-23,1.9.127,233
2026-09-23,1.9.128,315
2026-09-23,1.9.129,500
2026-09-23,1.9.13,217
2026-09-23,1.9.130,347
2026-09-23,1.9.131,321
2026-09-23,1.9.132,234
2026-09-23,1.9.133,231
2026-09-23,1.9.134,253
2026-09-23,1.9.135,234
2026-09-23,1.9.136,234
2026-09-23,1.9.137,245
2026-09-23,1.9.138,236
2026-09-23,1.9.139,1278
2026-09-23,1.9.14,211
2026-09-23,1.9.140,274
2026-09-23,1.9.141,229
2026-09-23,1.9.142,317
2026-09-23,1.9.143,247
2026-09-23,1.9.144,231
2026-09-23,1.9.145,412
2026-09-23,1.9.146,284
2026-09-23,1.9.147,257
2026-09-23,1.9.148,239
2026-09-23,1.9.149,285
2026-09-23,1.9.15,211
2026-09-23,1.9.150,245
2026-09-23,1.9.151,238
2026-09-23,1.9.152,234
2026-09-23,1.9.153,229
2026-09-23,1.9.154,246
2026-09-23,1.9.155,233
2026-09-23,1.9.156,241
2026-09-23,1.9.157,231
2026-09-23,1.9.158,245
2026-09-23,1.9.159,287
2026-09-23,1.9.16,221
2026-09-23,1.9.160,275
2026-09-23,1.9.161,232
2026-09-23,1.9.162,310
2026-09-23,1.9.163,268
2026-09-23,1.9.164,267
2026-09-23,1.9.165,335
2026-09-23,1.9.166,238
2026-09-23,1.9.167,261
2026-09-23,1.9.168,247
2026-09-23,1.9.169,244
2026-09-23,1.9.17,238
2026-09-23,1.9.170,252
2026-09-23,1.9.171,251
2026-09-23,1.9.172,273
2026-09-23,1.9.173,253
2026-09-23,1.9.174,310
2026-09-23,1.9.175,247
2026-09-23,1.9.176,253
2026-09-23,1.9.177,246
2026-09-23,1.9.178,246
2026-09-23,1.9.179,256
2026-09-23,1.9.18,214
2026-09-23,1.9.180,384
2026-09-23,1.9.181,326
2026-09-23,1.9.182,248
2026-09-23,1.9.183,278
2026-09-23,1.9.184,253
2026-09-23,1.9.185,282
2026-09-23,1.9.186,247
2026-09-23,1.9.187,253
2026-09-23,1.9.188,265
2026-09-23,1.9.189,267
2026-09-23,1.9.19,217
2026-09-23,1.9.190,308
2026-09-23,1.9.191,255
2026-09-23,1.9.192,252
2026-09-23,1.9.193,253
2026-09-23,1.9.194,253
2026-09-23,1.9.195,258
2026-09-23,1.9.196,262
2026-09-23,1.9.197,302
2026-09-23,1.9.198,270
2026-09-23,1.9.199,349
2026-09-23,1.9.2,222
2026-09-23,1.9.20,270
2026-09-23,1.9.200,259
2026-09-23,1.9.201,332
2026-09-23,1.9.202,257
2026-09-23,1.9.203,255
2026-09-23,1.9.204,259
2026-09-23,1.9.205,310
2026-09-23,1.9.206,318
2026-09-23,1.9.207,303
2026-09-23,1.9.208,351
2026-09-23,1.9.209,274
2026-09-23,1.9.21,214
2026-09-23,1.9.210,331
2026-09-23,1.9.211,266
2026-09-23,1.9.212,394
2026-09-23,1.9.213,284
2026-09-23,1.9.214,557
2026-09-23,1.9.215,270
2026-09-23,1.9.216,280
2026-09-23,1.9.217,260
2026-09-23,1.9.218,268
2026-09-23,1.9.219,263
2026-09-23,1.9.22,228
2026-09-23,1.9.220,314
2026-09-23,1.9.221,264
2026-09-23,1.9.222,339
2026-09-23,1.9.223,264
2026-09-23,1.9.224,272
2026-09-23,1.9.225,299
2026-09-23,1.9.226,273
2026-09-23,1.9.227,290
2026-09-23,1.9.228,280
2026-09-23,1.9.229,306
2026-09-23,1.9.23,216
2026-09-23,1.9.230,268
2026-09-23,1.9.231,281
2026-09-23,1.9.232,734
2026-09-23,1.9.233,307
2026-09-23,1.9.234,297
2026-09-23,1.9.235,299
2026-09-23,1.9.236,293
2026-09-23,1.9.237,373
2026-09-23,1.9.238,290
2026-09-23,1.9.239,303
2026-09-23,1.9.24,234
2026-09-23,1.9.240,296
2026-09-23,1.9.241,293
2026-09-23,1.9.242,316
2026-09-23,1.9.243,305
2026-09-23,1.9.244,3144
2026-09-23,1.9.245,303
2026-09-23,1.9.246,290
2026-09-23,1.9.247,345
2026-09-23,1.9.248,306
2026-09-23,1.9.249,298
2026-09-23,1.9.25,216
2026-09-23,1.9.250,307
2026-09-23,1.9.251,1091
2026-09-23,1.9.252,317
2026-09-23,1.9.253,1925
2026-09-23,1.9.26,216
2026-09-23,1.9.27,947
2026-09-23,1.9.28,305
2026-09-23,1.9.29,216
2026-09-23,1.9.3,213
2026-09-23,1.9.30,225
2026-09-23,1.9.31,223
2026-09-23,1.9.32,245
2026-09-23,1.9.33,305
2026-09-23,1.9.34,215
2026-09-23,1.9.35,233
2026-09-23,1.9.36,214
2026-09-23,1.9.37,238
2026-09-23,1.9.38,224
2026-09-23,1.9.39,234
2026-09-23,1.9.4,267
2026-09-23,1.9.40,214
2026-09-23,1.9.41,214
2026-09-23,1.9.42,225
2026-09-23,1.9.43,253
2026-09-23,1.9.44,254
2026-09-23,1.9.45,217
2026-09-23,1.9.46,217
2026-09-23,1.9.47,267
2026-09-23,1.9.48,261
2026-09-23,1.9.49,243
2026-09-23,1.9.5,225
2026-09-23,1.9.50,224
2026-09-23,1.9.51,221
2026-09-23,1.9.52,225
2026-09-23,1.9.53,224
2026-09-23,1.9.54,218
2026-09-23,1.9.55,216
2026-09-23,1.9.56,221
2026-09-23,1.9.57,340
2026-09-23,1.9.58,218
2026-09-23,1.9.59,216
2026-09-23,1.9.6,219
2026-09-23,1.9.60,231
2026-09-23,1.9.61,217
2026-09-23,1.9.62,241
2026-09-23,1.9.63,219
2026-09-23,1.9.64,230
2026-09-23,1.9.65,218
2026-09-23,1.9.66,245
2026-09-23,1.9.67,223
2026-09-23,1.9.68,219
2026-09-23,1.9.69,219
2026-09-23,1.9.7,215
2026-09-23,1.9.70,225
2026-09-23,1.9.71,540
2026-09-23,1.9.72,240
2026-09-23,1.9.73,225
2026-09-23,1.9.74,280
2026-09-23,1.9.75,242
2026-09-23,1.9.76,285
2026-09-23,1.9.77,227
2026-09-23,1.9.78,228
2026-09-23,1.9.79,239
2026-09-23,1.9.8,212
2026-09-23,1.9.80,253
2026-09-23,1.9.81,262
2026-09-23,1.9.82,230
2026-09-23,1.9.83,256
2026-09-23,1.9.84,281
2026-09-23,1.9.85,240
2026-09-23,1.9.86,350
2026-09-23,1.9.87,291
2026-09-23,1.9.88,249
2026-09-23,1.9.89,231
2026-09-23,1.9.9,230
2026-09-23,1.9.90,226
2026-09-23,1.9.91,288
2026-09-23,1.9.92,346
2026-09-23,1.9.93,259
2026-09-23,1.9.94,248
2026-09-23,1.9.95,242
2026-09-23,1.9.96,233
2026-09-23,1.9.97,234
2026-09-23,1.9.98,237
2026-09-23,1.9.99,289
2026-09-24,0.0.1,127
2026-09-24,0.0.10,5
2026-09-24,0.0.11,3
2026-09-24,0.0.12,3
2026-09-24,0.0.13,3
2026-09-24,0.0.14,8
2026-09-24,0.0.16,5
2026-09-24,0.0.17,3
2026-09-24,0.0.18,3
2026-09-24,0.0.19,3
2026-09-24,0.0.2,3
2026-09-24,0.0.20,3
2026-09-24,0.0.21,3
2026-09-24,0.0.22,6
2026-09-24,0.0.3,5
2026-09-24,0.0.4,4
2026-09-24,0.0.5,3
2026-09-24,0.0.6,3
2026-09-24,0.0.7,3
2026-09-24,0.0.8,3
2026-09-24,0.0.9,5
2026-09-24,1.0.0,28
2026-09-24,1.0.1,6
2026-09-24,1.1.0,9
2026-09-24,1.1.1,7
2026-09-24,1.1.2,3
2026-09-24,1.1.3,27
2026-09-24,1.1.4,30
2026-09-24,1.10.0,785
2026-09-24,1.10.1,416
2026-09-24,1.10.10,403
2026-09-24,1.10.11,401
2026-09-24,1.10.12,715
2026-09-24,1.10.13,401
2026-09-24,1.10.14,447
2026-09-24,1.10.15,404
2026-09-24,1.10.16,870
2026-09-24,1.10.17,400
2026-09-24,1.10.18,434
2026-09-24,1.10.19,416
2026-09-24,1.10.2,425
2026-09-24,1.10.20,435
2026-09-24,1.10.21,399
2026-09-24,1.10.22,408
2026-09-24,1.10.23,412
2026-09-24,1.10.24,396
2026-09-24,1.10.25,402
2026-09-24,1.10.26,400
2026-09-24,1.10.27,415
2026-09-24,1.10.28,439
2026-09-24,1.10.29,426
2026-09-24,1.10.3,399
2026-09-24,1.10.30,464
2026-09-24,1.10.31,395
2026-09-24,1.10.32,449
2026-09-24,1.10.33,459
2026-09-24,1.10.34,616
2026-09-24,1.10.35,405
2026-09-24,1.10.36,406
2026-09-24,1.10.37,401
2026-09-24,1.10.38,413
2026-09-24,1.10.39,453
2026-09-24,1.10.4,451
2026-09-24,1.10.40,419
2026-09-24,1.10.41,1095
2026-09-24,1.10.42,408
2026-09-24,1.10.43,428
2026-09-24,1.10.44,416
2026-09-24,1.10.45,1376
2026-09-24,1.10.46,406
2026-09-24,1.10.47,411
2026-09-24,1.10.48,462
2026-09-24,1.10.49,497
2026-09-24,1.10.5,400
2026-09-24,1.10.50,1565
2026-09-24,1.10.6,563
2026-09-24,1.10.7,414
2026-09-24,1.10.8,426
2026-09-24,1.10.9,424
2026-09-24,1.11.0,2475
2026-09-24,1.11.1,414
2026-09-24,1.11.10,440
2026-09-24,1.11.11,419
2026-09-24,1.11.12,442
2026-09-24,1.11.13,418
2026-09-24,1.11.14,414
2026-09-24,1.11.15,483
2026-09-24,1.11.16,438
2026-09-24,1.11.17,1064
2026-09-24,1.11.2,401
2026-09-24,1.11.3,409
2026-09-24,1.11.4,406
2026-09-24,1.11.5,413
2026-09-24,1.11.6,440
2026-09-24,1.11.7,488
2026-09-24,1.11.8,403
2026-09-24,1.11.9,1166
2026-09-24,1.12.0,1176
2026-09-24,1.12.1,444
2026-09-24,1.12.10,402
2026-09-24,1.12.11,424
2026-09-24,1.12.12,448
2026-09-24,1.12.13,710
2026-09-24,1.12.14,418
2026-09-24,1.12.15,543
2026-09-24,1.12.16,491
2026-09-24,1.12.17,450
2026-09-24,1.12.18,509
2026-09-24,1.12.19,427
2026-09-24,1.12.2,741
2026-09-24,1.12.20,410
2026-09-24,1.12.21,722
2026-09-24,1.12.22,448
2026-09-24,1.12.23,625
2026-09-24,1.12.24,421
2026-09-24,1.12.25,443
2026-09-24,1.12.26,427
2026-09-24,1.12.27,496
2026-09-24,1.12.28,421
2026-09-24,1.12.29,427
2026-09-24,1.12.3,515
2026-09-24,1.12.30,419
2026-09-24,1.12.31,431
2026-09-24,1.12.32,766
2026-09-24,1.12.33,452
2026-09-24,1.12.34,429
2026-09-24,1.12.35,688
2026-09-24,1.12.36,527
2026-09-24,1.12.37,552
2026-09-24,1.12.38,436
2026-09-24,1.12.39,729
2026-09-24,1.12.4,4134
2026-09-24,1.12.40,419
2026-09-24,1.12.41,436
2026-09-24,1.12.42,433
2026-09-24,1.12.43,721
2026-09-24,1.12.44,429
2026-09-24,1.12.45,423
2026-09-24,1.12.46,1980
2026-09-24,1.12.47,503
2026-09-24,1.12.48,447
2026-09-24,1.12.49,2350
2026-09-24,1.12.5,426
2026-09-24,1.12.6,432
2026-09-24,1.12.7,473
2026-09-24,1.12.8,464
2026-09-24,1.12.9,414
2026-09-24,1.13.0,753
2026-09-24,1.13.1,1072
2026-09-24,1.13.10,428
2026-09-24,1.13.11,446
2026-09-24,1.13.12,435
2026-09-24,1.13.13,445
2026-09-24,1.13.14,446
2026-09-24,1.13.15,410
2026-09-24,1.13.16,487
2026-09-24,1.13.17,416
2026-09-24,1.13.18,420
2026-09-24,1.13.19,837
2026-09-24,1.13.2,666
2026-09-24,1.13.20,411
2026-09-24,1.13.21,434
2026-09-24,1.13.22,432
2026-09-24,1.13.23,1041
2026-09-24,1.13.24,495
2026-09-24,1.13.25,466
2026-09-24,1.13.26,653
2026-09-24,1.13.3,767
2026-09-24,1.13.4,485
2026-09-24,1.13.5,453
2026-09-24,1.13.6,457
2026-09-24,1.13.7,421
2026-09-24,1.13.8,429
2026-09-24,1.13.9,633
2026-09-24,1.14.0,492
2026-09-24,1.14.1,428
2026-09-24,1.14.10,422
2026-09-24,1.14.11,718
2026-09-24,1.14.12,475
2026-09-24,1.14.13,487
2026-09-24,1.14.14,449
2026-09-24,1.14.15,631
2026-09-24,1.14.16,527
2026-09-24,1.14.17,473
2026-09-24,1.14.18,442
2026-09-24,1.14.19,450
2026-09-24,1.14.2,508
2026-09-24,1.14.20,692
2026-09-24,1.14.21,434
2026-09-24,1.14.22,796
2026-09-24,1.14.23,446
2026-09-24,1.14.24,443
2026-09-24,1.14.25,596
2026-09-24,1.14.26,455
2026-09-24,1.14.27,433
2026-09-24,1.14.28,484
2026-09-24,1.14.29,1435
2026-09-24,1.14.3,450
2026-09-24,1.14.30,530
2026-09-24,1.14.31,450
2026-09-24,1.14.32,1571
2026-09-24,1.14.33,531
2026-09-24,1.14.34,439
2026-09-24,1.14.35,475
2026-09-24,1.14.36,735
2026-09-24,1.14.37,560
2026-09-24,1.14.38,474
2026-09-24,1.14.39,512
2026-09-24,1.14.4,513
2026-09-24,1.14.40,453
2026-09-24,1.14.41,456
2026-09-24,1.14.42,588
2026-09-24,1.14.43,461
2026-09-24,1.14.44,697
2026-09-24,1.14.45,450
2026-09-24,1.14.46,4261
2026-09-24,1.14.47,2463
2026-09-24,1.14.48,1245
2026-09-24,1.14.49,449
2026-09-24,1.14.5,549
2026-09-24,1.14.50,448
2026-09-24,1.14.51,478
2026-09-24,1.14.52,608
2026-09-24,1.14.53,449
2026-09-24,1.14.54,499
2026-09-24,1.14.55,459
2026-09-24,1.14.56,681
2026-09-24,1.14.57,509
2026-09-24,1.14.58,466
2026-09-24,1.14.59,493
2026-09-24,1.14.6,417
2026-09-24,1.14.60,902
2026-09-24,1.14.61,478
2026-09-24,1.14.62,527
2026-09-24,1.14.63,1459
2026-09-24,1.14.7,609
2026-09-24,1.14.8,734
2026-09-24,1.14.9,630
2026-09-24,1.15.0,2063
2026-09-24,1.15.1,456
2026-09-24,1.15.10,520
2026-09-24,1.15.11,526
2026-09-24,1.15.12,477
2026-09-24,1.15.13,723
2026-09-24,1.15.14,503
2026-09-24,1.15.15,537
2026-09-24,1.15.16,952
2026-09-24,1.15.17,1051
2026-09-24,1.15.18,9589
2026-09-24,1.15.2,487
2026-09-24,1.15.3,1467
2026-09-24,1.15.4,452
2026-09-24,1.15.5,1764
2026-09-24,1.15.6,535
2026-09-24,1.15.7,461
2026-09-24,1.15.8,471
2026-09-24,1.15.9,1286
2026-09-24,1.16.0,746
2026-09-24,1.16.1,519
2026-09-24,1.16.10,506
2026-09-24,1.16.11,465
2026-09-24,1.16.12,1061
2026-09-24,1.16.13,530
2026-09-24,1.16.14,483
2026-09-24,1.16.15,608
2026-09-24,1.16.16,857
2026-09-24,1.16.17,481
2026-09-24,1.16.18,3329
2026-09-24,1.16.19,699
2026-09-24,1.16.2,581
2026-09-24,1.16.20,488
2026-09-24,1.16.21,469
2026-09-24,1.16.22,480
2026-09-24,1.16.23,508
2026-09-24,1.16.24,603
2026-09-24,1.16.25,782
2026-09-24,1.16.26,469
2026-09-24,1.16.27,466
2026-09-24,1.16.28,809
2026-09-24,1.16.29,481
2026-09-24,1.16.3,512
2026-09-24,1.16.30,659
2026-09-24,1.16.31,657
2026-09-24,1.16.32,508
2026-09-24,1.16.33,605
2026-09-24,1.16.34,1206
2026-09-24,1.16.35,574
2026-09-24,1.16.36,1449
2026-09-24,1.16.37,473
2026-09-24,1.16.38,466
2026-09-24,1.16.39,489
2026-09-24,1.16.4,9918
2026-09-24,1.16.40,497
2026-09-24,1.16.41,460
2026-09-24,1.16.42,481
2026-09-24,1.16.43,521
2026-09-24,1.16.44,1282
2026-09-24,1.16.45,2691
2026-09-24,1.16.46,1269
2026-09-24,1.16.47,1303
2026-09-24,1.16.48,1297
2026-09-24,1.16.49,1294
2026-09-24,1.16.5,570
2026-09-24,1.16.50,1293
2026-09-24,1.16.51,2092
2026-09-24,1.16.52,2279
2026-09-24,1.16.53,1291
2026-09-24,1.16.54,1334
2026-09-24,1.16.55,1345
2026-09-24,1.16.56,1337
2026-09-24,1.16.57,1480
2026-09-24,1.16.58,1310
2026-09-24,1.16.59,1412
2026-09-24,1.16.6,591
2026-09-24,1.16.60,1405
2026-09-24,1.16.61,1330
2026-09-24,1.16.62,1646
2026-09-24,1.16.63,5756
2026-09-24,1.16.7,1738
2026-09-24,1.16.8,41880
2026-09-24,1.16.9,524
2026-09-24,1.17.0,2065
2026-09-24,1.17.1,2115
2026-09-24,1.17.10,1500
2026-09-24,1.17.100,2217
2026-09-24,1.17.101,1510
2026-09-24,1.17.102,1497
2026-09-24,1.17.103,1470
2026-09-24,1.17.104,1805
2026-09-24,1.17.105,1462
2026-09-24,1.17.106,5491
2026-09-24,1.17.107,2621
2026-09-24,1.17.108,1718
2026-09-24,1.17.109,1767
2026-09-24,1.17.11,1292
2026-09-24,1.17.110,1655
2026-09-24,1.17.111,1674
2026-09-24,1.17.112,47747
2026-09-24,1.17.12,1362
2026-09-24,1.17.13,1355
2026-09-24,1.17.14,1295
2026-09-24,1.17.15,1358
2026-09-24,1.17.16,1403
2026-09-24,1.17.17,1311
2026-09-24,1.17.18,2309
2026-09-24,1.17.19,1308
2026-09-24,1.17.2,2270
2026-09-24,1.17.20,1289
2026-09-24,1.17.21,1416
2026-09-24,1.17.22,1338
2026-09-24,1.17.23,1357
2026-09-24,1.17.24,1342
2026-09-24,1.17.25,1342
2026-09-24,1.17.26,1307
2026-09-24,1.17.27,1363
2026-09-24,1.17.28,1365
2026-09-24,1.17.29,1295
2026-09-24,1.17.3,1472
2026-09-24,1.17.30,1345
2026-09-24,1.17.31,1276
2026-09-24,1.17.32,1417
2026-09-24,1.17.33,1357
2026-09-24,1.17.34,1513
2026-09-24,1.17.35,1376
2026-09-24,1.17.36,1343
2026-09-24,1.17.37,1281
2026-09-24,1.17.38,1316
2026-09-24,1.17.39,2545
2026-09-24,1.17.4,1342
2026-09-24,1.17.40,1473
2026-09-24,1.17.41,1305
2026-09-24,1.17.42,1352
2026-09-24,1.17.43,1322
2026-09-24,1.17.44,1357
2026-09-24,1.17.45,1515
2026-09-24,1.17.46,1606
2026-09-24,1.17.47,1887
2026-09-24,1.17.48,1334
2026-09-24,1.17.49,3107
2026-09-24,1.17.5,2066
2026-09-24,1.17.50,1401
2026-09-24,1.17.51,1387
2026-09-24,1.17.52,733
2026-09-24,1.17.53,2020
2026-09-24,1.17.54,1622
2026-09-24,1.17.55,1433
2026-09-24,1.17.56,1419
2026-09-24,1.17.57,1690
2026-09-24,1.17.58,1435
2026-09-24,1.17.59,1426
2026-09-24,1.17.6,1870
2026-09-24,1.17.60,1921
2026-09-24,1.17.61,1794
2026-09-24,1.17.62,8858
2026-09-24,1.17.63,1405
2026-09-24,1.17.64,1802
2026-09-24,1.17.65,1404
2026-09-24,1.17.66,1489
2026-09-24,1.17.67,7144
2026-09-24,1.17.68,2101
2026-09-24,1.17.69,1530
2026-09-24,1.17.7,1335
2026-09-24,1.17.70,1422
2026-09-24,1.17.71,1757
2026-09-24,1.17.72,1494
2026-09-24,1.17.73,1561
2026-09-24,1.17.74,1442
2026-09-24,1.17.75,1765
2026-09-24,1.17.76,2154
2026-09-24,1.17.77,1424
2026-09-24,1.17.78,1486
2026-09-24,1.17.79,2109
2026-09-24,1.17.8,1365
2026-09-24,1.17.80,1757
2026-09-24,1.17.81,1403
2026-09-24,1.17.82,1438
2026-09-24,1.17.83,1398
2026-09-24,1.17.84,1592
2026-09-24,1.17.85,1532
2026-09-24,1.17.86,1509
2026-09-24,1.17.87,2005
2026-09-24,1.17.88,1426
2026-09-24,1.17.89,9580
2026-09-24,1.17.9,1809
2026-09-24,1.17.90,1607
2026-09-24,1.17.91,1470
2026-09-24,1.17.92,1512
2026-09-24,1.17.93,1571
2026-09-24,1.17.94,2006
2026-09-24,1.17.95,1580
2026-09-24,1.17.96,12881
2026-09-24,1.17.97,1508
2026-09-24,1.17.98,1618
2026-09-24,1.17.99,1630
2026-09-24,1.18.0,1734
2026-09-24,1.18.1,1587
2026-09-24,1.18.10,1545
2026-09-24,1.18.11,1634
2026-09-24,1.18.12,2152
2026-09-24,1.18.13,1621
2026-09-24,1.18.14,1745
2026-09-24,1.18.15,1571
2026-09-24,1.18.16,1578
2026-09-24,1.18.17,1572
2026-09-24,1.18.18,34535
2026-09-24,1.18.19,8146
2026-09-24,1.18.2,1587
2026-09-24,1.18.20,1589
2026-09-24,1.18.21,2118
2026-09-24,1.18.22,1832
2026-09-24,1.18.23,2479
2026-09-24,1.18.24,1667
2026-09-24,1.18.25,31283
2026-09-24,1.18.26,1579
2026-09-24,1.18.27,1622
2026-09-24,1.18.28,1589
2026-09-24,1.18.29,2807
2026-09-24,1.18.3,10565
2026-09-24,1.18.30,1685
2026-09-24,1.18.31,1737
2026-09-24,1.18.32,1730
2026-09-24,1.18.33,1577
2026-09-24,1.18.34,1572
2026-09-24,1.18.35,1551
2026-09-24,1.18.36,2143
2026-09-24,1.18.37,1554
2026-09-24,1.18.38,1607
2026-09-24,1.18.39,1562
2026-09-24,1.18.4,5030
2026-09-24,1.18.40,1578
2026-09-24,1.18.41,1579
2026-09-24,1.18.42,1620
2026-09-24,1.18.43,1612
2026-09-24,1.18.44,1701
2026-09-24,1.18.45,1584
2026-09-24,1.18.46,10788
2026-09-24,1.18.47,1621
2026-09-24,1.18.48,1765
2026-09-24,1.18.49,1598
2026-09-24,1.18.5,1566
2026-09-24,1.18.50,1901
2026-09-24,1.18.51,1732
2026-09-24,1.18.52,1538
2026-09-24,1.18.53,1540
2026-09-24,1.18.54,2573
2026-09-24,1.18.55,1578
2026-09-24,1.18.56,17252
2026-09-24,1.18.57,1621
2026-09-24,1.18.58,1594
2026-09-24,1.18.59,2065
2026-09-24,1.18.6,1712
2026-09-24,1.18.60,1566
2026-09-24,1.18.61,1978
2026-09-24,1.18.62,1584
2026-09-24,1.18.63,95685
2026-09-24,1.18.64,3589
2026-09-24,1.18.65,5427
2026-09-24,1.18.7,1573
2026-09-24,1.18.8,9196
2026-09-24,1.18.9,1556
2026-09-24,1.19.0,4567
2026-09-24,1.19.1,1554
2026-09-24,1.19.10,2738
2026-09-24,1.19.11,2543
2026-09-24,1.19.12,15108
2026-09-24,1.19.2,3414
2026-09-24,1.19.3,1670
2026-09-24,1.19.4,1588
2026-09-24,1.19.5,2552
2026-09-24,1.19.6,2964
2026-09-24,1.19.7,2585
2026-09-24,1.19.8,2965
2026-09-24,1.19.9,2531
2026-09-24,1.2.0,137
2026-09-24,1.2.1,128
2026-09-24,1.2.2,161
2026-09-24,1.2.3,139
2026-09-24,1.2.4,125
2026-09-24,1.2.5,126
2026-09-24,1.2.6,142
2026-09-24,1.20.0,3193
2026-09-24,1.20.1,2519
2026-09-24,1.20.10,2639
2026-09-24,1.20.11,3512
2026-09-24,1.20.12,3519
2026-09-24,1.20.13,2585
2026-09-24,1.20.14,2804
2026-09-24,1.20.15,2706
2026-09-24,1.20.16,2576
2026-09-24,1.20.17,18483
2026-09-24,1.20.18,2569
2026-09-24,1.20.19,2718
2026-09-24,1.20.2,2570
2026-09-24,1.20.20,2881
2026-09-24,1.20.21,2641
2026-09-24,1.20.22,2546
2026-09-24,1.20.23,2843
2026-09-24,1.20.24,6054
2026-09-24,1.20.25,2608
2026-09-24,1.20.26,13758
2026-09-24,1.20.27,2762
2026-09-24,1.20.28,2605
2026-09-24,1.20.29,4638
2026-09-24,1.20.3,2595
2026-09-24,1.20.30,2625
2026-09-24,1.20.31,2710
2026-09-24,1.20.32,2923
2026-09-24,1.20.33,2621
2026-09-24,1.20.34,2745
2026-09-24,1.20.35,2917
2026-09-24,1.20.36,2601
2026-09-24,1.20.37,2631
2026-09-24,1.20.38,2681
2026-09-24,1.20.39,3274
2026-09-24,1.20.4,2669
2026-09-24,1.20.40,2668
2026-09-24,1.20.41,2638
2026-09-24,1.20.42,2919
2026-09-24,1.20.43,2609
2026-09-24,1.20.44,3418
2026-09-24,1.20.45,3133
2026-09-24,1.20.46,27567
2026-09-24,1.20.47,2661
2026-09-24,1.20.48,2642
2026-09-24,1.20.49,2788
2026-09-24,1.20.5,2613
2026-09-24,1.20.50,2687
2026-09-24,1.20.51,2757
2026-09-24,1.20.52,2704
2026-09-24,1.20.53,2688
2026-09-24,1.20.54,4776
2026-09-24,1.20.6,2593
2026-09-24,1.20.7,2833
2026-09-24,1.20.8,2733
2026-09-24,1.20.9,2532
2026-09-24,1.21.0,3909
2026-09-24,1.21.1,2710
2026-09-24,1.21.10,2920
2026-09-24,1.21.11,2645
2026-09-24,1.21.12,2615
2026-09-24,1.21.13,2741
2026-09-24,1.21.14,8413
2026-09-24,1.21.15,3021
2026-09-24,1.21.16,2802
2026-09-24,1.21.17,2661
2026-09-24,1.21.18,4659
2026-09-24,1.21.19,2898
2026-09-24,1.21.2,2828
2026-09-24,1.21.20,2642
2026-09-24,1.21.21,8118
2026-09-24,1.21.22,3276
2026-09-24,1.21.23,2905
2026-09-24,1.21.24,2890
2026-09-24,1.21.25,3069
2026-09-24,1.21.26,2920
2026-09-24,1.21.27,3035
2026-09-24,1.21.28,2912
2026-09-24,1.21.29,3040
2026-09-24,1.21.3,2814
2026-09-24,1.21.30,3795
2026-09-24,1.21.31,3150
2026-09-24,1.21.32,16149
2026-09-24,1.21.33,2918
2026-09-24,1.21.34,2917
2026-09-24,1.21.35,3424
2026-09-24,1.21.36,3099
2026-09-24,1.21.37,2979
2026-09-24,1.21.38,2910
2026-09-24,1.21.39,2925
2026-09-24,1.21.4,2799
2026-09-24,1.21.40,2886
2026-09-24,1.21.41,2993
2026-09-24,1.21.42,5905
2026-09-24,1.21.43,3012
2026-09-24,1.21.44,2942
2026-09-24,1.21.45,2942
2026-09-24,1.21.46,5130
2026-09-24,1.21.5,2596
2026-09-24,1.21.6,2972
2026-09-24,1.21.7,2690
2026-09-24,1.21.8,2694
2026-09-24,1.21.9,2610
2026-09-24,1.22.0,5560
2026-09-24,1.22.1,3043
2026-09-24,1.22.10,3448
2026-09-24,1.22.11,3554
2026-09-24,1.22.12,3371
2026-09-24,1.22.13,4069
2026-09-24,1.22.2,3209
2026-09-24,1.22.3,7333
2026-09-24,1.22.4,2946
2026-09-24,1.22.5,7499
2026-09-24,1.22.6,3371
2026-09-24,1.22.7,3476
2026-09-24,1.22.8,3459
2026-09-24,1.22.9,3997
2026-09-24,1.23.0,3342
2026-09-24,1.23.1,3428
2026-09-24,1.23.10,90398
2026-09-24,1.23.2,3953
2026-09-24,1.23.3,3303
2026-09-24,1.23.4,3358
2026-09-24,1.23.5,3634
2026-09-24,1.23.6,3516
2026-09-24,1.23.7,3410
2026-09-24,1.23.8,3529
2026-09-24,1.23.9,3991
2026-09-24,1.24.0,25458
2026-09-24,1.24.1,17469
2026-09-24,1.24.10,19469
2026-09-24,1.24.11,18165
2026-09-24,1.24.12,18328
2026-09-24,1.24.13,18219
2026-09-24,1.24.14,18368
2026-09-24,1.24.15,18823
2026-09-24,1.24.16,18134
2026-09-24,1.24.17,18173
2026-09-24,1.24.18,18230
2026-09-24,1.24.19,18410
2026-09-24,1.24.2,18553
2026-09-24,1.24.20,18148
2026-09-24,1.24.21,18330
2026-09-24,1.24.22,18795
2026-09-24,1.24.23,18245
2026-09-24,1.24.24,18129
2026-09-24,1.24.25,18395
2026-09-24,1.24.26,18158
2026-09-24,1.24.27,18176
2026-09-24,1.24.28,42979
2026-09-24,1.24.29,40371
2026-09-24,1.24.3,17919
2026-09-24,1.24.30,18611
2026-09-24,1.24.31,18186
2026-09-24,1.24.32,57952
2026-09-24,1.24.33,18176
2026-09-24,1.24.34,18409
2026-09-24,1.24.35,18374
2026-09-24,1.24.36,18469
2026-09-24,1.24.37,18419
2026-09-24,1.24.38,18821
2026-09-24,1.24.39,18839
2026-09-24,1.24.4,17461
2026-09-24,1.24.40,18522
2026-09-24,1.24.41,18100
2026-09-24,1.24.42,18186
2026-09-24,1.24.43,18462
2026-09-24,1.24.44,19214
2026-09-24,1.24.45,18183
2026-09-24,1.24.46,18477
2026-09-24,1.24.47,18196
2026-09-24,1.24.48,18260
2026-09-24,1.24.49,18188
2026-09-24,1.24.5,23019
2026-09-24,1.24.50,18379
2026-09-24,1.24.51,18555
2026-09-24,1.24.52,18635
2026-09-24,1.24.53,18169
2026-09-24,1.24.54,18200
2026-09-24,1.24.55,18492
2026-09-24,1.24.56,18290
2026-09-24,1.24.57,20516
2026-09-24,1.24.58,18135
2026-09-24,1.24.59,43253
2026-09-24,1.24.6,18190
2026-09-24,1.24.60,23581
2026-09-24,1.24.61,19514
2026-09-24,1.24.62,20052
2026-09-24,1.24.63,19713
2026-09-24,1.24.64,20854
2026-09-24,1.24.65,19707
2026-09-24,1.24.66,19907
2026-09-24,1.24.67,19494
2026-09-24,1.24.68,19663
2026-09-24,1.24.69,19466
2026-09-24,1.24.7,18458
2026-09-24,1.24.70,31176
2026-09-24,1.24.71,19696
2026-09-24,1.24.72,19569
2026-09-24,1.24.73,19492
2026-09-24,1.24.74,19635
2026-09-24,1.24.75,19609
2026-09-24,1.24.76,21177
2026-09-24,1.24.77,19550
2026-09-24,1.24.78,19739
2026-09-24,1.24.79,19690
2026-09-24,1.24.8,18750
2026-09-24,1.24.80,19826
2026-09-24,1.24.81,21160
2026-09-24,1.24.82,19783
2026-09-24,1.24.83,19465
2026-09-24,1.24.84,19563
2026-09-24,1.24.85,19502
2026-09-24,1.24.86,19702
2026-09-24,1.24.87,19538
2026-09-24,1.24.88,19667
2026-09-24,1.24.89,20316
2026-09-24,1.24.9,18151
2026-09-24,1.24.90,21738
2026-09-24,1.24.91,19609
2026-09-24,1.24.92,19490
2026-09-24,1.24.93,19578
2026-09-24,1.24.94,19903
2026-09-24,1.24.95,19476
2026-09-24,1.24.96,23345
2026-09-24,1.25.0,19813
2026-09-24,1.25.1,19451
2026-09-24,1.25.2,19532
2026-09-24,1.25.3,19457
2026-09-24,1.25.4,19637
2026-09-24,1.25.5,21942
2026-09-24,1.26.0,26195
2026-09-24,1.26.1,20443
2026-09-24,1.26.10,19620
2026-09-24,1.26.100,78488
2026-09-24,1.26.101,42326
2026-09-24,1.26.102,27642
2026-09-24,1.26.103,18916
2026-09-24,1.26.104,19344
2026-09-24,1.26.105,18958
2026-09-24,1.26.106,19114
2026-09-24,1.26.107,19082
2026-09-24,1.26.108,37948
2026-09-24,1.26.109,19701
2026-09-24,1.26.11,19982
2026-09-24,1.26.110,19129
2026-09-24,1.26.111,18988
2026-09-24,1.26.112,19009
2026-09-24,1.26.113,31668
2026-09-24,1.26.114,19223
2026-09-24,1.26.115,19924
2026-09-24,1.26.116,31425
2026-09-24,1.26.117,20125
2026-09-24,1.26.118,19726
2026-09-24,1.26.119,18991
2026-09-24,1.26.12,19477
2026-09-24,1.26.120,21095
2026-09-24,1.26.121,19118
2026-09-24,1.26.122,19436
2026-09-24,1.26.123,19013
2026-09-24,1.26.124,46885
2026-09-24,1.26.125,19234
2026-09-24,1.26.126,20492
2026-09-24,1.26.127,19030
2026-09-24,1.26.128,19028
2026-09-24,1.26.129,20994
2026-09-24,1.26.13,20292
2026-09-24,1.26.130,19095
2026-09-24,1.26.131,18951
2026-09-24,1.26.132,19411
2026-09-24,1.26.133,21731
2026-09-24,1.26.134,18961
2026-09-24,1.26.135,19650
2026-09-24,1.26.136,19217
2026-09-24,1.26.137,40385
2026-09-24,1.26.138,39981
2026-09-24,1.26.139,19068
2026-09-24,1.26.14,19677
2026-09-24,1.26.140,19199
2026-09-24,1.26.141,21404
2026-09-24,1.26.142,20085
2026-09-24,1.26.143,19223
2026-09-24,1.26.144,19469
2026-09-24,1.26.145,19026
2026-09-24,1.26.146,19274
2026-09-24,1.26.147,19173
2026-09-24,1.26.148,19123
2026-09-24,1.26.149,19116
2026-09-24,1.26.15,20025
2026-09-24,1.26.150,19879
2026-09-24,1.26.151,21012
2026-09-24,1.26.152,19206
2026-09-24,1.26.153,20190
2026-09-24,1.26.154,19106
2026-09-24,1.26.155,19324
2026-09-24,1.26.156,19151
2026-09-24,1.26.157,19306
2026-09-24,1.26.158,19561
2026-09-24,1.26.159,19182
2026-09-24,1.26.16,19879
2026-09-24,1.26.160,21997
2026-09-24,1.26.161,26912
2026-09-24,1.26.162,19114
2026-09-24,1.26.163,19199
2026-09-24,1.26.164,19190
2026-09-24,1.26.165,36350
2026-09-24,1.26.17,19577
2026-09-24,1.26.18,48176
2026-09-24,1.26.19,24385
2026-09-24,1.26.2,19952
2026-09-24,1.26.20,57590
2026-09-24,1.26.21,21335
2026-09-24,1.26.22,19623
2026-09-24,1.26.23,19709
2026-09-24,1.26.24,19803
2026-09-24,1.26.25,22818
2026-09-24,1.26.26,20875
2026-09-24,1.26.27,40349
2026-09-24,1.26.28,21614
2026-09-24,1.26.29,19732
2026-09-24,1.26.3,19493
2026-09-24,1.26.30,20243
2026-09-24,1.26.31,19595
2026-09-24,1.26.32,19968
2026-09-24,1.26.33,19647
2026-09-24,1.26.34,19702
2026-09-24,1.26.35,19768
2026-09-24,1.26.36,19674
2026-09-24,1.26.37,20199
2026-09-24,1.26.38,19584
2026-09-24,1.26.39,19662
2026-09-24,1.26.4,19691
2026-09-24,1.26.40,19546
2026-09-24,1.26.41,20794
2026-09-24,1.26.42,20190
2026-09-24,1.26.43,19901
2026-09-24,1.26.44,19994
2026-09-24,1.26.45,19644
2026-09-24,1.26.46,19765
2026-09-24,1.26.47,19900
2026-09-24,1.26.48,19739
2026-09-24,1.26.49,19582
2026-09-24,1.26.5,19779
2026-09-24,1.26.50,21890
2026-09-24,1.26.51,20384
2026-09-24,1.26.52,19643
2026-09-24,1.26.53,19991
2026-09-24,1.26.54,19734
2026-09-24,1.26.55,19648
2026-09-24,1.26.56,20276
2026-09-24,1.26.57,19609
2026-09-24,1.26.58,20026
2026-09-24,1.26.59,20937
2026-09-24,1.26.6,19500
2026-09-24,1.26.60,19659
2026-09-24,1.26.61,21509
2026-09-24,1.26.62,19714
2026-09-24,1.26.63,19860
2026-09-24,1.26.64,21515
2026-09-24,1.26.65,21441
2026-09-24,1.26.66,19673
2026-09-24,1.26.67,19724
2026-09-24,1.26.68,19970
2026-09-24,1.26.69,19765
2026-09-24,1.26.7,19772
2026-09-24,1.26.70,19813
2026-09-24,1.26.71,20409
2026-09-24,1.26.72,19922
2026-09-24,1.26.73,20495
2026-09-24,1.26.74,21016
2026-09-24,1.26.75,19942
2026-09-24,1.26.76,33995
2026-09-24,1.26.77,19719
2026-09-24,1.26.78,22108
2026-09-24,1.26.79,20985
2026-09-24,1.26.8,19579
2026-09-24,1.26.80,20029
2026-09-24,1.26.81,19865
2026-09-24,1.26.82,20256
2026-09-24,1.26.83,19670
2026-09-24,1.26.84,20041
2026-09-24,1.26.85,19735
2026-09-24,1.26.86,19797
2026-09-24,1.26.87,20129
2026-09-24,1.26.88,19830
2026-09-24,1.26.89,19908
2026-09-24,1.26.9,21294
2026-09-24,1.26.90,60964
2026-09-24,1.26.91,19704
2026-09-24,1.26.92,21982
2026-09-24,1.26.93,20821
2026-09-24,1.26.94,24846
2026-09-24,1.26.95,19810
2026-09-24,1.26.96,19964
2026-09-24,1.26.97,20285
2026-09-24,1.26.98,19858
2026-09-24,1.26.99,23833
2026-09-24,1.27.0,19918
2026-09-24,1.27.1,20685
2026-09-24,1.28.0,32501
2026-09-24,1.28.1,19586
2026-09-24,1.28.10,20310
2026-09-24,1.28.11,19405
2026-09-24,1.28.12,19912
2026-09-24,1.28.13,19018
2026-09-24,1.28.14,20117
2026-09-24,1.28.15,19864
2026-09-24,1.28.16,19444
2026-09-24,1.28.17,49326
2026-09-24,1.28.18,20267
2026-09-24,1.28.19,22870
2026-09-24,1.28.2,20564
2026-09-24,1.28.20,21288
2026-09-24,1.28.21,20525
2026-09-24,1.28.22,20531
2026-09-24,1.28.23,20307
2026-09-24,1.28.24,20206
2026-09-24,1.28.25,21469
2026-09-24,1.28.26,20272
2026-09-24,1.28.27,20588
2026-09-24,1.28.28,20276
2026-09-24,1.28.29,21542
2026-09-24,1.28.3,27335
2026-09-24,1.28.30,21717
2026-09-24,1.28.31,20443
2026-09-24,1.28.32,20877
2026-09-24,1.28.33,20687
2026-09-24,1.28.34,20672
2026-09-24,1.28.35,20139
2026-09-24,1.28.36,20930
2026-09-24,1.28.37,20332
2026-09-24,1.28.38,20731
2026-09-24,1.28.39,20286
2026-09-24,1.28.4,23348
2026-09-24,1.28.40,35671
2026-09-24,1.28.41,20500
2026-09-24,1.28.42,20161
2026-09-24,1.28.43,22964
2026-09-24,1.28.44,20596
2026-09-24,1.28.45,20209
2026-09-24,1.28.46,20272
2026-09-24,1.28.47,21188
2026-09-24,1.28.48,26371
2026-09-24,1.28.49,20191
2026-09-24,1.28.5,20472
2026-09-24,1.28.50,21974
2026-09-24,1.28.51,21262
2026-09-24,1.28.52,22205
2026-09-24,1.28.53,21923
2026-09-24,1.28.54,22396
2026-09-24,1.28.55,21228
2026-09-24,1.28.56,20369
2026-09-24,1.28.57,35089
2026-09-24,1.28.58,21570
2026-09-24,1.28.59,20496
2026-09-24,1.28.6,19594
2026-09-24,1.28.60,20951
2026-09-24,1.28.61,22275
2026-09-24,1.28.62,33603
2026-09-24,1.28.63,31412
2026-09-24,1.28.64,25432
2026-09-24,1.28.65,22141
2026-09-24,1.28.66,22968
2026-09-24,1.28.67,22059
2026-09-24,1.28.68,22263
2026-09-24,1.28.69,22131
2026-09-24,1.28.7,19529
2026-09-24,1.28.70,23181
2026-09-24,1.28.71,22088
2026-09-24,1.28.72,23474
2026-09-24,1.28.73,22925
2026-09-24,1.28.74,28994
2026-09-24,1.28.75,27111
2026-09-24,1.28.76,22197
2026-09-24,1.28.77,22339
2026-09-24,1.28.78,22512
2026-09-24,1.28.79,26971
2026-09-24,1.28.8,19274
2026-09-24,1.28.80,23411
2026-09-24,1.28.81,21997
2026-09-24,1.28.82,22809
2026-09-24,1.28.83,28531
2026-09-24,1.28.84,23265
2026-09-24,1.28.85,29522
2026-09-24,1.28.9,42329
2026-09-24,1.29.0,23991
2026-09-24,1.29.1,23029
2026-09-24,1.29.2,27938
2026-09-24,1.29.3,23023
2026-09-24,1.29.4,23498
2026-09-24,1.29.5,24314
2026-09-24,1.29.6,23268
2026-09-24,1.29.7,27835
2026-09-24,1.3.0,390
2026-09-24,1.3.1,269
2026-09-24,1.33.0,24518
2026-09-24,1.33.1,30100
2026-09-24,1.33.10,23007
2026-09-24,1.33.11,24073
2026-09-24,1.33.12,26096
2026-09-24,1.33.13,1059617
2026-09-24,1.33.2,31817
2026-09-24,1.33.3,23332
2026-09-24,1.33.4,24211
2026-09-24,1.33.5,25408
2026-09-24,1.33.6,24148
2026-09-24,1.33.7,24503
2026-09-24,1.33.8,23184
2026-09-24,1.33.9,24176
2026-09-24,1.34.0,86872
2026-09-24,1.34.1,20539
2026-09-24,1.34.10,21097
2026-09-24,1.34.100,84241
2026-09-24,1.34.101,83266
2026-09-24,1.34.102,86367
2026-09-24,1.34.103,82452
2026-09-24,1.34.104,93473
2026-09-24,1.34.105,83006
2026-09-24,1.34.106,94732
2026-09-24,1.34.107,83921
2026-09-24,1.34.108,84761
2026-09-24,1.34.109,84653
2026-09-24,1.34.11,23337
2026-09-24,1.34.110,95446
2026-09-24,1.34.111,84179
2026-09-24,1.34.112,85068
2026-09-24,1.34.113,85977
2026-09-24,1.34.114,84343
2026-09-24,1.34.115,89149
2026-09-24,1.34.116,85053
2026-09-24,1.34.117,86440
2026-09-24,1.34.118,85861
2026-09-24,1.34.119,128495
2026-09-24,1.34.12,23106
2026-09-24,1.34.120,84928
2026-09-24,1.34.121,84157
2026-09-24,1.34.122,84767
2026-09-24,1.34.123,86533
2026-09-24,1.34.124,85833
2026-09-24,1.34.125,84356
2026-09-24,1.34.126,84248
2026-09-24,1.34.127,90464
2026-09-24,1.34.128,87066
2026-09-24,1.34.129,95356
2026-09-24,1.34.13,20678
2026-09-24,1.34.130,85239
2026-09-24,1.34.131,278801
2026-09-24,1.34.132,85463
2026-09-24,1.34.133,90099
2026-09-24,1.34.134,85504
2026-09-24,1.34.135,87801
2026-09-24,1.34.136,86621
2026-09-24,1.34.137,95342
2026-09-24,1.34.138,88432
2026-09-24,1.34.139,85758
2026-09-24,1.34.14,23783
2026-09-24,1.34.140,88307
2026-09-24,1.34.141,89480
2026-09-24,1.34.142,91891
2026-09-24,1.34.143,88381
2026-09-24,1.34.144,110353
2026-09-24,1.34.145,134854
2026-09-24,1.34.146,91951
2026-09-24,1.34.147,89141
2026-09-24,1.34.148,86933
2026-09-24,1.34.149,88402
2026-09-24,1.34.15,26574
2026-09-24,1.34.150,88712
2026-09-24,1.34.151,89564
2026-09-24,1.34.152,85966
2026-09-24,1.34.153,88460
2026-09-24,1.34.154,88877
2026-09-24,1.34.155,87286
2026-09-24,1.34.156,86588
2026-09-24,1.34.157,85268
2026-09-24,1.34.158,86509
2026-09-24,1.34.159,85783
2026-09-24,1.34.16,20251
2026-09-24,1.34.160,85703
2026-09-24,1.34.161,85444
2026-09-24,1.34.162,195802
2026-09-24,1.34.17,20492
2026-09-24,1.34.18,20295
2026-09-24,1.34.19,22756
2026-09-24,1.34.2,22023
2026-09-24,1.34.20,20603
2026-09-24,1.34.21,21481
2026-09-24,1.34.22,22364
2026-09-24,1.34.23,24277
2026-09-24,1.34.24,20588
2026-09-24,1.34.25,25228
2026-09-24,1.34.26,22264
2026-09-24,1.34.27,21130
2026-09-24,1.34.28,20590
2026-09-24,1.34.29,22614
2026-09-24,1.34.3,20185
2026-09-24,1.34.30,20991
2026-09-24,1.34.31,20548
2026-09-24,1.34.32,20515
2026-09-24,1.34.33,20677
2026-09-24,1.34.34,34017
2026-09-24,1.34.35,21381
2026-09-24,1.34.36,21200
2026-09-24,1.34.37,20971
2026-09-24,1.34.38,20677
2026-09-24,1.34.39,29858
2026-09-24,1.34.4,20342
2026-09-24,1.34.40,23553
2026-09-24,1.34.41,21395
2026-09-24,1.34.42,23125
2026-09-24,1.34.43,20895
2026-09-24,1.34.44,23566
2026-09-24,1.34.45,26836
2026-09-24,1.34.46,25865
2026-09-24,1.34.47,20607
2026-09-24,1.34.48,145304
2026-09-24,1.34.49,21593
2026-09-24,1.34.5,20930
2026-09-24,1.34.50,21705
2026-09-24,1.34.51,26654
2026-09-24,1.34.52,21008
2026-09-24,1.34.53,21200
2026-09-24,1.34.54,20908
2026-09-24,1.34.55,21240
2026-09-24,1.34.56,106206
2026-09-24,1.34.57,20562
2026-09-24,1.34.58,21947
2026-09-24,1.34.59,23860
2026-09-24,1.34.6,21324
2026-09-24,1.34.60,22115
2026-09-24,1.34.61,21662
2026-09-24,1.34.62,21574
2026-09-24,1.34.63,29932
2026-09-24,1.34.64,21233
2026-09-24,1.34.65,21348
2026-09-24,1.34.66,21008
2026-09-24,1.34.67,20606
2026-09-24,1.34.68,22463
2026-09-24,1.34.69,119160
2026-09-24,1.34.7,21549
2026-09-24,1.34.70,84280
2026-09-24,1.34.71,82182
2026-09-24,1.34.72,82421
2026-09-24,1.34.73,83043
2026-09-24,1.34.74,83390
2026-09-24,1.34.75,84978
2026-09-24,1.34.76,82576
2026-09-24,1.34.77,83385
2026-09-24,1.34.78,82782
2026-09-24,1.34.79,205772
2026-09-24,1.34.8,20514
2026-09-24,1.34.80,83222
2026-09-24,1.34.81,83536
2026-09-24,1.34.82,82552
2026-09-24,1.34.83,82853
2026-09-24,1.34.84,84295
2026-09-24,1.34.85,101932
2026-09-24,1.34.86,82228
2026-09-24,1.34.87,103338
2026-09-24,1.34.88,83451
2026-09-24,1.34.89,82983
2026-09-24,1.34.9,20340
2026-09-24,1.34.90,84190
2026-09-24,1.34.91,82265
2026-09-24,1.34.92,82940
2026-09-24,1.34.93,83612
2026-09-24,1.34.94,90129
2026-09-24,1.34.95,82345
2026-09-24,1.34.96,82963
2026-09-24,1.34.97,82283
2026-09-24,1.34.98,82439
2026-09-24,1.34.99,82259
2026-09-24,1.35.0,140306
2026-09-24,1.35.1,91682
2026-09-24,1.35.10,89159
2026-09-24,1.35.11,85989
2026-09-24,1.35.12,178796
2026-09-24,1.35.13,87457
2026-09-24,1.35.14,86529
2026-09-24,1.35.15,90570
2026-09-24,1.35.16,121571
2026-09-24,1.35.17,88191
2026-09-24,1.35.18,86095
2026-09-24,1.35.19,87919
2026-09-24,1.35.2,86244
2026-09-24,1.35.20,87044
2026-09-24,1.35.21,85484
2026-09-24,1.35.22,85274
2026-09-24,1.35.23,88591
2026-09-24,1.35.24,89189
2026-09-24,1.35.25,88539
2026-09-24,1.35.26,86080
2026-09-24,1.35.27,87287
2026-09-24,1.35.28,85604
2026-09-24,1.35.29,87957
2026-09-24,1.35.3,85485
2026-09-24,1.35.30,86159
2026-09-24,1.35.31,86483
2026-09-24,1.35.32,85728
2026-09-24,1.35.33,144737
2026-09-24,1.35.34,86419
2026-09-24,1.35.35,96432
2026-09-24,1.35.36,157419
2026-09-24,1.35.37,86435
2026-09-24,1.35.38,112764
2026-09-24,1.35.39,86876
2026-09-24,1.35.4,86254
2026-09-24,1.35.40,86494
2026-09-24,1.35.41,86238
2026-09-24,1.35.42,108623
2026-09-24,1.35.43,85399
2026-09-24,1.35.44,86503
2026-09-24,1.35.45,85650
2026-09-24,1.35.46,87328
2026-09-24,1.35.47,85527
2026-09-24,1.35.48,85440
2026-09-24,1.35.49,220793
2026-09-24,1.35.5,86925
2026-09-24,1.35.50,86140
2026-09-24,1.35.51,90350
2026-09-24,1.35.52,92300
2026-09-24,1.35.53,93345
2026-09-24,1.35.54,96570
2026-09-24,1.35.55,87504
2026-09-24,1.35.56,85269
2026-09-24,1.35.57,89695
2026-09-24,1.35.58,85866
2026-09-24,1.35.59,85748
2026-09-24,1.35.6,86888
2026-09-24,1.35.60,86728
2026-09-24,1.35.61,85010
2026-09-24,1.35.62,90588
2026-09-24,1.35.63,87405
2026-09-24,1.35.64,86676
2026-09-24,1.35.65,86086
2026-09-24,1.35.66,86010
2026-09-24,1.35.67,85603
2026-09-24,1.35.68,88059
2026-09-24,1.35.69,94452
2026-09-24,1.35.7,110409
2026-09-24,1.35.70,92183
2026-09-24,1.35.71,100369
2026-09-24,1.35.72,86260
2026-09-24,1.35.73,85652
2026-09-24,1.35.74,95293
2026-09-24,1.35.75,87200
2026-09-24,1.35.76,103910
2026-09-24,1.35.77,86618
2026-09-24,1.35.78,88159
2026-09-24,1.35.79,86472
2026-09-24,1.35.8,86338
2026-09-24,1.35.80,89254
2026-09-24,1.35.81,100966
2026-09-24,1.35.82,86889
2026-09-24,1.35.83,85681
2026-09-24,1.35.84,94914
2026-09-24,1.35.85,86198
2026-09-24,1.35.86,89512
2026-09-24,1.35.87,87699
2026-09-24,1.35.88,88526
2026-09-24,1.35.89,127719
2026-09-24,1.35.9,87937
2026-09-24,1.35.90,99204
2026-09-24,1.35.91,85725
2026-09-24,1.35.92,92584
2026-09-24,1.35.93,90720
2026-09-24,1.35.94,87296
2026-09-24,1.35.95,87588
2026-09-24,1.35.96,88599
2026-09-24,1.35.97,87155
2026-09-24,1.35.98,88823
2026-09-24,1.35.99,266745
2026-09-24,1.36.0,103517
2026-09-24,1.36.1,140413
2026-09-24,1.36.10,86029
2026-09-24,1.36.11,88018
2026-09-24,1.36.12,85942
2026-09-24,1.36.13,86293
2026-09-24,1.36.14,86573
2026-09-24,1.36.15,86541
2026-09-24,1.36.16,86997
2026-09-24,1.36.17,89417
2026-09-24,1.36.18,94905
2026-09-24,1.36.19,87271
2026-09-24,1.36.2,127174
2026-09-24,1.36.20,88229
2026-09-24,1.36.21,90483
2026-09-24,1.36.22,93340
2026-09-24,1.36.23,89617
2026-09-24,1.36.24,86173
2026-09-24,1.36.25,86783
2026-09-24,1.36.26,91407
2026-09-24,1.36.3,177755
2026-09-24,1.36.4,86783
2026-09-24,1.36.5,89024
2026-09-24,1.36.6,85938
2026-09-24,1.36.7,88909
2026-09-24,1.36.8,87799
2026-09-24,1.36.9,87226
2026-09-24,1.37.0,91192
2026-09-24,1.37.1,112766
2026-09-24,1.37.10,91919
2026-09-24,1.37.11,92574
2026-09-24,1.37.12,87121
2026-09-24,1.37.13,89992
2026-09-24,1.37.14,85990
2026-09-24,1.37.15,86767
2026-09-24,1.37.16,85960
2026-09-24,1.37.17,86856
2026-09-24,1.37.18,88318
2026-09-24,1.37.19,89387
2026-09-24,1.37.2,101413
2026-09-24,1.37.20,91847
2026-09-24,1.37.21,86302
2026-09-24,1.37.22,86349
2026-09-24,1.37.23,87328
2026-09-24,1.37.24,92940
2026-09-24,1.37.25,86493
2026-09-24,1.37.26,88791
2026-09-24,1.37.27,88064
2026-09-24,1.37.28,87294
2026-09-24,1.37.29,90965
2026-09-24,1.37.3,169683
2026-09-24,1.37.30,86864
2026-09-24,1.37.31,103613
2026-09-24,1.37.32,86228
2026-09-24,1.37.33,87037
2026-09-24,1.37.34,89622
2026-09-24,1.37.35,88196
2026-09-24,1.37.36,86594
2026-09-24,1.37.37,87371
2026-09-24,1.37.38,568491
2026-09-24,1.37.4,119866
2026-09-24,1.37.5,91142
2026-09-24,1.37.6,88490
2026-09-24,1.37.7,377788
2026-09-24,1.37.8,86408
2026-09-24,1.37.9,100796
2026-09-24,1.38.0,96968
2026-09-24,1.38.1,86644
2026-09-24,1.38.10,85786
2026-09-24,1.38.11,85794
2026-09-24,1.38.12,91377
2026-09-24,1.38.13,87806
2026-09-24,1.38.14,158962
2026-09-24,1.38.15,87783
2026-09-24,1.38.16,87883
2026-09-24,1.38.17,89861
2026-09-24,1.38.18,91190
2026-09-24,1.38.19,86537
2026-09-24,1.38.2,86185
2026-09-24,1.38.20,86924
2026-09-24,1.38.21,90309
2026-09-24,1.38.22,90227
2026-09-24,1.38.23,96090
2026-09-24,1.38.24,87985
2026-09-24,1.38.25,124181
2026-09-24,1.38.26,87795
2026-09-24,1.38.27,155166
2026-09-24,1.38.28,88111
2026-09-24,1.38.29,87816
2026-09-24,1.38.3,86578
2026-09-24,1.38.30,88542
2026-09-24,1.38.31,86556
2026-09-24,1.38.32,89128
2026-09-24,1.38.33,93380
2026-09-24,1.38.34,92053
2026-09-24,1.38.35,86876
2026-09-24,1.38.36,95282
2026-09-24,1.38.37,88968
2026-09-24,1.38.38,100352
2026-09-24,1.38.39,87138
2026-09-24,1.38.4,86274
2026-09-24,1.38.40,86556
2026-09-24,1.38.41,89313
2026-09-24,1.38.42,118090
2026-09-24,1.38.43,88593
2026-09-24,1.38.44,87905
2026-09-24,1.38.45,86701
2026-09-24,1.38.46,100193
2026-09-24,1.38.5,87946
2026-09-24,1.38.6,85895
2026-09-24,1.38.7,86926
2026-09-24,1.38.8,88813
2026-09-24,1.38.9,88866
2026-09-24,1.39.0,90729
2026-09-24,1.39.1,96095
2026-09-24,1.39.10,88502
2026-09-24,1.39.11,153016
2026-09-24,1.39.12,88300
2026-09-24,1.39.13,88735
2026-09-24,1.39.14,90896
2026-09-24,1.39.15,123536
2026-09-24,1.39.16,93119
2026-09-24,1.39.17,99114
2026-09-24,1.39.2,88798
2026-09-24,1.39.3,107344
2026-09-24,1.39.4,97101
2026-09-24,1.39.5,85903
2026-09-24,1.39.6,87324
2026-09-24,1.39.7,98063
2026-09-24,1.39.8,89896
2026-09-24,1.39.9,90380
2026-09-24,1.4.0,474
2026-09-24,1.4.1,590
2026-09-24,1.4.2,156
2026-09-24,1.4.3,163
2026-09-24,1.4.4,1462
2026-09-24,1.4.5,268
2026-09-24,1.4.6,190
2026-09-24,1.4.7,561
2026-09-24,1.4.8,784
2026-09-24,1.40.0,123108
2026-09-24,1.40.1,88754
2026-09-24,1.40.10,87309
2026-09-24,1.40.11,91838
2026-09-24,1.40.12,88966
2026-09-24,1.40.13,90420
2026-09-24,1.40.14,104340
2026-09-24,1.40.15,88927
2026-09-24,1.40.16,92072
2026-09-24,1.40.17,89606
2026-09-24,1.40.18,123673
2026-09-24,1.40.19,88386
2026-09-24,1.40.2,94432
2026-09-24,1.40.20,91486
2026-09-24,1.40.21,93423
2026-09-24,1.40.22,89773
2026-09-24,1.40.23,93837
2026-09-24,1.40.24,89674
2026-09-24,1.40.25,90904
2026-09-24,1.40.26,91333
2026-09-24,1.40.27,88871
2026-09-24,1.40.28,90427
2026-09-24,1.40.29,92047
2026-09-24,1.40.3,88875
2026-09-24,1.40.30,105049
2026-09-24,1.40.31,100885
2026-09-24,1.40.32,102505
2026-09-24,1.40.33,93321
2026-09-24,1.40.34,89807
2026-09-24,1.40.35,91153
2026-09-24,1.40.36,90256
2026-09-24,1.40.37,90638
2026-09-24,1.40.38,88173
2026-09-24,1.40.39,89282
2026-09-24,1.40.4,95221
2026-09-24,1.40.40,101127
2026-09-24,1.40.41,93124
2026-09-24,1.40.42,90021
2026-09-24,1.40.43,89006
2026-09-24,1.40.44,87275
2026-09-24,1.40.45,94853
2026-09-24,1.40.46,93265
2026-09-24,1.40.47,92034
2026-09-24,1.40.48,89309
2026-09-24,1.40.49,181950
2026-09-24,1.40.5,88889
2026-09-24,1.40.50,94427
2026-09-24,1.40.51,92931
2026-09-24,1.40.52,96442
2026-09-24,1.40.53,89452
2026-09-24,1.40.54,88148
2026-09-24,1.40.55,93343
2026-09-24,1.40.56,91103
2026-09-24,1.40.57,89786
2026-09-24,1.40.58,90487
2026-09-24,1.40.59,91536
2026-09-24,1.40.6,99876
2026-09-24,1.40.60,96795
2026-09-24,1.40.61,917599
2026-09-24,1.40.62,94660
2026-09-24,1.40.63,88778
2026-09-24,1.40.64,92479
2026-09-24,1.40.65,89625
2026-09-24,1.40.66,95282
2026-09-24,1.40.67,95929
2026-09-24,1.40.68,88155
2026-09-24,1.40.69,92191
2026-09-24,1.40.7,87686
2026-09-24,1.40.70,98884
2026-09-24,1.40.71,91643
2026-09-24,1.40.72,88901
2026-09-24,1.40.73,99469
2026-09-24,1.40.74,93978
2026-09-24,1.40.75,99421
2026-09-24,1.40.76,133828
2026-09-24,1.40.8,87917
2026-09-24,1.40.9,87591
2026-09-24,1.41.0,93293
2026-09-24,1.41.1,89044
2026-09-24,1.41.2,102335
2026-09-24,1.41.3,97992
2026-09-24,1.41.4,89032
2026-09-24,1.41.5,290853
2026-09-24,1.42.0,149870
2026-09-24,1.42.1,152286
2026-09-24,1.42.10,147223
2026-09-24,1.42.11,147406
2026-09-24,1.42.12,154023
2026-09-24,1.42.13,146868
2026-09-24,1.42.14,153647
2026-09-24,1.42.15,145817
2026-09-24,1.42.16,149641
2026-09-24,1.42.17,309878
2026-09-24,1.42.18,241507
2026-09-24,1.42.19,150639
2026-09-24,1.42.2,150663
2026-09-24,1.42.20,143342
2026-09-24,1.42.21,157145
2026-09-24,1.42.22,185891
2026-09-24,1.42.23,172740
2026-09-24,1.42.24,176101
2026-09-24,1.42.25,172403
2026-09-24,1.42.26,170047
2026-09-24,1.42.27,167153
2026-09-24,1.42.28,168950
2026-09-24,1.42.29,169477
2026-09-24,1.42.3,154235
2026-09-24,1.42.30,200398
2026-09-24,1.42.31,186760
2026-09-24,1.42.32,167005
2026-09-24,1.42.33,167205
2026-09-24,1.42.34,175970
2026-09-24,1.42.35,187669
2026-09-24,1.42.36,171156
2026-09-24,1.42.37,174840
2026-09-24,1.42.38,171408
2026-09-24,1.42.39,184792
2026-09-24,1.42.4,150954
2026-09-24,1.42.40,171829
2026-09-24,1.42.41,177010
2026-09-24,1.42.42,179516
2026-09-24,1.42.43,187809
2026-09-24,1.42.44,183035
2026-09-24,1.42.45,172011
2026-09-24,1.42.46,168929
2026-09-24,1.42.47,191717
2026-09-24,1.42.48,174613
2026-09-24,1.42.49,175173
2026-09-24,1.42.5,159554
2026-09-24,1.42.50,184716
2026-09-24,1.42.51,169377
2026-09-24,1.42.52,169743
2026-09-24,1.42.53,166866
2026-09-24,1.42.54,207619
2026-09-24,1.42.55,188498
2026-09-24,1.42.56,193896
2026-09-24,1.42.57,174970
2026-09-24,1.42.58,206138
2026-09-24,1.42.59,183858
2026-09-24,1.42.6,145638
2026-09-24,1.42.60,206965
2026-09-24,1.42.61,200204
2026-09-24,1.42.62,191135
2026-09-24,1.42.63,214870
2026-09-24,1.42.64,177495
2026-09-24,1.42.65,196244
2026-09-24,1.42.66,178836
2026-09-24,1.42.67,172846
2026-09-24,1.42.68,245217
2026-09-24,1.42.69,175928
2026-09-24,1.42.7,152968
2026-09-24,1.42.70,196034
2026-09-24,1.42.71,180301
2026-09-24,1.42.72,176785
2026-09-24,1.42.73,179344
2026-09-24,1.42.74,177971
2026-09-24,1.42.75,189149
2026-09-24,1.42.76,176209
2026-09-24,1.42.77,176561
2026-09-24,1.42.78,179599
2026-09-24,1.42.79,177213
2026-09-24,1.42.8,144776
2026-09-24,1.42.80,173409
2026-09-24,1.42.81,181912
2026-09-24,1.42.82,178240
2026-09-24,1.42.83,191443
2026-09-24,1.42.84,215504
2026-09-24,1.42.85,188145
2026-09-24,1.42.86,175566
2026-09-24,1.42.87,110454
2026-09-24,1.42.88,190667
2026-09-24,1.42.89,301278
2026-09-24,1.42.9,146144
2026-09-24,1.42.90,186826
2026-09-24,1.42.91,195115
2026-09-24,1.42.92,184068
2026-09-24,1.42.93,179002
2026-09-24,1.42.94,179221
2026-09-24,1.42.95,177488
2026-09-24,1.42.96,194504
2026-09-24,1.42.97,2845565
2026-09-24,1.43.0,187811
2026-09-24,1.43.1,60937
2026-09-24,1.43.10,43846
2026-09-24,1.43.100,120594
2026-09-24,1.43.101,5731739
2026-09-24,1.43.102,1480466
2026-09-24,1.43.11,43024
2026-09-24,1.43.12,45740
2026-09-24,1.43.13,52150
2026-09-24,1.43.14,99151
2026-09-24,1.43.15,44705
2026-09-24,1.43.16,54510
2026-09-24,1.43.17,44326
2026-09-24,1.43.18,61939
2026-09-24,1.43.19,44305
2026-09-24,1.43.2,54169
2026-09-24,1.43.20,35901
2026-09-24,1.43.21,45954
2026-09-24,1.43.22,57210
2026-09-24,1.43.23,41336
2026-09-24,1.43.24,71725
2026-09-24,1.43.25,50452
2026-09-24,1.43.26,50340
2026-09-24,1.43.27,51923
2026-09-24,1.43.28,48990
2026-09-24,1.43.29,53365
2026-09-24,1.43.3,48105
2026-09-24,1.43.30,46442
2026-09-24,1.43.31,52008
2026-09-24,1.43.32,47878
2026-09-24,1.43.33,51787
2026-09-24,1.43.34,120544
2026-09-24,1.43.35,36336
2026-09-24,1.43.36,138104
2026-09-24,1.43.37,57529
2026-09-24,1.43.38,65140
2026-09-24,1.43.39,62425
2026-09-24,1.43.4,47841
2026-09-24,1.43.40,73139
2026-09-24,1.43.41,71623
2026-09-24,1.43.42,46650
2026-09-24,1.43.43,36666
2026-09-24,1.43.44,44681
2026-09-24,1.43.45,91160
2026-09-24,1.43.46,183534
2026-09-24,1.43.47,49524
2026-09-24,1.43.48,46975
2026-09-24,1.43.49,57593
2026-09-24,1.43.5,49234
2026-09-24,1.43.50,49113
2026-09-24,1.43.51,56460
2026-09-24,1.43.52,61607
2026-09-24,1.43.53,52419
2026-09-24,1.43.54,48173
2026-09-24,1.43.55,54048
2026-09-24,1.43.56,180900
2026-09-24,1.43.57,55369
2026-09-24,1.43.58,54603
2026-09-24,1.43.59,51855
2026-09-24,1.43.6,105222
2026-09-24,1.43.60,36091
2026-09-24,1.43.61,41016
2026-09-24,1.43.62,82643
2026-09-24,1.43.63,89212
2026-09-24,1.43.64,67168
2026-09-24,1.43.65,49510
2026-09-24,1.43.66,52892
2026-09-24,1.43.67,108115
2026-09-24,1.43.68,46566
2026-09-24,1.43.69,53487
2026-09-24,1.43.7,54248
2026-09-24,1.43.70,64878
2026-09-24,1.43.71,61751
2026-09-24,1.43.72,105800
2026-09-24,1.43.73,54333
2026-09-24,1.43.74,58782
2026-09-24,1.43.75,294864
2026-09-24,1.43.76,42652
2026-09-24,1.43.77,72281
2026-09-24,1.43.78,102479
2026-09-24,1.43.79,56855
2026-09-24,1.43.8,53093
2026-09-24,1.43.80,57455
2026-09-24,1.43.81,64649
2026-09-24,1.43.82,69485
2026-09-24,1.43.83,146460
2026-09-24,1.43.84,39457
2026-09-24,1.43.85,64759
2026-09-24,1.43.86,75512
2026-09-24,1.43.87,71653
2026-09-24,1.43.88,69129
2026-09-24,1.43.89,207359
2026-09-24,1.43.9,62453
2026-09-24,1.43.90,81607
2026-09-24,1.43.91,83991
2026-09-24,1.43.92,85173
2026-09-24,1.43.93,181982
2026-09-24,1.43.94,79334
2026-09-24,1.43.95,89695
2026-09-24,1.43.96,154311
2026-09-24,1.43.97,160906
2026-09-24,1.43.98,229592
2026-09-24,1.43.99,111540
2026-09-24,1.5.0,775
2026-09-24,1.5.1,145
2026-09-24,1.5.10,174
2026-09-24,1.5.11,142
2026-09-24,1.5.12,148
2026-09-24,1.5.13,149
2026-09-24,1.5.14,145
2026-09-24,1.5.15,152
2026-09-24,1.5.16,140
2026-09-24,1.5.17,139
2026-09-24,1.5.18,157
2026-09-24,1.5.19,162
2026-09-24,1.5.2,141
2026-09-24,1.5.20,142
2026-09-24,1.5.21,153
2026-09-24,1.5.22,175
2026-09-24,1.5.23,146
2026-09-24,1.5.24,231
2026-09-24,1.5.25,172
2026-09-24,1.5.26,149
2026-09-24,1.5.27,151
2026-09-24,1.5.28,145
2026-09-24,1.5.29,145
2026-09-24,1.5.3,145
2026-09-24,1.5.30,147
2026-09-24,1.5.31,147
2026-09-24,1.5.32,199
2026-09-24,1.5.33,146
2026-09-24,1.5.34,149
2026-09-24,1.5.35,156
2026-09-24,1.5.36,158
2026-09-24,1.5.4,140
2026-09-24,1.5.5,139
2026-09-24,1.5.6,230
2026-09-24,1.5.7,144
2026-09-24,1.5.8,147
2026-09-24,1.5.9,153
2026-09-24,1.6.0,162
2026-09-24,1.6.1,148
2026-09-24,1.6.10,149
2026-09-24,1.6.11,169
2026-09-24,1.6.12,147
2026-09-24,1.6.13,148
2026-09-24,1.6.14,158
2026-09-24,1.6.15,148
2026-09-24,1.6.16,150
2026-09-24,1.6.17,149
2026-09-24,1.6.18,151
2026-09-24,1.6.19,198
2026-09-24,1.6.2,160
2026-09-24,1.6.20,152
2026-09-24,1.6.21,151
2026-09-24,1.6.22,150
2026-09-24,1.6.23,169
2026-09-24,1.6.3,169
2026-09-24,1.6.4,163
2026-09-24,1.6.5,156
2026-09-24,1.6.6,159
2026-09-24,1.6.7,155
2026-09-24,1.6.8,194
2026-09-24,1.6.9,193
2026-09-24,1.7.0,196
2026-09-24,1.7.1,160
2026-09-24,1.7.10,169
2026-09-24,1.7.11,192
2026-09-24,1.7.12,270
2026-09-24,1.7.13,168
2026-09-24,1.7.14,300
2026-09-24,1.7.15,171
2026-09-24,1.7.16,171
2026-09-24,1.7.17,172
2026-09-24,1.7.18,168
2026-09-24,1.7.19,285
2026-09-24,1.7.2,163
2026-09-24,1.7.20,172
2026-09-24,1.7.21,182
2026-09-24,1.7.22,188
2026-09-24,1.7.23,173
2026-09-24,1.7.24,184
2026-09-24,1.7.25,177
2026-09-24,1.7.26,176
2026-09-24,1.7.27,185
2026-09-24,1.7.28,176
2026-09-24,1.7.29,195
2026-09-24,1.7.3,175
2026-09-24,1.7.30,191
2026-09-24,1.7.31,180
2026-09-24,1.7.32,501
2026-09-24,1.7.33,186
2026-09-24,1.7.34,182
2026-09-24,1.7.35,191
2026-09-24,1.7.36,185
2026-09-24,1.7.37,329
2026-09-24,1.7.38,186
2026-09-24,1.7.39,188
2026-09-24,1.7.4,391
2026-09-24,1.7.40,203
2026-09-24,1.7.41,188
2026-09-24,1.7.42,204
2026-09-24,1.7.43,189
2026-09-24,1.7.44,189
2026-09-24,1.7.45,193
2026-09-24,1.7.46,188
2026-09-24,1.7.47,226
2026-09-24,1.7.48,196
2026-09-24,1.7.49,198
2026-09-24,1.7.5,172
2026-09-24,1.7.50,328
2026-09-24,1.7.51,197
2026-09-24,1.7.52,189
2026-09-24,1.7.53,190
2026-09-24,1.7.54,189
2026-09-24,1.7.55,192
2026-09-24,1.7.56,1077
2026-09-24,1.7.57,193
2026-09-24,1.7.58,256
2026-09-24,1.7.59,196
2026-09-24,1.7.6,168
2026-09-24,1.7.60,192
2026-09-24,1.7.61,205
2026-09-24,1.7.62,254
2026-09-24,1.7.63,198
2026-09-24,1.7.64,199
2026-09-24,1.7.65,208
2026-09-24,1.7.66,513
2026-09-24,1.7.67,205
2026-09-24,1.7.68,196
2026-09-24,1.7.69,213
2026-09-24,1.7.7,162
2026-09-24,1.7.70,213
2026-09-24,1.7.71,205
2026-09-24,1.7.72,207
2026-09-24,1.7.73,208
2026-09-24,1.7.74,216
2026-09-24,1.7.75,204
2026-09-24,1.7.76,222
2026-09-24,1.7.77,211
2026-09-24,1.7.78,562
2026-09-24,1.7.79,218
2026-09-24,1.7.8,165
2026-09-24,1.7.80,207
2026-09-24,1.7.81,214
2026-09-24,1.7.82,204
2026-09-24,1.7.83,204
2026-09-24,1.7.84,1870
2026-09-24,1.7.9,183
2026-09-24,1.8.0,330
2026-09-24,1.8.1,336
2026-09-24,1.8.2,334
2026-09-24,1.8.3,341
2026-09-24,1.8.4,340
2026-09-24,1.8.5,331
2026-09-24,1.8.6,339
2026-09-24,1.8.7,334
2026-09-24,1.8.8,342
2026-09-24,1.8.9,424
2026-09-24,1.9.0,457
2026-09-24,1.9.1,344
2026-09-24,1.9.10,336
2026-09-24,1.9.100,360
2026-09-24,1.9.101,359
2026-09-24,1.9.102,370
2026-09-24,1.9.103,397
2026-09-24,1.9.104,546
2026-09-24,1.9.105,371
2026-09-24,1.9.106,369
2026-09-24,1.9.107,383
2026-09-24,1.9.108,379
2026-09-24,1.9.109,387
2026-09-24,1.9.11,336
2026-09-24,1.9.110,367
2026-09-24,1.9.111,379
2026-09-24,1.9.112,381
2026-09-24,1.9.113,369
2026-09-24,1.9.114,521
2026-09-24,1.9.115,512
2026-09-24,1.9.116,762
2026-09-24,1.9.117,430
2026-09-24,1.9.118,361
2026-09-24,1.9.119,361
2026-09-24,1.9.12,336
2026-09-24,1.9.120,446
2026-09-24,1.9.121,364
2026-09-24,1.9.122,366
2026-09-24,1.9.123,361
2026-09-24,1.9.124,359
2026-09-24,1.9.125,393
2026-09-24,1.9.126,367
2026-09-24,1.9.127,362
2026-09-24,1.9.128,390
2026-09-24,1.9.129,513
2026-09-24,1.9.13,341
2026-09-24,1.9.130,519
2026-09-24,1.9.131,402
2026-09-24,1.9.132,365
2026-09-24,1.9.133,361
2026-09-24,1.9.134,382
2026-09-24,1.9.135,367
2026-09-24,1.9.136,362
2026-09-24,1.9.137,370
2026-09-24,1.9.138,366
2026-09-24,1.9.139,1600
2026-09-24,1.9.14,349
2026-09-24,1.9.140,387
2026-09-24,1.9.141,391
2026-09-24,1.9.142,431
2026-09-24,1.9.143,372
2026-09-24,1.9.144,360
2026-09-24,1.9.145,608
2026-09-24,1.9.146,465
2026-09-24,1.9.147,388
2026-09-24,1.9.148,361
2026-09-24,1.9.149,440
2026-09-24,1.9.15,338
2026-09-24,1.9.150,377
2026-09-24,1.9.151,364
2026-09-24,1.9.152,366
2026-09-24,1.9.153,358
2026-09-24,1.9.154,370
2026-09-24,1.9.155,366
2026-09-24,1.9.156,371
2026-09-24,1.9.157,360
2026-09-24,1.9.158,372
2026-09-24,1.9.159,389
2026-09-24,1.9.16,341
2026-09-24,1.9.160,391
2026-09-24,1.9.161,360
2026-09-24,1.9.162,520
2026-09-24,1.9.163,365
2026-09-24,1.9.164,379
2026-09-24,1.9.165,432
2026-09-24,1.9.166,361
2026-09-24,1.9.167,397
2026-09-24,1.9.168,377
2026-09-24,1.9.169,367
2026-09-24,1.9.17,363
2026-09-24,1.9.170,387
2026-09-24,1.9.171,743
2026-09-24,1.9.172,406
2026-09-24,1.9.173,388
2026-09-24,1.9.174,443
2026-09-24,1.9.175,362
2026-09-24,1.9.176,369
2026-09-24,1.9.177,367
2026-09-24,1.9.178,376
2026-09-24,1.9.179,368
2026-09-24,1.9.18,339
2026-09-24,1.9.180,418
2026-09-24,1.9.181,442
2026-09-24,1.9.182,369
2026-09-24,1.9.183,400
2026-09-24,1.9.184,365
2026-09-24,1.9.185,401
2026-09-24,1.9.186,364
2026-09-24,1.9.187,373
2026-09-24,1.9.188,388
2026-09-24,1.9.189,373
2026-09-24,1.9.19,346
2026-09-24,1.9.190,424
2026-09-24,1.9.191,366
2026-09-24,1.9.192,365
2026-09-24,1.9.193,364
2026-09-24,1.9.194,368
2026-09-24,1.9.195,366
2026-09-24,1.9.196,378
2026-09-24,1.9.197,405
2026-09-24,1.9.198,380
2026-09-24,1.9.199,490
2026-09-24,1.9.2,345
2026-09-24,1.9.20,346
2026-09-24,1.9.200,371
2026-09-24,1.9.201,517
2026-09-24,1.9.202,366
2026-09-24,1.9.203,369
2026-09-24,1.9.204,373
2026-09-24,1.9.205,425
2026-09-24,1.9.206,504
2026-09-24,1.9.207,405
2026-09-24,1.9.208,456
2026-09-24,1.9.209,376
2026-09-24,1.9.21,344
2026-09-24,1.9.210,415
2026-09-24,1.9.211,386
2026-09-24,1.9.212,505
2026-09-24,1.9.213,389
2026-09-24,1.9.214,664
2026-09-24,1.9.215,375
2026-09-24,1.9.216,387
2026-09-24,1.9.217,367
2026-09-24,1.9.218,375
2026-09-24,1.9.219,368
2026-09-24,1.9.22,350
2026-09-24,1.9.220,409
2026-09-24,1.9.221,382
2026-09-24,1.9.222,452
2026-09-24,1.9.223,368
2026-09-24,1.9.224,379
2026-09-24,1.9.225,434
2026-09-24,1.9.226,383
2026-09-24,1.9.227,410
2026-09-24,1.9.228,408
2026-09-24,1.9.229,460
2026-09-24,1.9.23,345
2026-09-24,1.9.230,371
2026-09-24,1.9.231,387
2026-09-24,1.9.232,840
2026-09-24,1.9.233,435
2026-09-24,1.9.234,407
2026-09-24,1.9.235,397
2026-09-24,1.9.236,401
2026-09-24,1.9.237,461
2026-09-24,1.9.238,395
2026-09-24,1.9.239,406
2026-09-24,1.9.24,347
2026-09-24,1.9.240,403
2026-09-24,1.9.241,398
2026-09-24,1.9.242,420
2026-09-24,1.9.243,414
2026-09-24,1.9.244,4162
2026-09-24,1.9.245,413
2026-09-24,1.9.246,398
2026-09-24,1.9.247,423
2026-09-24,1.9.248,401
2026-09-24,1.9.249,413
2026-09-24,1.9.25,346
2026-09-24,1.9.250,418
2026-09-24,1.9.251,1222
2026-09-24,1.9.252,441
2026-09-24,1.9.253,1653
2026-09-24,1.9.26,346
2026-09-24,1.9.27,1097
2026-09-24,1.9.28,372
2026-09-24,1.9.29,346
2026-09-24,1.9.3,380
2026-09-24,1.9.30,361
2026-09-24,1.9.31,357
2026-09-24,1.9.32,370
2026-09-24,1.9.33,479
2026-09-24,1.9.34,345
2026-09-24,1.9.35,342
2026-09-24,1.9.36,343
2026-09-24,1.9.37,385
2026-09-24,1.9.38,373
2026-09-24,1.9.39,381
2026-09-24,1.9.4,397
2026-09-24,1.9.40,344
2026-09-24,1.9.41,354
2026-09-24,1.9.42,365
2026-09-24,1.9.43,365
2026-09-24,1.9.44,385
2026-09-24,1.9.45,351
2026-09-24,1.9.46,352
2026-09-24,1.9.47,398
2026-09-24,1.9.48,380
2026-09-24,1.9.49,374
2026-09-24,1.9.5,353
2026-09-24,1.9.50,361
2026-09-24,1.9.51,353
2026-09-24,1.9.52,368
2026-09-24,1.9.53,356
2026-09-24,1.9.54,347
2026-09-24,1.9.55,350
2026-09-24,1.9.56,360
2026-09-24,1.9.57,469
2026-09-24,1.9.58,349
2026-09-24,1.9.59,353
2026-09-24,1.9.6,336
2026-09-24,1.9.60,362
2026-09-24,1.9.61,348
2026-09-24,1.9.62,379
2026-09-24,1.9.63,354
2026-09-24,1.9.64,372
2026-09-24,1.9.65,349
2026-09-24,1.9.66,371
2026-09-24,1.9.67,370
2026-09-24,1.9.68,358
2026-09-24,1.9.69,348
2026-09-24,1.9.7,347
2026-09-24,1.9.70,358
2026-09-24,1.9.71,668
2026-09-24,1.9.72,368
2026-09-24,1.9.73,365
2026-09-24,1.9.74,477
2026-09-24,1.9.75,375
2026-09-24,1.9.76,382
2026-09-24,1.9.77,366
2026-09-24,1.9.78,361
2026-09-24,1.9.79,398
2026-09-24,1.9.8,340
2026-09-24,1.9.80,385
2026-09-24,1.9.81,356
2026-09-24,1.9.82,362
2026-09-24,1.9.83,374
2026-09-24,1.9.84,421
2026-09-24,1.9.85,367
2026-09-24,1.9.86,528
2026-09-24,1.9.87,439
2026-09-24,1.9.88,375
2026-09-24,1.9.89,361
2026-09-24,1.9.9,348
2026-09-24,1.9.90,360
2026-09-24,1.9.91,406
2026-09-24,1.9.92,457
2026-09-24,1.9.93,405
2026-09-24,1.9.94,359
2026-09-24,1.9.95,373
2026-09-24,1.9.96,362
2026-09-24,1.9.97,363
2026-09-24,1.9.98,365
2026-09-24,1.9.99,433
2026-09-25,0.0.1,87
2026-09-25,0.0.10,9
2026-09-25,0.0.11,8
2026-09-25,0.0.12,9
2026-09-25,0.0.13,9
2026-09-25,0.0.14,15
2026-09-25,0.0.16,11
2026-09-25,0.0.17,10
2026-09-25,0.0.18,9
2026-09-25,0.0.19,9
2026-09-25,0.0.2,11
2026-09-25,0.0.20,9
2026-09-25,0.0.21,10
2026-09-25,0.0.22,27
2026-09-25,0.0.3,10
2026-09-25,0.0.4,13
2026-09-25,0.0.5,9
2026-09-25,0.0.6,10
2026-09-25,0.0.7,9
2026-09-25,0.0.8,9
2026-09-25,0.0.9,10
2026-09-25,1.0.0,17
2026-09-25,1.0.1,15
2026-09-25,1.1.0,13
2026-09-25,1.1.1,14
2026-09-25,1.1.2,9
2026-09-25,1.1.3,18
2026-09-25,1.1.4,149
2026-09-25,1.10.0,700
2026-09-25,1.10.1,393
2026-09-25,1.10.10,377
2026-09-25,1.10.11,365
2026-09-25,1.10.12,680
2026-09-25,1.10.13,368
2026-09-25,1.10.14,404
2026-09-25,1.10.15,378
2026-09-25,1.10.16,769
2026-09-25,1.10.17,368
2026-09-25,1.10.18,396
2026-09-25,1.10.19,373
2026-09-25,1.10.2,401
2026-09-25,1.10.20,369
2026-09-25,1.10.21,375
2026-09-25,1.10.22,367
2026-09-25,1.10.23,376
2026-09-25,1.10.24,363
2026-09-25,1.10.25,367
2026-09-25,1.10.26,366
2026-09-25,1.10.27,383
2026-09-25,1.10.28,402
2026-09-25,1.10.29,389
2026-09-25,1.10.3,364
2026-09-25,1.10.30,862
2026-09-25,1.10.31,366
2026-09-25,1.10.32,415
2026-09-25,1.10.33,378
2026-09-25,1.10.34,441
2026-09-25,1.10.35,370
2026-09-25,1.10.36,373
2026-09-25,1.10.37,369
2026-09-25,1.10.38,382
2026-09-25,1.10.39,426
2026-09-25,1.10.4,428
2026-09-25,1.10.40,370
2026-09-25,1.10.41,1047
2026-09-25,1.10.42,368
2026-09-25,1.10.43,364
2026-09-25,1.10.44,386
2026-09-25,1.10.45,1388
2026-09-25,1.10.46,370
2026-09-25,1.10.47,388
2026-09-25,1.10.48,505
2026-09-25,1.10.49,456
2026-09-25,1.10.5,368
2026-09-25,1.10.50,1432
2026-09-25,1.10.6,528
2026-09-25,1.10.7,381
2026-09-25,1.10.8,390
2026-09-25,1.10.9,380
2026-09-25,1.11.0,2313
2026-09-25,1.11.1,382
2026-09-25,1.11.10,392
2026-09-25,1.11.11,374
2026-09-25,1.11.12,404
2026-09-25,1.11.13,379
2026-09-25,1.11.14,385
2026-09-25,1.11.15,494
2026-09-25,1.11.16,413
2026-09-25,1.11.17,1037
2026-09-25,1.11.2,373
2026-09-25,1.11.3,375
2026-09-25,1.11.4,372
2026-09-25,1.11.5,373
2026-09-25,1.11.6,402
2026-09-25,1.11.7,465
2026-09-25,1.11.8,371
2026-09-25,1.11.9,1096
2026-09-25,1.12.0,1105
2026-09-25,1.12.1,402
2026-09-25,1.12.10,368
2026-09-25,1.12.11,394
2026-09-25,1.12.12,413
2026-09-25,1.12.13,537
2026-09-25,1.12.14,408
2026-09-25,1.12.15,510
2026-09-25,1.12.16,443
2026-09-25,1.12.17,401
2026-09-25,1.12.18,451
2026-09-25,1.12.19,388
2026-09-25,1.12.2,693
2026-09-25,1.12.20,374
2026-09-25,1.12.21,789
2026-09-25,1.12.22,394
2026-09-25,1.12.23,540
2026-09-25,1.12.24,381
2026-09-25,1.12.25,414
2026-09-25,1.12.26,380
2026-09-25,1.12.27,519
2026-09-25,1.12.28,403
2026-09-25,1.12.29,384
2026-09-25,1.12.3,507
2026-09-25,1.12.30,381
2026-09-25,1.12.31,398
2026-09-25,1.12.32,681
2026-09-25,1.12.33,432
2026-09-25,1.12.34,388
2026-09-25,1.12.35,663
2026-09-25,1.12.36,473
2026-09-25,1.12.37,372
2026-09-25,1.12.38,402
2026-09-25,1.12.39,609
2026-09-25,1.12.4,3779
2026-09-25,1.12.40,386
2026-09-25,1.12.41,397
2026-09-25,1.12.42,399
2026-09-25,1.12.43,560
2026-09-25,1.12.44,517
2026-09-25,1.12.45,371
2026-09-25,1.12.46,1899
2026-09-25,1.12.47,428
2026-09-25,1.12.48,400
2026-09-25,1.12.49,891
2026-09-25,1.12.5,389
2026-09-25,1.12.6,402
2026-09-25,1.12.7,444
2026-09-25,1.12.8,613
2026-09-25,1.12.9,375
2026-09-25,1.13.0,748
2026-09-25,1.13.1,1026
2026-09-25,1.13.10,378
2026-09-25,1.13.11,423
2026-09-25,1.13.12,375
2026-09-25,1.13.13,376
2026-09-25,1.13.14,388
2026-09-25,1.13.15,375
2026-09-25,1.13.16,401
2026-09-25,1.13.17,373
2026-09-25,1.13.18,378
2026-09-25,1.13.19,813
2026-09-25,1.13.2,542
2026-09-25,1.13.20,369
2026-09-25,1.13.21,380
2026-09-25,1.13.22,434
2026-09-25,1.13.23,949
2026-09-25,1.13.24,455
2026-09-25,1.13.25,482
2026-09-25,1.13.26,630
2026-09-25,1.13.3,696
2026-09-25,1.13.4,384
2026-09-25,1.13.5,385
2026-09-25,1.13.6,391
2026-09-25,1.13.7,376
2026-09-25,1.13.8,382
2026-09-25,1.13.9,472
2026-09-25,1.14.0,434
2026-09-25,1.14.1,404
2026-09-25,1.14.10,381
2026-09-25,1.14.11,668
2026-09-25,1.14.12,408
2026-09-25,1.14.13,386
2026-09-25,1.14.14,387
2026-09-25,1.14.15,587
2026-09-25,1.14.16,477
2026-09-25,1.14.17,444
2026-09-25,1.14.18,384
2026-09-25,1.14.19,384
2026-09-25,1.14.2,434
2026-09-25,1.14.20,560
2026-09-25,1.14.21,376
2026-09-25,1.14.22,625
2026-09-25,1.14.23,389
2026-09-25,1.14.24,392
2026-09-25,1.14.25,543
2026-09-25,1.14.26,384
2026-09-25,1.14.27,381
2026-09-25,1.14.28,411
2026-09-25,1.14.29,1484
2026-09-25,1.14.3,397
2026-09-25,1.14.30,485
2026-09-25,1.14.31,381
2026-09-25,1.14.32,4062
2026-09-25,1.14.33,460
2026-09-25,1.14.34,389
2026-09-25,1.14.35,426
2026-09-25,1.14.36,496
2026-09-25,1.14.37,428
2026-09-25,1.14.38,439
2026-09-25,1.14.39,430
2026-09-25,1.14.4,447
2026-09-25,1.14.40,403
2026-09-25,1.14.41,383
2026-09-25,1.14.42,553
2026-09-25,1.14.43,387
2026-09-25,1.14.44,445
2026-09-25,1.14.45,385
2026-09-25,1.14.46,1858
2026-09-25,1.14.47,2629
2026-09-25,1.14.48,1197
2026-09-25,1.14.49,398
2026-09-25,1.14.5,545
2026-09-25,1.14.50,393
2026-09-25,1.14.51,406
2026-09-25,1.14.52,545
2026-09-25,1.14.53,418
2026-09-25,1.14.54,455
2026-09-25,1.14.55,397
2026-09-25,1.14.56,504
2026-09-25,1.14.57,480
2026-09-25,1.14.58,405
2026-09-25,1.14.59,439
2026-09-25,1.14.6,381
2026-09-25,1.14.60,826
2026-09-25,1.14.61,415
2026-09-25,1.14.62,451
2026-09-25,1.14.63,1645
2026-09-25,1.14.7,560
2026-09-25,1.14.8,656
2026-09-25,1.14.9,566
2026-09-25,1.15.0,2371
2026-09-25,1.15.1,384
2026-09-25,1.15.10,456
2026-09-25,1.15.11,445
2026-09-25,1.15.12,409
2026-09-25,1.15.13,602
2026-09-25,1.15.14,452
2026-09-25,1.15.15,438
2026-09-25,1.15.16,878
2026-09-25,1.15.17,1197
2026-09-25,1.15.18,9516
2026-09-25,1.15.2,427
2026-09-25,1.15.3,1716
2026-09-25,1.15.4,418
2026-09-25,1.15.5,1663
2026-09-25,1.15.6,479
2026-09-25,1.15.7,397
2026-09-25,1.15.8,412
2026-09-25,1.15.9,1415
2026-09-25,1.16.0,658
2026-09-25,1.16.1,446
2026-09-25,1.16.10,443
2026-09-25,1.16.11,394
2026-09-25,1.16.12,933
2026-09-25,1.16.13,454
2026-09-25,1.16.14,418
2026-09-25,1.16.15,510
2026-09-25,1.16.16,621
2026-09-25,1.16.17,403
2026-09-25,1.16.18,3618
2026-09-25,1.16.19,452
2026-09-25,1.16.2,546
2026-09-25,1.16.20,418
2026-09-25,1.16.21,409
2026-09-25,1.16.22,419
2026-09-25,1.16.23,429
2026-09-25,1.16.24,515
2026-09-25,1.16.25,756
2026-09-25,1.16.26,407
2026-09-25,1.16.27,410
2026-09-25,1.16.28,565
2026-09-25,1.16.29,420
2026-09-25,1.16.3,444
2026-09-25,1.16.30,644
2026-09-25,1.16.31,599
2026-09-25,1.16.32,423
2026-09-25,1.16.33,440
2026-09-25,1.16.34,977
2026-09-25,1.16.35,504
2026-09-25,1.16.36,2020
2026-09-25,1.16.37,410
2026-09-25,1.16.38,414
2026-09-25,1.16.39,418
2026-09-25,1.16.4,8435
2026-09-25,1.16.40,454
2026-09-25,1.16.41,414
2026-09-25,1.16.42,407
2026-09-25,1.16.43,421
2026-09-25,1.16.44,958
2026-09-25,1.16.45,2378
2026-09-25,1.16.46,948
2026-09-25,1.16.47,967
2026-09-25,1.16.48,971
2026-09-25,1.16.49,983
2026-09-25,1.16.5,496
2026-09-25,1.16.50,990
2026-09-25,1.16.51,1449
2026-09-25,1.16.52,2144
2026-09-25,1.16.53,987
2026-09-25,1.16.54,1018
2026-09-25,1.16.55,1005
2026-09-25,1.16.56,1006
2026-09-25,1.16.57,1054
2026-09-25,1.16.58,991
2026-09-25,1.16.59,1082
2026-09-25,1.16.6,488
2026-09-25,1.16.60,1087
2026-09-25,1.16.61,1015
2026-09-25,1.16.62,1363
2026-09-25,1.16.63,4777
2026-09-25,1.16.7,1347
2026-09-25,1.16.8,485
2026-09-25,1.16.9,461
2026-09-25,1.17.0,1752
2026-09-25,1.17.1,1632
2026-09-25,1.17.10,1179
2026-09-25,1.17.100,1944
2026-09-25,1.17.101,1186
2026-09-25,1.17.102,1210
2026-09-25,1.17.103,1200
2026-09-25,1.17.104,1523
2026-09-25,1.17.105,1151
2026-09-25,1.17.106,4787
2026-09-25,1.17.107,2017
2026-09-25,1.17.108,1377
2026-09-25,1.17.109,1456
2026-09-25,1.17.11,962
2026-09-25,1.17.110,1305
2026-09-25,1.17.111,1317
2026-09-25,1.17.112,40129
2026-09-25,1.17.12,1047
2026-09-25,1.17.13,975
2026-09-25,1.17.14,975
2026-09-25,1.17.15,1009
2026-09-25,1.17.16,1045
2026-09-25,1.17.17,979
2026-09-25,1.17.18,2181
2026-09-25,1.17.19,991
2026-09-25,1.17.2,1065
2026-09-25,1.17.20,974
2026-09-25,1.17.21,1021
2026-09-25,1.17.22,1001
2026-09-25,1.17.23,1064
2026-09-25,1.17.24,995
2026-09-25,1.17.25,1034
2026-09-25,1.17.26,998
2026-09-25,1.17.27,1035
2026-09-25,1.17.28,1099
2026-09-25,1.17.29,975
2026-09-25,1.17.3,1164
2026-09-25,1.17.30,1012
2026-09-25,1.17.31,955
2026-09-25,1.17.32,1251
2026-09-25,1.17.33,1033
2026-09-25,1.17.34,1181
2026-09-25,1.17.35,1023
2026-09-25,1.17.36,975
2026-09-25,1.17.37,958
2026-09-25,1.17.38,1029
2026-09-25,1.17.39,2181
2026-09-25,1.17.4,1001
2026-09-25,1.17.40,1118
2026-09-25,1.17.41,975
2026-09-25,1.17.42,1018
2026-09-25,1.17.43,974
2026-09-25,1.17.44,1003
2026-09-25,1.17.45,1066
2026-09-25,1.17.46,1276
2026-09-25,1.17.47,1293
2026-09-25,1.17.48,1012
2026-09-25,1.17.49,2744
2026-09-25,1.17.5,1683
2026-09-25,1.17.50,1065
2026-09-25,1.17.51,1080
2026-09-25,1.17.52,664
2026-09-25,1.17.53,2512
2026-09-25,1.17.54,1344
2026-09-25,1.17.55,1119
2026-09-25,1.17.56,1130
2026-09-25,1.17.57,1338
2026-09-25,1.17.58,1122
2026-09-25,1.17.59,1111
2026-09-25,1.17.6,1489
2026-09-25,1.17.60,1470
2026-09-25,1.17.61,1171
2026-09-25,1.17.62,8928
2026-09-25,1.17.63,1096
2026-09-25,1.17.64,1424
2026-09-25,1.17.65,1095
2026-09-25,1.17.66,1184
2026-09-25,1.17.67,5600
2026-09-25,1.17.68,1852
2026-09-25,1.17.69,1174
2026-09-25,1.17.7,994
2026-09-25,1.17.70,1109
2026-09-25,1.17.71,1375
2026-09-25,1.17.72,1150
2026-09-25,1.17.73,1210
2026-09-25,1.17.74,1135
2026-09-25,1.17.75,1468
2026-09-25,1.17.76,1811
2026-09-25,1.17.77,1112
2026-09-25,1.17.78,1155
2026-09-25,1.17.79,2039
2026-09-25,1.17.8,1082
2026-09-25,1.17.80,1563
2026-09-25,1.17.81,1099
2026-09-25,1.17.82,1129
2026-09-25,1.17.83,1099
2026-09-25,1.17.84,1406
2026-09-25,1.17.85,1227
2026-09-25,1.17.86,1182
2026-09-25,1.17.87,1655
2026-09-25,1.17.88,1116
2026-09-25,1.17.89,6261
2026-09-25,1.17.9,1548
2026-09-25,1.17.90,1231
2026-09-25,1.17.91,1155
2026-09-25,1.17.92,1198
2026-09-25,1.17.93,1258
2026-09-25,1.17.94,1646
2026-09-25,1.17.95,1303
2026-09-25,1.17.96,12568
2026-09-25,1.17.97,1147
2026-09-25,1.17.98,1320
2026-09-25,1.17.99,1297
2026-09-25,1.18.0,1539
2026-09-25,1.18.1,1327
2026-09-25,1.18.10,1243
2026-09-25,1.18.11,1331
2026-09-25,1.18.12,1834
2026-09-25,1.18.13,1296
2026-09-25,1.18.14,1416
2026-09-25,1.18.15,1263
2026-09-25,1.18.16,1286
2026-09-25,1.18.17,1306
2026-09-25,1.18.18,33829
2026-09-25,1.18.19,7085
2026-09-25,1.18.2,1283
2026-09-25,1.18.20,1286
2026-09-25,1.18.21,1796
2026-09-25,1.18.22,1545
2026-09-25,1.18.23,2635
2026-09-25,1.18.24,1373
2026-09-25,1.18.25,29308
2026-09-25,1.18.26,1275
2026-09-25,1.18.27,1295
2026-09-25,1.18.28,1287
2026-09-25,1.18.29,2489
2026-09-25,1.18.3,10314
2026-09-25,1.18.30,1396
2026-09-25,1.18.31,1367
2026-09-25,1.18.32,1432
2026-09-25,1.18.33,1273
2026-09-25,1.18.34,1274
2026-09-25,1.18.35,1258
2026-09-25,1.18.36,1808
2026-09-25,1.18.37,1318
2026-09-25,1.18.38,1302
2026-09-25,1.18.39,1267
2026-09-25,1.18.4,3488
2026-09-25,1.18.40,1291
2026-09-25,1.18.41,1260
2026-09-25,1.18.42,1359
2026-09-25,1.18.43,1271
2026-09-25,1.18.44,1364
2026-09-25,1.18.45,1302
2026-09-25,1.18.46,4225
2026-09-25,1.18.47,1296
2026-09-25,1.18.48,1373
2026-09-25,1.18.49,1297
2026-09-25,1.18.5,1283
2026-09-25,1.18.50,1507
2026-09-25,1.18.51,1429
2026-09-25,1.18.52,1242
2026-09-25,1.18.53,1261
2026-09-25,1.18.54,2521
2026-09-25,1.18.55,1296
2026-09-25,1.18.56,13895
2026-09-25,1.18.57,1327
2026-09-25,1.18.58,1279
2026-09-25,1.18.59,1759
2026-09-25,1.18.6,1396
2026-09-25,1.18.60,1265
2026-09-25,1.18.61,1794
2026-09-25,1.18.62,1296
2026-09-25,1.18.63,95680
2026-09-25,1.18.64,3283
2026-09-25,1.18.65,4783
2026-09-25,1.18.7,1271
2026-09-25,1.18.8,9203
2026-09-25,1.18.9,1261
2026-09-25,1.19.0,4143
2026-09-25,1.19.1,1254
2026-09-25,1.19.10,2334
2026-09-25,1.19.11,2201
2026-09-25,1.19.12,13622
2026-09-25,1.19.2,3233
2026-09-25,1.19.3,1484
2026-09-25,1.19.4,1291
2026-09-25,1.19.5,2162
2026-09-25,1.19.6,2385
2026-09-25,1.19.7,2183
2026-09-25,1.19.8,2661
2026-09-25,1.19.9,2206
2026-09-25,1.2.0,73
2026-09-25,1.2.1,79
2026-09-25,1.2.2,77
2026-09-25,1.2.3,79
2026-09-25,1.2.4,65
2026-09-25,1.2.5,65
2026-09-25,1.2.6,77
2026-09-25,1.20.0,2740
2026-09-25,1.20.1,2169
2026-09-25,1.20.10,2290
2026-09-25,1.20.11,3139
2026-09-25,1.20.12,3112
2026-09-25,1.20.13,2225
2026-09-25,1.20.14,2443
2026-09-25,1.20.15,2325
2026-09-25,1.20.16,2196
2026-09-25,1.20.17,18105
2026-09-25,1.20.18,2219
2026-09-25,1.20.19,2305
2026-09-25,1.20.2,2199
2026-09-25,1.20.20,2580
2026-09-25,1.20.21,2251
2026-09-25,1.20.22,2181
2026-09-25,1.20.23,2424
2026-09-25,1.20.24,5610
2026-09-25,1.20.25,2233
2026-09-25,1.20.26,7918
2026-09-25,1.20.27,2453
2026-09-25,1.20.28,2254
2026-09-25,1.20.29,4256
2026-09-25,1.20.3,2206
2026-09-25,1.20.30,2277
2026-09-25,1.20.31,2342
2026-09-25,1.20.32,2592
2026-09-25,1.20.33,2236
2026-09-25,1.20.34,2320
2026-09-25,1.20.35,2516
2026-09-25,1.20.36,2222
2026-09-25,1.20.37,2257
2026-09-25,1.20.38,2285
2026-09-25,1.20.39,2661
2026-09-25,1.20.4,2268
2026-09-25,1.20.40,2292
2026-09-25,1.20.41,2294
2026-09-25,1.20.42,2773
2026-09-25,1.20.43,2246
2026-09-25,1.20.44,2866
2026-09-25,1.20.45,2748
2026-09-25,1.20.46,26414
2026-09-25,1.20.47,2288
2026-09-25,1.20.48,2274
2026-09-25,1.20.49,2434
2026-09-25,1.20.5,2227
2026-09-25,1.20.50,2254
2026-09-25,1.20.51,2313
2026-09-25,1.20.52,2323
2026-09-25,1.20.53,2303
2026-09-25,1.20.54,4131
2026-09-25,1.20.6,2183
2026-09-25,1.20.7,2518
2026-09-25,1.20.8,2352
2026-09-25,1.20.9,2154
2026-09-25,1.21.0,3437
2026-09-25,1.21.1,2318
2026-09-25,1.21.10,2500
2026-09-25,1.21.11,2250
2026-09-25,1.21.12,2234
2026-09-25,1.21.13,2401
2026-09-25,1.21.14,7940
2026-09-25,1.21.15,2646
2026-09-25,1.21.16,2409
2026-09-25,1.21.17,2276
2026-09-25,1.21.18,4196
2026-09-25,1.21.19,2310
2026-09-25,1.21.2,2450
2026-09-25,1.21.20,2398
2026-09-25,1.21.21,8071
2026-09-25,1.21.22,2782
2026-09-25,1.21.23,2479
2026-09-25,1.21.24,2502
2026-09-25,1.21.25,2590
2026-09-25,1.21.26,2486
2026-09-25,1.21.27,2562
2026-09-25,1.21.28,2515
2026-09-25,1.21.29,2654
2026-09-25,1.21.3,2453
2026-09-25,1.21.30,3336
2026-09-25,1.21.31,2633
2026-09-25,1.21.32,14997
2026-09-25,1.21.33,2514
2026-09-25,1.21.34,2516
2026-09-25,1.21.35,3000
2026-09-25,1.21.36,2737
2026-09-25,1.21.37,2568
2026-09-25,1.21.38,2722
2026-09-25,1.21.39,2521
2026-09-25,1.21.4,2331
2026-09-25,1.21.40,2479
2026-09-25,1.21.41,2553
2026-09-25,1.21.42,3104
2026-09-25,1.21.43,2592
2026-09-25,1.21.44,2514
2026-09-25,1.21.45,2509
2026-09-25,1.21.46,4011
2026-09-25,1.21.5,2214
2026-09-25,1.21.6,2522
2026-09-25,1.21.7,2289
2026-09-25,1.21.8,2290
2026-09-25,1.21.9,2227
2026-09-25,1.22.0,4585
2026-09-25,1.22.1,2580
2026-09-25,1.22.10,3042
2026-09-25,1.22.11,3475
2026-09-25,1.22.12,2996
2026-09-25,1.22.13,3518
2026-09-25,1.22.2,2740
2026-09-25,1.22.3,5164
2026-09-25,1.22.4,2556
2026-09-25,1.22.5,7107
2026-09-25,1.22.6,2953
2026-09-25,1.22.7,3095
2026-09-25,1.22.8,3117
2026-09-25,1.22.9,3711
2026-09-25,1.23.0,2989
2026-09-25,1.23.1,3011
2026-09-25,1.23.10,81856
2026-09-25,1.23.2,3557
2026-09-25,1.23.3,2927
2026-09-25,1.23.4,2986
2026-09-25,1.23.5,3189
2026-09-25,1.23.6,3232
2026-09-25,1.23.7,3033
2026-09-25,1.23.8,3159
2026-09-25,1.23.9,3586
2026-09-25,1.24.0,24000
2026-09-25,1.24.1,17000
2026-09-25,1.24.10,18791
2026-09-25,1.24.11,17498
2026-09-25,1.24.12,17607
2026-09-25,1.24.13,17562
2026-09-25,1.24.14,17674
2026-09-25,1.24.15,18078
2026-09-25,1.24.16,17465
2026-09-25,1.24.17,17542
2026-09-25,1.24.18,17524
2026-09-25,1.24.19,17601
2026-09-25,1.24.2,17708
2026-09-25,1.24.20,17721
2026-09-25,1.24.21,17671
2026-09-25,1.24.22,18369
2026-09-25,1.24.23,17625
2026-09-25,1.24.24,17457
2026-09-25,1.24.25,17711
2026-09-25,1.24.26,17464
2026-09-25,1.24.27,17473
2026-09-25,1.24.28,42655
2026-09-25,1.24.29,38521
2026-09-25,1.24.3,17448
2026-09-25,1.24.30,17818
2026-09-25,1.24.31,17466
2026-09-25,1.24.32,34884
2026-09-25,1.24.33,17479
2026-09-25,1.24.34,17803
2026-09-25,1.24.35,17633
2026-09-25,1.24.36,17636
2026-09-25,1.24.37,17957
2026-09-25,1.24.38,18141
2026-09-25,1.24.39,18144
2026-09-25,1.24.4,17030
2026-09-25,1.24.40,17937
2026-09-25,1.24.41,17431
2026-09-25,1.24.42,17467
2026-09-25,1.24.43,17804
2026-09-25,1.24.44,19442
2026-09-25,1.24.45,17477
2026-09-25,1.24.46,17695
2026-09-25,1.24.47,17495
2026-09-25,1.24.48,17508
2026-09-25,1.24.49,17497
2026-09-25,1.24.5,21975
2026-09-25,1.24.50,17655
2026-09-25,1.24.51,17835
2026-09-25,1.24.52,17637
2026-09-25,1.24.53,17480
2026-09-25,1.24.54,17494
2026-09-25,1.24.55,17537
2026-09-25,1.24.56,17542
2026-09-25,1.24.57,19734
2026-09-25,1.24.58,17445
2026-09-25,1.24.59,36881
2026-09-25,1.24.6,17522
2026-09-25,1.24.60,22607
2026-09-25,1.24.61,18908
2026-09-25,1.24.62,19175
2026-09-25,1.24.63,19093
2026-09-25,1.24.64,20254
2026-09-25,1.24.65,19149
2026-09-25,1.24.66,19009
2026-09-25,1.24.67,18889
2026-09-25,1.24.68,19088
2026-09-25,1.24.69,18918
2026-09-25,1.24.7,17792
2026-09-25,1.24.70,31098
2026-09-25,1.24.71,19064
2026-09-25,1.24.72,18956
2026-09-25,1.24.73,18889
2026-09-25,1.24.74,19078
2026-09-25,1.24.75,19068
2026-09-25,1.24.76,22691
2026-09-25,1.24.77,18930
2026-09-25,1.24.78,18982
2026-09-25,1.24.79,19102
2026-09-25,1.24.8,18048
2026-09-25,1.24.80,19238
2026-09-25,1.24.81,20337
2026-09-25,1.24.82,19186
2026-09-25,1.24.83,18932
2026-09-25,1.24.84,18967
2026-09-25,1.24.85,18889
2026-09-25,1.24.86,19133
2026-09-25,1.24.87,18951
2026-09-25,1.24.88,19124
2026-09-25,1.24.89,19669
2026-09-25,1.24.9,17489
2026-09-25,1.24.90,21114
2026-09-25,1.24.91,18990
2026-09-25,1.24.92,18981
2026-09-25,1.24.93,18990
2026-09-25,1.24.94,19353
2026-09-25,1.24.95,18896
2026-09-25,1.24.96,22381
2026-09-25,1.25.0,19025
2026-09-25,1.25.1,18860
2026-09-25,1.25.2,18921
2026-09-25,1.25.3,18854
2026-09-25,1.25.4,19056
2026-09-25,1.25.5,21201
2026-09-25,1.26.0,24376
2026-09-25,1.26.1,19859
2026-09-25,1.26.10,19006
2026-09-25,1.26.100,78239
2026-09-25,1.26.101,40158
2026-09-25,1.26.102,25333
2026-09-25,1.26.103,18413
2026-09-25,1.26.104,18607
2026-09-25,1.26.105,18390
2026-09-25,1.26.106,18559
2026-09-25,1.26.107,18590
2026-09-25,1.26.108,37167
2026-09-25,1.26.109,19086
2026-09-25,1.26.11,19175
2026-09-25,1.26.110,18517
2026-09-25,1.26.111,18495
2026-09-25,1.26.112,18466
2026-09-25,1.26.113,31526
2026-09-25,1.26.114,18673
2026-09-25,1.26.115,19280
2026-09-25,1.26.116,29371
2026-09-25,1.26.117,19553
2026-09-25,1.26.118,19636
2026-09-25,1.26.119,18503
2026-09-25,1.26.12,18880
2026-09-25,1.26.120,20011
2026-09-25,1.26.121,18571
2026-09-25,1.26.122,18870
2026-09-25,1.26.123,18507
2026-09-25,1.26.124,46214
2026-09-25,1.26.125,18638
2026-09-25,1.26.126,19656
2026-09-25,1.26.127,18519
2026-09-25,1.26.128,18498
2026-09-25,1.26.129,19966
2026-09-25,1.26.13,19350
2026-09-25,1.26.130,18710
2026-09-25,1.26.131,18476
2026-09-25,1.26.132,18932
2026-09-25,1.26.133,21516
2026-09-25,1.26.134,18459
2026-09-25,1.26.135,19186
2026-09-25,1.26.136,18778
2026-09-25,1.26.137,39123
2026-09-25,1.26.138,40098
2026-09-25,1.26.139,18555
2026-09-25,1.26.14,19072
2026-09-25,1.26.140,18687
2026-09-25,1.26.141,20693
2026-09-25,1.26.142,19041
2026-09-25,1.26.143,18735
2026-09-25,1.26.144,18785
2026-09-25,1.26.145,18525
2026-09-25,1.26.146,18737
2026-09-25,1.26.147,18605
2026-09-25,1.26.148,18472
2026-09-25,1.26.149,18547
2026-09-25,1.26.15,19183
2026-09-25,1.26.150,19083
2026-09-25,1.26.151,19939
2026-09-25,1.26.152,18645
2026-09-25,1.26.153,20057
2026-09-25,1.26.154,18567
2026-09-25,1.26.155,18966
2026-09-25,1.26.156,18631
2026-09-25,1.26.157,18633
2026-09-25,1.26.158,18880
2026-09-25,1.26.159,18569
2026-09-25,1.26.16,19210
2026-09-25,1.26.160,21410
2026-09-25,1.26.161,26669
2026-09-25,1.26.162,18618
2026-09-25,1.26.163,18633
2026-09-25,1.26.164,18552
2026-09-25,1.26.165,33956
2026-09-25,1.26.17,18969
2026-09-25,1.26.18,49326
2026-09-25,1.26.19,35697
2026-09-25,1.26.2,19368
2026-09-25,1.26.20,56011
2026-09-25,1.26.21,19251
2026-09-25,1.26.22,18955
2026-09-25,1.26.23,19055
2026-09-25,1.26.24,19124
2026-09-25,1.26.25,22059
2026-09-25,1.26.26,20593
2026-09-25,1.26.27,36220
2026-09-25,1.26.28,20882
2026-09-25,1.26.29,18963
2026-09-25,1.26.3,18889
2026-09-25,1.26.30,19537
2026-09-25,1.26.31,18916
2026-09-25,1.26.32,19203
2026-09-25,1.26.33,18986
2026-09-25,1.26.34,18890
2026-09-25,1.26.35,19015
2026-09-25,1.26.36,18953
2026-09-25,1.26.37,19500
2026-09-25,1.26.38,18859
2026-09-25,1.26.39,18861
2026-09-25,1.26.4,19241
2026-09-25,1.26.40,18857
2026-09-25,1.26.41,20045
2026-09-25,1.26.42,19538
2026-09-25,1.26.43,19412
2026-09-25,1.26.44,19252
2026-09-25,1.26.45,18936
2026-09-25,1.26.46,19080
2026-09-25,1.26.47,19220
2026-09-25,1.26.48,18993
2026-09-25,1.26.49,18901
2026-09-25,1.26.5,19176
2026-09-25,1.26.50,21217
2026-09-25,1.26.51,19638
2026-09-25,1.26.52,18937
2026-09-25,1.26.53,19161
2026-09-25,1.26.54,19062
2026-09-25,1.26.55,18952
2026-09-25,1.26.56,19506
2026-09-25,1.26.57,18911
2026-09-25,1.26.58,19297
2026-09-25,1.26.59,20055
2026-09-25,1.26.6,19085
2026-09-25,1.26.60,18977
2026-09-25,1.26.61,20930
2026-09-25,1.26.62,19051
2026-09-25,1.26.63,19163
2026-09-25,1.26.64,21500
2026-09-25,1.26.65,19180
2026-09-25,1.26.66,19122
2026-09-25,1.26.67,18952
2026-09-25,1.26.68,19278
2026-09-25,1.26.69,19060
2026-09-25,1.26.7,18980
2026-09-25,1.26.70,19087
2026-09-25,1.26.71,19058
2026-09-25,1.26.72,19152
2026-09-25,1.26.73,19790
2026-09-25,1.26.74,20224
2026-09-25,1.26.75,19193
2026-09-25,1.26.76,33136
2026-09-25,1.26.77,19035
2026-09-25,1.26.78,21392
2026-09-25,1.26.79,20417
2026-09-25,1.26.8,18892
2026-09-25,1.26.80,19282
2026-09-25,1.26.81,19061
2026-09-25,1.26.82,19524
2026-09-25,1.26.83,19028
2026-09-25,1.26.84,20101
2026-09-25,1.26.85,19069
2026-09-25,1.26.86,19069
2026-09-25,1.26.87,19493
2026-09-25,1.26.88,19236
2026-09-25,1.26.89,19222
2026-09-25,1.26.9,20677
2026-09-25,1.26.90,57672
2026-09-25,1.26.91,19035
2026-09-25,1.26.92,21361
2026-09-25,1.26.93,20053
2026-09-25,1.26.94,23540
2026-09-25,1.26.95,19143
2026-09-25,1.26.96,19236
2026-09-25,1.26.97,19413
2026-09-25,1.26.98,19164
2026-09-25,1.26.99,23035
2026-09-25,1.27.0,19237
2026-09-25,1.27.1,19892
2026-09-25,1.28.0,32091
2026-09-25,1.28.1,19107
2026-09-25,1.28.10,19428
2026-09-25,1.28.11,18892
2026-09-25,1.28.12,19198
2026-09-25,1.28.13,18505
2026-09-25,1.28.14,19005
2026-09-25,1.28.15,19353
2026-09-25,1.28.16,18954
2026-09-25,1.28.17,46871
2026-09-25,1.28.18,19660
2026-09-25,1.28.19,21655
2026-09-25,1.28.2,20221
2026-09-25,1.28.20,20297
2026-09-25,1.28.21,19412
2026-09-25,1.28.22,19858
2026-09-25,1.28.23,19597
2026-09-25,1.28.24,19517
2026-09-25,1.28.25,20955
2026-09-25,1.28.26,19560
2026-09-25,1.28.27,19862
2026-09-25,1.28.28,19604
2026-09-25,1.28.29,20693
2026-09-25,1.28.3,26376
2026-09-25,1.28.30,21010
2026-09-25,1.28.31,19884
2026-09-25,1.28.32,20181
2026-09-25,1.28.33,20074
2026-09-25,1.28.34,19897
2026-09-25,1.28.35,19462
2026-09-25,1.28.36,20182
2026-09-25,1.28.37,19577
2026-09-25,1.28.38,19903
2026-09-25,1.28.39,19544
2026-09-25,1.28.4,22605
2026-09-25,1.28.40,34516
2026-09-25,1.28.41,19843
2026-09-25,1.28.42,19441
2026-09-25,1.28.43,22183
2026-09-25,1.28.44,19792
2026-09-25,1.28.45,19593
2026-09-25,1.28.46,19538
2026-09-25,1.28.47,20063
2026-09-25,1.28.48,25798
2026-09-25,1.28.49,19685
2026-09-25,1.28.5,19292
2026-09-25,1.28.50,21314
2026-09-25,1.28.51,20520
2026-09-25,1.28.52,21018
2026-09-25,1.28.53,21135
2026-09-25,1.28.54,21526
2026-09-25,1.28.55,20665
2026-09-25,1.28.56,19689
2026-09-25,1.28.57,35788
2026-09-25,1.28.58,20752
2026-09-25,1.28.59,19819
2026-09-25,1.28.6,19057
2026-09-25,1.28.60,20249
2026-09-25,1.28.61,21431
2026-09-25,1.28.62,32276
2026-09-25,1.28.63,30082
2026-09-25,1.28.64,24357
2026-09-25,1.28.65,21410
2026-09-25,1.28.66,22408
2026-09-25,1.28.67,21254
2026-09-25,1.28.68,21710
2026-09-25,1.28.69,21469
2026-09-25,1.28.7,19230
2026-09-25,1.28.70,22024
2026-09-25,1.28.71,21325
2026-09-25,1.28.72,22740
2026-09-25,1.28.73,22176
2026-09-25,1.28.74,29196
2026-09-25,1.28.75,25235
2026-09-25,1.28.76,21386
2026-09-25,1.28.77,21308
2026-09-25,1.28.78,21895
2026-09-25,1.28.79,26019
2026-09-25,1.28.8,18648
2026-09-25,1.28.80,22338
2026-09-25,1.28.81,21444
2026-09-25,1.28.82,22175
2026-09-25,1.28.83,27513
2026-09-25,1.28.84,22452
2026-09-25,1.28.85,28961
2026-09-25,1.28.9,40291
2026-09-25,1.29.0,23270
2026-09-25,1.29.1,22447
2026-09-25,1.29.2,26953
2026-09-25,1.29.3,22317
2026-09-25,1.29.4,22848
2026-09-25,1.29.5,23790
2026-09-25,1.29.6,22632
2026-09-25,1.29.7,25369
2026-09-25,1.3.0,310
2026-09-25,1.3.1,226
2026-09-25,1.33.0,23726
2026-09-25,1.33.1,29508
2026-09-25,1.33.10,22259
2026-09-25,1.33.11,22992
2026-09-25,1.33.12,25455
2026-09-25,1.33.13,1041959
2026-09-25,1.33.2,32313
2026-09-25,1.33.3,23848
2026-09-25,1.33.4,23644
2026-09-25,1.33.5,23428
2026-09-25,1.33.6,23156
2026-09-25,1.33.7,23512
2026-09-25,1.33.8,22372
2026-09-25,1.33.9,23554
2026-09-25,1.34.0,82129
2026-09-25,1.34.1,20037
2026-09-25,1.34.10,20873
2026-09-25,1.34.100,79130
2026-09-25,1.34.101,76817
2026-09-25,1.34.102,81020
2026-09-25,1.34.103,76819
2026-09-25,1.34.104,86964
2026-09-25,1.34.105,76851
2026-09-25,1.34.106,89767
2026-09-25,1.34.107,78346
2026-09-25,1.34.108,78959
2026-09-25,1.34.109,78796
2026-09-25,1.34.11,22425
2026-09-25,1.34.110,88947
2026-09-25,1.34.111,78539
2026-09-25,1.34.112,79393
2026-09-25,1.34.113,79951
2026-09-25,1.34.114,78591
2026-09-25,1.34.115,83406
2026-09-25,1.34.116,79244
2026-09-25,1.34.117,79804
2026-09-25,1.34.118,79663
2026-09-25,1.34.119,122579
2026-09-25,1.34.12,22621
2026-09-25,1.34.120,79534
2026-09-25,1.34.121,78567
2026-09-25,1.34.122,78760
2026-09-25,1.34.123,80740
2026-09-25,1.34.124,80094
2026-09-25,1.34.125,78841
2026-09-25,1.34.126,78448
2026-09-25,1.34.127,84710
2026-09-25,1.34.128,81086
2026-09-25,1.34.129,89161
2026-09-25,1.34.13,20348
2026-09-25,1.34.130,79350
2026-09-25,1.34.131,265615
2026-09-25,1.34.132,79073
2026-09-25,1.34.133,83378
2026-09-25,1.34.134,79044
2026-09-25,1.34.135,81280
2026-09-25,1.34.136,79781
2026-09-25,1.34.137,85450
2026-09-25,1.34.138,82873
2026-09-25,1.34.139,79107
2026-09-25,1.34.14,22431
2026-09-25,1.34.140,82182
2026-09-25,1.34.141,82921
2026-09-25,1.34.142,84392
2026-09-25,1.34.143,82840
2026-09-25,1.34.144,101572
2026-09-25,1.34.145,125394
2026-09-25,1.34.146,85521
2026-09-25,1.34.147,82222
2026-09-25,1.34.148,80286
2026-09-25,1.34.149,81688
2026-09-25,1.34.15,26008
2026-09-25,1.34.150,81320
2026-09-25,1.34.151,82354
2026-09-25,1.34.152,79298
2026-09-25,1.34.153,81282
2026-09-25,1.34.154,82793
2026-09-25,1.34.155,80485
2026-09-25,1.34.156,80409
2026-09-25,1.34.157,78610
2026-09-25,1.34.158,79998
2026-09-25,1.34.159,79035
2026-09-25,1.34.16,19834
2026-09-25,1.34.160,78889
2026-09-25,1.34.161,78843
2026-09-25,1.34.162,172044
2026-09-25,1.34.17,20075
2026-09-25,1.34.18,19930
2026-09-25,1.34.19,21957
2026-09-25,1.34.2,21195
2026-09-25,1.34.20,20158
2026-09-25,1.34.21,20884
2026-09-25,1.34.22,21128
2026-09-25,1.34.23,22579
2026-09-25,1.34.24,19945
2026-09-25,1.34.25,24253
2026-09-25,1.34.26,21965
2026-09-25,1.34.27,20643
2026-09-25,1.34.28,20158
2026-09-25,1.34.29,22432
2026-09-25,1.34.3,19612
2026-09-25,1.34.30,20089
2026-09-25,1.34.31,20207
2026-09-25,1.34.32,20016
2026-09-25,1.34.33,20410
2026-09-25,1.34.34,30430
2026-09-25,1.34.35,20779
2026-09-25,1.34.36,20789
2026-09-25,1.34.37,20585
2026-09-25,1.34.38,20536
2026-09-25,1.34.39,27918
2026-09-25,1.34.4,19903
2026-09-25,1.34.40,22648
2026-09-25,1.34.41,21282
2026-09-25,1.34.42,21521
2026-09-25,1.34.43,20447
2026-09-25,1.34.44,22331
2026-09-25,1.34.45,26461
2026-09-25,1.34.46,25153
2026-09-25,1.34.47,20100
2026-09-25,1.34.48,143844
2026-09-25,1.34.49,20432
2026-09-25,1.34.5,20580
2026-09-25,1.34.50,21616
2026-09-25,1.34.51,26389
2026-09-25,1.34.52,20542
2026-09-25,1.34.53,21030
2026-09-25,1.34.54,20546
2026-09-25,1.34.55,20668
2026-09-25,1.34.56,100404
2026-09-25,1.34.57,20142
2026-09-25,1.34.58,20811
2026-09-25,1.34.59,23039
2026-09-25,1.34.6,20734
2026-09-25,1.34.60,21133
2026-09-25,1.34.61,20923
2026-09-25,1.34.62,21340
2026-09-25,1.34.63,29017
2026-09-25,1.34.64,21029
2026-09-25,1.34.65,21017
2026-09-25,1.34.66,20571
2026-09-25,1.34.67,20279
2026-09-25,1.34.68,22122
2026-09-25,1.34.69,115288
2026-09-25,1.34.7,20833
2026-09-25,1.34.70,78498
2026-09-25,1.34.71,76513
2026-09-25,1.34.72,76657
2026-09-25,1.34.73,77320
2026-09-25,1.34.74,77592
2026-09-25,1.34.75,79451
2026-09-25,1.34.76,76761
2026-09-25,1.34.77,77706
2026-09-25,1.34.78,77039
2026-09-25,1.34.79,192910
2026-09-25,1.34.8,19927
2026-09-25,1.34.80,77174
2026-09-25,1.34.81,78056
2026-09-25,1.34.82,76953
2026-09-25,1.34.83,77413
2026-09-25,1.34.84,78334
2026-09-25,1.34.85,96159
2026-09-25,1.34.86,76420
2026-09-25,1.34.87,96908
2026-09-25,1.34.88,77322
2026-09-25,1.34.89,77207
2026-09-25,1.34.9,19865
2026-09-25,1.34.90,77927
2026-09-25,1.34.91,76643
2026-09-25,1.34.92,76982
2026-09-25,1.34.93,77669
2026-09-25,1.34.94,83713
2026-09-25,1.34.95,76464
2026-09-25,1.34.96,77311
2026-09-25,1.34.97,76491
2026-09-25,1.34.98,76830
2026-09-25,1.34.99,76715
2026-09-25,1.35.0,126356
2026-09-25,1.35.1,85232
2026-09-25,1.35.10,81936
2026-09-25,1.35.11,79280
2026-09-25,1.35.12,139635
2026-09-25,1.35.13,79971
2026-09-25,1.35.14,79912
2026-09-25,1.35.15,81305
2026-09-25,1.35.16,111037
2026-09-25,1.35.17,80733
2026-09-25,1.35.18,79690
2026-09-25,1.35.19,81965
2026-09-25,1.35.2,80196
2026-09-25,1.35.20,80598
2026-09-25,1.35.21,78915
2026-09-25,1.35.22,78745
2026-09-25,1.35.23,80944
2026-09-25,1.35.24,82308
2026-09-25,1.35.25,81538
2026-09-25,1.35.26,79411
2026-09-25,1.35.27,80639
2026-09-25,1.35.28,79590
2026-09-25,1.35.29,80944
2026-09-25,1.35.3,79016
2026-09-25,1.35.30,79683
2026-09-25,1.35.31,79894
2026-09-25,1.35.32,79041
2026-09-25,1.35.33,128019
2026-09-25,1.35.34,79705
2026-09-25,1.35.35,88157
2026-09-25,1.35.36,145756
2026-09-25,1.35.37,79772
2026-09-25,1.35.38,109878
2026-09-25,1.35.39,80345
2026-09-25,1.35.4,79423
2026-09-25,1.35.40,79370
2026-09-25,1.35.41,79524
2026-09-25,1.35.42,99864
2026-09-25,1.35.43,78949
2026-09-25,1.35.44,79787
2026-09-25,1.35.45,79161
2026-09-25,1.35.46,80133
2026-09-25,1.35.47,79131
2026-09-25,1.35.48,78741
2026-09-25,1.35.49,197373
2026-09-25,1.35.5,79869
2026-09-25,1.35.50,79468
2026-09-25,1.35.51,83401
2026-09-25,1.35.52,85177
2026-09-25,1.35.53,80149
2026-09-25,1.35.54,88413
2026-09-25,1.35.55,80307
2026-09-25,1.35.56,78686
2026-09-25,1.35.57,82100
2026-09-25,1.35.58,79889
2026-09-25,1.35.59,79003
2026-09-25,1.35.6,79697
2026-09-25,1.35.60,79355
2026-09-25,1.35.61,78515
2026-09-25,1.35.62,83764
2026-09-25,1.35.63,80579
2026-09-25,1.35.64,79725
2026-09-25,1.35.65,79687
2026-09-25,1.35.66,79259
2026-09-25,1.35.67,78895
2026-09-25,1.35.68,80507
2026-09-25,1.35.69,85483
2026-09-25,1.35.7,102389
2026-09-25,1.35.70,82693
2026-09-25,1.35.71,91820
2026-09-25,1.35.72,79583
2026-09-25,1.35.73,79043
2026-09-25,1.35.74,88102
2026-09-25,1.35.75,80463
2026-09-25,1.35.76,95845
2026-09-25,1.35.77,79806
2026-09-25,1.35.78,81391
2026-09-25,1.35.79,79737
2026-09-25,1.35.8,79625
2026-09-25,1.35.80,82707
2026-09-25,1.35.81,93036
2026-09-25,1.35.82,79883
2026-09-25,1.35.83,79206
2026-09-25,1.35.84,88816
2026-09-25,1.35.85,79461
2026-09-25,1.35.86,83519
2026-09-25,1.35.87,80493
2026-09-25,1.35.88,80971
2026-09-25,1.35.89,115360
2026-09-25,1.35.9,81362
2026-09-25,1.35.90,91306
2026-09-25,1.35.91,79386
2026-09-25,1.35.92,85558
2026-09-25,1.35.93,84473
2026-09-25,1.35.94,80603
2026-09-25,1.35.95,80691
2026-09-25,1.35.96,82250
2026-09-25,1.35.97,80747
2026-09-25,1.35.98,81186
2026-09-25,1.35.99,246070
2026-09-25,1.36.0,93573
2026-09-25,1.36.1,127114
2026-09-25,1.36.10,79387
2026-09-25,1.36.11,81789
2026-09-25,1.36.12,79167
2026-09-25,1.36.13,79646
2026-09-25,1.36.14,80098
2026-09-25,1.36.15,79947
2026-09-25,1.36.16,80099
2026-09-25,1.36.17,83391
2026-09-25,1.36.18,85094
2026-09-25,1.36.19,80535
2026-09-25,1.36.2,116456
2026-09-25,1.36.20,81223
2026-09-25,1.36.21,83330
2026-09-25,1.36.22,83144
2026-09-25,1.36.23,83579
2026-09-25,1.36.24,79468
2026-09-25,1.36.25,79496
2026-09-25,1.36.26,84230
2026-09-25,1.36.3,169909
2026-09-25,1.36.4,80053
2026-09-25,1.36.5,82440
2026-09-25,1.36.6,79317
2026-09-25,1.36.7,81787
2026-09-25,1.36.8,80998
2026-09-25,1.36.9,80649
2026-09-25,1.37.0,83966
2026-09-25,1.37.1,99583
2026-09-25,1.37.10,85373
2026-09-25,1.37.11,85627
2026-09-25,1.37.12,80391
2026-09-25,1.37.13,83094
2026-09-25,1.37.14,79905
2026-09-25,1.37.15,80157
2026-09-25,1.37.16,79324
2026-09-25,1.37.17,80720
2026-09-25,1.37.18,80825
2026-09-25,1.37.19,82126
2026-09-25,1.37.2,92170
2026-09-25,1.37.20,85746
2026-09-25,1.37.21,79479
2026-09-25,1.37.22,79743
2026-09-25,1.37.23,80660
2026-09-25,1.37.24,83864
2026-09-25,1.37.25,79608
2026-09-25,1.37.26,81881
2026-09-25,1.37.27,81374
2026-09-25,1.37.28,80069
2026-09-25,1.37.29,83980
2026-09-25,1.37.3,145833
2026-09-25,1.37.30,80072
2026-09-25,1.37.31,94846
2026-09-25,1.37.32,79496
2026-09-25,1.37.33,80169
2026-09-25,1.37.34,82764
2026-09-25,1.37.35,80594
2026-09-25,1.37.36,79900
2026-09-25,1.37.37,80100
2026-09-25,1.37.38,543512
2026-09-25,1.37.4,112266
2026-09-25,1.37.5,86215
2026-09-25,1.37.6,80442
2026-09-25,1.37.7,366547
2026-09-25,1.37.8,79394
2026-09-25,1.37.9,93850
2026-09-25,1.38.0,87036
2026-09-25,1.38.1,80272
2026-09-25,1.38.10,79913
2026-09-25,1.38.11,79492
2026-09-25,1.38.12,85582
2026-09-25,1.38.13,82503
2026-09-25,1.38.14,125570
2026-09-25,1.38.15,80762
2026-09-25,1.38.16,80671
2026-09-25,1.38.17,84280
2026-09-25,1.38.18,85041
2026-09-25,1.38.19,80339
2026-09-25,1.38.2,79847
2026-09-25,1.38.20,80586
2026-09-25,1.38.21,81071
2026-09-25,1.38.22,84219
2026-09-25,1.38.23,87702
2026-09-25,1.38.24,81429
2026-09-25,1.38.25,117342
2026-09-25,1.38.26,80746
2026-09-25,1.38.27,143820
2026-09-25,1.38.28,82344
2026-09-25,1.38.29,81426
2026-09-25,1.38.3,79939
2026-09-25,1.38.30,81891
2026-09-25,1.38.31,80190
2026-09-25,1.38.32,83429
2026-09-25,1.38.33,87039
2026-09-25,1.38.34,85264
2026-09-25,1.38.35,80520
2026-09-25,1.38.36,88495
2026-09-25,1.38.37,81153
2026-09-25,1.38.38,92609
2026-09-25,1.38.39,80698
2026-09-25,1.38.4,79741
2026-09-25,1.38.40,80339
2026-09-25,1.38.41,82637
2026-09-25,1.38.42,109953
2026-09-25,1.38.43,82583
2026-09-25,1.38.44,81544
2026-09-25,1.38.45,80223
2026-09-25,1.38.46,93227
2026-09-25,1.38.5,83236
2026-09-25,1.38.6,79444
2026-09-25,1.38.7,80758
2026-09-25,1.38.8,82832
2026-09-25,1.38.9,82126
2026-09-25,1.39.0,83295
2026-09-25,1.39.1,88739
2026-09-25,1.39.10,82919
2026-09-25,1.39.11,133340
2026-09-25,1.39.12,81296
2026-09-25,1.39.13,81720
2026-09-25,1.39.14,83893
2026-09-25,1.39.15,112967
2026-09-25,1.39.16,85554
2026-09-25,1.39.17,90259
2026-09-25,1.39.2,82009
2026-09-25,1.39.3,99513
2026-09-25,1.39.4,88696
2026-09-25,1.39.5,79631
2026-09-25,1.39.6,80888
2026-09-25,1.39.7,91412
2026-09-25,1.39.8,84003
2026-09-25,1.39.9,82722
2026-09-25,1.4.0,388
2026-09-25,1.4.1,512
2026-09-25,1.4.2,144
2026-09-25,1.4.3,101
2026-09-25,1.4.4,1271
2026-09-25,1.4.5,193
2026-09-25,1.4.6,141
2026-09-25,1.4.7,616
2026-09-25,1.4.8,614
2026-09-25,1.40.0,95516
2026-09-25,1.40.1,82168
2026-09-25,1.40.10,80944
2026-09-25,1.40.11,84644
2026-09-25,1.40.12,82646
2026-09-25,1.40.13,82794
2026-09-25,1.40.14,95589
2026-09-25,1.40.15,82793
2026-09-25,1.40.16,83820
2026-09-25,1.40.17,82159
2026-09-25,1.40.18,99912
2026-09-25,1.40.19,81739
2026-09-25,1.40.2,86973
2026-09-25,1.40.20,84747
2026-09-25,1.40.21,87816
2026-09-25,1.40.22,83326
2026-09-25,1.40.23,86778
2026-09-25,1.40.24,82894
2026-09-25,1.40.25,83563
2026-09-25,1.40.26,84408
2026-09-25,1.40.27,82249
2026-09-25,1.40.28,83833
2026-09-25,1.40.29,84312
2026-09-25,1.40.3,81813
2026-09-25,1.40.30,97644
2026-09-25,1.40.31,92087
2026-09-25,1.40.32,91803
2026-09-25,1.40.33,85853
2026-09-25,1.40.34,83300
2026-09-25,1.40.35,84241
2026-09-25,1.40.36,83774
2026-09-25,1.40.37,83681
2026-09-25,1.40.38,82320
2026-09-25,1.40.39,82841
2026-09-25,1.40.4,86387
2026-09-25,1.40.40,92038
2026-09-25,1.40.41,83921
2026-09-25,1.40.42,83141
2026-09-25,1.40.43,82052
2026-09-25,1.40.44,81080
2026-09-25,1.40.45,87024
2026-09-25,1.40.46,86126
2026-09-25,1.40.47,85016
2026-09-25,1.40.48,82198
2026-09-25,1.40.49,173274
2026-09-25,1.40.5,82986
2026-09-25,1.40.50,87583
2026-09-25,1.40.51,84982
2026-09-25,1.40.52,89352
2026-09-25,1.40.53,82563
2026-09-25,1.40.54,82260
2026-09-25,1.40.55,87199
2026-09-25,1.40.56,83809
2026-09-25,1.40.57,83819
2026-09-25,1.40.58,84351
2026-09-25,1.40.59,84991
2026-09-25,1.40.6,91887
2026-09-25,1.40.60,87955
2026-09-25,1.40.61,787018
2026-09-25,1.40.62,88099
2026-09-25,1.40.63,82762
2026-09-25,1.40.64,86354
2026-09-25,1.40.65,82888
2026-09-25,1.40.66,88985
2026-09-25,1.40.67,87305
2026-09-25,1.40.68,82009
2026-09-25,1.40.69,85332
2026-09-25,1.40.7,81138
2026-09-25,1.40.70,91545
2026-09-25,1.40.71,84095
2026-09-25,1.40.72,82365
2026-09-25,1.40.73,90649
2026-09-25,1.40.74,85239
2026-09-25,1.40.75,95311
2026-09-25,1.40.76,122788
2026-09-25,1.40.8,81077
2026-09-25,1.40.9,81330
2026-09-25,1.41.0,87885
2026-09-25,1.41.1,83080
2026-09-25,1.41.2,92062
2026-09-25,1.41.3,90354
2026-09-25,1.41.4,82309
2026-09-25,1.41.5,292124
2026-09-25,1.42.0,146599
2026-09-25,1.42.1,147041
2026-09-25,1.42.10,143458
2026-09-25,1.42.11,142659
2026-09-25,1.42.12,149781
2026-09-25,1.42.13,142459
2026-09-25,1.42.14,148183
2026-09-25,1.42.15,142040
2026-09-25,1.42.16,146178
2026-09-25,1.42.17,288109
2026-09-25,1.42.18,237546
2026-09-25,1.42.19,148685
2026-09-25,1.42.2,145910
2026-09-25,1.42.20,139613
2026-09-25,1.42.21,151852
2026-09-25,1.42.22,181424
2026-09-25,1.42.23,167183
2026-09-25,1.42.24,169231
2026-09-25,1.42.25,165651
2026-09-25,1.42.26,163718
2026-09-25,1.42.27,163297
2026-09-25,1.42.28,163925
2026-09-25,1.42.29,164427
2026-09-25,1.42.3,148895
2026-09-25,1.42.30,185818
2026-09-25,1.42.31,181811
2026-09-25,1.42.32,161478
2026-09-25,1.42.33,161947
2026-09-25,1.42.34,169753
2026-09-25,1.42.35,193498
2026-09-25,1.42.36,164916
2026-09-25,1.42.37,167088
2026-09-25,1.42.38,167356
2026-09-25,1.42.39,177589
2026-09-25,1.42.4,146897
2026-09-25,1.42.40,167612
2026-09-25,1.42.41,165862
2026-09-25,1.42.42,171274
2026-09-25,1.42.43,188431
2026-09-25,1.42.44,172634
2026-09-25,1.42.45,164256
2026-09-25,1.42.46,162958
2026-09-25,1.42.47,184536
2026-09-25,1.42.48,167213
2026-09-25,1.42.49,168431
2026-09-25,1.42.5,152619
2026-09-25,1.42.50,178855
2026-09-25,1.42.51,164868
2026-09-25,1.42.52,163968
2026-09-25,1.42.53,162877
2026-09-25,1.42.54,204647
2026-09-25,1.42.55,176000
2026-09-25,1.42.56,193548
2026-09-25,1.42.57,167423
2026-09-25,1.42.58,182662
2026-09-25,1.42.59,173526
2026-09-25,1.42.6,141672
2026-09-25,1.42.60,197237
2026-09-25,1.42.61,181476
2026-09-25,1.42.62,183690
2026-09-25,1.42.63,215519
2026-09-25,1.42.64,168594
2026-09-25,1.42.65,175406
2026-09-25,1.42.66,172056
2026-09-25,1.42.67,166911
2026-09-25,1.42.68,233122
2026-09-25,1.42.69,167988
2026-09-25,1.42.7,149122
2026-09-25,1.42.70,179422
2026-09-25,1.42.71,187228
2026-09-25,1.42.72,168281
2026-09-25,1.42.73,171029
2026-09-25,1.42.74,170892
2026-09-25,1.42.75,179188
2026-09-25,1.42.76,168671
2026-09-25,1.42.77,170843
2026-09-25,1.42.78,172927
2026-09-25,1.42.79,171434
2026-09-25,1.42.8,141196
2026-09-25,1.42.80,165976
2026-09-25,1.42.81,172189
2026-09-25,1.42.82,171533
2026-09-25,1.42.83,178901
2026-09-25,1.42.84,202650
2026-09-25,1.42.85,181335
2026-09-25,1.42.86,166728
2026-09-25,1.42.87,108647
2026-09-25,1.42.88,176745
2026-09-25,1.42.89,326424
2026-09-25,1.42.9,142408
2026-09-25,1.42.90,179519
2026-09-25,1.42.91,184873
2026-09-25,1.42.92,172785
2026-09-25,1.42.93,173163
2026-09-25,1.42.94,172933
2026-09-25,1.42.95,171253
2026-09-25,1.42.96,186342
2026-09-25,1.42.97,2653506
2026-09-25,1.43.0,173801
2026-09-25,1.43.1,54739
2026-09-25,1.43.10,39321
2026-09-25,1.43.100,97248
2026-09-25,1.43.101,104141
2026-09-25,1.43.102,5213625
2026-09-25,1.43.103,1141926
2026-09-25,1.43.11,38555
2026-09-25,1.43.12,43370
2026-09-25,1.43.13,49941
2026-09-25,1.43.14,86002
2026-09-25,1.43.15,41781
2026-09-25,1.43.16,51019
2026-09-25,1.43.17,42489
2026-09-25,1.43.18,56028
2026-09-25,1.43.19,38489
2026-09-25,1.43.2,50917
2026-09-25,1.43.20,31871
2026-09-25,1.43.21,40510
2026-09-25,1.43.22,51883
2026-09-25,1.43.23,37663
2026-09-25,1.43.24,62575
2026-09-25,1.43.25,46097
2026-09-25,1.43.26,43322
2026-09-25,1.43.27,45131
2026-09-25,1.43.28,42377
2026-09-25,1.43.29,48683
2026-09-25,1.43.3,43698
2026-09-25,1.43.30,40189
2026-09-25,1.43.31,46466
2026-09-25,1.43.32,41459
2026-09-25,1.43.33,46583
2026-09-25,1.43.34,104331
2026-09-25,1.43.35,33661
2026-09-25,1.43.36,124889
2026-09-25,1.43.37,51984
2026-09-25,1.43.38,67354
2026-09-25,1.43.39,57225
2026-09-25,1.43.4,40537
2026-09-25,1.43.40,74371
2026-09-25,1.43.41,68626
2026-09-25,1.43.42,41558
2026-09-25,1.43.43,33390
2026-09-25,1.43.44,38512
2026-09-25,1.43.45,103486
2026-09-25,1.43.46,144240
2026-09-25,1.43.47,44013
2026-09-25,1.43.48,44621
2026-09-25,1.43.49,51587
2026-09-25,1.43.5,45896
2026-09-25,1.43.50,44910
2026-09-25,1.43.51,51804
2026-09-25,1.43.52,52698
2026-09-25,1.43.53,47404
2026-09-25,1.43.54,45525
2026-09-25,1.43.55,56736
2026-09-25,1.43.56,157669
2026-09-25,1.43.57,50929
2026-09-25,1.43.58,53202
2026-09-25,1.43.59,47348
2026-09-25,1.43.6,93208
2026-09-25,1.43.60,31821
2026-09-25,1.43.61,36313
2026-09-25,1.43.62,70910
2026-09-25,1.43.63,100530
2026-09-25,1.43.64,59025
2026-09-25,1.43.65,43849
2026-09-25,1.43.66,46119
2026-09-25,1.43.67,88050
2026-09-25,1.43.68,43555
2026-09-25,1.43.69,43534
2026-09-25,1.43.7,48077
2026-09-25,1.43.70,55158
2026-09-25,1.43.71,57341
2026-09-25,1.43.72,85785
2026-09-25,1.43.73,48809
2026-09-25,1.43.74,59197
2026-09-25,1.43.75,277973
2026-09-25,1.43.76,40555
2026-09-25,1.43.77,73945
2026-09-25,1.43.78,85136
2026-09-25,1.43.79,53551
2026-09-25,1.43.8,48515
2026-09-25,1.43.80,52923
2026-09-25,1.43.81,57073
2026-09-25,1.43.82,65647
2026-09-25,1.43.83,125776
2026-09-25,1.43.84,37882
2026-09-25,1.43.85,57602
2026-09-25,1.43.86,65372
2026-09-25,1.43.87,61092
2026-09-25,1.43.88,62192
2026-09-25,1.43.89,179142
2026-09-25,1.43.9,58272
2026-09-25,1.43.90,73719
2026-09-25,1.43.91,70401
2026-09-25,1.43.92,77464
2026-09-25,1.43.93,165956
2026-09-25,1.43.94,72954
2026-09-25,1.43.95,76106
2026-09-25,1.43.96,93128
2026-09-25,1.43.97,231913
2026-09-25,1.43.98,188937
2026-09-25,1.43.99,120409
2026-09-25,1.5.0,551
2026-09-25,1.5.1,76
2026-09-25,1.5.10,108
2026-09-25,1.5.11,73
2026-09-25,1.5.12,77
2026-09-25,1.5.13,78
2026-09-25,1.5.14,75
2026-09-25,1.5.15,72
2026-09-25,1.5.16,72
2026-09-25,1.5.17,72
2026-09-25,1.5.18,80
2026-09-25,1.5.19,81
2026-09-25,1.5.2,74
2026-09-25,1.5.20,78
2026-09-25,1.5.21,77
2026-09-25,1.5.22,98
2026-09-25,1.5.23,74
2026-09-25,1.5.24,171
2026-09-25,1.5.25,87
2026-09-25,1.5.26,80
2026-09-25,1.5.27,75
2026-09-25,1.5.28,75
2026-09-25,1.5.29,76
2026-09-25,1.5.3,79
2026-09-25,1.5.30,76
2026-09-25,1.5.31,75
2026-09-25,1.5.32,133
2026-09-25,1.5.33,88
2026-09-25,1.5.34,80
2026-09-25,1.5.35,90
2026-09-25,1.5.36,93
2026-09-25,1.5.4,74
2026-09-25,1.5.5,81
2026-09-25,1.5.6,143
2026-09-25,1.5.7,76
2026-09-25,1.5.8,75
2026-09-25,1.5.9,76
2026-09-25,1.6.0,87
2026-09-25,1.6.1,76
2026-09-25,1.6.10,79
2026-09-25,1.6.11,80
2026-09-25,1.6.12,102
2026-09-25,1.6.13,78
2026-09-25,1.6.14,85
2026-09-25,1.6.15,81
2026-09-25,1.6.16,83
2026-09-25,1.6.17,77
2026-09-25,1.6.18,77
2026-09-25,1.6.19,133
2026-09-25,1.6.2,77
2026-09-25,1.6.20,81
2026-09-25,1.6.21,85
2026-09-25,1.6.22,82
2026-09-25,1.6.23,106
2026-09-25,1.6.3,87
2026-09-25,1.6.4,98
2026-09-25,1.6.5,83
2026-09-25,1.6.6,92
2026-09-25,1.6.7,85
2026-09-25,1.6.8,97
2026-09-25,1.6.9,114
2026-09-25,1.7.0,109
2026-09-25,1.7.1,86
2026-09-25,1.7.10,90
2026-09-25,1.7.11,112
2026-09-25,1.7.12,146
2026-09-25,1.7.13,90
2026-09-25,1.7.14,205
2026-09-25,1.7.15,96
2026-09-25,1.7.16,93
2026-09-25,1.7.17,87
2026-09-25,1.7.18,91
2026-09-25,1.7.19,204
2026-09-25,1.7.2,88
2026-09-25,1.7.20,93
2026-09-25,1.7.21,89
2026-09-25,1.7.22,97
2026-09-25,1.7.23,90
2026-09-25,1.7.24,102
2026-09-25,1.7.25,99
2026-09-25,1.7.26,94
2026-09-25,1.7.27,97
2026-09-25,1.7.28,93
2026-09-25,1.7.29,106
2026-09-25,1.7.3,124
2026-09-25,1.7.30,104
2026-09-25,1.7.31,114
2026-09-25,1.7.32,409
2026-09-25,1.7.33,101
2026-09-25,1.7.34,95
2026-09-25,1.7.35,106
2026-09-25,1.7.36,95
2026-09-25,1.7.37,157
2026-09-25,1.7.38,98
2026-09-25,1.7.39,102
2026-09-25,1.7.4,276
2026-09-25,1.7.40,113
2026-09-25,1.7.41,100
2026-09-25,1.7.42,102
2026-09-25,1.7.43,103
2026-09-25,1.7.44,103
2026-09-25,1.7.45,138
2026-09-25,1.7.46,105
2026-09-25,1.7.47,133
2026-09-25,1.7.48,112
2026-09-25,1.7.49,436
2026-09-25,1.7.5,85
2026-09-25,1.7.50,232
2026-09-25,1.7.51,112
2026-09-25,1.7.52,113
2026-09-25,1.7.53,102
2026-09-25,1.7.54,104
2026-09-25,1.7.55,108
2026-09-25,1.7.56,731
2026-09-25,1.7.57,112
2026-09-25,1.7.58,146
2026-09-25,1.7.59,114
2026-09-25,1.7.6,99
2026-09-25,1.7.60,109
2026-09-25,1.7.61,112
2026-09-25,1.7.62,144
2026-09-25,1.7.63,112
2026-09-25,1.7.64,112
2026-09-25,1.7.65,124
2026-09-25,1.7.66,373
2026-09-25,1.7.67,115
2026-09-25,1.7.68,109
2026-09-25,1.7.69,113
2026-09-25,1.7.7,85
2026-09-25,1.7.70,126
2026-09-25,1.7.71,126
2026-09-25,1.7.72,121
2026-09-25,1.7.73,116
2026-09-25,1.7.74,120
2026-09-25,1.7.75,116
2026-09-25,1.7.76,125
2026-09-25,1.7.77,121
2026-09-25,1.7.78,398
2026-09-25,1.7.79,120
2026-09-25,1.7.8,96
2026-09-25,1.7.80,124
2026-09-25,1.7.81,115
2026-09-25,1.7.82,116
2026-09-25,1.7.83,113
2026-09-25,1.7.84,1974
2026-09-25,1.7.9,92
2026-09-25,1.8.0,305
2026-09-25,1.8.1,299
2026-09-25,1.8.2,293
2026-09-25,1.8.3,301
2026-09-25,1.8.4,298
2026-09-25,1.8.5,294
2026-09-25,1.8.6,300
2026-09-25,1.8.7,305
2026-09-25,1.8.8,308
2026-09-25,1.8.9,370
2026-09-25,1.9.0,403
2026-09-25,1.9.1,299
2026-09-25,1.9.10,295
2026-09-25,1.9.100,322
2026-09-25,1.9.101,345
2026-09-25,1.9.102,331
2026-09-25,1.9.103,325
2026-09-25,1.9.104,502
2026-09-25,1.9.105,341
2026-09-25,1.9.106,324
2026-09-25,1.9.107,338
2026-09-25,1.9.108,336
2026-09-25,1.9.109,342
2026-09-25,1.9.11,296
2026-09-25,1.9.110,319
2026-09-25,1.9.111,332
2026-09-25,1.9.112,341
2026-09-25,1.9.113,327
2026-09-25,1.9.114,378
2026-09-25,1.9.115,561
2026-09-25,1.9.116,616
2026-09-25,1.9.117,364
2026-09-25,1.9.118,320
2026-09-25,1.9.119,329
2026-09-25,1.9.12,295
2026-09-25,1.9.120,389
2026-09-25,1.9.121,317
2026-09-25,1.9.122,322
2026-09-25,1.9.123,321
2026-09-25,1.9.124,318
2026-09-25,1.9.125,337
2026-09-25,1.9.126,326
2026-09-25,1.9.127,320
2026-09-25,1.9.128,328
2026-09-25,1.9.129,349
2026-09-25,1.9.13,302
2026-09-25,1.9.130,441
2026-09-25,1.9.131,336
2026-09-25,1.9.132,330
2026-09-25,1.9.133,331
2026-09-25,1.9.134,347
2026-09-25,1.9.135,324
2026-09-25,1.9.136,326
2026-09-25,1.9.137,333
2026-09-25,1.9.138,328
2026-09-25,1.9.139,1590
2026-09-25,1.9.14,302
2026-09-25,1.9.140,351
2026-09-25,1.9.141,351
2026-09-25,1.9.142,417
2026-09-25,1.9.143,338
2026-09-25,1.9.144,332
2026-09-25,1.9.145,539
2026-09-25,1.9.146,355
2026-09-25,1.9.147,343
2026-09-25,1.9.148,330
2026-09-25,1.9.149,360
2026-09-25,1.9.15,295
2026-09-25,1.9.150,344
2026-09-25,1.9.151,328
2026-09-25,1.9.152,328
2026-09-25,1.9.153,335
2026-09-25,1.9.154,337
2026-09-25,1.9.155,330
2026-09-25,1.9.156,342
2026-09-25,1.9.157,325
2026-09-25,1.9.158,340
2026-09-25,1.9.159,348
2026-09-25,1.9.16,307
2026-09-25,1.9.160,334
2026-09-25,1.9.161,324
2026-09-25,1.9.162,1113
2026-09-25,1.9.163,334
2026-09-25,1.9.164,348
2026-09-25,1.9.165,377
2026-09-25,1.9.166,329
2026-09-25,1.9.167,372
2026-09-25,1.9.168,337
2026-09-25,1.9.169,329
2026-09-25,1.9.17,309
2026-09-25,1.9.170,345
2026-09-25,1.9.171,830
2026-09-25,1.9.172,366
2026-09-25,1.9.173,342
2026-09-25,1.9.174,383
2026-09-25,1.9.175,334
2026-09-25,1.9.176,336
2026-09-25,1.9.177,333
2026-09-25,1.9.178,335
2026-09-25,1.9.179,347
2026-09-25,1.9.18,298
2026-09-25,1.9.180,377
2026-09-25,1.9.181,402
2026-09-25,1.9.182,345
2026-09-25,1.9.183,383
2026-09-25,1.9.184,334
2026-09-25,1.9.185,371
2026-09-25,1.9.186,336
2026-09-25,1.9.187,344
2026-09-25,1.9.188,373
2026-09-25,1.9.189,350
2026-09-25,1.9.19,300
2026-09-25,1.9.190,395
2026-09-25,1.9.191,338
2026-09-25,1.9.192,339
2026-09-25,1.9.193,337
2026-09-25,1.9.194,337
2026-09-25,1.9.195,343
2026-09-25,1.9.196,348
2026-09-25,1.9.197,378
2026-09-25,1.9.198,345
2026-09-25,1.9.199,544
2026-09-25,1.9.2,300
2026-09-25,1.9.20,326
2026-09-25,1.9.200,355
2026-09-25,1.9.201,419
2026-09-25,1.9.202,346
2026-09-25,1.9.203,343
2026-09-25,1.9.204,342
2026-09-25,1.9.205,396
2026-09-25,1.9.206,424
2026-09-25,1.9.207,387
2026-09-25,1.9.208,435
2026-09-25,1.9.209,345
2026-09-25,1.9.21,297
2026-09-25,1.9.210,389
2026-09-25,1.9.211,348
2026-09-25,1.9.212,459
2026-09-25,1.9.213,361
2026-09-25,1.9.214,625
2026-09-25,1.9.215,346
2026-09-25,1.9.216,351
2026-09-25,1.9.217,339
2026-09-25,1.9.218,348
2026-09-25,1.9.219,343
2026-09-25,1.9.22,311
2026-09-25,1.9.220,384
2026-09-25,1.9.221,358
2026-09-25,1.9.222,439
2026-09-25,1.9.223,340
2026-09-25,1.9.224,357
2026-09-25,1.9.225,425
2026-09-25,1.9.226,357
2026-09-25,1.9.227,384
2026-09-25,1.9.228,360
2026-09-25,1.9.229,462
2026-09-25,1.9.23,307
2026-09-25,1.9.230,353
2026-09-25,1.9.231,355
2026-09-25,1.9.232,817
2026-09-25,1.9.233,394
2026-09-25,1.9.234,383
2026-09-25,1.9.235,373
2026-09-25,1.9.236,373
2026-09-25,1.9.237,402
2026-09-25,1.9.238,372
2026-09-25,1.9.239,390
2026-09-25,1.9.24,321
2026-09-25,1.9.240,374
2026-09-25,1.9.241,376
2026-09-25,1.9.242,386
2026-09-25,1.9.243,390
2026-09-25,1.9.244,693
2026-09-25,1.9.245,385
2026-09-25,1.9.246,380
2026-09-25,1.9.247,438
2026-09-25,1.9.248,375
2026-09-25,1.9.249,382
2026-09-25,1.9.25,304
2026-09-25,1.9.250,389
2026-09-25,1.9.251,1136
2026-09-25,1.9.252,409
2026-09-25,1.9.253,3681
2026-09-25,1.9.26,304
2026-09-25,1.9.27,1032
2026-09-25,1.9.28,344
2026-09-25,1.9.29,302
2026-09-25,1.9.3,300
2026-09-25,1.9.30,312
2026-09-25,1.9.31,313
2026-09-25,1.9.32,335
2026-09-25,1.9.33,380
2026-09-25,1.9.34,301
2026-09-25,1.9.35,304
2026-09-25,1.9.36,300
2026-09-25,1.9.37,340
2026-09-25,1.9.38,314
2026-09-25,1.9.39,333
2026-09-25,1.9.4,358
2026-09-25,1.9.40,307
2026-09-25,1.9.41,304
2026-09-25,1.9.42,319
2026-09-25,1.9.43,316
2026-09-25,1.9.44,339
2026-09-25,1.9.45,309
2026-09-25,1.9.46,304
2026-09-25,1.9.47,352
2026-09-25,1.9.48,324
2026-09-25,1.9.49,323
2026-09-25,1.9.5,298
2026-09-25,1.9.50,309
2026-09-25,1.9.51,325
2026-09-25,1.9.52,316
2026-09-25,1.9.53,305
2026-09-25,1.9.54,302
2026-09-25,1.9.55,312
2026-09-25,1.9.56,322
2026-09-25,1.9.57,396
2026-09-25,1.9.58,307
2026-09-25,1.9.59,304
2026-09-25,1.9.6,303
2026-09-25,1.9.60,318
2026-09-25,1.9.61,307
2026-09-25,1.9.62,327
2026-09-25,1.9.63,312
2026-09-25,1.9.64,322
2026-09-25,1.9.65,304
2026-09-25,1.9.66,330
2026-09-25,1.9.67,309
2026-09-25,1.9.68,318
2026-09-25,1.9.69,307
2026-09-25,1.9.7,301
2026-09-25,1.9.70,308
2026-09-25,1.9.71,610
2026-09-25,1.9.72,319
2026-09-25,1.9.73,311
2026-09-25,1.9.74,339
2026-09-25,1.9.75,329
2026-09-25,1.9.76,316
2026-09-25,1.9.77,313
2026-09-25,1.9.78,311
2026-09-25,1.9.79,353
2026-09-25,1.9.8,299
2026-09-25,1.9.80,337
2026-09-25,1.9.81,442
2026-09-25,1.9.82,310
2026-09-25,1.9.83,385
2026-09-25,1.9.84,352
2026-09-25,1.9.85,315
2026-09-25,1.9.86,424
2026-09-25,1.9.87,385
2026-09-25,1.9.88,341
2026-09-25,1.9.89,316
2026-09-25,1.9.9,305
2026-09-25,1.9.90,311
2026-09-25,1.9.91,348
2026-09-25,1.9.92,411
2026-09-25,1.9.93,356
2026-09-25,1.9.94,339
2026-09-25,1.9.95,331
2026-09-25,1.9.96,329
2026-09-25,1.9.97,319
2026-09-25,1.9.98,324
2026-09-25,1.9.99,371
2026-09-26,0.0.1,21
2026-09-26,0.0.10,8
2026-09-26,0.0.11,8
2026-09-26,0.0.12,8
2026-09-26,0.0.13,7
2026-09-26,0.0.14,14
2026-09-26,0.0.16,9
2026-09-26,0.0.17,8
2026-09-26,0.0.18,7
2026-09-26,0.0.19,8
2026-09-26,0.0.2,9
2026-09-26,0.0.20,8
2026-09-26,0.0.21,7
2026-09-26,0.0.22,11
2026-09-26,0.0.3,9
2026-09-26,0.0.4,9
2026-09-26,0.0.5,7
2026-09-26,0.0.6,8
2026-09-26,0.0.7,7
2026-09-26,0.0.8,8
2026-09-26,0.0.9,7
2026-09-26,1.0.0,9
2026-09-26,1.0.1,11
2026-09-26,1.1.0,9
2026-09-26,1.1.1,16
2026-09-26,1.1.2,8
2026-09-26,1.1.3,20
2026-09-26,1.1.4,44
2026-09-26,1.10.0,718
2026-09-26,1.10.1,531
2026-09-26,1.10.10,518
2026-09-26,1.10.11,514
2026-09-26,1.10.12,814
2026-09-26,1.10.13,519
2026-09-26,1.10.14,543
2026-09-26,1.10.15,512
2026-09-26,1.10.16,950
2026-09-26,1.10.17,513
2026-09-26,1.10.18,542
2026-09-26,1.10.19,527
2026-09-26,1.10.2,530
2026-09-26,1.10.20,518
2026-09-26,1.10.21,519
2026-09-26,1.10.22,518
2026-09-26,1.10.23,529
2026-09-26,1.10.24,513
2026-09-26,1.10.25,518
2026-09-26,1.10.26,513
2026-09-26,1.10.27,520
2026-09-26,1.10.28,543
2026-09-26,1.10.29,546
2026-09-26,1.10.3,515
2026-09-26,1.10.30,948
2026-09-26,1.10.31,513
2026-09-26,1.10.32,581
2026-09-26,1.10.33,521
2026-09-26,1.10.34,548
2026-09-26,1.10.35,515
2026-09-26,1.10.36,526
2026-09-26,1.10.37,518
2026-09-26,1.10.38,538
2026-09-26,1.10.39,534
2026-09-26,1.10.4,558
2026-09-26,1.10.40,516
2026-09-26,1.10.41,1136
2026-09-26,1.10.42,516
2026-09-26,1.10.43,512
2026-09-26,1.10.44,515
2026-09-26,1.10.45,1469
2026-09-26,1.10.46,522
2026-09-26,1.10.47,532
2026-09-26,1.10.48,528
2026-09-26,1.10.49,594
2026-09-26,1.10.5,519
2026-09-26,1.10.50,1445
2026-09-26,1.10.6,521
2026-09-26,1.10.7,517
2026-09-26,1.10.8,521
2026-09-26,1.10.9,523
2026-09-26,1.11.0,1551
2026-09-26,1.11.1,536
2026-09-26,1.11.10,530
2026-09-26,1.11.11,519
2026-09-26,1.11.12,528
2026-09-26,1.11.13,527
2026-09-26,1.11.14,519
2026-09-26,1.11.15,582
2026-09-26,1.11.16,523
2026-09-26,1.11.17,1060
2026-09-26,1.11.2,521
2026-09-26,1.11.3,514
2026-09-26,1.11.4,514
2026-09-26,1.11.5,520
2026-09-26,1.11.6,556
2026-09-26,1.11.7,603
2026-09-26,1.11.8,514
2026-09-26,1.11.9,857
2026-09-26,1.12.0,820
2026-09-26,1.12.1,541
2026-09-26,1.12.10,512
2026-09-26,1.12.11,526
2026-09-26,1.12.12,554
2026-09-26,1.12.13,541
2026-09-26,1.12.14,553
2026-09-26,1.12.15,644
2026-09-26,1.12.16,588
2026-09-26,1.12.17,546
2026-09-26,1.12.18,594
2026-09-26,1.12.19,526
2026-09-26,1.12.2,827
2026-09-26,1.12.20,514
2026-09-26,1.12.21,904
2026-09-26,1.12.22,527
2026-09-26,1.12.23,592
2026-09-26,1.12.24,520
2026-09-26,1.12.25,561
2026-09-26,1.12.26,521
2026-09-26,1.12.27,610
2026-09-26,1.12.28,540
2026-09-26,1.12.29,530
2026-09-26,1.12.3,636
2026-09-26,1.12.30,521
2026-09-26,1.12.31,533
2026-09-26,1.12.32,721
2026-09-26,1.12.33,588
2026-09-26,1.12.34,521
2026-09-26,1.12.35,732
2026-09-26,1.12.36,584
2026-09-26,1.12.37,515
2026-09-26,1.12.38,539
2026-09-26,1.12.39,650
2026-09-26,1.12.4,3754
2026-09-26,1.12.40,519
2026-09-26,1.12.41,530
2026-09-26,1.12.42,530
2026-09-26,1.12.43,707
2026-09-26,1.12.44,858
2026-09-26,1.12.45,523
2026-09-26,1.12.46,2100
2026-09-26,1.12.47,517
2026-09-26,1.12.48,523
2026-09-26,1.12.49,916
2026-09-26,1.12.5,525
2026-09-26,1.12.6,554
2026-09-26,1.12.7,577
2026-09-26,1.12.8,557
2026-09-26,1.12.9,512
2026-09-26,1.13.0,871
2026-09-26,1.13.1,1158
2026-09-26,1.13.10,530
2026-09-26,1.13.11,541
2026-09-26,1.13.12,521
2026-09-26,1.13.13,514
2026-09-26,1.13.14,526
2026-09-26,1.13.15,515
2026-09-26,1.13.16,580
2026-09-26,1.13.17,520
2026-09-26,1.13.18,518
2026-09-26,1.13.19,947
2026-09-26,1.13.2,649
2026-09-26,1.13.20,513
2026-09-26,1.13.21,520
2026-09-26,1.13.22,528
2026-09-26,1.13.23,1063
2026-09-26,1.13.24,594
2026-09-26,1.13.25,580
2026-09-26,1.13.26,697
2026-09-26,1.13.3,820
2026-09-26,1.13.4,608
2026-09-26,1.13.5,525
2026-09-26,1.13.6,520
2026-09-26,1.13.7,518
2026-09-26,1.13.8,536
2026-09-26,1.13.9,619
2026-09-26,1.14.0,547
2026-09-26,1.14.1,525
2026-09-26,1.14.10,521
2026-09-26,1.14.11,844
2026-09-26,1.14.12,526
2026-09-26,1.14.13,522
2026-09-26,1.14.14,523
2026-09-26,1.14.15,717
2026-09-26,1.14.16,1038
2026-09-26,1.14.17,553
2026-09-26,1.14.18,525
2026-09-26,1.14.19,521
2026-09-26,1.14.2,546
2026-09-26,1.14.20,633
2026-09-26,1.14.21,515
2026-09-26,1.14.22,667
2026-09-26,1.14.23,522
2026-09-26,1.14.24,526
2026-09-26,1.14.25,578
2026-09-26,1.14.26,525
2026-09-26,1.14.27,518
2026-09-26,1.14.28,543
2026-09-26,1.14.29,1454
2026-09-26,1.14.3,537
2026-09-26,1.14.30,537
2026-09-26,1.14.31,521
2026-09-26,1.14.32,1354
2026-09-26,1.14.33,606
2026-09-26,1.14.34,532
2026-09-26,1.14.35,522
2026-09-26,1.14.36,552
2026-09-26,1.14.37,529
2026-09-26,1.14.38,536
2026-09-26,1.14.39,535
2026-09-26,1.14.4,570
2026-09-26,1.14.40,528
2026-09-26,1.14.41,523
2026-09-26,1.14.42,606
2026-09-26,1.14.43,530
2026-09-26,1.14.44,545
2026-09-26,1.14.45,520
2026-09-26,1.14.46,1022
2026-09-26,1.14.47,1898
2026-09-26,1.14.48,1172
2026-09-26,1.14.49,522
2026-09-26,1.14.5,646
2026-09-26,1.14.50,521
2026-09-26,1.14.51,526
2026-09-26,1.14.52,654
2026-09-26,1.14.53,538
2026-09-26,1.14.54,568
2026-09-26,1.14.55,526
2026-09-26,1.14.56,545
2026-09-26,1.14.57,528
2026-09-26,1.14.58,526
2026-09-26,1.14.59,531
2026-09-26,1.14.6,521
2026-09-26,1.14.60,922
2026-09-26,1.14.61,526
2026-09-26,1.14.62,571
2026-09-26,1.14.63,1615
2026-09-26,1.14.7,615
2026-09-26,1.14.8,784
2026-09-26,1.14.9,655
2026-09-26,1.15.0,2386
2026-09-26,1.15.1,532
2026-09-26,1.15.10,567
2026-09-26,1.15.11,542
2026-09-26,1.15.12,555
2026-09-26,1.15.13,639
2026-09-26,1.15.14,526
2026-09-26,1.15.15,564
2026-09-26,1.15.16,966
2026-09-26,1.15.17,1247
2026-09-26,1.15.18,7498
2026-09-26,1.15.2,559
2026-09-26,1.15.3,739
2026-09-26,1.15.4,520
2026-09-26,1.15.5,1804
2026-09-26,1.15.6,604
2026-09-26,1.15.7,520
2026-09-26,1.15.8,538
2026-09-26,1.15.9,922
2026-09-26,1.16.0,722
2026-09-26,1.16.1,556
2026-09-26,1.16.10,549
2026-09-26,1.16.11,532
2026-09-26,1.16.12,1119
2026-09-26,1.16.13,552
2026-09-26,1.16.14,552
2026-09-26,1.16.15,679
2026-09-26,1.16.16,913
2026-09-26,1.16.17,548
2026-09-26,1.16.18,3050
2026-09-26,1.16.19,571
2026-09-26,1.16.2,533
2026-09-26,1.16.20,570
2026-09-26,1.16.21,537
2026-09-26,1.16.22,538
2026-09-26,1.16.23,592
2026-09-26,1.16.24,577
2026-09-26,1.16.25,1086
2026-09-26,1.16.26,539
2026-09-26,1.16.27,531
2026-09-26,1.16.28,591
2026-09-26,1.16.29,554
2026-09-26,1.16.3,556
2026-09-26,1.16.30,641
2026-09-26,1.16.31,702
2026-09-26,1.16.32,560
2026-09-26,1.16.33,550
2026-09-26,1.16.34,1062
2026-09-26,1.16.35,543
2026-09-26,1.16.36,770
2026-09-26,1.16.37,539
2026-09-26,1.16.38,558
2026-09-26,1.16.39,534
2026-09-26,1.16.4,7809
2026-09-26,1.16.40,545
2026-09-26,1.16.41,538
2026-09-26,1.16.42,550
2026-09-26,1.16.43,547
2026-09-26,1.16.44,552
2026-09-26,1.16.45,1590
2026-09-26,1.16.46,534
2026-09-26,1.16.47,557
2026-09-26,1.16.48,540
2026-09-26,1.16.49,530
2026-09-26,1.16.5,609
2026-09-26,1.16.50,540
2026-09-26,1.16.51,559
2026-09-26,1.16.52,1484
2026-09-26,1.16.53,578
2026-09-26,1.16.54,567
2026-09-26,1.16.55,556
2026-09-26,1.16.56,575
2026-09-26,1.16.57,608
2026-09-26,1.16.58,590
2026-09-26,1.16.59,616
2026-09-26,1.16.6,602
2026-09-26,1.16.60,708
2026-09-26,1.16.61,603
2026-09-26,1.16.62,1456
2026-09-26,1.16.63,3108
2026-09-26,1.16.7,813
2026-09-26,1.16.8,616
2026-09-26,1.16.9,595
2026-09-26,1.17.0,1133
2026-09-26,1.17.1,1623
2026-09-26,1.17.10,703
2026-09-26,1.17.100,1413
2026-09-26,1.17.101,721
2026-09-26,1.17.102,708
2026-09-26,1.17.103,671
2026-09-26,1.17.104,1035
2026-09-26,1.17.105,702
2026-09-26,1.17.106,4048
2026-09-26,1.17.107,1258
2026-09-26,1.17.108,879
2026-09-26,1.17.109,875
2026-09-26,1.17.11,562
2026-09-26,1.17.110,793
2026-09-26,1.17.111,823
2026-09-26,1.17.112,32640
2026-09-26,1.17.12,659
2026-09-26,1.17.13,562
2026-09-26,1.17.14,560
2026-09-26,1.17.15,563
2026-09-26,1.17.16,614
2026-09-26,1.17.17,575
2026-09-26,1.17.18,1471
2026-09-26,1.17.19,573
2026-09-26,1.17.2,564
2026-09-26,1.17.20,578
2026-09-26,1.17.21,598
2026-09-26,1.17.22,592
2026-09-26,1.17.23,635
2026-09-26,1.17.24,575
2026-09-26,1.17.25,611
2026-09-26,1.17.26,592
2026-09-26,1.17.27,630
2026-09-26,1.17.28,590
2026-09-26,1.17.29,577
2026-09-26,1.17.3,717
2026-09-26,1.17.30,596
2026-09-26,1.17.31,548
2026-09-26,1.17.32,609
2026-09-26,1.17.33,598
2026-09-26,1.17.34,629
2026-09-26,1.17.35,571
2026-09-26,1.17.36,560
2026-09-26,1.17.37,548
2026-09-26,1.17.38,585
2026-09-26,1.17.39,1743
2026-09-26,1.17.4,606
2026-09-26,1.17.40,589
2026-09-26,1.17.41,562
2026-09-26,1.17.42,582
2026-09-26,1.17.43,560
2026-09-26,1.17.44,552
2026-09-26,1.17.45,603
2026-09-26,1.17.46,706
2026-09-26,1.17.47,939
2026-09-26,1.17.48,566
2026-09-26,1.17.49,2146
2026-09-26,1.17.5,1166
2026-09-26,1.17.50,640
2026-09-26,1.17.51,645
2026-09-26,1.17.52,735
2026-09-26,1.17.53,1068
2026-09-26,1.17.54,2445
2026-09-26,1.17.55,671
2026-09-26,1.17.56,663
2026-09-26,1.17.57,822
2026-09-26,1.17.58,675
2026-09-26,1.17.59,676
2026-09-26,1.17.6,1000
2026-09-26,1.17.60,980
2026-09-26,1.17.61,734
2026-09-26,1.17.62,8495
2026-09-26,1.17.63,655
2026-09-26,1.17.64,948
2026-09-26,1.17.65,659
2026-09-26,1.17.66,675
2026-09-26,1.17.67,5035
2026-09-26,1.17.68,1082
2026-09-26,1.17.69,695
2026-09-26,1.17.7,567
2026-09-26,1.17.70,659
2026-09-26,1.17.71,720
2026-09-26,1.17.72,694
2026-09-26,1.17.73,744
2026-09-26,1.17.74,670
2026-09-26,1.17.75,961
2026-09-26,1.17.76,1369
2026-09-26,1.17.77,669
2026-09-26,1.17.78,695
2026-09-26,1.17.79,1092
2026-09-26,1.17.8,622
2026-09-26,1.17.80,1009
2026-09-26,1.17.81,661
2026-09-26,1.17.82,695
2026-09-26,1.17.83,666
2026-09-26,1.17.84,910
2026-09-26,1.17.85,760
2026-09-26,1.17.86,721
2026-09-26,1.17.87,1206
2026-09-26,1.17.88,669
2026-09-26,1.17.89,7828
2026-09-26,1.17.9,981
2026-09-26,1.17.90,688
2026-09-26,1.17.91,689
2026-09-26,1.17.92,674
2026-09-26,1.17.93,705
2026-09-26,1.17.94,1261
2026-09-26,1.17.95,809
2026-09-26,1.17.96,11771
2026-09-26,1.17.97,760
2026-09-26,1.17.98,736
2026-09-26,1.17.99,814
2026-09-26,1.18.0,859
2026-09-26,1.18.1,832
2026-09-26,1.18.10,787
2026-09-26,1.18.11,801
2026-09-26,1.18.12,1302
2026-09-26,1.18.13,819
2026-09-26,1.18.14,959
2026-09-26,1.18.15,815
2026-09-26,1.18.16,827
2026-09-26,1.18.17,800
2026-09-26,1.18.18,34207
2026-09-26,1.18.19,6957
2026-09-26,1.18.2,815
2026-09-26,1.18.20,809
2026-09-26,1.18.21,1328
2026-09-26,1.18.22,1084
2026-09-26,1.18.23,890
2026-09-26,1.18.24,899
2026-09-26,1.18.25,29667
2026-09-26,1.18.26,831
2026-09-26,1.18.27,835
2026-09-26,1.18.28,813
2026-09-26,1.18.29,2044
2026-09-26,1.18.3,9775
2026-09-26,1.18.30,929
2026-09-26,1.18.31,991
2026-09-26,1.18.32,920
2026-09-26,1.18.33,811
2026-09-26,1.18.34,797
2026-09-26,1.18.35,789
2026-09-26,1.18.36,1334
2026-09-26,1.18.37,810
2026-09-26,1.18.38,811
2026-09-26,1.18.39,816
2026-09-26,1.18.4,3050
2026-09-26,1.18.40,816
2026-09-26,1.18.41,798
2026-09-26,1.18.42,831
2026-09-26,1.18.43,805
2026-09-26,1.18.44,875
2026-09-26,1.18.45,807
2026-09-26,1.18.46,1991
2026-09-26,1.18.47,842
2026-09-26,1.18.48,806
2026-09-26,1.18.49,815
2026-09-26,1.18.5,830
2026-09-26,1.18.50,759
2026-09-26,1.18.51,965
2026-09-26,1.18.52,786
2026-09-26,1.18.53,802
2026-09-26,1.18.54,790
2026-09-26,1.18.55,826
2026-09-26,1.18.56,4964
2026-09-26,1.18.57,846
2026-09-26,1.18.58,881
2026-09-26,1.18.59,1116
2026-09-26,1.18.6,937
2026-09-26,1.18.60,815
2026-09-26,1.18.61,1006
2026-09-26,1.18.62,814
2026-09-26,1.18.63,86862
2026-09-26,1.18.64,2850
2026-09-26,1.18.65,3622
2026-09-26,1.18.7,818
2026-09-26,1.18.8,5787
2026-09-26,1.18.9,796
2026-09-26,1.19.0,3714
2026-09-26,1.19.1,799
2026-09-26,1.19.10,1801
2026-09-26,1.19.11,1657
2026-09-26,1.19.12,10448
2026-09-26,1.19.2,2278
2026-09-26,1.19.3,827
2026-09-26,1.19.4,808
2026-09-26,1.19.5,1622
2026-09-26,1.19.6,1821
2026-09-26,1.19.7,1630
2026-09-26,1.19.8,1969
2026-09-26,1.19.9,1650
2026-09-26,1.2.0,92
2026-09-26,1.2.1,98
2026-09-26,1.2.2,116
2026-09-26,1.2.3,119
2026-09-26,1.2.4,88
2026-09-26,1.2.5,89
2026-09-26,1.2.6,89
2026-09-26,1.20.0,2056
2026-09-26,1.20.1,1622
2026-09-26,1.20.10,1768
2026-09-26,1.20.11,2376
2026-09-26,1.20.12,2387
2026-09-26,1.20.13,1631
2026-09-26,1.20.14,1909
2026-09-26,1.20.15,1840
2026-09-26,1.20.16,1647
2026-09-26,1.20.17,16448
2026-09-26,1.20.18,1645
2026-09-26,1.20.19,1758
2026-09-26,1.20.2,1669
2026-09-26,1.20.20,1931
2026-09-26,1.20.21,1703
2026-09-26,1.20.22,1655
2026-09-26,1.20.23,1686
2026-09-26,1.20.24,4472
2026-09-26,1.20.25,1700
2026-09-26,1.20.26,4227
2026-09-26,1.20.27,1899
2026-09-26,1.20.28,1700
2026-09-26,1.20.29,3628
2026-09-26,1.20.3,1644
2026-09-26,1.20.30,1700
2026-09-26,1.20.31,1771
2026-09-26,1.20.32,1808
2026-09-26,1.20.33,1707
2026-09-26,1.20.34,1785
2026-09-26,1.20.35,1919
2026-09-26,1.20.36,1693
2026-09-26,1.20.37,1722
2026-09-26,1.20.38,1708
2026-09-26,1.20.39,2519
2026-09-26,1.20.4,1686
2026-09-26,1.20.40,1705
2026-09-26,1.20.41,1733
2026-09-26,1.20.42,2033
2026-09-26,1.20.43,1692
2026-09-26,1.20.44,2434
2026-09-26,1.20.45,2211
2026-09-26,1.20.46,25402
2026-09-26,1.20.47,1758
2026-09-26,1.20.48,1720
2026-09-26,1.20.49,1827
2026-09-26,1.20.5,1674
2026-09-26,1.20.50,1698
2026-09-26,1.20.51,1707
2026-09-26,1.20.52,1780
2026-09-26,1.20.53,1756
2026-09-26,1.20.54,2739
2026-09-26,1.20.6,1642
2026-09-26,1.20.7,1898
2026-09-26,1.20.8,1768
2026-09-26,1.20.9,1625
2026-09-26,1.21.0,2533
2026-09-26,1.21.1,1728
2026-09-26,1.21.10,1953
2026-09-26,1.21.11,1713
2026-09-26,1.21.12,1691
2026-09-26,1.21.13,1792
2026-09-26,1.21.14,5690
2026-09-26,1.21.15,2023
2026-09-26,1.21.16,1804
2026-09-26,1.21.17,1703
2026-09-26,1.21.18,3201
2026-09-26,1.21.19,1736
2026-09-26,1.21.2,1883
2026-09-26,1.21.20,2059
2026-09-26,1.21.21,5644
2026-09-26,1.21.22,2222
2026-09-26,1.21.23,1934
2026-09-26,1.21.24,1965
2026-09-26,1.21.25,1941
2026-09-26,1.21.26,1936
2026-09-26,1.21.27,1971
2026-09-26,1.21.28,1937
2026-09-26,1.21.29,2025
2026-09-26,1.21.3,1728
2026-09-26,1.21.30,2764
2026-09-26,1.21.31,2007
2026-09-26,1.21.32,14316
2026-09-26,1.21.33,1952
2026-09-26,1.21.34,1962
2026-09-26,1.21.35,2420
2026-09-26,1.21.36,2005
2026-09-26,1.21.37,1989
2026-09-26,1.21.38,1952
2026-09-26,1.21.39,1971
2026-09-26,1.21.4,1753
2026-09-26,1.21.40,1947
2026-09-26,1.21.41,2009
2026-09-26,1.21.42,3024
2026-09-26,1.21.43,2019
2026-09-26,1.21.44,1969
2026-09-26,1.21.45,1956
2026-09-26,1.21.46,2545
2026-09-26,1.21.5,1695
2026-09-26,1.21.6,1956
2026-09-26,1.21.7,1743
2026-09-26,1.21.8,1734
2026-09-26,1.21.9,1686
2026-09-26,1.22.0,4148
2026-09-26,1.22.1,1978
2026-09-26,1.22.10,2331
2026-09-26,1.22.11,2674
2026-09-26,1.22.12,2392
2026-09-26,1.22.13,2758
2026-09-26,1.22.2,2154
2026-09-26,1.22.3,2354
2026-09-26,1.22.4,1995
2026-09-26,1.22.5,6170
2026-09-26,1.22.6,2330
2026-09-26,1.22.7,2506
2026-09-26,1.22.8,2478
2026-09-26,1.22.9,2674
2026-09-26,1.23.0,2346
2026-09-26,1.23.1,2384
2026-09-26,1.23.10,52670
2026-09-26,1.23.2,2979
2026-09-26,1.23.3,2323
2026-09-26,1.23.4,2320
2026-09-26,1.23.5,2579
2026-09-26,1.23.6,2437
2026-09-26,1.23.7,2421
2026-09-26,1.23.8,2537
2026-09-26,1.23.9,2987
2026-09-26,1.24.0,22034
2026-09-26,1.24.1,16235
2026-09-26,1.24.10,18104
2026-09-26,1.24.11,16769
2026-09-26,1.24.12,16888
2026-09-26,1.24.13,16831
2026-09-26,1.24.14,16770
2026-09-26,1.24.15,17278
2026-09-26,1.24.16,16757
2026-09-26,1.24.17,16808
2026-09-26,1.24.18,16763
2026-09-26,1.24.19,16853
2026-09-26,1.24.2,17283
2026-09-26,1.24.20,17013
2026-09-26,1.24.21,16919
2026-09-26,1.24.22,17805
2026-09-26,1.24.23,16895
2026-09-26,1.24.24,16768
2026-09-26,1.24.25,16919
2026-09-26,1.24.26,16777
2026-09-26,1.24.27,16786
2026-09-26,1.24.28,29986
2026-09-26,1.24.29,31838
2026-09-26,1.24.3,16638
2026-09-26,1.24.30,17042
2026-09-26,1.24.31,16759
2026-09-26,1.24.32,44643
2026-09-26,1.24.33,16761
2026-09-26,1.24.34,17011
2026-09-26,1.24.35,16764
2026-09-26,1.24.36,17060
2026-09-26,1.24.37,17130
2026-09-26,1.24.38,17386
2026-09-26,1.24.39,17254
2026-09-26,1.24.4,16154
2026-09-26,1.24.40,16934
2026-09-26,1.24.41,16745
2026-09-26,1.24.42,16772
2026-09-26,1.24.43,17059
2026-09-26,1.24.44,19531
2026-09-26,1.24.45,16768
2026-09-26,1.24.46,16915
2026-09-26,1.24.47,16749
2026-09-26,1.24.48,16787
2026-09-26,1.24.49,16782
2026-09-26,1.24.5,17041
2026-09-26,1.24.50,16872
2026-09-26,1.24.51,17083
2026-09-26,1.24.52,16982
2026-09-26,1.24.53,16789
2026-09-26,1.24.54,16779
2026-09-26,1.24.55,16775
2026-09-26,1.24.56,16856
2026-09-26,1.24.57,18976
2026-09-26,1.24.58,16766
2026-09-26,1.24.59,32538
2026-09-26,1.24.6,16832
2026-09-26,1.24.60,20841
2026-09-26,1.24.61,17867
2026-09-26,1.24.62,18125
2026-09-26,1.24.63,18031
2026-09-26,1.24.64,20261
2026-09-26,1.24.65,18001
2026-09-26,1.24.66,17905
2026-09-26,1.24.67,17879
2026-09-26,1.24.68,17990
2026-09-26,1.24.69,17845
2026-09-26,1.24.7,17006
2026-09-26,1.24.70,27848
2026-09-26,1.24.71,18010
2026-09-26,1.24.72,17911
2026-09-26,1.24.73,17875
2026-09-26,1.24.74,17990
2026-09-26,1.24.75,17961
2026-09-26,1.24.76,18700
2026-09-26,1.24.77,17869
2026-09-26,1.24.78,17887
2026-09-26,1.24.79,18073
2026-09-26,1.24.8,17142
2026-09-26,1.24.80,18178
2026-09-26,1.24.81,18009
2026-09-26,1.24.82,18016
2026-09-26,1.24.83,17880
2026-09-26,1.24.84,17924
2026-09-26,1.24.85,17870
2026-09-26,1.24.86,18029
2026-09-26,1.24.87,17906
2026-09-26,1.24.88,17945
2026-09-26,1.24.89,18193
2026-09-26,1.24.9,16752
2026-09-26,1.24.90,19857
2026-09-26,1.24.91,17884
2026-09-26,1.24.92,17888
2026-09-26,1.24.93,17933
2026-09-26,1.24.94,18236
2026-09-26,1.24.95,17877
2026-09-26,1.24.96,21256
2026-09-26,1.25.0,17938
2026-09-26,1.25.1,17844
2026-09-26,1.25.2,17865
2026-09-26,1.25.3,17820
2026-09-26,1.25.4,17976
2026-09-26,1.25.5,19062
2026-09-26,1.26.0,21835
2026-09-26,1.26.1,18709
2026-09-26,1.26.10,17918
2026-09-26,1.26.100,77013
2026-09-26,1.26.101,37498
2026-09-26,1.26.102,19998
2026-09-26,1.26.103,17301
2026-09-26,1.26.104,17571
2026-09-26,1.26.105,17293
2026-09-26,1.26.106,17306
2026-09-26,1.26.107,17508
2026-09-26,1.26.108,37405
2026-09-26,1.26.109,17844
2026-09-26,1.26.11,17881
2026-09-26,1.26.110,17388
2026-09-26,1.26.111,17386
2026-09-26,1.26.112,17336
2026-09-26,1.26.113,22453
2026-09-26,1.26.114,17597
2026-09-26,1.26.115,18079
2026-09-26,1.26.116,23325
2026-09-26,1.26.117,18484
2026-09-26,1.26.118,17949
2026-09-26,1.26.119,17329
2026-09-26,1.26.12,17855
2026-09-26,1.26.120,18648
2026-09-26,1.26.121,17433
2026-09-26,1.26.122,17403
2026-09-26,1.26.123,17380
2026-09-26,1.26.124,44519
2026-09-26,1.26.125,17432
2026-09-26,1.26.126,17939
2026-09-26,1.26.127,17337
2026-09-26,1.26.128,17293
2026-09-26,1.26.129,19239
2026-09-26,1.26.13,17971
2026-09-26,1.26.130,17406
2026-09-26,1.26.131,17371
2026-09-26,1.26.132,17595
2026-09-26,1.26.133,20523
2026-09-26,1.26.134,17347
2026-09-26,1.26.135,17972
2026-09-26,1.26.136,17478
2026-09-26,1.26.137,37254
2026-09-26,1.26.138,40848
2026-09-26,1.26.139,17387
2026-09-26,1.26.14,17941
2026-09-26,1.26.140,17559
2026-09-26,1.26.141,19419
2026-09-26,1.26.142,17700
2026-09-26,1.26.143,17495
2026-09-26,1.26.144,17532
2026-09-26,1.26.145,17392
2026-09-26,1.26.146,17575
2026-09-26,1.26.147,17429
2026-09-26,1.26.148,17399
2026-09-26,1.26.149,17367
2026-09-26,1.26.15,17885
2026-09-26,1.26.150,17675
2026-09-26,1.26.151,17882
2026-09-26,1.26.152,17409
2026-09-26,1.26.153,18246
2026-09-26,1.26.154,17421
2026-09-26,1.26.155,17606
2026-09-26,1.26.156,17439
2026-09-26,1.26.157,17442
2026-09-26,1.26.158,17667
2026-09-26,1.26.159,17448
2026-09-26,1.26.16,18074
2026-09-26,1.26.160,18253
2026-09-26,1.26.161,24137
2026-09-26,1.26.162,17420
2026-09-26,1.26.163,17515
2026-09-26,1.26.164,17437
2026-09-26,1.26.165,24350
2026-09-26,1.26.17,17889
2026-09-26,1.26.18,54926
2026-09-26,1.26.19,31912
2026-09-26,1.26.2,18264
2026-09-26,1.26.20,55879
2026-09-26,1.26.21,17879
2026-09-26,1.26.22,17891
2026-09-26,1.26.23,17982
2026-09-26,1.26.24,18010
2026-09-26,1.26.25,19244
2026-09-26,1.26.26,17867
2026-09-26,1.26.27,20996
2026-09-26,1.26.28,19676
2026-09-26,1.26.29,17814
2026-09-26,1.26.3,17851
2026-09-26,1.26.30,18310
2026-09-26,1.26.31,17837
2026-09-26,1.26.32,18165
2026-09-26,1.26.33,17880
2026-09-26,1.26.34,17838
2026-09-26,1.26.35,17905
2026-09-26,1.26.36,17842
2026-09-26,1.26.37,18419
2026-09-26,1.26.38,17819
2026-09-26,1.26.39,17821
2026-09-26,1.26.4,17888
2026-09-26,1.26.40,17813
2026-09-26,1.26.41,18901
2026-09-26,1.26.42,18485
2026-09-26,1.26.43,18448
2026-09-26,1.26.44,17923
2026-09-26,1.26.45,17882
2026-09-26,1.26.46,17943
2026-09-26,1.26.47,18088
2026-09-26,1.26.48,17856
2026-09-26,1.26.49,17862
2026-09-26,1.26.5,18064
2026-09-26,1.26.50,19591
2026-09-26,1.26.51,18507
2026-09-26,1.26.52,17899
2026-09-26,1.26.53,17878
2026-09-26,1.26.54,17948
2026-09-26,1.26.55,17874
2026-09-26,1.26.56,18338
2026-09-26,1.26.57,17843
2026-09-26,1.26.58,18113
2026-09-26,1.26.59,19035
2026-09-26,1.26.6,17859
2026-09-26,1.26.60,17866
2026-09-26,1.26.61,18151
2026-09-26,1.26.62,17910
2026-09-26,1.26.63,17962
2026-09-26,1.26.64,18207
2026-09-26,1.26.65,17909
2026-09-26,1.26.66,17918
2026-09-26,1.26.67,17834
2026-09-26,1.26.68,18178
2026-09-26,1.26.69,17949
2026-09-26,1.26.7,17836
2026-09-26,1.26.70,17953
2026-09-26,1.26.71,17987
2026-09-26,1.26.72,18079
2026-09-26,1.26.73,18233
2026-09-26,1.26.74,19103
2026-09-26,1.26.75,17964
2026-09-26,1.26.76,30062
2026-09-26,1.26.77,17880
2026-09-26,1.26.78,20063
2026-09-26,1.26.79,19088
2026-09-26,1.26.8,17826
2026-09-26,1.26.80,17905
2026-09-26,1.26.81,17948
2026-09-26,1.26.82,18317
2026-09-26,1.26.83,17899
2026-09-26,1.26.84,18605
2026-09-26,1.26.85,17873
2026-09-26,1.26.86,18173
2026-09-26,1.26.87,18370
2026-09-26,1.26.88,18005
2026-09-26,1.26.89,18021
2026-09-26,1.26.9,19604
2026-09-26,1.26.90,50419
2026-09-26,1.26.91,17925
2026-09-26,1.26.92,18069
2026-09-26,1.26.93,18867
2026-09-26,1.26.94,21135
2026-09-26,1.26.95,18026
2026-09-26,1.26.96,18002
2026-09-26,1.26.97,17903
2026-09-26,1.26.98,17954
2026-09-26,1.26.99,21972
2026-09-26,1.27.0,18061
2026-09-26,1.27.1,18401
2026-09-26,1.28.0,28948
2026-09-26,1.28.1,17755
2026-09-26,1.28.10,17708
2026-09-26,1.28.11,17511
2026-09-26,1.28.12,17599
2026-09-26,1.28.13,17382
2026-09-26,1.28.14,17581
2026-09-26,1.28.15,18101
2026-09-26,1.28.16,17572
2026-09-26,1.28.17,42668
2026-09-26,1.28.18,18288
2026-09-26,1.28.19,20448
2026-09-26,1.28.2,18414
2026-09-26,1.28.20,18867
2026-09-26,1.28.21,18281
2026-09-26,1.28.22,18594
2026-09-26,1.28.23,18345
2026-09-26,1.28.24,18265
2026-09-26,1.28.25,19130
2026-09-26,1.28.26,18358
2026-09-26,1.28.27,18427
2026-09-26,1.28.28,18297
2026-09-26,1.28.29,19286
2026-09-26,1.28.3,24792
2026-09-26,1.28.30,19220
2026-09-26,1.28.31,18431
2026-09-26,1.28.32,18374
2026-09-26,1.28.33,18731
2026-09-26,1.28.34,18670
2026-09-26,1.28.35,18292
2026-09-26,1.28.36,18948
2026-09-26,1.28.37,18264
2026-09-26,1.28.38,18388
2026-09-26,1.28.39,18301
2026-09-26,1.28.4,23098
2026-09-26,1.28.40,33171
2026-09-26,1.28.41,18666
2026-09-26,1.28.42,18255
2026-09-26,1.28.43,20671
2026-09-26,1.28.44,18498
2026-09-26,1.28.45,18283
2026-09-26,1.28.46,18359
2026-09-26,1.28.47,18268
2026-09-26,1.28.48,20810
2026-09-26,1.28.49,18293
2026-09-26,1.28.5,17912
2026-09-26,1.28.50,19718
2026-09-26,1.28.51,18964
2026-09-26,1.28.52,18527
2026-09-26,1.28.53,19698
2026-09-26,1.28.54,19482
2026-09-26,1.28.55,19434
2026-09-26,1.28.56,18377
2026-09-26,1.28.57,34237
2026-09-26,1.28.58,19235
2026-09-26,1.28.59,18574
2026-09-26,1.28.6,17678
2026-09-26,1.28.60,18852
2026-09-26,1.28.61,19989
2026-09-26,1.28.62,30120
2026-09-26,1.28.63,28423
2026-09-26,1.28.64,21693
2026-09-26,1.28.65,20055
2026-09-26,1.28.66,20537
2026-09-26,1.28.67,19996
2026-09-26,1.28.68,20070
2026-09-26,1.28.69,20269
2026-09-26,1.28.7,17711
2026-09-26,1.28.70,20608
2026-09-26,1.28.71,20074
2026-09-26,1.28.72,20802
2026-09-26,1.28.73,20589
2026-09-26,1.28.74,27012
2026-09-26,1.28.75,22630
2026-09-26,1.28.76,20085
2026-09-26,1.28.77,20007
2026-09-26,1.28.78,20519
2026-09-26,1.28.79,24560
2026-09-26,1.28.8,17466
2026-09-26,1.28.80,20347
2026-09-26,1.28.81,19982
2026-09-26,1.28.82,20851
2026-09-26,1.28.83,25858
2026-09-26,1.28.84,21020
2026-09-26,1.28.85,25703
2026-09-26,1.28.9,36909
2026-09-26,1.29.0,21442
2026-09-26,1.29.1,20981
2026-09-26,1.29.2,21777
2026-09-26,1.29.3,20835
2026-09-26,1.29.4,21306
2026-09-26,1.29.5,22556
2026-09-26,1.29.6,21206
2026-09-26,1.29.7,22309
2026-09-26,1.3.0,178
2026-09-26,1.3.1,257
2026-09-26,1.33.0,22069
2026-09-26,1.33.1,27758
2026-09-26,1.33.10,20791
2026-09-26,1.33.11,21724
2026-09-26,1.33.12,23302
2026-09-26,1.33.13,856612
2026-09-26,1.33.2,25630
2026-09-26,1.33.3,21075
2026-09-26,1.33.4,21210
2026-09-26,1.33.5,21163
2026-09-26,1.33.6,21475
2026-09-26,1.33.7,21788
2026-09-26,1.33.8,20872
2026-09-26,1.33.9,21815
2026-09-26,1.34.0,68492
2026-09-26,1.34.1,19162
2026-09-26,1.34.10,19767
2026-09-26,1.34.100,76232
2026-09-26,1.34.101,74689
2026-09-26,1.34.102,81651
2026-09-26,1.34.103,74359
2026-09-26,1.34.104,83764
2026-09-26,1.34.105,74222
2026-09-26,1.34.106,83136
2026-09-26,1.34.107,75666
2026-09-26,1.34.108,76323
2026-09-26,1.34.109,75882
2026-09-26,1.34.11,21673
2026-09-26,1.34.110,81474
2026-09-26,1.34.111,75917
2026-09-26,1.34.112,76092
2026-09-26,1.34.113,76224
2026-09-26,1.34.114,75886
2026-09-26,1.34.115,80358
2026-09-26,1.34.116,75829
2026-09-26,1.34.117,77110
2026-09-26,1.34.118,76474
2026-09-26,1.34.119,119078
2026-09-26,1.34.12,21583
2026-09-26,1.34.120,77013
2026-09-26,1.34.121,75834
2026-09-26,1.34.122,76366
2026-09-26,1.34.123,77751
2026-09-26,1.34.124,77041
2026-09-26,1.34.125,75809
2026-09-26,1.34.126,75736
2026-09-26,1.34.127,78180
2026-09-26,1.34.128,76589
2026-09-26,1.34.129,86393
2026-09-26,1.34.13,20161
2026-09-26,1.34.130,76594
2026-09-26,1.34.131,232119
2026-09-26,1.34.132,76326
2026-09-26,1.34.133,80664
2026-09-26,1.34.134,76039
2026-09-26,1.34.135,78553
2026-09-26,1.34.136,76612
2026-09-26,1.34.137,76312
2026-09-26,1.34.138,78771
2026-09-26,1.34.139,76347
2026-09-26,1.34.14,21216
2026-09-26,1.34.140,78059
2026-09-26,1.34.141,80782
2026-09-26,1.34.142,77477
2026-09-26,1.34.143,77312
2026-09-26,1.34.144,94558
2026-09-26,1.34.145,122749
2026-09-26,1.34.146,82428
2026-09-26,1.34.147,79785
2026-09-26,1.34.148,77099
2026-09-26,1.34.149,77754
2026-09-26,1.34.15,24847
2026-09-26,1.34.150,77340
2026-09-26,1.34.151,79061
2026-09-26,1.34.152,76300
2026-09-26,1.34.153,78564
2026-09-26,1.34.154,78831
2026-09-26,1.34.155,76417
2026-09-26,1.34.156,76389
2026-09-26,1.34.157,75916
2026-09-26,1.34.158,76497
2026-09-26,1.34.159,76120
2026-09-26,1.34.16,18959
2026-09-26,1.34.160,75977
2026-09-26,1.34.161,75930
2026-09-26,1.34.162,140421
2026-09-26,1.34.17,19231
2026-09-26,1.34.18,19083
2026-09-26,1.34.19,19618
2026-09-26,1.34.2,19450
2026-09-26,1.34.20,19107
2026-09-26,1.34.21,19623
2026-09-26,1.34.22,19643
2026-09-26,1.34.23,20203
2026-09-26,1.34.24,19083
2026-09-26,1.34.25,20339
2026-09-26,1.34.26,20334
2026-09-26,1.34.27,19114
2026-09-26,1.34.28,19154
2026-09-26,1.34.29,20977
2026-09-26,1.34.3,18798
2026-09-26,1.34.30,19150
2026-09-26,1.34.31,19221
2026-09-26,1.34.32,19060
2026-09-26,1.34.33,19431
2026-09-26,1.34.34,25250
2026-09-26,1.34.35,19827
2026-09-26,1.34.36,19645
2026-09-26,1.34.37,19377
2026-09-26,1.34.38,19236
2026-09-26,1.34.39,21876
2026-09-26,1.34.4,18967
2026-09-26,1.34.40,20469
2026-09-26,1.34.41,19267
2026-09-26,1.34.42,20130
2026-09-26,1.34.43,19360
2026-09-26,1.34.44,19699
2026-09-26,1.34.45,20968
2026-09-26,1.34.46,21008
2026-09-26,1.34.47,19161
2026-09-26,1.34.48,142643
2026-09-26,1.34.49,19209
2026-09-26,1.34.5,19070
2026-09-26,1.34.50,20594
2026-09-26,1.34.51,21267
2026-09-26,1.34.52,19426
2026-09-26,1.34.53,19275
2026-09-26,1.34.54,19292
2026-09-26,1.34.55,19320
2026-09-26,1.34.56,103640
2026-09-26,1.34.57,19082
2026-09-26,1.34.58,19668
2026-09-26,1.34.59,22136
2026-09-26,1.34.6,19086
2026-09-26,1.34.60,19765
2026-09-26,1.34.61,19626
2026-09-26,1.34.62,19215
2026-09-26,1.34.63,19958
2026-09-26,1.34.64,19434
2026-09-26,1.34.65,19723
2026-09-26,1.34.66,19235
2026-09-26,1.34.67,19173
2026-09-26,1.34.68,20700
2026-09-26,1.34.69,96668
2026-09-26,1.34.7,19546
2026-09-26,1.34.70,74864
2026-09-26,1.34.71,74147
2026-09-26,1.34.72,74144
2026-09-26,1.34.73,74585
2026-09-26,1.34.74,74799
2026-09-26,1.34.75,76910
2026-09-26,1.34.76,74029
2026-09-26,1.34.77,75110
2026-09-26,1.34.78,74246
2026-09-26,1.34.79,169257
2026-09-26,1.34.8,19024
2026-09-26,1.34.80,74010
2026-09-26,1.34.81,75107
2026-09-26,1.34.82,74281
2026-09-26,1.34.83,74468
2026-09-26,1.34.84,75439
2026-09-26,1.34.85,90768
2026-09-26,1.34.86,74019
2026-09-26,1.34.87,85984
2026-09-26,1.34.88,74175
2026-09-26,1.34.89,74275
2026-09-26,1.34.9,18974
2026-09-26,1.34.90,74490
2026-09-26,1.34.91,74075
2026-09-26,1.34.92,74276
2026-09-26,1.34.93,74695
2026-09-26,1.34.94,78182
2026-09-26,1.34.95,73954
2026-09-26,1.34.96,74659
2026-09-26,1.34.97,73965
2026-09-26,1.34.98,74247
2026-09-26,1.34.99,74236
2026-09-26,1.35.0,108292
2026-09-26,1.35.1,76549
2026-09-26,1.35.10,78490
2026-09-26,1.35.11,76369
2026-09-26,1.35.12,86422
2026-09-26,1.35.13,76716
2026-09-26,1.35.14,76900
2026-09-26,1.35.15,77107
2026-09-26,1.35.16,88161
2026-09-26,1.35.17,76673
2026-09-26,1.35.18,76683
2026-09-26,1.35.19,77767
2026-09-26,1.35.2,76555
2026-09-26,1.35.20,76657
2026-09-26,1.35.21,76168
2026-09-26,1.35.22,75997
2026-09-26,1.35.23,77336
2026-09-26,1.35.24,78374
2026-09-26,1.35.25,77862
2026-09-26,1.35.26,76215
2026-09-26,1.35.27,77772
2026-09-26,1.35.28,77172
2026-09-26,1.35.29,76524
2026-09-26,1.35.3,76341
2026-09-26,1.35.30,76517
2026-09-26,1.35.31,76580
2026-09-26,1.35.32,76345
2026-09-26,1.35.33,96220
2026-09-26,1.35.34,76499
2026-09-26,1.35.35,83281
2026-09-26,1.35.36,124142
2026-09-26,1.35.37,76735
2026-09-26,1.35.38,90893
2026-09-26,1.35.39,77184
2026-09-26,1.35.4,76666
2026-09-26,1.35.40,76317
2026-09-26,1.35.41,76959
2026-09-26,1.35.42,83771
2026-09-26,1.35.43,76029
2026-09-26,1.35.44,77025
2026-09-26,1.35.45,76362
2026-09-26,1.35.46,77386
2026-09-26,1.35.47,76015
2026-09-26,1.35.48,76101
2026-09-26,1.35.49,137071
2026-09-26,1.35.5,76466
2026-09-26,1.35.50,76281
2026-09-26,1.35.51,80154
2026-09-26,1.35.52,76827
2026-09-26,1.35.53,77042
2026-09-26,1.35.54,82919
2026-09-26,1.35.55,77311
2026-09-26,1.35.56,75978
2026-09-26,1.35.57,77474
2026-09-26,1.35.58,76331
2026-09-26,1.35.59,76097
2026-09-26,1.35.6,76778
2026-09-26,1.35.60,76555
2026-09-26,1.35.61,75965
2026-09-26,1.35.62,78680
2026-09-26,1.35.63,77432
2026-09-26,1.35.64,76597
2026-09-26,1.35.65,76564
2026-09-26,1.35.66,76272
2026-09-26,1.35.67,76065
2026-09-26,1.35.68,77019
2026-09-26,1.35.69,76602
2026-09-26,1.35.7,93874
2026-09-26,1.35.70,77953
2026-09-26,1.35.71,85957
2026-09-26,1.35.72,76587
2026-09-26,1.35.73,76259
2026-09-26,1.35.74,79346
2026-09-26,1.35.75,77420
2026-09-26,1.35.76,87415
2026-09-26,1.35.77,76310
2026-09-26,1.35.78,77932
2026-09-26,1.35.79,76695
2026-09-26,1.35.8,76765
2026-09-26,1.35.80,78519
2026-09-26,1.35.81,83586
2026-09-26,1.35.82,76677
2026-09-26,1.35.83,76102
2026-09-26,1.35.84,85012
2026-09-26,1.35.85,76245
2026-09-26,1.35.86,78093
2026-09-26,1.35.87,76569
2026-09-26,1.35.88,76620
2026-09-26,1.35.89,100714
2026-09-26,1.35.9,78117
2026-09-26,1.35.90,83550
2026-09-26,1.35.91,76466
2026-09-26,1.35.92,78377
2026-09-26,1.35.93,79380
2026-09-26,1.35.94,76601
2026-09-26,1.35.95,76785
2026-09-26,1.35.96,77841
2026-09-26,1.35.97,77413
2026-09-26,1.35.98,77163
2026-09-26,1.35.99,198630
2026-09-26,1.36.0,86350
2026-09-26,1.36.1,94556
2026-09-26,1.36.10,76350
2026-09-26,1.36.11,78115
2026-09-26,1.36.12,76144
2026-09-26,1.36.13,76306
2026-09-26,1.36.14,76921
2026-09-26,1.36.15,76317
2026-09-26,1.36.16,76900
2026-09-26,1.36.17,78229
2026-09-26,1.36.18,78102
2026-09-26,1.36.19,77623
2026-09-26,1.36.2,90940
2026-09-26,1.36.20,77371
2026-09-26,1.36.21,77044
2026-09-26,1.36.22,80439
2026-09-26,1.36.23,78229
2026-09-26,1.36.24,76553
2026-09-26,1.36.25,76496
2026-09-26,1.36.26,79276
2026-09-26,1.36.3,163070
2026-09-26,1.36.4,76674
2026-09-26,1.36.5,79251
2026-09-26,1.36.6,76360
2026-09-26,1.36.7,78667
2026-09-26,1.36.8,77330
2026-09-26,1.36.9,77619
2026-09-26,1.37.0,77442
2026-09-26,1.37.1,87550
2026-09-26,1.37.10,77502
2026-09-26,1.37.11,79122
2026-09-26,1.37.12,77284
2026-09-26,1.37.13,79608
2026-09-26,1.37.14,76922
2026-09-26,1.37.15,76650
2026-09-26,1.37.16,76487
2026-09-26,1.37.17,76919
2026-09-26,1.37.18,77349
2026-09-26,1.37.19,77796
2026-09-26,1.37.2,79911
2026-09-26,1.37.20,81221
2026-09-26,1.37.21,76571
2026-09-26,1.37.22,76638
2026-09-26,1.37.23,77435
2026-09-26,1.37.24,78305
2026-09-26,1.37.25,76460
2026-09-26,1.37.26,77898
2026-09-26,1.37.27,78121
2026-09-26,1.37.28,77027
2026-09-26,1.37.29,80179
2026-09-26,1.37.3,107458
2026-09-26,1.37.30,76509
2026-09-26,1.37.31,84936
2026-09-26,1.37.32,76731
2026-09-26,1.37.33,77130
2026-09-26,1.37.34,78162
2026-09-26,1.37.35,76727
2026-09-26,1.37.36,77167
2026-09-26,1.37.37,77136
2026-09-26,1.37.38,490328
2026-09-26,1.37.4,81989
2026-09-26,1.37.5,83786
2026-09-26,1.37.6,76845
2026-09-26,1.37.7,343435
2026-09-26,1.37.8,76491
2026-09-26,1.37.9,89800
2026-09-26,1.38.0,78117
2026-09-26,1.38.1,76877
2026-09-26,1.38.10,77031
2026-09-26,1.38.11,76263
2026-09-26,1.38.12,80675
2026-09-26,1.38.13,77724
2026-09-26,1.38.14,80280
2026-09-26,1.38.15,77201
2026-09-26,1.38.16,76891
2026-09-26,1.38.17,78381
2026-09-26,1.38.18,79890
2026-09-26,1.38.19,76447
2026-09-26,1.38.2,76296
2026-09-26,1.38.20,77238
2026-09-26,1.38.21,77425
2026-09-26,1.38.22,80079
2026-09-26,1.38.23,80307
2026-09-26,1.38.24,77917
2026-09-26,1.38.25,113786
2026-09-26,1.38.26,77061
2026-09-26,1.38.27,104088
2026-09-26,1.38.28,78823
2026-09-26,1.38.29,77453
2026-09-26,1.38.3,76449
2026-09-26,1.38.30,78447
2026-09-26,1.38.31,77092
2026-09-26,1.38.32,79412
2026-09-26,1.38.33,78370
2026-09-26,1.38.34,78233
2026-09-26,1.38.35,77076
2026-09-26,1.38.36,82666
2026-09-26,1.38.37,77964
2026-09-26,1.38.38,85322
2026-09-26,1.38.39,77410
2026-09-26,1.38.4,76310
2026-09-26,1.38.40,77003
2026-09-26,1.38.41,79182
2026-09-26,1.38.42,94821
2026-09-26,1.38.43,78158
2026-09-26,1.38.44,77760
2026-09-26,1.38.45,77036
2026-09-26,1.38.46,82544
2026-09-26,1.38.5,77023
2026-09-26,1.38.6,76441
2026-09-26,1.38.7,76637
2026-09-26,1.38.8,77371
2026-09-26,1.38.9,78429
2026-09-26,1.39.0,78726
2026-09-26,1.39.1,86154
2026-09-26,1.39.10,77575
2026-09-26,1.39.11,104586
2026-09-26,1.39.12,77385
2026-09-26,1.39.13,77600
2026-09-26,1.39.14,78077
2026-09-26,1.39.15,91536
2026-09-26,1.39.16,78820
2026-09-26,1.39.17,84099
2026-09-26,1.39.2,78812
2026-09-26,1.39.3,88193
2026-09-26,1.39.4,80259
2026-09-26,1.39.5,76889
2026-09-26,1.39.6,77153
2026-09-26,1.39.7,84931
2026-09-26,1.39.8,78806
2026-09-26,1.39.9,78220
2026-09-26,1.4.0,382
2026-09-26,1.4.1,556
2026-09-26,1.4.2,146
2026-09-26,1.4.3,117
2026-09-26,1.4.4,1005
2026-09-26,1.4.5,140
2026-09-26,1.4.6,133
2026-09-26,1.4.7,397
2026-09-26,1.4.8,582
2026-09-26,1.40.0,86117
2026-09-26,1.40.1,78295
2026-09-26,1.40.10,77183
2026-09-26,1.40.11,80271
2026-09-26,1.40.12,78410
2026-09-26,1.40.13,77919
2026-09-26,1.40.14,87159
2026-09-26,1.40.15,77581
2026-09-26,1.40.16,78290
2026-09-26,1.40.17,77404
2026-09-26,1.40.18,85459
2026-09-26,1.40.19,77997
2026-09-26,1.40.2,82729
2026-09-26,1.40.20,78370
2026-09-26,1.40.21,81819
2026-09-26,1.40.22,78962
2026-09-26,1.40.23,83255
2026-09-26,1.40.24,77636
2026-09-26,1.40.25,78882
2026-09-26,1.40.26,77973
2026-09-26,1.40.27,78243
2026-09-26,1.40.28,80261
2026-09-26,1.40.29,79542
2026-09-26,1.40.3,77778
2026-09-26,1.40.30,92456
2026-09-26,1.40.31,86406
2026-09-26,1.40.32,85983
2026-09-26,1.40.33,78562
2026-09-26,1.40.34,78674
2026-09-26,1.40.35,78905
2026-09-26,1.40.36,79425
2026-09-26,1.40.37,78492
2026-09-26,1.40.38,77893
2026-09-26,1.40.39,78355
2026-09-26,1.40.4,79123
2026-09-26,1.40.40,86784
2026-09-26,1.40.41,78743
2026-09-26,1.40.42,78835
2026-09-26,1.40.43,77767
2026-09-26,1.40.44,77424
2026-09-26,1.40.45,81007
2026-09-26,1.40.46,79291
2026-09-26,1.40.47,78889
2026-09-26,1.40.48,78344
2026-09-26,1.40.49,96585
2026-09-26,1.40.5,78243
2026-09-26,1.40.50,78652
2026-09-26,1.40.51,77942
2026-09-26,1.40.52,84200
2026-09-26,1.40.53,78068
2026-09-26,1.40.54,77620
2026-09-26,1.40.55,80236
2026-09-26,1.40.56,78690
2026-09-26,1.40.57,78226
2026-09-26,1.40.58,79422
2026-09-26,1.40.59,79537
2026-09-26,1.40.6,78187
2026-09-26,1.40.60,80531
2026-09-26,1.40.61,415897
2026-09-26,1.40.62,83973
2026-09-26,1.40.63,77767
2026-09-26,1.40.64,79348
2026-09-26,1.40.65,77791
2026-09-26,1.40.66,84327
2026-09-26,1.40.67,79603
2026-09-26,1.40.68,78201
2026-09-26,1.40.69,80874
2026-09-26,1.40.7,77432
2026-09-26,1.40.70,79605
2026-09-26,1.40.71,77788
2026-09-26,1.40.72,78107
2026-09-26,1.40.73,80199
2026-09-26,1.40.74,79710
2026-09-26,1.40.75,87217
2026-09-26,1.40.76,96658
2026-09-26,1.40.8,77616
2026-09-26,1.40.9,78145
2026-09-26,1.41.0,80358
2026-09-26,1.41.1,77833
2026-09-26,1.41.2,80634
2026-09-26,1.41.3,82210
2026-09-26,1.41.4,77985
2026-09-26,1.41.5,199033
2026-09-26,1.42.0,130491
2026-09-26,1.42.1,130914
2026-09-26,1.42.10,129861
2026-09-26,1.42.11,130058
2026-09-26,1.42.12,130396
2026-09-26,1.42.13,128993
2026-09-26,1.42.14,131835
2026-09-26,1.42.15,128735
2026-09-26,1.42.16,132489
2026-09-26,1.42.17,155041
2026-09-26,1.42.18,142116
2026-09-26,1.42.19,132165
2026-09-26,1.42.2,130475
2026-09-26,1.42.20,128404
2026-09-26,1.42.21,131957
2026-09-26,1.42.22,157970
2026-09-26,1.42.23,153450
2026-09-26,1.42.24,148593
2026-09-26,1.42.25,154289
2026-09-26,1.42.26,148814
2026-09-26,1.42.27,147649
2026-09-26,1.42.28,148039
2026-09-26,1.42.29,148947
2026-09-26,1.42.3,133026
2026-09-26,1.42.30,160641
2026-09-26,1.42.31,162049
2026-09-26,1.42.32,147431
2026-09-26,1.42.33,149003
2026-09-26,1.42.34,151813
2026-09-26,1.42.35,157672
2026-09-26,1.42.36,147747
2026-09-26,1.42.37,149880
2026-09-26,1.42.38,148244
2026-09-26,1.42.39,159305
2026-09-26,1.42.4,130781
2026-09-26,1.42.40,148467
2026-09-26,1.42.41,149501
2026-09-26,1.42.42,150299
2026-09-26,1.42.43,151473
2026-09-26,1.42.44,154574
2026-09-26,1.42.45,148164
2026-09-26,1.42.46,148560
2026-09-26,1.42.47,153003
2026-09-26,1.42.48,149996
2026-09-26,1.42.49,151827
2026-09-26,1.42.5,133163
2026-09-26,1.42.50,161564
2026-09-26,1.42.51,151392
2026-09-26,1.42.52,149320
2026-09-26,1.42.53,148743
2026-09-26,1.42.54,159608
2026-09-26,1.42.55,154896
2026-09-26,1.42.56,158383
2026-09-26,1.42.57,153767
2026-09-26,1.42.58,158272
2026-09-26,1.42.59,153988
2026-09-26,1.42.6,128998
2026-09-26,1.42.60,179399
2026-09-26,1.42.61,156290
2026-09-26,1.42.62,162756
2026-09-26,1.42.63,188310
2026-09-26,1.42.64,150776
2026-09-26,1.42.65,156021
2026-09-26,1.42.66,154472
2026-09-26,1.42.67,148762
2026-09-26,1.42.68,208903
2026-09-26,1.42.69,150370
2026-09-26,1.42.7,134076
2026-09-26,1.42.70,154662
2026-09-26,1.42.71,152901
2026-09-26,1.42.72,151511
2026-09-26,1.42.73,151445
2026-09-26,1.42.74,150634
2026-09-26,1.42.75,159972
2026-09-26,1.42.76,152007
2026-09-26,1.42.77,152703
2026-09-26,1.42.78,152670
2026-09-26,1.42.79,152793
2026-09-26,1.42.8,128501
2026-09-26,1.42.80,151415
2026-09-26,1.42.81,152757
2026-09-26,1.42.82,157515
2026-09-26,1.42.83,162571
2026-09-26,1.42.84,159746
2026-09-26,1.42.85,154983
2026-09-26,1.42.86,149684
2026-09-26,1.42.87,95329
2026-09-26,1.42.88,152645
2026-09-26,1.42.89,253288
2026-09-26,1.42.9,129278
2026-09-26,1.42.90,156523
2026-09-26,1.42.91,162932
2026-09-26,1.42.92,152830
2026-09-26,1.42.93,153231
2026-09-26,1.42.94,151926
2026-09-26,1.42.95,152968
2026-09-26,1.42.96,160601
2026-09-26,1.42.97,2248627
2026-09-26,1.43.0,90621
2026-09-26,1.43.1,44852
2026-09-26,1.43.10,31837
2026-09-26,1.43.100,71518
2026-09-26,1.43.101,62421
2026-09-26,1.43.102,80909
2026-09-26,1.43.103,4620629
2026-09-26,1.43.11,30717
2026-09-26,1.43.12,30236
2026-09-26,1.43.13,39194
2026-09-26,1.43.14,51660
2026-09-26,1.43.15,32058
2026-09-26,1.43.16,33986
2026-09-26,1.43.17,29255
2026-09-26,1.43.18,38125
2026-09-26,1.43.19,30575
2026-09-26,1.43.2,38716
2026-09-26,1.43.20,27129
2026-09-26,1.43.21,34594
2026-09-26,1.43.22,35935
2026-09-26,1.43.23,29535
2026-09-26,1.43.24,50315
2026-09-26,1.43.25,33478
2026-09-26,1.43.26,33883
2026-09-26,1.43.27,33892
2026-09-26,1.43.28,31495
2026-09-26,1.43.29,36483
2026-09-26,1.43.3,30816
2026-09-26,1.43.30,32489
2026-09-26,1.43.31,32317
2026-09-26,1.43.32,31407
2026-09-26,1.43.33,35613
2026-09-26,1.43.34,48669
2026-09-26,1.43.35,26766
2026-09-26,1.43.36,88047
2026-09-26,1.43.37,40068
2026-09-26,1.43.38,31758
2026-09-26,1.43.39,34572
2026-09-26,1.43.4,30657
2026-09-26,1.43.40,47247
2026-09-26,1.43.41,60777
2026-09-26,1.43.42,31430
2026-09-26,1.43.43,27584
2026-09-26,1.43.44,31779
2026-09-26,1.43.45,41294
2026-09-26,1.43.46,75941
2026-09-26,1.43.47,33054
2026-09-26,1.43.48,32304
2026-09-26,1.43.49,36847
2026-09-26,1.43.5,34009
2026-09-26,1.43.50,38527
2026-09-26,1.43.51,37698
2026-09-26,1.43.52,40525
2026-09-26,1.43.53,34023
2026-09-26,1.43.54,33630
2026-09-26,1.43.55,45847
2026-09-26,1.43.56,82447
2026-09-26,1.43.57,38095
2026-09-26,1.43.58,37052
2026-09-26,1.43.59,35056
2026-09-26,1.43.6,55394
2026-09-26,1.43.60,27830
2026-09-26,1.43.61,29582
2026-09-26,1.43.62,49123
2026-09-26,1.43.63,77248
2026-09-26,1.43.64,43197
2026-09-26,1.43.65,34113
2026-09-26,1.43.66,33893
2026-09-26,1.43.67,48955
2026-09-26,1.43.68,32796
2026-09-26,1.43.69,31953
2026-09-26,1.43.7,31249
2026-09-26,1.43.70,57576
2026-09-26,1.43.71,40542
2026-09-26,1.43.72,61764
2026-09-26,1.43.73,38083
2026-09-26,1.43.74,34217
2026-09-26,1.43.75,169103
2026-09-26,1.43.76,30957
2026-09-26,1.43.77,40052
2026-09-26,1.43.78,50725
2026-09-26,1.43.79,35672
2026-09-26,1.43.8,41476
2026-09-26,1.43.80,38798
2026-09-26,1.43.81,37717
2026-09-26,1.43.82,50767
2026-09-26,1.43.83,68953
2026-09-26,1.43.84,31650
2026-09-26,1.43.85,38219
2026-09-26,1.43.86,43609
2026-09-26,1.43.87,39739
2026-09-26,1.43.88,43323
2026-09-26,1.43.89,101363
2026-09-26,1.43.9,42833
2026-09-26,1.43.90,43329
2026-09-26,1.43.91,48961
2026-09-26,1.43.92,46698
2026-09-26,1.43.93,118745
2026-09-26,1.43.94,48764
2026-09-26,1.43.95,50437
2026-09-26,1.43.96,57609
2026-09-26,1.43.97,116003
2026-09-26,1.43.98,112031
2026-09-26,1.43.99,65111
2026-09-26,1.5.0,650
2026-09-26,1.5.1,108
2026-09-26,1.5.10,105
2026-09-26,1.5.11,103
2026-09-26,1.5.12,108
2026-09-26,1.5.13,106
2026-09-26,1.5.14,101
2026-09-26,1.5.15,105
2026-09-26,1.5.16,101
2026-09-26,1.5.17,102
2026-09-26,1.5.18,104
2026-09-26,1.5.19,111
2026-09-26,1.5.2,100
2026-09-26,1.5.20,120
2026-09-26,1.5.21,101
2026-09-26,1.5.22,132
2026-09-26,1.5.23,101
2026-09-26,1.5.24,184
2026-09-26,1.5.25,110
2026-09-26,1.5.26,135
2026-09-26,1.5.27,107
2026-09-26,1.5.28,102
2026-09-26,1.5.29,103
2026-09-26,1.5.3,100
2026-09-26,1.5.30,107
2026-09-26,1.5.31,102
2026-09-26,1.5.32,152
2026-09-26,1.5.33,107
2026-09-26,1.5.34,106
2026-09-26,1.5.35,103
2026-09-26,1.5.36,133
2026-09-26,1.5.4,100
2026-09-26,1.5.5,106
2026-09-26,1.5.6,174
2026-09-26,1.5.7,108
2026-09-26,1.5.8,102
2026-09-26,1.5.9,103
2026-09-26,1.6.0,115
2026-09-26,1.6.1,104
2026-09-26,1.6.10,107
2026-09-26,1.6.11,109
2026-09-26,1.6.12,108
2026-09-26,1.6.13,104
2026-09-26,1.6.14,110
2026-09-26,1.6.15,108
2026-09-26,1.6.16,108
2026-09-26,1.6.17,109
2026-09-26,1.6.18,109
2026-09-26,1.6.19,112
2026-09-26,1.6.2,108
2026-09-26,1.6.20,109
2026-09-26,1.6.21,109
2026-09-26,1.6.22,110
2026-09-26,1.6.23,124
2026-09-26,1.6.3,121
2026-09-26,1.6.4,125
2026-09-26,1.6.5,110
2026-09-26,1.6.6,108
2026-09-26,1.6.7,110
2026-09-26,1.6.8,108
2026-09-26,1.6.9,107
2026-09-26,1.7.0,120
2026-09-26,1.7.1,112
2026-09-26,1.7.10,138
2026-09-26,1.7.11,122
2026-09-26,1.7.12,168
2026-09-26,1.7.13,119
2026-09-26,1.7.14,237
2026-09-26,1.7.15,121
2026-09-26,1.7.16,121
2026-09-26,1.7.17,118
2026-09-26,1.7.18,127
2026-09-26,1.7.19,240
2026-09-26,1.7.2,116
2026-09-26,1.7.20,125
2026-09-26,1.7.21,126
2026-09-26,1.7.22,126
2026-09-26,1.7.23,126
2026-09-26,1.7.24,137
2026-09-26,1.7.25,128
2026-09-26,1.7.26,126
2026-09-26,1.7.27,131
2026-09-26,1.7.28,136
2026-09-26,1.7.29,140
2026-09-26,1.7.3,121
2026-09-26,1.7.30,135
2026-09-26,1.7.31,127
2026-09-26,1.7.32,446
2026-09-26,1.7.33,151
2026-09-26,1.7.34,131
2026-09-26,1.7.35,133
2026-09-26,1.7.36,133
2026-09-26,1.7.37,183
2026-09-26,1.7.38,136
2026-09-26,1.7.39,145
2026-09-26,1.7.4,296
2026-09-26,1.7.40,157
2026-09-26,1.7.41,139
2026-09-26,1.7.42,137
2026-09-26,1.7.43,135
2026-09-26,1.7.44,138
2026-09-26,1.7.45,137
2026-09-26,1.7.46,139
2026-09-26,1.7.47,172
2026-09-26,1.7.48,153
2026-09-26,1.7.49,528
2026-09-26,1.7.5,113
2026-09-26,1.7.50,256
2026-09-26,1.7.51,153
2026-09-26,1.7.52,146
2026-09-26,1.7.53,147
2026-09-26,1.7.54,145
2026-09-26,1.7.55,153
2026-09-26,1.7.56,774
2026-09-26,1.7.57,150
2026-09-26,1.7.58,181
2026-09-26,1.7.59,163
2026-09-26,1.7.6,120
2026-09-26,1.7.60,158
2026-09-26,1.7.61,163
2026-09-26,1.7.62,164
2026-09-26,1.7.63,159
2026-09-26,1.7.64,156
2026-09-26,1.7.65,157
2026-09-26,1.7.66,260
2026-09-26,1.7.67,164
2026-09-26,1.7.68,155
2026-09-26,1.7.69,157
2026-09-26,1.7.7,113
2026-09-26,1.7.70,172
2026-09-26,1.7.71,158
2026-09-26,1.7.72,161
2026-09-26,1.7.73,163
2026-09-26,1.7.74,169
2026-09-26,1.7.75,164
2026-09-26,1.7.76,172
2026-09-26,1.7.77,175
2026-09-26,1.7.78,359
2026-09-26,1.7.79,166
2026-09-26,1.7.8,123
2026-09-26,1.7.80,159
2026-09-26,1.7.81,161
2026-09-26,1.7.82,157
2026-09-26,1.7.83,158
2026-09-26,1.7.84,995
2026-09-26,1.7.9,121
2026-09-26,1.8.0,452
2026-09-26,1.8.1,475
2026-09-26,1.8.2,449
2026-09-26,1.8.3,455
2026-09-26,1.8.4,455
2026-09-26,1.8.5,456
2026-09-26,1.8.6,460
2026-09-26,1.8.7,462
2026-09-26,1.8.8,459
2026-09-26,1.8.9,514
2026-09-26,1.9.0,500
2026-09-26,1.9.1,455
2026-09-26,1.9.10,453
2026-09-26,1.9.100,471
2026-09-26,1.9.101,484
2026-09-26,1.9.102,496
2026-09-26,1.9.103,498
2026-09-26,1.9.104,653
2026-09-26,1.9.105,476
2026-09-26,1.9.106,495
2026-09-26,1.9.107,483
2026-09-26,1.9.108,485
2026-09-26,1.9.109,500
2026-09-26,1.9.11,455
2026-09-26,1.9.110,469
2026-09-26,1.9.111,477
2026-09-26,1.9.112,492
2026-09-26,1.9.113,481
2026-09-26,1.9.114,530
2026-09-26,1.9.115,907
2026-09-26,1.9.116,522
2026-09-26,1.9.117,611
2026-09-26,1.9.118,472
2026-09-26,1.9.119,478
2026-09-26,1.9.12,456
2026-09-26,1.9.120,577
2026-09-26,1.9.121,470
2026-09-26,1.9.122,474
2026-09-26,1.9.123,478
2026-09-26,1.9.124,469
2026-09-26,1.9.125,486
2026-09-26,1.9.126,473
2026-09-26,1.9.127,471
2026-09-26,1.9.128,478
2026-09-26,1.9.129,498
2026-09-26,1.9.13,459
2026-09-26,1.9.130,543
2026-09-26,1.9.131,477
2026-09-26,1.9.132,478
2026-09-26,1.9.133,469
2026-09-26,1.9.134,486
2026-09-26,1.9.135,471
2026-09-26,1.9.136,470
2026-09-26,1.9.137,481
2026-09-26,1.9.138,477
2026-09-26,1.9.139,1564
2026-09-26,1.9.14,457
2026-09-26,1.9.140,497
2026-09-26,1.9.141,482
2026-09-26,1.9.142,542
2026-09-26,1.9.143,488
2026-09-26,1.9.144,472
2026-09-26,1.9.145,614
2026-09-26,1.9.146,509
2026-09-26,1.9.147,479
2026-09-26,1.9.148,479
2026-09-26,1.9.149,507
2026-09-26,1.9.15,453
2026-09-26,1.9.150,478
2026-09-26,1.9.151,473
2026-09-26,1.9.152,474
2026-09-26,1.9.153,472
2026-09-26,1.9.154,475
2026-09-26,1.9.155,474
2026-09-26,1.9.156,481
2026-09-26,1.9.157,472
2026-09-26,1.9.158,481
2026-09-26,1.9.159,493
2026-09-26,1.9.16,469
2026-09-26,1.9.160,483
2026-09-26,1.9.161,474
2026-09-26,1.9.162,482
2026-09-26,1.9.163,479
2026-09-26,1.9.164,477
2026-09-26,1.9.165,505
2026-09-26,1.9.166,481
2026-09-26,1.9.167,554
2026-09-26,1.9.168,479
2026-09-26,1.9.169,478
2026-09-26,1.9.17,474
2026-09-26,1.9.170,484
2026-09-26,1.9.171,484
2026-09-26,1.9.172,497
2026-09-26,1.9.173,495
2026-09-26,1.9.174,479
2026-09-26,1.9.175,474
2026-09-26,1.9.176,479
2026-09-26,1.9.177,475
2026-09-26,1.9.178,491
2026-09-26,1.9.179,482
2026-09-26,1.9.18,459
2026-09-26,1.9.180,517
2026-09-26,1.9.181,535
2026-09-26,1.9.182,488
2026-09-26,1.9.183,493
2026-09-26,1.9.184,480
2026-09-26,1.9.185,491
2026-09-26,1.9.186,478
2026-09-26,1.9.187,483
2026-09-26,1.9.188,557
2026-09-26,1.9.189,488
2026-09-26,1.9.19,465
2026-09-26,1.9.190,534
2026-09-26,1.9.191,478
2026-09-26,1.9.192,479
2026-09-26,1.9.193,479
2026-09-26,1.9.194,480
2026-09-26,1.9.195,484
2026-09-26,1.9.196,486
2026-09-26,1.9.197,523
2026-09-26,1.9.198,497
2026-09-26,1.9.199,528
2026-09-26,1.9.2,462
2026-09-26,1.9.20,457
2026-09-26,1.9.200,483
2026-09-26,1.9.201,543
2026-09-26,1.9.202,483
2026-09-26,1.9.203,486
2026-09-26,1.9.204,481
2026-09-26,1.9.205,523
2026-09-26,1.9.206,477
2026-09-26,1.9.207,502
2026-09-26,1.9.208,572
2026-09-26,1.9.209,479
2026-09-26,1.9.21,458
2026-09-26,1.9.210,492
2026-09-26,1.9.211,489
2026-09-26,1.9.212,482
2026-09-26,1.9.213,490
2026-09-26,1.9.214,741
2026-09-26,1.9.215,483
2026-09-26,1.9.216,505
2026-09-26,1.9.217,478
2026-09-26,1.9.218,487
2026-09-26,1.9.219,483
2026-09-26,1.9.22,467
2026-09-26,1.9.220,500
2026-09-26,1.9.221,485
2026-09-26,1.9.222,508
2026-09-26,1.9.223,489
2026-09-26,1.9.224,504
2026-09-26,1.9.225,507
2026-09-26,1.9.226,492
2026-09-26,1.9.227,495
2026-09-26,1.9.228,509
2026-09-26,1.9.229,620
2026-09-26,1.9.23,478
2026-09-26,1.9.230,501
2026-09-26,1.9.231,491
2026-09-26,1.9.232,952
2026-09-26,1.9.233,514
2026-09-26,1.9.234,515
2026-09-26,1.9.235,514
2026-09-26,1.9.236,515
2026-09-26,1.9.237,520
2026-09-26,1.9.238,509
2026-09-26,1.9.239,523
2026-09-26,1.9.24,463
2026-09-26,1.9.240,517
2026-09-26,1.9.241,514
2026-09-26,1.9.242,529
2026-09-26,1.9.243,522
2026-09-26,1.9.244,535
2026-09-26,1.9.245,535
2026-09-26,1.9.246,513
2026-09-26,1.9.247,522
2026-09-26,1.9.248,520
2026-09-26,1.9.249,513
2026-09-26,1.9.25,466
2026-09-26,1.9.250,518
2026-09-26,1.9.251,1099
2026-09-26,1.9.252,539
2026-09-26,1.9.253,1864
2026-09-26,1.9.26,463
2026-09-26,1.9.27,1188
2026-09-26,1.9.28,484
2026-09-26,1.9.29,462
2026-09-26,1.9.3,459
2026-09-26,1.9.30,473
2026-09-26,1.9.31,468
2026-09-26,1.9.32,486
2026-09-26,1.9.33,540
2026-09-26,1.9.34,462
2026-09-26,1.9.35,464
2026-09-26,1.9.36,460
2026-09-26,1.9.37,481
2026-09-26,1.9.38,464
2026-09-26,1.9.39,525
2026-09-26,1.9.4,511
2026-09-26,1.9.40,462
2026-09-26,1.9.41,464
2026-09-26,1.9.42,472
2026-09-26,1.9.43,464
2026-09-26,1.9.44,496
2026-09-26,1.9.45,463
2026-09-26,1.9.46,462
2026-09-26,1.9.47,512
2026-09-26,1.9.48,482
2026-09-26,1.9.49,470
2026-09-26,1.9.5,455
2026-09-26,1.9.50,463
2026-09-26,1.9.51,481
2026-09-26,1.9.52,465
2026-09-26,1.9.53,461
2026-09-26,1.9.54,464
2026-09-26,1.9.55,461
2026-09-26,1.9.56,468
2026-09-26,1.9.57,536
2026-09-26,1.9.58,463
2026-09-26,1.9.59,459
2026-09-26,1.9.6,457
2026-09-26,1.9.60,467
2026-09-26,1.9.61,460
2026-09-26,1.9.62,483
2026-09-26,1.9.63,465
2026-09-26,1.9.64,476
2026-09-26,1.9.65,464
2026-09-26,1.9.66,494
2026-09-26,1.9.67,470
2026-09-26,1.9.68,471
2026-09-26,1.9.69,464
2026-09-26,1.9.7,457
2026-09-26,1.9.70,465
2026-09-26,1.9.71,624
2026-09-26,1.9.72,467
2026-09-26,1.9.73,470
2026-09-26,1.9.74,478
2026-09-26,1.9.75,486
2026-09-26,1.9.76,482
2026-09-26,1.9.77,470
2026-09-26,1.9.78,469
2026-09-26,1.9.79,484
2026-09-26,1.9.8,453
2026-09-26,1.9.80,487
2026-09-26,1.9.81,807
2026-09-26,1.9.82,476
2026-09-26,1.9.83,493
2026-09-26,1.9.84,510
2026-09-26,1.9.85,474
2026-09-26,1.9.86,629
2026-09-26,1.9.87,551
2026-09-26,1.9.88,481
2026-09-26,1.9.89,470
2026-09-26,1.9.9,453
2026-09-26,1.9.90,466
2026-09-26,1.9.91,514
2026-09-26,1.9.92,469
2026-09-26,1.9.93,483
2026-09-26,1.9.94,480
2026-09-26,1.9.95,482
2026-09-26,1.9.96,475
2026-09-26,1.9.97,466
2026-09-26,1.9.98,474
2026-09-26,1.9.99,547
2026-09-27,0.0.1,80
2026-09-27,0.0.10,3
2026-09-27,0.0.11,3
2026-09-27,0.0.12,2
2026-09-27,0.0.13,3
2026-09-27,0.0.14,12
2026-09-27,0.0.16,6
2026-09-27,0.0.17,4
2026-09-27,0.0.18,4
2026-09-27,0.0.19,4
2026-09-27,0.0.2,5
2026-09-27,0.0.20,3
2026-09-27,0.0.21,4
2026-09-27,0.0.22,12
2026-09-27,0.0.3,3
2026-09-27,0.0.4,2
2026-09-27,0.0.5,4
2026-09-27,0.0.6,3
2026-09-27,0.0.7,3
2026-09-27,0.0.8,2
2026-09-27,0.0.9,3
2026-09-27,1.0.0,7
2026-09-27,1.0.1,5
2026-09-27,1.1.0,5
2026-09-27,1.1.1,2
2026-09-27,1.1.2,2
2026-09-27,1.1.3,9
2026-09-27,1.1.4,67
2026-09-27,1.10.0,634
2026-09-27,1.10.1,462
2026-09-27,1.10.10,458
2026-09-27,1.10.11,454
2026-09-27,1.10.12,744
2026-09-27,1.10.13,450
2026-09-27,1.10.14,458
2026-09-27,1.10.15,454
2026-09-27,1.10.16,873
2026-09-27,1.10.17,456
2026-09-27,1.10.18,478
2026-09-27,1.10.19,455
2026-09-27,1.10.2,477
2026-09-27,1.10.20,458
2026-09-27,1.10.21,451
2026-09-27,1.10.22,448
2026-09-27,1.10.23,457
2026-09-27,1.10.24,447
2026-09-27,1.10.25,452
2026-09-27,1.10.26,449
2026-09-27,1.10.27,455
2026-09-27,1.10.28,484
2026-09-27,1.10.29,481
2026-09-27,1.10.3,447
2026-09-27,1.10.30,465
2026-09-27,1.10.31,449
2026-09-27,1.10.32,517
2026-09-27,1.10.33,453
2026-09-27,1.10.34,475
2026-09-27,1.10.35,453
2026-09-27,1.10.36,464
2026-09-27,1.10.37,453
2026-09-27,1.10.38,483
2026-09-27,1.10.39,462
2026-09-27,1.10.4,493
2026-09-27,1.10.40,454
2026-09-27,1.10.41,1111
2026-09-27,1.10.42,454
2026-09-27,1.10.43,454
2026-09-27,1.10.44,451
2026-09-27,1.10.45,1394
2026-09-27,1.10.46,457
2026-09-27,1.10.47,467
2026-09-27,1.10.48,495
2026-09-27,1.10.49,527
2026-09-27,1.10.5,451
2026-09-27,1.10.50,1268
2026-09-27,1.10.6,451
2026-09-27,1.10.7,458
2026-09-27,1.10.8,486
2026-09-27,1.10.9,470
2026-09-27,1.11.0,1435
2026-09-27,1.11.1,471
2026-09-27,1.11.10,466
2026-09-27,1.11.11,459
2026-09-27,1.11.12,456
2026-09-27,1.11.13,463
2026-09-27,1.11.14,459
2026-09-27,1.11.15,476
2026-09-27,1.11.16,456
2026-09-27,1.11.17,1016
2026-09-27,1.11.2,468
2026-09-27,1.11.3,512
2026-09-27,1.11.4,447
2026-09-27,1.11.5,451
2026-09-27,1.11.6,500
2026-09-27,1.11.7,537
2026-09-27,1.11.8,450
2026-09-27,1.11.9,794
2026-09-27,1.12.0,788
2026-09-27,1.12.1,458
2026-09-27,1.12.10,444
2026-09-27,1.12.11,454
2026-09-27,1.12.12,478
2026-09-27,1.12.13,492
2026-09-27,1.12.14,476
2026-09-27,1.12.15,558
2026-09-27,1.12.16,503
2026-09-27,1.12.17,477
2026-09-27,1.12.18,532
2026-09-27,1.12.19,465
2026-09-27,1.12.2,768
2026-09-27,1.12.20,448
2026-09-27,1.12.21,819
2026-09-27,1.12.22,454
2026-09-27,1.12.23,535
2026-09-27,1.12.24,455
2026-09-27,1.12.25,469
2026-09-27,1.12.26,460
2026-09-27,1.12.27,612
2026-09-27,1.12.28,471
2026-09-27,1.12.29,473
2026-09-27,1.12.3,568
2026-09-27,1.12.30,461
2026-09-27,1.12.31,463
2026-09-27,1.12.32,615
2026-09-27,1.12.33,507
2026-09-27,1.12.34,461
2026-09-27,1.12.35,663
2026-09-27,1.12.36,504
2026-09-27,1.12.37,466
2026-09-27,1.12.38,476
2026-09-27,1.12.39,568
2026-09-27,1.12.4,3930
2026-09-27,1.12.40,451
2026-09-27,1.12.41,466
2026-09-27,1.12.42,481
2026-09-27,1.12.43,618
2026-09-27,1.12.44,890
2026-09-27,1.12.45,446
2026-09-27,1.12.46,2025
2026-09-27,1.12.47,452
2026-09-27,1.12.48,450
2026-09-27,1.12.49,924
2026-09-27,1.12.5,453
2026-09-27,1.12.6,470
2026-09-27,1.12.7,470
2026-09-27,1.12.8,555
2026-09-27,1.12.9,444
2026-09-27,1.13.0,809
2026-09-27,1.13.1,1104
2026-09-27,1.13.10,454
2026-09-27,1.13.11,476
2026-09-27,1.13.12,454
2026-09-27,1.13.13,449
2026-09-27,1.13.14,471
2026-09-27,1.13.15,446
2026-09-27,1.13.16,485
2026-09-27,1.13.17,458
2026-09-27,1.13.18,455
2026-09-27,1.13.19,902
2026-09-27,1.13.2,612
2026-09-27,1.13.20,454
2026-09-27,1.13.21,457
2026-09-27,1.13.22,462
2026-09-27,1.13.23,1002
2026-09-27,1.13.24,525
2026-09-27,1.13.25,580
2026-09-27,1.13.26,648
2026-09-27,1.13.3,739
2026-09-27,1.13.4,481
2026-09-27,1.13.5,459
2026-09-27,1.13.6,459
2026-09-27,1.13.7,455
2026-09-27,1.13.8,459
2026-09-27,1.13.9,628
2026-09-27,1.14.0,484
2026-09-27,1.14.1,449
2026-09-27,1.14.10,461
2026-09-27,1.14.11,787
2026-09-27,1.14.12,470
2026-09-27,1.14.13,455
2026-09-27,1.14.14,469
2026-09-27,1.14.15,650
2026-09-27,1.14.16,514
2026-09-27,1.14.17,462
2026-09-27,1.14.18,463
2026-09-27,1.14.19,455
2026-09-27,1.14.2,487
2026-09-27,1.14.20,594
2026-09-27,1.14.21,451
2026-09-27,1.14.22,598
2026-09-27,1.14.23,463
2026-09-27,1.14.24,457
2026-09-27,1.14.25,515
2026-09-27,1.14.26,454
2026-09-27,1.14.27,455
2026-09-27,1.14.28,483
2026-09-27,1.14.29,1501
2026-09-27,1.14.3,464
2026-09-27,1.14.30,467
2026-09-27,1.14.31,455
2026-09-27,1.14.32,1439
2026-09-27,1.14.33,487
2026-09-27,1.14.34,458
2026-09-27,1.14.35,454
2026-09-27,1.14.36,688
2026-09-27,1.14.37,458
2026-09-27,1.14.38,481
2026-09-27,1.14.39,471
2026-09-27,1.14.4,480
2026-09-27,1.14.40,457
2026-09-27,1.14.41,458
2026-09-27,1.14.42,546
2026-09-27,1.14.43,462
2026-09-27,1.14.44,612
2026-09-27,1.14.45,454
2026-09-27,1.14.46,467
2026-09-27,1.14.47,2151
2026-09-27,1.14.48,1155
2026-09-27,1.14.49,458
2026-09-27,1.14.5,592
2026-09-27,1.14.50,459
2026-09-27,1.14.51,460
2026-09-27,1.14.52,572
2026-09-27,1.14.53,463
2026-09-27,1.14.54,494
2026-09-27,1.14.55,453
2026-09-27,1.14.56,485
2026-09-27,1.14.57,461
2026-09-27,1.14.58,459
2026-09-27,1.14.59,454
2026-09-27,1.14.6,455
2026-09-27,1.14.60,848
2026-09-27,1.14.61,469
2026-09-27,1.14.62,492
2026-09-27,1.14.63,1166
2026-09-27,1.14.7,521
2026-09-27,1.14.8,709
2026-09-27,1.14.9,451
2026-09-27,1.15.0,1338
2026-09-27,1.15.1,456
2026-09-27,1.15.10,500
2026-09-27,1.15.11,467
2026-09-27,1.15.12,493
2026-09-27,1.15.13,583
2026-09-27,1.15.14,485
2026-09-27,1.15.15,525
2026-09-27,1.15.16,928
2026-09-27,1.15.17,1191
2026-09-27,1.15.18,7438
2026-09-27,1.15.2,496
2026-09-27,1.15.3,643
2026-09-27,1.15.4,464
2026-09-27,1.15.5,1723
2026-09-27,1.15.6,507
2026-09-27,1.15.7,458
2026-09-27,1.15.8,481
2026-09-27,1.15.9,639
2026-09-27,1.16.0,652
2026-09-27,1.16.1,488
2026-09-27,1.16.10,492
2026-09-27,1.16.11,469
2026-09-27,1.16.12,974
2026-09-27,1.16.13,510
2026-09-27,1.16.14,500
2026-09-27,1.16.15,606
2026-09-27,1.16.16,576
2026-09-27,1.16.17,483
2026-09-27,1.16.18,3117
2026-09-27,1.16.19,494
2026-09-27,1.16.2,486
2026-09-27,1.16.20,482
2026-09-27,1.16.21,475
2026-09-27,1.16.22,469
2026-09-27,1.16.23,517
2026-09-27,1.16.24,515
2026-09-27,1.16.25,855
2026-09-27,1.16.26,475
2026-09-27,1.16.27,470
2026-09-27,1.16.28,518
2026-09-27,1.16.29,494
2026-09-27,1.16.3,493
2026-09-27,1.16.30,573
2026-09-27,1.16.31,539
2026-09-27,1.16.32,498
2026-09-27,1.16.33,487
2026-09-27,1.16.34,893
2026-09-27,1.16.35,476
2026-09-27,1.16.36,719
2026-09-27,1.16.37,481
2026-09-27,1.16.38,496
2026-09-27,1.16.39,481
2026-09-27,1.16.4,6697
2026-09-27,1.16.40,506
2026-09-27,1.16.41,475
2026-09-27,1.16.42,481
2026-09-27,1.16.43,490
2026-09-27,1.16.44,484
2026-09-27,1.16.45,1280
2026-09-27,1.16.46,481
2026-09-27,1.16.47,505
2026-09-27,1.16.48,490
2026-09-27,1.16.49,467
2026-09-27,1.16.5,527
2026-09-27,1.16.50,491
2026-09-27,1.16.51,495
2026-09-27,1.16.52,1439
2026-09-27,1.16.53,514
2026-09-27,1.16.54,512
2026-09-27,1.16.55,498
2026-09-27,1.16.56,513
2026-09-27,1.16.57,543
2026-09-27,1.16.58,523
2026-09-27,1.16.59,552
2026-09-27,1.16.6,573
2026-09-27,1.16.60,630
2026-09-27,1.16.61,541
2026-09-27,1.16.62,872
2026-09-27,1.16.63,2972
2026-09-27,1.16.7,829
2026-09-27,1.16.8,568
2026-09-27,1.16.9,525
2026-09-27,1.17.0,1144
2026-09-27,1.17.1,1117
2026-09-27,1.17.10,635
2026-09-27,1.17.100,1407
2026-09-27,1.17.101,701
2026-09-27,1.17.102,645
2026-09-27,1.17.103,625
2026-09-27,1.17.104,1001
2026-09-27,1.17.105,666
2026-09-27,1.17.106,4087
2026-09-27,1.17.107,1204
2026-09-27,1.17.108,826
2026-09-27,1.17.109,819
2026-09-27,1.17.11,506
2026-09-27,1.17.110,741
2026-09-27,1.17.111,786
2026-09-27,1.17.112,31595
2026-09-27,1.17.12,597
2026-09-27,1.17.13,525
2026-09-27,1.17.14,499
2026-09-27,1.17.15,506
2026-09-27,1.17.16,533
2026-09-27,1.17.17,528
2026-09-27,1.17.18,1261
2026-09-27,1.17.19,531
2026-09-27,1.17.2,497
2026-09-27,1.17.20,511
2026-09-27,1.17.21,569
2026-09-27,1.17.22,548
2026-09-27,1.17.23,573
2026-09-27,1.17.24,509
2026-09-27,1.17.25,566
2026-09-27,1.17.26,534
2026-09-27,1.17.27,551
2026-09-27,1.17.28,553
2026-09-27,1.17.29,512
2026-09-27,1.17.3,688
2026-09-27,1.17.30,511
2026-09-27,1.17.31,494
2026-09-27,1.17.32,585
2026-09-27,1.17.33,542
2026-09-27,1.17.34,586
2026-09-27,1.17.35,512
2026-09-27,1.17.36,509
2026-09-27,1.17.37,507
2026-09-27,1.17.38,504
2026-09-27,1.17.39,1498
2026-09-27,1.17.4,566
2026-09-27,1.17.40,547
2026-09-27,1.17.41,508
2026-09-27,1.17.42,517
2026-09-27,1.17.43,503
2026-09-27,1.17.44,496
2026-09-27,1.17.45,566
2026-09-27,1.17.46,572
2026-09-27,1.17.47,934
2026-09-27,1.17.48,500
2026-09-27,1.17.49,2012
2026-09-27,1.17.5,1057
2026-09-27,1.17.50,586
2026-09-27,1.17.51,583
2026-09-27,1.17.52,681
2026-09-27,1.17.53,1071
2026-09-27,1.17.54,3366
2026-09-27,1.17.55,645
2026-09-27,1.17.56,611
2026-09-27,1.17.57,796
2026-09-27,1.17.58,635
2026-09-27,1.17.59,622
2026-09-27,1.17.6,954
2026-09-27,1.17.60,1027
2026-09-27,1.17.61,689
2026-09-27,1.17.62,7676
2026-09-27,1.17.63,602
2026-09-27,1.17.64,851
2026-09-27,1.17.65,608
2026-09-27,1.17.66,645
2026-09-27,1.17.67,5519
2026-09-27,1.17.68,944
2026-09-27,1.17.69,637
2026-09-27,1.17.7,523
2026-09-27,1.17.70,617
2026-09-27,1.17.71,626
2026-09-27,1.17.72,641
2026-09-27,1.17.73,695
2026-09-27,1.17.74,631
2026-09-27,1.17.75,917
2026-09-27,1.17.76,1362
2026-09-27,1.17.77,611
2026-09-27,1.17.78,653
2026-09-27,1.17.79,1076
2026-09-27,1.17.8,564
2026-09-27,1.17.80,949
2026-09-27,1.17.81,610
2026-09-27,1.17.82,642
2026-09-27,1.17.83,613
2026-09-27,1.17.84,897
2026-09-27,1.17.85,711
2026-09-27,1.17.86,667
2026-09-27,1.17.87,1150
2026-09-27,1.17.88,622
2026-09-27,1.17.89,9220
2026-09-27,1.17.9,906
2026-09-27,1.17.90,666
2026-09-27,1.17.91,622
2026-09-27,1.17.92,616
2026-09-27,1.17.93,634
2026-09-27,1.17.94,1229
2026-09-27,1.17.95,760
2026-09-27,1.17.96,12057
2026-09-27,1.17.97,659
2026-09-27,1.17.98,690
2026-09-27,1.17.99,824
2026-09-27,1.18.0,828
2026-09-27,1.18.1,803
2026-09-27,1.18.10,729
2026-09-27,1.18.11,739
2026-09-27,1.18.12,1284
2026-09-27,1.18.13,771
2026-09-27,1.18.14,906
2026-09-27,1.18.15,755
2026-09-27,1.18.16,764
2026-09-27,1.18.17,745
2026-09-27,1.18.18,34187
2026-09-27,1.18.19,4753
2026-09-27,1.18.2,766
2026-09-27,1.18.20,745
2026-09-27,1.18.21,1273
2026-09-27,1.18.22,1033
2026-09-27,1.18.23,860
2026-09-27,1.18.24,849
2026-09-27,1.18.25,28463
2026-09-27,1.18.26,758
2026-09-27,1.18.27,775
2026-09-27,1.18.28,753
2026-09-27,1.18.29,1992
2026-09-27,1.18.3,9786
2026-09-27,1.18.30,844
2026-09-27,1.18.31,952
2026-09-27,1.18.32,872
2026-09-27,1.18.33,764
2026-09-27,1.18.34,749
2026-09-27,1.18.35,737
2026-09-27,1.18.36,1269
2026-09-27,1.18.37,746
2026-09-27,1.18.38,750
2026-09-27,1.18.39,776
2026-09-27,1.18.4,3265
2026-09-27,1.18.40,756
2026-09-27,1.18.41,731
2026-09-27,1.18.42,743
2026-09-27,1.18.43,736
2026-09-27,1.18.44,795
2026-09-27,1.18.45,740
2026-09-27,1.18.46,1351
2026-09-27,1.18.47,774
2026-09-27,1.18.48,787
2026-09-27,1.18.49,763
2026-09-27,1.18.5,746
2026-09-27,1.18.50,699
2026-09-27,1.18.51,898
2026-09-27,1.18.52,727
2026-09-27,1.18.53,734
2026-09-27,1.18.54,745
2026-09-27,1.18.55,768
2026-09-27,1.18.56,2842
2026-09-27,1.18.57,789
2026-09-27,1.18.58,747
2026-09-27,1.18.59,985
2026-09-27,1.18.6,862
2026-09-27,1.18.60,745
2026-09-27,1.18.61,808
2026-09-27,1.18.62,754
2026-09-27,1.18.63,95220
2026-09-27,1.18.64,2728
2026-09-27,1.18.65,3702
2026-09-27,1.18.7,768
2026-09-27,1.18.8,5822
2026-09-27,1.18.9,736
2026-09-27,1.19.0,3775
2026-09-27,1.19.1,733
2026-09-27,1.19.10,1651
2026-09-27,1.19.11,1503
2026-09-27,1.19.12,10253
2026-09-27,1.19.2,2089
2026-09-27,1.19.3,760
2026-09-27,1.19.4,746
2026-09-27,1.19.5,1474
2026-09-27,1.19.6,1588
2026-09-27,1.19.7,1491
2026-09-27,1.19.8,1855
2026-09-27,1.19.9,1493
2026-09-27,1.2.0,62
2026-09-27,1.2.1,55
2026-09-27,1.2.2,74
2026-09-27,1.2.3,70
2026-09-27,1.2.4,55
2026-09-27,1.2.5,57
2026-09-27,1.2.6,70
2026-09-27,1.20.0,1984
2026-09-27,1.20.1,1475
2026-09-27,1.20.10,1569
2026-09-27,1.20.11,2224
2026-09-27,1.20.12,2242
2026-09-27,1.20.13,1541
2026-09-27,1.20.14,1759
2026-09-27,1.20.15,1645
2026-09-27,1.20.16,1495
2026-09-27,1.20.17,16390
2026-09-27,1.20.18,1502
2026-09-27,1.20.19,1708
2026-09-27,1.20.2,1545
2026-09-27,1.20.20,1777
2026-09-27,1.20.21,1559
2026-09-27,1.20.22,1511
2026-09-27,1.20.23,1603
2026-09-27,1.20.24,4507
2026-09-27,1.20.25,1572
2026-09-27,1.20.26,3837
2026-09-27,1.20.27,1674
2026-09-27,1.20.28,1582
2026-09-27,1.20.29,3454
2026-09-27,1.20.3,1940
2026-09-27,1.20.30,1568
2026-09-27,1.20.31,1627
2026-09-27,1.20.32,1659
2026-09-27,1.20.33,1552
2026-09-27,1.20.34,1628
2026-09-27,1.20.35,1784
2026-09-27,1.20.36,1538
2026-09-27,1.20.37,1567
2026-09-27,1.20.38,1561
2026-09-27,1.20.39,2346
2026-09-27,1.20.4,1528
2026-09-27,1.20.40,1553
2026-09-27,1.20.41,1588
2026-09-27,1.20.42,1808
2026-09-27,1.20.43,1545
2026-09-27,1.20.44,2320
2026-09-27,1.20.45,2053
2026-09-27,1.20.46,25553
2026-09-27,1.20.47,1613
2026-09-27,1.20.48,1567
2026-09-27,1.20.49,1667
2026-09-27,1.20.5,1543
2026-09-27,1.20.50,1540
2026-09-27,1.20.51,1564
2026-09-27,1.20.52,1623
2026-09-27,1.20.53,1597
2026-09-27,1.20.54,2925
2026-09-27,1.20.6,1502
2026-09-27,1.20.7,1765
2026-09-27,1.20.8,1640
2026-09-27,1.20.9,1477
2026-09-27,1.21.0,1952
2026-09-27,1.21.1,1548
2026-09-27,1.21.10,1855
2026-09-27,1.21.11,1544
2026-09-27,1.21.12,1536
2026-09-27,1.21.13,1572
2026-09-27,1.21.14,6385
2026-09-27,1.21.15,1859
2026-09-27,1.21.16,1647
2026-09-27,1.21.17,1551
2026-09-27,1.21.18,3076
2026-09-27,1.21.19,1555
2026-09-27,1.21.2,1736
2026-09-27,1.21.20,1988
2026-09-27,1.21.21,5927
2026-09-27,1.21.22,2455
2026-09-27,1.21.23,2238
2026-09-27,1.21.24,2270
2026-09-27,1.21.25,2232
2026-09-27,1.21.26,2240
2026-09-27,1.21.27,2273
2026-09-27,1.21.28,2217
2026-09-27,1.21.29,2314
2026-09-27,1.21.3,1568
2026-09-27,1.21.30,3069
2026-09-27,1.21.31,2373
2026-09-27,1.21.32,15164
2026-09-27,1.21.33,2232
2026-09-27,1.21.34,2263
2026-09-27,1.21.35,2287
2026-09-27,1.21.36,2265
2026-09-27,1.21.37,2336
2026-09-27,1.21.38,2234
2026-09-27,1.21.39,2258
2026-09-27,1.21.4,1638
2026-09-27,1.21.40,2220
2026-09-27,1.21.41,2247
2026-09-27,1.21.42,4317
2026-09-27,1.21.43,2299
2026-09-27,1.21.44,2246
2026-09-27,1.21.45,2306
2026-09-27,1.21.46,2907
2026-09-27,1.21.5,1523
2026-09-27,1.21.6,1838
2026-09-27,1.21.7,1590
2026-09-27,1.21.8,1558
2026-09-27,1.21.9,1535
2026-09-27,1.22.0,4167
2026-09-27,1.22.1,2268
2026-09-27,1.22.10,2635
2026-09-27,1.22.11,2823
2026-09-27,1.22.12,2663
2026-09-27,1.22.13,3019
2026-09-27,1.22.2,2364
2026-09-27,1.22.3,2853
2026-09-27,1.22.4,2279
2026-09-27,1.22.5,6513
2026-09-27,1.22.6,2700
2026-09-27,1.22.7,2797
2026-09-27,1.22.8,2759
2026-09-27,1.22.9,2977
2026-09-27,1.23.0,2630
2026-09-27,1.23.1,2660
2026-09-27,1.23.10,62571
2026-09-27,1.23.2,3248
2026-09-27,1.23.3,2612
2026-09-27,1.23.4,2611
2026-09-27,1.23.5,2621
2026-09-27,1.23.6,2668
2026-09-27,1.23.7,2711
2026-09-27,1.23.8,2816
2026-09-27,1.23.9,3296
2026-09-27,1.24.0,22475
2026-09-27,1.24.1,16810
2026-09-27,1.24.10,18666
2026-09-27,1.24.11,17258
2026-09-27,1.24.12,17346
2026-09-27,1.24.13,17328
2026-09-27,1.24.14,17261
2026-09-27,1.24.15,17709
2026-09-27,1.24.16,17242
2026-09-27,1.24.17,17425
2026-09-27,1.24.18,17280
2026-09-27,1.24.19,17276
2026-09-27,1.24.2,17789
2026-09-27,1.24.20,17273
2026-09-27,1.24.21,17359
2026-09-27,1.24.22,18267
2026-09-27,1.24.23,17340
2026-09-27,1.24.24,17239
2026-09-27,1.24.25,17321
2026-09-27,1.24.26,17277
2026-09-27,1.24.27,17288
2026-09-27,1.24.28,30508
2026-09-27,1.24.29,30396
2026-09-27,1.24.3,17330
2026-09-27,1.24.30,17524
2026-09-27,1.24.31,17247
2026-09-27,1.24.32,41727
2026-09-27,1.24.33,17263
2026-09-27,1.24.34,17504
2026-09-27,1.24.35,17249
2026-09-27,1.24.36,17311
2026-09-27,1.24.37,17320
2026-09-27,1.24.38,17903
2026-09-27,1.24.39,17721
2026-09-27,1.24.4,16923
2026-09-27,1.24.40,17378
2026-09-27,1.24.41,17244
2026-09-27,1.24.42,17267
2026-09-27,1.24.43,17556
2026-09-27,1.24.44,18273
2026-09-27,1.24.45,17263
2026-09-27,1.24.46,17388
2026-09-27,1.24.47,17239
2026-09-27,1.24.48,17293
2026-09-27,1.24.49,17284
2026-09-27,1.24.5,17452
2026-09-27,1.24.50,17361
2026-09-27,1.24.51,17573
2026-09-27,1.24.52,17832
2026-09-27,1.24.53,17278
2026-09-27,1.24.54,17291
2026-09-27,1.24.55,17263
2026-09-27,1.24.56,17337
2026-09-27,1.24.57,19473
2026-09-27,1.24.58,17257
2026-09-27,1.24.59,30687
2026-09-27,1.24.6,17301
2026-09-27,1.24.60,21474
2026-09-27,1.24.61,18418
2026-09-27,1.24.62,18990
2026-09-27,1.24.63,18629
2026-09-27,1.24.64,21204
2026-09-27,1.24.65,18549
2026-09-27,1.24.66,18512
2026-09-27,1.24.67,18427
2026-09-27,1.24.68,18547
2026-09-27,1.24.69,18391
2026-09-27,1.24.7,17527
2026-09-27,1.24.70,28554
2026-09-27,1.24.71,18548
2026-09-27,1.24.72,18504
2026-09-27,1.24.73,18409
2026-09-27,1.24.74,18478
2026-09-27,1.24.75,18521
2026-09-27,1.24.76,19236
2026-09-27,1.24.77,18428
2026-09-27,1.24.78,18422
2026-09-27,1.24.79,18447
2026-09-27,1.24.8,17645
2026-09-27,1.24.80,18682
2026-09-27,1.24.81,18580
2026-09-27,1.24.82,18583
2026-09-27,1.24.83,18423
2026-09-27,1.24.84,18470
2026-09-27,1.24.85,18411
2026-09-27,1.24.86,18555
2026-09-27,1.24.87,18452
2026-09-27,1.24.88,18488
2026-09-27,1.24.89,18701
2026-09-27,1.24.9,17244
2026-09-27,1.24.90,20339
2026-09-27,1.24.91,18450
2026-09-27,1.24.92,18405
2026-09-27,1.24.93,18464
2026-09-27,1.24.94,18786
2026-09-27,1.24.95,18420
2026-09-27,1.24.96,21361
2026-09-27,1.25.0,18463
2026-09-27,1.25.1,18360
2026-09-27,1.25.2,18418
2026-09-27,1.25.3,18377
2026-09-27,1.25.4,18531
2026-09-27,1.25.5,19811
2026-09-27,1.26.0,22052
2026-09-27,1.26.1,19280
2026-09-27,1.26.10,18464
2026-09-27,1.26.100,78048
2026-09-27,1.26.101,37741
2026-09-27,1.26.102,18988
2026-09-27,1.26.103,17954
2026-09-27,1.26.104,18294
2026-09-27,1.26.105,17931
2026-09-27,1.26.106,17961
2026-09-27,1.26.107,18145
2026-09-27,1.26.108,37383
2026-09-27,1.26.109,18467
2026-09-27,1.26.11,18402
2026-09-27,1.26.110,17993
2026-09-27,1.26.111,18013
2026-09-27,1.26.112,17947
2026-09-27,1.26.113,21337
2026-09-27,1.26.114,18216
2026-09-27,1.26.115,18762
2026-09-27,1.26.116,21131
2026-09-27,1.26.117,19124
2026-09-27,1.26.118,19303
2026-09-27,1.26.119,17970
2026-09-27,1.26.12,18378
2026-09-27,1.26.120,18947
2026-09-27,1.26.121,18093
2026-09-27,1.26.122,18065
2026-09-27,1.26.123,18003
2026-09-27,1.26.124,44931
2026-09-27,1.26.125,17988
2026-09-27,1.26.126,18596
2026-09-27,1.26.127,17976
2026-09-27,1.26.128,17937
2026-09-27,1.26.129,19847
2026-09-27,1.26.13,18533
2026-09-27,1.26.130,18055
2026-09-27,1.26.131,18058
2026-09-27,1.26.132,18151
2026-09-27,1.26.133,21023
2026-09-27,1.26.134,18008
2026-09-27,1.26.135,18753
2026-09-27,1.26.136,18130
2026-09-27,1.26.137,37748
2026-09-27,1.26.138,49676
2026-09-27,1.26.139,18081
2026-09-27,1.26.14,18400
2026-09-27,1.26.140,18199
2026-09-27,1.26.141,20014
2026-09-27,1.26.142,18242
2026-09-27,1.26.143,18126
2026-09-27,1.26.144,18327
2026-09-27,1.26.145,18055
2026-09-27,1.26.146,18172
2026-09-27,1.26.147,18058
2026-09-27,1.26.148,18041
2026-09-27,1.26.149,18015
2026-09-27,1.26.15,18448
2026-09-27,1.26.150,18434
2026-09-27,1.26.151,18489
2026-09-27,1.26.152,18084
2026-09-27,1.26.153,19038
2026-09-27,1.26.154,18054
2026-09-27,1.26.155,18209
2026-09-27,1.26.156,18078
2026-09-27,1.26.157,18060
2026-09-27,1.26.158,18393
2026-09-27,1.26.159,18049
2026-09-27,1.26.16,18609
2026-09-27,1.26.160,18949
2026-09-27,1.26.161,23847
2026-09-27,1.26.162,18077
2026-09-27,1.26.163,18179
2026-09-27,1.26.164,18073
2026-09-27,1.26.165,26126
2026-09-27,1.26.17,18439
2026-09-27,1.26.18,53829
2026-09-27,1.26.19,32357
2026-09-27,1.26.2,18823
2026-09-27,1.26.20,57471
2026-09-27,1.26.21,18410
2026-09-27,1.26.22,18410
2026-09-27,1.26.23,18562
2026-09-27,1.26.24,18561
2026-09-27,1.26.25,19001
2026-09-27,1.26.26,18402
2026-09-27,1.26.27,21424
2026-09-27,1.26.28,20142
2026-09-27,1.26.29,18366
2026-09-27,1.26.3,18416
2026-09-27,1.26.30,18971
2026-09-27,1.26.31,18401
2026-09-27,1.26.32,18702
2026-09-27,1.26.33,18490
2026-09-27,1.26.34,18400
2026-09-27,1.26.35,18473
2026-09-27,1.26.36,18391
2026-09-27,1.26.37,18990
2026-09-27,1.26.38,18365
2026-09-27,1.26.39,18378
2026-09-27,1.26.4,18423
2026-09-27,1.26.40,18361
2026-09-27,1.26.41,19505
2026-09-27,1.26.42,18992
2026-09-27,1.26.43,19146
2026-09-27,1.26.44,18481
2026-09-27,1.26.45,18425
2026-09-27,1.26.46,18493
2026-09-27,1.26.47,18618
2026-09-27,1.26.48,18394
2026-09-27,1.26.49,18406
2026-09-27,1.26.5,18412
2026-09-27,1.26.50,20176
2026-09-27,1.26.51,19085
2026-09-27,1.26.52,18478
2026-09-27,1.26.53,18444
2026-09-27,1.26.54,18516
2026-09-27,1.26.55,18420
2026-09-27,1.26.56,18828
2026-09-27,1.26.57,18397
2026-09-27,1.26.58,18680
2026-09-27,1.26.59,19492
2026-09-27,1.26.6,18392
2026-09-27,1.26.60,18417
2026-09-27,1.26.61,18638
2026-09-27,1.26.62,18499
2026-09-27,1.26.63,18492
2026-09-27,1.26.64,18551
2026-09-27,1.26.65,18452
2026-09-27,1.26.66,18471
2026-09-27,1.26.67,18388
2026-09-27,1.26.68,18788
2026-09-27,1.26.69,18483
2026-09-27,1.26.7,18376
2026-09-27,1.26.70,18540
2026-09-27,1.26.71,18553
2026-09-27,1.26.72,18647
2026-09-27,1.26.73,18759
2026-09-27,1.26.74,19672
2026-09-27,1.26.75,18638
2026-09-27,1.26.76,30434
2026-09-27,1.26.77,18429
2026-09-27,1.26.78,20442
2026-09-27,1.26.79,19656
2026-09-27,1.26.8,18399
2026-09-27,1.26.80,18475
2026-09-27,1.26.81,18520
2026-09-27,1.26.82,18832
2026-09-27,1.26.83,18449
2026-09-27,1.26.84,18732
2026-09-27,1.26.85,18469
2026-09-27,1.26.86,18617
2026-09-27,1.26.87,18960
2026-09-27,1.26.88,18574
2026-09-27,1.26.89,18721
2026-09-27,1.26.9,20176
2026-09-27,1.26.90,50729
2026-09-27,1.26.91,18475
2026-09-27,1.26.92,18599
2026-09-27,1.26.93,19430
2026-09-27,1.26.94,21434
2026-09-27,1.26.95,18554
2026-09-27,1.26.96,18716
2026-09-27,1.26.97,18491
2026-09-27,1.26.98,18526
2026-09-27,1.26.99,22336
2026-09-27,1.27.0,18620
2026-09-27,1.27.1,19045
2026-09-27,1.28.0,30105
2026-09-27,1.28.1,18470
2026-09-27,1.28.10,18483
2026-09-27,1.28.11,18163
2026-09-27,1.28.12,18345
2026-09-27,1.28.13,18039
2026-09-27,1.28.14,18216
2026-09-27,1.28.15,18791
2026-09-27,1.28.16,18231
2026-09-27,1.28.17,43879
2026-09-27,1.28.18,19023
2026-09-27,1.28.19,21188
2026-09-27,1.28.2,19222
2026-09-27,1.28.20,19657
2026-09-27,1.28.21,19022
2026-09-27,1.28.22,19371
2026-09-27,1.28.23,19068
2026-09-27,1.28.24,19007
2026-09-27,1.28.25,19565
2026-09-27,1.28.26,19085
2026-09-27,1.28.27,19124
2026-09-27,1.28.28,19016
2026-09-27,1.28.29,19993
2026-09-27,1.28.3,25708
2026-09-27,1.28.30,19906
2026-09-27,1.28.31,19162
2026-09-27,1.28.32,19079
2026-09-27,1.28.33,19386
2026-09-27,1.28.34,19368
2026-09-27,1.28.35,19015
2026-09-27,1.28.36,19721
2026-09-27,1.28.37,18978
2026-09-27,1.28.38,19090
2026-09-27,1.28.39,19015
2026-09-27,1.28.4,20069
2026-09-27,1.28.40,33960
2026-09-27,1.28.41,19366
2026-09-27,1.28.42,18975
2026-09-27,1.28.43,20871
2026-09-27,1.28.44,19208
2026-09-27,1.28.45,19088
2026-09-27,1.28.46,19075
2026-09-27,1.28.47,18989
2026-09-27,1.28.48,21376
2026-09-27,1.28.49,18983
2026-09-27,1.28.5,18366
2026-09-27,1.28.50,20345
2026-09-27,1.28.51,19610
2026-09-27,1.28.52,19119
2026-09-27,1.28.53,20025
2026-09-27,1.28.54,20220
2026-09-27,1.28.55,19969
2026-09-27,1.28.56,19067
2026-09-27,1.28.57,36056
2026-09-27,1.28.58,20080
2026-09-27,1.28.59,19268
2026-09-27,1.28.6,18318
2026-09-27,1.28.60,19507
2026-09-27,1.28.61,20671
2026-09-27,1.28.62,31323
2026-09-27,1.28.63,29126
2026-09-27,1.28.64,24140
2026-09-27,1.28.65,20731
2026-09-27,1.28.66,21227
2026-09-27,1.28.67,20685
2026-09-27,1.28.68,20720
2026-09-27,1.28.69,20929
2026-09-27,1.28.7,18335
2026-09-27,1.28.70,21302
2026-09-27,1.28.71,20762
2026-09-27,1.28.72,21496
2026-09-27,1.28.73,21250
2026-09-27,1.28.74,27752
2026-09-27,1.28.75,22965
2026-09-27,1.28.76,20718
2026-09-27,1.28.77,20669
2026-09-27,1.28.78,21185
2026-09-27,1.28.79,24918
2026-09-27,1.28.8,18199
2026-09-27,1.28.80,21012
2026-09-27,1.28.81,20651
2026-09-27,1.28.82,21519
2026-09-27,1.28.83,26973
2026-09-27,1.28.84,21727
2026-09-27,1.28.85,25413
2026-09-27,1.28.9,37127
2026-09-27,1.29.0,22061
2026-09-27,1.29.1,21580
2026-09-27,1.29.2,21822
2026-09-27,1.29.3,21499
2026-09-27,1.29.4,21939
2026-09-27,1.29.5,23140
2026-09-27,1.29.6,21827
2026-09-27,1.29.7,23013
2026-09-27,1.3.0,170
2026-09-27,1.3.1,162
2026-09-27,1.33.0,23333
2026-09-27,1.33.1,28564
2026-09-27,1.33.10,21595
2026-09-27,1.33.11,22047
2026-09-27,1.33.12,24027
2026-09-27,1.33.13,858403
2026-09-27,1.33.2,26401
2026-09-27,1.33.3,21867
2026-09-27,1.33.4,22007
2026-09-27,1.33.5,22012
2026-09-27,1.33.6,22241
2026-09-27,1.33.7,22596
2026-09-27,1.33.8,21644
2026-09-27,1.33.9,22645
2026-09-27,1.34.0,69736
2026-09-27,1.34.1,19571
2026-09-27,1.34.10,20180
2026-09-27,1.34.100,75580
2026-09-27,1.34.101,73691
2026-09-27,1.34.102,77371
2026-09-27,1.34.103,73846
2026-09-27,1.34.104,83452
2026-09-27,1.34.105,73738
2026-09-27,1.34.106,82874
2026-09-27,1.34.107,75234
2026-09-27,1.34.108,75824
2026-09-27,1.34.109,75520
2026-09-27,1.34.11,20658
2026-09-27,1.34.110,81184
2026-09-27,1.34.111,75459
2026-09-27,1.34.112,75940
2026-09-27,1.34.113,75692
2026-09-27,1.34.114,75443
2026-09-27,1.34.115,79765
2026-09-27,1.34.116,75368
2026-09-27,1.34.117,76540
2026-09-27,1.34.118,75861
2026-09-27,1.34.119,119350
2026-09-27,1.34.12,22045
2026-09-27,1.34.120,76364
2026-09-27,1.34.121,75348
2026-09-27,1.34.122,75777
2026-09-27,1.34.123,77272
2026-09-27,1.34.124,77046
2026-09-27,1.34.125,75241
2026-09-27,1.34.126,75295
2026-09-27,1.34.127,77533
2026-09-27,1.34.128,75934
2026-09-27,1.34.129,86222
2026-09-27,1.34.13,19626
2026-09-27,1.34.130,76116
2026-09-27,1.34.131,233047
2026-09-27,1.34.132,75877
2026-09-27,1.34.133,80283
2026-09-27,1.34.134,75706
2026-09-27,1.34.135,78248
2026-09-27,1.34.136,76098
2026-09-27,1.34.137,75899
2026-09-27,1.34.138,78410
2026-09-27,1.34.139,76175
2026-09-27,1.34.14,21610
2026-09-27,1.34.140,80027
2026-09-27,1.34.141,80519
2026-09-27,1.34.142,77168
2026-09-27,1.34.143,77660
2026-09-27,1.34.144,94620
2026-09-27,1.34.145,123148
2026-09-27,1.34.146,82031
2026-09-27,1.34.147,78602
2026-09-27,1.34.148,76786
2026-09-27,1.34.149,77335
2026-09-27,1.34.15,25440
2026-09-27,1.34.150,76556
2026-09-27,1.34.151,78720
2026-09-27,1.34.152,75826
2026-09-27,1.34.153,78205
2026-09-27,1.34.154,78293
2026-09-27,1.34.155,75986
2026-09-27,1.34.156,75613
2026-09-27,1.34.157,75505
2026-09-27,1.34.158,76191
2026-09-27,1.34.159,75691
2026-09-27,1.34.16,19439
2026-09-27,1.34.160,75525
2026-09-27,1.34.161,75620
2026-09-27,1.34.162,135643
2026-09-27,1.34.17,19552
2026-09-27,1.34.18,19613
2026-09-27,1.34.19,20045
2026-09-27,1.34.2,19759
2026-09-27,1.34.20,19584
2026-09-27,1.34.21,20178
2026-09-27,1.34.22,20437
2026-09-27,1.34.23,20770
2026-09-27,1.34.24,19510
2026-09-27,1.34.25,20887
2026-09-27,1.34.26,20810
2026-09-27,1.34.27,19536
2026-09-27,1.34.28,19596
2026-09-27,1.34.29,21040
2026-09-27,1.34.3,19254
2026-09-27,1.34.30,19598
2026-09-27,1.34.31,19745
2026-09-27,1.34.32,19700
2026-09-27,1.34.33,19640
2026-09-27,1.34.34,26487
2026-09-27,1.34.35,20212
2026-09-27,1.34.36,20145
2026-09-27,1.34.37,19881
2026-09-27,1.34.38,19624
2026-09-27,1.34.39,22338
2026-09-27,1.34.4,19432
2026-09-27,1.34.40,20510
2026-09-27,1.34.41,19703
2026-09-27,1.34.42,20086
2026-09-27,1.34.43,19850
2026-09-27,1.34.44,20202
2026-09-27,1.34.45,20185
2026-09-27,1.34.46,21942
2026-09-27,1.34.47,19636
2026-09-27,1.34.48,143812
2026-09-27,1.34.49,19799
2026-09-27,1.34.5,19509
2026-09-27,1.34.50,19873
2026-09-27,1.34.51,21978
2026-09-27,1.34.52,19896
2026-09-27,1.34.53,19671
2026-09-27,1.34.54,19841
2026-09-27,1.34.55,19849
2026-09-27,1.34.56,100355
2026-09-27,1.34.57,19595
2026-09-27,1.34.58,20765
2026-09-27,1.34.59,22747
2026-09-27,1.34.6,19673
2026-09-27,1.34.60,20081
2026-09-27,1.34.61,20117
2026-09-27,1.34.62,19614
2026-09-27,1.34.63,21197
2026-09-27,1.34.64,20343
2026-09-27,1.34.65,20246
2026-09-27,1.34.66,19679
2026-09-27,1.34.67,19622
2026-09-27,1.34.68,21103
2026-09-27,1.34.69,94783
2026-09-27,1.34.7,20264
2026-09-27,1.34.70,74524
2026-09-27,1.34.71,73795
2026-09-27,1.34.72,73708
2026-09-27,1.34.73,74046
2026-09-27,1.34.74,74301
2026-09-27,1.34.75,76040
2026-09-27,1.34.76,73751
2026-09-27,1.34.77,74664
2026-09-27,1.34.78,73847
2026-09-27,1.34.79,173416
2026-09-27,1.34.8,19486
2026-09-27,1.34.80,73707
2026-09-27,1.34.81,73953
2026-09-27,1.34.82,73729
2026-09-27,1.34.83,74190
2026-09-27,1.34.84,74954
2026-09-27,1.34.85,88939
2026-09-27,1.34.86,73539
2026-09-27,1.34.87,83790
2026-09-27,1.34.88,73705
2026-09-27,1.34.89,73731
2026-09-27,1.34.9,19492
2026-09-27,1.34.90,74072
2026-09-27,1.34.91,73614
2026-09-27,1.34.92,73787
2026-09-27,1.34.93,74145
2026-09-27,1.34.94,76924
2026-09-27,1.34.95,73542
2026-09-27,1.34.96,74033
2026-09-27,1.34.97,73489
2026-09-27,1.34.98,73726
2026-09-27,1.34.99,73748
2026-09-27,1.35.0,112273
2026-09-27,1.35.1,76217
2026-09-27,1.35.10,78136
2026-09-27,1.35.11,75976
2026-09-27,1.35.12,87739
2026-09-27,1.35.13,77314
2026-09-27,1.35.14,76549
2026-09-27,1.35.15,77810
2026-09-27,1.35.16,97344
2026-09-27,1.35.17,76211
2026-09-27,1.35.18,76013
2026-09-27,1.35.19,77390
2026-09-27,1.35.2,76090
2026-09-27,1.35.20,76334
2026-09-27,1.35.21,75543
2026-09-27,1.35.22,75585
2026-09-27,1.35.23,76782
2026-09-27,1.35.24,77758
2026-09-27,1.35.25,77537
2026-09-27,1.35.26,75815
2026-09-27,1.35.27,77390
2026-09-27,1.35.28,75725
2026-09-27,1.35.29,76212
2026-09-27,1.35.3,76028
2026-09-27,1.35.30,76005
2026-09-27,1.35.31,76157
2026-09-27,1.35.32,75882
2026-09-27,1.35.33,96517
2026-09-27,1.35.34,76021
2026-09-27,1.35.35,82936
2026-09-27,1.35.36,122016
2026-09-27,1.35.37,76890
2026-09-27,1.35.38,82827
2026-09-27,1.35.39,76692
2026-09-27,1.35.4,76312
2026-09-27,1.35.40,76517
2026-09-27,1.35.41,75972
2026-09-27,1.35.42,83659
2026-09-27,1.35.43,75534
2026-09-27,1.35.44,76514
2026-09-27,1.35.45,75988
2026-09-27,1.35.46,76813
2026-09-27,1.35.47,75741
2026-09-27,1.35.48,75757
2026-09-27,1.35.49,139574
2026-09-27,1.35.5,75924
2026-09-27,1.35.50,75952
2026-09-27,1.35.51,79723
2026-09-27,1.35.52,76455
2026-09-27,1.35.53,76323
2026-09-27,1.35.54,82102
2026-09-27,1.35.55,76690
2026-09-27,1.35.56,75561
2026-09-27,1.35.57,77057
2026-09-27,1.35.58,75786
2026-09-27,1.35.59,75733
2026-09-27,1.35.6,76294
2026-09-27,1.35.60,76094
2026-09-27,1.35.61,75537
2026-09-27,1.35.62,80028
2026-09-27,1.35.63,77048
2026-09-27,1.35.64,76049
2026-09-27,1.35.65,76157
2026-09-27,1.35.66,75978
2026-09-27,1.35.67,75669
2026-09-27,1.35.68,76816
2026-09-27,1.35.69,76413
2026-09-27,1.35.7,101404
2026-09-27,1.35.70,79257
2026-09-27,1.35.71,85983
2026-09-27,1.35.72,76166
2026-09-27,1.35.73,75752
2026-09-27,1.35.74,78888
2026-09-27,1.35.75,76107
2026-09-27,1.35.76,87093
2026-09-27,1.35.77,76034
2026-09-27,1.35.78,77439
2026-09-27,1.35.79,76316
2026-09-27,1.35.8,76329
2026-09-27,1.35.80,77718
2026-09-27,1.35.81,85150
2026-09-27,1.35.82,76210
2026-09-27,1.35.83,75677
2026-09-27,1.35.84,84592
2026-09-27,1.35.85,75685
2026-09-27,1.35.86,77285
2026-09-27,1.35.87,77030
2026-09-27,1.35.88,76317
2026-09-27,1.35.89,99555
2026-09-27,1.35.9,78016
2026-09-27,1.35.90,83145
2026-09-27,1.35.91,75788
2026-09-27,1.35.92,78293
2026-09-27,1.35.93,78931
2026-09-27,1.35.94,76650
2026-09-27,1.35.95,76492
2026-09-27,1.35.96,77042
2026-09-27,1.35.97,77005
2026-09-27,1.35.98,77182
2026-09-27,1.35.99,218156
2026-09-27,1.36.0,84886
2026-09-27,1.36.1,95935
2026-09-27,1.36.10,76039
2026-09-27,1.36.11,77606
2026-09-27,1.36.12,75697
2026-09-27,1.36.13,75938
2026-09-27,1.36.14,76647
2026-09-27,1.36.15,75780
2026-09-27,1.36.16,76594
2026-09-27,1.36.17,77683
2026-09-27,1.36.18,77703
2026-09-27,1.36.19,77074
2026-09-27,1.36.2,102222
2026-09-27,1.36.20,76864
2026-09-27,1.36.21,76776
2026-09-27,1.36.22,80815
2026-09-27,1.36.23,78984
2026-09-27,1.36.24,76185
2026-09-27,1.36.25,75956
2026-09-27,1.36.26,78598
2026-09-27,1.36.3,163634
2026-09-27,1.36.4,76224
2026-09-27,1.36.5,78659
2026-09-27,1.36.6,75979
2026-09-27,1.36.7,78925
2026-09-27,1.36.8,76932
2026-09-27,1.36.9,77053
2026-09-27,1.37.0,76986
2026-09-27,1.37.1,86175
2026-09-27,1.37.10,76770
2026-09-27,1.37.11,78892
2026-09-27,1.37.12,76875
2026-09-27,1.37.13,79080
2026-09-27,1.37.14,76478
2026-09-27,1.37.15,76232
2026-09-27,1.37.16,75967
2026-09-27,1.37.17,76591
2026-09-27,1.37.18,76980
2026-09-27,1.37.19,77116
2026-09-27,1.37.2,78546
2026-09-27,1.37.20,80893
2026-09-27,1.37.21,76098
2026-09-27,1.37.22,77215
2026-09-27,1.37.23,76955
2026-09-27,1.37.24,77831
2026-09-27,1.37.25,76122
2026-09-27,1.37.26,77363
2026-09-27,1.37.27,77607
2026-09-27,1.37.28,77504
2026-09-27,1.37.29,79619
2026-09-27,1.37.3,108195
2026-09-27,1.37.30,76042
2026-09-27,1.37.31,82793
2026-09-27,1.37.32,76188
2026-09-27,1.37.33,76686
2026-09-27,1.37.34,78201
2026-09-27,1.37.35,76344
2026-09-27,1.37.36,76698
2026-09-27,1.37.37,76413
2026-09-27,1.37.38,495732
2026-09-27,1.37.4,78856
2026-09-27,1.37.5,82646
2026-09-27,1.37.6,77183
2026-09-27,1.37.7,345189
2026-09-27,1.37.8,76052
2026-09-27,1.37.9,89464
2026-09-27,1.38.0,78404
2026-09-27,1.38.1,76290
2026-09-27,1.38.10,76399
2026-09-27,1.38.11,76021
2026-09-27,1.38.12,81061
2026-09-27,1.38.13,77147
2026-09-27,1.38.14,81406
2026-09-27,1.38.15,77238
2026-09-27,1.38.16,76797
2026-09-27,1.38.17,77758
2026-09-27,1.38.18,79862
2026-09-27,1.38.19,76052
2026-09-27,1.38.2,75934
2026-09-27,1.38.20,76429
2026-09-27,1.38.21,76561
2026-09-27,1.38.22,79067
2026-09-27,1.38.23,80392
2026-09-27,1.38.24,77334
2026-09-27,1.38.25,113388
2026-09-27,1.38.26,76392
2026-09-27,1.38.27,102250
2026-09-27,1.38.28,78005
2026-09-27,1.38.29,76919
2026-09-27,1.38.3,75959
2026-09-27,1.38.30,77893
2026-09-27,1.38.31,76522
2026-09-27,1.38.32,78283
2026-09-27,1.38.33,77292
2026-09-27,1.38.34,77570
2026-09-27,1.38.35,76514
2026-09-27,1.38.36,81286
2026-09-27,1.38.37,79331
2026-09-27,1.38.38,85225
2026-09-27,1.38.39,76684
2026-09-27,1.38.4,75746
2026-09-27,1.38.40,76453
2026-09-27,1.38.41,78718
2026-09-27,1.38.42,92521
2026-09-27,1.38.43,77826
2026-09-27,1.38.44,77041
2026-09-27,1.38.45,76480
2026-09-27,1.38.46,82071
2026-09-27,1.38.5,76578
2026-09-27,1.38.6,76111
2026-09-27,1.38.7,76208
2026-09-27,1.38.8,76508
2026-09-27,1.38.9,78082
2026-09-27,1.39.0,78921
2026-09-27,1.39.1,85037
2026-09-27,1.39.10,77092
2026-09-27,1.39.11,102106
2026-09-27,1.39.12,77868
2026-09-27,1.39.13,77171
2026-09-27,1.39.14,77707
2026-09-27,1.39.15,83314
2026-09-27,1.39.16,78680
2026-09-27,1.39.17,80712
2026-09-27,1.39.2,78382
2026-09-27,1.39.3,88760
2026-09-27,1.39.4,80043
2026-09-27,1.39.5,76308
2026-09-27,1.39.6,76612
2026-09-27,1.39.7,84276
2026-09-27,1.39.8,77841
2026-09-27,1.39.9,77987
2026-09-27,1.4.0,342
2026-09-27,1.4.1,548
2026-09-27,1.4.2,174
2026-09-27,1.4.3,67
2026-09-27,1.4.4,876
2026-09-27,1.4.5,121
2026-09-27,1.4.6,81
2026-09-27,1.4.7,333
2026-09-27,1.4.8,576
2026-09-27,1.40.0,84966
2026-09-27,1.40.1,77964
2026-09-27,1.40.10,76506
2026-09-27,1.40.11,79477
2026-09-27,1.40.12,77742
2026-09-27,1.40.13,77118
2026-09-27,1.40.14,85004
2026-09-27,1.40.15,76944
2026-09-27,1.40.16,78204
2026-09-27,1.40.17,76793
2026-09-27,1.40.18,93483
2026-09-27,1.40.19,77543
2026-09-27,1.40.2,82812
2026-09-27,1.40.20,77373
2026-09-27,1.40.21,82130
2026-09-27,1.40.22,78324
2026-09-27,1.40.23,83154
2026-09-27,1.40.24,76813
2026-09-27,1.40.25,78577
2026-09-27,1.40.26,77149
2026-09-27,1.40.27,77117
2026-09-27,1.40.28,79235
2026-09-27,1.40.29,78821
2026-09-27,1.40.3,77253
2026-09-27,1.40.30,91848
2026-09-27,1.40.31,88879
2026-09-27,1.40.32,91620
2026-09-27,1.40.33,77806
2026-09-27,1.40.34,78222
2026-09-27,1.40.35,78565
2026-09-27,1.40.36,78833
2026-09-27,1.40.37,77986
2026-09-27,1.40.38,77359
2026-09-27,1.40.39,77386
2026-09-27,1.40.4,78348
2026-09-27,1.40.40,93961
2026-09-27,1.40.41,77827
2026-09-27,1.40.42,78524
2026-09-27,1.40.43,77229
2026-09-27,1.40.44,76824
2026-09-27,1.40.45,82288
2026-09-27,1.40.46,78924
2026-09-27,1.40.47,78379
2026-09-27,1.40.48,78504
2026-09-27,1.40.49,103620
2026-09-27,1.40.5,78065
2026-09-27,1.40.50,80571
2026-09-27,1.40.51,77345
2026-09-27,1.40.52,84686
2026-09-27,1.40.53,77459
2026-09-27,1.40.54,77374
2026-09-27,1.40.55,79735
2026-09-27,1.40.56,78600
2026-09-27,1.40.57,77652
2026-09-27,1.40.58,78660
2026-09-27,1.40.59,78634
2026-09-27,1.40.6,78857
2026-09-27,1.40.60,79561
2026-09-27,1.40.61,472921
2026-09-27,1.40.62,83724
2026-09-27,1.40.63,77097
2026-09-27,1.40.64,79130
2026-09-27,1.40.65,77311
2026-09-27,1.40.66,83410
2026-09-27,1.40.67,78404
2026-09-27,1.40.68,77425
2026-09-27,1.40.69,80540
2026-09-27,1.40.7,76671
2026-09-27,1.40.70,79198
2026-09-27,1.40.71,77577
2026-09-27,1.40.72,77582
2026-09-27,1.40.73,77529
2026-09-27,1.40.74,80302
2026-09-27,1.40.75,86047
2026-09-27,1.40.76,96502
2026-09-27,1.40.8,77263
2026-09-27,1.40.9,77922
2026-09-27,1.41.0,80296
2026-09-27,1.41.1,77204
2026-09-27,1.41.2,81408
2026-09-27,1.41.3,82213
2026-09-27,1.41.4,77429
2026-09-27,1.41.5,194951
2026-09-27,1.42.0,132282
2026-09-27,1.42.1,131820
2026-09-27,1.42.10,131080
2026-09-27,1.42.11,132273
2026-09-27,1.42.12,134061
2026-09-27,1.42.13,130498
2026-09-27,1.42.14,133040
2026-09-27,1.42.15,130115
2026-09-27,1.42.16,148357
2026-09-27,1.42.17,154623
2026-09-27,1.42.18,136951
2026-09-27,1.42.19,133091
2026-09-27,1.42.2,132552
2026-09-27,1.42.20,129990
2026-09-27,1.42.21,132396
2026-09-27,1.42.22,159263
2026-09-27,1.42.23,155441
2026-09-27,1.42.24,150070
2026-09-27,1.42.25,155390
2026-09-27,1.42.26,150426
2026-09-27,1.42.27,149275
2026-09-27,1.42.28,150754
2026-09-27,1.42.29,149812
2026-09-27,1.42.3,133698
2026-09-27,1.42.30,164368
2026-09-27,1.42.31,166769
2026-09-27,1.42.32,149047
2026-09-27,1.42.33,150145
2026-09-27,1.42.34,154082
2026-09-27,1.42.35,158329
2026-09-27,1.42.36,150621
2026-09-27,1.42.37,151479
2026-09-27,1.42.38,150201
2026-09-27,1.42.39,160721
2026-09-27,1.42.4,132069
2026-09-27,1.42.40,150148
2026-09-27,1.42.41,152450
2026-09-27,1.42.42,153636
2026-09-27,1.42.43,153481
2026-09-27,1.42.44,157660
2026-09-27,1.42.45,149439
2026-09-27,1.42.46,150280
2026-09-27,1.42.47,154414
2026-09-27,1.42.48,152957
2026-09-27,1.42.49,154396
2026-09-27,1.42.5,133861
2026-09-27,1.42.50,165081
2026-09-27,1.42.51,151972
2026-09-27,1.42.52,150714
2026-09-27,1.42.53,150198
2026-09-27,1.42.54,161408
2026-09-27,1.42.55,155354
2026-09-27,1.42.56,156968
2026-09-27,1.42.57,155339
2026-09-27,1.42.58,165707
2026-09-27,1.42.59,156758
2026-09-27,1.42.6,130750
2026-09-27,1.42.60,178683
2026-09-27,1.42.61,158951
2026-09-27,1.42.62,160076
2026-09-27,1.42.63,187882
2026-09-27,1.42.64,153323
2026-09-27,1.42.65,152838
2026-09-27,1.42.66,155062
2026-09-27,1.42.67,151509
2026-09-27,1.42.68,216899
2026-09-27,1.42.69,152457
2026-09-27,1.42.7,135183
2026-09-27,1.42.70,162129
2026-09-27,1.42.71,163815
2026-09-27,1.42.72,153104
2026-09-27,1.42.73,153542
2026-09-27,1.42.74,154164
2026-09-27,1.42.75,162993
2026-09-27,1.42.76,153824
2026-09-27,1.42.77,154379
2026-09-27,1.42.78,153648
2026-09-27,1.42.79,153404
2026-09-27,1.42.8,129960
2026-09-27,1.42.80,153451
2026-09-27,1.42.81,155836
2026-09-27,1.42.82,160008
2026-09-27,1.42.83,159172
2026-09-27,1.42.84,158228
2026-09-27,1.42.85,157790
2026-09-27,1.42.86,152490
2026-09-27,1.42.87,98666
2026-09-27,1.42.88,156633
2026-09-27,1.42.89,253836
2026-09-27,1.42.9,130823
2026-09-27,1.42.90,159656
2026-09-27,1.42.91,163701
2026-09-27,1.42.92,156030
2026-09-27,1.42.93,159557
2026-09-27,1.42.94,155058
2026-09-27,1.42.95,157192
2026-09-27,1.42.96,161964
2026-09-27,1.42.97,2311373
2026-09-27,1.43.0,94968
2026-09-27,1.43.1,40604
2026-09-27,1.43.10,34180
2026-09-27,1.43.100,69270
2026-09-27,1.43.101,71830
2026-09-27,1.43.102,67256
2026-09-27,1.43.103,4714720
2026-09-27,1.43.11,30122
2026-09-27,1.43.12,32171
2026-09-27,1.43.13,39790
2026-09-27,1.43.14,54822
2026-09-27,1.43.15,32047
2026-09-27,1.43.16,40637
2026-09-27,1.43.17,33102
2026-09-27,1.43.18,40582
2026-09-27,1.43.19,29937
2026-09-27,1.43.2,42838
2026-09-27,1.43.20,27136
2026-09-27,1.43.21,35403
2026-09-27,1.43.22,34646
2026-09-27,1.43.23,29377
2026-09-27,1.43.24,48713
2026-09-27,1.43.25,33585
2026-09-27,1.43.26,33235
2026-09-27,1.43.27,31376
2026-09-27,1.43.28,31595
2026-09-27,1.43.29,36574
2026-09-27,1.43.3,31867
2026-09-27,1.43.30,30827
2026-09-27,1.43.31,34917
2026-09-27,1.43.32,30702
2026-09-27,1.43.33,33973
2026-09-27,1.43.34,52199
2026-09-27,1.43.35,27557
2026-09-27,1.43.36,90046
2026-09-27,1.43.37,42163
2026-09-27,1.43.38,32265
2026-09-27,1.43.39,34902
2026-09-27,1.43.4,28979
2026-09-27,1.43.40,52070
2026-09-27,1.43.41,57873
2026-09-27,1.43.42,33332
2026-09-27,1.43.43,28009
2026-09-27,1.43.44,31223
2026-09-27,1.43.45,40775
2026-09-27,1.43.46,76682
2026-09-27,1.43.47,34343
2026-09-27,1.43.48,32807
2026-09-27,1.43.49,39428
2026-09-27,1.43.5,32912
2026-09-27,1.43.50,38359
2026-09-27,1.43.51,39962
2026-09-27,1.43.52,43538
2026-09-27,1.43.53,33267
2026-09-27,1.43.54,36040
2026-09-27,1.43.55,66395
2026-09-27,1.43.56,103777
2026-09-27,1.43.57,38498
2026-09-27,1.43.58,37980
2026-09-27,1.43.59,34479
2026-09-27,1.43.6,56407
2026-09-27,1.43.60,27638
2026-09-27,1.43.61,29822
2026-09-27,1.43.62,46872
2026-09-27,1.43.63,50627
2026-09-27,1.43.64,41265
2026-09-27,1.43.65,35340
2026-09-27,1.43.66,36260
2026-09-27,1.43.67,60277
2026-09-27,1.43.68,33824
2026-09-27,1.43.69,31997
2026-09-27,1.43.7,30916
2026-09-27,1.43.70,63261
2026-09-27,1.43.71,39048
2026-09-27,1.43.72,57967
2026-09-27,1.43.73,38830
2026-09-27,1.43.74,32587
2026-09-27,1.43.75,175600
2026-09-27,1.43.76,31434
2026-09-27,1.43.77,45141
2026-09-27,1.43.78,52456
2026-09-27,1.43.79,35376
2026-09-27,1.43.8,41208
2026-09-27,1.43.80,37560
2026-09-27,1.43.81,42257
2026-09-27,1.43.82,41426
2026-09-27,1.43.83,70869
2026-09-27,1.43.84,31150
2026-09-27,1.43.85,40299
2026-09-27,1.43.86,59549
2026-09-27,1.43.87,39771
2026-09-27,1.43.88,41711
2026-09-27,1.43.89,105703
2026-09-27,1.43.9,40497
2026-09-27,1.43.90,44130
2026-09-27,1.43.91,49202
2026-09-27,1.43.92,43774
2026-09-27,1.43.93,118250
2026-09-27,1.43.94,46220
2026-09-27,1.43.95,45561
2026-09-27,1.43.96,53883
2026-09-27,1.43.97,129373
2026-09-27,1.43.98,114963
2026-09-27,1.43.99,63456
2026-09-27,1.5.0,500
2026-09-27,1.5.1,68
2026-09-27,1.5.10,68
2026-09-27,1.5.11,56
2026-09-27,1.5.12,73
2026-09-27,1.5.13,62
2026-09-27,1.5.14,60
2026-09-27,1.5.15,57
2026-09-27,1.5.16,58
2026-09-27,1.5.17,58
2026-09-27,1.5.18,59
2026-09-27,1.5.19,71
2026-09-27,1.5.2,57
2026-09-27,1.5.20,64
2026-09-27,1.5.21,61
2026-09-27,1.5.22,84
2026-09-27,1.5.23,59
2026-09-27,1.5.24,138
2026-09-27,1.5.25,68
2026-09-27,1.5.26,83
2026-09-27,1.5.27,59
2026-09-27,1.5.28,60
2026-09-27,1.5.29,58
2026-09-27,1.5.3,63
2026-09-27,1.5.30,61
2026-09-27,1.5.31,61
2026-09-27,1.5.32,110
2026-09-27,1.5.33,69
2026-09-27,1.5.34,65
2026-09-27,1.5.35,59
2026-09-27,1.5.36,86
2026-09-27,1.5.4,58
2026-09-27,1.5.5,67
2026-09-27,1.5.6,119
2026-09-27,1.5.7,61
2026-09-27,1.5.8,58
2026-09-27,1.5.9,59
2026-09-27,1.6.0,74
2026-09-27,1.6.1,58
2026-09-27,1.6.10,61
2026-09-27,1.6.11,64
2026-09-27,1.6.12,69
2026-09-27,1.6.13,61
2026-09-27,1.6.14,73
2026-09-27,1.6.15,66
2026-09-27,1.6.16,70
2026-09-27,1.6.17,64
2026-09-27,1.6.18,65
2026-09-27,1.6.19,70
2026-09-27,1.6.2,61
2026-09-27,1.6.20,68
2026-09-27,1.6.21,68
2026-09-27,1.6.22,70
2026-09-27,1.6.23,84
2026-09-27,1.6.3,74
2026-09-27,1.6.4,70
2026-09-27,1.6.5,65
2026-09-27,1.6.6,61
2026-09-27,1.6.7,65
2026-09-27,1.6.8,66
2026-09-27,1.6.9,62
2026-09-27,1.7.0,82
2026-09-27,1.7.1,66
2026-09-27,1.7.10,76
2026-09-27,1.7.11,82
2026-09-27,1.7.12,201
2026-09-27,1.7.13,73
2026-09-27,1.7.14,190
2026-09-27,1.7.15,73
2026-09-27,1.7.16,72
2026-09-27,1.7.17,73
2026-09-27,1.7.18,78
2026-09-27,1.7.19,193
2026-09-27,1.7.2,74
2026-09-27,1.7.20,74
2026-09-27,1.7.21,72
2026-09-27,1.7.22,73
2026-09-27,1.7.23,74
2026-09-27,1.7.24,85
2026-09-27,1.7.25,88
2026-09-27,1.7.26,73
2026-09-27,1.7.27,77
2026-09-27,1.7.28,73
2026-09-27,1.7.29,77
2026-09-27,1.7.3,83
2026-09-27,1.7.30,80
2026-09-27,1.7.31,91
2026-09-27,1.7.32,401
2026-09-27,1.7.33,90
2026-09-27,1.7.34,81
2026-09-27,1.7.35,84
2026-09-27,1.7.36,78
2026-09-27,1.7.37,90
2026-09-27,1.7.38,81
2026-09-27,1.7.39,83
2026-09-27,1.7.4,290
2026-09-27,1.7.40,95
2026-09-27,1.7.41,87
2026-09-27,1.7.42,81
2026-09-27,1.7.43,85
2026-09-27,1.7.44,85
2026-09-27,1.7.45,86
2026-09-27,1.7.46,91
2026-09-27,1.7.47,117
2026-09-27,1.7.48,101
2026-09-27,1.7.49,533
2026-09-27,1.7.5,71
2026-09-27,1.7.50,191
2026-09-27,1.7.51,95
2026-09-27,1.7.52,87
2026-09-27,1.7.53,83
2026-09-27,1.7.54,85
2026-09-27,1.7.55,89
2026-09-27,1.7.56,254
2026-09-27,1.7.57,87
2026-09-27,1.7.58,125
2026-09-27,1.7.59,96
2026-09-27,1.7.6,74
2026-09-27,1.7.60,88
2026-09-27,1.7.61,91
2026-09-27,1.7.62,113
2026-09-27,1.7.63,90
2026-09-27,1.7.64,90
2026-09-27,1.7.65,92
2026-09-27,1.7.66,144
2026-09-27,1.7.67,95
2026-09-27,1.7.68,89
2026-09-27,1.7.69,93
2026-09-27,1.7.7,68
2026-09-27,1.7.70,113
2026-09-27,1.7.71,96
2026-09-27,1.7.72,95
2026-09-27,1.7.73,92
2026-09-27,1.7.74,105
2026-09-27,1.7.75,97
2026-09-27,1.7.76,101
2026-09-27,1.7.77,108
2026-09-27,1.7.78,211
2026-09-27,1.7.79,101
2026-09-27,1.7.8,85
2026-09-27,1.7.80,103
2026-09-27,1.7.81,95
2026-09-27,1.7.82,94
2026-09-27,1.7.83,94
2026-09-27,1.7.84,906
2026-09-27,1.7.9,73
2026-09-27,1.8.0,391
2026-09-27,1.8.1,387
2026-09-27,1.8.2,385
2026-09-27,1.8.3,388
2026-09-27,1.8.4,390
2026-09-27,1.8.5,398
2026-09-27,1.8.6,392
2026-09-27,1.8.7,402
2026-09-27,1.8.8,392
2026-09-27,1.8.9,467
2026-09-27,1.9.0,419
2026-09-27,1.9.1,388
2026-09-27,1.9.10,385
2026-09-27,1.9.100,406
2026-09-27,1.9.101,446
2026-09-27,1.9.102,412
2026-09-27,1.9.103,414
2026-09-27,1.9.104,592
2026-09-27,1.9.105,410
2026-09-27,1.9.106,410
2026-09-27,1.9.107,426
2026-09-27,1.9.108,411
2026-09-27,1.9.109,443
2026-09-27,1.9.11,386
2026-09-27,1.9.110,404
2026-09-27,1.9.111,421
2026-09-27,1.9.112,428
2026-09-27,1.9.113,422
2026-09-27,1.9.114,459
2026-09-27,1.9.115,832
2026-09-27,1.9.116,758
2026-09-27,1.9.117,438
2026-09-27,1.9.118,410
2026-09-27,1.9.119,412
2026-09-27,1.9.12,385
2026-09-27,1.9.120,483
2026-09-27,1.9.121,405
2026-09-27,1.9.122,409
2026-09-27,1.9.123,407
2026-09-27,1.9.124,404
2026-09-27,1.9.125,418
2026-09-27,1.9.126,411
2026-09-27,1.9.127,404
2026-09-27,1.9.128,412
2026-09-27,1.9.129,434
2026-09-27,1.9.13,397
2026-09-27,1.9.130,508
2026-09-27,1.9.131,416
2026-09-27,1.9.132,421
2026-09-27,1.9.133,409
2026-09-27,1.9.134,420
2026-09-27,1.9.135,408
2026-09-27,1.9.136,405
2026-09-27,1.9.137,416
2026-09-27,1.9.138,412
2026-09-27,1.9.139,1443
2026-09-27,1.9.14,387
2026-09-27,1.9.140,433
2026-09-27,1.9.141,448
2026-09-27,1.9.142,486
2026-09-27,1.9.143,413
2026-09-27,1.9.144,407
2026-09-27,1.9.145,537
2026-09-27,1.9.146,447
2026-09-27,1.9.147,419
2026-09-27,1.9.148,423
2026-09-27,1.9.149,435
2026-09-27,1.9.15,387
2026-09-27,1.9.150,411
2026-09-27,1.9.151,411
2026-09-27,1.9.152,412
2026-09-27,1.9.153,408
2026-09-27,1.9.154,412
2026-09-27,1.9.155,410
2026-09-27,1.9.156,421
2026-09-27,1.9.157,406
2026-09-27,1.9.158,434
2026-09-27,1.9.159,426
2026-09-27,1.9.16,397
2026-09-27,1.9.160,421
2026-09-27,1.9.161,410
2026-09-27,1.9.162,586
2026-09-27,1.9.163,415
2026-09-27,1.9.164,409
2026-09-27,1.9.165,411
2026-09-27,1.9.166,417
2026-09-27,1.9.167,447
2026-09-27,1.9.168,417
2026-09-27,1.9.169,412
2026-09-27,1.9.17,408
2026-09-27,1.9.170,424
2026-09-27,1.9.171,436
2026-09-27,1.9.172,438
2026-09-27,1.9.173,420
2026-09-27,1.9.174,459
2026-09-27,1.9.175,413
2026-09-27,1.9.176,416
2026-09-27,1.9.177,411
2026-09-27,1.9.178,425
2026-09-27,1.9.179,431
2026-09-27,1.9.18,389
2026-09-27,1.9.180,474
2026-09-27,1.9.181,480
2026-09-27,1.9.182,425
2026-09-27,1.9.183,433
2026-09-27,1.9.184,415
2026-09-27,1.9.185,438
2026-09-27,1.9.186,418
2026-09-27,1.9.187,420
2026-09-27,1.9.188,556
2026-09-27,1.9.189,434
2026-09-27,1.9.19,388
2026-09-27,1.9.190,474
2026-09-27,1.9.191,420
2026-09-27,1.9.192,420
2026-09-27,1.9.193,419
2026-09-27,1.9.194,420
2026-09-27,1.9.195,421
2026-09-27,1.9.196,428
2026-09-27,1.9.197,464
2026-09-27,1.9.198,457
2026-09-27,1.9.199,471
2026-09-27,1.9.2,395
2026-09-27,1.9.20,394
2026-09-27,1.9.200,427
2026-09-27,1.9.201,528
2026-09-27,1.9.202,425
2026-09-27,1.9.203,434
2026-09-27,1.9.204,423
2026-09-27,1.9.205,457
2026-09-27,1.9.206,423
2026-09-27,1.9.207,448
2026-09-27,1.9.208,523
2026-09-27,1.9.209,423
2026-09-27,1.9.21,388
2026-09-27,1.9.210,430
2026-09-27,1.9.211,430
2026-09-27,1.9.212,437
2026-09-27,1.9.213,441
2026-09-27,1.9.214,686
2026-09-27,1.9.215,434
2026-09-27,1.9.216,435
2026-09-27,1.9.217,426
2026-09-27,1.9.218,433
2026-09-27,1.9.219,426
2026-09-27,1.9.22,403
2026-09-27,1.9.220,447
2026-09-27,1.9.221,430
2026-09-27,1.9.222,443
2026-09-27,1.9.223,428
2026-09-27,1.9.224,441
2026-09-27,1.9.225,493
2026-09-27,1.9.226,433
2026-09-27,1.9.227,437
2026-09-27,1.9.228,436
2026-09-27,1.9.229,596
2026-09-27,1.9.23,389
2026-09-27,1.9.230,445
2026-09-27,1.9.231,431
2026-09-27,1.9.232,899
2026-09-27,1.9.233,451
2026-09-27,1.9.234,456
2026-09-27,1.9.235,453
2026-09-27,1.9.236,453
2026-09-27,1.9.237,450
2026-09-27,1.9.238,447
2026-09-27,1.9.239,450
2026-09-27,1.9.24,398
2026-09-27,1.9.240,451
2026-09-27,1.9.241,450
2026-09-27,1.9.242,472
2026-09-27,1.9.243,469
2026-09-27,1.9.244,456
2026-09-27,1.9.245,457
2026-09-27,1.9.246,452
2026-09-27,1.9.247,458
2026-09-27,1.9.248,454
2026-09-27,1.9.249,459
2026-09-27,1.9.25,395
2026-09-27,1.9.250,461
2026-09-27,1.9.251,1187
2026-09-27,1.9.252,465
2026-09-27,1.9.253,1577
2026-09-27,1.9.26,406
2026-09-27,1.9.27,1120
2026-09-27,1.9.28,420
2026-09-27,1.9.29,394
2026-09-27,1.9.3,396
2026-09-27,1.9.30,402
2026-09-27,1.9.31,403
2026-09-27,1.9.32,431
2026-09-27,1.9.33,458
2026-09-27,1.9.34,398
2026-09-27,1.9.35,397
2026-09-27,1.9.36,397
2026-09-27,1.9.37,416
2026-09-27,1.9.38,396
2026-09-27,1.9.39,452
2026-09-27,1.9.4,441
2026-09-27,1.9.40,402
2026-09-27,1.9.41,395
2026-09-27,1.9.42,409
2026-09-27,1.9.43,402
2026-09-27,1.9.44,423
2026-09-27,1.9.45,397
2026-09-27,1.9.46,397
2026-09-27,1.9.47,447
2026-09-27,1.9.48,415
2026-09-27,1.9.49,406
2026-09-27,1.9.5,384
2026-09-27,1.9.50,405
2026-09-27,1.9.51,432
2026-09-27,1.9.52,401
2026-09-27,1.9.53,404
2026-09-27,1.9.54,397
2026-09-27,1.9.55,413
2026-09-27,1.9.56,407
2026-09-27,1.9.57,499
2026-09-27,1.9.58,400
2026-09-27,1.9.59,401
2026-09-27,1.9.6,385
2026-09-27,1.9.60,403
2026-09-27,1.9.61,401
2026-09-27,1.9.62,415
2026-09-27,1.9.63,401
2026-09-27,1.9.64,415
2026-09-27,1.9.65,400
2026-09-27,1.9.66,427
2026-09-27,1.9.67,403
2026-09-27,1.9.68,410
2026-09-27,1.9.69,402
2026-09-27,1.9.7,389
2026-09-27,1.9.70,403
2026-09-27,1.9.71,516
2026-09-27,1.9.72,402
2026-09-27,1.9.73,404
2026-09-27,1.9.74,410
2026-09-27,1.9.75,417
2026-09-27,1.9.76,409
2026-09-27,1.9.77,404
2026-09-27,1.9.78,404
2026-09-27,1.9.79,414
2026-09-27,1.9.8,385
2026-09-27,1.9.80,409
2026-09-27,1.9.81,833
2026-09-27,1.9.82,403
2026-09-27,1.9.83,420
2026-09-27,1.9.84,443
2026-09-27,1.9.85,406
2026-09-27,1.9.86,646
2026-09-27,1.9.87,480
2026-09-27,1.9.88,424
2026-09-27,1.9.89,403
2026-09-27,1.9.9,386
2026-09-27,1.9.90,405
2026-09-27,1.9.91,460
2026-09-27,1.9.92,405
2026-09-27,1.9.93,415
2026-09-27,1.9.94,411
2026-09-27,1.9.95,422
2026-09-27,1.9.96,416
2026-09-27,1.9.97,404
2026-09-27,1.9.98,412
2026-09-27,1.9.99,449
