date,version,n
2026-09-21,0.49.2343,2
2026-09-21,0.49.2348,2
2026-09-21,0.49.2364,2
2026-09-21,0.49.2379,2
2026-09-21,0.49.2385,2
2026-09-21,0.49.2389,2
2026-09-21,0.49.2399,2
2026-09-21,0.49.2401,2
2026-09-21,0.49.2406,2
2026-09-21,0.49.2418,2
2026-09-21,0.49.2429,2
2026-09-21,0.49.2437,2
2026-09-21,0.49.2455,2
2026-09-21,0.49.2462,2
2026-09-21,0.49.2464,2
2026-09-21,0.49.2465,2
2026-09-21,0.49.2466,2
2026-09-21,0.49.2471,2
2026-09-21,0.49.2475,2
2026-09-21,0.49.2489,2
2026-09-21,0.49.2500,2
2026-09-21,0.49.2504,2
2026-09-21,0.49.2509,3
2026-09-21,0.49.2515,2
2026-09-21,0.49.2517,2
2026-09-21,0.49.2527,2
2026-09-21,0.49.2532,2
2026-09-21,0.49.2537,2
2026-09-21,0.50.2539,2
2026-09-21,0.50.2544,2
2026-09-21,0.50.2549,2
2026-09-21,0.50.2552,2
2026-09-21,0.50.2554,3
2026-09-21,0.50.2561,2
2026-09-21,0.50.2562,2
2026-09-21,0.50.2570,2
2026-09-21,0.50.2573,2
2026-09-21,0.50.2581,2
2026-09-21,0.50.2586,2
2026-09-21,0.50.2588,2
2026-09-21,0.50.2593,2
2026-09-21,0.50.2597,3
2026-09-21,0.50.2604,2
2026-09-21,0.50.2606,2
2026-09-21,0.50.2608,3
2026-09-21,0.50.2611,2
2026-09-21,0.50.2614,2
2026-09-21,0.50.2619,2
2026-09-21,0.50.2623,2
2026-09-21,0.50.2627,2
2026-09-21,0.50.2632,2
2026-09-21,0.50.2634,3
2026-09-21,0.50.2636,2
2026-09-21,0.50.2643,2
2026-09-21,0.50.2652,2
2026-09-21,0.50.2656,2
2026-09-21,0.50.2660,2
2026-09-21,0.50.2668,2
2026-09-21,0.50.2677,2
2026-09-21,0.50.2684,2
2026-09-21,0.50.2685,2
2026-09-21,0.50.2689,2
2026-09-21,0.50.2691,2
2026-09-21,0.50.2697,2
2026-09-21,0.50.2700,2
2026-09-21,0.50.2701,2
2026-09-21,0.50.2709,2
2026-09-21,0.50.2712,2
2026-09-21,0.50.2718,2
2026-09-21,0.50.2722,2
2026-09-21,0.50.2731,2
2026-09-21,0.50.2734,2
2026-09-21,0.50.2751,2
2026-09-21,0.50.2754,2
2026-09-21,0.50.2758,2
2026-09-21,0.50.2764,2
2026-09-21,0.50.2766,2
2026-09-21,0.50.2771,2
2026-09-21,0.50.2775,2
2026-09-21,0.50.2788,2
2026-09-21,0.50.2793,3
2026-09-21,0.50.2797,3
2026-09-21,0.50.2802,2
2026-09-21,0.50.2805,2
2026-09-21,0.50.2818,2
2026-09-21,0.50.2831,2
2026-09-21,0.50.2834,2
2026-09-21,0.50.2838,2
2026-09-21,0.50.2841,2
2026-09-21,0.50.2845,2
2026-09-21,0.50.2846,2
2026-09-21,0.50.2855,2
2026-09-21,0.50.2870,2
2026-09-21,0.50.2877,2
2026-09-21,0.50.2886,2
2026-09-21,0.50.2889,2
2026-09-21,0.50.2893,2
2026-09-21,0.50.2895,2
2026-09-21,0.50.2898,2
2026-09-21,0.50.2908,2
2026-09-21,0.50.2912,2
2026-09-21,0.50.2915,2
2026-09-21,0.50.2920,2
2026-09-21,0.50.2927,2
2026-09-21,0.50.2930,2
2026-09-21,0.50.2932,2
2026-09-21,0.50.2934,2
2026-09-21,0.50.2940,2
2026-09-21,0.50.2946,2
2026-09-21,0.50.2952,2
2026-09-21,0.50.2962,2
2026-09-21,0.50.2981,2
2026-09-21,0.50.2987,2
2026-09-21,0.50.2994,3
2026-09-21,0.50.2996,2
2026-09-21,0.50.2998,2
2026-09-21,0.50.3001,2
2026-09-21,0.50.3004,2
2026-09-21,0.50.3005,2
2026-09-21,0.50.3010,2
2026-09-21,0.50.3013,2
2026-09-21,0.50.3022,2
2026-09-21,0.50.3025,2
2026-09-21,0.50.3030,2
2026-09-21,0.50.3039,3
2026-09-21,0.50.3044,2
2026-09-21,0.50.3051,2
2026-09-21,0.50.3052,2
2026-09-21,0.50.3054,2
2026-09-21,0.50.3070,2
2026-09-21,0.50.3071,2
2026-09-21,0.51.3074,2
2026-09-21,0.51.3077,2
2026-09-21,0.51.3082,2
2026-09-21,0.51.3085,2
2026-09-21,0.51.3093,2
2026-09-21,0.51.3095,2
2026-09-21,0.51.3099,2
2026-09-21,0.51.3103,2
2026-09-21,0.51.3105,2
2026-09-21,0.51.3107,2
2026-09-21,0.51.3112,2
2026-09-21,0.51.3117,2
2026-09-21,0.51.3119,2
2026-09-21,0.51.3126,3
2026-09-21,0.51.3135,2
2026-09-21,0.51.3137,2
2026-09-21,0.51.3143,2
2026-09-21,0.51.3145,2
2026-09-21,0.51.3147,2
2026-09-21,0.51.3149,2
2026-09-21,0.51.3160,2
2026-09-21,0.51.3162,2
2026-09-21,0.51.3166,2
2026-09-21,0.51.3167,2
2026-09-21,0.51.3173,2
2026-09-21,0.51.3174,2
2026-09-21,0.51.3179,3
2026-09-21,0.51.3182,2
2026-09-21,0.51.3189,2
2026-09-21,0.51.3192,2
2026-09-21,0.51.3194,2
2026-09-21,0.51.3197,3
2026-09-21,0.51.3199,1
2026-09-21,0.51.3202,1
2026-09-21,0.51.3205,1
2026-09-21,0.51.3211,1
2026-09-21,0.51.3213,1
2026-09-21,0.51.3216,1
2026-09-21,0.51.3227,1
2026-09-21,0.51.3233,1
2026-09-21,0.51.3237,1
2026-09-21,0.51.3238,1
2026-09-21,0.51.3247,1
2026-09-21,0.51.3251,1
2026-09-21,0.51.3252,1
2026-09-21,0.51.3267,1
2026-09-21,0.51.3271,1
2026-09-21,0.51.3276,1
2026-09-21,0.51.3280,2
2026-09-21,0.51.3285,1
2026-09-21,0.51.3294,1
2026-09-21,0.51.3298,1
2026-09-21,0.51.3304,1
2026-09-21,0.51.3306,1
2026-09-21,0.51.3309,1
2026-09-21,0.51.3311,1
2026-09-21,0.51.3313,1
2026-09-21,0.51.3315,1
2026-09-21,0.51.3319,1
2026-09-21,0.51.3328,1
2026-09-21,0.51.3331,1
2026-09-21,0.51.3333,1
2026-09-21,0.51.3336,1
2026-09-21,0.51.3344,1
2026-09-21,0.51.3348,1
2026-09-21,0.51.3354,1
2026-09-21,0.51.3359,1
2026-09-21,0.51.3360,1
2026-09-21,0.52.3366,1
2026-09-21,0.52.3371,1
2026-09-21,0.52.3375,1
2026-09-21,0.52.3377,1
2026-09-21,0.52.3384,1
2026-09-21,0.52.3392,1
2026-09-21,0.52.3395,1
2026-09-21,0.52.3402,1
2026-09-21,0.52.3410,2
2026-09-21,0.52.3412,1
2026-09-21,0.52.3414,1
2026-09-21,0.52.3416,1
2026-09-21,0.52.3420,1
2026-09-21,0.52.3425,1
2026-09-21,0.52.3428,1
2026-09-21,0.52.3432,1
2026-09-21,0.52.3433,1
2026-09-21,0.52.3434,1
2026-09-21,0.52.3439,1
2026-09-21,0.52.3445,1
2026-09-21,0.52.3448,1
2026-09-21,0.52.3451,1
2026-09-21,0.52.3456,1
2026-09-21,0.52.3457,1
2026-09-21,0.52.3461,1
2026-09-21,0.52.3472,1
2026-09-21,0.52.3477,1
2026-09-21,0.52.3481,1
2026-09-21,0.52.3483,1
2026-09-21,0.52.3486,1
2026-09-21,0.52.3489,2
2026-09-21,0.52.3490,1
2026-09-21,0.52.3492,1
2026-09-21,0.52.3498,1
2026-09-21,0.52.3502,1
2026-09-21,0.52.3505,1
2026-09-21,0.52.3507,1
2026-09-21,0.52.3509,1
2026-09-21,0.52.3513,1
2026-09-21,0.52.3516,1
2026-09-21,0.52.3518,1
2026-09-21,0.52.3521,1
2026-09-21,0.52.3527,1
2026-09-21,0.52.3528,1
2026-09-21,0.52.3535,1
2026-09-21,0.52.3541,1
2026-09-21,0.52.3549,1
2026-09-21,0.52.3552,1
2026-09-21,0.52.3559,1
2026-09-21,0.52.3560,1
2026-09-21,0.52.3568,1
2026-09-21,0.52.3578,1
2026-09-21,0.52.3582,1
2026-09-21,0.52.3587,2
2026-09-21,0.52.3594,1
2026-09-21,0.52.3603,1
2026-09-21,0.52.3611,1
2026-09-21,0.52.3617,1
2026-09-21,0.53.3619,1
2026-09-21,0.53.3623,1
2026-09-21,0.53.3629,1
2026-09-21,0.53.3631,1
2026-09-21,0.53.3635,2
2026-09-21,0.53.3637,1
2026-09-21,0.53.3646,1
2026-09-21,0.53.3650,2
2026-09-21,0.53.3660,1
2026-09-21,0.53.3663,1
2026-09-21,0.53.3665,1
2026-09-21,0.53.3671,1
2026-09-21,0.53.3675,1
2026-09-21,0.53.3678,1
2026-09-21,0.53.3683,1
2026-09-21,0.53.3686,1
2026-09-21,0.53.3689,1
2026-09-21,0.53.3692,1
2026-09-21,0.53.3695,1
2026-09-21,0.53.3697,1
2026-09-21,0.53.3704,1
2026-09-21,0.53.3712,1
2026-09-21,0.53.3715,2
2026-09-21,0.53.3717,1
2026-09-21,0.53.3718,1
2026-09-21,0.53.3720,2
2026-09-21,0.53.3722,1
2026-09-21,0.53.3727,1
2026-09-21,0.53.3730,1
2026-09-21,0.53.3733,1
2026-09-21,0.53.3735,1
2026-09-21,0.53.3738,1
2026-09-21,0.53.3740,1
2026-09-21,0.53.3746,1
2026-09-21,0.54.3748,1
2026-09-21,0.54.3752,1
2026-09-21,0.54.3756,1
2026-09-21,0.54.3760,1
2026-09-21,0.54.3762,1
2026-09-21,0.54.3764,1
2026-09-21,0.54.3773,1
2026-09-21,0.54.3777,1
2026-09-21,0.54.3778,1
2026-09-21,0.54.3781,1
2026-09-21,0.54.3785,1
2026-09-21,0.54.3788,1
2026-09-21,0.54.3794,1
2026-09-21,0.54.3804,1
2026-09-21,0.54.3815,1
2026-09-21,0.54.3821,1
2026-09-21,0.54.3834,1
2026-09-21,0.54.3835,1
2026-09-21,0.54.3837,1
2026-09-21,0.54.3840,1
2026-09-21,0.54.3845,1
2026-09-21,0.54.3846,1
2026-09-21,0.54.3847,1
2026-09-21,0.55.3849,1
2026-09-21,0.55.3852,1
2026-09-21,0.55.3854,1
2026-09-21,0.55.3856,1
2026-09-21,0.55.3858,2
2026-09-21,0.55.3860,1
2026-09-21,0.55.3865,1
2026-09-21,0.55.3870,2
2026-09-21,0.55.3872,1
2026-09-21,0.55.3876,1
2026-09-21,0.55.3877,1
2026-09-21,0.55.3881,1
2026-09-21,0.55.3886,1
2026-09-21,0.55.3888,1
2026-09-21,0.55.3889,2
2026-09-21,0.55.3898,1
2026-09-21,0.55.3902,1
2026-09-21,0.55.3904,1
2026-09-21,0.55.3906,1
2026-09-21,0.55.3910,1
2026-09-21,0.55.3912,1
2026-09-21,0.55.3913,1
2026-09-21,0.55.3914,1
2026-09-21,0.55.3917,1
2026-09-21,0.55.3930,1
2026-09-21,0.55.3931,1
2026-09-21,0.55.3935,2
2026-09-21,0.55.3938,1
2026-09-21,0.55.3941,1
2026-09-21,0.55.3947,1
2026-09-21,0.55.3949,1
2026-09-21,0.55.3951,1
2026-09-21,0.55.3953,1
2026-09-21,0.55.3955,1
2026-09-21,0.55.3958,1
2026-09-21,0.55.3960,1
2026-09-21,0.55.3969,1
2026-09-21,0.55.3972,1
2026-09-21,0.55.3975,1
2026-09-21,0.55.3983,1
2026-09-21,0.55.3987,1
2026-09-21,0.55.3992,1
2026-09-21,0.55.3994,1
2026-09-21,0.55.3996,1
2026-09-21,0.55.4000,1
2026-09-21,0.55.4002,1
2026-09-21,0.55.4009,1
2026-09-21,0.55.4011,1
2026-09-21,0.55.4012,1
2026-09-21,0.55.4018,1
2026-09-21,0.55.4020,1
2026-09-21,0.55.4022,1
2026-09-21,0.55.4025,1
2026-09-21,0.55.4028,1
2026-09-21,0.55.4032,1
2026-09-21,0.55.4034,1
2026-09-21,0.55.4036,27
2026-09-21,0.55.4043,1
2026-09-21,0.55.4048,1
2026-09-21,0.55.4053,1
2026-09-21,0.55.4060,1
2026-09-21,0.55.4063,1
2026-09-21,0.55.4071,1
2026-09-21,0.55.4073,1
2026-09-21,0.55.4085,1
2026-09-21,0.55.4091,1
2026-09-21,0.55.4094,1
2026-09-21,0.55.4097,1
2026-09-21,0.55.4103,1
2026-09-21,0.55.4106,1
2026-09-21,0.55.4113,1
2026-09-21,0.55.4115,1
2026-09-21,0.55.4117,1
2026-09-21,0.55.4119,2
2026-09-21,0.55.4127,1
2026-09-21,0.55.4137,1
2026-09-21,0.55.4138,1
2026-09-21,0.55.4141,1
2026-09-21,0.55.4142,1
2026-09-21,0.55.4144,1
2026-09-21,0.55.4147,1
2026-09-21,0.55.4151,1
2026-09-21,0.55.4155,1
2026-09-21,0.55.4158,1
2026-09-21,0.55.4160,1
2026-09-21,0.55.4164,1
2026-09-21,0.55.4165,1
2026-09-21,0.55.4168,1
2026-09-21,0.55.4170,1
2026-09-21,0.55.4174,1
2026-09-21,0.55.4176,1
2026-09-21,0.55.4187,1
2026-09-21,0.55.4190,1
2026-09-21,0.55.4192,1
2026-09-21,0.55.4196,1
2026-09-21,0.55.4201,1
2026-09-21,0.55.4204,1
2026-09-21,0.55.4211,1
2026-09-21,0.55.4215,1
2026-09-21,0.55.4216,1
2026-09-21,0.56.4220,1
2026-09-21,0.56.4223,1
2026-09-21,0.56.4225,1
2026-09-21,0.56.4235,1
2026-09-21,0.56.4239,1
2026-09-21,0.56.4240,1
2026-09-21,0.56.4242,1
2026-09-21,0.56.4246,1
2026-09-21,0.56.4247,1
2026-09-21,0.56.4249,2
2026-09-21,0.56.4254,1
2026-09-21,0.56.4262,1
2026-09-21,0.56.4272,2
2026-09-21,0.56.4273,1
2026-09-21,0.56.4280,1
2026-09-21,0.56.4281,1
2026-09-21,0.56.4283,1
2026-09-21,0.56.4285,1
2026-09-21,0.56.4287,2
2026-09-21,0.56.4291,1
2026-09-21,0.56.4295,1
2026-09-21,0.56.4296,1
2026-09-21,0.56.4298,1
2026-09-21,0.56.4300,1
2026-09-21,0.56.4311,1
2026-09-21,0.56.4322,1
2026-09-21,0.56.4326,1
2026-09-21,0.56.4329,2
2026-09-21,0.56.4353,1
2026-09-21,0.56.4358,1
2026-09-21,0.56.4362,2
2026-09-21,0.56.4368,1
2026-09-21,0.56.4371,1
2026-09-21,0.56.4374,1
2026-09-21,0.56.4376,2
2026-09-21,0.56.4386,1
2026-09-21,0.56.4388,1
2026-09-21,0.56.4390,1
2026-09-21,0.56.4392,1
2026-09-21,0.56.4396,5
2026-09-21,0.56.4398,1
2026-09-21,0.56.4403,1
2026-09-21,0.56.4412,1
2026-09-21,0.56.4415,1
2026-09-21,0.56.4421,1
2026-09-21,0.56.4427,1
2026-09-21,0.56.4432,1
2026-09-21,0.56.4433,1
2026-09-21,0.56.4434,1
2026-09-21,0.56.4436,1
2026-09-21,0.56.4437,1
2026-09-21,0.56.4441,1
2026-09-21,0.56.4443,1
2026-09-21,0.56.4451,1
2026-09-21,0.56.4452,1
2026-09-21,0.56.4455,1
2026-09-21,0.56.4458,1
2026-09-21,0.56.4467,1
2026-09-21,0.56.4468,1
2026-09-21,0.56.4471,1
2026-09-21,0.56.4477,1
2026-09-21,0.56.4480,1
2026-09-21,0.56.4488,1
2026-09-21,0.56.4492,1
2026-09-21,0.56.4496,1
2026-09-21,0.56.4504,1
2026-09-21,0.56.4506,1
2026-09-21,0.56.4521,1
2026-09-21,0.56.4547,1
2026-09-21,0.56.4548,1
2026-09-21,0.56.4551,1
2026-09-21,0.56.4558,1
2026-09-21,0.56.4570,1
2026-09-21,0.56.4571,1
2026-09-21,0.56.4578,1
2026-09-21,0.56.4584,1
2026-09-21,0.56.4588,1
2026-09-21,0.56.4590,1
2026-09-21,0.56.4597,1
2026-09-21,0.56.4616,1
2026-09-21,0.56.4620,1
2026-09-21,0.56.4634,1
2026-09-21,0.56.4637,1
2026-09-21,0.56.4641,6
2026-09-21,0.56.4642,1
2026-09-21,0.56.4644,1
2026-09-21,0.56.4646,1
2026-09-21,0.56.4649,1
2026-09-21,0.56.4670,1
2026-09-21,0.56.4673,1
2026-09-21,0.56.4687,1
2026-09-21,0.56.4689,1
2026-09-21,0.56.4691,1
2026-09-21,0.56.4693,1
2026-09-21,0.56.4696,1
2026-09-21,0.56.4700,1
2026-09-21,0.56.4707,1
2026-09-21,0.56.4710,1
2026-09-21,0.56.4714,1
2026-09-21,0.56.4715,1
2026-09-21,0.56.4726,1
2026-09-21,0.56.4728,1
2026-09-21,0.56.4730,1
2026-09-21,0.56.4740,1
2026-09-21,0.56.4751,1
2026-09-21,0.56.4758,1
2026-09-21,0.56.4760,1
2026-09-21,0.56.4763,1
2026-09-21,0.56.4768,1
2026-09-21,0.56.4777,1
2026-09-21,0.56.4792,1
2026-09-21,0.56.4804,1
2026-09-21,0.56.4806,1
2026-09-21,0.56.4813,1
2026-09-21,0.56.4822,1
2026-09-21,0.56.4834,1
2026-09-21,0.56.4837,1
2026-09-21,0.56.4842,1
2026-09-21,0.56.4844,1
2026-09-21,0.56.4849,1
2026-09-21,0.56.4853,1
2026-09-21,0.56.4856,1
2026-09-21,0.56.4862,1
2026-09-21,0.56.4871,1
2026-09-21,0.56.4874,1
2026-09-21,0.56.4878,1
2026-09-21,0.56.4881,1
2026-09-21,0.56.4885,1
2026-09-21,0.56.4894,1
2026-09-21,0.56.4902,1
2026-09-21,0.56.4903,1
2026-09-21,0.56.4909,1
2026-09-21,0.56.4919,1
2026-09-21,0.56.4922,1
2026-09-21,0.56.4928,1
2026-09-21,0.56.4940,1
2026-09-21,0.56.4944,1
2026-09-21,0.56.4949,1
2026-09-21,0.56.4952,1
2026-09-21,0.56.4953,1
2026-09-21,0.56.4964,14
2026-09-21,0.57.0,2
2026-09-21,0.57.1,1
2026-09-21,0.57.10,1
2026-09-21,0.57.11,1
2026-09-21,0.57.12,1
2026-09-21,0.57.13,1
2026-09-21,0.57.14,1
2026-09-21,0.57.15,1
2026-09-21,0.57.16,1
2026-09-21,0.57.17,1
2026-09-21,0.57.18,1
2026-09-21,0.57.19,1
2026-09-21,0.57.2,1
2026-09-21,0.57.20,1
2026-09-21,0.57.21,1
2026-09-21,0.57.22,1
2026-09-21,0.57.23,1
2026-09-21,0.57.24,1
2026-09-21,0.57.25,1
2026-09-21,0.57.26,1
2026-09-21,0.57.27,1
2026-09-21,0.57.28,1
2026-09-21,0.57.29,1
2026-09-21,0.57.3,1
2026-09-21,0.57.30,1
2026-09-21,0.57.31,1
2026-09-21,0.57.32,1
2026-09-21,0.57.33,1
2026-09-21,0.57.34,1
2026-09-21,0.57.35,1
2026-09-21,0.57.36,2
2026-09-21,0.57.37,1
2026-09-21,0.57.38,1
2026-09-21,0.57.39,1
2026-09-21,0.57.4,25
2026-09-21,0.57.40,1
2026-09-21,0.57.41,1
2026-09-21,0.57.42,1
2026-09-21,0.57.43,1
2026-09-21,0.57.44,1
2026-09-21,0.57.45,1
2026-09-21,0.57.46,1
2026-09-21,0.57.47,1
2026-09-21,0.57.48,1
2026-09-21,0.57.49,1
2026-09-21,0.57.5,1
2026-09-21,0.57.50,1
2026-09-21,0.57.51,1
2026-09-21,0.57.52,1
2026-09-21,0.57.53,1
2026-09-21,0.57.54,1
2026-09-21,0.57.55,1
2026-09-21,0.57.56,1
2026-09-21,0.57.57,1
2026-09-21,0.57.58,1
2026-09-21,0.57.59,1
2026-09-21,0.57.6,1
2026-09-21,0.57.60,1
2026-09-21,0.57.61,1
2026-09-21,0.57.62,1
2026-09-21,0.57.63,1
2026-09-21,0.57.64,1
2026-09-21,0.57.65,1
2026-09-21,0.57.66,1
2026-09-21,0.57.67,1
2026-09-21,0.57.68,1
2026-09-21,0.57.69,1
2026-09-21,0.57.7,1
2026-09-21,0.57.70,1
2026-09-21,0.57.71,1
2026-09-21,0.57.72,1
2026-09-21,0.57.73,1
2026-09-21,0.57.74,1
2026-09-21,0.57.8,1
2026-09-21,0.57.9,1
2026-09-21,0.58.75,1
2026-09-21,0.58.76,1
2026-09-21,0.58.77,1
2026-09-21,0.58.78,1
2026-09-21,0.58.79,1
2026-09-21,0.58.80,1
2026-09-21,0.58.81,1
2026-09-21,0.58.82,1
2026-09-21,0.58.83,1
2026-09-21,0.58.84,1
2026-09-21,0.58.85,1
2026-09-21,0.58.86,1
2026-09-21,0.58.87,2
2026-09-21,0.58.88,1
2026-09-21,0.58.89,1
2026-09-21,0.58.90,1
2026-09-21,0.58.91,1
2026-09-21,0.58.92,2
2026-09-21,0.58.93,1
2026-09-21,0.58.94,1
2026-09-21,0.58.95,1
2026-09-21,0.58.96,1
2026-09-21,0.58.97,1
2026-09-21,0.59.0,1
2026-09-21,0.59.1,1
2026-09-21,0.59.2,1
2026-09-21,0.59.3,1
2026-09-21,0.59.4,1
2026-09-21,0.59.5,1
2026-09-21,0.59.6,1
2026-09-21,0.59.7,1
2026-09-21,0.59.8,2
2026-09-21,0.60.10,1
2026-09-21,0.60.11,1
2026-09-21,0.60.12,1
2026-09-21,0.60.13,1
2026-09-21,0.60.14,1
2026-09-21,0.60.15,1
2026-09-21,0.60.2,1
2026-09-21,0.60.3,1
2026-09-21,0.60.4,1
2026-09-21,0.60.5,1
2026-09-21,0.60.6,1
2026-09-21,0.60.7,1
2026-09-21,0.60.8,1
2026-09-21,0.60.9,1
2026-09-21,0.61.0,2
2026-09-21,0.61.1,1
2026-09-21,0.61.10,1
2026-09-21,0.61.100,1
2026-09-21,0.61.101,1
2026-09-21,0.61.102,1
2026-09-21,0.61.104,1
2026-09-21,0.61.105,1
2026-09-21,0.61.106,1
2026-09-21,0.61.107,1
2026-09-21,0.61.108,1
2026-09-21,0.61.109,2
2026-09-21,0.61.11,1
2026-09-21,0.61.12,1
2026-09-21,0.61.13,1
2026-09-21,0.61.14,1
2026-09-21,0.61.15,1
2026-09-21,0.61.16,1
2026-09-21,0.61.17,1
2026-09-21,0.61.18,1
2026-09-21,0.61.19,1
2026-09-21,0.61.2,1
2026-09-21,0.61.20,1
2026-09-21,0.61.21,1
2026-09-21,0.61.22,1
2026-09-21,0.61.23,1
2026-09-21,0.61.24,1
2026-09-21,0.61.25,1
2026-09-21,0.61.26,1
2026-09-21,0.61.27,1
2026-09-21,0.61.28,1
2026-09-21,0.61.29,1
2026-09-21,0.61.3,1
2026-09-21,0.61.30,1
2026-09-21,0.61.31,1
2026-09-21,0.61.32,1
2026-09-21,0.61.33,1
2026-09-21,0.61.34,1
2026-09-21,0.61.35,1
2026-09-21,0.61.36,1
2026-09-21,0.61.37,1
2026-09-21,0.61.38,1
2026-09-21,0.61.39,1
2026-09-21,0.61.4,1
2026-09-21,0.61.40,1
2026-09-21,0.61.41,1
2026-09-21,0.61.42,1
2026-09-21,0.61.43,1
2026-09-21,0.61.44,1
2026-09-21,0.61.45,1
2026-09-21,0.61.47,1
2026-09-21,0.61.48,1
2026-09-21,0.61.49,1
2026-09-21,0.61.5,1
2026-09-21,0.61.50,2
2026-09-21,0.61.51,1
2026-09-21,0.61.52,1
2026-09-21,0.61.53,1
2026-09-21,0.61.54,1
2026-09-21,0.61.55,1
2026-09-21,0.61.56,1
2026-09-21,0.61.57,1
2026-09-21,0.61.58,1
2026-09-21,0.61.59,1
2026-09-21,0.61.6,1
2026-09-21,0.61.60,1
2026-09-21,0.61.61,1
2026-09-21,0.61.62,1
2026-09-21,0.61.63,1
2026-09-21,0.61.64,1
2026-09-21,0.61.66,1
2026-09-21,0.61.67,1
2026-09-21,0.61.68,1
2026-09-21,0.61.69,1
2026-09-21,0.61.7,1
2026-09-21,0.61.70,1
2026-09-21,0.61.71,1
2026-09-21,0.61.72,1
2026-09-21,0.61.73,1
2026-09-21,0.61.74,1
2026-09-21,0.61.75,1
2026-09-21,0.61.76,1
2026-09-21,0.61.77,1
2026-09-21,0.61.78,1
2026-09-21,0.61.79,1
2026-09-21,0.61.8,1
2026-09-21,0.61.80,1
2026-09-21,0.61.81,1
2026-09-21,0.61.82,1
2026-09-21,0.61.83,1
2026-09-21,0.61.84,1
2026-09-21,0.61.85,1
2026-09-21,0.61.86,1
2026-09-21,0.61.87,1
2026-09-21,0.61.88,1
2026-09-21,0.61.89,1
2026-09-21,0.61.9,1
2026-09-21,0.61.90,1
2026-09-21,0.61.91,1
2026-09-21,0.61.92,1
2026-09-21,0.61.93,1
2026-09-21,0.61.94,1
2026-09-21,0.61.95,1
2026-09-21,0.61.96,1
2026-09-21,0.61.97,1
2026-09-21,0.61.98,1
2026-09-21,0.61.99,1
2026-09-21,0.62.0,2
2026-09-21,0.62.1,2
2026-09-21,0.62.10,1
2026-09-21,0.62.100,2
2026-09-21,0.62.101,2
2026-09-21,0.62.102,1
2026-09-21,0.62.103,1
2026-09-21,0.62.104,1
2026-09-21,0.62.105,1
2026-09-21,0.62.106,1
2026-09-21,0.62.107,1
2026-09-21,0.62.108,1
2026-09-21,0.62.109,1
2026-09-21,0.62.11,1
2026-09-21,0.62.110,1
2026-09-21,0.62.111,1
2026-09-21,0.62.112,1
2026-09-21,0.62.113,1
2026-09-21,0.62.114,1
2026-09-21,0.62.115,1
2026-09-21,0.62.116,1
2026-09-21,0.62.117,1
2026-09-21,0.62.118,1
2026-09-21,0.62.119,2
2026-09-21,0.62.12,1
2026-09-21,0.62.120,1
2026-09-21,0.62.121,1
2026-09-21,0.62.122,1
2026-09-21,0.62.123,1
2026-09-21,0.62.124,1
2026-09-21,0.62.125,1
2026-09-21,0.62.126,1
2026-09-21,0.62.127,1
2026-09-21,0.62.128,2
2026-09-21,0.62.129,1
2026-09-21,0.62.13,1
2026-09-21,0.62.130,1
2026-09-21,0.62.131,1
2026-09-21,0.62.132,1
2026-09-21,0.62.133,1
2026-09-21,0.62.134,1
2026-09-21,0.62.135,1
2026-09-21,0.62.136,1
2026-09-21,0.62.137,1
2026-09-21,0.62.138,1
2026-09-21,0.62.139,1
2026-09-21,0.62.14,1
2026-09-21,0.62.140,1
2026-09-21,0.62.141,1
2026-09-21,0.62.142,1
2026-09-21,0.62.143,1
2026-09-21,0.62.144,1
2026-09-21,0.62.145,1
2026-09-21,0.62.146,1
2026-09-21,0.62.147,1
2026-09-21,0.62.148,1
2026-09-21,0.62.149,1
2026-09-21,0.62.15,1
2026-09-21,0.62.150,1
2026-09-21,0.62.151,1
2026-09-21,0.62.152,1
2026-09-21,0.62.153,1
2026-09-21,0.62.154,1
2026-09-21,0.62.155,1
2026-09-21,0.62.156,1
2026-09-21,0.62.157,3
2026-09-21,0.62.158,1
2026-09-21,0.62.159,1
2026-09-21,0.62.16,1
2026-09-21,0.62.160,1
2026-09-21,0.62.161,1
2026-09-21,0.62.162,2
2026-09-21,0.62.163,1
2026-09-21,0.62.164,1
2026-09-21,0.62.165,1
2026-09-21,0.62.166,1
2026-09-21,0.62.167,1
2026-09-21,0.62.168,1
2026-09-21,0.62.169,1
2026-09-21,0.62.17,1
2026-09-21,0.62.170,1
2026-09-21,0.62.171,1
2026-09-21,0.62.172,1
2026-09-21,0.62.173,1
2026-09-21,0.62.174,1
2026-09-21,0.62.175,1
2026-09-21,0.62.176,1
2026-09-21,0.62.177,1
2026-09-21,0.62.178,1
2026-09-21,0.62.179,1
2026-09-21,0.62.18,1
2026-09-21,0.62.180,1
2026-09-21,0.62.181,1
2026-09-21,0.62.182,1
2026-09-21,0.62.183,1
2026-09-21,0.62.184,1
2026-09-21,0.62.185,1
2026-09-21,0.62.186,1
2026-09-21,0.62.187,1
2026-09-21,0.62.188,1
2026-09-21,0.62.189,1
2026-09-21,0.62.19,1
2026-09-21,0.62.190,1
2026-09-21,0.62.191,1
2026-09-21,0.62.192,1
2026-09-21,0.62.193,1
2026-09-21,0.62.194,1
2026-09-21,0.62.196,1
2026-09-21,0.62.197,1
2026-09-21,0.62.198,1
2026-09-21,0.62.199,1
2026-09-21,0.62.2,1
2026-09-21,0.62.20,1
2026-09-21,0.62.200,1
2026-09-21,0.62.201,1
2026-09-21,0.62.202,1
2026-09-21,0.62.203,1
2026-09-21,0.62.204,1
2026-09-21,0.62.205,1
2026-09-21,0.62.206,1
2026-09-21,0.62.207,1
2026-09-21,0.62.208,2
2026-09-21,0.62.209,1
2026-09-21,0.62.21,1
2026-09-21,0.62.210,1
2026-09-21,0.62.211,1
2026-09-21,0.62.212,1
2026-09-21,0.62.213,1
2026-09-21,0.62.214,1
2026-09-21,0.62.215,1
2026-09-21,0.62.216,1
2026-09-21,0.62.217,1
2026-09-21,0.62.218,1
2026-09-21,0.62.219,1
2026-09-21,0.62.22,1
2026-09-21,0.62.220,1
2026-09-21,0.62.221,1
2026-09-21,0.62.222,1
2026-09-21,0.62.223,1
2026-09-21,0.62.224,1
2026-09-21,0.62.225,1
2026-09-21,0.62.226,1
2026-09-21,0.62.227,1
2026-09-21,0.62.228,1
2026-09-21,0.62.229,1
2026-09-21,0.62.23,1
2026-09-21,0.62.230,1
2026-09-21,0.62.231,1
2026-09-21,0.62.232,1
2026-09-21,0.62.233,1
2026-09-21,0.62.234,1
2026-09-21,0.62.235,1
2026-09-21,0.62.236,8
2026-09-21,0.62.24,1
2026-09-21,0.62.25,1
2026-09-21,0.62.26,1
2026-09-21,0.62.27,1
2026-09-21,0.62.28,1
2026-09-21,0.62.29,1
2026-09-21,0.62.3,1
2026-09-21,0.62.30,1
2026-09-21,0.62.31,1
2026-09-21,0.62.32,1
2026-09-21,0.62.33,1
2026-09-21,0.62.34,1
2026-09-21,0.62.35,1
2026-09-21,0.62.36,1
2026-09-21,0.62.37,1
2026-09-21,0.62.38,1
2026-09-21,0.62.39,1
2026-09-21,0.62.4,1
2026-09-21,0.62.40,1
2026-09-21,0.62.41,1
2026-09-21,0.62.42,1
2026-09-21,0.62.43,1
2026-09-21,0.62.44,1
2026-09-21,0.62.45,1
2026-09-21,0.62.46,1
2026-09-21,0.62.47,2
2026-09-21,0.62.48,1
2026-09-21,0.62.49,1
2026-09-21,0.62.50,1
2026-09-21,0.62.51,1
2026-09-21,0.62.52,1
2026-09-21,0.62.53,1
2026-09-21,0.62.54,1
2026-09-21,0.62.55,1
2026-09-21,0.62.56,1
2026-09-21,0.62.57,1
2026-09-21,0.62.58,1
2026-09-21,0.62.59,1
2026-09-21,0.62.60,2
2026-09-21,0.62.61,1
2026-09-21,0.62.62,1
2026-09-21,0.62.63,1
2026-09-21,0.62.64,1
2026-09-21,0.62.65,1
2026-09-21,0.62.66,1
2026-09-21,0.62.67,1
2026-09-21,0.62.68,1
2026-09-21,0.62.69,1
2026-09-21,0.62.7,1
2026-09-21,0.62.70,1
2026-09-21,0.62.71,1
2026-09-21,0.62.72,1
2026-09-21,0.62.73,1
2026-09-21,0.62.74,1
2026-09-21,0.62.75,1
2026-09-21,0.62.76,1
2026-09-21,0.62.77,1
2026-09-21,0.62.78,1
2026-09-21,0.62.79,1
2026-09-21,0.62.8,1
2026-09-21,0.62.80,1
2026-09-21,0.62.81,1
2026-09-21,0.62.82,1
2026-09-21,0.62.83,1
2026-09-21,0.62.84,1
2026-09-21,0.62.85,1
2026-09-21,0.62.86,1
2026-09-21,0.62.87,1
2026-09-21,0.62.88,1
2026-09-21,0.62.89,1
2026-09-21,0.62.9,1
2026-09-21,0.62.90,1
2026-09-21,0.62.91,1
2026-09-21,0.62.92,1
2026-09-21,0.62.93,1
2026-09-21,0.62.94,1
2026-09-21,0.62.95,1
2026-09-21,0.62.96,1
2026-09-21,0.62.97,1
2026-09-21,0.62.98,1
2026-09-21,0.62.99,1
2026-09-21,0.63.0,3
2026-09-21,0.63.1,1
2026-09-21,0.63.10,1
2026-09-21,0.63.11,1
2026-09-21,0.63.12,1
2026-09-21,0.63.13,1
2026-09-21,0.63.14,1
2026-09-21,0.63.15,1
2026-09-21,0.63.16,2
2026-09-21,0.63.17,1
2026-09-21,0.63.18,1
2026-09-21,0.63.19,1
2026-09-21,0.63.2,1
2026-09-21,0.63.20,1
2026-09-21,0.63.21,1
2026-09-21,0.63.22,1
2026-09-21,0.63.23,1
2026-09-21,0.63.24,1
2026-09-21,0.63.25,1
2026-09-21,0.63.26,1
2026-09-21,0.63.27,1
2026-09-21,0.63.28,1
2026-09-21,0.63.29,1
2026-09-21,0.63.3,1
2026-09-21,0.63.30,1
2026-09-21,0.63.31,1
2026-09-21,0.63.32,1
2026-09-21,0.63.33,1
2026-09-21,0.63.34,1
2026-09-21,0.63.35,1
2026-09-21,0.63.36,1
2026-09-21,0.63.37,1
2026-09-21,0.63.38,1
2026-09-21,0.63.39,1
2026-09-21,0.63.4,1
2026-09-21,0.63.40,1
2026-09-21,0.63.41,1
2026-09-21,0.63.42,1
2026-09-21,0.63.43,1
2026-09-21,0.63.44,1
2026-09-21,0.63.45,1
2026-09-21,0.63.46,1
2026-09-21,0.63.47,1
2026-09-21,0.63.48,1
2026-09-21,0.63.49,1
2026-09-21,0.63.5,1
2026-09-21,0.63.50,1
2026-09-21,0.63.51,1
2026-09-21,0.63.52,1
2026-09-21,0.63.53,2
2026-09-21,0.63.54,1
2026-09-21,0.63.55,1
2026-09-21,0.63.56,1
2026-09-21,0.63.57,1
2026-09-21,0.63.58,2
2026-09-21,0.63.59,1
2026-09-21,0.63.6,1
2026-09-21,0.63.60,1
2026-09-21,0.63.61,2
2026-09-21,0.63.62,1
2026-09-21,0.63.63,2
2026-09-21,0.63.64,2
2026-09-21,0.63.65,1
2026-09-21,0.63.66,2
2026-09-21,0.63.67,2
2026-09-21,0.63.68,2
2026-09-21,0.63.69,2
2026-09-21,0.63.7,1
2026-09-21,0.63.70,2
2026-09-21,0.63.71,2
2026-09-21,0.63.72,2
2026-09-21,0.63.73,2
2026-09-21,0.63.74,2
2026-09-21,0.63.75,2
2026-09-21,0.63.76,2
2026-09-21,0.63.77,2
2026-09-21,0.63.78,2
2026-09-21,0.63.79,2
2026-09-21,0.63.8,1
2026-09-21,0.63.80,3
2026-09-21,0.63.81,2
2026-09-21,0.63.82,2
2026-09-21,0.63.83,2
2026-09-21,0.63.84,2
2026-09-21,0.63.85,2
2026-09-21,0.63.86,2
2026-09-21,0.63.87,2
2026-09-21,0.63.88,2
2026-09-21,0.63.89,2
2026-09-21,0.63.9,1
2026-09-21,0.63.90,2
2026-09-21,0.63.91,2
2026-09-21,0.63.92,3
2026-09-21,0.63.93,2
2026-09-21,0.63.94,2
2026-09-21,0.63.95,2
2026-09-21,0.63.97,2
2026-09-21,0.63.98,2
2026-09-21,0.63.99,3
2026-09-21,0.64.0,4
2026-09-21,0.64.1,2
2026-09-21,0.64.10,8
2026-09-21,0.64.100,2
2026-09-21,0.64.101,2
2026-09-21,0.64.102,2
2026-09-21,0.64.103,83
2026-09-21,0.64.104,2
2026-09-21,0.64.105,2
2026-09-21,0.64.106,2
2026-09-21,0.64.107,2
2026-09-21,0.64.108,2
2026-09-21,0.64.109,2
2026-09-21,0.64.11,1
2026-09-21,0.64.110,2
2026-09-21,0.64.111,2
2026-09-21,0.64.112,2
2026-09-21,0.64.113,2
2026-09-21,0.64.114,2
2026-09-21,0.64.115,2
2026-09-21,0.64.117,2
2026-09-21,0.64.118,2
2026-09-21,0.64.119,2
2026-09-21,0.64.12,2
2026-09-21,0.64.121,2
2026-09-21,0.64.122,2
2026-09-21,0.64.125,2
2026-09-21,0.64.126,2
2026-09-21,0.64.127,2
2026-09-21,0.64.128,2
2026-09-21,0.64.129,2
2026-09-21,0.64.13,2
2026-09-21,0.64.130,2
2026-09-21,0.64.131,2
2026-09-21,0.64.132,3
2026-09-21,0.64.133,2
2026-09-21,0.64.134,2
2026-09-21,0.64.135,2
2026-09-21,0.64.136,3
2026-09-21,0.64.137,2
2026-09-21,0.64.138,2
2026-09-21,0.64.139,2
2026-09-21,0.64.14,2
2026-09-21,0.64.140,2
2026-09-21,0.64.141,2
2026-09-21,0.64.142,2
2026-09-21,0.64.143,2
2026-09-21,0.64.144,2
2026-09-21,0.64.145,2
2026-09-21,0.64.146,2
2026-09-21,0.64.147,2
2026-09-21,0.64.148,2
2026-09-21,0.64.149,2
2026-09-21,0.64.15,2
2026-09-21,0.64.150,2
2026-09-21,0.64.151,2
2026-09-21,0.64.152,2
2026-09-21,0.64.153,2
2026-09-21,0.64.154,2
2026-09-21,0.64.155,2
2026-09-21,0.64.156,2
2026-09-21,0.64.157,2
2026-09-21,0.64.158,2
2026-09-21,0.64.159,2
2026-09-21,0.64.16,2
2026-09-21,0.64.160,2
2026-09-21,0.64.161,2
2026-09-21,0.64.162,2
2026-09-21,0.64.163,2
2026-09-21,0.64.164,5
2026-09-21,0.64.165,2
2026-09-21,0.64.166,2
2026-09-21,0.64.167,2
2026-09-21,0.64.168,2
2026-09-21,0.64.169,2
2026-09-21,0.64.17,2
2026-09-21,0.64.170,2
2026-09-21,0.64.171,2
2026-09-21,0.64.172,2
2026-09-21,0.64.173,2
2026-09-21,0.64.174,2
2026-09-21,0.64.175,2
2026-09-21,0.64.176,2
2026-09-21,0.64.177,2
2026-09-21,0.64.178,2
2026-09-21,0.64.179,2
2026-09-21,0.64.18,2
2026-09-21,0.64.180,2
2026-09-21,0.64.181,2
2026-09-21,0.64.182,2
2026-09-21,0.64.183,2
2026-09-21,0.64.184,2
2026-09-21,0.64.185,2
2026-09-21,0.64.186,2
2026-09-21,0.64.187,2
2026-09-21,0.64.188,2
2026-09-21,0.64.189,2
2026-09-21,0.64.19,2
2026-09-21,0.64.190,2
2026-09-21,0.64.191,2
2026-09-21,0.64.192,3
2026-09-21,0.64.193,2
2026-09-21,0.64.194,2
2026-09-21,0.64.195,2
2026-09-21,0.64.196,2
2026-09-21,0.64.197,2
2026-09-21,0.64.198,2
2026-09-21,0.64.199,2
2026-09-21,0.64.2,2
2026-09-21,0.64.20,2
2026-09-21,0.64.200,2
2026-09-21,0.64.201,2
2026-09-21,0.64.202,2
2026-09-21,0.64.203,2
2026-09-21,0.64.204,2
2026-09-21,0.64.205,2
2026-09-21,0.64.206,2
2026-09-21,0.64.207,2
2026-09-21,0.64.208,2
2026-09-21,0.64.209,2
2026-09-21,0.64.21,2
2026-09-21,0.64.210,2
2026-09-21,0.64.211,2
2026-09-21,0.64.212,2
2026-09-21,0.64.213,2
2026-09-21,0.64.214,2
2026-09-21,0.64.215,2
2026-09-21,0.64.216,2
2026-09-21,0.64.217,2
2026-09-21,0.64.218,2
2026-09-21,0.64.219,2
2026-09-21,0.64.22,2
2026-09-21,0.64.220,2
2026-09-21,0.64.221,2
2026-09-21,0.64.222,2
2026-09-21,0.64.223,2
2026-09-21,0.64.224,2
2026-09-21,0.64.225,2
2026-09-21,0.64.226,2
2026-09-21,0.64.227,2
2026-09-21,0.64.228,2
2026-09-21,0.64.229,2
2026-09-21,0.64.23,2
2026-09-21,0.64.230,5
2026-09-21,0.64.231,2
2026-09-21,0.64.232,2
2026-09-21,0.64.233,2
2026-09-21,0.64.234,2
2026-09-21,0.64.235,14
2026-09-21,0.64.24,2
2026-09-21,0.64.25,2
2026-09-21,0.64.26,2
2026-09-21,0.64.27,2
2026-09-21,0.64.28,2
2026-09-21,0.64.29,2
2026-09-21,0.64.3,2
2026-09-21,0.64.30,2
2026-09-21,0.64.31,2
2026-09-21,0.64.32,2
2026-09-21,0.64.33,2
2026-09-21,0.64.34,2
2026-09-21,0.64.35,2
2026-09-21,0.64.36,2
2026-09-21,0.64.37,2
2026-09-21,0.64.38,2
2026-09-21,0.64.39,2
2026-09-21,0.64.4,3
2026-09-21,0.64.40,2
2026-09-21,0.64.41,2
2026-09-21,0.64.42,2
2026-09-21,0.64.43,2
2026-09-21,0.64.44,2
2026-09-21,0.64.45,2
2026-09-21,0.64.46,2
2026-09-21,0.64.47,2
2026-09-21,0.64.48,2
2026-09-21,0.64.49,2
2026-09-21,0.64.5,2
2026-09-21,0.64.50,2
2026-09-21,0.64.51,2
2026-09-21,0.64.52,2
2026-09-21,0.64.53,2
2026-09-21,0.64.54,2
2026-09-21,0.64.55,2
2026-09-21,0.64.56,2
2026-09-21,0.64.57,3
2026-09-21,0.64.58,2
2026-09-21,0.64.59,2
2026-09-21,0.64.6,2
2026-09-21,0.64.60,2
2026-09-21,0.64.61,2
2026-09-21,0.64.62,2
2026-09-21,0.64.63,2
2026-09-21,0.64.64,2
2026-09-21,0.64.65,2
2026-09-21,0.64.66,2
2026-09-21,0.64.67,2
2026-09-21,0.64.68,2
2026-09-21,0.64.69,2
2026-09-21,0.64.7,3
2026-09-21,0.64.70,2
2026-09-21,0.64.71,2
2026-09-21,0.64.72,2
2026-09-21,0.64.73,2
2026-09-21,0.64.74,2
2026-09-21,0.64.75,3
2026-09-21,0.64.76,2
2026-09-21,0.64.77,2
2026-09-21,0.64.78,2
2026-09-21,0.64.79,2
2026-09-21,0.64.8,2
2026-09-21,0.64.80,2
2026-09-21,0.64.81,2
2026-09-21,0.64.82,2
2026-09-21,0.64.83,2
2026-09-21,0.64.84,2
2026-09-21,0.64.85,2
2026-09-21,0.64.86,2
2026-09-21,0.64.87,2
2026-09-21,0.64.88,2
2026-09-21,0.64.89,2
2026-09-21,0.64.9,2
2026-09-21,0.64.90,2
2026-09-21,0.64.91,2
2026-09-21,0.64.92,2
2026-09-21,0.64.93,2
2026-09-21,0.64.94,2
2026-09-21,0.64.95,2
2026-09-21,0.64.96,2
2026-09-21,0.64.97,2
2026-09-21,0.64.98,2
2026-09-21,0.64.99,2
2026-09-21,0.65.0,2
2026-09-21,0.65.1,2
2026-09-21,0.65.10,2
2026-09-21,0.65.11,2
2026-09-21,0.65.12,2
2026-09-21,0.65.13,2
2026-09-21,0.65.14,2
2026-09-21,0.65.15,2
2026-09-21,0.65.16,2
2026-09-21,0.65.17,2
2026-09-21,0.65.18,2
2026-09-21,0.65.19,2
2026-09-21,0.65.2,2
2026-09-21,0.65.20,2
2026-09-21,0.65.21,2
2026-09-21,0.65.22,2
2026-09-21,0.65.23,2
2026-09-21,0.65.24,2
2026-09-21,0.65.25,2
2026-09-21,0.65.26,2
2026-09-21,0.65.27,2
2026-09-21,0.65.28,2
2026-09-21,0.65.29,2
2026-09-21,0.65.3,2
2026-09-21,0.65.30,2
2026-09-21,0.65.31,2
2026-09-21,0.65.32,2
2026-09-21,0.65.33,7
2026-09-21,0.65.34,2
2026-09-21,0.65.35,2
2026-09-21,0.65.36,2
2026-09-21,0.65.37,2
2026-09-21,0.65.38,4
2026-09-21,0.65.39,2
2026-09-21,0.65.4,2
2026-09-21,0.65.40,2
2026-09-21,0.65.41,2
2026-09-21,0.65.42,2
2026-09-21,0.65.43,2
2026-09-21,0.65.44,2
2026-09-21,0.65.45,2
2026-09-21,0.65.46,2
2026-09-21,0.65.47,2
2026-09-21,0.65.48,2
2026-09-21,0.65.49,2
2026-09-21,0.65.5,2
2026-09-21,0.65.50,2
2026-09-21,0.65.51,2
2026-09-21,0.65.52,2
2026-09-21,0.65.53,2
2026-09-21,0.65.54,2
2026-09-21,0.65.55,2
2026-09-21,0.65.56,2
2026-09-21,0.65.57,2
2026-09-21,0.65.58,2
2026-09-21,0.65.59,2
2026-09-21,0.65.6,9
2026-09-21,0.65.60,2
2026-09-21,0.65.61,2
2026-09-21,0.65.62,2
2026-09-21,0.65.63,2
2026-09-21,0.65.64,2
2026-09-21,0.65.65,2
2026-09-21,0.65.66,4
2026-09-21,0.65.7,2
2026-09-21,0.65.8,2
2026-09-21,0.65.9,2
2026-09-21,0.66.0,2
2026-09-21,0.66.1,2
2026-09-21,0.66.10,2
2026-09-21,0.66.11,2
2026-09-21,0.66.12,2
2026-09-21,0.66.13,2
2026-09-21,0.66.14,3
2026-09-21,0.66.15,2
2026-09-21,0.66.16,2
2026-09-21,0.66.17,2
2026-09-21,0.66.18,2
2026-09-21,0.66.19,2
2026-09-21,0.66.2,2
2026-09-21,0.66.20,2
2026-09-21,0.66.21,2
2026-09-21,0.66.22,2
2026-09-21,0.66.23,2
2026-09-21,0.66.24,2
2026-09-21,0.66.25,2
2026-09-21,0.66.26,2
2026-09-21,0.66.27,2
2026-09-21,0.66.28,2
2026-09-21,0.66.29,2
2026-09-21,0.66.3,3
2026-09-21,0.66.30,2
2026-09-21,0.66.31,2
2026-09-21,0.66.32,2
2026-09-21,0.66.33,4
2026-09-21,0.66.34,2
2026-09-21,0.66.35,2
2026-09-21,0.66.36,2
2026-09-21,0.66.37,2
2026-09-21,0.66.38,2
2026-09-21,0.66.39,2
2026-09-21,0.66.4,2
2026-09-21,0.66.40,2
2026-09-21,0.66.41,2
2026-09-21,0.66.43,2
2026-09-21,0.66.44,2
2026-09-21,0.66.45,2
2026-09-21,0.66.46,2
2026-09-21,0.66.47,2
2026-09-21,0.66.48,2
2026-09-21,0.66.49,2
2026-09-21,0.66.5,2
2026-09-21,0.66.50,2
2026-09-21,0.66.51,2
2026-09-21,0.66.52,15
2026-09-21,0.66.6,2
2026-09-21,0.66.7,2
2026-09-21,0.66.8,2
2026-09-21,0.66.9,2
2026-09-21,0.67.0,1
2026-09-21,0.67.1,2
2026-09-21,0.67.10,2
2026-09-21,0.67.11,2
2026-09-21,0.67.13,3
2026-09-21,0.67.14,3
2026-09-21,0.67.15,3
2026-09-21,0.67.16,3
2026-09-21,0.67.17,2
2026-09-21,0.67.18,3
2026-09-21,0.67.19,2
2026-09-21,0.67.2,2
2026-09-21,0.67.20,2
2026-09-21,0.67.21,2
2026-09-21,0.67.22,3
2026-09-21,0.67.23,2
2026-09-21,0.67.25,2
2026-09-21,0.67.27,2
2026-09-21,0.67.28,2
2026-09-21,0.67.29,2
2026-09-21,0.67.3,2
2026-09-21,0.67.30,2
2026-09-21,0.67.31,3
2026-09-21,0.67.32,2
2026-09-21,0.67.33,2
2026-09-21,0.67.34,2
2026-09-21,0.67.35,2
2026-09-21,0.67.36,2
2026-09-21,0.67.37,2
2026-09-21,0.67.38,2
2026-09-21,0.67.39,2
2026-09-21,0.67.40,2
2026-09-21,0.67.41,2
2026-09-21,0.67.42,2
2026-09-21,0.67.43,2
2026-09-21,0.67.44,2
2026-09-21,0.67.45,2
2026-09-21,0.67.46,2
2026-09-21,0.67.47,2
2026-09-21,0.67.5,2
2026-09-21,0.67.6,2
2026-09-21,0.67.7,2
2026-09-21,0.67.8,3
2026-09-21,0.67.9,2
2026-09-21,0.68.0,2
2026-09-21,0.68.1,2
2026-09-21,0.68.11,2
2026-09-21,0.68.12,2
2026-09-21,0.68.13,2
2026-09-21,0.68.14,2
2026-09-21,0.68.15,2
2026-09-21,0.68.16,2
2026-09-21,0.68.17,5
2026-09-21,0.68.18,2
2026-09-21,0.68.19,2
2026-09-21,0.68.2,2
2026-09-21,0.68.21,2
2026-09-21,0.68.22,2
2026-09-21,0.68.23,2
2026-09-21,0.68.24,2
2026-09-21,0.68.25,2
2026-09-21,0.68.26,2
2026-09-21,0.68.27,2
2026-09-21,0.68.28,2
2026-09-21,0.68.29,2
2026-09-21,0.68.3,2
2026-09-21,0.68.30,2
2026-09-21,0.68.31,2
2026-09-21,0.68.34,2
2026-09-21,0.68.35,2
2026-09-21,0.68.36,2
2026-09-21,0.68.37,2
2026-09-21,0.68.38,3
2026-09-21,0.68.39,3
2026-09-21,0.68.4,2
2026-09-21,0.68.40,2
2026-09-21,0.68.41,2
2026-09-21,0.68.42,2
2026-09-21,0.68.43,2
2026-09-21,0.68.44,2
2026-09-21,0.68.45,2
2026-09-21,0.68.46,2
2026-09-21,0.68.47,2
2026-09-21,0.68.48,2
2026-09-21,0.68.49,2
2026-09-21,0.68.5,2
2026-09-21,0.68.50,2
2026-09-21,0.68.51,2
2026-09-21,0.68.52,2
2026-09-21,0.68.53,2
2026-09-21,0.68.54,2
2026-09-21,0.68.55,5
2026-09-21,0.68.6,2
2026-09-21,0.68.8,2
2026-09-21,0.68.9,2
2026-09-21,0.69.0,2
2026-09-21,0.69.1,2
2026-09-21,0.69.2,2
2026-09-21,0.70.0,2
2026-09-21,0.70.1,2
2026-09-21,0.70.2,6
2026-09-21,0.70.3,5
2026-09-21,0.70.4,2
2026-09-21,0.70.5,168
2026-09-21,0.70.6,2
2026-09-21,0.70.7,2
2026-09-21,0.71.0,2
2026-09-21,0.71.1,2
2026-09-21,0.71.10,2
2026-09-21,0.71.11,2
2026-09-21,0.71.12,7
2026-09-21,0.71.13,7
2026-09-21,0.71.2,2
2026-09-21,0.71.3,7
2026-09-21,0.71.4,2
2026-09-21,0.71.5,3
2026-09-21,0.71.6,2
2026-09-21,0.71.7,2
2026-09-21,0.71.8,2
2026-09-21,0.71.9,2
2026-09-21,0.72.0,2
2026-09-21,0.72.1,2
2026-09-21,0.72.10,4
2026-09-21,0.72.11,7
2026-09-21,0.72.13,2
2026-09-21,0.72.14,2
2026-09-21,0.72.15,2
2026-09-21,0.72.16,2
2026-09-21,0.72.17,2
2026-09-21,0.72.18,2
2026-09-21,0.72.19,2
2026-09-21,0.72.2,2
2026-09-21,0.72.20,2
2026-09-21,0.72.21,3
2026-09-21,0.72.22,2
2026-09-21,0.72.23,2
2026-09-21,0.72.24,2
2026-09-21,0.72.25,2
2026-09-21,0.72.26,2
2026-09-21,0.72.27,2
2026-09-21,0.72.28,2
2026-09-21,0.72.29,2
2026-09-21,0.72.3,2
2026-09-21,0.72.30,2
2026-09-21,0.72.31,2
2026-09-21,0.72.32,2
2026-09-21,0.72.33,5
2026-09-21,0.72.34,2
2026-09-21,0.72.35,2
2026-09-21,0.72.36,2
2026-09-21,0.72.37,2
2026-09-21,0.72.38,2
2026-09-21,0.72.39,2
2026-09-21,0.72.4,2
2026-09-21,0.72.40,2
2026-09-21,0.72.41,2
2026-09-21,0.72.42,2
2026-09-21,0.72.43,2
2026-09-21,0.72.44,2
2026-09-21,0.72.45,2
2026-09-21,0.72.46,2
2026-09-21,0.72.47,2
2026-09-21,0.72.48,2
2026-09-21,0.72.49,2
2026-09-21,0.72.5,2
2026-09-21,0.72.50,2
2026-09-21,0.72.51,2
2026-09-21,0.72.52,2
2026-09-21,0.72.53,2
2026-09-21,0.72.54,2
2026-09-21,0.72.55,3
2026-09-21,0.72.56,2
2026-09-21,0.72.57,2
2026-09-21,0.72.58,2
2026-09-21,0.72.6,2
2026-09-21,0.72.7,2
2026-09-21,0.72.9,2
2026-09-21,0.73.0,4
2026-09-21,0.73.1,2
2026-09-21,0.73.10,2
2026-09-21,0.73.100,5
2026-09-21,0.73.101,3
2026-09-21,0.73.102,3
2026-09-21,0.73.103,4
2026-09-21,0.73.104,3
2026-09-21,0.73.105,3
2026-09-21,0.73.106,3
2026-09-21,0.73.107,4
2026-09-21,0.73.108,3
2026-09-21,0.73.109,3
2026-09-21,0.73.11,2
2026-09-21,0.73.110,3
2026-09-21,0.73.111,3
2026-09-21,0.73.112,4
2026-09-21,0.73.113,3
2026-09-21,0.73.114,3
2026-09-21,0.73.115,3
2026-09-21,0.73.116,3
2026-09-21,0.73.12,5
2026-09-21,0.73.126,3
2026-09-21,0.73.128,2
2026-09-21,0.73.13,2
2026-09-21,0.73.130,3
2026-09-21,0.73.131,3
2026-09-21,0.73.132,3
2026-09-21,0.73.133,3
2026-09-21,0.73.134,3
2026-09-21,0.73.135,3
2026-09-21,0.73.136,4
2026-09-21,0.73.137,3
2026-09-21,0.73.138,4
2026-09-21,0.73.139,4
2026-09-21,0.73.14,2
2026-09-21,0.73.140,3
2026-09-21,0.73.141,14
2026-09-21,0.73.142,10
2026-09-21,0.73.143,4
2026-09-21,0.73.144,3
2026-09-21,0.73.145,8
2026-09-21,0.73.146,3
2026-09-21,0.73.147,4
2026-09-21,0.73.148,3
2026-09-21,0.73.149,4
2026-09-21,0.73.15,709
2026-09-21,0.73.150,5
2026-09-21,0.73.151,3
2026-09-21,0.73.152,3
2026-09-21,0.73.153,3
2026-09-21,0.73.154,8
2026-09-21,0.73.155,5
2026-09-21,0.73.156,3
2026-09-21,0.73.157,3
2026-09-21,0.73.158,3
2026-09-21,0.73.159,5
2026-09-21,0.73.16,3
2026-09-21,0.73.160,3
2026-09-21,0.73.161,3
2026-09-21,0.73.162,3
2026-09-21,0.73.163,3
2026-09-21,0.73.164,13
2026-09-21,0.73.165,9
2026-09-21,0.73.166,3
2026-09-21,0.73.167,3
2026-09-21,0.73.168,3
2026-09-21,0.73.169,3
2026-09-21,0.73.17,2
2026-09-21,0.73.170,10
2026-09-21,0.73.171,3
2026-09-21,0.73.172,3
2026-09-21,0.73.173,180
2026-09-21,0.73.18,2
2026-09-21,0.73.19,2
2026-09-21,0.73.2,4
2026-09-21,0.73.20,2
2026-09-21,0.73.21,2
2026-09-21,0.73.22,2
2026-09-21,0.73.23,2
2026-09-21,0.73.24,2
2026-09-21,0.73.25,2
2026-09-21,0.73.26,10
2026-09-21,0.73.27,3
2026-09-21,0.73.28,2
2026-09-21,0.73.29,3
2026-09-21,0.73.3,2
2026-09-21,0.73.30,2
2026-09-21,0.73.31,2
2026-09-21,0.73.32,2
2026-09-21,0.73.33,2
2026-09-21,0.73.34,5
2026-09-21,0.73.35,3
2026-09-21,0.73.36,3
2026-09-21,0.73.37,3
2026-09-21,0.73.38,3
2026-09-21,0.73.39,3
2026-09-21,0.73.4,2
2026-09-21,0.73.40,3
2026-09-21,0.73.41,3
2026-09-21,0.73.42,3
2026-09-21,0.73.43,4
2026-09-21,0.73.44,3
2026-09-21,0.73.45,3
2026-09-21,0.73.46,3
2026-09-21,0.73.47,3
2026-09-21,0.73.48,3
2026-09-21,0.73.49,4
2026-09-21,0.73.5,2
2026-09-21,0.73.50,3
2026-09-21,0.73.51,3
2026-09-21,0.73.52,3
2026-09-21,0.73.53,59
2026-09-21,0.73.54,8
2026-09-21,0.73.55,3
2026-09-21,0.73.56,3
2026-09-21,0.73.57,3
2026-09-21,0.73.58,3
2026-09-21,0.73.59,3
2026-09-21,0.73.6,2
2026-09-21,0.73.60,3
2026-09-21,0.73.61,6
2026-09-21,0.73.62,3
2026-09-21,0.73.63,3
2026-09-21,0.73.64,3
2026-09-21,0.73.65,3
2026-09-21,0.73.66,3
2026-09-21,0.73.67,4
2026-09-21,0.73.68,3
2026-09-21,0.73.69,3
2026-09-21,0.73.7,2
2026-09-21,0.73.70,3
2026-09-21,0.73.71,3
2026-09-21,0.73.72,8
2026-09-21,0.73.73,3
2026-09-21,0.73.74,4
2026-09-21,0.73.75,3
2026-09-21,0.73.76,3
2026-09-21,0.73.77,3
2026-09-21,0.73.78,3
2026-09-21,0.73.79,3
2026-09-21,0.73.8,2
2026-09-21,0.73.80,3
2026-09-21,0.73.81,3
2026-09-21,0.73.83,3
2026-09-21,0.73.84,6
2026-09-21,0.73.85,3
2026-09-21,0.73.86,3
2026-09-21,0.73.87,3
2026-09-21,0.73.88,3
2026-09-21,0.73.89,3
2026-09-21,0.73.9,2
2026-09-21,0.73.90,3
2026-09-21,0.73.91,6
2026-09-21,0.73.92,4
2026-09-21,0.73.93,5
2026-09-21,0.73.94,3
2026-09-21,0.73.95,3
2026-09-21,0.73.96,3
2026-09-21,0.73.97,3
2026-09-21,0.73.98,3
2026-09-21,0.73.99,3
2026-09-21,0.74.0,14
2026-09-21,0.74.1,3
2026-09-21,0.74.10,6
2026-09-21,0.74.11,4
2026-09-21,0.74.12,3
2026-09-21,0.74.13,3
2026-09-21,0.74.14,10
2026-09-21,0.74.15,4
2026-09-21,0.74.16,4
2026-09-21,0.74.17,3
2026-09-21,0.74.18,3
2026-09-21,0.74.19,3
2026-09-21,0.74.2,3
2026-09-21,0.74.20,3
2026-09-21,0.74.21,3
2026-09-21,0.74.22,3
2026-09-21,0.74.23,13
2026-09-21,0.74.24,3
2026-09-21,0.74.25,3
2026-09-21,0.74.26,3
2026-09-21,0.74.27,3
2026-09-21,0.74.28,3
2026-09-21,0.74.29,16
2026-09-21,0.74.3,3
2026-09-21,0.74.30,5
2026-09-21,0.74.31,3
2026-09-21,0.74.33,3
2026-09-21,0.74.34,3
2026-09-21,0.74.35,11
2026-09-21,0.74.36,3
2026-09-21,0.74.37,4
2026-09-21,0.74.38,11
2026-09-21,0.74.39,3
2026-09-21,0.74.4,3
2026-09-21,0.74.40,16
2026-09-21,0.74.41,3
2026-09-21,0.74.42,3
2026-09-21,0.74.43,3
2026-09-21,0.74.44,10
2026-09-21,0.74.45,3
2026-09-21,0.74.46,3
2026-09-21,0.74.47,3
2026-09-21,0.74.48,4
2026-09-21,0.74.49,3
2026-09-21,0.74.5,3
2026-09-21,0.74.50,3
2026-09-21,0.74.51,5
2026-09-21,0.74.52,3
2026-09-21,0.74.53,3
2026-09-21,0.74.54,17
2026-09-21,0.74.55,3
2026-09-21,0.74.56,3
2026-09-21,0.74.57,3
2026-09-21,0.74.58,3
2026-09-21,0.74.59,3
2026-09-21,0.74.6,4
2026-09-21,0.74.60,3
2026-09-21,0.74.61,3
2026-09-21,0.74.62,94
2026-09-21,0.74.7,3
2026-09-21,0.74.8,4
2026-09-21,0.74.9,3
2026-09-21,0.75.0,1292
2026-09-21,0.75.1,3
2026-09-21,0.75.2,3
2026-09-21,0.75.3,3
2026-09-21,0.75.4,3
2026-09-21,0.75.5,3
2026-09-21,0.75.6,26
2026-09-21,0.75.7,3
2026-09-21,0.75.8,5
2026-09-21,0.76.0,3
2026-09-21,0.76.1,3
2026-09-21,0.76.2,3
2026-09-21,0.76.3,6
2026-09-21,0.76.4,3
2026-09-21,0.76.4.dev1,2
2026-09-21,0.76.5,8
2026-09-21,0.76.5.dev0,2
2026-09-21,0.76.5.dev2,2
2026-09-21,0.76.5.dev4,2
2026-09-21,0.77.0,11367
2026-09-21,0.77.1.dev0,2
2026-09-21,1.0.0,86
2026-09-21,1.0.0.dev1,2
2026-09-21,1.0.0.dev10,2
2026-09-21,1.0.0.dev11,2
2026-09-21,1.0.0.dev12,2
2026-09-21,1.0.0.dev13,2
2026-09-21,1.0.0.dev14,2
2026-09-21,1.0.0.dev15,2
2026-09-21,1.0.0.dev16,2
2026-09-21,1.0.0.dev17,2
2026-09-21,1.0.0.dev18,2
2026-09-21,1.0.0.dev19,2
2026-09-21,1.0.0.dev2,2
2026-09-21,1.0.0.dev20,2
2026-09-21,1.0.0.dev3,3
2026-09-21,1.0.0.dev4,2
2026-09-21,1.0.0.dev5,2
2026-09-21,1.0.0.dev7,2
2026-09-21,1.0.0.dev8,2
2026-09-21,1.0.1,91
2026-09-21,1.0.1.dev0,2
2026-09-21,1.0.1.dev1,2
2026-09-21,1.0.1.dev2,2
2026-09-21,1.0.1.dev3,2
2026-09-21,1.0.1.dev4,2
2026-09-21,1.0.1.dev5,2
2026-09-21,1.0.2,69
2026-09-21,1.0.2.dev0,2
2026-09-21,1.0.2.dev1,2
2026-09-21,1.0.2.dev2,2
2026-09-21,1.0.2.dev3,2
2026-09-21,1.0.2.dev4,2
2026-09-21,1.0.2.dev6,2
2026-09-21,1.0.2.dev7,2
2026-09-21,1.0.3,72
2026-09-21,1.0.3.dev0,2
2026-09-21,1.0.3.dev1,2
2026-09-21,1.0.3.dev10,2
2026-09-21,1.0.3.dev11,2
2026-09-21,1.0.3.dev12,2
2026-09-21,1.0.3.dev13,2
2026-09-21,1.0.3.dev14,2
2026-09-21,1.0.3.dev15,2
2026-09-21,1.0.3.dev17,2
2026-09-21,1.0.3.dev19,2
2026-09-21,1.0.3.dev2,2
2026-09-21,1.0.3.dev20,2
2026-09-21,1.0.3.dev21,2
2026-09-21,1.0.3.dev22,2
2026-09-21,1.0.3.dev24,2
2026-09-21,1.0.3.dev25,2
2026-09-21,1.0.3.dev26,2
2026-09-21,1.0.3.dev27,4
2026-09-21,1.0.3.dev28,2
2026-09-21,1.0.3.dev4,2
2026-09-21,1.0.3.dev5,2
2026-09-21,1.0.3.dev6,2
2026-09-21,1.0.3.dev7,2
2026-09-21,1.0.3.dev8,2
2026-09-21,1.0.4,4960
2026-09-21,1.0.4.dev1,2
2026-09-21,1.0.4.dev10,2
2026-09-21,1.0.4.dev11,2
2026-09-21,1.0.4.dev12,2
2026-09-21,1.0.4.dev2,2
2026-09-21,1.0.4.dev3,2
2026-09-21,1.0.4.dev4,3
2026-09-21,1.0.4.dev5,2
2026-09-21,1.0.4.dev7,2
2026-09-21,1.0.5,1105
2026-09-21,1.0.5.dev1,2
2026-09-21,1.0.5.dev10,2
2026-09-21,1.0.5.dev11,2
2026-09-21,1.0.5.dev12,2
2026-09-21,1.0.5.dev13,2
2026-09-21,1.0.5.dev14,2
2026-09-21,1.0.5.dev15,2
2026-09-21,1.0.5.dev17,2
2026-09-21,1.0.5.dev18,2
2026-09-21,1.0.5.dev19,2
2026-09-21,1.0.5.dev2,2
2026-09-21,1.0.5.dev20,2
2026-09-21,1.0.5.dev21,2
2026-09-21,1.0.5.dev22,4
2026-09-21,1.0.5.dev23,2
2026-09-21,1.0.5.dev24,2
2026-09-21,1.0.5.dev26,2
2026-09-21,1.0.5.dev27,2
2026-09-21,1.0.5.dev29,2
2026-09-21,1.0.5.dev3,2
2026-09-21,1.0.5.dev30,2
2026-09-21,1.0.5.dev31,2
2026-09-21,1.0.5.dev32,2
2026-09-21,1.0.5.dev4,2
2026-09-21,1.0.5.dev5,2
2026-09-21,1.0.5.dev6,2
2026-09-21,1.0.5.dev7,2
2026-09-21,1.0.5.dev8,2
2026-09-21,1.0.5.dev9,2
2026-09-21,1.0.6.dev0,2
2026-09-21,1.0.6.dev1,2
2026-09-21,1.0.6.dev10,2
2026-09-21,1.0.6.dev11,2
2026-09-21,1.0.6.dev12,2
2026-09-21,1.0.6.dev13,2
2026-09-21,1.0.6.dev14,2
2026-09-21,1.0.6.dev15,2
2026-09-21,1.0.6.dev16,4
2026-09-21,1.0.6.dev17,2
2026-09-21,1.0.6.dev18,2
2026-09-21,1.0.6.dev19,2
2026-09-21,1.0.6.dev2,2
2026-09-21,1.0.6.dev20,2
2026-09-21,1.0.6.dev21,2
2026-09-21,1.0.6.dev22,2
2026-09-21,1.0.6.dev24,2
2026-09-21,1.0.6.dev25,2
2026-09-21,1.0.6.dev26,2
2026-09-21,1.0.6.dev28,2
2026-09-21,1.0.6.dev29,2
2026-09-21,1.0.6.dev3,2
2026-09-21,1.0.6.dev30,2
2026-09-21,1.0.6.dev31,2
2026-09-21,1.0.6.dev32,2
2026-09-21,1.0.6.dev34,2
2026-09-21,1.0.6.dev35,2
2026-09-21,1.0.6.dev36,2
2026-09-21,1.0.6.dev37,2
2026-09-21,1.0.6.dev38,2
2026-09-21,1.0.6.dev39,2
2026-09-21,1.0.6.dev4,2
2026-09-21,1.0.6.dev41,2
2026-09-21,1.0.6.dev42,2
2026-09-21,1.0.6.dev43,2
2026-09-21,1.0.6.dev44,3
2026-09-21,1.0.6.dev45,2
2026-09-21,1.0.6.dev46,2
2026-09-21,1.0.6.dev47,2
2026-09-21,1.0.6.dev5,2
2026-09-21,1.0.6.dev50,2
2026-09-21,1.0.6.dev51,2
2026-09-21,1.0.6.dev52,2
2026-09-21,1.0.6.dev54,2
2026-09-21,1.0.6.dev55,2
2026-09-21,1.0.6.dev56,2
2026-09-21,1.0.6.dev58,2
2026-09-21,1.0.6.dev59,2
2026-09-21,1.0.6.dev6,2
2026-09-21,1.0.6.dev60,2
2026-09-21,1.0.6.dev61,2
2026-09-21,1.0.6.dev7,2
2026-09-21,1.0.6.dev8,2
2026-09-21,1.0.6.dev9,2
2026-09-21,1.1.0,404
2026-09-21,1.1.1,2627
2026-09-21,1.1.1.dev0,2
2026-09-21,1.1.1.dev1,2
2026-09-21,1.1.1.dev10,2
2026-09-21,1.1.1.dev11,2
2026-09-21,1.1.1.dev12,2
2026-09-21,1.1.1.dev13,2
2026-09-21,1.1.1.dev14,2
2026-09-21,1.1.1.dev15,2
2026-09-21,1.1.1.dev16,2
2026-09-21,1.1.1.dev17,2
2026-09-21,1.1.1.dev18,2
2026-09-21,1.1.1.dev19,2
2026-09-21,1.1.1.dev2,2
2026-09-21,1.1.1.dev20,2
2026-09-21,1.1.1.dev21,2
2026-09-21,1.1.1.dev22,2
2026-09-21,1.1.1.dev23,2
2026-09-21,1.1.1.dev24,2
2026-09-21,1.1.1.dev25,2
2026-09-21,1.1.1.dev26,2
2026-09-21,1.1.1.dev27,2
2026-09-21,1.1.1.dev28,2
2026-09-21,1.1.1.dev29,2
2026-09-21,1.1.1.dev3,2
2026-09-21,1.1.1.dev30,2
2026-09-21,1.1.1.dev31,2
2026-09-21,1.1.1.dev32,2
2026-09-21,1.1.1.dev33,2
2026-09-21,1.1.1.dev34,2
2026-09-21,1.1.1.dev35,2
2026-09-21,1.1.1.dev36,2
2026-09-21,1.1.1.dev37,2
2026-09-21,1.1.1.dev38,2
2026-09-21,1.1.1.dev39,2
2026-09-21,1.1.1.dev4,2
2026-09-21,1.1.1.dev40,2
2026-09-21,1.1.1.dev41,2
2026-09-21,1.1.1.dev44,2
2026-09-21,1.1.1.dev5,2
2026-09-21,1.1.1.dev6,2
2026-09-21,1.1.1.dev7,3
2026-09-21,1.1.1.dev9,2
2026-09-21,1.1.2,19
2026-09-21,1.1.2.dev0,2
2026-09-21,1.1.2.dev1,2
2026-09-21,1.1.2.dev10,2
2026-09-21,1.1.2.dev11,2
2026-09-21,1.1.2.dev12,2
2026-09-21,1.1.2.dev13,2
2026-09-21,1.1.2.dev14,2
2026-09-21,1.1.2.dev15,2
2026-09-21,1.1.2.dev16,2
2026-09-21,1.1.2.dev17,2
2026-09-21,1.1.2.dev18,2
2026-09-21,1.1.2.dev19,2
2026-09-21,1.1.2.dev2,3
2026-09-21,1.1.2.dev20,2
2026-09-21,1.1.2.dev21,2
2026-09-21,1.1.2.dev22,2
2026-09-21,1.1.2.dev23,2
2026-09-21,1.1.2.dev24,2
2026-09-21,1.1.2.dev25,2
2026-09-21,1.1.2.dev26,2
2026-09-21,1.1.2.dev27,2
2026-09-21,1.1.2.dev28,2
2026-09-21,1.1.2.dev29,2
2026-09-21,1.1.2.dev3,2
2026-09-21,1.1.2.dev31,2
2026-09-21,1.1.2.dev32,2
2026-09-21,1.1.2.dev34,2
2026-09-21,1.1.2.dev35,2
2026-09-21,1.1.2.dev36,2
2026-09-21,1.1.2.dev37,5
2026-09-21,1.1.2.dev39,2
2026-09-21,1.1.2.dev4,2
2026-09-21,1.1.2.dev41,2
2026-09-21,1.1.2.dev42,2
2026-09-21,1.1.2.dev43,2
2026-09-21,1.1.2.dev44,2
2026-09-21,1.1.2.dev5,2
2026-09-21,1.1.2.dev6,2
2026-09-21,1.1.2.dev7,2
2026-09-21,1.1.2.dev8,2
2026-09-21,1.1.2.dev9,2
2026-09-21,1.1.3,258
2026-09-21,1.1.3.dev0,2
2026-09-21,1.1.3.dev1,2
2026-09-21,1.1.3.dev2,2
2026-09-21,1.1.3.dev3,2
2026-09-21,1.1.3.dev4,2
2026-09-21,1.1.3.dev5,2
2026-09-21,1.1.3.dev6,2
2026-09-21,1.1.3.dev7,2
2026-09-21,1.1.4,1709
2026-09-21,1.1.4.dev0,2
2026-09-21,1.1.4.dev1,2
2026-09-21,1.1.4.dev10,2
2026-09-21,1.1.4.dev11,2
2026-09-21,1.1.4.dev12,2
2026-09-21,1.1.4.dev13,2
2026-09-21,1.1.4.dev14,2
2026-09-21,1.1.4.dev15,2
2026-09-21,1.1.4.dev16,2
2026-09-21,1.1.4.dev17,2
2026-09-21,1.1.4.dev18,2
2026-09-21,1.1.4.dev19,2
2026-09-21,1.1.4.dev2,2
2026-09-21,1.1.4.dev20,2
2026-09-21,1.1.4.dev21,2
2026-09-21,1.1.4.dev22,2
2026-09-21,1.1.4.dev23,2
2026-09-21,1.1.4.dev24,2
2026-09-21,1.1.4.dev25,2
2026-09-21,1.1.4.dev26,2
2026-09-21,1.1.4.dev27,2
2026-09-21,1.1.4.dev28,2
2026-09-21,1.1.4.dev29,2
2026-09-21,1.1.4.dev3,3
2026-09-21,1.1.4.dev30,2
2026-09-21,1.1.4.dev33,2
2026-09-21,1.1.4.dev4,2
2026-09-21,1.1.4.dev5,2
2026-09-21,1.1.4.dev6,2
2026-09-21,1.1.4.dev7,2
2026-09-21,1.1.4.dev8,2
2026-09-21,1.1.4.dev9,2
2026-09-21,1.1.5.dev0,2
2026-09-21,1.1.5.dev1,2
2026-09-21,1.1.5.dev10,2
2026-09-21,1.1.5.dev11,2
2026-09-21,1.1.5.dev12,2
2026-09-21,1.1.5.dev13,2
2026-09-21,1.1.5.dev14,2
2026-09-21,1.1.5.dev15,2
2026-09-21,1.1.5.dev16,2
2026-09-21,1.1.5.dev17,2
2026-09-21,1.1.5.dev18,2
2026-09-21,1.1.5.dev19,2
2026-09-21,1.1.5.dev2,2
2026-09-21,1.1.5.dev20,2
2026-09-21,1.1.5.dev21,2
2026-09-21,1.1.5.dev22,2
2026-09-21,1.1.5.dev23,2
2026-09-21,1.1.5.dev24,2
2026-09-21,1.1.5.dev25,2
2026-09-21,1.1.5.dev26,2
2026-09-21,1.1.5.dev27,2
2026-09-21,1.1.5.dev28,2
2026-09-21,1.1.5.dev29,2
2026-09-21,1.1.5.dev3,2
2026-09-21,1.1.5.dev30,2
2026-09-21,1.1.5.dev31,2
2026-09-21,1.1.5.dev32,2
2026-09-21,1.1.5.dev33,2
2026-09-21,1.1.5.dev34,2
2026-09-21,1.1.5.dev35,2
2026-09-21,1.1.5.dev36,2
2026-09-21,1.1.5.dev37,2
2026-09-21,1.1.5.dev38,2
2026-09-21,1.1.5.dev39,2
2026-09-21,1.1.5.dev4,2
2026-09-21,1.1.5.dev40,2
2026-09-21,1.1.5.dev41,2
2026-09-21,1.1.5.dev42,2
2026-09-21,1.1.5.dev43,2
2026-09-21,1.1.5.dev44,2
2026-09-21,1.1.5.dev45,2
2026-09-21,1.1.5.dev46,2
2026-09-21,1.1.5.dev47,2
2026-09-21,1.1.5.dev48,2
2026-09-21,1.1.5.dev49,2
2026-09-21,1.1.5.dev5,2
2026-09-21,1.1.5.dev50,3
2026-09-21,1.1.5.dev51,2
2026-09-21,1.1.5.dev52,2
2026-09-21,1.1.5.dev53,2
2026-09-21,1.1.5.dev54,2
2026-09-21,1.1.5.dev55,2
2026-09-21,1.1.5.dev56,2
2026-09-21,1.1.5.dev57,2
2026-09-21,1.1.5.dev58,2
2026-09-21,1.1.5.dev59,2
2026-09-21,1.1.5.dev6,2
2026-09-21,1.1.5.dev60,2
2026-09-21,1.1.5.dev61,2
2026-09-21,1.1.5.dev62,2
2026-09-21,1.1.5.dev63,2
2026-09-21,1.1.5.dev64,2
2026-09-21,1.1.5.dev65,2
2026-09-21,1.1.5.dev66,2
2026-09-21,1.1.5.dev67,3
2026-09-21,1.1.5.dev68,2
2026-09-21,1.1.5.dev69,2
2026-09-21,1.1.5.dev7,2
2026-09-21,1.1.5.dev70,2
2026-09-21,1.1.5.dev71,2
2026-09-21,1.1.5.dev72,2
2026-09-21,1.1.5.dev73,2
2026-09-21,1.1.5.dev74,2
2026-09-21,1.1.5.dev75,2
2026-09-21,1.1.5.dev76,2
2026-09-21,1.1.5.dev77,2
2026-09-21,1.1.5.dev78,2
2026-09-21,1.1.5.dev8,2
2026-09-21,1.1.5.dev81,2
2026-09-21,1.1.5.dev82,2
2026-09-21,1.1.5.dev83,2
2026-09-21,1.1.5.dev84,2
2026-09-21,1.1.5.dev85,2
2026-09-21,1.1.5.dev86,2
2026-09-21,1.1.5.dev87,2
2026-09-21,1.1.5.dev88,2
2026-09-21,1.1.5.dev89,2
2026-09-21,1.1.5.dev9,2
2026-09-21,1.1.5.dev90,2
2026-09-21,1.1.5.dev91,2
2026-09-21,1.2.0,711
2026-09-21,1.2.1,1092
2026-09-21,1.2.1.dev0,2
2026-09-21,1.2.1.dev1,2
2026-09-21,1.2.1.dev10,4
2026-09-21,1.2.1.dev11,4
2026-09-21,1.2.1.dev12,2
2026-09-21,1.2.1.dev13,2
2026-09-21,1.2.1.dev14,2
2026-09-21,1.2.1.dev15,2
2026-09-21,1.2.1.dev16,2
2026-09-21,1.2.1.dev17,2
2026-09-21,1.2.1.dev18,2
2026-09-21,1.2.1.dev19,2
2026-09-21,1.2.1.dev2,3
2026-09-21,1.2.1.dev20,2
2026-09-21,1.2.1.dev21,2
2026-09-21,1.2.1.dev22,2
2026-09-21,1.2.1.dev23,2
2026-09-21,1.2.1.dev3,2
2026-09-21,1.2.1.dev4,2
2026-09-21,1.2.1.dev5,2
2026-09-21,1.2.1.dev6,2
2026-09-21,1.2.1.dev7,2
2026-09-21,1.2.1.dev8,2
2026-09-21,1.2.1.dev9,2
2026-09-21,1.2.2,191
2026-09-21,1.2.2.dev10,7
2026-09-21,1.2.2.dev11,5
2026-09-21,1.2.2.dev12,2
2026-09-21,1.2.2.dev13,2
2026-09-21,1.2.2.dev15,2
2026-09-21,1.2.2.dev16,2
2026-09-21,1.2.2.dev17,3
2026-09-21,1.2.2.dev18,2
2026-09-21,1.2.2.dev19,5
2026-09-21,1.2.2.dev2,2
2026-09-21,1.2.2.dev20,2
2026-09-21,1.2.2.dev21,5
2026-09-21,1.2.2.dev22,2
2026-09-21,1.2.2.dev23,2
2026-09-21,1.2.2.dev24,8
2026-09-21,1.2.2.dev25,4
2026-09-21,1.2.2.dev26,7
2026-09-21,1.2.2.dev27,2
2026-09-21,1.2.2.dev28,2
2026-09-21,1.2.2.dev29,2
2026-09-21,1.2.2.dev3,5
2026-09-21,1.2.2.dev30,4
2026-09-21,1.2.2.dev31,9
2026-09-21,1.2.2.dev32,4
2026-09-21,1.2.2.dev33,3
2026-09-21,1.2.2.dev34,4
2026-09-21,1.2.2.dev35,5
2026-09-21,1.2.2.dev36,2
2026-09-21,1.2.2.dev37,4
2026-09-21,1.2.2.dev38,5
2026-09-21,1.2.2.dev4,2
2026-09-21,1.2.2.dev5,5
2026-09-21,1.2.2.dev6,5
2026-09-21,1.2.2.dev7,2
2026-09-21,1.2.2.dev8,2
2026-09-21,1.2.2.dev9,2
2026-09-21,1.2.3,25091
2026-09-21,1.2.3.dev0,2
2026-09-21,1.2.3.dev1,2
2026-09-21,1.2.3.dev10,2
2026-09-21,1.2.3.dev11,2
2026-09-21,1.2.3.dev12,11
2026-09-21,1.2.3.dev13,2
2026-09-21,1.2.3.dev14,4
2026-09-21,1.2.3.dev15,5
2026-09-21,1.2.3.dev16,3
2026-09-21,1.2.3.dev2,2
2026-09-21,1.2.3.dev3,2
2026-09-21,1.2.3.dev4,3
2026-09-21,1.2.3.dev5,2
2026-09-21,1.2.3.dev6,4
2026-09-21,1.2.3.dev7,2
2026-09-21,1.2.3.dev8,2
2026-09-21,1.2.3.dev9,6
2026-09-21,1.2.4,1512
2026-09-21,1.2.5,152
2026-09-21,1.2.5.dev0,3
2026-09-21,1.2.5.dev13,12
2026-09-21,1.2.5.dev15,7
2026-09-21,1.2.5.dev16,2
2026-09-21,1.2.5.dev18,3
2026-09-21,1.2.5.dev20,4
2026-09-21,1.2.5.dev21,2
2026-09-21,1.2.5.dev26,2
2026-09-21,1.2.5.dev28,3
2026-09-21,1.2.5.dev6,4
2026-09-21,1.2.6,1109
2026-09-21,1.2.6.dev0,5
2026-09-21,1.2.6.dev2,3
2026-09-21,1.2.7.dev0,1
2026-09-21,1.2.7.dev10,2
2026-09-21,1.2.7.dev6,2
2026-09-21,1.2.7.dev7,4
2026-09-21,1.3.0,261
2026-09-21,1.3.0.post1,8487
2026-09-21,1.3.1,1664
2026-09-21,1.3.1.dev0,2
2026-09-21,1.3.1.dev10,1
2026-09-21,1.3.1.dev11,1
2026-09-21,1.3.1.dev13,3
2026-09-21,1.3.1.dev18,3
2026-09-21,1.3.1.dev23,4
2026-09-21,1.3.1.dev26,2
2026-09-21,1.3.1.dev28,4
2026-09-21,1.3.1.dev3,5
2026-09-21,1.3.1.dev30,7
2026-09-21,1.3.1.dev31,5
2026-09-21,1.3.1.dev32,6
2026-09-21,1.3.1.dev34,992
2026-09-21,1.3.1.dev35,1
2026-09-21,1.3.1.dev6,5
2026-09-21,1.3.1.dev7,3
2026-09-21,1.3.2,1841
2026-09-21,1.3.2.dev0,3
2026-09-21,1.3.3,5605
2026-09-21,1.3.4,18717
2026-09-21,1.3.5,15137
2026-09-21,1.3.5.dev0,2
2026-09-21,1.3.6.dev0,49
2026-09-21,1.3.6.dev10,5
2026-09-21,1.3.6.dev13,2
2026-09-21,1.3.6.dev14,2
2026-09-21,1.3.6.dev5,2
2026-09-21,1.3.6.dev9,5
2026-09-21,1.4.0,3819
2026-09-21,1.4.1,10371
2026-09-21,1.4.1.dev1,4
2026-09-21,1.4.1.dev3,2
2026-09-21,1.4.2,22886
2026-09-21,1.4.2.dev10,2
2026-09-21,1.4.2.dev14,44
2026-09-21,1.4.2.dev2,2
2026-09-21,1.4.2.dev5,2
2026-09-21,1.4.2.dev6,3
2026-09-21,1.4.2.dev8,5
2026-09-21,1.4.3,79206
2026-09-21,1.4.3.dev10,3
2026-09-21,1.4.3.dev11,5
2026-09-21,1.4.3.dev13,5
2026-09-21,1.4.3.dev16,2
2026-09-21,1.4.3.dev19,5
2026-09-21,1.4.3.dev2,3
2026-09-21,1.4.3.dev20,14
2026-09-21,1.4.3.dev25,3
2026-09-21,1.4.3.dev26,2
2026-09-21,1.4.3.dev27,1
2026-09-21,1.4.3.dev28,3
2026-09-21,1.4.3.dev3,3
2026-09-21,1.4.3.dev30,5
2026-09-21,1.4.3.dev5,101
2026-09-21,1.4.3.dev6,2
2026-09-21,1.4.3.dev7,2
2026-09-21,1.4.3.dev8,2
2026-09-21,1.4.4.dev0,2
2026-09-21,1.4.4.dev1,3
2026-09-21,1.4.4.dev13,31
2026-09-21,1.4.4.dev2,7
2026-09-21,1.4.4.dev20,4
2026-09-21,1.4.4.dev4,5
2026-09-21,1.4.4.dev6,3
2026-09-21,1.4.4.dev8,2
2026-09-21,1.4.4.dev9,6
2026-09-21,1.5.0,15128
2026-09-21,1.5.1,128044
2026-09-21,1.5.1.dev10,1
2026-09-21,1.5.1.dev12,3
2026-09-21,1.5.1.dev13,903
2026-09-21,1.5.1.dev14,3
2026-09-21,1.5.1.dev2,2
2026-09-21,1.5.1.dev3,3
2026-09-21,1.5.1.dev4,2
2026-09-21,1.5.1.dev5,2
2026-09-21,1.5.1.dev7,75
2026-09-21,1.5.2,29548
2026-09-21,1.5.2.dev0,4
2026-09-21,1.5.2.dev10,2
2026-09-21,1.5.2.dev11,2
2026-09-21,1.5.2.dev12,113
2026-09-21,1.5.2.dev13,1
2026-09-21,1.5.2.dev14,4
2026-09-21,1.5.2.dev15,3
2026-09-21,1.5.2.dev16,2
2026-09-21,1.5.2.dev18,1
2026-09-21,1.5.2.dev19,2
2026-09-21,1.5.2.dev2,2
2026-09-21,1.5.2.dev20,2465
2026-09-21,1.5.2.dev21,2
2026-09-21,1.5.2.dev3,3
2026-09-21,1.5.2.dev4,11
2026-09-21,1.5.2.dev5,4
2026-09-21,1.5.2.dev7,1
2026-09-21,1.5.2.dev8,2
2026-09-21,1.5.2.dev9,1
2026-09-21,1.5.3,38325
2026-09-21,1.5.3.dev0,3
2026-09-21,1.5.3.dev2,1
2026-09-21,1.5.3.dev3,1
2026-09-21,1.5.3.dev4,1
2026-09-21,1.5.3.dev5,1
2026-09-21,1.5.3.dev7,423
2026-09-21,1.5.3.dev9,4
2026-09-21,1.5.4,183138
2026-09-21,1.5.4.dev0,4
2026-09-21,1.5.4.dev11,1
2026-09-21,1.5.4.dev12,3
2026-09-21,1.5.4.dev15,7
2026-09-21,1.5.4.dev16,1
2026-09-21,1.5.4.dev19,1228
2026-09-21,1.5.4.dev2,4
2026-09-21,1.5.4.dev20,5
2026-09-21,1.5.4.dev21,4
2026-09-21,1.5.4.dev3,3
2026-09-21,1.5.4.dev5,51
2026-09-21,1.5.4.dev6,79
2026-09-21,1.5.4.dev7,6
2026-09-21,1.5.4.dev8,1
2026-09-21,1.5.5,958121
2026-09-21,1.5.5.dev0,17
2026-09-21,1.5.5.dev10,4
2026-09-21,1.5.5.dev11,4
2026-09-21,1.5.5.dev14,3
2026-09-21,1.5.5.dev16,9
2026-09-21,1.5.5.dev17,6
2026-09-21,1.5.5.dev2,2
2026-09-21,1.5.5.dev4,3
2026-09-21,1.5.5.dev5,6
2026-09-21,1.5.5.dev6,1
2026-09-21,1.5.5.dev7,3
2026-09-21,1.5.5.dev8,4
2026-09-21,1.5.5.dev9,5
2026-09-21,1.5.6.dev0,2
2026-09-21,1.5.6.dev1,2
2026-09-21,1.5.6.dev10,3
2026-09-21,1.5.6.dev11,2
2026-09-21,1.5.6.dev13,9
2026-09-21,1.5.6.dev15,1
2026-09-21,1.5.6.dev16,159
2026-09-21,1.5.6.dev17,3
2026-09-21,1.5.6.dev18,14
2026-09-21,1.5.6.dev19,501
2026-09-21,1.5.6.dev2,16
2026-09-21,1.5.6.dev20,7
2026-09-21,1.5.6.dev21,158
2026-09-21,1.5.6.dev22,140
2026-09-21,1.5.6.dev23,573
2026-09-21,1.5.6.dev3,2
2026-09-21,1.5.6.dev4,4
2026-09-21,1.5.6.dev5,12
2026-09-21,1.5.6.dev6,8
2026-09-21,1.5.6.dev7,1
2026-09-21,1.5.6.dev8,4
2026-09-21,1.5.6.dev9,3
2026-09-22,0.49.2343,3
2026-09-22,0.49.2348,2
2026-09-22,0.49.2364,2
2026-09-22,0.49.2379,2
2026-09-22,0.49.2385,2
2026-09-22,0.49.2389,2
2026-09-22,0.49.2399,2
2026-09-22,0.49.2401,2
2026-09-22,0.49.2406,2
2026-09-22,0.49.2418,2
2026-09-22,0.49.2429,2
2026-09-22,0.49.2437,2
2026-09-22,0.49.2455,2
2026-09-22,0.49.2462,2
2026-09-22,0.49.2464,2
2026-09-22,0.49.2465,2
2026-09-22,0.49.2466,2
2026-09-22,0.49.2471,2
2026-09-22,0.49.2475,2
2026-09-22,0.49.2489,2
2026-09-22,0.49.2500,2
2026-09-22,0.49.2504,2
2026-09-22,0.49.2509,2
2026-09-22,0.49.2515,2
2026-09-22,0.49.2517,2
2026-09-22,0.49.2527,2
2026-09-22,0.49.2532,2
2026-09-22,0.49.2537,2
2026-09-22,0.50.2539,2
2026-09-22,0.50.2544,2
2026-09-22,0.50.2549,2
2026-09-22,0.50.2552,2
2026-09-22,0.50.2554,2
2026-09-22,0.50.2561,2
2026-09-22,0.50.2562,2
2026-09-22,0.50.2570,2
2026-09-22,0.50.2573,2
2026-09-22,0.50.2581,2
2026-09-22,0.50.2586,2
2026-09-22,0.50.2588,2
2026-09-22,0.50.2593,2
2026-09-22,0.50.2597,2
2026-09-22,0.50.2604,2
2026-09-22,0.50.2606,2
2026-09-22,0.50.2608,2
2026-09-22,0.50.2611,2
2026-09-22,0.50.2614,2
2026-09-22,0.50.2619,2
2026-09-22,0.50.2623,2
2026-09-22,0.50.2627,2
2026-09-22,0.50.2632,2
2026-09-22,0.50.2634,2
2026-09-22,0.50.2636,2
2026-09-22,0.50.2643,2
2026-09-22,0.50.2652,2
2026-09-22,0.50.2656,2
2026-09-22,0.50.2660,2
2026-09-22,0.50.2668,2
2026-09-22,0.50.2677,2
2026-09-22,0.50.2684,2
2026-09-22,0.50.2685,2
2026-09-22,0.50.2689,2
2026-09-22,0.50.2691,2
2026-09-22,0.50.2697,2
2026-09-22,0.50.2700,2
2026-09-22,0.50.2701,2
2026-09-22,0.50.2709,2
2026-09-22,0.50.2712,2
2026-09-22,0.50.2718,2
2026-09-22,0.50.2722,2
2026-09-22,0.50.2731,2
2026-09-22,0.50.2734,2
2026-09-22,0.50.2751,2
2026-09-22,0.50.2754,2
2026-09-22,0.50.2758,2
2026-09-22,0.50.2764,2
2026-09-22,0.50.2766,2
2026-09-22,0.50.2771,2
2026-09-22,0.50.2775,2
2026-09-22,0.50.2788,2
2026-09-22,0.50.2793,2
2026-09-22,0.50.2797,2
2026-09-22,0.50.2802,2
2026-09-22,0.50.2805,2
2026-09-22,0.50.2818,2
2026-09-22,0.50.2831,2
2026-09-22,0.50.2834,2
2026-09-22,0.50.2838,2
2026-09-22,0.50.2841,2
2026-09-22,0.50.2845,2
2026-09-22,0.50.2846,2
2026-09-22,0.50.2855,2
2026-09-22,0.50.2870,2
2026-09-22,0.50.2877,2
2026-09-22,0.50.2886,2
2026-09-22,0.50.2889,2
2026-09-22,0.50.2893,2
2026-09-22,0.50.2895,2
2026-09-22,0.50.2898,3
2026-09-22,0.50.2908,2
2026-09-22,0.50.2912,2
2026-09-22,0.50.2915,2
2026-09-22,0.50.2920,2
2026-09-22,0.50.2927,2
2026-09-22,0.50.2930,2
2026-09-22,0.50.2932,2
2026-09-22,0.50.2934,2
2026-09-22,0.50.2940,2
2026-09-22,0.50.2946,2
2026-09-22,0.50.2952,2
2026-09-22,0.50.2962,2
2026-09-22,0.50.2981,2
2026-09-22,0.50.2987,2
2026-09-22,0.50.2994,2
2026-09-22,0.50.2996,2
2026-09-22,0.50.2998,2
2026-09-22,0.50.3001,2
2026-09-22,0.50.3004,2
2026-09-22,0.50.3005,2
2026-09-22,0.50.3010,2
2026-09-22,0.50.3013,2
2026-09-22,0.50.3022,2
2026-09-22,0.50.3025,2
2026-09-22,0.50.3030,2
2026-09-22,0.50.3039,2
2026-09-22,0.50.3044,2
2026-09-22,0.50.3051,2
2026-09-22,0.50.3052,2
2026-09-22,0.50.3054,2
2026-09-22,0.50.3070,2
2026-09-22,0.50.3071,2
2026-09-22,0.51.3074,2
2026-09-22,0.51.3077,2
2026-09-22,0.51.3082,2
2026-09-22,0.51.3085,2
2026-09-22,0.51.3093,2
2026-09-22,0.51.3095,2
2026-09-22,0.51.3099,2
2026-09-22,0.51.3103,2
2026-09-22,0.51.3105,2
2026-09-22,0.51.3107,2
2026-09-22,0.51.3112,2
2026-09-22,0.51.3117,2
2026-09-22,0.51.3119,2
2026-09-22,0.51.3126,2
2026-09-22,0.51.3135,2
2026-09-22,0.51.3137,2
2026-09-22,0.51.3143,2
2026-09-22,0.51.3145,2
2026-09-22,0.51.3147,2
2026-09-22,0.51.3149,2
2026-09-22,0.51.3160,2
2026-09-22,0.51.3162,2
2026-09-22,0.51.3166,2
2026-09-22,0.51.3167,2
2026-09-22,0.51.3173,2
2026-09-22,0.51.3174,2
2026-09-22,0.51.3179,2
2026-09-22,0.51.3182,2
2026-09-22,0.51.3189,2
2026-09-22,0.51.3192,3
2026-09-22,0.51.3194,2
2026-09-22,0.51.3197,2
2026-09-22,0.51.3199,1
2026-09-22,0.51.3202,1
2026-09-22,0.51.3205,1
2026-09-22,0.51.3211,1
2026-09-22,0.51.3213,1
2026-09-22,0.51.3216,1
2026-09-22,0.51.3227,1
2026-09-22,0.51.3233,1
2026-09-22,0.51.3237,1
2026-09-22,0.51.3238,1
2026-09-22,0.51.3247,1
2026-09-22,0.51.3251,1
2026-09-22,0.51.3252,1
2026-09-22,0.51.3267,1
2026-09-22,0.51.3271,1
2026-09-22,0.51.3276,1
2026-09-22,0.51.3280,1
2026-09-22,0.51.3285,1
2026-09-22,0.51.3294,1
2026-09-22,0.51.3298,1
2026-09-22,0.51.3304,1
2026-09-22,0.51.3306,1
2026-09-22,0.51.3309,1
2026-09-22,0.51.3311,1
2026-09-22,0.51.3313,1
2026-09-22,0.51.3315,1
2026-09-22,0.51.3319,1
2026-09-22,0.51.3328,1
2026-09-22,0.51.3331,1
2026-09-22,0.51.3333,1
2026-09-22,0.51.3336,1
2026-09-22,0.51.3344,1
2026-09-22,0.51.3348,1
2026-09-22,0.51.3354,1
2026-09-22,0.51.3359,1
2026-09-22,0.51.3360,1
2026-09-22,0.52.3366,1
2026-09-22,0.52.3371,1
2026-09-22,0.52.3375,1
2026-09-22,0.52.3377,1
2026-09-22,0.52.3384,1
2026-09-22,0.52.3392,1
2026-09-22,0.52.3395,1
2026-09-22,0.52.3402,1
2026-09-22,0.52.3410,1
2026-09-22,0.52.3412,1
2026-09-22,0.52.3414,1
2026-09-22,0.52.3416,1
2026-09-22,0.52.3420,1
2026-09-22,0.52.3425,1
2026-09-22,0.52.3428,1
2026-09-22,0.52.3432,1
2026-09-22,0.52.3433,1
2026-09-22,0.52.3434,1
2026-09-22,0.52.3439,1
2026-09-22,0.52.3445,1
2026-09-22,0.52.3448,1
2026-09-22,0.52.3451,1
2026-09-22,0.52.3456,1
2026-09-22,0.52.3457,1
2026-09-22,0.52.3461,1
2026-09-22,0.52.3472,1
2026-09-22,0.52.3477,1
2026-09-22,0.52.3481,1
2026-09-22,0.52.3483,1
2026-09-22,0.52.3486,1
2026-09-22,0.52.3489,1
2026-09-22,0.52.3490,1
2026-09-22,0.52.3492,1
2026-09-22,0.52.3498,1
2026-09-22,0.52.3502,1
2026-09-22,0.52.3505,1
2026-09-22,0.52.3507,1
2026-09-22,0.52.3509,1
2026-09-22,0.52.3513,1
2026-09-22,0.52.3516,1
2026-09-22,0.52.3518,1
2026-09-22,0.52.3521,1
2026-09-22,0.52.3527,1
2026-09-22,0.52.3528,1
2026-09-22,0.52.3535,1
2026-09-22,0.52.3541,1
2026-09-22,0.52.3549,1
2026-09-22,0.52.3552,1
2026-09-22,0.52.3559,1
2026-09-22,0.52.3560,1
2026-09-22,0.52.3568,1
2026-09-22,0.52.3578,1
2026-09-22,0.52.3582,1
2026-09-22,0.52.3587,1
2026-09-22,0.52.3594,1
2026-09-22,0.52.3603,1
2026-09-22,0.52.3611,1
2026-09-22,0.52.3617,1
2026-09-22,0.53.3619,1
2026-09-22,0.53.3623,1
2026-09-22,0.53.3629,1
2026-09-22,0.53.3631,1
2026-09-22,0.53.3635,1
2026-09-22,0.53.3637,1
2026-09-22,0.53.3646,1
2026-09-22,0.53.3650,1
2026-09-22,0.53.3660,1
2026-09-22,0.53.3663,1
2026-09-22,0.53.3665,1
2026-09-22,0.53.3671,1
2026-09-22,0.53.3675,1
2026-09-22,0.53.3678,1
2026-09-22,0.53.3683,1
2026-09-22,0.53.3686,1
2026-09-22,0.53.3689,1
2026-09-22,0.53.3692,1
2026-09-22,0.53.3695,1
2026-09-22,0.53.3697,1
2026-09-22,0.53.3704,1
2026-09-22,0.53.3712,1
2026-09-22,0.53.3715,1
2026-09-22,0.53.3717,1
2026-09-22,0.53.3718,1
2026-09-22,0.53.3720,1
2026-09-22,0.53.3722,1
2026-09-22,0.53.3727,1
2026-09-22,0.53.3730,1
2026-09-22,0.53.3733,1
2026-09-22,0.53.3735,1
2026-09-22,0.53.3738,1
2026-09-22,0.53.3740,1
2026-09-22,0.53.3746,1
2026-09-22,0.54.3748,1
2026-09-22,0.54.3752,1
2026-09-22,0.54.3756,1
2026-09-22,0.54.3760,1
2026-09-22,0.54.3762,1
2026-09-22,0.54.3764,1
2026-09-22,0.54.3773,1
2026-09-22,0.54.3777,1
2026-09-22,0.54.3778,1
2026-09-22,0.54.3781,1
2026-09-22,0.54.3785,1
2026-09-22,0.54.3788,1
2026-09-22,0.54.3794,1
2026-09-22,0.54.3804,1
2026-09-22,0.54.3815,1
2026-09-22,0.54.3821,1
2026-09-22,0.54.3834,1
2026-09-22,0.54.3835,1
2026-09-22,0.54.3837,1
2026-09-22,0.54.3840,1
2026-09-22,0.54.3845,1
2026-09-22,0.54.3846,1
2026-09-22,0.54.3847,1
2026-09-22,0.55.3849,1
2026-09-22,0.55.3852,1
2026-09-22,0.55.3854,1
2026-09-22,0.55.3856,1
2026-09-22,0.55.3858,1
2026-09-22,0.55.3860,1
2026-09-22,0.55.3865,1
2026-09-22,0.55.3870,1
2026-09-22,0.55.3872,1
2026-09-22,0.55.3876,1
2026-09-22,0.55.3877,1
2026-09-22,0.55.3881,1
2026-09-22,0.55.3886,1
2026-09-22,0.55.3888,1
2026-09-22,0.55.3889,1
2026-09-22,0.55.3898,1
2026-09-22,0.55.3902,1
2026-09-22,0.55.3904,1
2026-09-22,0.55.3906,1
2026-09-22,0.55.3910,1
2026-09-22,0.55.3912,1
2026-09-22,0.55.3913,1
2026-09-22,0.55.3914,1
2026-09-22,0.55.3917,1
2026-09-22,0.55.3930,1
2026-09-22,0.55.3931,2
2026-09-22,0.55.3935,1
2026-09-22,0.55.3938,1
2026-09-22,0.55.3941,1
2026-09-22,0.55.3947,1
2026-09-22,0.55.3949,1
2026-09-22,0.55.3951,1
2026-09-22,0.55.3953,1
2026-09-22,0.55.3955,1
2026-09-22,0.55.3958,1
2026-09-22,0.55.3960,1
2026-09-22,0.55.3969,1
2026-09-22,0.55.3972,1
2026-09-22,0.55.3975,1
2026-09-22,0.55.3983,1
2026-09-22,0.55.3987,1
2026-09-22,0.55.3992,1
2026-09-22,0.55.3994,1
2026-09-22,0.55.3996,1
2026-09-22,0.55.4000,1
2026-09-22,0.55.4002,1
2026-09-22,0.55.4009,1
2026-09-22,0.55.4011,1
2026-09-22,0.55.4012,1
2026-09-22,0.55.4018,1
2026-09-22,0.55.4020,1
2026-09-22,0.55.4022,1
2026-09-22,0.55.4025,1
2026-09-22,0.55.4028,1
2026-09-22,0.55.4032,1
2026-09-22,0.55.4034,1
2026-09-22,0.55.4036,30
2026-09-22,0.55.4043,1
2026-09-22,0.55.4048,1
2026-09-22,0.55.4053,1
2026-09-22,0.55.4060,1
2026-09-22,0.55.4063,1
2026-09-22,0.55.4071,1
2026-09-22,0.55.4073,2
2026-09-22,0.55.4085,1
2026-09-22,0.55.4091,1
2026-09-22,0.55.4094,1
2026-09-22,0.55.4097,1
2026-09-22,0.55.4103,1
2026-09-22,0.55.4106,1
2026-09-22,0.55.4113,1
2026-09-22,0.55.4115,1
2026-09-22,0.55.4117,1
2026-09-22,0.55.4119,1
2026-09-22,0.55.4127,1
2026-09-22,0.55.4137,1
2026-09-22,0.55.4138,1
2026-09-22,0.55.4141,1
2026-09-22,0.55.4142,1
2026-09-22,0.55.4144,1
2026-09-22,0.55.4147,1
2026-09-22,0.55.4151,1
2026-09-22,0.55.4155,1
2026-09-22,0.55.4158,1
2026-09-22,0.55.4160,1
2026-09-22,0.55.4164,1
2026-09-22,0.55.4165,1
2026-09-22,0.55.4168,1
2026-09-22,0.55.4170,1
2026-09-22,0.55.4174,1
2026-09-22,0.55.4176,1
2026-09-22,0.55.4187,1
2026-09-22,0.55.4190,1
2026-09-22,0.55.4192,1
2026-09-22,0.55.4196,1
2026-09-22,0.55.4201,1
2026-09-22,0.55.4204,1
2026-09-22,0.55.4211,1
2026-09-22,0.55.4215,1
2026-09-22,0.55.4216,1
2026-09-22,0.56.4220,1
2026-09-22,0.56.4223,1
2026-09-22,0.56.4225,1
2026-09-22,0.56.4235,1
2026-09-22,0.56.4239,1
2026-09-22,0.56.4240,1
2026-09-22,0.56.4242,1
2026-09-22,0.56.4246,1
2026-09-22,0.56.4247,1
2026-09-22,0.56.4249,1
2026-09-22,0.56.4254,1
2026-09-22,0.56.4262,1
2026-09-22,0.56.4272,1
2026-09-22,0.56.4273,1
2026-09-22,0.56.4280,1
2026-09-22,0.56.4281,1
2026-09-22,0.56.4283,1
2026-09-22,0.56.4285,1
2026-09-22,0.56.4287,1
2026-09-22,0.56.4291,1
2026-09-22,0.56.4295,1
2026-09-22,0.56.4296,1
2026-09-22,0.56.4298,1
2026-09-22,0.56.4300,1
2026-09-22,0.56.4311,1
2026-09-22,0.56.4322,1
2026-09-22,0.56.4326,1
2026-09-22,0.56.4329,5
2026-09-22,0.56.4353,1
2026-09-22,0.56.4358,1
2026-09-22,0.56.4362,1
2026-09-22,0.56.4368,1
2026-09-22,0.56.4371,1
2026-09-22,0.56.4374,1
2026-09-22,0.56.4376,1
2026-09-22,0.56.4386,1
2026-09-22,0.56.4388,1
2026-09-22,0.56.4390,1
2026-09-22,0.56.4392,1
2026-09-22,0.56.4396,2
2026-09-22,0.56.4398,1
2026-09-22,0.56.4403,1
2026-09-22,0.56.4412,1
2026-09-22,0.56.4415,1
2026-09-22,0.56.4421,1
2026-09-22,0.56.4427,1
2026-09-22,0.56.4432,1
2026-09-22,0.56.4433,1
2026-09-22,0.56.4434,1
2026-09-22,0.56.4436,1
2026-09-22,0.56.4437,1
2026-09-22,0.56.4441,1
2026-09-22,0.56.4443,1
2026-09-22,0.56.4451,1
2026-09-22,0.56.4452,1
2026-09-22,0.56.4455,1
2026-09-22,0.56.4458,1
2026-09-22,0.56.4467,1
2026-09-22,0.56.4468,1
2026-09-22,0.56.4471,1
2026-09-22,0.56.4477,1
2026-09-22,0.56.4480,1
2026-09-22,0.56.4488,1
2026-09-22,0.56.4492,1
2026-09-22,0.56.4496,1
2026-09-22,0.56.4504,1
2026-09-22,0.56.4506,1
2026-09-22,0.56.4521,1
2026-09-22,0.56.4547,1
2026-09-22,0.56.4548,1
2026-09-22,0.56.4551,1
2026-09-22,0.56.4558,1
2026-09-22,0.56.4570,1
2026-09-22,0.56.4571,1
2026-09-22,0.56.4578,1
2026-09-22,0.56.4584,1
2026-09-22,0.56.4588,1
2026-09-22,0.56.4590,1
2026-09-22,0.56.4597,1
2026-09-22,0.56.4616,1
2026-09-22,0.56.4620,1
2026-09-22,0.56.4634,1
2026-09-22,0.56.4637,1
2026-09-22,0.56.4641,7
2026-09-22,0.56.4642,1
2026-09-22,0.56.4644,1
2026-09-22,0.56.4646,1
2026-09-22,0.56.4649,1
2026-09-22,0.56.4670,1
2026-09-22,0.56.4673,1
2026-09-22,0.56.4687,1
2026-09-22,0.56.4689,1
2026-09-22,0.56.4691,1
2026-09-22,0.56.4693,1
2026-09-22,0.56.4696,1
2026-09-22,0.56.4700,1
2026-09-22,0.56.4707,1
2026-09-22,0.56.4710,1
2026-09-22,0.56.4714,1
2026-09-22,0.56.4715,1
2026-09-22,0.56.4726,1
2026-09-22,0.56.4728,1
2026-09-22,0.56.4730,1
2026-09-22,0.56.4740,1
2026-09-22,0.56.4751,1
2026-09-22,0.56.4758,1
2026-09-22,0.56.4760,1
2026-09-22,0.56.4763,1
2026-09-22,0.56.4768,1
2026-09-22,0.56.4777,1
2026-09-22,0.56.4792,1
2026-09-22,0.56.4804,1
2026-09-22,0.56.4806,1
2026-09-22,0.56.4813,1
2026-09-22,0.56.4822,1
2026-09-22,0.56.4834,1
2026-09-22,0.56.4837,1
2026-09-22,0.56.4842,1
2026-09-22,0.56.4844,1
2026-09-22,0.56.4849,1
2026-09-22,0.56.4853,1
2026-09-22,0.56.4856,1
2026-09-22,0.56.4862,1
2026-09-22,0.56.4871,1
2026-09-22,0.56.4874,1
2026-09-22,0.56.4878,1
2026-09-22,0.56.4881,1
2026-09-22,0.56.4885,1
2026-09-22,0.56.4894,1
2026-09-22,0.56.4902,1
2026-09-22,0.56.4903,1
2026-09-22,0.56.4909,1
2026-09-22,0.56.4919,1
2026-09-22,0.56.4922,1
2026-09-22,0.56.4928,1
2026-09-22,0.56.4940,1
2026-09-22,0.56.4944,1
2026-09-22,0.56.4949,1
2026-09-22,0.56.4952,1
2026-09-22,0.56.4953,1
2026-09-22,0.56.4964,6
2026-09-22,0.57.0,1
2026-09-22,0.57.1,1
2026-09-22,0.57.10,1
2026-09-22,0.57.11,1
2026-09-22,0.57.12,1
2026-09-22,0.57.13,1
2026-09-22,0.57.14,1
2026-09-22,0.57.15,1
2026-09-22,0.57.16,1
2026-09-22,0.57.17,1
2026-09-22,0.57.18,1
2026-09-22,0.57.19,1
2026-09-22,0.57.2,1
2026-09-22,0.57.20,1
2026-09-22,0.57.21,1
2026-09-22,0.57.22,1
2026-09-22,0.57.23,1
2026-09-22,0.57.24,1
2026-09-22,0.57.25,1
2026-09-22,0.57.26,1
2026-09-22,0.57.27,1
2026-09-22,0.57.28,1
2026-09-22,0.57.29,1
2026-09-22,0.57.3,1
2026-09-22,0.57.30,1
2026-09-22,0.57.31,1
2026-09-22,0.57.32,1
2026-09-22,0.57.33,1
2026-09-22,0.57.34,1
2026-09-22,0.57.35,1
2026-09-22,0.57.36,1
2026-09-22,0.57.37,1
2026-09-22,0.57.38,1
2026-09-22,0.57.39,1
2026-09-22,0.57.4,25
2026-09-22,0.57.40,1
2026-09-22,0.57.41,1
2026-09-22,0.57.42,1
2026-09-22,0.57.43,1
2026-09-22,0.57.44,1
2026-09-22,0.57.45,1
2026-09-22,0.57.46,1
2026-09-22,0.57.47,1
2026-09-22,0.57.48,1
2026-09-22,0.57.49,1
2026-09-22,0.57.5,1
2026-09-22,0.57.50,1
2026-09-22,0.57.51,1
2026-09-22,0.57.52,1
2026-09-22,0.57.53,1
2026-09-22,0.57.54,1
2026-09-22,0.57.55,1
2026-09-22,0.57.56,1
2026-09-22,0.57.57,1
2026-09-22,0.57.58,1
2026-09-22,0.57.59,1
2026-09-22,0.57.6,1
2026-09-22,0.57.60,1
2026-09-22,0.57.61,1
2026-09-22,0.57.62,1
2026-09-22,0.57.63,1
2026-09-22,0.57.64,1
2026-09-22,0.57.65,1
2026-09-22,0.57.66,1
2026-09-22,0.57.67,1
2026-09-22,0.57.68,1
2026-09-22,0.57.69,1
2026-09-22,0.57.7,1
2026-09-22,0.57.70,1
2026-09-22,0.57.71,1
2026-09-22,0.57.72,1
2026-09-22,0.57.73,1
2026-09-22,0.57.74,1
2026-09-22,0.57.8,1
2026-09-22,0.57.9,1
2026-09-22,0.58.75,1
2026-09-22,0.58.76,1
2026-09-22,0.58.77,1
2026-09-22,0.58.78,1
2026-09-22,0.58.79,1
2026-09-22,0.58.80,1
2026-09-22,0.58.81,1
2026-09-22,0.58.82,1
2026-09-22,0.58.83,1
2026-09-22,0.58.84,1
2026-09-22,0.58.85,1
2026-09-22,0.58.86,1
2026-09-22,0.58.87,1
2026-09-22,0.58.88,1
2026-09-22,0.58.89,1
2026-09-22,0.58.90,1
2026-09-22,0.58.91,1
2026-09-22,0.58.92,1
2026-09-22,0.58.93,1
2026-09-22,0.58.94,1
2026-09-22,0.58.95,1
2026-09-22,0.58.96,1
2026-09-22,0.58.97,1
2026-09-22,0.59.0,1
2026-09-22,0.59.1,1
2026-09-22,0.59.2,2
2026-09-22,0.59.3,1
2026-09-22,0.59.4,1
2026-09-22,0.59.5,1
2026-09-22,0.59.6,1
2026-09-22,0.59.7,1
2026-09-22,0.59.8,1
2026-09-22,0.60.10,1
2026-09-22,0.60.11,1
2026-09-22,0.60.12,1
2026-09-22,0.60.13,1
2026-09-22,0.60.14,1
2026-09-22,0.60.15,1
2026-09-22,0.60.2,1
2026-09-22,0.60.3,1
2026-09-22,0.60.4,1
2026-09-22,0.60.5,1
2026-09-22,0.60.6,1
2026-09-22,0.60.7,1
2026-09-22,0.60.8,1
2026-09-22,0.60.9,1
2026-09-22,0.61.0,1
2026-09-22,0.61.1,1
2026-09-22,0.61.10,1
2026-09-22,0.61.100,1
2026-09-22,0.61.101,1
2026-09-22,0.61.102,1
2026-09-22,0.61.104,1
2026-09-22,0.61.105,1
2026-09-22,0.61.106,1
2026-09-22,0.61.107,1
2026-09-22,0.61.108,1
2026-09-22,0.61.109,1
2026-09-22,0.61.11,1
2026-09-22,0.61.12,1
2026-09-22,0.61.13,1
2026-09-22,0.61.14,1
2026-09-22,0.61.15,1
2026-09-22,0.61.16,1
2026-09-22,0.61.17,1
2026-09-22,0.61.18,1
2026-09-22,0.61.19,1
2026-09-22,0.61.2,1
2026-09-22,0.61.20,1
2026-09-22,0.61.21,1
2026-09-22,0.61.22,1
2026-09-22,0.61.23,1
2026-09-22,0.61.24,1
2026-09-22,0.61.25,1
2026-09-22,0.61.26,1
2026-09-22,0.61.27,1
2026-09-22,0.61.28,1
2026-09-22,0.61.29,1
2026-09-22,0.61.3,1
2026-09-22,0.61.30,1
2026-09-22,0.61.31,1
2026-09-22,0.61.32,1
2026-09-22,0.61.33,1
2026-09-22,0.61.34,1
2026-09-22,0.61.35,1
2026-09-22,0.61.36,1
2026-09-22,0.61.37,1
2026-09-22,0.61.38,1
2026-09-22,0.61.39,1
2026-09-22,0.61.4,1
2026-09-22,0.61.40,1
2026-09-22,0.61.41,1
2026-09-22,0.61.42,1
2026-09-22,0.61.43,1
2026-09-22,0.61.44,1
2026-09-22,0.61.45,1
2026-09-22,0.61.47,1
2026-09-22,0.61.48,1
2026-09-22,0.61.49,1
2026-09-22,0.61.5,1
2026-09-22,0.61.50,1
2026-09-22,0.61.51,1
2026-09-22,0.61.52,1
2026-09-22,0.61.53,1
2026-09-22,0.61.54,1
2026-09-22,0.61.55,1
2026-09-22,0.61.56,1
2026-09-22,0.61.57,1
2026-09-22,0.61.58,1
2026-09-22,0.61.59,1
2026-09-22,0.61.6,1
2026-09-22,0.61.60,1
2026-09-22,0.61.61,1
2026-09-22,0.61.62,1
2026-09-22,0.61.63,1
2026-09-22,0.61.64,1
2026-09-22,0.61.66,1
2026-09-22,0.61.67,1
2026-09-22,0.61.68,1
2026-09-22,0.61.69,1
2026-09-22,0.61.7,1
2026-09-22,0.61.70,1
2026-09-22,0.61.71,1
2026-09-22,0.61.72,1
2026-09-22,0.61.73,1
2026-09-22,0.61.74,1
2026-09-22,0.61.75,1
2026-09-22,0.61.76,1
2026-09-22,0.61.77,1
2026-09-22,0.61.78,1
2026-09-22,0.61.79,1
2026-09-22,0.61.8,1
2026-09-22,0.61.80,1
2026-09-22,0.61.81,1
2026-09-22,0.61.82,1
2026-09-22,0.61.83,1
2026-09-22,0.61.84,1
2026-09-22,0.61.85,1
2026-09-22,0.61.86,1
2026-09-22,0.61.87,1
2026-09-22,0.61.88,1
2026-09-22,0.61.89,1
2026-09-22,0.61.9,1
2026-09-22,0.61.90,1
2026-09-22,0.61.91,1
2026-09-22,0.61.92,1
2026-09-22,0.61.93,1
2026-09-22,0.61.94,1
2026-09-22,0.61.95,1
2026-09-22,0.61.96,1
2026-09-22,0.61.97,1
2026-09-22,0.61.98,1
2026-09-22,0.61.99,1
2026-09-22,0.62.0,1
2026-09-22,0.62.1,1
2026-09-22,0.62.10,1
2026-09-22,0.62.100,1
2026-09-22,0.62.101,1
2026-09-22,0.62.102,1
2026-09-22,0.62.103,1
2026-09-22,0.62.104,1
2026-09-22,0.62.105,1
2026-09-22,0.62.106,1
2026-09-22,0.62.107,1
2026-09-22,0.62.108,1
2026-09-22,0.62.109,1
2026-09-22,0.62.11,1
2026-09-22,0.62.110,1
2026-09-22,0.62.111,1
2026-09-22,0.62.112,1
2026-09-22,0.62.113,1
2026-09-22,0.62.114,1
2026-09-22,0.62.115,1
2026-09-22,0.62.116,1
2026-09-22,0.62.117,1
2026-09-22,0.62.118,1
2026-09-22,0.62.119,1
2026-09-22,0.62.12,1
2026-09-22,0.62.120,1
2026-09-22,0.62.121,1
2026-09-22,0.62.122,1
2026-09-22,0.62.123,1
2026-09-22,0.62.124,2
2026-09-22,0.62.125,1
2026-09-22,0.62.126,1
2026-09-22,0.62.127,1
2026-09-22,0.62.128,1
2026-09-22,0.62.129,1
2026-09-22,0.62.13,1
2026-09-22,0.62.130,1
2026-09-22,0.62.131,1
2026-09-22,0.62.132,1
2026-09-22,0.62.133,1
2026-09-22,0.62.134,1
2026-09-22,0.62.135,1
2026-09-22,0.62.136,1
2026-09-22,0.62.137,1
2026-09-22,0.62.138,1
2026-09-22,0.62.139,1
2026-09-22,0.62.14,1
2026-09-22,0.62.140,1
2026-09-22,0.62.141,1
2026-09-22,0.62.142,1
2026-09-22,0.62.143,1
2026-09-22,0.62.144,1
2026-09-22,0.62.145,1
2026-09-22,0.62.146,1
2026-09-22,0.62.147,1
2026-09-22,0.62.148,1
2026-09-22,0.62.149,1
2026-09-22,0.62.15,1
2026-09-22,0.62.150,1
2026-09-22,0.62.151,1
2026-09-22,0.62.152,1
2026-09-22,0.62.153,1
2026-09-22,0.62.154,1
2026-09-22,0.62.155,1
2026-09-22,0.62.156,1
2026-09-22,0.62.157,1
2026-09-22,0.62.158,1
2026-09-22,0.62.159,1
2026-09-22,0.62.16,1
2026-09-22,0.62.160,1
2026-09-22,0.62.161,1
2026-09-22,0.62.162,1
2026-09-22,0.62.163,1
2026-09-22,0.62.164,1
2026-09-22,0.62.165,1
2026-09-22,0.62.166,1
2026-09-22,0.62.167,1
2026-09-22,0.62.168,1
2026-09-22,0.62.169,1
2026-09-22,0.62.17,1
2026-09-22,0.62.170,1
2026-09-22,0.62.171,1
2026-09-22,0.62.172,1
2026-09-22,0.62.173,1
2026-09-22,0.62.174,1
2026-09-22,0.62.175,1
2026-09-22,0.62.176,1
2026-09-22,0.62.177,1
2026-09-22,0.62.178,1
2026-09-22,0.62.179,1
2026-09-22,0.62.18,1
2026-09-22,0.62.180,1
2026-09-22,0.62.181,1
2026-09-22,0.62.182,1
2026-09-22,0.62.183,1
2026-09-22,0.62.184,1
2026-09-22,0.62.185,1
2026-09-22,0.62.186,1
2026-09-22,0.62.187,1
2026-09-22,0.62.188,1
2026-09-22,0.62.189,1
2026-09-22,0.62.19,1
2026-09-22,0.62.190,1
2026-09-22,0.62.191,1
2026-09-22,0.62.192,1
2026-09-22,0.62.193,1
2026-09-22,0.62.194,1
2026-09-22,0.62.196,1
2026-09-22,0.62.197,1
2026-09-22,0.62.198,1
2026-09-22,0.62.199,1
2026-09-22,0.62.2,1
2026-09-22,0.62.20,1
2026-09-22,0.62.200,1
2026-09-22,0.62.201,1
2026-09-22,0.62.202,1
2026-09-22,0.62.203,1
2026-09-22,0.62.204,1
2026-09-22,0.62.205,1
2026-09-22,0.62.206,1
2026-09-22,0.62.207,1
2026-09-22,0.62.208,1
2026-09-22,0.62.209,1
2026-09-22,0.62.21,1
2026-09-22,0.62.210,1
2026-09-22,0.62.211,1
2026-09-22,0.62.212,1
2026-09-22,0.62.213,1
2026-09-22,0.62.214,1
2026-09-22,0.62.215,1
2026-09-22,0.62.216,1
2026-09-22,0.62.217,1
2026-09-22,0.62.218,1
2026-09-22,0.62.219,1
2026-09-22,0.62.22,1
2026-09-22,0.62.220,1
2026-09-22,0.62.221,1
2026-09-22,0.62.222,1
2026-09-22,0.62.223,1
2026-09-22,0.62.224,1
2026-09-22,0.62.225,1
2026-09-22,0.62.226,1
2026-09-22,0.62.227,1
2026-09-22,0.62.228,1
2026-09-22,0.62.229,1
2026-09-22,0.62.23,1
2026-09-22,0.62.230,1
2026-09-22,0.62.231,1
2026-09-22,0.62.232,1
2026-09-22,0.62.233,1
2026-09-22,0.62.234,1
2026-09-22,0.62.235,1
2026-09-22,0.62.236,8
2026-09-22,0.62.24,1
2026-09-22,0.62.25,1
2026-09-22,0.62.26,1
2026-09-22,0.62.27,1
2026-09-22,0.62.28,1
2026-09-22,0.62.29,1
2026-09-22,0.62.3,1
2026-09-22,0.62.30,1
2026-09-22,0.62.31,1
2026-09-22,0.62.32,1
2026-09-22,0.62.33,1
2026-09-22,0.62.34,1
2026-09-22,0.62.35,1
2026-09-22,0.62.36,1
2026-09-22,0.62.37,1
2026-09-22,0.62.38,1
2026-09-22,0.62.39,1
2026-09-22,0.62.4,1
2026-09-22,0.62.40,1
2026-09-22,0.62.41,1
2026-09-22,0.62.42,1
2026-09-22,0.62.43,1
2026-09-22,0.62.44,1
2026-09-22,0.62.45,2
2026-09-22,0.62.46,1
2026-09-22,0.62.47,1
2026-09-22,0.62.48,1
2026-09-22,0.62.49,1
2026-09-22,0.62.50,1
2026-09-22,0.62.51,1
2026-09-22,0.62.52,1
2026-09-22,0.62.53,1
2026-09-22,0.62.54,1
2026-09-22,0.62.55,1
2026-09-22,0.62.56,1
2026-09-22,0.62.57,1
2026-09-22,0.62.58,1
2026-09-22,0.62.59,1
2026-09-22,0.62.60,1
2026-09-22,0.62.61,1
2026-09-22,0.62.62,1
2026-09-22,0.62.63,1
2026-09-22,0.62.64,1
2026-09-22,0.62.65,2
2026-09-22,0.62.66,1
2026-09-22,0.62.67,1
2026-09-22,0.62.68,1
2026-09-22,0.62.69,1
2026-09-22,0.62.7,1
2026-09-22,0.62.70,1
2026-09-22,0.62.71,1
2026-09-22,0.62.72,1
2026-09-22,0.62.73,1
2026-09-22,0.62.74,1
2026-09-22,0.62.75,1
2026-09-22,0.62.76,1
2026-09-22,0.62.77,1
2026-09-22,0.62.78,1
2026-09-22,0.62.79,1
2026-09-22,0.62.8,1
2026-09-22,0.62.80,1
2026-09-22,0.62.81,1
2026-09-22,0.62.82,1
2026-09-22,0.62.83,1
2026-09-22,0.62.84,1
2026-09-22,0.62.85,1
2026-09-22,0.62.86,2
2026-09-22,0.62.87,1
2026-09-22,0.62.88,1
2026-09-22,0.62.89,1
2026-09-22,0.62.9,1
2026-09-22,0.62.90,1
2026-09-22,0.62.91,1
2026-09-22,0.62.92,1
2026-09-22,0.62.93,1
2026-09-22,0.62.94,1
2026-09-22,0.62.95,1
2026-09-22,0.62.96,1
2026-09-22,0.62.97,1
2026-09-22,0.62.98,1
2026-09-22,0.62.99,1
2026-09-22,0.63.0,1
2026-09-22,0.63.1,1
2026-09-22,0.63.10,1
2026-09-22,0.63.11,1
2026-09-22,0.63.12,1
2026-09-22,0.63.13,1
2026-09-22,0.63.14,1
2026-09-22,0.63.15,1
2026-09-22,0.63.16,1
2026-09-22,0.63.17,1
2026-09-22,0.63.18,1
2026-09-22,0.63.19,1
2026-09-22,0.63.2,1
2026-09-22,0.63.20,1
2026-09-22,0.63.21,1
2026-09-22,0.63.22,2
2026-09-22,0.63.23,1
2026-09-22,0.63.24,1
2026-09-22,0.63.25,1
2026-09-22,0.63.26,1
2026-09-22,0.63.27,1
2026-09-22,0.63.28,1
2026-09-22,0.63.29,1
2026-09-22,0.63.3,1
2026-09-22,0.63.30,1
2026-09-22,0.63.31,1
2026-09-22,0.63.32,1
2026-09-22,0.63.33,1
2026-09-22,0.63.34,1
2026-09-22,0.63.35,1
2026-09-22,0.63.36,1
2026-09-22,0.63.37,1
2026-09-22,0.63.38,1
2026-09-22,0.63.39,1
2026-09-22,0.63.4,1
2026-09-22,0.63.40,1
2026-09-22,0.63.41,1
2026-09-22,0.63.42,1
2026-09-22,0.63.43,1
2026-09-22,0.63.44,1
2026-09-22,0.63.45,1
2026-09-22,0.63.46,1
2026-09-22,0.63.47,1
2026-09-22,0.63.48,1
2026-09-22,0.63.49,1
2026-09-22,0.63.5,1
2026-09-22,0.63.50,1
2026-09-22,0.63.51,1
2026-09-22,0.63.52,1
2026-09-22,0.63.53,1
2026-09-22,0.63.54,1
2026-09-22,0.63.55,1
2026-09-22,0.63.56,1
2026-09-22,0.63.57,1
2026-09-22,0.63.58,1
2026-09-22,0.63.59,1
2026-09-22,0.63.6,1
2026-09-22,0.63.60,1
2026-09-22,0.63.61,1
2026-09-22,0.63.62,1
2026-09-22,0.63.63,1
2026-09-22,0.63.64,1
2026-09-22,0.63.65,1
2026-09-22,0.63.66,1
2026-09-22,0.63.67,1
2026-09-22,0.63.68,1
2026-09-22,0.63.69,1
2026-09-22,0.63.7,1
2026-09-22,0.63.70,1
2026-09-22,0.63.71,1
2026-09-22,0.63.72,1
2026-09-22,0.63.73,1
2026-09-22,0.63.74,1
2026-09-22,0.63.75,1
2026-09-22,0.63.76,1
2026-09-22,0.63.77,1
2026-09-22,0.63.78,1
2026-09-22,0.63.79,1
2026-09-22,0.63.8,1
2026-09-22,0.63.80,1
2026-09-22,0.63.81,1
2026-09-22,0.63.82,1
2026-09-22,0.63.83,1
2026-09-22,0.63.84,1
2026-09-22,0.63.85,1
2026-09-22,0.63.86,1
2026-09-22,0.63.87,1
2026-09-22,0.63.88,1
2026-09-22,0.63.89,1
2026-09-22,0.63.9,1
2026-09-22,0.63.90,1
2026-09-22,0.63.91,1
2026-09-22,0.63.92,1
2026-09-22,0.63.93,1
2026-09-22,0.63.94,1
2026-09-22,0.63.95,1
2026-09-22,0.63.97,1
2026-09-22,0.63.98,2
2026-09-22,0.63.99,3
2026-09-22,0.64.0,10
2026-09-22,0.64.1,1
2026-09-22,0.64.10,5
2026-09-22,0.64.100,1
2026-09-22,0.64.101,1
2026-09-22,0.64.102,1
2026-09-22,0.64.103,137
2026-09-22,0.64.104,1
2026-09-22,0.64.105,1
2026-09-22,0.64.106,1
2026-09-22,0.64.107,1
2026-09-22,0.64.108,1
2026-09-22,0.64.109,1
2026-09-22,0.64.110,1
2026-09-22,0.64.111,1
2026-09-22,0.64.112,1
2026-09-22,0.64.113,1
2026-09-22,0.64.114,1
2026-09-22,0.64.115,1
2026-09-22,0.64.117,1
2026-09-22,0.64.118,1
2026-09-22,0.64.119,1
2026-09-22,0.64.12,1
2026-09-22,0.64.121,1
2026-09-22,0.64.122,1
2026-09-22,0.64.125,1
2026-09-22,0.64.126,1
2026-09-22,0.64.127,1
2026-09-22,0.64.128,1
2026-09-22,0.64.129,1
2026-09-22,0.64.13,1
2026-09-22,0.64.130,1
2026-09-22,0.64.131,1
2026-09-22,0.64.132,2
2026-09-22,0.64.133,1
2026-09-22,0.64.134,1
2026-09-22,0.64.135,1
2026-09-22,0.64.136,1
2026-09-22,0.64.137,1
2026-09-22,0.64.138,1
2026-09-22,0.64.139,1
2026-09-22,0.64.14,1
2026-09-22,0.64.140,1
2026-09-22,0.64.141,1
2026-09-22,0.64.142,1
2026-09-22,0.64.143,1
2026-09-22,0.64.144,1
2026-09-22,0.64.145,1
2026-09-22,0.64.146,1
2026-09-22,0.64.147,1
2026-09-22,0.64.148,1
2026-09-22,0.64.149,1
2026-09-22,0.64.15,1
2026-09-22,0.64.150,1
2026-09-22,0.64.151,1
2026-09-22,0.64.152,1
2026-09-22,0.64.153,1
2026-09-22,0.64.154,1
2026-09-22,0.64.155,1
2026-09-22,0.64.156,1
2026-09-22,0.64.157,1
2026-09-22,0.64.158,1
2026-09-22,0.64.159,1
2026-09-22,0.64.16,1
2026-09-22,0.64.160,1
2026-09-22,0.64.161,1
2026-09-22,0.64.162,1
2026-09-22,0.64.163,1
2026-09-22,0.64.164,1
2026-09-22,0.64.165,1
2026-09-22,0.64.166,1
2026-09-22,0.64.167,1
2026-09-22,0.64.168,2
2026-09-22,0.64.169,1
2026-09-22,0.64.17,1
2026-09-22,0.64.170,1
2026-09-22,0.64.171,1
2026-09-22,0.64.172,1
2026-09-22,0.64.173,1
2026-09-22,0.64.174,1
2026-09-22,0.64.175,1
2026-09-22,0.64.176,1
2026-09-22,0.64.177,1
2026-09-22,0.64.178,1
2026-09-22,0.64.179,1
2026-09-22,0.64.18,1
2026-09-22,0.64.180,1
2026-09-22,0.64.181,1
2026-09-22,0.64.182,2
2026-09-22,0.64.183,1
2026-09-22,0.64.184,1
2026-09-22,0.64.185,1
2026-09-22,0.64.186,1
2026-09-22,0.64.187,1
2026-09-22,0.64.188,1
2026-09-22,0.64.189,1
2026-09-22,0.64.19,1
2026-09-22,0.64.190,1
2026-09-22,0.64.191,1
2026-09-22,0.64.192,3
2026-09-22,0.64.193,1
2026-09-22,0.64.194,1
2026-09-22,0.64.195,1
2026-09-22,0.64.196,1
2026-09-22,0.64.197,1
2026-09-22,0.64.198,1
2026-09-22,0.64.199,1
2026-09-22,0.64.2,1
2026-09-22,0.64.20,1
2026-09-22,0.64.200,1
2026-09-22,0.64.201,1
2026-09-22,0.64.202,1
2026-09-22,0.64.203,1
2026-09-22,0.64.204,1
2026-09-22,0.64.205,1
2026-09-22,0.64.206,1
2026-09-22,0.64.207,1
2026-09-22,0.64.208,1
2026-09-22,0.64.209,1
2026-09-22,0.64.21,1
2026-09-22,0.64.210,1
2026-09-22,0.64.211,1
2026-09-22,0.64.212,1
2026-09-22,0.64.213,1
2026-09-22,0.64.214,1
2026-09-22,0.64.215,1
2026-09-22,0.64.216,1
2026-09-22,0.64.217,1
2026-09-22,0.64.218,1
2026-09-22,0.64.219,1
2026-09-22,0.64.22,1
2026-09-22,0.64.220,1
2026-09-22,0.64.221,1
2026-09-22,0.64.222,1
2026-09-22,0.64.223,1
2026-09-22,0.64.224,1
2026-09-22,0.64.225,1
2026-09-22,0.64.226,1
2026-09-22,0.64.227,1
2026-09-22,0.64.228,1
2026-09-22,0.64.229,1
2026-09-22,0.64.23,1
2026-09-22,0.64.230,2
2026-09-22,0.64.231,1
2026-09-22,0.64.232,1
2026-09-22,0.64.233,1
2026-09-22,0.64.234,1
2026-09-22,0.64.235,11
2026-09-22,0.64.24,1
2026-09-22,0.64.25,1
2026-09-22,0.64.26,1
2026-09-22,0.64.27,1
2026-09-22,0.64.28,1
2026-09-22,0.64.29,1
2026-09-22,0.64.3,1
2026-09-22,0.64.30,1
2026-09-22,0.64.31,1
2026-09-22,0.64.32,1
2026-09-22,0.64.33,1
2026-09-22,0.64.34,1
2026-09-22,0.64.35,1
2026-09-22,0.64.36,1
2026-09-22,0.64.37,1
2026-09-22,0.64.38,1
2026-09-22,0.64.39,1
2026-09-22,0.64.4,1
2026-09-22,0.64.40,1
2026-09-22,0.64.41,1
2026-09-22,0.64.42,1
2026-09-22,0.64.43,1
2026-09-22,0.64.44,1
2026-09-22,0.64.45,1
2026-09-22,0.64.46,1
2026-09-22,0.64.47,1
2026-09-22,0.64.48,1
2026-09-22,0.64.49,1
2026-09-22,0.64.5,1
2026-09-22,0.64.50,1
2026-09-22,0.64.51,1
2026-09-22,0.64.52,1
2026-09-22,0.64.53,1
2026-09-22,0.64.54,1
2026-09-22,0.64.55,1
2026-09-22,0.64.56,1
2026-09-22,0.64.57,1
2026-09-22,0.64.58,1
2026-09-22,0.64.59,1
2026-09-22,0.64.6,1
2026-09-22,0.64.60,1
2026-09-22,0.64.61,1
2026-09-22,0.64.62,1
2026-09-22,0.64.63,1
2026-09-22,0.64.64,1
2026-09-22,0.64.65,1
2026-09-22,0.64.66,1
2026-09-22,0.64.67,1
2026-09-22,0.64.68,1
2026-09-22,0.64.69,1
2026-09-22,0.64.7,2
2026-09-22,0.64.70,1
2026-09-22,0.64.71,1
2026-09-22,0.64.72,1
2026-09-22,0.64.73,1
2026-09-22,0.64.74,1
2026-09-22,0.64.75,1
2026-09-22,0.64.76,1
2026-09-22,0.64.77,1
2026-09-22,0.64.78,1
2026-09-22,0.64.79,1
2026-09-22,0.64.8,1
2026-09-22,0.64.80,1
2026-09-22,0.64.81,1
2026-09-22,0.64.82,1
2026-09-22,0.64.83,1
2026-09-22,0.64.84,1
2026-09-22,0.64.85,1
2026-09-22,0.64.86,1
2026-09-22,0.64.87,1
2026-09-22,0.64.88,1
2026-09-22,0.64.89,1
2026-09-22,0.64.9,1
2026-09-22,0.64.90,1
2026-09-22,0.64.91,1
2026-09-22,0.64.92,1
2026-09-22,0.64.93,1
2026-09-22,0.64.94,1
2026-09-22,0.64.95,1
2026-09-22,0.64.96,1
2026-09-22,0.64.97,1
2026-09-22,0.64.98,1
2026-09-22,0.64.99,1
2026-09-22,0.65.0,2
2026-09-22,0.65.1,1
2026-09-22,0.65.10,1
2026-09-22,0.65.11,1
2026-09-22,0.65.12,1
2026-09-22,0.65.13,1
2026-09-22,0.65.14,1
2026-09-22,0.65.15,1
2026-09-22,0.65.16,1
2026-09-22,0.65.17,1
2026-09-22,0.65.18,1
2026-09-22,0.65.19,1
2026-09-22,0.65.2,1
2026-09-22,0.65.20,1
2026-09-22,0.65.21,1
2026-09-22,0.65.22,1
2026-09-22,0.65.23,1
2026-09-22,0.65.24,1
2026-09-22,0.65.25,1
2026-09-22,0.65.26,1
2026-09-22,0.65.27,1
2026-09-22,0.65.28,1
2026-09-22,0.65.29,1
2026-09-22,0.65.3,1
2026-09-22,0.65.30,1
2026-09-22,0.65.31,1
2026-09-22,0.65.32,1
2026-09-22,0.65.33,1
2026-09-22,0.65.34,1
2026-09-22,0.65.35,1
2026-09-22,0.65.36,1
2026-09-22,0.65.37,1
2026-09-22,0.65.38,1
2026-09-22,0.65.39,1
2026-09-22,0.65.4,1
2026-09-22,0.65.40,1
2026-09-22,0.65.41,1
2026-09-22,0.65.42,1
2026-09-22,0.65.43,2
2026-09-22,0.65.44,1
2026-09-22,0.65.45,1
2026-09-22,0.65.46,1
2026-09-22,0.65.47,1
2026-09-22,0.65.48,1
2026-09-22,0.65.49,1
2026-09-22,0.65.5,1
2026-09-22,0.65.50,1
2026-09-22,0.65.51,1
2026-09-22,0.65.52,1
2026-09-22,0.65.53,1
2026-09-22,0.65.54,1
2026-09-22,0.65.55,1
2026-09-22,0.65.56,1
2026-09-22,0.65.57,1
2026-09-22,0.65.58,1
2026-09-22,0.65.59,1
2026-09-22,0.65.6,2
2026-09-22,0.65.60,1
2026-09-22,0.65.61,1
2026-09-22,0.65.62,1
2026-09-22,0.65.63,1
2026-09-22,0.65.64,1
2026-09-22,0.65.65,1
2026-09-22,0.65.66,9
2026-09-22,0.65.7,1
2026-09-22,0.65.8,1
2026-09-22,0.65.9,1
2026-09-22,0.66.0,2
2026-09-22,0.66.1,1
2026-09-22,0.66.10,1
2026-09-22,0.66.11,2
2026-09-22,0.66.12,1
2026-09-22,0.66.13,1
2026-09-22,0.66.14,2
2026-09-22,0.66.15,1
2026-09-22,0.66.16,1
2026-09-22,0.66.17,1
2026-09-22,0.66.18,1
2026-09-22,0.66.19,1
2026-09-22,0.66.2,1
2026-09-22,0.66.20,1
2026-09-22,0.66.21,1
2026-09-22,0.66.22,1
2026-09-22,0.66.23,1
2026-09-22,0.66.24,1
2026-09-22,0.66.25,1
2026-09-22,0.66.26,1
2026-09-22,0.66.27,1
2026-09-22,0.66.28,1
2026-09-22,0.66.29,1
2026-09-22,0.66.3,1
2026-09-22,0.66.30,1
2026-09-22,0.66.31,1
2026-09-22,0.66.32,1
2026-09-22,0.66.33,2
2026-09-22,0.66.34,1
2026-09-22,0.66.35,1
2026-09-22,0.66.36,1
2026-09-22,0.66.37,1
2026-09-22,0.66.38,1
2026-09-22,0.66.39,1
2026-09-22,0.66.4,1
2026-09-22,0.66.40,1
2026-09-22,0.66.41,1
2026-09-22,0.66.43,1
2026-09-22,0.66.44,1
2026-09-22,0.66.45,1
2026-09-22,0.66.46,1
2026-09-22,0.66.47,1
2026-09-22,0.66.48,1
2026-09-22,0.66.49,1
2026-09-22,0.66.5,1
2026-09-22,0.66.50,1
2026-09-22,0.66.51,1
2026-09-22,0.66.52,5
2026-09-22,0.66.6,1
2026-09-22,0.66.7,2
2026-09-22,0.66.8,1
2026-09-22,0.66.9,1
2026-09-22,0.67.1,1
2026-09-22,0.67.10,1
2026-09-22,0.67.11,1
2026-09-22,0.67.13,1
2026-09-22,0.67.14,1
2026-09-22,0.67.15,1
2026-09-22,0.67.16,1
2026-09-22,0.67.17,1
2026-09-22,0.67.18,1
2026-09-22,0.67.19,1
2026-09-22,0.67.2,1
2026-09-22,0.67.20,1
2026-09-22,0.67.21,1
2026-09-22,0.67.22,1
2026-09-22,0.67.23,1
2026-09-22,0.67.25,1
2026-09-22,0.67.27,1
2026-09-22,0.67.28,1
2026-09-22,0.67.29,1
2026-09-22,0.67.3,1
2026-09-22,0.67.30,1
2026-09-22,0.67.31,1
2026-09-22,0.67.32,1
2026-09-22,0.67.33,1
2026-09-22,0.67.34,2
2026-09-22,0.67.35,2
2026-09-22,0.67.36,2
2026-09-22,0.67.37,2
2026-09-22,0.67.38,1
2026-09-22,0.67.39,1
2026-09-22,0.67.40,2
2026-09-22,0.67.41,1
2026-09-22,0.67.42,1
2026-09-22,0.67.43,1
2026-09-22,0.67.44,1
2026-09-22,0.67.45,1
2026-09-22,0.67.46,1
2026-09-22,0.67.47,1
2026-09-22,0.67.5,1
2026-09-22,0.67.6,1
2026-09-22,0.67.7,1
2026-09-22,0.67.8,1
2026-09-22,0.67.9,1
2026-09-22,0.68.0,1
2026-09-22,0.68.1,1
2026-09-22,0.68.11,1
2026-09-22,0.68.12,1
2026-09-22,0.68.13,1
2026-09-22,0.68.14,1
2026-09-22,0.68.15,1
2026-09-22,0.68.16,1
2026-09-22,0.68.17,4
2026-09-22,0.68.18,1
2026-09-22,0.68.19,1
2026-09-22,0.68.2,1
2026-09-22,0.68.21,1
2026-09-22,0.68.22,1
2026-09-22,0.68.23,1
2026-09-22,0.68.24,1
2026-09-22,0.68.25,1
2026-09-22,0.68.26,1
2026-09-22,0.68.27,1
2026-09-22,0.68.28,1
2026-09-22,0.68.29,1
2026-09-22,0.68.3,1
2026-09-22,0.68.30,1
2026-09-22,0.68.31,1
2026-09-22,0.68.34,1
2026-09-22,0.68.35,1
2026-09-22,0.68.36,1
2026-09-22,0.68.37,1
2026-09-22,0.68.38,1
2026-09-22,0.68.39,2
2026-09-22,0.68.4,1
2026-09-22,0.68.40,1
2026-09-22,0.68.41,1
2026-09-22,0.68.42,1
2026-09-22,0.68.43,1
2026-09-22,0.68.44,1
2026-09-22,0.68.45,1
2026-09-22,0.68.46,1
2026-09-22,0.68.47,1
2026-09-22,0.68.48,1
2026-09-22,0.68.49,2
2026-09-22,0.68.5,1
2026-09-22,0.68.50,1
2026-09-22,0.68.51,2
2026-09-22,0.68.52,1
2026-09-22,0.68.53,1
2026-09-22,0.68.54,1
2026-09-22,0.68.55,2
2026-09-22,0.68.6,1
2026-09-22,0.68.8,1
2026-09-22,0.68.9,1
2026-09-22,0.69.0,1
2026-09-22,0.69.1,1
2026-09-22,0.69.2,1
2026-09-22,0.70.0,1
2026-09-22,0.70.1,1
2026-09-22,0.70.2,3
2026-09-22,0.70.3,3
2026-09-22,0.70.4,1
2026-09-22,0.70.5,161
2026-09-22,0.70.6,1
2026-09-22,0.70.7,1
2026-09-22,0.71.0,1
2026-09-22,0.71.1,1
2026-09-22,0.71.10,1
2026-09-22,0.71.11,1
2026-09-22,0.71.12,1
2026-09-22,0.71.13,3
2026-09-22,0.71.2,1
2026-09-22,0.71.3,3
2026-09-22,0.71.4,1
2026-09-22,0.71.5,1
2026-09-22,0.71.6,1
2026-09-22,0.71.7,1
2026-09-22,0.71.8,1
2026-09-22,0.71.9,1
2026-09-22,0.72.0,1
2026-09-22,0.72.1,1
2026-09-22,0.72.10,3
2026-09-22,0.72.11,1
2026-09-22,0.72.13,1
2026-09-22,0.72.14,1
2026-09-22,0.72.15,1
2026-09-22,0.72.16,1
2026-09-22,0.72.17,1
2026-09-22,0.72.18,1
2026-09-22,0.72.19,1
2026-09-22,0.72.2,1
2026-09-22,0.72.20,1
2026-09-22,0.72.21,1
2026-09-22,0.72.22,1
2026-09-22,0.72.23,1
2026-09-22,0.72.24,1
2026-09-22,0.72.25,1
2026-09-22,0.72.26,1
2026-09-22,0.72.27,2
2026-09-22,0.72.28,1
2026-09-22,0.72.29,1
2026-09-22,0.72.3,1
2026-09-22,0.72.30,1
2026-09-22,0.72.31,1
2026-09-22,0.72.32,1
2026-09-22,0.72.33,4
2026-09-22,0.72.34,1
2026-09-22,0.72.35,1
2026-09-22,0.72.36,1
2026-09-22,0.72.37,1
2026-09-22,0.72.38,1
2026-09-22,0.72.39,1
2026-09-22,0.72.4,1
2026-09-22,0.72.40,1
2026-09-22,0.72.41,1
2026-09-22,0.72.42,1
2026-09-22,0.72.43,1
2026-09-22,0.72.44,1
2026-09-22,0.72.45,1
2026-09-22,0.72.46,1
2026-09-22,0.72.47,1
2026-09-22,0.72.48,1
2026-09-22,0.72.49,1
2026-09-22,0.72.5,1
2026-09-22,0.72.50,1
2026-09-22,0.72.51,1
2026-09-22,0.72.52,1
2026-09-22,0.72.53,1
2026-09-22,0.72.54,1
2026-09-22,0.72.55,1
2026-09-22,0.72.56,1
2026-09-22,0.72.57,1
2026-09-22,0.72.58,2
2026-09-22,0.72.6,1
2026-09-22,0.72.7,1
2026-09-22,0.72.9,1
2026-09-22,0.73.0,5
2026-09-22,0.73.1,1
2026-09-22,0.73.10,1
2026-09-22,0.73.100,1
2026-09-22,0.73.101,1
2026-09-22,0.73.102,1
2026-09-22,0.73.103,1
2026-09-22,0.73.104,1
2026-09-22,0.73.105,1
2026-09-22,0.73.106,1
2026-09-22,0.73.107,2
2026-09-22,0.73.108,1
2026-09-22,0.73.109,1
2026-09-22,0.73.11,1
2026-09-22,0.73.110,1
2026-09-22,0.73.111,1
2026-09-22,0.73.112,2
2026-09-22,0.73.113,1
2026-09-22,0.73.114,1
2026-09-22,0.73.115,1
2026-09-22,0.73.116,20
2026-09-22,0.73.12,10
2026-09-22,0.73.126,1
2026-09-22,0.73.13,1
2026-09-22,0.73.130,1
2026-09-22,0.73.131,1
2026-09-22,0.73.132,1
2026-09-22,0.73.133,1
2026-09-22,0.73.134,1
2026-09-22,0.73.135,1
2026-09-22,0.73.136,1
2026-09-22,0.73.137,1
2026-09-22,0.73.138,1
2026-09-22,0.73.139,1
2026-09-22,0.73.14,1
2026-09-22,0.73.140,1
2026-09-22,0.73.141,25
2026-09-22,0.73.142,3
2026-09-22,0.73.143,1
2026-09-22,0.73.144,1
2026-09-22,0.73.145,3
2026-09-22,0.73.146,1
2026-09-22,0.73.147,1
2026-09-22,0.73.148,1
2026-09-22,0.73.149,1
2026-09-22,0.73.15,670
2026-09-22,0.73.150,1
2026-09-22,0.73.151,1
2026-09-22,0.73.152,1
2026-09-22,0.73.153,1
2026-09-22,0.73.154,1
2026-09-22,0.73.155,4
2026-09-22,0.73.156,1
2026-09-22,0.73.157,1
2026-09-22,0.73.158,1
2026-09-22,0.73.159,1
2026-09-22,0.73.16,2
2026-09-22,0.73.160,1
2026-09-22,0.73.161,1
2026-09-22,0.73.162,1
2026-09-22,0.73.163,1
2026-09-22,0.73.164,22
2026-09-22,0.73.165,1
2026-09-22,0.73.166,1
2026-09-22,0.73.167,1
2026-09-22,0.73.168,1
2026-09-22,0.73.169,1
2026-09-22,0.73.17,1
2026-09-22,0.73.170,1
2026-09-22,0.73.171,1
2026-09-22,0.73.172,1
2026-09-22,0.73.173,177
2026-09-22,0.73.18,1
2026-09-22,0.73.19,1
2026-09-22,0.73.2,1
2026-09-22,0.73.20,1
2026-09-22,0.73.21,1
2026-09-22,0.73.22,1
2026-09-22,0.73.23,1
2026-09-22,0.73.24,1
2026-09-22,0.73.25,1
2026-09-22,0.73.26,4
2026-09-22,0.73.27,1
2026-09-22,0.73.28,1
2026-09-22,0.73.29,1
2026-09-22,0.73.3,1
2026-09-22,0.73.30,1
2026-09-22,0.73.31,3
2026-09-22,0.73.32,1
2026-09-22,0.73.33,1
2026-09-22,0.73.34,1
2026-09-22,0.73.35,1
2026-09-22,0.73.36,1
2026-09-22,0.73.37,1
2026-09-22,0.73.38,1
2026-09-22,0.73.39,1
2026-09-22,0.73.4,1
2026-09-22,0.73.40,1
2026-09-22,0.73.41,2
2026-09-22,0.73.42,1
2026-09-22,0.73.43,1
2026-09-22,0.73.44,1
2026-09-22,0.73.45,1
2026-09-22,0.73.46,1
2026-09-22,0.73.47,1
2026-09-22,0.73.48,1
2026-09-22,0.73.49,2
2026-09-22,0.73.5,1
2026-09-22,0.73.50,1
2026-09-22,0.73.51,1
2026-09-22,0.73.52,1
2026-09-22,0.73.53,496
2026-09-22,0.73.54,2
2026-09-22,0.73.55,1
2026-09-22,0.73.56,1
2026-09-22,0.73.57,1
2026-09-22,0.73.58,1
2026-09-22,0.73.59,1
2026-09-22,0.73.6,1
2026-09-22,0.73.60,1
2026-09-22,0.73.61,46
2026-09-22,0.73.62,1
2026-09-22,0.73.63,1
2026-09-22,0.73.64,1
2026-09-22,0.73.65,1
2026-09-22,0.73.66,1
2026-09-22,0.73.67,2
2026-09-22,0.73.68,1
2026-09-22,0.73.69,1
2026-09-22,0.73.7,1
2026-09-22,0.73.70,1
2026-09-22,0.73.71,1
2026-09-22,0.73.72,2
2026-09-22,0.73.73,1
2026-09-22,0.73.74,1
2026-09-22,0.73.75,1
2026-09-22,0.73.76,1
2026-09-22,0.73.77,1
2026-09-22,0.73.78,1
2026-09-22,0.73.79,1
2026-09-22,0.73.8,1
2026-09-22,0.73.80,1
2026-09-22,0.73.81,1
2026-09-22,0.73.83,1
2026-09-22,0.73.84,2
2026-09-22,0.73.85,1
2026-09-22,0.73.86,1
2026-09-22,0.73.87,1
2026-09-22,0.73.88,1
2026-09-22,0.73.89,1
2026-09-22,0.73.9,1
2026-09-22,0.73.90,3
2026-09-22,0.73.91,2
2026-09-22,0.73.92,8
2026-09-22,0.73.93,1
2026-09-22,0.73.94,1
2026-09-22,0.73.95,1
2026-09-22,0.73.96,1
2026-09-22,0.73.97,1
2026-09-22,0.73.98,1
2026-09-22,0.73.99,1
2026-09-22,0.74.0,10
2026-09-22,0.74.1,1
2026-09-22,0.74.10,1
2026-09-22,0.74.11,1
2026-09-22,0.74.12,1
2026-09-22,0.74.13,1
2026-09-22,0.74.14,1
2026-09-22,0.74.15,1
2026-09-22,0.74.16,1
2026-09-22,0.74.17,1
2026-09-22,0.74.18,1
2026-09-22,0.74.19,1
2026-09-22,0.74.2,1
2026-09-22,0.74.20,1
2026-09-22,0.74.21,1
2026-09-22,0.74.22,1
2026-09-22,0.74.23,3
2026-09-22,0.74.24,1
2026-09-22,0.74.25,1
2026-09-22,0.74.26,1
2026-09-22,0.74.27,1
2026-09-22,0.74.28,1
2026-09-22,0.74.29,1
2026-09-22,0.74.3,1
2026-09-22,0.74.30,1
2026-09-22,0.74.31,1
2026-09-22,0.74.33,1
2026-09-22,0.74.34,1
2026-09-22,0.74.35,1
2026-09-22,0.74.36,4
2026-09-22,0.74.37,1
2026-09-22,0.74.38,1
2026-09-22,0.74.39,2
2026-09-22,0.74.4,1
2026-09-22,0.74.40,1
2026-09-22,0.74.41,1
2026-09-22,0.74.42,1
2026-09-22,0.74.43,1
2026-09-22,0.74.44,1
2026-09-22,0.74.45,1
2026-09-22,0.74.46,1
2026-09-22,0.74.47,1
2026-09-22,0.74.48,1
2026-09-22,0.74.49,1
2026-09-22,0.74.5,1
2026-09-22,0.74.50,2
2026-09-22,0.74.51,2
2026-09-22,0.74.52,2
2026-09-22,0.74.53,2
2026-09-22,0.74.54,4
2026-09-22,0.74.55,2
2026-09-22,0.74.56,2
2026-09-22,0.74.57,2
2026-09-22,0.74.58,2
2026-09-22,0.74.59,2
2026-09-22,0.74.6,1
2026-09-22,0.74.60,2
2026-09-22,0.74.61,2
2026-09-22,0.74.62,113
2026-09-22,0.74.7,1
2026-09-22,0.74.8,1
2026-09-22,0.74.9,1
2026-09-22,0.75.0,2036
2026-09-22,0.75.1,3
2026-09-22,0.75.2,2
2026-09-22,0.75.3,10
2026-09-22,0.75.4,4
2026-09-22,0.75.5,2
2026-09-22,0.75.6,11
2026-09-22,0.75.7,2
2026-09-22,0.75.8,3
2026-09-22,0.76.0,2
2026-09-22,0.76.1,2
2026-09-22,0.76.2,2
2026-09-22,0.76.3,2
2026-09-22,0.76.4,2
2026-09-22,0.76.5,2
2026-09-22,0.77.0,13582
2026-09-22,1.0.0,128
2026-09-22,1.0.1,51
2026-09-22,1.0.2,83
2026-09-22,1.0.3,61
2026-09-22,1.0.3.dev0,1
2026-09-22,1.0.3.dev19,2
2026-09-22,1.0.3.dev27,1
2026-09-22,1.0.4,5269
2026-09-22,1.0.5,1507
2026-09-22,1.0.6.dev14,1
2026-09-22,1.0.6.dev44,1
2026-09-22,1.1.0,416
2026-09-22,1.1.1,2304
2026-09-22,1.1.1.dev40,1
2026-09-22,1.1.2,7
2026-09-22,1.1.3,246
2026-09-22,1.1.4,2262
2026-09-22,1.1.5.dev63,1
2026-09-22,1.1.5.dev83,1
2026-09-22,1.2.0,785
2026-09-22,1.2.1,801
2026-09-22,1.2.1.dev10,1
2026-09-22,1.2.1.dev2,2
2026-09-22,1.2.1.dev9,2
2026-09-22,1.2.2,151
2026-09-22,1.2.2.dev24,1
2026-09-22,1.2.2.dev25,1
2026-09-22,1.2.2.dev35,1
2026-09-22,1.2.3,36350
2026-09-22,1.2.3.dev12,1
2026-09-22,1.2.3.dev13,1
2026-09-22,1.2.3.dev14,1
2026-09-22,1.2.4,1395
2026-09-22,1.2.4.dev0,3
2026-09-22,1.2.5,153
2026-09-22,1.2.5.dev12,2
2026-09-22,1.2.5.dev13,5
2026-09-22,1.2.5.dev20,1
2026-09-22,1.2.5.dev26,1
2026-09-22,1.2.6,1104
2026-09-22,1.2.6.dev1,1
2026-09-22,1.2.7.dev0,1
2026-09-22,1.3.0,552
2026-09-22,1.3.0.post1,7723
2026-09-22,1.3.1,1882
2026-09-22,1.3.1.dev0,1
2026-09-22,1.3.1.dev10,1
2026-09-22,1.3.1.dev11,1
2026-09-22,1.3.1.dev14,1
2026-09-22,1.3.1.dev34,1834
2026-09-22,1.3.1.dev35,2
2026-09-22,1.3.2,2053
2026-09-22,1.3.2.dev0,2
2026-09-22,1.3.3,7664
2026-09-22,1.3.4,13473
2026-09-22,1.3.5,19934
2026-09-22,1.3.6.dev0,51
2026-09-22,1.3.6.dev10,1
2026-09-22,1.3.6.dev14,1
2026-09-22,1.3.6.dev9,1
2026-09-22,1.4.0,4014
2026-09-22,1.4.1,12397
2026-09-22,1.4.2,29310
2026-09-22,1.4.2.dev14,129
2026-09-22,1.4.2.dev8,1
2026-09-22,1.4.3,30978
2026-09-22,1.4.3.dev10,1
2026-09-22,1.4.3.dev11,1
2026-09-22,1.4.3.dev13,1
2026-09-22,1.4.3.dev15,1
2026-09-22,1.4.3.dev16,1
2026-09-22,1.4.3.dev18,1
2026-09-22,1.4.3.dev20,11
2026-09-22,1.4.3.dev30,1
2026-09-22,1.4.3.dev5,50
2026-09-22,1.4.3.dev9,12
2026-09-22,1.4.4.dev0,1
2026-09-22,1.4.4.dev10,2
2026-09-22,1.4.4.dev12,2
2026-09-22,1.4.4.dev13,28
2026-09-22,1.4.4.dev9,2
2026-09-22,1.5.0,17040
2026-09-22,1.5.1,165358
2026-09-22,1.5.1.dev10,1
2026-09-22,1.5.1.dev13,587
2026-09-22,1.5.1.dev2,18
2026-09-22,1.5.1.dev5,25
2026-09-22,1.5.1.dev7,66
2026-09-22,1.5.2,28942
2026-09-22,1.5.2.dev0,1
2026-09-22,1.5.2.dev10,1
2026-09-22,1.5.2.dev12,129
2026-09-22,1.5.2.dev14,1
2026-09-22,1.5.2.dev15,1
2026-09-22,1.5.2.dev16,1
2026-09-22,1.5.2.dev18,1
2026-09-22,1.5.2.dev19,3
2026-09-22,1.5.2.dev20,2192
2026-09-22,1.5.2.dev21,1
2026-09-22,1.5.2.dev4,13
2026-09-22,1.5.2.dev5,1
2026-09-22,1.5.3,47078
2026-09-22,1.5.3.dev0,1
2026-09-22,1.5.3.dev7,334
2026-09-22,1.5.3.dev9,2
2026-09-22,1.5.4,220334
2026-09-22,1.5.4.dev0,33
2026-09-22,1.5.4.dev15,2
2026-09-22,1.5.4.dev19,807
2026-09-22,1.5.4.dev5,37
2026-09-22,1.5.4.dev6,1404
2026-09-22,1.5.4.dev8,4
2026-09-22,1.5.5,961703
2026-09-22,1.5.5.dev0,20
2026-09-22,1.5.5.dev10,2
2026-09-22,1.5.5.dev11,3
2026-09-22,1.5.5.dev12,4
2026-09-22,1.5.5.dev13,3
2026-09-22,1.5.5.dev14,8
2026-09-22,1.5.5.dev15,4
2026-09-22,1.5.5.dev16,5
2026-09-22,1.5.5.dev17,4
2026-09-22,1.5.5.dev5,25
2026-09-22,1.5.5.dev6,1
2026-09-22,1.5.5.dev8,2
2026-09-22,1.5.5.dev9,3
2026-09-22,1.5.6.dev0,2
2026-09-22,1.5.6.dev1,4
2026-09-22,1.5.6.dev10,8
2026-09-22,1.5.6.dev11,4
2026-09-22,1.5.6.dev12,4
2026-09-22,1.5.6.dev13,6
2026-09-22,1.5.6.dev14,9
2026-09-22,1.5.6.dev15,7
2026-09-22,1.5.6.dev16,93
2026-09-22,1.5.6.dev17,8
2026-09-22,1.5.6.dev18,12
2026-09-22,1.5.6.dev19,213
2026-09-22,1.5.6.dev2,7
2026-09-22,1.5.6.dev20,11
2026-09-22,1.5.6.dev21,64
2026-09-22,1.5.6.dev22,193
2026-09-22,1.5.6.dev23,153
2026-09-22,1.5.6.dev24,651
2026-09-22,1.5.6.dev3,2
2026-09-22,1.5.6.dev4,15
2026-09-22,1.5.6.dev5,33
2026-09-22,1.5.6.dev6,3
2026-09-22,1.5.6.dev7,4
2026-09-22,1.5.6.dev8,4
2026-09-22,1.5.6.dev9,6
2026-09-23,0.4.0,1
2026-09-23,0.49.2401,2
2026-09-23,0.49.2437,1
2026-09-23,0.50.2539,1
2026-09-23,0.50.2700,1
2026-09-23,0.50.2722,1
2026-09-23,0.50.2731,1
2026-09-23,0.50.2805,1
2026-09-23,0.50.2834,1
2026-09-23,0.50.3044,1
2026-09-23,0.50.3054,1
2026-09-23,0.51.3192,1
2026-09-23,0.51.3213,2
2026-09-23,0.52.3402,1
2026-09-23,0.52.3451,1
2026-09-23,0.52.3549,1
2026-09-23,0.52.3582,1
2026-09-23,0.54.3847,1
2026-09-23,0.55.3931,1
2026-09-23,0.55.3975,1
2026-09-23,0.55.3987,1
2026-09-23,0.55.4036,25
2026-09-23,0.55.4094,30
2026-09-23,0.55.4117,1
2026-09-23,0.55.4216,1
2026-09-23,0.56.4225,6
2026-09-23,0.56.4287,1
2026-09-23,0.56.4329,6
2026-09-23,0.56.4521,1
2026-09-23,0.56.4641,10
2026-09-23,0.56.4646,6
2026-09-23,0.56.4687,1
2026-09-23,0.56.4953,15
2026-09-23,0.56.4964,4
2026-09-23,0.57.39,1
2026-09-23,0.57.4,24
2026-09-23,0.57.40,1
2026-09-23,0.57.42,1
2026-09-23,0.57.74,1
2026-09-23,0.58.92,1
2026-09-23,0.61.22,1
2026-09-23,0.61.90,1
2026-09-23,0.62.0,2
2026-09-23,0.62.146,1
2026-09-23,0.62.153,1
2026-09-23,0.62.171,1
2026-09-23,0.62.180,1
2026-09-23,0.62.181,1
2026-09-23,0.62.194,1
2026-09-23,0.62.202,1
2026-09-23,0.62.207,1
2026-09-23,0.62.210,1
2026-09-23,0.62.236,7
2026-09-23,0.62.26,1
2026-09-23,0.62.27,1
2026-09-23,0.62.28,1
2026-09-23,0.62.29,1
2026-09-23,0.62.30,1
2026-09-23,0.62.31,1
2026-09-23,0.62.32,1
2026-09-23,0.62.33,1
2026-09-23,0.62.34,1
2026-09-23,0.62.35,1
2026-09-23,0.62.36,1
2026-09-23,0.62.40,1
2026-09-23,0.62.41,1
2026-09-23,0.62.42,1
2026-09-23,0.62.43,1
2026-09-23,0.62.44,1
2026-09-23,0.62.45,1
2026-09-23,0.62.50,1
2026-09-23,0.62.53,1
2026-09-23,0.62.60,1
2026-09-23,0.62.61,1
2026-09-23,0.62.64,1
2026-09-23,0.62.70,1
2026-09-23,0.62.86,1
2026-09-23,0.63.0,3
2026-09-23,0.63.1,1
2026-09-23,0.63.35,1
2026-09-23,0.63.5,1
2026-09-23,0.63.70,1
2026-09-23,0.63.76,1
2026-09-23,0.63.77,1
2026-09-23,0.63.84,1
2026-09-23,0.63.99,1
2026-09-23,0.64.0,19
2026-09-23,0.64.10,2
2026-09-23,0.64.103,77
2026-09-23,0.64.110,1
2026-09-23,0.64.119,2
2026-09-23,0.64.132,1
2026-09-23,0.64.16,1
2026-09-23,0.64.164,1
2026-09-23,0.64.166,1
2026-09-23,0.64.168,1
2026-09-23,0.64.177,3
2026-09-23,0.64.192,2
2026-09-23,0.64.232,1
2026-09-23,0.64.235,45
2026-09-23,0.65.0,3
2026-09-23,0.65.11,1
2026-09-23,0.65.32,1
2026-09-23,0.65.33,1
2026-09-23,0.65.6,2
2026-09-23,0.65.66,6
2026-09-23,0.66.0,2
2026-09-23,0.66.33,2
2026-09-23,0.66.34,1
2026-09-23,0.66.43,1
2026-09-23,0.66.44,1
2026-09-23,0.66.52,9
2026-09-23,0.67.0,1
2026-09-23,0.67.1,1
2026-09-23,0.67.10,1
2026-09-23,0.67.2,1
2026-09-23,0.67.3,1
2026-09-23,0.67.31,1
2026-09-23,0.67.47,1
2026-09-23,0.67.5,1
2026-09-23,0.67.6,1
2026-09-23,0.67.7,1
2026-09-23,0.67.8,1
2026-09-23,0.67.9,1
2026-09-23,0.68.0,1
2026-09-23,0.68.12,1
2026-09-23,0.68.13,1
2026-09-23,0.68.15,1
2026-09-23,0.68.16,1
2026-09-23,0.68.17,4
2026-09-23,0.68.18,1
2026-09-23,0.68.19,1
2026-09-23,0.68.2,1
2026-09-23,0.68.21,1
2026-09-23,0.68.22,1
2026-09-23,0.68.23,1
2026-09-23,0.68.25,1
2026-09-23,0.68.26,1
2026-09-23,0.68.27,1
2026-09-23,0.68.28,1
2026-09-23,0.68.3,1
2026-09-23,0.68.4,1
2026-09-23,0.68.45,1
2026-09-23,0.68.5,1
2026-09-23,0.68.55,2
2026-09-23,0.68.6,1
2026-09-23,0.68.8,1
2026-09-23,0.70.2,3
2026-09-23,0.70.3,3
2026-09-23,0.70.5,292
2026-09-23,0.70.7,1
2026-09-23,0.71.0,1
2026-09-23,0.71.13,2
2026-09-23,0.71.3,2
2026-09-23,0.71.4,1
2026-09-23,0.71.5,1
2026-09-23,0.72.10,2
2026-09-23,0.72.30,1
2026-09-23,0.72.33,2
2026-09-23,0.73.0,3
2026-09-23,0.73.112,1
2026-09-23,0.73.116,18
2026-09-23,0.73.12,9
2026-09-23,0.73.141,22
2026-09-23,0.73.142,4
2026-09-23,0.73.148,2
2026-09-23,0.73.15,500
2026-09-23,0.73.155,4
2026-09-23,0.73.157,4
2026-09-23,0.73.16,1
2026-09-23,0.73.164,12
2026-09-23,0.73.173,19
2026-09-23,0.73.26,3
2026-09-23,0.73.32,1
2026-09-23,0.73.45,1
2026-09-23,0.73.49,1
2026-09-23,0.73.53,1133
2026-09-23,0.73.54,9
2026-09-23,0.73.55,1
2026-09-23,0.73.61,243
2026-09-23,0.73.68,1
2026-09-23,0.73.72,1
2026-09-23,0.73.74,1
2026-09-23,0.73.75,1
2026-09-23,0.73.91,1
2026-09-23,0.73.92,3
2026-09-23,0.73.93,3
2026-09-23,0.73.97,1
2026-09-23,0.74.0,35
2026-09-23,0.74.10,1
2026-09-23,0.74.36,14
2026-09-23,0.74.39,1
2026-09-23,0.74.62,34
2026-09-23,0.74.9,1
2026-09-23,0.75.0,1863
2026-09-23,0.75.6,9
2026-09-23,0.76.1,1
2026-09-23,0.76.5,1
2026-09-23,0.76.5.dev0,2
2026-09-23,0.77.0,11484
2026-09-23,1.0.0,72
2026-09-23,1.0.1,109
2026-09-23,1.0.2,139
2026-09-23,1.0.3,38
2026-09-23,1.0.3.dev10,1
2026-09-23,1.0.4,6660
2026-09-23,1.0.5,1637
2026-09-23,1.0.6.dev28,1
2026-09-23,1.0.6.dev36,1
2026-09-23,1.1.0,217
2026-09-23,1.1.1,1344
2026-09-23,1.1.2,8
2026-09-23,1.1.3,286
2026-09-23,1.1.4,2876
2026-09-23,1.1.5.dev22,2
2026-09-23,1.1.5.dev25,1
2026-09-23,1.1.5.dev49,1
2026-09-23,1.2.0,679
2026-09-23,1.2.1,1021
2026-09-23,1.2.2,98
2026-09-23,1.2.2.dev10,1
2026-09-23,1.2.2.dev17,1
2026-09-23,1.2.2.dev33,1
2026-09-23,1.2.2.dev35,2
2026-09-23,1.2.3,28664
2026-09-23,1.2.3.dev14,1
2026-09-23,1.2.4,1699
2026-09-23,1.2.5,101
2026-09-23,1.2.5.dev12,1
2026-09-23,1.2.5.dev13,13
2026-09-23,1.2.5.dev15,1
2026-09-23,1.2.5.dev26,1
2026-09-23,1.2.6,1003
2026-09-23,1.2.6.dev4,1
2026-09-23,1.2.7.dev6,1
2026-09-23,1.3.0,296
2026-09-23,1.3.0.post1,7968
2026-09-23,1.3.1,2267
2026-09-23,1.3.1.dev11,1
2026-09-23,1.3.1.dev18,1
2026-09-23,1.3.1.dev2,1
2026-09-23,1.3.1.dev26,1
2026-09-23,1.3.1.dev29,1
2026-09-23,1.3.1.dev34,1688
2026-09-23,1.3.1.dev35,1
2026-09-23,1.3.1.dev6,1
2026-09-23,1.3.1.dev7,1
2026-09-23,1.3.2,2515
2026-09-23,1.3.2.dev0,1
2026-09-23,1.3.3,8943
2026-09-23,1.3.4,19898
2026-09-23,1.3.5,16919
2026-09-23,1.3.6.dev0,57
2026-09-23,1.3.6.dev9,1
2026-09-23,1.4.0,3939
2026-09-23,1.4.1,12953
2026-09-23,1.4.2,33354
2026-09-23,1.4.2.dev14,122
2026-09-23,1.4.2.dev5,2
2026-09-23,1.4.3,22501
2026-09-23,1.4.3.dev10,1
2026-09-23,1.4.3.dev11,1
2026-09-23,1.4.3.dev15,1
2026-09-23,1.4.3.dev18,1
2026-09-23,1.4.3.dev20,6
2026-09-23,1.4.3.dev25,1
2026-09-23,1.4.3.dev26,1
2026-09-23,1.4.3.dev8,1
2026-09-23,1.4.3.dev9,16
2026-09-23,1.4.4.dev1,1
2026-09-23,1.4.4.dev10,2
2026-09-23,1.4.4.dev11,4
2026-09-23,1.4.4.dev12,2
2026-09-23,1.4.4.dev13,31
2026-09-23,1.5.0,15311
2026-09-23,1.5.1,155834
2026-09-23,1.5.1.dev13,509
2026-09-23,1.5.1.dev2,4
2026-09-23,1.5.1.dev5,8
2026-09-23,1.5.1.dev7,72
2026-09-23,1.5.2,32757
2026-09-23,1.5.2.dev11,1
2026-09-23,1.5.2.dev12,119
2026-09-23,1.5.2.dev13,1
2026-09-23,1.5.2.dev15,1
2026-09-23,1.5.2.dev2,1
2026-09-23,1.5.2.dev20,1326
2026-09-23,1.5.2.dev4,3
2026-09-23,1.5.3,48906
2026-09-23,1.5.3.dev7,248
2026-09-23,1.5.4,218225
2026-09-23,1.5.4.dev0,14
2026-09-23,1.5.4.dev15,1
2026-09-23,1.5.4.dev19,1343
2026-09-23,1.5.4.dev5,30
2026-09-23,1.5.4.dev6,2062
2026-09-23,1.5.5,943693
2026-09-23,1.5.5.dev0,19
2026-09-23,1.5.5.dev11,2
2026-09-23,1.5.5.dev14,2
2026-09-23,1.5.5.dev16,1
2026-09-23,1.5.5.dev17,4
2026-09-23,1.5.5.dev2,1
2026-09-23,1.5.5.dev5,8
2026-09-23,1.5.5.dev6,1
2026-09-23,1.5.5.dev7,1
2026-09-23,1.5.5.dev8,1
2026-09-23,1.5.6.dev0,2
2026-09-23,1.5.6.dev1,3
2026-09-23,1.5.6.dev10,2
2026-09-23,1.5.6.dev11,6
2026-09-23,1.5.6.dev12,2
2026-09-23,1.5.6.dev13,2
2026-09-23,1.5.6.dev14,4
2026-09-23,1.5.6.dev15,6
2026-09-23,1.5.6.dev16,163
2026-09-23,1.5.6.dev17,4
2026-09-23,1.5.6.dev18,5
2026-09-23,1.5.6.dev19,298
2026-09-23,1.5.6.dev2,12
2026-09-23,1.5.6.dev20,22
2026-09-23,1.5.6.dev21,11
2026-09-23,1.5.6.dev22,30
2026-09-23,1.5.6.dev23,197
2026-09-23,1.5.6.dev24,176
2026-09-23,1.5.6.dev25,774
2026-09-23,1.5.6.dev3,1
2026-09-23,1.5.6.dev4,5
2026-09-23,1.5.6.dev5,43
2026-09-23,1.5.6.dev6,2
2026-09-23,1.5.6.dev7,3
2026-09-23,1.5.6.dev8,2
2026-09-23,1.5.6.dev9,3
2026-09-24,0.49.2343,2
2026-09-24,0.49.2348,2
2026-09-24,0.49.2364,2
2026-09-24,0.49.2379,2
2026-09-24,0.49.2385,2
2026-09-24,0.49.2389,2
2026-09-24,0.49.2399,2
2026-09-24,0.49.2401,2
2026-09-24,0.49.2406,2
2026-09-24,0.49.2418,2
2026-09-24,0.49.2429,3
2026-09-24,0.49.2437,2
2026-09-24,0.49.2455,2
2026-09-24,0.49.2462,2
2026-09-24,0.49.2464,2
2026-09-24,0.49.2465,2
2026-09-24,0.49.2466,2
2026-09-24,0.49.2471,2
2026-09-24,0.49.2475,2
2026-09-24,0.49.2489,2
2026-09-24,0.49.2500,2
2026-09-24,0.49.2504,2
2026-09-24,0.49.2509,2
2026-09-24,0.49.2515,2
2026-09-24,0.49.2517,2
2026-09-24,0.49.2527,2
2026-09-24,0.49.2532,2
2026-09-24,0.49.2537,2
2026-09-24,0.50.2539,3
2026-09-24,0.50.2544,2
2026-09-24,0.50.2549,2
2026-09-24,0.50.2552,2
2026-09-24,0.50.2554,2
2026-09-24,0.50.2561,2
2026-09-24,0.50.2562,2
2026-09-24,0.50.2570,2
2026-09-24,0.50.2573,3
2026-09-24,0.50.2581,3
2026-09-24,0.50.2586,2
2026-09-24,0.50.2588,2
2026-09-24,0.50.2593,2
2026-09-24,0.50.2597,2
2026-09-24,0.50.2604,3
2026-09-24,0.50.2606,2
2026-09-24,0.50.2608,3
2026-09-24,0.50.2611,2
2026-09-24,0.50.2614,2
2026-09-24,0.50.2619,3
2026-09-24,0.50.2623,2
2026-09-24,0.50.2627,2
2026-09-24,0.50.2632,2
2026-09-24,0.50.2634,2
2026-09-24,0.50.2636,2
2026-09-24,0.50.2643,2
2026-09-24,0.50.2652,2
2026-09-24,0.50.2656,3
2026-09-24,0.50.2660,2
2026-09-24,0.50.2668,2
2026-09-24,0.50.2677,2
2026-09-24,0.50.2684,4
2026-09-24,0.50.2685,2
2026-09-24,0.50.2689,2
2026-09-24,0.50.2691,2
2026-09-24,0.50.2697,2
2026-09-24,0.50.2700,3
2026-09-24,0.50.2701,2
2026-09-24,0.50.2709,2
2026-09-24,0.50.2712,3
2026-09-24,0.50.2718,2
2026-09-24,0.50.2722,2
2026-09-24,0.50.2731,2
2026-09-24,0.50.2734,2
2026-09-24,0.50.2751,2
2026-09-24,0.50.2754,2
2026-09-24,0.50.2758,2
2026-09-24,0.50.2764,2
2026-09-24,0.50.2766,2
2026-09-24,0.50.2771,2
2026-09-24,0.50.2775,2
2026-09-24,0.50.2788,2
2026-09-24,0.50.2793,2
2026-09-24,0.50.2797,2
2026-09-24,0.50.2802,2
2026-09-24,0.50.2805,2
2026-09-24,0.50.2818,2
2026-09-24,0.50.2831,2
2026-09-24,0.50.2834,2
2026-09-24,0.50.2838,2
2026-09-24,0.50.2841,2
2026-09-24,0.50.2845,2
2026-09-24,0.50.2846,2
2026-09-24,0.50.2855,2
2026-09-24,0.50.2870,2
2026-09-24,0.50.2877,2
2026-09-24,0.50.2886,2
2026-09-24,0.50.2889,2
2026-09-24,0.50.2893,2
2026-09-24,0.50.2895,3
2026-09-24,0.50.2898,2
2026-09-24,0.50.2908,2
2026-09-24,0.50.2912,2
2026-09-24,0.50.2915,2
2026-09-24,0.50.2920,2
2026-09-24,0.50.2927,2
2026-09-24,0.50.2930,2
2026-09-24,0.50.2932,2
2026-09-24,0.50.2934,2
2026-09-24,0.50.2940,2
2026-09-24,0.50.2946,2
2026-09-24,0.50.2952,2
2026-09-24,0.50.2962,3
2026-09-24,0.50.2981,2
2026-09-24,0.50.2987,2
2026-09-24,0.50.2994,2
2026-09-24,0.50.2996,2
2026-09-24,0.50.2998,2
2026-09-24,0.50.3001,2
2026-09-24,0.50.3004,2
2026-09-24,0.50.3005,2
2026-09-24,0.50.3010,2
2026-09-24,0.50.3013,2
2026-09-24,0.50.3022,2
2026-09-24,0.50.3025,2
2026-09-24,0.50.3030,2
2026-09-24,0.50.3039,2
2026-09-24,0.50.3044,2
2026-09-24,0.50.3051,3
2026-09-24,0.50.3052,2
2026-09-24,0.50.3054,2
2026-09-24,0.50.3070,2
2026-09-24,0.50.3071,2
2026-09-24,0.51.3074,2
2026-09-24,0.51.3077,2
2026-09-24,0.51.3082,2
2026-09-24,0.51.3085,2
2026-09-24,0.51.3093,2
2026-09-24,0.51.3095,2
2026-09-24,0.51.3099,3
2026-09-24,0.51.3103,3
2026-09-24,0.51.3105,2
2026-09-24,0.51.3107,2
2026-09-24,0.51.3112,2
2026-09-24,0.51.3117,2
2026-09-24,0.51.3119,2
2026-09-24,0.51.3126,3
2026-09-24,0.51.3135,2
2026-09-24,0.51.3137,2
2026-09-24,0.51.3143,2
2026-09-24,0.51.3145,2
2026-09-24,0.51.3147,2
2026-09-24,0.51.3149,2
2026-09-24,0.51.3160,2
2026-09-24,0.51.3162,2
2026-09-24,0.51.3166,2
2026-09-24,0.51.3167,3
2026-09-24,0.51.3173,2
2026-09-24,0.51.3174,2
2026-09-24,0.51.3179,2
2026-09-24,0.51.3182,2
2026-09-24,0.51.3189,2
2026-09-24,0.51.3192,2
2026-09-24,0.51.3194,2
2026-09-24,0.51.3197,2
2026-09-24,0.51.3199,2
2026-09-24,0.51.3202,2
2026-09-24,0.51.3205,2
2026-09-24,0.51.3211,2
2026-09-24,0.51.3213,2
2026-09-24,0.51.3216,2
2026-09-24,0.51.3227,2
2026-09-24,0.51.3233,2
2026-09-24,0.51.3237,2
2026-09-24,0.51.3238,2
2026-09-24,0.51.3247,2
2026-09-24,0.51.3251,2
2026-09-24,0.51.3252,2
2026-09-24,0.51.3267,2
2026-09-24,0.51.3271,2
2026-09-24,0.51.3276,2
2026-09-24,0.51.3280,2
2026-09-24,0.51.3285,2
2026-09-24,0.51.3294,2
2026-09-24,0.51.3298,3
2026-09-24,0.51.3304,2
2026-09-24,0.51.3306,2
2026-09-24,0.51.3309,2
2026-09-24,0.51.3311,2
2026-09-24,0.51.3313,2
2026-09-24,0.51.3315,2
2026-09-24,0.51.3319,2
2026-09-24,0.51.3328,2
2026-09-24,0.51.3331,2
2026-09-24,0.51.3333,2
2026-09-24,0.51.3336,2
2026-09-24,0.51.3344,2
2026-09-24,0.51.3348,2
2026-09-24,0.51.3354,2
2026-09-24,0.51.3359,2
2026-09-24,0.51.3360,2
2026-09-24,0.52.3366,2
2026-09-24,0.52.3371,2
2026-09-24,0.52.3375,2
2026-09-24,0.52.3377,2
2026-09-24,0.52.3384,3
2026-09-24,0.52.3392,2
2026-09-24,0.52.3395,2
2026-09-24,0.52.3402,2
2026-09-24,0.52.3410,2
2026-09-24,0.52.3412,2
2026-09-24,0.52.3414,2
2026-09-24,0.52.3416,2
2026-09-24,0.52.3420,3
2026-09-24,0.52.3425,2
2026-09-24,0.52.3428,3
2026-09-24,0.52.3432,2
2026-09-24,0.52.3433,2
2026-09-24,0.52.3434,2
2026-09-24,0.52.3439,2
2026-09-24,0.52.3445,3
2026-09-24,0.52.3448,2
2026-09-24,0.52.3451,2
2026-09-24,0.52.3456,2
2026-09-24,0.52.3457,2
2026-09-24,0.52.3461,2
2026-09-24,0.52.3472,2
2026-09-24,0.52.3477,2
2026-09-24,0.52.3481,2
2026-09-24,0.52.3483,2
2026-09-24,0.52.3486,3
2026-09-24,0.52.3489,2
2026-09-24,0.52.3490,2
2026-09-24,0.52.3492,2
2026-09-24,0.52.3498,2
2026-09-24,0.52.3502,2
2026-09-24,0.52.3505,2
2026-09-24,0.52.3507,2
2026-09-24,0.52.3509,2
2026-09-24,0.52.3513,2
2026-09-24,0.52.3516,2
2026-09-24,0.52.3518,2
2026-09-24,0.52.3521,2
2026-09-24,0.52.3527,2
2026-09-24,0.52.3528,2
2026-09-24,0.52.3535,2
2026-09-24,0.52.3541,2
2026-09-24,0.52.3549,2
2026-09-24,0.52.3552,2
2026-09-24,0.52.3559,2
2026-09-24,0.52.3560,2
2026-09-24,0.52.3568,2
2026-09-24,0.52.3578,2
2026-09-24,0.52.3582,2
2026-09-24,0.52.3587,2
2026-09-24,0.52.3594,2
2026-09-24,0.52.3603,2
2026-09-24,0.52.3611,2
2026-09-24,0.52.3617,2
2026-09-24,0.53.3619,2
2026-09-24,0.53.3623,2
2026-09-24,0.53.3629,2
2026-09-24,0.53.3631,2
2026-09-24,0.53.3635,2
2026-09-24,0.53.3637,2
2026-09-24,0.53.3646,2
2026-09-24,0.53.3650,2
2026-09-24,0.53.3660,2
2026-09-24,0.53.3663,2
2026-09-24,0.53.3665,2
2026-09-24,0.53.3671,2
2026-09-24,0.53.3675,2
2026-09-24,0.53.3678,2
2026-09-24,0.53.3683,2
2026-09-24,0.53.3686,3
2026-09-24,0.53.3689,2
2026-09-24,0.53.3692,3
2026-09-24,0.53.3695,2
2026-09-24,0.53.3697,2
2026-09-24,0.53.3704,2
2026-09-24,0.53.3712,2
2026-09-24,0.53.3715,2
2026-09-24,0.53.3717,2
2026-09-24,0.53.3718,3
2026-09-24,0.53.3720,2
2026-09-24,0.53.3722,2
2026-09-24,0.53.3727,2
2026-09-24,0.53.3730,2
2026-09-24,0.53.3733,3
2026-09-24,0.53.3735,2
2026-09-24,0.53.3738,2
2026-09-24,0.53.3740,2
2026-09-24,0.53.3746,2
2026-09-24,0.54.3748,3
2026-09-24,0.54.3752,2
2026-09-24,0.54.3756,2
2026-09-24,0.54.3760,2
2026-09-24,0.54.3762,2
2026-09-24,0.54.3764,2
2026-09-24,0.54.3773,2
2026-09-24,0.54.3777,2
2026-09-24,0.54.3778,3
2026-09-24,0.54.3781,2
2026-09-24,0.54.3785,2
2026-09-24,0.54.3788,2
2026-09-24,0.54.3794,2
2026-09-24,0.54.3804,2
2026-09-24,0.54.3815,2
2026-09-24,0.54.3821,2
2026-09-24,0.54.3834,2
2026-09-24,0.54.3835,2
2026-09-24,0.54.3837,3
2026-09-24,0.54.3840,2
2026-09-24,0.54.3845,2
2026-09-24,0.54.3846,2
2026-09-24,0.54.3847,2
2026-09-24,0.55.3849,2
2026-09-24,0.55.3852,2
2026-09-24,0.55.3854,2
2026-09-24,0.55.3856,2
2026-09-24,0.55.3858,2
2026-09-24,0.55.3860,2
2026-09-24,0.55.3865,2
2026-09-24,0.55.3870,2
2026-09-24,0.55.3872,2
2026-09-24,0.55.3876,2
2026-09-24,0.55.3877,2
2026-09-24,0.55.3881,2
2026-09-24,0.55.3886,2
2026-09-24,0.55.3888,2
2026-09-24,0.55.3889,4
2026-09-24,0.55.3898,2
2026-09-24,0.55.3902,3
2026-09-24,0.55.3904,3
2026-09-24,0.55.3906,2
2026-09-24,0.55.3910,2
2026-09-24,0.55.3912,2
2026-09-24,0.55.3913,2
2026-09-24,0.55.3914,2
2026-09-24,0.55.3917,2
2026-09-24,0.55.3930,3
2026-09-24,0.55.3931,2
2026-09-24,0.55.3935,2
2026-09-24,0.55.3938,2
2026-09-24,0.55.3941,2
2026-09-24,0.55.3947,2
2026-09-24,0.55.3949,2
2026-09-24,0.55.3951,2
2026-09-24,0.55.3953,2
2026-09-24,0.55.3955,2
2026-09-24,0.55.3958,2
2026-09-24,0.55.3960,2
2026-09-24,0.55.3969,2
2026-09-24,0.55.3972,2
2026-09-24,0.55.3975,3
2026-09-24,0.55.3983,3
2026-09-24,0.55.3987,2
2026-09-24,0.55.3992,2
2026-09-24,0.55.3994,2
2026-09-24,0.55.3996,3
2026-09-24,0.55.4000,2
2026-09-24,0.55.4002,2
2026-09-24,0.55.4009,2
2026-09-24,0.55.4011,2
2026-09-24,0.55.4012,2
2026-09-24,0.55.4018,2
2026-09-24,0.55.4020,4
2026-09-24,0.55.4022,2
2026-09-24,0.55.4025,2
2026-09-24,0.55.4028,2
2026-09-24,0.55.4032,2
2026-09-24,0.55.4034,2
2026-09-24,0.55.4036,17
2026-09-24,0.55.4043,2
2026-09-24,0.55.4048,2
2026-09-24,0.55.4053,2
2026-09-24,0.55.4060,2
2026-09-24,0.55.4063,2
2026-09-24,0.55.4071,2
2026-09-24,0.55.4073,2
2026-09-24,0.55.4085,2
2026-09-24,0.55.4091,2
2026-09-24,0.55.4094,2
2026-09-24,0.55.4097,2
2026-09-24,0.55.4103,3
2026-09-24,0.55.4106,2
2026-09-24,0.55.4113,2
2026-09-24,0.55.4115,2
2026-09-24,0.55.4117,2
2026-09-24,0.55.4119,2
2026-09-24,0.55.4127,3
2026-09-24,0.55.4137,2
2026-09-24,0.55.4138,2
2026-09-24,0.55.4141,3
2026-09-24,0.55.4142,2
2026-09-24,0.55.4144,2
2026-09-24,0.55.4147,2
2026-09-24,0.55.4151,2
2026-09-24,0.55.4155,2
2026-09-24,0.55.4158,2
2026-09-24,0.55.4160,2
2026-09-24,0.55.4164,2
2026-09-24,0.55.4165,2
2026-09-24,0.55.4168,2
2026-09-24,0.55.4170,2
2026-09-24,0.55.4174,2
2026-09-24,0.55.4176,3
2026-09-24,0.55.4187,3
2026-09-24,0.55.4190,2
2026-09-24,0.55.4192,2
2026-09-24,0.55.4196,2
2026-09-24,0.55.4201,2
2026-09-24,0.55.4204,3
2026-09-24,0.55.4211,2
2026-09-24,0.55.4215,2
2026-09-24,0.55.4216,2
2026-09-24,0.56.4220,2
2026-09-24,0.56.4223,2
2026-09-24,0.56.4225,3
2026-09-24,0.56.4235,2
2026-09-24,0.56.4239,2
2026-09-24,0.56.4240,2
2026-09-24,0.56.4242,2
2026-09-24,0.56.4246,2
2026-09-24,0.56.4247,2
2026-09-24,0.56.4249,2
2026-09-24,0.56.4254,2
2026-09-24,0.56.4262,2
2026-09-24,0.56.4272,3
2026-09-24,0.56.4273,2
2026-09-24,0.56.4280,2
2026-09-24,0.56.4281,2
2026-09-24,0.56.4283,2
2026-09-24,0.56.4285,2
2026-09-24,0.56.4287,3
2026-09-24,0.56.4291,2
2026-09-24,0.56.4295,2
2026-09-24,0.56.4296,2
2026-09-24,0.56.4298,2
2026-09-24,0.56.4300,2
2026-09-24,0.56.4311,2
2026-09-24,0.56.4322,2
2026-09-24,0.56.4326,2
2026-09-24,0.56.4329,5
2026-09-24,0.56.4353,2
2026-09-24,0.56.4358,2
2026-09-24,0.56.4362,3
2026-09-24,0.56.4368,2
2026-09-24,0.56.4371,2
2026-09-24,0.56.4374,2
2026-09-24,0.56.4376,2
2026-09-24,0.56.4386,2
2026-09-24,0.56.4388,2
2026-09-24,0.56.4390,2
2026-09-24,0.56.4392,2
2026-09-24,0.56.4396,6
2026-09-24,0.56.4398,2
2026-09-24,0.56.4403,2
2026-09-24,0.56.4412,2
2026-09-24,0.56.4415,2
2026-09-24,0.56.4421,2
2026-09-24,0.56.4427,2
2026-09-24,0.56.4432,2
2026-09-24,0.56.4433,2
2026-09-24,0.56.4434,2
2026-09-24,0.56.4436,2
2026-09-24,0.56.4437,2
2026-09-24,0.56.4441,2
2026-09-24,0.56.4443,2
2026-09-24,0.56.4451,3
2026-09-24,0.56.4452,2
2026-09-24,0.56.4455,2
2026-09-24,0.56.4458,2
2026-09-24,0.56.4467,2
2026-09-24,0.56.4468,2
2026-09-24,0.56.4471,2
2026-09-24,0.56.4477,2
2026-09-24,0.56.4480,2
2026-09-24,0.56.4488,2
2026-09-24,0.56.4492,2
2026-09-24,0.56.4496,2
2026-09-24,0.56.4504,2
2026-09-24,0.56.4506,2
2026-09-24,0.56.4521,2
2026-09-24,0.56.4547,2
2026-09-24,0.56.4548,2
2026-09-24,0.56.4551,2
2026-09-24,0.56.4558,2
2026-09-24,0.56.4570,2
2026-09-24,0.56.4571,2
2026-09-24,0.56.4578,2
2026-09-24,0.56.4584,2
2026-09-24,0.56.4588,2
2026-09-24,0.56.4590,2
2026-09-24,0.56.4597,2
2026-09-24,0.56.4616,2
2026-09-24,0.56.4620,2
2026-09-24,0.56.4634,2
2026-09-24,0.56.4637,2
2026-09-24,0.56.4641,9
2026-09-24,0.56.4642,2
2026-09-24,0.56.4644,2
2026-09-24,0.56.4646,2
2026-09-24,0.56.4649,2
2026-09-24,0.56.4670,2
2026-09-24,0.56.4673,2
2026-09-24,0.56.4687,2
2026-09-24,0.56.4689,2
2026-09-24,0.56.4691,2
2026-09-24,0.56.4693,2
2026-09-24,0.56.4696,2
2026-09-24,0.56.4700,2
2026-09-24,0.56.4707,2
2026-09-24,0.56.4710,2
2026-09-24,0.56.4714,2
2026-09-24,0.56.4715,2
2026-09-24,0.56.4726,2
2026-09-24,0.56.4728,2
2026-09-24,0.56.4730,2
2026-09-24,0.56.4740,2
2026-09-24,0.56.4751,2
2026-09-24,0.56.4758,2
2026-09-24,0.56.4760,2
2026-09-24,0.56.4763,2
2026-09-24,0.56.4768,2
2026-09-24,0.56.4777,2
2026-09-24,0.56.4792,2
2026-09-24,0.56.4804,2
2026-09-24,0.56.4806,2
2026-09-24,0.56.4813,2
2026-09-24,0.56.4822,2
2026-09-24,0.56.4834,2
2026-09-24,0.56.4837,2
2026-09-24,0.56.4842,2
2026-09-24,0.56.4844,2
2026-09-24,0.56.4849,2
2026-09-24,0.56.4853,2
2026-09-24,0.56.4856,2
2026-09-24,0.56.4862,2
2026-09-24,0.56.4871,2
2026-09-24,0.56.4874,2
2026-09-24,0.56.4878,2
2026-09-24,0.56.4881,2
2026-09-24,0.56.4885,2
2026-09-24,0.56.4894,2
2026-09-24,0.56.4902,2
2026-09-24,0.56.4903,2
2026-09-24,0.56.4909,2
2026-09-24,0.56.4919,3
2026-09-24,0.56.4922,2
2026-09-24,0.56.4928,2
2026-09-24,0.56.4940,2
2026-09-24,0.56.4944,2
2026-09-24,0.56.4949,2
2026-09-24,0.56.4952,2
2026-09-24,0.56.4953,4
2026-09-24,0.56.4964,11
2026-09-24,0.57.0,3
2026-09-24,0.57.1,2
2026-09-24,0.57.10,2
2026-09-24,0.57.11,2
2026-09-24,0.57.12,2
2026-09-24,0.57.13,2
2026-09-24,0.57.14,2
2026-09-24,0.57.15,2
2026-09-24,0.57.16,2
2026-09-24,0.57.17,2
2026-09-24,0.57.18,3
2026-09-24,0.57.19,2
2026-09-24,0.57.2,2
2026-09-24,0.57.20,2
2026-09-24,0.57.21,2
2026-09-24,0.57.22,2
2026-09-24,0.57.23,2
2026-09-24,0.57.24,2
2026-09-24,0.57.25,2
2026-09-24,0.57.26,2
2026-09-24,0.57.27,3
2026-09-24,0.57.28,2
2026-09-24,0.57.29,2
2026-09-24,0.57.3,2
2026-09-24,0.57.30,2
2026-09-24,0.57.31,2
2026-09-24,0.57.32,2
2026-09-24,0.57.33,2
2026-09-24,0.57.34,2
2026-09-24,0.57.35,2
2026-09-24,0.57.36,2
2026-09-24,0.57.37,2
2026-09-24,0.57.38,2
2026-09-24,0.57.39,3
2026-09-24,0.57.4,27
2026-09-24,0.57.40,2
2026-09-24,0.57.41,2
2026-09-24,0.57.42,2
2026-09-24,0.57.43,2
2026-09-24,0.57.44,10
2026-09-24,0.57.45,3
2026-09-24,0.57.46,2
2026-09-24,0.57.47,2
2026-09-24,0.57.48,2
2026-09-24,0.57.49,2
2026-09-24,0.57.5,2
2026-09-24,0.57.50,2
2026-09-24,0.57.51,2
2026-09-24,0.57.52,2
2026-09-24,0.57.53,5
2026-09-24,0.57.54,2
2026-09-24,0.57.55,2
2026-09-24,0.57.56,2
2026-09-24,0.57.57,2
2026-09-24,0.57.58,2
2026-09-24,0.57.59,2
2026-09-24,0.57.6,2
2026-09-24,0.57.60,2
2026-09-24,0.57.61,2
2026-09-24,0.57.62,2
2026-09-24,0.57.63,2
2026-09-24,0.57.64,2
2026-09-24,0.57.65,2
2026-09-24,0.57.66,2
2026-09-24,0.57.67,2
2026-09-24,0.57.68,2
2026-09-24,0.57.69,2
2026-09-24,0.57.7,2
2026-09-24,0.57.70,2
2026-09-24,0.57.71,2
2026-09-24,0.57.72,2
2026-09-24,0.57.73,3
2026-09-24,0.57.74,3
2026-09-24,0.57.8,2
2026-09-24,0.57.9,2
2026-09-24,0.58.75,2
2026-09-24,0.58.76,2
2026-09-24,0.58.77,2
2026-09-24,0.58.78,2
2026-09-24,0.58.79,2
2026-09-24,0.58.80,2
2026-09-24,0.58.81,2
2026-09-24,0.58.82,2
2026-09-24,0.58.83,2
2026-09-24,0.58.84,2
2026-09-24,0.58.85,2
2026-09-24,0.58.86,2
2026-09-24,0.58.87,2
2026-09-24,0.58.88,2
2026-09-24,0.58.89,2
2026-09-24,0.58.90,2
2026-09-24,0.58.91,2
2026-09-24,0.58.92,3
2026-09-24,0.58.93,2
2026-09-24,0.58.94,2
2026-09-24,0.58.95,2
2026-09-24,0.58.96,2
2026-09-24,0.58.97,2
2026-09-24,0.59.0,2
2026-09-24,0.59.1,2
2026-09-24,0.59.2,2
2026-09-24,0.59.3,3
2026-09-24,0.59.4,2
2026-09-24,0.59.5,2
2026-09-24,0.59.6,2
2026-09-24,0.59.7,2
2026-09-24,0.59.8,2
2026-09-24,0.60.10,2
2026-09-24,0.60.11,2
2026-09-24,0.60.12,2
2026-09-24,0.60.13,2
2026-09-24,0.60.14,2
2026-09-24,0.60.15,2
2026-09-24,0.60.2,2
2026-09-24,0.60.3,2
2026-09-24,0.60.4,2
2026-09-24,0.60.5,2
2026-09-24,0.60.6,2
2026-09-24,0.60.7,2
2026-09-24,0.60.8,2
2026-09-24,0.60.9,3
2026-09-24,0.61.0,2
2026-09-24,0.61.1,2
2026-09-24,0.61.10,2
2026-09-24,0.61.100,3
2026-09-24,0.61.101,2
2026-09-24,0.61.102,2
2026-09-24,0.61.104,2
2026-09-24,0.61.105,2
2026-09-24,0.61.106,2
2026-09-24,0.61.107,2
2026-09-24,0.61.108,2
2026-09-24,0.61.109,2
2026-09-24,0.61.11,2
2026-09-24,0.61.12,2
2026-09-24,0.61.13,2
2026-09-24,0.61.14,2
2026-09-24,0.61.15,2
2026-09-24,0.61.16,2
2026-09-24,0.61.17,2
2026-09-24,0.61.18,2
2026-09-24,0.61.19,2
2026-09-24,0.61.2,2
2026-09-24,0.61.20,2
2026-09-24,0.61.21,2
2026-09-24,0.61.22,2
2026-09-24,0.61.23,2
2026-09-24,0.61.24,2
2026-09-24,0.61.25,2
2026-09-24,0.61.26,2
2026-09-24,0.61.27,2
2026-09-24,0.61.28,2
2026-09-24,0.61.29,2
2026-09-24,0.61.3,2
2026-09-24,0.61.30,2
2026-09-24,0.61.31,2
2026-09-24,0.61.32,2
2026-09-24,0.61.33,2
2026-09-24,0.61.34,2
2026-09-24,0.61.35,2
2026-09-24,0.61.36,2
2026-09-24,0.61.37,2
2026-09-24,0.61.38,2
2026-09-24,0.61.39,3
2026-09-24,0.61.4,2
2026-09-24,0.61.40,2
2026-09-24,0.61.41,2
2026-09-24,0.61.42,2
2026-09-24,0.61.43,3
2026-09-24,0.61.44,2
2026-09-24,0.61.45,2
2026-09-24,0.61.47,2
2026-09-24,0.61.48,2
2026-09-24,0.61.49,2
2026-09-24,0.61.5,2
2026-09-24,0.61.50,2
2026-09-24,0.61.51,2
2026-09-24,0.61.52,2
2026-09-24,0.61.53,3
2026-09-24,0.61.54,2
2026-09-24,0.61.55,2
2026-09-24,0.61.56,2
2026-09-24,0.61.57,2
2026-09-24,0.61.58,2
2026-09-24,0.61.59,2
2026-09-24,0.61.6,2
2026-09-24,0.61.60,2
2026-09-24,0.61.61,2
2026-09-24,0.61.62,2
2026-09-24,0.61.63,2
2026-09-24,0.61.64,2
2026-09-24,0.61.66,2
2026-09-24,0.61.67,2
2026-09-24,0.61.68,2
2026-09-24,0.61.69,2
2026-09-24,0.61.7,2
2026-09-24,0.61.70,2
2026-09-24,0.61.71,2
2026-09-24,0.61.72,2
2026-09-24,0.61.73,2
2026-09-24,0.61.74,2
2026-09-24,0.61.75,2
2026-09-24,0.61.76,2
2026-09-24,0.61.77,2
2026-09-24,0.61.78,2
2026-09-24,0.61.79,2
2026-09-24,0.61.8,2
2026-09-24,0.61.80,2
2026-09-24,0.61.81,2
2026-09-24,0.61.82,3
2026-09-24,0.61.83,2
2026-09-24,0.61.84,2
2026-09-24,0.61.85,2
2026-09-24,0.61.86,2
2026-09-24,0.61.87,2
2026-09-24,0.61.88,2
2026-09-24,0.61.89,2
2026-09-24,0.61.9,2
2026-09-24,0.61.90,2
2026-09-24,0.61.91,2
2026-09-24,0.61.92,2
2026-09-24,0.61.93,2
2026-09-24,0.61.94,2
2026-09-24,0.61.95,2
2026-09-24,0.61.96,2
2026-09-24,0.61.97,2
2026-09-24,0.61.98,2
2026-09-24,0.61.99,2
2026-09-24,0.62.0,2
2026-09-24,0.62.1,2
2026-09-24,0.62.10,2
2026-09-24,0.62.100,2
2026-09-24,0.62.101,2
2026-09-24,0.62.102,2
2026-09-24,0.62.103,2
2026-09-24,0.62.104,2
2026-09-24,0.62.105,2
2026-09-24,0.62.106,2
2026-09-24,0.62.107,2
2026-09-24,0.62.108,2
2026-09-24,0.62.109,2
2026-09-24,0.62.11,2
2026-09-24,0.62.110,2
2026-09-24,0.62.111,2
2026-09-24,0.62.112,2
2026-09-24,0.62.113,2
2026-09-24,0.62.114,2
2026-09-24,0.62.115,2
2026-09-24,0.62.116,2
2026-09-24,0.62.117,2
2026-09-24,0.62.118,2
2026-09-24,0.62.119,2
2026-09-24,0.62.12,2
2026-09-24,0.62.120,2
2026-09-24,0.62.121,2
2026-09-24,0.62.122,2
2026-09-24,0.62.123,2
2026-09-24,0.62.124,3
2026-09-24,0.62.125,2
2026-09-24,0.62.126,2
2026-09-24,0.62.127,2
2026-09-24,0.62.128,2
2026-09-24,0.62.129,2
2026-09-24,0.62.13,2
2026-09-24,0.62.130,2
2026-09-24,0.62.131,2
2026-09-24,0.62.132,2
2026-09-24,0.62.133,2
2026-09-24,0.62.134,2
2026-09-24,0.62.135,2
2026-09-24,0.62.136,2
2026-09-24,0.62.137,2
2026-09-24,0.62.138,3
2026-09-24,0.62.139,2
2026-09-24,0.62.14,2
2026-09-24,0.62.140,2
2026-09-24,0.62.141,2
2026-09-24,0.62.142,2
2026-09-24,0.62.143,2
2026-09-24,0.62.144,2
2026-09-24,0.62.145,2
2026-09-24,0.62.146,2
2026-09-24,0.62.147,2
2026-09-24,0.62.148,2
2026-09-24,0.62.149,2
2026-09-24,0.62.15,2
2026-09-24,0.62.150,2
2026-09-24,0.62.151,2
2026-09-24,0.62.152,2
2026-09-24,0.62.153,2
2026-09-24,0.62.154,3
2026-09-24,0.62.155,2
2026-09-24,0.62.156,2
2026-09-24,0.62.157,2
2026-09-24,0.62.158,2
2026-09-24,0.62.159,2
2026-09-24,0.62.16,2
2026-09-24,0.62.160,2
2026-09-24,0.62.161,2
2026-09-24,0.62.162,2
2026-09-24,0.62.163,2
2026-09-24,0.62.164,2
2026-09-24,0.62.165,2
2026-09-24,0.62.166,2
2026-09-24,0.62.167,2
2026-09-24,0.62.168,2
2026-09-24,0.62.169,2
2026-09-24,0.62.17,2
2026-09-24,0.62.170,2
2026-09-24,0.62.171,2
2026-09-24,0.62.172,2
2026-09-24,0.62.173,2
2026-09-24,0.62.174,2
2026-09-24,0.62.175,2
2026-09-24,0.62.176,2
2026-09-24,0.62.177,2
2026-09-24,0.62.178,2
2026-09-24,0.62.179,2
2026-09-24,0.62.18,2
2026-09-24,0.62.180,2
2026-09-24,0.62.181,2
2026-09-24,0.62.182,2
2026-09-24,0.62.183,2
2026-09-24,0.62.184,2
2026-09-24,0.62.185,2
2026-09-24,0.62.186,2
2026-09-24,0.62.187,2
2026-09-24,0.62.188,2
2026-09-24,0.62.189,2
2026-09-24,0.62.19,2
2026-09-24,0.62.190,2
2026-09-24,0.62.191,2
2026-09-24,0.62.192,2
2026-09-24,0.62.193,2
2026-09-24,0.62.194,2
2026-09-24,0.62.196,2
2026-09-24,0.62.197,2
2026-09-24,0.62.198,2
2026-09-24,0.62.199,2
2026-09-24,0.62.2,2
2026-09-24,0.62.20,2
2026-09-24,0.62.200,2
2026-09-24,0.62.201,2
2026-09-24,0.62.202,2
2026-09-24,0.62.203,2
2026-09-24,0.62.204,2
2026-09-24,0.62.205,2
2026-09-24,0.62.206,2
2026-09-24,0.62.207,2
2026-09-24,0.62.208,2
2026-09-24,0.62.209,2
2026-09-24,0.62.21,2
2026-09-24,0.62.210,2
2026-09-24,0.62.211,2
2026-09-24,0.62.212,2
2026-09-24,0.62.213,2
2026-09-24,0.62.214,2
2026-09-24,0.62.215,3
2026-09-24,0.62.216,2
2026-09-24,0.62.217,2
2026-09-24,0.62.218,2
2026-09-24,0.62.219,2
2026-09-24,0.62.22,3
2026-09-24,0.62.220,2
2026-09-24,0.62.221,2
2026-09-24,0.62.222,2
2026-09-24,0.62.223,2
2026-09-24,0.62.224,3
2026-09-24,0.62.225,2
2026-09-24,0.62.226,2
2026-09-24,0.62.227,2
2026-09-24,0.62.228,2
2026-09-24,0.62.229,2
2026-09-24,0.62.23,2
2026-09-24,0.62.230,2
2026-09-24,0.62.231,2
2026-09-24,0.62.232,2
2026-09-24,0.62.233,2
2026-09-24,0.62.234,2
2026-09-24,0.62.235,2
2026-09-24,0.62.236,9
2026-09-24,0.62.24,2
2026-09-24,0.62.25,2
2026-09-24,0.62.26,2
2026-09-24,0.62.27,2
2026-09-24,0.62.28,2
2026-09-24,0.62.29,2
2026-09-24,0.62.3,2
2026-09-24,0.62.30,2
2026-09-24,0.62.31,2
2026-09-24,0.62.32,2
2026-09-24,0.62.33,2
2026-09-24,0.62.34,2
2026-09-24,0.62.35,2
2026-09-24,0.62.36,2
2026-09-24,0.62.37,3
2026-09-24,0.62.38,2
2026-09-24,0.62.39,2
2026-09-24,0.62.4,2
2026-09-24,0.62.40,2
2026-09-24,0.62.41,2
2026-09-24,0.62.42,2
2026-09-24,0.62.43,2
2026-09-24,0.62.44,2
2026-09-24,0.62.45,2
2026-09-24,0.62.46,2
2026-09-24,0.62.47,2
2026-09-24,0.62.48,2
2026-09-24,0.62.49,2
2026-09-24,0.62.50,2
2026-09-24,0.62.51,2
2026-09-24,0.62.52,2
2026-09-24,0.62.53,2
2026-09-24,0.62.54,2
2026-09-24,0.62.55,2
2026-09-24,0.62.56,2
2026-09-24,0.62.57,2
2026-09-24,0.62.58,2
2026-09-24,0.62.59,2
2026-09-24,0.62.60,2
2026-09-24,0.62.61,6
2026-09-24,0.62.62,2
2026-09-24,0.62.63,2
2026-09-24,0.62.64,2
2026-09-24,0.62.65,2
2026-09-24,0.62.66,2
2026-09-24,0.62.67,2
2026-09-24,0.62.68,2
2026-09-24,0.62.69,2
2026-09-24,0.62.7,2
2026-09-24,0.62.70,3
2026-09-24,0.62.71,2
2026-09-24,0.62.72,2
2026-09-24,0.62.73,2
2026-09-24,0.62.74,2
2026-09-24,0.62.75,2
2026-09-24,0.62.76,2
2026-09-24,0.62.77,2
2026-09-24,0.62.78,2
2026-09-24,0.62.79,2
2026-09-24,0.62.8,2
2026-09-24,0.62.80,2
2026-09-24,0.62.81,2
2026-09-24,0.62.82,2
2026-09-24,0.62.83,2
2026-09-24,0.62.84,2
2026-09-24,0.62.85,2
2026-09-24,0.62.86,2
2026-09-24,0.62.87,2
2026-09-24,0.62.88,2
2026-09-24,0.62.89,2
2026-09-24,0.62.9,2
2026-09-24,0.62.90,2
2026-09-24,0.62.91,2
2026-09-24,0.62.92,2
2026-09-24,0.62.93,2
2026-09-24,0.62.94,2
2026-09-24,0.62.95,2
2026-09-24,0.62.96,2
2026-09-24,0.62.97,2
2026-09-24,0.62.98,2
2026-09-24,0.62.99,2
2026-09-24,0.63.0,3
2026-09-24,0.63.1,2
2026-09-24,0.63.10,3
2026-09-24,0.63.11,2
2026-09-24,0.63.12,2
2026-09-24,0.63.13,2
2026-09-24,0.63.14,2
2026-09-24,0.63.15,2
2026-09-24,0.63.16,2
2026-09-24,0.63.17,2
2026-09-24,0.63.18,2
2026-09-24,0.63.19,2
2026-09-24,0.63.2,2
2026-09-24,0.63.20,2
2026-09-24,0.63.21,2
2026-09-24,0.63.22,2
2026-09-24,0.63.23,2
2026-09-24,0.63.24,2
2026-09-24,0.63.25,2
2026-09-24,0.63.26,2
2026-09-24,0.63.27,2
2026-09-24,0.63.28,2
2026-09-24,0.63.29,2
2026-09-24,0.63.3,2
2026-09-24,0.63.30,2
2026-09-24,0.63.31,2
2026-09-24,0.63.32,2
2026-09-24,0.63.33,2
2026-09-24,0.63.34,2
2026-09-24,0.63.35,2
2026-09-24,0.63.36,2
2026-09-24,0.63.37,2
2026-09-24,0.63.38,2
2026-09-24,0.63.39,2
2026-09-24,0.63.4,2
2026-09-24,0.63.40,2
2026-09-24,0.63.41,2
2026-09-24,0.63.42,2
2026-09-24,0.63.43,2
2026-09-24,0.63.44,2
2026-09-24,0.63.45,2
2026-09-24,0.63.46,2
2026-09-24,0.63.47,2
2026-09-24,0.63.48,2
2026-09-24,0.63.49,2
2026-09-24,0.63.5,2
2026-09-24,0.63.50,2
2026-09-24,0.63.51,3
2026-09-24,0.63.52,2
2026-09-24,0.63.53,2
2026-09-24,0.63.54,2
2026-09-24,0.63.55,2
2026-09-24,0.63.56,2
2026-09-24,0.63.57,2
2026-09-24,0.63.58,2
2026-09-24,0.63.59,2
2026-09-24,0.63.6,2
2026-09-24,0.63.60,2
2026-09-24,0.63.61,2
2026-09-24,0.63.62,2
2026-09-24,0.63.63,2
2026-09-24,0.63.64,2
2026-09-24,0.63.65,2
2026-09-24,0.63.66,2
2026-09-24,0.63.67,2
2026-09-24,0.63.68,2
2026-09-24,0.63.69,2
2026-09-24,0.63.7,2
2026-09-24,0.63.70,2
2026-09-24,0.63.71,2
2026-09-24,0.63.72,2
2026-09-24,0.63.73,2
2026-09-24,0.63.74,2
2026-09-24,0.63.75,2
2026-09-24,0.63.76,2
2026-09-24,0.63.77,2
2026-09-24,0.63.78,2
2026-09-24,0.63.79,2
2026-09-24,0.63.8,2
2026-09-24,0.63.80,2
2026-09-24,0.63.81,2
2026-09-24,0.63.82,2
2026-09-24,0.63.83,2
2026-09-24,0.63.84,2
2026-09-24,0.63.85,2
2026-09-24,0.63.86,2
2026-09-24,0.63.87,2
2026-09-24,0.63.88,2
2026-09-24,0.63.89,2
2026-09-24,0.63.9,2
2026-09-24,0.63.90,3
2026-09-24,0.63.91,2
2026-09-24,0.63.92,2
2026-09-24,0.63.93,2
2026-09-24,0.63.94,2
2026-09-24,0.63.95,2
2026-09-24,0.63.97,2
2026-09-24,0.63.98,2
2026-09-24,0.63.99,3
2026-09-24,0.64.0,27
2026-09-24,0.64.1,2
2026-09-24,0.64.10,2
2026-09-24,0.64.100,2
2026-09-24,0.64.101,2
2026-09-24,0.64.102,2
2026-09-24,0.64.103,82
2026-09-24,0.64.104,2
2026-09-24,0.64.105,2
2026-09-24,0.64.106,2
2026-09-24,0.64.107,2
2026-09-24,0.64.108,2
2026-09-24,0.64.109,2
2026-09-24,0.64.11,2
2026-09-24,0.64.110,2
2026-09-24,0.64.111,2
2026-09-24,0.64.112,2
2026-09-24,0.64.113,2
2026-09-24,0.64.114,3
2026-09-24,0.64.115,2
2026-09-24,0.64.117,2
2026-09-24,0.64.118,2
2026-09-24,0.64.119,3
2026-09-24,0.64.12,2
2026-09-24,0.64.121,2
2026-09-24,0.64.122,2
2026-09-24,0.64.125,2
2026-09-24,0.64.126,2
2026-09-24,0.64.127,2
2026-09-24,0.64.128,2
2026-09-24,0.64.129,2
2026-09-24,0.64.13,2
2026-09-24,0.64.130,2
2026-09-24,0.64.131,2
2026-09-24,0.64.132,3
2026-09-24,0.64.133,3
2026-09-24,0.64.134,2
2026-09-24,0.64.135,4
2026-09-24,0.64.136,2
2026-09-24,0.64.137,2
2026-09-24,0.64.138,2
2026-09-24,0.64.139,2
2026-09-24,0.64.14,2
2026-09-24,0.64.140,2
2026-09-24,0.64.141,2
2026-09-24,0.64.142,3
2026-09-24,0.64.143,2
2026-09-24,0.64.144,2
2026-09-24,0.64.145,2
2026-09-24,0.64.146,2
2026-09-24,0.64.147,2
2026-09-24,0.64.148,2
2026-09-24,0.64.149,2
2026-09-24,0.64.15,2
2026-09-24,0.64.150,2
2026-09-24,0.64.151,2
2026-09-24,0.64.152,2
2026-09-24,0.64.153,2
2026-09-24,0.64.154,2
2026-09-24,0.64.155,2
2026-09-24,0.64.156,2
2026-09-24,0.64.157,2
2026-09-24,0.64.158,9
2026-09-24,0.64.159,2
2026-09-24,0.64.16,2
2026-09-24,0.64.160,2
2026-09-24,0.64.161,2
2026-09-24,0.64.162,2
2026-09-24,0.64.163,2
2026-09-24,0.64.164,4
2026-09-24,0.64.165,2
2026-09-24,0.64.166,2
2026-09-24,0.64.167,2
2026-09-24,0.64.168,2
2026-09-24,0.64.169,2
2026-09-24,0.64.17,2
2026-09-24,0.64.170,2
2026-09-24,0.64.171,2
2026-09-24,0.64.172,2
2026-09-24,0.64.173,2
2026-09-24,0.64.174,2
2026-09-24,0.64.175,2
2026-09-24,0.64.176,2
2026-09-24,0.64.177,13
2026-09-24,0.64.178,2
2026-09-24,0.64.179,2
2026-09-24,0.64.18,2
2026-09-24,0.64.180,2
2026-09-24,0.64.181,2
2026-09-24,0.64.182,2
2026-09-24,0.64.183,2
2026-09-24,0.64.184,2
2026-09-24,0.64.185,2
2026-09-24,0.64.186,2
2026-09-24,0.64.187,2
2026-09-24,0.64.188,3
2026-09-24,0.64.189,2
2026-09-24,0.64.19,2
2026-09-24,0.64.190,2
2026-09-24,0.64.191,3
2026-09-24,0.64.192,3
2026-09-24,0.64.193,2
2026-09-24,0.64.194,2
2026-09-24,0.64.195,2
2026-09-24,0.64.196,2
2026-09-24,0.64.197,2
2026-09-24,0.64.198,2
2026-09-24,0.64.199,2
2026-09-24,0.64.2,2
2026-09-24,0.64.20,2
2026-09-24,0.64.200,2
2026-09-24,0.64.201,2
2026-09-24,0.64.202,2
2026-09-24,0.64.203,2
2026-09-24,0.64.204,2
2026-09-24,0.64.205,2
2026-09-24,0.64.206,2
2026-09-24,0.64.207,2
2026-09-24,0.64.208,2
2026-09-24,0.64.209,2
2026-09-24,0.64.21,2
2026-09-24,0.64.210,2
2026-09-24,0.64.211,2
2026-09-24,0.64.212,2
2026-09-24,0.64.213,2
2026-09-24,0.64.214,2
2026-09-24,0.64.215,2
2026-09-24,0.64.216,3
2026-09-24,0.64.217,2
2026-09-24,0.64.218,2
2026-09-24,0.64.219,2
2026-09-24,0.64.22,2
2026-09-24,0.64.220,2
2026-09-24,0.64.221,2
2026-09-24,0.64.222,2
2026-09-24,0.64.223,2
2026-09-24,0.64.224,2
2026-09-24,0.64.225,2
2026-09-24,0.64.226,2
2026-09-24,0.64.227,2
2026-09-24,0.64.228,2
2026-09-24,0.64.229,2
2026-09-24,0.64.23,2
2026-09-24,0.64.230,4
2026-09-24,0.64.231,2
2026-09-24,0.64.232,2
2026-09-24,0.64.233,2
2026-09-24,0.64.234,2
2026-09-24,0.64.235,25
2026-09-24,0.64.24,2
2026-09-24,0.64.25,2
2026-09-24,0.64.26,2
2026-09-24,0.64.27,3
2026-09-24,0.64.28,2
2026-09-24,0.64.29,2
2026-09-24,0.64.3,3
2026-09-24,0.64.30,2
2026-09-24,0.64.31,2
2026-09-24,0.64.32,2
2026-09-24,0.64.33,2
2026-09-24,0.64.34,2
2026-09-24,0.64.35,2
2026-09-24,0.64.36,2
2026-09-24,0.64.37,2
2026-09-24,0.64.38,2
2026-09-24,0.64.39,2
2026-09-24,0.64.4,2
2026-09-24,0.64.40,2
2026-09-24,0.64.41,3
2026-09-24,0.64.42,2
2026-09-24,0.64.43,2
2026-09-24,0.64.44,2
2026-09-24,0.64.45,2
2026-09-24,0.64.46,2
2026-09-24,0.64.47,2
2026-09-24,0.64.48,3
2026-09-24,0.64.49,2
2026-09-24,0.64.5,3
2026-09-24,0.64.50,2
2026-09-24,0.64.51,2
2026-09-24,0.64.52,2
2026-09-24,0.64.53,3
2026-09-24,0.64.54,3
2026-09-24,0.64.55,2
2026-09-24,0.64.56,2
2026-09-24,0.64.57,2
2026-09-24,0.64.58,2
2026-09-24,0.64.59,2
2026-09-24,0.64.6,2
2026-09-24,0.64.60,2
2026-09-24,0.64.61,2
2026-09-24,0.64.62,2
2026-09-24,0.64.63,2
2026-09-24,0.64.64,2
2026-09-24,0.64.65,2
2026-09-24,0.64.66,2
2026-09-24,0.64.67,2
2026-09-24,0.64.68,2
2026-09-24,0.64.69,2
2026-09-24,0.64.7,2
2026-09-24,0.64.70,2
2026-09-24,0.64.71,2
2026-09-24,0.64.72,2
2026-09-24,0.64.73,2
2026-09-24,0.64.74,2
2026-09-24,0.64.75,2
2026-09-24,0.64.76,2
2026-09-24,0.64.77,2
2026-09-24,0.64.78,2
2026-09-24,0.64.79,2
2026-09-24,0.64.8,2
2026-09-24,0.64.80,2
2026-09-24,0.64.81,2
2026-09-24,0.64.82,2
2026-09-24,0.64.83,2
2026-09-24,0.64.84,2
2026-09-24,0.64.85,2
2026-09-24,0.64.86,2
2026-09-24,0.64.87,2
2026-09-24,0.64.88,2
2026-09-24,0.64.89,2
2026-09-24,0.64.9,2
2026-09-24,0.64.90,2
2026-09-24,0.64.91,2
2026-09-24,0.64.92,2
2026-09-24,0.64.93,2
2026-09-24,0.64.94,2
2026-09-24,0.64.95,2
2026-09-24,0.64.96,2
2026-09-24,0.64.97,2
2026-09-24,0.64.98,2
2026-09-24,0.64.99,2
2026-09-24,0.65.0,2
2026-09-24,0.65.1,2
2026-09-24,0.65.10,2
2026-09-24,0.65.11,2
2026-09-24,0.65.12,2
2026-09-24,0.65.13,2
2026-09-24,0.65.14,2
2026-09-24,0.65.15,2
2026-09-24,0.65.16,2
2026-09-24,0.65.17,2
2026-09-24,0.65.18,2
2026-09-24,0.65.19,2
2026-09-24,0.65.2,2
2026-09-24,0.65.20,2
2026-09-24,0.65.21,2
2026-09-24,0.65.22,2
2026-09-24,0.65.23,2
2026-09-24,0.65.24,2
2026-09-24,0.65.25,2
2026-09-24,0.65.26,2
2026-09-24,0.65.27,2
2026-09-24,0.65.28,2
2026-09-24,0.65.29,2
2026-09-24,0.65.3,2
2026-09-24,0.65.30,2
2026-09-24,0.65.31,2
2026-09-24,0.65.32,2
2026-09-24,0.65.33,2
2026-09-24,0.65.34,2
2026-09-24,0.65.35,2
2026-09-24,0.65.36,2
2026-09-24,0.65.37,2
2026-09-24,0.65.38,2
2026-09-24,0.65.39,2
2026-09-24,0.65.4,2
2026-09-24,0.65.40,2
2026-09-24,0.65.41,2
2026-09-24,0.65.42,2
2026-09-24,0.65.43,2
2026-09-24,0.65.44,2
2026-09-24,0.65.45,2
2026-09-24,0.65.46,2
2026-09-24,0.65.47,2
2026-09-24,0.65.48,2
2026-09-24,0.65.49,2
2026-09-24,0.65.5,2
2026-09-24,0.65.50,2
2026-09-24,0.65.51,2
2026-09-24,0.65.52,2
2026-09-24,0.65.53,3
2026-09-24,0.65.54,2
2026-09-24,0.65.55,2
2026-09-24,0.65.56,2
2026-09-24,0.65.57,2
2026-09-24,0.65.58,2
2026-09-24,0.65.59,2
2026-09-24,0.65.6,2
2026-09-24,0.65.60,2
2026-09-24,0.65.61,2
2026-09-24,0.65.62,2
2026-09-24,0.65.63,2
2026-09-24,0.65.64,2
2026-09-24,0.65.65,2
2026-09-24,0.65.66,10
2026-09-24,0.65.7,2
2026-09-24,0.65.8,2
2026-09-24,0.65.9,3
2026-09-24,0.66.0,3
2026-09-24,0.66.1,2
2026-09-24,0.66.10,2
2026-09-24,0.66.11,2
2026-09-24,0.66.12,2
2026-09-24,0.66.13,2
2026-09-24,0.66.14,2
2026-09-24,0.66.15,2
2026-09-24,0.66.16,2
2026-09-24,0.66.17,2
2026-09-24,0.66.18,2
2026-09-24,0.66.19,2
2026-09-24,0.66.2,2
2026-09-24,0.66.20,2
2026-09-24,0.66.21,2
2026-09-24,0.66.22,2
2026-09-24,0.66.23,2
2026-09-24,0.66.24,2
2026-09-24,0.66.25,2
2026-09-24,0.66.26,2
2026-09-24,0.66.27,2
2026-09-24,0.66.28,2
2026-09-24,0.66.29,2
2026-09-24,0.66.3,2
2026-09-24,0.66.30,2
2026-09-24,0.66.31,2
2026-09-24,0.66.32,2
2026-09-24,0.66.33,2
2026-09-24,0.66.34,2
2026-09-24,0.66.35,2
2026-09-24,0.66.36,2
2026-09-24,0.66.37,2
2026-09-24,0.66.38,2
2026-09-24,0.66.39,2
2026-09-24,0.66.4,2
2026-09-24,0.66.40,3
2026-09-24,0.66.41,2
2026-09-24,0.66.43,2
2026-09-24,0.66.44,2
2026-09-24,0.66.45,2
2026-09-24,0.66.46,2
2026-09-24,0.66.47,2
2026-09-24,0.66.48,2
2026-09-24,0.66.49,2
2026-09-24,0.66.5,2
2026-09-24,0.66.50,2
2026-09-24,0.66.51,2
2026-09-24,0.66.52,23
2026-09-24,0.66.6,2
2026-09-24,0.66.7,2
2026-09-24,0.66.8,3
2026-09-24,0.66.9,2
2026-09-24,0.67.0,2
2026-09-24,0.67.1,2
2026-09-24,0.67.10,2
2026-09-24,0.67.11,2
2026-09-24,0.67.13,2
2026-09-24,0.67.14,2
2026-09-24,0.67.15,2
2026-09-24,0.67.16,2
2026-09-24,0.67.17,2
2026-09-24,0.67.18,2
2026-09-24,0.67.19,2
2026-09-24,0.67.2,2
2026-09-24,0.67.20,2
2026-09-24,0.67.21,2
2026-09-24,0.67.22,2
2026-09-24,0.67.23,2
2026-09-24,0.67.25,2
2026-09-24,0.67.27,2
2026-09-24,0.67.28,2
2026-09-24,0.67.29,3
2026-09-24,0.67.3,2
2026-09-24,0.67.30,2
2026-09-24,0.67.31,2
2026-09-24,0.67.32,2
2026-09-24,0.67.33,2
2026-09-24,0.67.34,2
2026-09-24,0.67.35,2
2026-09-24,0.67.36,2
2026-09-24,0.67.37,2
2026-09-24,0.67.38,2
2026-09-24,0.67.39,2
2026-09-24,0.67.40,2
2026-09-24,0.67.41,2
2026-09-24,0.67.42,3
2026-09-24,0.67.43,2
2026-09-24,0.67.44,2
2026-09-24,0.67.45,2
2026-09-24,0.67.46,2
2026-09-24,0.67.47,3
2026-09-24,0.67.5,2
2026-09-24,0.67.6,2
2026-09-24,0.67.7,2
2026-09-24,0.67.8,2
2026-09-24,0.67.9,2
2026-09-24,0.68.0,3
2026-09-24,0.68.1,2
2026-09-24,0.68.11,2
2026-09-24,0.68.12,2
2026-09-24,0.68.13,2
2026-09-24,0.68.14,2
2026-09-24,0.68.15,2
2026-09-24,0.68.16,2
2026-09-24,0.68.17,5
2026-09-24,0.68.18,2
2026-09-24,0.68.19,2
2026-09-24,0.68.2,2
2026-09-24,0.68.21,2
2026-09-24,0.68.22,2
2026-09-24,0.68.23,2
2026-09-24,0.68.24,3
2026-09-24,0.68.25,2
2026-09-24,0.68.26,2
2026-09-24,0.68.27,2
2026-09-24,0.68.28,2
2026-09-24,0.68.29,3
2026-09-24,0.68.3,2
2026-09-24,0.68.30,2
2026-09-24,0.68.31,2
2026-09-24,0.68.34,2
2026-09-24,0.68.35,2
2026-09-24,0.68.36,2
2026-09-24,0.68.37,2
2026-09-24,0.68.38,2
2026-09-24,0.68.39,2
2026-09-24,0.68.4,2
2026-09-24,0.68.40,2
2026-09-24,0.68.41,2
2026-09-24,0.68.42,2
2026-09-24,0.68.43,2
2026-09-24,0.68.44,2
2026-09-24,0.68.45,2
2026-09-24,0.68.46,2
2026-09-24,0.68.47,2
2026-09-24,0.68.48,2
2026-09-24,0.68.49,3
2026-09-24,0.68.5,2
2026-09-24,0.68.50,2
2026-09-24,0.68.51,2
2026-09-24,0.68.52,3
2026-09-24,0.68.53,2
2026-09-24,0.68.54,3
2026-09-24,0.68.55,6
2026-09-24,0.68.6,2
2026-09-24,0.68.8,2
2026-09-24,0.68.9,2
2026-09-24,0.69.0,2
2026-09-24,0.69.1,2
2026-09-24,0.69.2,3
2026-09-24,0.70.0,4
2026-09-24,0.70.1,3
2026-09-24,0.70.2,4
2026-09-24,0.70.3,5
2026-09-24,0.70.4,2
2026-09-24,0.70.5,78
2026-09-24,0.70.6,2
2026-09-24,0.70.7,2
2026-09-24,0.71.0,2
2026-09-24,0.71.1,2
2026-09-24,0.71.10,2
2026-09-24,0.71.11,2
2026-09-24,0.71.12,2
2026-09-24,0.71.13,5
2026-09-24,0.71.2,2
2026-09-24,0.71.3,4
2026-09-24,0.71.4,2
2026-09-24,0.71.5,2
2026-09-24,0.71.6,2
2026-09-24,0.71.7,2
2026-09-24,0.71.8,2
2026-09-24,0.71.9,2
2026-09-24,0.72.0,2
2026-09-24,0.72.1,2
2026-09-24,0.72.10,4
2026-09-24,0.72.11,2
2026-09-24,0.72.13,3
2026-09-24,0.72.14,2
2026-09-24,0.72.15,2
2026-09-24,0.72.16,2
2026-09-24,0.72.17,2
2026-09-24,0.72.18,2
2026-09-24,0.72.19,2
2026-09-24,0.72.2,2
2026-09-24,0.72.20,2
2026-09-24,0.72.21,2
2026-09-24,0.72.22,2
2026-09-24,0.72.23,2
2026-09-24,0.72.24,2
2026-09-24,0.72.25,2
2026-09-24,0.72.26,2
2026-09-24,0.72.27,2
2026-09-24,0.72.28,2
2026-09-24,0.72.29,2
2026-09-24,0.72.3,2
2026-09-24,0.72.30,2
2026-09-24,0.72.31,2
2026-09-24,0.72.32,2
2026-09-24,0.72.33,4
2026-09-24,0.72.34,2
2026-09-24,0.72.35,2
2026-09-24,0.72.36,2
2026-09-24,0.72.37,2
2026-09-24,0.72.38,2
2026-09-24,0.72.39,2
2026-09-24,0.72.4,2
2026-09-24,0.72.40,2
2026-09-24,0.72.41,2
2026-09-24,0.72.42,2
2026-09-24,0.72.43,2
2026-09-24,0.72.44,2
2026-09-24,0.72.45,2
2026-09-24,0.72.46,2
2026-09-24,0.72.47,2
2026-09-24,0.72.48,2
2026-09-24,0.72.49,2
2026-09-24,0.72.5,2
2026-09-24,0.72.50,2
2026-09-24,0.72.51,2
2026-09-24,0.72.52,2
2026-09-24,0.72.53,2
2026-09-24,0.72.54,3
2026-09-24,0.72.55,2
2026-09-24,0.72.56,2
2026-09-24,0.72.57,2
2026-09-24,0.72.58,2
2026-09-24,0.72.6,2
2026-09-24,0.72.7,2
2026-09-24,0.72.9,2
2026-09-24,0.73.0,4
2026-09-24,0.73.1,2
2026-09-24,0.73.10,2
2026-09-24,0.73.100,4
2026-09-24,0.73.101,4
2026-09-24,0.73.102,4
2026-09-24,0.73.103,4
2026-09-24,0.73.104,4
2026-09-24,0.73.105,4
2026-09-24,0.73.106,4
2026-09-24,0.73.107,4
2026-09-24,0.73.108,4
2026-09-24,0.73.109,4
2026-09-24,0.73.11,2
2026-09-24,0.73.110,4
2026-09-24,0.73.111,4
2026-09-24,0.73.112,5
2026-09-24,0.73.113,4
2026-09-24,0.73.114,4
2026-09-24,0.73.115,6
2026-09-24,0.73.116,4
2026-09-24,0.73.12,3
2026-09-24,0.73.126,4
2026-09-24,0.73.128,6
2026-09-24,0.73.13,2
2026-09-24,0.73.130,5
2026-09-24,0.73.131,4
2026-09-24,0.73.132,4
2026-09-24,0.73.133,4
2026-09-24,0.73.134,4
2026-09-24,0.73.135,4
2026-09-24,0.73.136,4
2026-09-24,0.73.137,4
2026-09-24,0.73.138,4
2026-09-24,0.73.139,4
2026-09-24,0.73.14,2
2026-09-24,0.73.140,4
2026-09-24,0.73.141,23
2026-09-24,0.73.142,21
2026-09-24,0.73.143,4
2026-09-24,0.73.144,4
2026-09-24,0.73.145,8
2026-09-24,0.73.146,4
2026-09-24,0.73.147,4
2026-09-24,0.73.148,4
2026-09-24,0.73.149,4
2026-09-24,0.73.15,709
2026-09-24,0.73.150,4
2026-09-24,0.73.151,4
2026-09-24,0.73.152,4
2026-09-24,0.73.153,4
2026-09-24,0.73.154,6
2026-09-24,0.73.155,5
2026-09-24,0.73.156,4
2026-09-24,0.73.157,6
2026-09-24,0.73.158,5
2026-09-24,0.73.159,6
2026-09-24,0.73.16,3
2026-09-24,0.73.160,4
2026-09-24,0.73.161,4
2026-09-24,0.73.162,4
2026-09-24,0.73.163,4
2026-09-24,0.73.164,56
2026-09-24,0.73.165,7
2026-09-24,0.73.166,5
2026-09-24,0.73.167,4
2026-09-24,0.73.168,4
2026-09-24,0.73.169,4
2026-09-24,0.73.17,2
2026-09-24,0.73.170,4
2026-09-24,0.73.171,4
2026-09-24,0.73.172,4
2026-09-24,0.73.173,216
2026-09-24,0.73.18,2
2026-09-24,0.73.19,2
2026-09-24,0.73.2,2
2026-09-24,0.73.20,2
2026-09-24,0.73.21,3
2026-09-24,0.73.22,2
2026-09-24,0.73.23,2
2026-09-24,0.73.24,2
2026-09-24,0.73.25,2
2026-09-24,0.73.26,5
2026-09-24,0.73.27,2
2026-09-24,0.73.28,2
2026-09-24,0.73.29,2
2026-09-24,0.73.3,2
2026-09-24,0.73.30,2
2026-09-24,0.73.31,2
2026-09-24,0.73.32,2
2026-09-24,0.73.33,3
2026-09-24,0.73.34,5
2026-09-24,0.73.35,4
2026-09-24,0.73.36,4
2026-09-24,0.73.37,4
2026-09-24,0.73.38,4
2026-09-24,0.73.39,4
2026-09-24,0.73.4,2
2026-09-24,0.73.40,4
2026-09-24,0.73.41,4
2026-09-24,0.73.42,4
2026-09-24,0.73.43,5
2026-09-24,0.73.44,4
2026-09-24,0.73.45,9
2026-09-24,0.73.46,4
2026-09-24,0.73.47,4
2026-09-24,0.73.48,4
2026-09-24,0.73.49,5
2026-09-24,0.73.5,2
2026-09-24,0.73.50,4
2026-09-24,0.73.51,4
2026-09-24,0.73.52,4
2026-09-24,0.73.53,865
2026-09-24,0.73.54,20
2026-09-24,0.73.55,4
2026-09-24,0.73.56,4
2026-09-24,0.73.57,4
2026-09-24,0.73.58,4
2026-09-24,0.73.59,4
2026-09-24,0.73.6,2
2026-09-24,0.73.60,4
2026-09-24,0.73.61,398
2026-09-24,0.73.62,4
2026-09-24,0.73.63,4
2026-09-24,0.73.64,4
2026-09-24,0.73.65,4
2026-09-24,0.73.66,5
2026-09-24,0.73.67,5
2026-09-24,0.73.68,4
2026-09-24,0.73.69,4
2026-09-24,0.73.7,2
2026-09-24,0.73.70,4
2026-09-24,0.73.71,4
2026-09-24,0.73.72,5
2026-09-24,0.73.73,4
2026-09-24,0.73.74,4
2026-09-24,0.73.75,4
2026-09-24,0.73.76,4
2026-09-24,0.73.77,4
2026-09-24,0.73.78,4
2026-09-24,0.73.79,4
2026-09-24,0.73.8,3
2026-09-24,0.73.80,4
2026-09-24,0.73.81,4
2026-09-24,0.73.83,4
2026-09-24,0.73.84,4
2026-09-24,0.73.85,4
2026-09-24,0.73.86,4
2026-09-24,0.73.87,5
2026-09-24,0.73.88,4
2026-09-24,0.73.89,4
2026-09-24,0.73.9,2
2026-09-24,0.73.90,4
2026-09-24,0.73.91,5
2026-09-24,0.73.92,14
2026-09-24,0.73.93,5
2026-09-24,0.73.94,4
2026-09-24,0.73.95,4
2026-09-24,0.73.96,4
2026-09-24,0.73.97,4
2026-09-24,0.73.98,4
2026-09-24,0.73.99,4
2026-09-24,0.74.0,14
2026-09-24,0.74.1,4
2026-09-24,0.74.10,6
2026-09-24,0.74.11,4
2026-09-24,0.74.12,4
2026-09-24,0.74.13,4
2026-09-24,0.74.14,6
2026-09-24,0.74.15,7
2026-09-24,0.74.16,4
2026-09-24,0.74.17,4
2026-09-24,0.74.18,6
2026-09-24,0.74.19,4
2026-09-24,0.74.2,4
2026-09-24,0.74.20,9
2026-09-24,0.74.21,4
2026-09-24,0.74.22,4
2026-09-24,0.74.23,11
2026-09-24,0.74.24,4
2026-09-24,0.74.25,5
2026-09-24,0.74.26,4
2026-09-24,0.74.27,4
2026-09-24,0.74.28,4
2026-09-24,0.74.29,5
2026-09-24,0.74.3,4
2026-09-24,0.74.30,6
2026-09-24,0.74.31,4
2026-09-24,0.74.33,4
2026-09-24,0.74.34,6
2026-09-24,0.74.35,5
2026-09-24,0.74.36,8
2026-09-24,0.74.37,5
2026-09-24,0.74.38,5
2026-09-24,0.74.39,4
2026-09-24,0.74.4,4
2026-09-24,0.74.40,14
2026-09-24,0.74.41,4
2026-09-24,0.74.42,4
2026-09-24,0.74.43,4
2026-09-24,0.74.44,12
2026-09-24,0.74.45,4
2026-09-24,0.74.46,6
2026-09-24,0.74.47,4
2026-09-24,0.74.48,4
2026-09-24,0.74.49,4
2026-09-24,0.74.5,4
2026-09-24,0.74.50,4
2026-09-24,0.74.51,4
2026-09-24,0.74.52,4
2026-09-24,0.74.53,6
2026-09-24,0.74.54,18
2026-09-24,0.74.55,5
2026-09-24,0.74.56,5
2026-09-24,0.74.57,4
2026-09-24,0.74.58,4
2026-09-24,0.74.59,4
2026-09-24,0.74.6,4
2026-09-24,0.74.60,4
2026-09-24,0.74.61,4
2026-09-24,0.74.62,63
2026-09-24,0.74.7,4
2026-09-24,0.74.8,8
2026-09-24,0.74.9,5
2026-09-24,0.75.0,2447
2026-09-24,0.75.1,5
2026-09-24,0.75.2,4
2026-09-24,0.75.3,4
2026-09-24,0.75.4,4
2026-09-24,0.75.5,4
2026-09-24,0.75.6,9
2026-09-24,0.75.7,4
2026-09-24,0.75.8,4
2026-09-24,0.76.0,5
2026-09-24,0.76.1,4
2026-09-24,0.76.2,4
2026-09-24,0.76.3,11
2026-09-24,0.76.4,5
2026-09-24,0.76.4.dev1,3
2026-09-24,0.76.5,5
2026-09-24,0.76.5.dev0,2
2026-09-24,0.76.5.dev2,2
2026-09-24,0.76.5.dev4,2
2026-09-24,0.77.0,7108
2026-09-24,0.77.1.dev0,2
2026-09-24,1.0.0,58
2026-09-24,1.0.0.dev1,2
2026-09-24,1.0.0.dev10,2
2026-09-24,1.0.0.dev11,2
2026-09-24,1.0.0.dev12,2
2026-09-24,1.0.0.dev13,2
2026-09-24,1.0.0.dev14,2
2026-09-24,1.0.0.dev15,2
2026-09-24,1.0.0.dev16,2
2026-09-24,1.0.0.dev17,3
2026-09-24,1.0.0.dev18,2
2026-09-24,1.0.0.dev19,2
2026-09-24,1.0.0.dev2,2
2026-09-24,1.0.0.dev20,2
2026-09-24,1.0.0.dev3,2
2026-09-24,1.0.0.dev4,2
2026-09-24,1.0.0.dev5,2
2026-09-24,1.0.0.dev7,2
2026-09-24,1.0.0.dev8,2
2026-09-24,1.0.1,138
2026-09-24,1.0.1.dev0,2
2026-09-24,1.0.1.dev1,2
2026-09-24,1.0.1.dev2,2
2026-09-24,1.0.1.dev3,2
2026-09-24,1.0.1.dev4,2
2026-09-24,1.0.1.dev5,2
2026-09-24,1.0.2,25
2026-09-24,1.0.2.dev0,2
2026-09-24,1.0.2.dev1,2
2026-09-24,1.0.2.dev2,3
2026-09-24,1.0.2.dev3,2
2026-09-24,1.0.2.dev4,2
2026-09-24,1.0.2.dev6,2
2026-09-24,1.0.2.dev7,2
2026-09-24,1.0.3,68
2026-09-24,1.0.3.dev0,2
2026-09-24,1.0.3.dev1,2
2026-09-24,1.0.3.dev10,2
2026-09-24,1.0.3.dev11,2
2026-09-24,1.0.3.dev12,2
2026-09-24,1.0.3.dev13,2
2026-09-24,1.0.3.dev14,4
2026-09-24,1.0.3.dev15,2
2026-09-24,1.0.3.dev17,2
2026-09-24,1.0.3.dev19,3
2026-09-24,1.0.3.dev2,2
2026-09-24,1.0.3.dev20,2
2026-09-24,1.0.3.dev21,2
2026-09-24,1.0.3.dev22,2
2026-09-24,1.0.3.dev24,2
2026-09-24,1.0.3.dev25,2
2026-09-24,1.0.3.dev26,2
2026-09-24,1.0.3.dev27,4
2026-09-24,1.0.3.dev28,2
2026-09-24,1.0.3.dev4,2
2026-09-24,1.0.3.dev5,2
2026-09-24,1.0.3.dev6,2
2026-09-24,1.0.3.dev7,2
2026-09-24,1.0.3.dev8,2
2026-09-24,1.0.4,4670
2026-09-24,1.0.4.dev1,2
2026-09-24,1.0.4.dev10,2
2026-09-24,1.0.4.dev11,2
2026-09-24,1.0.4.dev12,2
2026-09-24,1.0.4.dev2,2
2026-09-24,1.0.4.dev3,2
2026-09-24,1.0.4.dev4,2
2026-09-24,1.0.4.dev5,2
2026-09-24,1.0.4.dev7,2
2026-09-24,1.0.5,1350
2026-09-24,1.0.5.dev1,2
2026-09-24,1.0.5.dev10,2
2026-09-24,1.0.5.dev11,2
2026-09-24,1.0.5.dev12,2
2026-09-24,1.0.5.dev13,2
2026-09-24,1.0.5.dev14,2
2026-09-24,1.0.5.dev15,2
2026-09-24,1.0.5.dev17,2
2026-09-24,1.0.5.dev18,2
2026-09-24,1.0.5.dev19,2
2026-09-24,1.0.5.dev2,2
2026-09-24,1.0.5.dev20,2
2026-09-24,1.0.5.dev21,2
2026-09-24,1.0.5.dev22,2
2026-09-24,1.0.5.dev23,2
2026-09-24,1.0.5.dev24,2
2026-09-24,1.0.5.dev26,2
2026-09-24,1.0.5.dev27,2
2026-09-24,1.0.5.dev29,2
2026-09-24,1.0.5.dev3,2
2026-09-24,1.0.5.dev30,2
2026-09-24,1.0.5.dev31,2
2026-09-24,1.0.5.dev32,2
2026-09-24,1.0.5.dev4,2
2026-09-24,1.0.5.dev5,2
2026-09-24,1.0.5.dev6,2
2026-09-24,1.0.5.dev7,2
2026-09-24,1.0.5.dev8,3
2026-09-24,1.0.5.dev9,2
2026-09-24,1.0.6.dev0,2
2026-09-24,1.0.6.dev1,2
2026-09-24,1.0.6.dev10,2
2026-09-24,1.0.6.dev11,2
2026-09-24,1.0.6.dev12,2
2026-09-24,1.0.6.dev13,2
2026-09-24,1.0.6.dev14,2
2026-09-24,1.0.6.dev15,2
2026-09-24,1.0.6.dev16,2
2026-09-24,1.0.6.dev17,2
2026-09-24,1.0.6.dev18,2
2026-09-24,1.0.6.dev19,3
2026-09-24,1.0.6.dev2,2
2026-09-24,1.0.6.dev20,2
2026-09-24,1.0.6.dev21,2
2026-09-24,1.0.6.dev22,2
2026-09-24,1.0.6.dev24,3
2026-09-24,1.0.6.dev25,2
2026-09-24,1.0.6.dev26,2
2026-09-24,1.0.6.dev28,2
2026-09-24,1.0.6.dev29,2
2026-09-24,1.0.6.dev3,2
2026-09-24,1.0.6.dev30,2
2026-09-24,1.0.6.dev31,2
2026-09-24,1.0.6.dev32,2
2026-09-24,1.0.6.dev34,2
2026-09-24,1.0.6.dev35,2
2026-09-24,1.0.6.dev36,2
2026-09-24,1.0.6.dev37,2
2026-09-24,1.0.6.dev38,2
2026-09-24,1.0.6.dev39,2
2026-09-24,1.0.6.dev4,2
2026-09-24,1.0.6.dev41,2
2026-09-24,1.0.6.dev42,2
2026-09-24,1.0.6.dev43,2
2026-09-24,1.0.6.dev44,2
2026-09-24,1.0.6.dev45,2
2026-09-24,1.0.6.dev46,2
2026-09-24,1.0.6.dev47,2
2026-09-24,1.0.6.dev5,2
2026-09-24,1.0.6.dev50,2
2026-09-24,1.0.6.dev51,2
2026-09-24,1.0.6.dev52,2
2026-09-24,1.0.6.dev54,3
2026-09-24,1.0.6.dev55,2
2026-09-24,1.0.6.dev56,2
2026-09-24,1.0.6.dev58,3
2026-09-24,1.0.6.dev59,2
2026-09-24,1.0.6.dev6,2
2026-09-24,1.0.6.dev60,2
2026-09-24,1.0.6.dev61,2
2026-09-24,1.0.6.dev7,2
2026-09-24,1.0.6.dev8,2
2026-09-24,1.0.6.dev9,2
2026-09-24,1.1.0,180
2026-09-24,1.1.1,2272
2026-09-24,1.1.1.dev0,2
2026-09-24,1.1.1.dev1,2
2026-09-24,1.1.1.dev10,2
2026-09-24,1.1.1.dev11,2
2026-09-24,1.1.1.dev12,2
2026-09-24,1.1.1.dev13,2
2026-09-24,1.1.1.dev14,2
2026-09-24,1.1.1.dev15,2
2026-09-24,1.1.1.dev16,2
2026-09-24,1.1.1.dev17,2
2026-09-24,1.1.1.dev18,2
2026-09-24,1.1.1.dev19,2
2026-09-24,1.1.1.dev2,4
2026-09-24,1.1.1.dev20,2
2026-09-24,1.1.1.dev21,2
2026-09-24,1.1.1.dev22,2
2026-09-24,1.1.1.dev23,2
2026-09-24,1.1.1.dev24,2
2026-09-24,1.1.1.dev25,2
2026-09-24,1.1.1.dev26,2
2026-09-24,1.1.1.dev27,2
2026-09-24,1.1.1.dev28,2
2026-09-24,1.1.1.dev29,2
2026-09-24,1.1.1.dev3,2
2026-09-24,1.1.1.dev30,2
2026-09-24,1.1.1.dev31,2
2026-09-24,1.1.1.dev32,2
2026-09-24,1.1.1.dev33,2
2026-09-24,1.1.1.dev34,4
2026-09-24,1.1.1.dev35,2
2026-09-24,1.1.1.dev36,2
2026-09-24,1.1.1.dev37,2
2026-09-24,1.1.1.dev38,2
2026-09-24,1.1.1.dev39,2
2026-09-24,1.1.1.dev4,2
2026-09-24,1.1.1.dev40,2
2026-09-24,1.1.1.dev41,2
2026-09-24,1.1.1.dev44,2
2026-09-24,1.1.1.dev5,2
2026-09-24,1.1.1.dev6,2
2026-09-24,1.1.1.dev7,2
2026-09-24,1.1.1.dev9,2
2026-09-24,1.1.2,15
2026-09-24,1.1.2.dev0,2
2026-09-24,1.1.2.dev1,2
2026-09-24,1.1.2.dev10,2
2026-09-24,1.1.2.dev11,2
2026-09-24,1.1.2.dev12,2
2026-09-24,1.1.2.dev13,2
2026-09-24,1.1.2.dev14,2
2026-09-24,1.1.2.dev15,2
2026-09-24,1.1.2.dev16,2
2026-09-24,1.1.2.dev17,2
2026-09-24,1.1.2.dev18,2
2026-09-24,1.1.2.dev19,2
2026-09-24,1.1.2.dev2,2
2026-09-24,1.1.2.dev20,2
2026-09-24,1.1.2.dev21,2
2026-09-24,1.1.2.dev22,2
2026-09-24,1.1.2.dev23,2
2026-09-24,1.1.2.dev24,2
2026-09-24,1.1.2.dev25,2
2026-09-24,1.1.2.dev26,2
2026-09-24,1.1.2.dev27,2
2026-09-24,1.1.2.dev28,2
2026-09-24,1.1.2.dev29,2
2026-09-24,1.1.2.dev3,2
2026-09-24,1.1.2.dev31,2
2026-09-24,1.1.2.dev32,2
2026-09-24,1.1.2.dev34,2
2026-09-24,1.1.2.dev35,2
2026-09-24,1.1.2.dev36,2
2026-09-24,1.1.2.dev37,3
2026-09-24,1.1.2.dev39,2
2026-09-24,1.1.2.dev4,2
2026-09-24,1.1.2.dev41,2
2026-09-24,1.1.2.dev42,2
2026-09-24,1.1.2.dev43,2
2026-09-24,1.1.2.dev44,2
2026-09-24,1.1.2.dev5,2
2026-09-24,1.1.2.dev6,2
2026-09-24,1.1.2.dev7,4
2026-09-24,1.1.2.dev8,3
2026-09-24,1.1.2.dev9,2
2026-09-24,1.1.3,155
2026-09-24,1.1.3.dev0,2
2026-09-24,1.1.3.dev1,2
2026-09-24,1.1.3.dev2,2
2026-09-24,1.1.3.dev3,2
2026-09-24,1.1.3.dev4,2
2026-09-24,1.1.3.dev5,2
2026-09-24,1.1.3.dev6,2
2026-09-24,1.1.3.dev7,2
2026-09-24,1.1.4,1732
2026-09-24,1.1.4.dev0,2
2026-09-24,1.1.4.dev1,2
2026-09-24,1.1.4.dev10,2
2026-09-24,1.1.4.dev11,2
2026-09-24,1.1.4.dev12,2
2026-09-24,1.1.4.dev13,2
2026-09-24,1.1.4.dev14,2
2026-09-24,1.1.4.dev15,2
2026-09-24,1.1.4.dev16,2
2026-09-24,1.1.4.dev17,2
2026-09-24,1.1.4.dev18,2
2026-09-24,1.1.4.dev19,2
2026-09-24,1.1.4.dev2,2
2026-09-24,1.1.4.dev20,2
2026-09-24,1.1.4.dev21,2
2026-09-24,1.1.4.dev22,2
2026-09-24,1.1.4.dev23,2
2026-09-24,1.1.4.dev24,2
2026-09-24,1.1.4.dev25,2
2026-09-24,1.1.4.dev26,2
2026-09-24,1.1.4.dev27,2
2026-09-24,1.1.4.dev28,2
2026-09-24,1.1.4.dev29,2
2026-09-24,1.1.4.dev3,2
2026-09-24,1.1.4.dev30,2
2026-09-24,1.1.4.dev33,2
2026-09-24,1.1.4.dev4,2
2026-09-24,1.1.4.dev5,2
2026-09-24,1.1.4.dev6,3
2026-09-24,1.1.4.dev7,2
2026-09-24,1.1.4.dev8,2
2026-09-24,1.1.4.dev9,2
2026-09-24,1.1.5.dev0,2
2026-09-24,1.1.5.dev1,2
2026-09-24,1.1.5.dev10,2
2026-09-24,1.1.5.dev11,2
2026-09-24,1.1.5.dev12,3
2026-09-24,1.1.5.dev13,2
2026-09-24,1.1.5.dev14,2
2026-09-24,1.1.5.dev15,2
2026-09-24,1.1.5.dev16,2
2026-09-24,1.1.5.dev17,2
2026-09-24,1.1.5.dev18,2
2026-09-24,1.1.5.dev19,2
2026-09-24,1.1.5.dev2,2
2026-09-24,1.1.5.dev20,2
2026-09-24,1.1.5.dev21,2
2026-09-24,1.1.5.dev22,2
2026-09-24,1.1.5.dev23,2
2026-09-24,1.1.5.dev24,2
2026-09-24,1.1.5.dev25,2
2026-09-24,1.1.5.dev26,2
2026-09-24,1.1.5.dev27,2
2026-09-24,1.1.5.dev28,2
2026-09-24,1.1.5.dev29,3
2026-09-24,1.1.5.dev3,2
2026-09-24,1.1.5.dev30,2
2026-09-24,1.1.5.dev31,2
2026-09-24,1.1.5.dev32,4
2026-09-24,1.1.5.dev33,2
2026-09-24,1.1.5.dev34,2
2026-09-24,1.1.5.dev35,2
2026-09-24,1.1.5.dev36,2
2026-09-24,1.1.5.dev37,2
2026-09-24,1.1.5.dev38,2
2026-09-24,1.1.5.dev39,2
2026-09-24,1.1.5.dev4,2
2026-09-24,1.1.5.dev40,2
2026-09-24,1.1.5.dev41,2
2026-09-24,1.1.5.dev42,2
2026-09-24,1.1.5.dev43,2
2026-09-24,1.1.5.dev44,2
2026-09-24,1.1.5.dev45,2
2026-09-24,1.1.5.dev46,2
2026-09-24,1.1.5.dev47,2
2026-09-24,1.1.5.dev48,2
2026-09-24,1.1.5.dev49,2
2026-09-24,1.1.5.dev5,2
2026-09-24,1.1.5.dev50,2
2026-09-24,1.1.5.dev51,2
2026-09-24,1.1.5.dev52,2
2026-09-24,1.1.5.dev53,2
2026-09-24,1.1.5.dev54,2
2026-09-24,1.1.5.dev55,2
2026-09-24,1.1.5.dev56,2
2026-09-24,1.1.5.dev57,2
2026-09-24,1.1.5.dev58,2
2026-09-24,1.1.5.dev59,2
2026-09-24,1.1.5.dev6,2
2026-09-24,1.1.5.dev60,2
2026-09-24,1.1.5.dev61,2
2026-09-24,1.1.5.dev62,2
2026-09-24,1.1.5.dev63,2
2026-09-24,1.1.5.dev64,2
2026-09-24,1.1.5.dev65,2
2026-09-24,1.1.5.dev66,2
2026-09-24,1.1.5.dev67,2
2026-09-24,1.1.5.dev68,4
2026-09-24,1.1.5.dev69,2
2026-09-24,1.1.5.dev7,2
2026-09-24,1.1.5.dev70,2
2026-09-24,1.1.5.dev71,3
2026-09-24,1.1.5.dev72,2
2026-09-24,1.1.5.dev73,2
2026-09-24,1.1.5.dev74,2
2026-09-24,1.1.5.dev75,2
2026-09-24,1.1.5.dev76,2
2026-09-24,1.1.5.dev77,4
2026-09-24,1.1.5.dev78,2
2026-09-24,1.1.5.dev8,3
2026-09-24,1.1.5.dev81,3
2026-09-24,1.1.5.dev82,2
2026-09-24,1.1.5.dev83,2
2026-09-24,1.1.5.dev84,2
2026-09-24,1.1.5.dev85,2
2026-09-24,1.1.5.dev86,2
2026-09-24,1.1.5.dev87,3
2026-09-24,1.1.5.dev88,2
2026-09-24,1.1.5.dev89,2
2026-09-24,1.1.5.dev9,2
2026-09-24,1.1.5.dev90,2
2026-09-24,1.1.5.dev91,2
2026-09-24,1.2.0,658
2026-09-24,1.2.1,1125
2026-09-24,1.2.1.dev0,2
2026-09-24,1.2.1.dev1,2
2026-09-24,1.2.1.dev10,3
2026-09-24,1.2.1.dev11,2
2026-09-24,1.2.1.dev12,2
2026-09-24,1.2.1.dev13,2
2026-09-24,1.2.1.dev14,2
2026-09-24,1.2.1.dev15,2
2026-09-24,1.2.1.dev16,2
2026-09-24,1.2.1.dev17,2
2026-09-24,1.2.1.dev18,2
2026-09-24,1.2.1.dev19,2
2026-09-24,1.2.1.dev2,3
2026-09-24,1.2.1.dev20,2
2026-09-24,1.2.1.dev21,2
2026-09-24,1.2.1.dev22,2
2026-09-24,1.2.1.dev23,2
2026-09-24,1.2.1.dev3,2
2026-09-24,1.2.1.dev4,2
2026-09-24,1.2.1.dev5,2
2026-09-24,1.2.1.dev6,2
2026-09-24,1.2.1.dev7,2
2026-09-24,1.2.1.dev8,2
2026-09-24,1.2.1.dev9,2
2026-09-24,1.2.2,94
2026-09-24,1.2.2.dev10,3
2026-09-24,1.2.2.dev11,2
2026-09-24,1.2.2.dev12,2
2026-09-24,1.2.2.dev13,2
2026-09-24,1.2.2.dev15,2
2026-09-24,1.2.2.dev16,2
2026-09-24,1.2.2.dev17,2
2026-09-24,1.2.2.dev18,2
2026-09-24,1.2.2.dev19,2
2026-09-24,1.2.2.dev2,2
2026-09-24,1.2.2.dev20,2
2026-09-24,1.2.2.dev21,2
2026-09-24,1.2.2.dev22,2
2026-09-24,1.2.2.dev23,2
2026-09-24,1.2.2.dev24,2
2026-09-24,1.2.2.dev25,3
2026-09-24,1.2.2.dev26,3
2026-09-24,1.2.2.dev27,2
2026-09-24,1.2.2.dev28,2
2026-09-24,1.2.2.dev29,2
2026-09-24,1.2.2.dev3,2
2026-09-24,1.2.2.dev30,2
2026-09-24,1.2.2.dev31,3
2026-09-24,1.2.2.dev32,2
2026-09-24,1.2.2.dev33,2
2026-09-24,1.2.2.dev34,3
2026-09-24,1.2.2.dev35,2
2026-09-24,1.2.2.dev36,2
2026-09-24,1.2.2.dev37,2
2026-09-24,1.2.2.dev38,2
2026-09-24,1.2.2.dev4,2
2026-09-24,1.2.2.dev5,2
2026-09-24,1.2.2.dev6,2
2026-09-24,1.2.2.dev7,2
2026-09-24,1.2.2.dev8,2
2026-09-24,1.2.2.dev9,2
2026-09-24,1.2.3,33145
2026-09-24,1.2.3.dev0,2
2026-09-24,1.2.3.dev1,2
2026-09-24,1.2.3.dev10,2
2026-09-24,1.2.3.dev11,2
2026-09-24,1.2.3.dev12,4
2026-09-24,1.2.3.dev13,2
2026-09-24,1.2.3.dev14,3
2026-09-24,1.2.3.dev15,2
2026-09-24,1.2.3.dev16,2
2026-09-24,1.2.3.dev2,2
2026-09-24,1.2.3.dev3,2
2026-09-24,1.2.3.dev4,2
2026-09-24,1.2.3.dev5,2
2026-09-24,1.2.3.dev6,3
2026-09-24,1.2.3.dev7,2
2026-09-24,1.2.3.dev8,2
2026-09-24,1.2.3.dev9,2
2026-09-24,1.2.4,1833
2026-09-24,1.2.4.dev0,2
2026-09-24,1.2.4.dev1,2
2026-09-24,1.2.4.dev2,2
2026-09-24,1.2.5,83
2026-09-24,1.2.5.dev0,2
2026-09-24,1.2.5.dev13,16
2026-09-24,1.2.5.dev21,1
2026-09-24,1.2.5.dev25,1
2026-09-24,1.2.5.dev26,1
2026-09-24,1.2.6,937
2026-09-24,1.2.6.dev0,1
2026-09-24,1.2.6.dev2,1
2026-09-24,1.2.7.dev6,2
2026-09-24,1.3.0,569
2026-09-24,1.3.0.post1,7330
2026-09-24,1.3.1,17048
2026-09-24,1.3.1.dev0,1
2026-09-24,1.3.1.dev11,2
2026-09-24,1.3.1.dev2,1
2026-09-24,1.3.1.dev23,1
2026-09-24,1.3.1.dev26,1
2026-09-24,1.3.1.dev30,1
2026-09-24,1.3.1.dev32,2
2026-09-24,1.3.1.dev34,1297
2026-09-24,1.3.1.dev35,2
2026-09-24,1.3.1.dev6,2
2026-09-24,1.3.2,2647
2026-09-24,1.3.2.dev0,1
2026-09-24,1.3.3,8272
2026-09-24,1.3.4,17946
2026-09-24,1.3.5,15513
2026-09-24,1.3.5.dev0,1
2026-09-24,1.3.6.dev0,87
2026-09-24,1.3.6.dev9,2
2026-09-24,1.4.0,3426
2026-09-24,1.4.1,16468
2026-09-24,1.4.1.dev3,2
2026-09-24,1.4.2,29768
2026-09-24,1.4.2.dev10,3
2026-09-24,1.4.2.dev14,142
2026-09-24,1.4.2.dev3,1
2026-09-24,1.4.2.dev8,1
2026-09-24,1.4.3,39588
2026-09-24,1.4.3.dev13,1
2026-09-24,1.4.3.dev20,3
2026-09-24,1.4.3.dev27,1
2026-09-24,1.4.3.dev30,1
2026-09-24,1.4.3.dev5,45
2026-09-24,1.4.3.dev6,1
2026-09-24,1.4.4.dev1,1
2026-09-24,1.4.4.dev12,2
2026-09-24,1.4.4.dev13,9
2026-09-24,1.4.4.dev14,2
2026-09-24,1.4.4.dev4,1
2026-09-24,1.5.0,8602
2026-09-24,1.5.1,137111
2026-09-24,1.5.1.dev12,1
2026-09-24,1.5.1.dev13,494
2026-09-24,1.5.1.dev2,4
2026-09-24,1.5.1.dev5,6
2026-09-24,1.5.1.dev7,11
2026-09-24,1.5.2,35016
2026-09-24,1.5.2.dev10,2
2026-09-24,1.5.2.dev11,2
2026-09-24,1.5.2.dev12,155
2026-09-24,1.5.2.dev13,3
2026-09-24,1.5.2.dev14,2
2026-09-24,1.5.2.dev15,4
2026-09-24,1.5.2.dev16,2
2026-09-24,1.5.2.dev17,2
2026-09-24,1.5.2.dev18,2
2026-09-24,1.5.2.dev19,2
2026-09-24,1.5.2.dev20,1943
2026-09-24,1.5.2.dev21,3
2026-09-24,1.5.2.dev22,2
2026-09-24,1.5.2.dev4,5
2026-09-24,1.5.2.dev5,2
2026-09-24,1.5.2.dev6,2
2026-09-24,1.5.2.dev7,3
2026-09-24,1.5.2.dev8,4
2026-09-24,1.5.2.dev9,2
2026-09-24,1.5.3,56888
2026-09-24,1.5.3.dev0,2
2026-09-24,1.5.3.dev1,2
2026-09-24,1.5.3.dev10,2
2026-09-24,1.5.3.dev11,2
2026-09-24,1.5.3.dev12,2
2026-09-24,1.5.3.dev13,2
2026-09-24,1.5.3.dev2,2
2026-09-24,1.5.3.dev3,2
2026-09-24,1.5.3.dev4,3
2026-09-24,1.5.3.dev5,2
2026-09-24,1.5.3.dev6,2
2026-09-24,1.5.3.dev7,281
2026-09-24,1.5.3.dev8,2
2026-09-24,1.5.3.dev9,2
2026-09-24,1.5.4,219727
2026-09-24,1.5.4.dev0,47
2026-09-24,1.5.4.dev1,2
2026-09-24,1.5.4.dev10,3
2026-09-24,1.5.4.dev11,2
2026-09-24,1.5.4.dev12,2
2026-09-24,1.5.4.dev13,2
2026-09-24,1.5.4.dev14,2
2026-09-24,1.5.4.dev15,2
2026-09-24,1.5.4.dev16,3
2026-09-24,1.5.4.dev17,2
2026-09-24,1.5.4.dev18,2
2026-09-24,1.5.4.dev19,1539
2026-09-24,1.5.4.dev2,2
2026-09-24,1.5.4.dev20,3
2026-09-24,1.5.4.dev21,2
2026-09-24,1.5.4.dev22,3
2026-09-24,1.5.4.dev3,3
2026-09-24,1.5.4.dev4,2
2026-09-24,1.5.4.dev5,30
2026-09-24,1.5.4.dev6,2853
2026-09-24,1.5.4.dev7,3
2026-09-24,1.5.4.dev8,4
2026-09-24,1.5.4.dev9,3
2026-09-24,1.5.5,1007773
2026-09-24,1.5.5.dev0,11
2026-09-24,1.5.5.dev1,2
2026-09-24,1.5.5.dev10,2
2026-09-24,1.5.5.dev11,3
2026-09-24,1.5.5.dev12,2
2026-09-24,1.5.5.dev13,2
2026-09-24,1.5.5.dev14,5
2026-09-24,1.5.5.dev15,2
2026-09-24,1.5.5.dev16,8
2026-09-24,1.5.5.dev17,2
2026-09-24,1.5.5.dev2,2
2026-09-24,1.5.5.dev3,2
2026-09-24,1.5.5.dev4,4
2026-09-24,1.5.5.dev5,8
2026-09-24,1.5.5.dev6,3
2026-09-24,1.5.5.dev7,4
2026-09-24,1.5.5.dev8,2
2026-09-24,1.5.5.dev9,4
2026-09-24,1.5.6.dev0,2
2026-09-24,1.5.6.dev1,4
2026-09-24,1.5.6.dev10,3
2026-09-24,1.5.6.dev11,3
2026-09-24,1.5.6.dev12,7
2026-09-24,1.5.6.dev13,4
2026-09-24,1.5.6.dev14,2
2026-09-24,1.5.6.dev15,3
2026-09-24,1.5.6.dev16,22
2026-09-24,1.5.6.dev17,7
2026-09-24,1.5.6.dev18,12
2026-09-24,1.5.6.dev19,257
2026-09-24,1.5.6.dev2,15
2026-09-24,1.5.6.dev20,6
2026-09-24,1.5.6.dev21,16
2026-09-24,1.5.6.dev22,6
2026-09-24,1.5.6.dev23,19
2026-09-24,1.5.6.dev24,102
2026-09-24,1.5.6.dev25,156
2026-09-24,1.5.6.dev26,624
2026-09-24,1.5.6.dev3,2
2026-09-24,1.5.6.dev4,16
2026-09-24,1.5.6.dev5,33
2026-09-24,1.5.6.dev6,54
2026-09-24,1.5.6.dev7,3
2026-09-24,1.5.6.dev8,3
2026-09-24,1.5.6.dev9,2
2026-09-25,0.49.2343,1
2026-09-25,0.49.2515,2
2026-09-25,0.50.2544,1
2026-09-25,0.50.2573,1
2026-09-25,0.50.2606,1
2026-09-25,0.50.2608,1
2026-09-25,0.50.2632,1
2026-09-25,0.50.2898,1
2026-09-25,0.51.3099,1
2026-09-25,0.51.3107,1
2026-09-25,0.51.3112,1
2026-09-25,0.51.3166,1
2026-09-25,0.51.3192,1
2026-09-25,0.51.3211,1
2026-09-25,0.51.3344,1
2026-09-25,0.52.3392,1
2026-09-25,0.52.3448,1
2026-09-25,0.52.3549,1
2026-09-25,0.52.3611,1
2026-09-25,0.53.3733,1
2026-09-25,0.54.3773,1
2026-09-25,0.54.3834,1
2026-09-25,0.55.3854,1
2026-09-25,0.55.3904,1
2026-09-25,0.55.4000,1
2026-09-25,0.55.4011,2
2026-09-25,0.55.4012,1
2026-09-25,0.55.4020,1
2026-09-25,0.55.4036,15
2026-09-25,0.55.4053,1
2026-09-25,0.55.4119,1
2026-09-25,0.55.4127,1
2026-09-25,0.55.4164,1
2026-09-25,0.55.4216,1
2026-09-25,0.56.4329,5
2026-09-25,0.56.4371,1
2026-09-25,0.56.4396,1
2026-09-25,0.56.4641,7
2026-09-25,0.56.4646,1
2026-09-25,0.56.4707,1
2026-09-25,0.56.4710,1
2026-09-25,0.56.4758,1
2026-09-25,0.56.4763,1
2026-09-25,0.56.4834,1
2026-09-25,0.56.4874,1
2026-09-25,0.56.4964,5
2026-09-25,0.57.0,1
2026-09-25,0.57.22,1
2026-09-25,0.57.39,1
2026-09-25,0.57.4,24
2026-09-25,0.59.8,1
2026-09-25,0.61.20,1
2026-09-25,0.62.0,1
2026-09-25,0.62.124,1
2026-09-25,0.62.14,1
2026-09-25,0.62.143,1
2026-09-25,0.62.169,1
2026-09-25,0.62.235,1
2026-09-25,0.62.236,6
2026-09-25,0.62.24,1
2026-09-25,0.62.61,2
2026-09-25,0.62.74,1
2026-09-25,0.62.86,1
2026-09-25,0.62.91,1
2026-09-25,0.62.96,1
2026-09-25,0.63.0,2
2026-09-25,0.63.19,2
2026-09-25,0.63.41,1
2026-09-25,0.63.68,1
2026-09-25,0.63.69,1
2026-09-25,0.63.73,1
2026-09-25,0.63.88,1
2026-09-25,0.64.0,50
2026-09-25,0.64.10,1
2026-09-25,0.64.100,1
2026-09-25,0.64.101,1
2026-09-25,0.64.103,38
2026-09-25,0.64.132,1
2026-09-25,0.64.140,1
2026-09-25,0.64.145,1
2026-09-25,0.64.149,1
2026-09-25,0.64.150,1
2026-09-25,0.64.157,1
2026-09-25,0.64.161,1
2026-09-25,0.64.163,1
2026-09-25,0.64.164,2
2026-09-25,0.64.177,7
2026-09-25,0.64.180,1
2026-09-25,0.64.181,1
2026-09-25,0.64.182,1
2026-09-25,0.64.192,1
2026-09-25,0.64.214,1
2026-09-25,0.64.229,1
2026-09-25,0.64.235,93
2026-09-25,0.64.40,1
2026-09-25,0.64.62,1
2026-09-25,0.64.7,2
2026-09-25,0.64.75,1
2026-09-25,0.64.78,1
2026-09-25,0.64.95,1
2026-09-25,0.65.0,1
2026-09-25,0.65.22,1
2026-09-25,0.65.46,8
2026-09-25,0.65.51,1
2026-09-25,0.65.57,1
2026-09-25,0.65.6,2
2026-09-25,0.65.62,1
2026-09-25,0.65.66,3
2026-09-25,0.66.0,4
2026-09-25,0.66.1,1
2026-09-25,0.66.19,1
2026-09-25,0.66.33,2
2026-09-25,0.66.39,1
2026-09-25,0.66.40,1
2026-09-25,0.66.43,1
2026-09-25,0.66.52,3
2026-09-25,0.67.10,1
2026-09-25,0.67.41,1
2026-09-25,0.68.17,3
2026-09-25,0.68.21,1
2026-09-25,0.68.26,1
2026-09-25,0.68.42,2
2026-09-25,0.68.55,1
2026-09-25,0.70.0,1
2026-09-25,0.70.2,13
2026-09-25,0.70.3,4
2026-09-25,0.70.5,76
2026-09-25,0.70.7,2
2026-09-25,0.71.0,1
2026-09-25,0.71.11,1
2026-09-25,0.71.13,5
2026-09-25,0.71.3,4
2026-09-25,0.71.8,1
2026-09-25,0.72.0,2
2026-09-25,0.72.10,2
2026-09-25,0.72.11,3
2026-09-25,0.72.21,1
2026-09-25,0.72.33,5
2026-09-25,0.72.39,1
2026-09-25,0.72.51,2
2026-09-25,0.72.55,1
2026-09-25,0.72.58,5
2026-09-25,0.73.0,4
2026-09-25,0.73.100,1
2026-09-25,0.73.102,1
2026-09-25,0.73.107,1
2026-09-25,0.73.112,3
2026-09-25,0.73.116,6
2026-09-25,0.73.12,11
2026-09-25,0.73.126,2
2026-09-25,0.73.130,1
2026-09-25,0.73.131,1
2026-09-25,0.73.136,1
2026-09-25,0.73.138,1
2026-09-25,0.73.141,12
2026-09-25,0.73.142,3
2026-09-25,0.73.145,5
2026-09-25,0.73.147,1
2026-09-25,0.73.15,411
2026-09-25,0.73.151,1
2026-09-25,0.73.155,6
2026-09-25,0.73.156,1
2026-09-25,0.73.157,2
2026-09-25,0.73.158,2
2026-09-25,0.73.159,2
2026-09-25,0.73.16,1
2026-09-25,0.73.164,24
2026-09-25,0.73.165,4
2026-09-25,0.73.166,1
2026-09-25,0.73.170,1
2026-09-25,0.73.173,158
2026-09-25,0.73.2,1
2026-09-25,0.73.26,5
2026-09-25,0.73.32,3
2026-09-25,0.73.39,1
2026-09-25,0.73.45,19
2026-09-25,0.73.49,15
2026-09-25,0.73.5,2
2026-09-25,0.73.53,1059
2026-09-25,0.73.54,4
2026-09-25,0.73.59,2
2026-09-25,0.73.61,151
2026-09-25,0.73.66,1
2026-09-25,0.73.7,1
2026-09-25,0.73.70,1
2026-09-25,0.73.71,1
2026-09-25,0.73.72,2
2026-09-25,0.73.79,1
2026-09-25,0.73.81,6
2026-09-25,0.73.90,2
2026-09-25,0.73.91,1
2026-09-25,0.73.92,11
2026-09-25,0.74.0,6
2026-09-25,0.74.10,3
2026-09-25,0.74.14,3
2026-09-25,0.74.15,2
2026-09-25,0.74.16,1
2026-09-25,0.74.20,4
2026-09-25,0.74.23,3
2026-09-25,0.74.35,3
2026-09-25,0.74.36,3
2026-09-25,0.74.38,1
2026-09-25,0.74.39,2
2026-09-25,0.74.40,4
2026-09-25,0.74.44,3
2026-09-25,0.74.52,3
2026-09-25,0.74.54,11
2026-09-25,0.74.62,38
2026-09-25,0.74.8,2
2026-09-25,0.75.0,1569
2026-09-25,0.75.6,7
2026-09-25,0.75.8,1
2026-09-25,0.76.1,1
2026-09-25,0.76.3,3
2026-09-25,0.76.5,1
2026-09-25,0.77.0,7252
2026-09-25,1.0.0,44
2026-09-25,1.0.0.dev11,2
2026-09-25,1.0.1,155
2026-09-25,1.0.2,36
2026-09-25,1.0.3,24
2026-09-25,1.0.3.dev0,2
2026-09-25,1.0.3.dev17,1
2026-09-25,1.0.4,10732
2026-09-25,1.0.4.dev5,2
2026-09-25,1.0.5,1255
2026-09-25,1.0.5.dev20,1
2026-09-25,1.0.5.dev4,1
2026-09-25,1.0.5.dev9,2
2026-09-25,1.0.6.dev4,1
2026-09-25,1.0.6.dev50,2
2026-09-25,1.0.6.dev9,1
2026-09-25,1.1.0,106
2026-09-25,1.1.1,1254
2026-09-25,1.1.1.dev20,2
2026-09-25,1.1.2,5
2026-09-25,1.1.2.dev35,2
2026-09-25,1.1.2.dev42,2
2026-09-25,1.1.3,286
2026-09-25,1.1.4,2202
2026-09-25,1.1.4.dev30,2
2026-09-25,1.1.5.dev39,1
2026-09-25,1.1.5.dev63,1
2026-09-25,1.1.5.dev66,2
2026-09-25,1.2.0,572
2026-09-25,1.2.1,1002
2026-09-25,1.2.1.dev13,2
2026-09-25,1.2.2,45
2026-09-25,1.2.2.dev11,1
2026-09-25,1.2.2.dev24,1
2026-09-25,1.2.2.dev25,1
2026-09-25,1.2.2.dev3,1
2026-09-25,1.2.2.dev35,1
2026-09-25,1.2.2.dev6,1
2026-09-25,1.2.3,32381
2026-09-25,1.2.3.dev12,1
2026-09-25,1.2.3.dev14,1
2026-09-25,1.2.4,1267
2026-09-25,1.2.5,48
2026-09-25,1.2.5.dev0,1
2026-09-25,1.2.5.dev12,1
2026-09-25,1.2.5.dev13,8
2026-09-25,1.2.5.dev20,1
2026-09-25,1.2.5.dev21,1
2026-09-25,1.2.5.dev26,1
2026-09-25,1.2.6,825
2026-09-25,1.2.6.dev0,2
2026-09-25,1.2.6.dev1,2
2026-09-25,1.2.7.dev9,2
2026-09-25,1.3.0,305
2026-09-25,1.3.0.post1,5495
2026-09-25,1.3.1,2648
2026-09-25,1.3.1.dev1,1
2026-09-25,1.3.1.dev10,1
2026-09-25,1.3.1.dev11,132
2026-09-25,1.3.1.dev18,1
2026-09-25,1.3.1.dev34,2888
2026-09-25,1.3.1.dev6,2
2026-09-25,1.3.1.dev9,1
2026-09-25,1.3.2,2204
2026-09-25,1.3.2.dev0,1
2026-09-25,1.3.3,8331
2026-09-25,1.3.4,22645
2026-09-25,1.3.5,13603
2026-09-25,1.3.6.dev0,68
2026-09-25,1.3.6.dev10,2
2026-09-25,1.3.6.dev9,1
2026-09-25,1.4.0,2799
2026-09-25,1.4.1,13207
2026-09-25,1.4.2,30856
2026-09-25,1.4.2.dev10,1
2026-09-25,1.4.2.dev14,138
2026-09-25,1.4.2.dev3,2
2026-09-25,1.4.2.dev5,1
2026-09-25,1.4.3,37899
2026-09-25,1.4.3.dev13,1
2026-09-25,1.4.3.dev16,1
2026-09-25,1.4.3.dev19,1
2026-09-25,1.4.3.dev20,1
2026-09-25,1.4.3.dev23,1
2026-09-25,1.4.3.dev26,1
2026-09-25,1.4.3.dev5,5
2026-09-25,1.4.3.dev8,1
2026-09-25,1.4.3.dev9,6
2026-09-25,1.4.4.dev1,1
2026-09-25,1.4.4.dev13,1
2026-09-25,1.4.4.dev2,2
2026-09-25,1.4.4.dev4,2
2026-09-25,1.5.0,7111
2026-09-25,1.5.1,140450
2026-09-25,1.5.1.dev13,288
2026-09-25,1.5.1.dev14,1
2026-09-25,1.5.1.dev7,20
2026-09-25,1.5.2,50366
2026-09-25,1.5.2.dev0,1
2026-09-25,1.5.2.dev12,249
2026-09-25,1.5.2.dev14,1
2026-09-25,1.5.2.dev20,833
2026-09-25,1.5.2.dev21,1
2026-09-25,1.5.2.dev4,1
2026-09-25,1.5.2.dev5,4
2026-09-25,1.5.3,49521
2026-09-25,1.5.3.dev7,315
2026-09-25,1.5.3.dev9,2
2026-09-25,1.5.4,213077
2026-09-25,1.5.4.dev0,4
2026-09-25,1.5.4.dev15,1
2026-09-25,1.5.4.dev19,1601
2026-09-25,1.5.4.dev5,35
2026-09-25,1.5.4.dev6,2609
2026-09-25,1.5.5,776177
2026-09-25,1.5.5.dev0,6
2026-09-25,1.5.5.dev1,1
2026-09-25,1.5.5.dev10,1
2026-09-25,1.5.5.dev11,2
2026-09-25,1.5.5.dev12,2
2026-09-25,1.5.5.dev13,4
2026-09-25,1.5.5.dev14,4
2026-09-25,1.5.5.dev15,2
2026-09-25,1.5.5.dev16,3
2026-09-25,1.5.5.dev17,2
2026-09-25,1.5.5.dev2,2
2026-09-25,1.5.5.dev4,1
2026-09-25,1.5.5.dev5,2
2026-09-25,1.5.5.dev6,1
2026-09-25,1.5.5.dev7,4
2026-09-25,1.5.5.dev8,2
2026-09-25,1.5.5.dev9,1
2026-09-25,1.5.6.dev0,5
2026-09-25,1.5.6.dev1,7
2026-09-25,1.5.6.dev10,4
2026-09-25,1.5.6.dev11,9
2026-09-25,1.5.6.dev12,3
2026-09-25,1.5.6.dev13,8
2026-09-25,1.5.6.dev14,3
2026-09-25,1.5.6.dev15,2
2026-09-25,1.5.6.dev16,51
2026-09-25,1.5.6.dev17,3
2026-09-25,1.5.6.dev18,2
2026-09-25,1.5.6.dev19,228
2026-09-25,1.5.6.dev2,12
2026-09-25,1.5.6.dev20,8
2026-09-25,1.5.6.dev21,7
2026-09-25,1.5.6.dev22,18
2026-09-25,1.5.6.dev23,13
2026-09-25,1.5.6.dev24,35
2026-09-25,1.5.6.dev25,147
2026-09-25,1.5.6.dev26,186
2026-09-25,1.5.6.dev27,531
2026-09-25,1.5.6.dev3,5
2026-09-25,1.5.6.dev4,9
2026-09-25,1.5.6.dev5,6
2026-09-25,1.5.6.dev6,190
2026-09-25,1.5.6.dev7,6
2026-09-25,1.5.6.dev8,4
2026-09-25,1.5.6.dev9,5
2026-09-26,0.49.2343,1
2026-09-26,0.49.2401,1
2026-09-26,0.49.2455,1
2026-09-26,0.50.2643,1
2026-09-26,0.50.2870,1
2026-09-26,0.51.3192,2
2026-09-26,0.51.3360,2
2026-09-26,0.52.3439,1
2026-09-26,0.52.3502,1
2026-09-26,0.53.3718,1
2026-09-26,0.53.3720,1
2026-09-26,0.53.3740,1
2026-09-26,0.54.3752,1
2026-09-26,0.55.3951,1
2026-09-26,0.55.4036,13
2026-09-26,0.55.4073,1
2026-09-26,0.55.4176,1
2026-09-26,0.56.4223,1
2026-09-26,0.56.4329,5
2026-09-26,0.56.4437,1
2026-09-26,0.56.4616,1
2026-09-26,0.56.4634,1
2026-09-26,0.56.4641,5
2026-09-26,0.56.4646,1
2026-09-26,0.56.4842,1
2026-09-26,0.56.4878,1
2026-09-26,0.57.10,1
2026-09-26,0.57.29,1
2026-09-26,0.57.4,24
2026-09-26,0.59.8,3
2026-09-26,0.61.8,1
2026-09-26,0.62.0,1
2026-09-26,0.62.122,1
2026-09-26,0.62.124,1
2026-09-26,0.62.14,1
2026-09-26,0.62.148,2
2026-09-26,0.62.151,1
2026-09-26,0.62.162,1
2026-09-26,0.62.185,1
2026-09-26,0.62.212,1
2026-09-26,0.62.232,1
2026-09-26,0.62.236,8
2026-09-26,0.62.65,1
2026-09-26,0.62.91,2
2026-09-26,0.63.0,3
2026-09-26,0.63.75,1
2026-09-26,0.63.99,1
2026-09-26,0.64.0,148
2026-09-26,0.64.10,1
2026-09-26,0.64.103,7
2026-09-26,0.64.104,1
2026-09-26,0.64.119,1
2026-09-26,0.64.132,1
2026-09-26,0.64.136,1
2026-09-26,0.64.147,1
2026-09-26,0.64.164,6
2026-09-26,0.64.167,1
2026-09-26,0.64.170,2
2026-09-26,0.64.182,1
2026-09-26,0.64.192,1
2026-09-26,0.64.214,1
2026-09-26,0.64.216,1
2026-09-26,0.64.229,1
2026-09-26,0.64.230,4
2026-09-26,0.64.235,143
2026-09-26,0.64.7,4
2026-09-26,0.64.74,1
2026-09-26,0.64.80,1
2026-09-26,0.64.95,1
2026-09-26,0.64.99,1
2026-09-26,0.65.0,4
2026-09-26,0.65.11,1
2026-09-26,0.65.66,12
2026-09-26,0.65.7,1
2026-09-26,0.66.23,1
2026-09-26,0.66.26,1
2026-09-26,0.66.33,2
2026-09-26,0.66.40,1
2026-09-26,0.66.43,2
2026-09-26,0.66.52,6
2026-09-26,0.67.40,4
2026-09-26,0.67.47,1
2026-09-26,0.68.17,3
2026-09-26,0.68.21,1
2026-09-26,0.68.26,1
2026-09-26,0.68.38,1
2026-09-26,0.68.42,1
2026-09-26,0.68.44,1
2026-09-26,0.68.54,1
2026-09-26,0.68.55,1
2026-09-26,0.70.0,1
2026-09-26,0.70.1,1
2026-09-26,0.70.2,4
2026-09-26,0.70.3,3
2026-09-26,0.70.5,75
2026-09-26,0.70.6,1
2026-09-26,0.70.7,1
2026-09-26,0.71.10,1
2026-09-26,0.71.13,4
2026-09-26,0.71.3,5
2026-09-26,0.71.7,1
2026-09-26,0.71.8,1
2026-09-26,0.71.9,1
2026-09-26,0.72.0,1
2026-09-26,0.72.10,4
2026-09-26,0.72.11,1
2026-09-26,0.72.14,1
2026-09-26,0.72.16,1
2026-09-26,0.72.2,1
2026-09-26,0.72.33,4
2026-09-26,0.72.4,1
2026-09-26,0.72.5,1
2026-09-26,0.72.51,1
2026-09-26,0.72.58,1
2026-09-26,0.72.7,1
2026-09-26,0.72.9,1
2026-09-26,0.73.0,1
2026-09-26,0.73.107,1
2026-09-26,0.73.110,3
2026-09-26,0.73.112,3
2026-09-26,0.73.114,2
2026-09-26,0.73.115,2
2026-09-26,0.73.116,7
2026-09-26,0.73.12,19
2026-09-26,0.73.126,2
2026-09-26,0.73.131,1
2026-09-26,0.73.136,1
2026-09-26,0.73.138,1
2026-09-26,0.73.141,2
2026-09-26,0.73.142,2
2026-09-26,0.73.145,8
2026-09-26,0.73.15,105
2026-09-26,0.73.151,2
2026-09-26,0.73.154,1
2026-09-26,0.73.155,4
2026-09-26,0.73.16,1
2026-09-26,0.73.165,2
2026-09-26,0.73.167,1
2026-09-26,0.73.173,18
2026-09-26,0.73.2,1
2026-09-26,0.73.26,4
2026-09-26,0.73.32,1
2026-09-26,0.73.38,1
2026-09-26,0.73.39,2
2026-09-26,0.73.44,2
2026-09-26,0.73.45,1
2026-09-26,0.73.49,5
2026-09-26,0.73.51,1
2026-09-26,0.73.52,2
2026-09-26,0.73.53,1181
2026-09-26,0.73.61,7
2026-09-26,0.73.68,1
2026-09-26,0.73.71,2
2026-09-26,0.73.72,4
2026-09-26,0.73.76,1
2026-09-26,0.73.78,1
2026-09-26,0.73.81,3
2026-09-26,0.73.91,1
2026-09-26,0.73.92,2
2026-09-26,0.73.93,6
2026-09-26,0.74.0,3
2026-09-26,0.74.12,3
2026-09-26,0.74.14,2
2026-09-26,0.74.15,1
2026-09-26,0.74.20,1
2026-09-26,0.74.23,3
2026-09-26,0.74.24,1
2026-09-26,0.74.29,25
2026-09-26,0.74.31,2
2026-09-26,0.74.35,2
2026-09-26,0.74.38,2
2026-09-26,0.74.40,1
2026-09-26,0.74.42,2
2026-09-26,0.74.44,3
2026-09-26,0.74.48,1
2026-09-26,0.74.58,2
2026-09-26,0.74.61,2
2026-09-26,0.74.62,14
2026-09-26,0.75.0,611
2026-09-26,0.75.6,5
2026-09-26,0.76.1,18
2026-09-26,0.76.3,2
2026-09-26,0.77.0,2556
2026-09-26,1.0.0,32
2026-09-26,1.0.0.dev17,1
2026-09-26,1.0.0.dev8,2
2026-09-26,1.0.1,15
2026-09-26,1.0.2,34
2026-09-26,1.0.3,22
2026-09-26,1.0.3.dev12,1
2026-09-26,1.0.3.dev17,2
2026-09-26,1.0.3.dev24,1
2026-09-26,1.0.3.dev7,1
2026-09-26,1.0.4,1533
2026-09-26,1.0.4.dev7,2
2026-09-26,1.0.5,485
2026-09-26,1.0.5.dev29,1
2026-09-26,1.0.6.dev1,1
2026-09-26,1.0.6.dev25,1
2026-09-26,1.0.6.dev42,2
2026-09-26,1.0.6.dev9,1
2026-09-26,1.1.0,37
2026-09-26,1.1.1,596
2026-09-26,1.1.1.dev1,2
2026-09-26,1.1.1.dev13,1
2026-09-26,1.1.1.dev16,2
2026-09-26,1.1.1.dev18,1
2026-09-26,1.1.1.dev23,1
2026-09-26,1.1.1.dev31,1
2026-09-26,1.1.1.dev33,1
2026-09-26,1.1.2,5
2026-09-26,1.1.2.dev0,2
2026-09-26,1.1.2.dev10,2
2026-09-26,1.1.3,207
2026-09-26,1.1.4,1885
2026-09-26,1.1.5.dev14,2
2026-09-26,1.1.5.dev18,1
2026-09-26,1.1.5.dev49,2
2026-09-26,1.1.5.dev56,2
2026-09-26,1.1.5.dev58,1
2026-09-26,1.2.0,471
2026-09-26,1.2.1,835
2026-09-26,1.2.1.dev22,1
2026-09-26,1.2.1.dev4,2
2026-09-26,1.2.1.dev9,1
2026-09-26,1.2.2,138
2026-09-26,1.2.2.dev10,1
2026-09-26,1.2.2.dev26,1
2026-09-26,1.2.2.dev36,1
2026-09-26,1.2.3,5316
2026-09-26,1.2.3.dev12,1
2026-09-26,1.2.3.dev8,2
2026-09-26,1.2.4,657
2026-09-26,1.2.5,12
2026-09-26,1.2.5.dev10,1
2026-09-26,1.2.5.dev11,2
2026-09-26,1.2.5.dev12,3
2026-09-26,1.2.5.dev16,1
2026-09-26,1.2.5.dev19,2
2026-09-26,1.2.5.dev26,2
2026-09-26,1.2.5.dev5,2
2026-09-26,1.2.6,578
2026-09-26,1.2.6.dev0,1
2026-09-26,1.3.0,608
2026-09-26,1.3.0.post1,2085
2026-09-26,1.3.1,716
2026-09-26,1.3.1.dev2,1
2026-09-26,1.3.1.dev3,1
2026-09-26,1.3.1.dev34,1434
2026-09-26,1.3.1.dev35,1
2026-09-26,1.3.1.dev8,2
2026-09-26,1.3.1.dev9,2
2026-09-26,1.3.2,1378
2026-09-26,1.3.2.dev0,1
2026-09-26,1.3.3,2441
2026-09-26,1.3.4,20218
2026-09-26,1.3.5,4891
2026-09-26,1.3.6.dev0,4
2026-09-26,1.4.0,1165
2026-09-26,1.4.1,8562
2026-09-26,1.4.2,17270
2026-09-26,1.4.2.dev0,1
2026-09-26,1.4.2.dev14,259
2026-09-26,1.4.2.dev8,1
2026-09-26,1.4.3,12155
2026-09-26,1.4.3.dev15,2
2026-09-26,1.4.3.dev16,1
2026-09-26,1.4.3.dev23,1
2026-09-26,1.4.3.dev29,2
2026-09-26,1.4.3.dev9,6
2026-09-26,1.4.4.dev0,1
2026-09-26,1.4.4.dev13,1
2026-09-26,1.4.4.dev14,2
2026-09-26,1.4.4.dev15,2
2026-09-26,1.4.4.dev4,1
2026-09-26,1.4.4.dev7,2
2026-09-26,1.5.0,3993
2026-09-26,1.5.1,41459
2026-09-26,1.5.1.dev0,2
2026-09-26,1.5.1.dev11,1
2026-09-26,1.5.1.dev13,276
2026-09-26,1.5.1.dev7,12
2026-09-26,1.5.2,24430
2026-09-26,1.5.2.dev12,136
2026-09-26,1.5.2.dev15,1
2026-09-26,1.5.2.dev20,299
2026-09-26,1.5.2.dev4,3
2026-09-26,1.5.2.dev5,1
2026-09-26,1.5.3,16780
2026-09-26,1.5.3.dev13,2
2026-09-26,1.5.3.dev7,266
2026-09-26,1.5.3.dev9,1
2026-09-26,1.5.4,84518
2026-09-26,1.5.4.dev0,10
2026-09-26,1.5.4.dev11,1
2026-09-26,1.5.4.dev13,2
2026-09-26,1.5.4.dev18,2
2026-09-26,1.5.4.dev19,324
2026-09-26,1.5.4.dev5,34
2026-09-26,1.5.4.dev6,430
2026-09-26,1.5.4.dev8,1
2026-09-26,1.5.5,873086
2026-09-26,1.5.5.dev0,29
2026-09-26,1.5.5.dev14,2
2026-09-26,1.5.5.dev17,1
2026-09-26,1.5.5.dev2,1
2026-09-26,1.5.5.dev4,1
2026-09-26,1.5.5.dev5,2
2026-09-26,1.5.5.dev8,1
2026-09-26,1.5.6.dev10,3
2026-09-26,1.5.6.dev11,4
2026-09-26,1.5.6.dev12,8
2026-09-26,1.5.6.dev13,4
2026-09-26,1.5.6.dev14,7
2026-09-26,1.5.6.dev15,7
2026-09-26,1.5.6.dev16,68
2026-09-26,1.5.6.dev17,7
2026-09-26,1.5.6.dev18,12
2026-09-26,1.5.6.dev19,48
2026-09-26,1.5.6.dev2,2
2026-09-26,1.5.6.dev20,9
2026-09-26,1.5.6.dev21,11
2026-09-26,1.5.6.dev22,11
2026-09-26,1.5.6.dev23,15
2026-09-26,1.5.6.dev24,9
2026-09-26,1.5.6.dev25,43
2026-09-26,1.5.6.dev26,82
2026-09-26,1.5.6.dev27,213
2026-09-26,1.5.6.dev28,591
2026-09-26,1.5.6.dev6,92
2026-09-26,1.5.6.dev9,1
2026-09-27,0.49.2343,6
2026-09-27,0.49.2348,4
2026-09-27,0.49.2364,4
2026-09-27,0.49.2379,4
2026-09-27,0.49.2385,4
2026-09-27,0.49.2389,4
2026-09-27,0.49.2399,4
2026-09-27,0.49.2401,4
2026-09-27,0.49.2406,4
2026-09-27,0.49.2418,4
2026-09-27,0.49.2429,4
2026-09-27,0.49.2437,4
2026-09-27,0.49.2455,4
2026-09-27,0.49.2462,4
2026-09-27,0.49.2464,4
2026-09-27,0.49.2465,4
2026-09-27,0.49.2466,4
2026-09-27,0.49.2471,4
2026-09-27,0.49.2475,4
2026-09-27,0.49.2489,4
2026-09-27,0.49.2500,4
2026-09-27,0.49.2504,4
2026-09-27,0.49.2509,4
2026-09-27,0.49.2515,4
2026-09-27,0.49.2517,4
2026-09-27,0.49.2527,4
2026-09-27,0.49.2532,4
2026-09-27,0.49.2537,4
2026-09-27,0.50.2539,4
2026-09-27,0.50.2544,4
2026-09-27,0.50.2549,4
2026-09-27,0.50.2552,4
2026-09-27,0.50.2554,4
2026-09-27,0.50.2561,4
2026-09-27,0.50.2562,4
2026-09-27,0.50.2570,4
2026-09-27,0.50.2573,5
2026-09-27,0.50.2581,4
2026-09-27,0.50.2586,4
2026-09-27,0.50.2588,4
2026-09-27,0.50.2593,4
2026-09-27,0.50.2597,4
2026-09-27,0.50.2604,4
2026-09-27,0.50.2606,4
2026-09-27,0.50.2608,4
2026-09-27,0.50.2611,4
2026-09-27,0.50.2614,4
2026-09-27,0.50.2619,4
2026-09-27,0.50.2623,4
2026-09-27,0.50.2627,4
2026-09-27,0.50.2632,4
2026-09-27,0.50.2634,4
2026-09-27,0.50.2636,4
2026-09-27,0.50.2643,4
2026-09-27,0.50.2652,4
2026-09-27,0.50.2656,4
2026-09-27,0.50.2660,4
2026-09-27,0.50.2668,6
2026-09-27,0.50.2677,4
2026-09-27,0.50.2684,4
2026-09-27,0.50.2685,4
2026-09-27,0.50.2689,4
2026-09-27,0.50.2691,4
2026-09-27,0.50.2697,4
2026-09-27,0.50.2700,4
2026-09-27,0.50.2701,5
2026-09-27,0.50.2709,4
2026-09-27,0.50.2712,4
2026-09-27,0.50.2718,4
2026-09-27,0.50.2722,4
2026-09-27,0.50.2731,4
2026-09-27,0.50.2734,4
2026-09-27,0.50.2751,4
2026-09-27,0.50.2754,4
2026-09-27,0.50.2758,4
2026-09-27,0.50.2764,4
2026-09-27,0.50.2766,4
2026-09-27,0.50.2771,4
2026-09-27,0.50.2775,4
2026-09-27,0.50.2788,4
2026-09-27,0.50.2793,4
2026-09-27,0.50.2797,4
2026-09-27,0.50.2802,4
2026-09-27,0.50.2805,4
2026-09-27,0.50.2818,4
2026-09-27,0.50.2831,4
2026-09-27,0.50.2834,4
2026-09-27,0.50.2838,4
2026-09-27,0.50.2841,4
2026-09-27,0.50.2845,4
2026-09-27,0.50.2846,4
2026-09-27,0.50.2855,4
2026-09-27,0.50.2870,4
2026-09-27,0.50.2877,4
2026-09-27,0.50.2886,4
2026-09-27,0.50.2889,4
2026-09-27,0.50.2893,4
2026-09-27,0.50.2895,4
2026-09-27,0.50.2898,4
2026-09-27,0.50.2908,4
2026-09-27,0.50.2912,4
2026-09-27,0.50.2915,4
2026-09-27,0.50.2920,4
2026-09-27,0.50.2927,4
2026-09-27,0.50.2930,6
2026-09-27,0.50.2932,4
2026-09-27,0.50.2934,4
2026-09-27,0.50.2940,4
2026-09-27,0.50.2946,4
2026-09-27,0.50.2952,4
2026-09-27,0.50.2962,4
2026-09-27,0.50.2981,4
2026-09-27,0.50.2987,4
2026-09-27,0.50.2994,4
2026-09-27,0.50.2996,4
2026-09-27,0.50.2998,4
2026-09-27,0.50.3001,4
2026-09-27,0.50.3004,5
2026-09-27,0.50.3005,4
2026-09-27,0.50.3010,4
2026-09-27,0.50.3013,4
2026-09-27,0.50.3022,4
2026-09-27,0.50.3025,4
2026-09-27,0.50.3030,4
2026-09-27,0.50.3039,4
2026-09-27,0.50.3044,4
2026-09-27,0.50.3051,4
2026-09-27,0.50.3052,4
2026-09-27,0.50.3054,4
2026-09-27,0.50.3070,4
2026-09-27,0.50.3071,4
2026-09-27,0.51.3074,4
2026-09-27,0.51.3077,4
2026-09-27,0.51.3082,4
2026-09-27,0.51.3085,4
2026-09-27,0.51.3093,4
2026-09-27,0.51.3095,4
2026-09-27,0.51.3099,4
2026-09-27,0.51.3103,4
2026-09-27,0.51.3105,4
2026-09-27,0.51.3107,4
2026-09-27,0.51.3112,4
2026-09-27,0.51.3117,4
2026-09-27,0.51.3119,4
2026-09-27,0.51.3126,5
2026-09-27,0.51.3135,4
2026-09-27,0.51.3137,4
2026-09-27,0.51.3143,4
2026-09-27,0.51.3145,4
2026-09-27,0.51.3147,4
2026-09-27,0.51.3149,4
2026-09-27,0.51.3160,4
2026-09-27,0.51.3162,4
2026-09-27,0.51.3166,4
2026-09-27,0.51.3167,4
2026-09-27,0.51.3173,5
2026-09-27,0.51.3174,4
2026-09-27,0.51.3179,4
2026-09-27,0.51.3182,4
2026-09-27,0.51.3189,4
2026-09-27,0.51.3192,5
2026-09-27,0.51.3194,4
2026-09-27,0.51.3197,6
2026-09-27,0.51.3233,1
2026-09-27,0.52.3549,1
2026-09-27,0.54.3846,1
2026-09-27,0.55.3951,1
2026-09-27,0.55.4012,1
2026-09-27,0.55.4020,1
2026-09-27,0.55.4036,13
2026-09-27,0.55.4073,1
2026-09-27,0.55.4141,1
2026-09-27,0.56.4326,1
2026-09-27,0.56.4329,2
2026-09-27,0.56.4358,1
2026-09-27,0.56.4362,1
2026-09-27,0.56.4376,1
2026-09-27,0.56.4386,1
2026-09-27,0.56.4492,1
2026-09-27,0.56.4641,8
2026-09-27,0.56.4691,1
2026-09-27,0.56.4768,1
2026-09-27,0.56.4853,1
2026-09-27,0.56.4862,1
2026-09-27,0.56.4964,1
2026-09-27,0.57.39,1
2026-09-27,0.57.4,24
2026-09-27,0.57.69,1
2026-09-27,0.58.75,1
2026-09-27,0.59.8,1
2026-09-27,0.60.6,1
2026-09-27,0.61.101,1
2026-09-27,0.61.13,1
2026-09-27,0.61.19,1
2026-09-27,0.62.0,4
2026-09-27,0.62.124,1
2026-09-27,0.62.125,1
2026-09-27,0.62.130,1
2026-09-27,0.62.152,2
2026-09-27,0.62.157,3
2026-09-27,0.62.166,1
2026-09-27,0.62.191,1
2026-09-27,0.62.216,1
2026-09-27,0.62.223,1
2026-09-27,0.62.233,1
2026-09-27,0.62.236,7
2026-09-27,0.62.26,1
2026-09-27,0.62.28,1
2026-09-27,0.62.37,1
2026-09-27,0.62.9,1
2026-09-27,0.63.0,1
2026-09-27,0.63.31,3
2026-09-27,0.63.76,1
2026-09-27,0.63.92,1
2026-09-27,0.64.0,4
2026-09-27,0.64.103,3
2026-09-27,0.64.132,2
2026-09-27,0.64.164,1
2026-09-27,0.64.166,1
2026-09-27,0.64.184,2
2026-09-27,0.64.192,1
2026-09-27,0.64.211,1
2026-09-27,0.64.235,397
2026-09-27,0.64.33,1
2026-09-27,0.64.7,2
2026-09-27,0.64.76,1
2026-09-27,0.65.16,1
2026-09-27,0.65.3,1
2026-09-27,0.65.33,2
2026-09-27,0.65.66,32
2026-09-27,0.65.9,1
2026-09-27,0.66.30,1
2026-09-27,0.66.40,1
2026-09-27,0.66.52,6
2026-09-27,0.67.22,1
2026-09-27,0.68.15,1
2026-09-27,0.68.17,3
2026-09-27,0.68.35,1
2026-09-27,0.68.45,1
2026-09-27,0.68.55,2
2026-09-27,0.68.9,1
2026-09-27,0.69.2,1
2026-09-27,0.70.2,2
2026-09-27,0.70.3,3
2026-09-27,0.70.5,29
2026-09-27,0.71.3,2
2026-09-27,0.72.1,1
2026-09-27,0.72.10,2
2026-09-27,0.72.11,7
2026-09-27,0.72.15,2
2026-09-27,0.72.16,1
2026-09-27,0.72.28,1
2026-09-27,0.72.33,2
2026-09-27,0.72.55,1
2026-09-27,0.72.58,1
2026-09-27,0.73.1,1
2026-09-27,0.73.102,1
2026-09-27,0.73.110,1
2026-09-27,0.73.112,2
2026-09-27,0.73.114,1
2026-09-27,0.73.116,1
2026-09-27,0.73.12,2
2026-09-27,0.73.131,2
2026-09-27,0.73.136,1
2026-09-27,0.73.138,1
2026-09-27,0.73.139,1
2026-09-27,0.73.140,1
2026-09-27,0.73.141,1
2026-09-27,0.73.142,10
2026-09-27,0.73.143,1
2026-09-27,0.73.146,1
2026-09-27,0.73.147,1
2026-09-27,0.73.15,48
2026-09-27,0.73.153,1
2026-09-27,0.73.155,2
2026-09-27,0.73.157,1
2026-09-27,0.73.16,1
2026-09-27,0.73.162,2
2026-09-27,0.73.163,1
2026-09-27,0.73.165,4
2026-09-27,0.73.166,2
2026-09-27,0.73.173,7
2026-09-27,0.73.26,3
2026-09-27,0.73.4,1
2026-09-27,0.73.42,2
2026-09-27,0.73.45,11
2026-09-27,0.73.49,1
2026-09-27,0.73.53,945
2026-09-27,0.73.54,3
2026-09-27,0.73.55,1
2026-09-27,0.73.61,5
2026-09-27,0.73.72,1
2026-09-27,0.73.78,1
2026-09-27,0.73.92,1
2026-09-27,0.73.98,1
2026-09-27,0.74.0,2
2026-09-27,0.74.10,2
2026-09-27,0.74.14,1
2026-09-27,0.74.16,1
2026-09-27,0.74.20,3
2026-09-27,0.74.36,6
2026-09-27,0.74.40,1
2026-09-27,0.74.50,3
2026-09-27,0.74.54,5
2026-09-27,0.74.62,20
2026-09-27,0.75.0,720
2026-09-27,0.75.6,1
2026-09-27,0.75.8,1
2026-09-27,0.76.0,1
2026-09-27,0.76.3,5
2026-09-27,0.76.5.dev4,1
2026-09-27,0.77.0,1587
2026-09-27,1.0.0,33
2026-09-27,1.0.0.dev10,2
2026-09-27,1.0.0.dev17,2
2026-09-27,1.0.1,10
2026-09-27,1.0.2,18
2026-09-27,1.0.3,22
2026-09-27,1.0.4,271
2026-09-27,1.0.4.dev2,2
2026-09-27,1.0.5,914
2026-09-27,1.0.5.dev20,1
2026-09-27,1.0.6.dev18,2
2026-09-27,1.0.6.dev44,1
2026-09-27,1.0.6.dev47,2
2026-09-27,1.1.0,37
2026-09-27,1.1.1,585
2026-09-27,1.1.2,8
2026-09-27,1.1.2.dev16,1
2026-09-27,1.1.3,551
2026-09-27,1.1.4,1375
2026-09-27,1.1.5.dev42,2
2026-09-27,1.1.5.dev51,1
2026-09-27,1.2.0,322
2026-09-27,1.2.1,801
2026-09-27,1.2.1.dev17,2
2026-09-27,1.2.2,12
2026-09-27,1.2.2.dev17,1
2026-09-27,1.2.2.dev19,1
2026-09-27,1.2.2.dev27,2
2026-09-27,1.2.2.dev7,2
2026-09-27,1.2.2.dev9,2
2026-09-27,1.2.3,1434
2026-09-27,1.2.3.dev0,2
2026-09-27,1.2.3.dev16,1
2026-09-27,1.2.3.dev6,1
2026-09-27,1.2.4,736
2026-09-27,1.2.5,8
2026-09-27,1.2.5.dev13,1
2026-09-27,1.2.6,500
2026-09-27,1.2.7.dev0,2
2026-09-27,1.3.0,173
2026-09-27,1.3.0.post1,3471
2026-09-27,1.3.1,834
2026-09-27,1.3.1.dev1,1
2026-09-27,1.3.1.dev11,3
2026-09-27,1.3.1.dev21,1
2026-09-27,1.3.1.dev34,4630
2026-09-27,1.3.2,1371
2026-09-27,1.3.3,1981
2026-09-27,1.3.4,22141
2026-09-27,1.3.5,4480
2026-09-27,1.3.6.dev8,2
2026-09-27,1.4.0,1274
2026-09-27,1.4.1,5973
2026-09-27,1.4.2,20847
2026-09-27,1.4.2.dev14,95
2026-09-27,1.4.3,11950
2026-09-27,1.4.3.dev17,2
2026-09-27,1.4.3.dev23,1
2026-09-27,1.4.3.dev8,1
2026-09-27,1.4.4.dev11,1
2026-09-27,1.4.4.dev15,4
2026-09-27,1.4.4.dev16,4
2026-09-27,1.4.4.dev22,2
2026-09-27,1.4.4.dev4,1
2026-09-27,1.5.0,4125
2026-09-27,1.5.1,52021
2026-09-27,1.5.1.dev1,2
2026-09-27,1.5.1.dev13,303
2026-09-27,1.5.1.dev7,2
2026-09-27,1.5.2,21025
2026-09-27,1.5.2.dev12,108
2026-09-27,1.5.2.dev16,3
2026-09-27,1.5.2.dev20,104
2026-09-27,1.5.2.dev4,13
2026-09-27,1.5.3,18728
2026-09-27,1.5.3.dev1,1
2026-09-27,1.5.3.dev12,2
2026-09-27,1.5.3.dev13,2
2026-09-27,1.5.3.dev7,71
2026-09-27,1.5.4,78358
2026-09-27,1.5.4.dev0,8
2026-09-27,1.5.4.dev1,2
2026-09-27,1.5.4.dev10,2
2026-09-27,1.5.4.dev11,2
2026-09-27,1.5.4.dev12,2
2026-09-27,1.5.4.dev13,2
2026-09-27,1.5.4.dev14,2
2026-09-27,1.5.4.dev15,2
2026-09-27,1.5.4.dev16,2
2026-09-27,1.5.4.dev17,2
2026-09-27,1.5.4.dev18,2
2026-09-27,1.5.4.dev19,537
2026-09-27,1.5.4.dev2,2
2026-09-27,1.5.4.dev20,2
2026-09-27,1.5.4.dev21,2
2026-09-27,1.5.4.dev22,2
2026-09-27,1.5.4.dev3,2
2026-09-27,1.5.4.dev4,2
2026-09-27,1.5.4.dev5,11
2026-09-27,1.5.4.dev6,373
2026-09-27,1.5.4.dev7,2
2026-09-27,1.5.4.dev8,2
2026-09-27,1.5.4.dev9,3
2026-09-27,1.5.5,769156
2026-09-27,1.5.5.dev0,14
2026-09-27,1.5.5.dev1,2
2026-09-27,1.5.5.dev10,2
2026-09-27,1.5.5.dev11,2
2026-09-27,1.5.5.dev12,2
2026-09-27,1.5.5.dev13,2
2026-09-27,1.5.5.dev14,2
2026-09-27,1.5.5.dev15,2
2026-09-27,1.5.5.dev16,2
2026-09-27,1.5.5.dev17,2
2026-09-27,1.5.5.dev2,3
2026-09-27,1.5.5.dev3,4
2026-09-27,1.5.5.dev4,2
2026-09-27,1.5.5.dev5,2
2026-09-27,1.5.5.dev6,2
2026-09-27,1.5.5.dev7,2
2026-09-27,1.5.5.dev8,3
2026-09-27,1.5.5.dev9,2
2026-09-27,1.5.6.dev0,2
2026-09-27,1.5.6.dev1,2
2026-09-27,1.5.6.dev10,4
2026-09-27,1.5.6.dev11,3
2026-09-27,1.5.6.dev12,3
2026-09-27,1.5.6.dev13,3
2026-09-27,1.5.6.dev14,3
2026-09-27,1.5.6.dev15,6
2026-09-27,1.5.6.dev16,9
2026-09-27,1.5.6.dev17,4
2026-09-27,1.5.6.dev18,3
2026-09-27,1.5.6.dev19,74
2026-09-27,1.5.6.dev2,4
2026-09-27,1.5.6.dev20,3
2026-09-27,1.5.6.dev21,7
2026-09-27,1.5.6.dev22,6
2026-09-27,1.5.6.dev23,8
2026-09-27,1.5.6.dev24,19
2026-09-27,1.5.6.dev25,7
2026-09-27,1.5.6.dev26,25
2026-09-27,1.5.6.dev27,92
2026-09-27,1.5.6.dev28,193
2026-09-27,1.5.6.dev29,487
2026-09-27,1.5.6.dev3,3
2026-09-27,1.5.6.dev4,3
2026-09-27,1.5.6.dev5,3
2026-09-27,1.5.6.dev6,64
2026-09-27,1.5.6.dev7,3
2026-09-27,1.5.6.dev8,3
2026-09-27,1.5.6.dev9,3
