dependent,version,why,status
aiobotocore,3.9.0,version at or above R,200
anyio,4.14.2,version at or above R,200
anyio,4.15.0,version at or above R,200
boto3,1.43.78,version at or above R,200
boto3,1.43.79,version at or above R,200
boto3,1.43.80,version at or above R,200
boto3,1.43.81,version at or above R,200
boto3,1.43.82,version at or above R,200
boto3,1.43.83,version at or above R,200
boto3,1.43.84,version at or above R,200
boto3,1.43.85,version at or above R,200
boto3,1.43.86,version at or above R,200
boto3,1.43.87,version at or above R,200
boto3,1.43.88,version at or above R,200
boto3,1.43.89,version at or above R,200
boto3,1.43.90,version at or above R,200
boto3,1.43.91,version at or above R,200
boto3,1.43.92,version at or above R,200
boto3,1.43.93,version at or above R,200
boto3,1.43.94,version at or above R,200
boto3,1.43.95,version at or above R,200
boto3,1.43.96,version at or above R,200
boto3,1.43.97,version at or above R,200
botocore,1.43.78,version at or above R,200
botocore,1.43.79,version at or above R,200
botocore,1.43.80,version at or above R,200
botocore,1.43.81,version at or above R,200
botocore,1.43.82,version at or above R,200
botocore,1.43.83,version at or above R,200
botocore,1.43.84,version at or above R,200
botocore,1.43.85,version at or above R,200
botocore,1.43.86,version at or above R,200
botocore,1.43.87,version at or above R,200
botocore,1.43.88,version at or above R,200
botocore,1.43.89,version at or above R,200
botocore,1.43.90,version at or above R,200
botocore,1.43.91,version at or above R,200
botocore,1.43.92,version at or above R,200
botocore,1.43.93,version at or above R,200
botocore,1.43.94,version at or above R,200
botocore,1.43.95,version at or above R,200
botocore,1.43.96,version at or above R,200
botocore,1.43.97,version at or above R,200
click,8.4.2,version at or above R,200
cryptography,50.0.0,version at or above R,200
filelock,3.32.3,version at or above R,200
filelock,3.32.4,version at or above R,200
filelock,3.32.5,version at or above R,200
filelock,3.32.6,version at or above R,200
filelock,3.32.7,version at or above R,200
filelock,4.0.0,version at or above R,200
fsspec,2026.7.0,version at or above R,200
grpcio-status,1.83.0,version at or above R,200
grpcio-status,1.83.1,version at or above R,200
idna,3.19,version at or above R,200
litellm,1.97.0,version at or above R,200
litellm,1.98.0,version at or above R,200
litellm,1.98.1,version at or above R,200
litellm,1.99.0,version at or above R,200
litellm,1.99.2,version at or above R,200
litellm,1.99.3,version at or above R,200
litellm,1.99.4,version at or above R,200
litellm,1.100.0,version at or above R,200
litellm,1.100.1,version at or above R,200
litellm,1.100.2,version at or above R,200
litellm,1.100.3,version at or above R,200
litellm,1.101.0,version at or above R,200
litellm,1.101.1,version at or above R,200
litellm,1.101.2,version at or above R,200
numpy,2.5.2,version at or above R,200
pandas,3.0.5,version at or above R,200
platformdirs,4.11.3,version at or above R,200
platformdirs,4.11.4,version at or above R,200
platformdirs,4.11.5,version at or above R,200
platformdirs,4.11.6,version at or above R,200
platformdirs,4.11.7,version at or above R,200
platformdirs,4.11.8,version at or above R,200
platformdirs,4.11.9,version at or above R,200
platformdirs,4.11.10,version at or above R,200
protobuf,7.36.0,version at or above R,200
protobuf,7.36.1,version at or above R,200
pydantic,2.13.4,version at or above R,200
pydantic-core,2.48.0,version at or above R,200
pyjwt,2.13.0,version at or above R,200
tqdm,4.70.0,version at or above R,200
urllib3,2.7.0,version at or above R,200
uvicorn,0.52.4,version at or above R,200
aiobotocore,2.25.1,coverage 1,200
aiobotocore,2.26.0,coverage 2,200
aiobotocore,1.3.3,coverage 4,200
aiobotocore,2.25.0,coverage 5,200
aiobotocore,1.4.2,coverage 6,200
aiobotocore,2.22.0,coverage 7,200
aiobotocore,2.0.1,coverage 8,200
aiobotocore,1.2.0,coverage 9,200
aiobotocore,2.13.1,coverage 10,200
aiobotocore,2.2.0,coverage 11,200
aiobotocore,2.3.0,coverage 12,200
aiobotocore,2.1.0,coverage 13,200
aiobotocore,2.3.1,coverage 14,200
aiobotocore,2.3.3,coverage 15,200
aiobotocore,2.3.2,coverage 16,200
aiobotocore,2.1.1,coverage 17,200
aiobotocore,1.4.1,coverage 18,200
aiobotocore,2.0.0,coverage 19,200
aiobotocore,1.4.0,coverage 20,200
aiobotocore,1.2.1,coverage 21,200
aiobotocore,1.3.1,coverage 22,200
aiobotocore,1.2.2,coverage 23,200
aiobotocore,2.12.3,coverage 24,200
aiobotocore,1.3.0,coverage 25,200
aiobotocore,1.3.2,coverage 26,200
aiobotocore,2.18.0,coverage 27,200
aiobotocore,2.25.2,coverage 28,200
aiobotocore,2.24.0,coverage 29,200
aiobotocore,2.24.2,coverage 30,200
aiobotocore,2.24.1,coverage 31,200
aiobotocore,2.19.0,coverage 32,200
aiobotocore,2.21.1,coverage 33,200
aiobotocore,2.23.0,coverage 34,200
aiobotocore,2.23.1,coverage 35,200
aiobotocore,2.13.3,coverage 36,200
aiobotocore,2.20.0,coverage 37,200
aiobotocore,2.17.0,coverage 38,200
aiobotocore,2.24.3,coverage 39,200
aiobotocore,2.13.2,coverage 40,200
aiobotocore,2.5.4,coverage 41,200
aiobotocore,2.23.2,coverage 42,200
aiobotocore,2.21.0,coverage 43,200
aiobotocore,2.15.2,coverage 44,200
aiobotocore,2.16.0,coverage 45,200
aiobotocore,2.7.0,coverage 46,200
aiobotocore,2.14.0,coverage 47,200
aiobotocore,2.16.1,coverage 48,200
aiobotocore,2.15.0,coverage 49,200
aiobotocore,2.11.2,coverage 50,200
aiobotocore,2.15.1,coverage 51,200
aiobotocore,2.13.0,coverage 52,200
aiobotocore,2.12.4,coverage 53,200
aiobotocore,2.6.0,coverage 54,200
aiobotocore,2.12.1,coverage 55,200
aiobotocore,2.12.0,coverage 56,200
aiobotocore,2.12.2,coverage 57,200
aiobotocore,2.9.1,coverage 58,200
aiobotocore,2.9.0,coverage 59,200
aiobotocore,2.8.0,coverage 60,200
aiobotocore,2.11.0,coverage 61,200
aiobotocore,2.11.1,coverage 62,200
aiobotocore,2.10.0,coverage 63,200
aiobotocore,3.7.0,coverage 64,200
aiobotocore,2.4.2,coverage 65,200
aiobotocore,3.3.0,coverage 66,200
aiobotocore,3.2.1,coverage 67,200
aiobotocore,2.5.2,coverage 68,200
aiobotocore,2.5.3,coverage 70,200
aiobotocore,2.5.0,coverage 71,200
aiobotocore,2.3.4,coverage 72,200
aiobotocore,3.4.0,coverage 73,200
aiobotocore,2.4.0,coverage 74,200
aiobotocore,3.1.3,coverage 75,200
aiobotocore,3.5.0,coverage 76,200
aiobotocore,2.1.2,coverage 77,200
aiobotocore,3.1.1,coverage 78,200
aiobotocore,3.2.0,coverage 79,200
aiobotocore,3.0.0,coverage 80,200
aiobotocore,3.1.0,coverage 81,200
aiobotocore,3.1.2,coverage 82,200
aiobotocore,2.5.1,coverage 83,200
aiobotocore,3.8.0,coverage 84,200
aiobotocore,1.1.2,coverage 85,200
aiobotocore,1.0.7,coverage 86,200
aiobotocore,1.0.4,coverage 87,200
aiobotocore,1.1.0,coverage 88,200
aiohttp,3.13.5,coverage 2,200
aiohttp,3.14.1,coverage 3,200
aiohttp,3.13.3,coverage 4,200
aiohttp,3.13.2,coverage 5,200
aiohttp,3.8.6,coverage 6,200
aiohttp,3.12.15,coverage 7,200
aiohttp,3.13.4,coverage 8,200
aiohttp,3.10.11,coverage 9,200
aiohttp,3.9.5,coverage 10,200
aiohttp,3.9.0,coverage 11,200
aiohttp,3.12.14,coverage 12,200
aiohttp,3.14.0,coverage 13,200
aiohttp,3.14.2,coverage 14,200
aiohttp,3.8.4,coverage 15,200
aiohttp,3.9.2,coverage 16,200
anyio,4.13.0,coverage 3,200
anyio,4.12.1,coverage 4,200
anyio,4.14.1,coverage 5,200
anyio,4.11.0,coverage 6,200
anyio,4.9.0,coverage 7,200
anyio,4.12.0,coverage 8,200
anyio,3.7.1,coverage 9,200
anyio,4.10.0,coverage 10,200
anyio,4.14.0,coverage 11,200
boto3,1.42.97,coverage 1,200
boto3,1.33.13,coverage 6,200
boto3,1.40.61,coverage 9,200
boto3,1.37.38,coverage 10,200
boto3,1.37.7,coverage 11,200
boto3,1.42.89,coverage 12,200
boto3,1.43.75,coverage 13,200
boto3,1.41.5,coverage 14,200
boto3,1.34.131,coverage 15,200
boto3,1.35.99,coverage 16,200
boto3,1.42.17,coverage 17,200
boto3,1.42.68,coverage 18,200
boto3,1.42.18,coverage 19,200
boto3,1.42.63,coverage 20,200
boto3,1.42.54,coverage 21,200
boto3,1.42.56,coverage 22,200
boto3,1.42.84,coverage 23,200
boto3,1.42.60,coverage 24,200
boto3,1.35.49,coverage 25,200
boto3,1.34.79,coverage 26,200
boto3,1.42.58,coverage 27,200
boto3,1.42.30,coverage 28,200
boto3,1.42.35,coverage 29,200
boto3,1.42.91,coverage 30,200
boto3,1.42.70,coverage 31,200
boto3,1.42.96,coverage 32,200
boto3,1.42.61,coverage 33,200
boto3,1.42.62,coverage 34,200
boto3,1.42.39,coverage 35,200
boto3,1.42.75,coverage 36,200
boto3,1.42.31,coverage 37,200
boto3,1.42.90,coverage 38,200
boto3,1.42.83,coverage 39,200
boto3,1.42.47,coverage 40,200
boto3,1.42.43,coverage 42,200
boto3,1.42.50,coverage 43,200
boto3,1.42.22,coverage 44,200
boto3,1.42.65,coverage 45,200
boto3,1.42.85,coverage 46,200
boto3,1.42.55,coverage 47,200
boto3,1.42.88,coverage 48,200
boto3,1.42.71,coverage 49,200
boto3,1.42.59,coverage 50,200
boto3,1.36.3,coverage 51,200
boto3,1.42.44,coverage 52,200
boto3,1.42.92,coverage 53,200
boto3,1.42.81,coverage 54,200
boto3,1.42.82,coverage 55,200
boto3,1.34.162,coverage 56,200
boto3,1.42.93,coverage 57,200
boto3,1.42.42,coverage 58,200
boto3,1.42.66,coverage 59,200
boto3,1.42.78,coverage 60,200
boto3,1.42.95,coverage 61,200
boto3,1.42.94,coverage 62,200
boto3,1.42.73,coverage 63,200
boto3,1.42.74,coverage 64,200
boto3,1.42.64,coverage 65,200
boto3,1.42.79,coverage 66,200
boto3,1.42.69,coverage 67,200
boto3,1.42.72,coverage 68,200
boto3,1.42.34,coverage 69,200
boto3,1.42.76,coverage 70,200
boto3,1.42.77,coverage 71,200
boto3,1.42.49,coverage 72,200
boto3,1.42.57,coverage 73,200
boto3,1.42.48,coverage 74,200
boto3,1.43.0,coverage 75,200
boto3,1.42.23,coverage 76,200
boto3,1.42.86,coverage 77,200
boto3,1.42.24,coverage 78,200
boto3,1.42.80,coverage 79,200
boto3,1.42.25,coverage 80,200
boto3,1.42.37,coverage 81,200
boto3,1.42.41,coverage 82,200
boto3,1.42.67,coverage 83,200
boto3,1.42.38,coverage 84,200
boto3,1.42.40,coverage 85,200
boto3,1.42.52,coverage 86,200
boto3,1.42.51,coverage 87,200
boto3,1.42.36,coverage 88,200
boto3,1.42.45,coverage 89,200
boto3,1.42.29,coverage 91,200
boto3,1.42.26,coverage 92,200
boto3,1.42.46,coverage 93,200
boto3,1.42.28,coverage 94,200
boto3,1.42.53,coverage 95,200
boto3,1.42.33,coverage 96,200
boto3,1.42.27,coverage 97,200
boto3,1.42.32,coverage 98,200
boto3,1.43.56,coverage 99,200
boto3,1.40.49,coverage 100,200
boto3,1.42.21,coverage 102,200
boto3,1.42.5,coverage 103,200
boto3,1.37.3,coverage 104,200
boto3,1.35.36,coverage 105,200
boto3,1.42.16,coverage 106,200
boto3,1.34.48,coverage 107,200
boto3,1.42.7,coverage 108,200
boto3,1.42.12,coverage 109,200
boto3,1.42.14,coverage 110,200
boto3,1.42.3,coverage 111,200
boto3,1.42.19,coverage 112,200
boto3,1.42.1,coverage 113,200
boto3,1.42.0,coverage 114,200
boto3,1.42.4,coverage 115,200
boto3,1.42.2,coverage 116,200
boto3,1.35.12,coverage 117,200
boto3,1.42.11,coverage 118,200
boto3,1.35.33,coverage 119,200
boto3,1.42.10,coverage 120,200
boto3,1.42.13,coverage 121,200
boto3,1.38.27,coverage 122,200
boto3,1.42.9,coverage 123,200
boto3,1.42.15,coverage 124,200
boto3,1.42.6,coverage 125,200
boto3,1.42.8,coverage 126,200
boto3,1.43.46,coverage 127,200
boto3,1.42.20,coverage 128,200
boto3,1.39.11,coverage 129,200
boto3,1.34.145,coverage 130,200
boto3,1.35.0,coverage 131,200
boto3,1.43.36,coverage 132,200
boto3,1.34.119,coverage 133,200
boto3,1.36.1,coverage 134,200
boto3,1.40.76,coverage 135,200
boto3,1.38.25,coverage 136,200
boto3,1.38.14,coverage 137,200
boto3,1.35.89,coverage 138,200
boto3,1.34.69,coverage 140,200
boto3,1.38.42,coverage 141,200
boto3,1.39.15,coverage 142,200
boto3,1.40.0,coverage 143,200
boto3,1.40.18,coverage 144,200
boto3,1.36.2,coverage 145,200
boto3,1.37.4,coverage 146,200
boto3,1.35.16,coverage 147,200
boto3,1.42.87,coverage 148,200
boto3,1.35.7,coverage 149,200
boto3,1.35.42,coverage 150,200
boto3,1.35.38,coverage 151,200
boto3,1.34.144,coverage 152,200
boto3,1.37.1,coverage 153,200
boto3,1.34.56,coverage 154,200
boto3,1.39.3,coverage 155,200
boto3,1.40.30,coverage 156,200
boto3,1.43.34,coverage 157,200
boto3,1.35.76,coverage 158,200
boto3,1.40.14,coverage 159,200
boto3,1.37.9,coverage 160,200
boto3,1.40.32,coverage 161,200
boto3,1.36.0,coverage 162,200
boto3,1.34.87,coverage 163,200
boto3,1.40.75,coverage 164,200
boto3,1.34.85,coverage 165,200
boto3,1.40.40,coverage 166,200
boto3,1.35.81,coverage 167,200
boto3,1.40.31,coverage 168,200
boto3,1.37.31,coverage 169,200
boto3,1.38.38,coverage 170,200
boto3,1.38.46,coverage 171,200
boto3,1.26.90,coverage 172,200
boto3,1.35.71,coverage 173,200
boto3,1.43.67,coverage 174,200
boto3,1.35.90,coverage 175,200
boto3,1.18.63,coverage 176,200
boto3,1.41.2,coverage 177,200
boto3,1.39.7,coverage 179,200
boto3,1.40.73,coverage 180,200
boto3,1.40.70,coverage 181,200
boto3,1.39.17,coverage 182,200
boto3,1.41.3,coverage 183,200
boto3,1.40.52,coverage 184,200
boto3,1.40.6,coverage 185,200
boto3,1.39.1,coverage 186,200
boto3,1.37.2,coverage 187,200
boto3,1.40.66,coverage 188,200
boto3,1.34.129,coverage 189,200
boto3,1.38.23,coverage 190,200
boto3,1.35.84,coverage 191,200
boto3,1.40.62,coverage 192,200
boto3,1.35.54,coverage 193,200
boto3,1.40.46,coverage 194,200
boto3,1.35.35,coverage 195,200
boto3,1.34.106,coverage 196,200
boto3,1.43.6,coverage 197,200
boto3,1.39.4,coverage 198,200
boto3,1.40.23,coverage 199,200
boto3,1.34.110,coverage 200,200
botocore,1.42.97,coverage 1,200
botocore,1.33.13,coverage 6,200
botocore,1.37.38,coverage 9,200
botocore,1.34.162,coverage 10,200
botocore,1.35.99,coverage 11,200
botocore,1.40.61,coverage 12,200
botocore,1.41.5,coverage 13,200
botocore,1.43.75,coverage 14,200
botocore,1.29.165,coverage 15,200
botocore,1.40.76,coverage 16,200
botocore,1.37.7,coverage 17,200
botocore,1.20.112,coverage 18,200
botocore,1.21.65,coverage 19,200
botocore,1.42.60,coverage 20,200
botocore,1.34.131,coverage 21,200
botocore,1.43.0,coverage 22,200
botocore,1.43.56,coverage 24,200
cryptography,46.0.7,coverage 3,200
cryptography,49.0.0,coverage 4,200
cryptography,48.0.1,coverage 5,200
cryptography,46.0.5,coverage 6,200
cryptography,47.0.0,coverage 7,200
cryptography,48.0.0,coverage 8,200
cryptography,46.0.3,coverage 9,200
cryptography,46.0.0,coverage 10,200
cryptography,45.0.7,coverage 11,200
cryptography,46.0.6,coverage 12,200
cryptography,46.0.4,coverage 13,200
cryptography,46.0.1,coverage 14,200
cryptography,46.0.2,coverage 15,200
cryptography,44.0.3,coverage 16,200
cryptography,43.0.3,coverage 17,200
cryptography,42.0.8,coverage 18,200
cryptography,40.0.2,coverage 19,200
cryptography,41.0.7,coverage 20,200
fsspec,2025.10.0,coverage 2,200
fsspec,2026.6.0,coverage 4,200
fsspec,2023.10.0,coverage 5,200
fsspec,2026.3.0,coverage 6,200
fsspec,2026.2.0,coverage 7,200
fsspec,2026.4.0,coverage 8,200
fsspec,2025.9.0,coverage 9,200
fsspec,2023.1.0,coverage 10,200
fsspec,2025.3.0,coverage 11,200
fsspec,2023.12.2,coverage 12,200
fsspec,2026.1.0,coverage 13,200
fsspec,2024.6.1,coverage 14,200
fsspec,2024.12.0,coverage 15,200
fsspec,2024.3.1,coverage 16,200
fsspec,2022.11.0,coverage 17,200
fsspec,2025.3.2,coverage 18,200
fsspec,2025.12.0,coverage 19,200
fsspec,2024.10.0,coverage 20,200
fsspec,2025.7.0,coverage 21,200
fsspec,2024.9.0,coverage 22,200
fsspec,2025.5.1,coverage 23,200
fsspec,2023.6.0,coverage 24,200
fsspec,2024.2.0,coverage 25,200
grpcio-status,1.71.2,coverage 2,200
grpcio-status,1.80.0,coverage 3,200
grpcio-status,1.62.3,coverage 4,200
grpcio-status,1.78.0,coverage 5,200
grpcio-status,1.76.0,coverage 6,200
grpcio-status,1.81.1,coverage 9,200
grpcio-status,1.75.1,coverage 10,200
grpcio-status,1.71.0,coverage 11,200
grpcio-status,1.81.0,coverage 12,200
grpcio-status,1.74.0,coverage 13,200
grpcio-status,1.70.0,coverage 14,200
grpcio-status,1.73.1,coverage 15,200
grpcio-status,1.82.1,coverage 16,200
grpcio-status,1.67.1,coverage 17,200
grpcio-status,1.67.0,coverage 18,200
grpcio-status,1.66.1,coverage 19,200
grpcio-status,1.72.1,coverage 20,200
grpcio-status,1.75.0,coverage 21,200
grpcio-status,1.73.0,coverage 22,200
grpcio-status,1.65.5,coverage 23,200
grpcio-status,1.68.0,coverage 24,200
grpcio-status,1.68.1,coverage 25,200
grpcio-status,1.64.1,coverage 26,200
grpcio-status,1.72.2,coverage 27,200
grpcio-status,1.69.0,coverage 28,200
grpcio-status,1.65.4,coverage 29,200
grpcio-status,1.66.0,coverage 30,200
grpcio-status,1.66.2,coverage 31,200
grpcio-status,1.65.1,coverage 32,200
grpcio-status,1.64.0,coverage 33,200
grpcio-status,1.63.2,coverage 34,200
grpcio-status,1.63.0,coverage 35,200
grpcio-status,1.64.3,coverage 36,200
grpcio-status,1.65.2,coverage 37,200
grpcio-status,1.82.2,coverage 38,200
grpcio-status,1.49.1,coverage 39,200
grpcio-status,1.48.2,coverage 40,200
grpcio-status,1.62.2,coverage 41,200
grpcio-status,1.60.0,coverage 42,200
grpcio-status,1.59.0,coverage 43,200
grpcio-status,1.62.1,coverage 44,200
grpcio-status,1.60.1,coverage 45,200
idna,3.18,coverage 2,200
idna,3.11,coverage 4,200
idna,3.10,coverage 5,200
idna,3.15,coverage 6,200
idna,3.13,coverage 7,200
litellm,1.83.0,coverage 3,200
litellm,1.85.7,coverage 4,200
litellm,1.82.6,coverage 5,200
litellm,1.96.2,coverage 6,200
litellm,1.89.4,coverage 7,200
litellm,1.84.0,coverage 9,200
litellm,1.93.0,coverage 10,200
litellm,1.74.15.post2,coverage 11,200
litellm,1.77.2.post1,coverage 12,200
litellm,1.72.6.post2,coverage 13,200
litellm,1.74.15.post1,coverage 14,200
litellm,1.74.0.post1,coverage 15,200
litellm,1.74.7.post2,coverage 16,200
litellm,1.74.7.post1,coverage 17,200
litellm,1.74.3.post1,coverage 18,200
litellm,1.74.0.post2,coverage 19,200
litellm,1.73.0.post1,coverage 20,200
litellm,1.92.0,coverage 22,200
litellm,1.94.0,coverage 24,200
litellm,1.89.1,coverage 25,200
litellm,1.95.0,coverage 26,200
litellm,1.80.0,coverage 27,200
litellm,1.94.3,coverage 30,200
litellm,1.91.0,coverage 31,200
litellm,1.82.0,coverage 33,200
litellm,1.89.3,coverage 34,200
litellm,1.85.0,coverage 35,200
litellm,1.96.0,coverage 36,200
litellm,1.83.14,coverage 38,200
litellm,1.86.2,coverage 39,200
litellm,1.91.4,coverage 40,200
litellm,1.75.9,coverage 41,200
litellm,1.85.1,coverage 42,200
litellm,1.91.1,coverage 43,200
litellm,1.90.0,coverage 44,200
litellm,1.89.2,coverage 45,200
litellm,1.90.2,coverage 46,200
litellm,1.88.1,coverage 47,200
litellm,1.94.1,coverage 48,200
litellm,1.87.0,coverage 49,200
litellm,1.93.2,coverage 50,200
litellm,1.91.3,coverage 51,200
litellm,1.89.0,coverage 52,200
litellm,1.84.10,coverage 53,200
litellm,1.83.10,coverage 54,200
litellm,1.80.11,coverage 55,200
litellm,1.95.1,coverage 56,200
litellm,1.81.10,coverage 57,200
litellm,1.91.5,coverage 58,200
litellm,1.85.0.dev1,coverage 59,200
litellm,1.87.1,coverage 60,200
litellm,1.63.3,coverage 61,200
litellm,1.86.0,coverage 62,200
litellm,1.86.1,coverage 63,200
litellm,1.84.1,coverage 64,200
litellm,1.88.0,coverage 65,200
litellm,1.83.7,coverage 66,200
litellm,1.86.7,coverage 67,200
litellm,1.88.6,coverage 68,200
litellm,1.90.3,coverage 69,200
litellm,1.83.9,coverage 70,200
litellm,1.88.4,coverage 71,200
litellm,1.85.4,coverage 72,200
litellm,1.89.7,coverage 73,200
litellm,1.90.1,coverage 74,200
litellm,1.92.2,coverage 75,200
litellm,1.83.13,coverage 76,200
litellm,1.84.7,coverage 77,200
litellm,1.84.8,coverage 78,200
litellm,1.85.6,coverage 79,200
litellm,1.91.2,coverage 80,200
litellm,1.83.4,coverage 81,200
litellm,1.87.5,coverage 82,200
litellm,1.83.12,coverage 83,200
litellm,1.84.9,coverage 84,200
litellm,1.81.13,coverage 85,200
litellm,1.85.5,coverage 86,200
litellm,1.93.1,coverage 87,200
litellm,1.84.4,coverage 88,200
litellm,1.89.5,coverage 89,200
litellm,1.84.6,coverage 90,200
litellm,1.80.16,coverage 91,200
litellm,1.83.8,coverage 92,200
litellm,1.92.1,coverage 93,200
litellm,1.89.6,coverage 94,200
litellm,1.83.3,coverage 95,200
litellm,1.94.2,coverage 96,200
litellm,1.88.5,coverage 97,200
litellm,1.83.11,coverage 98,200
litellm,1.85.3,coverage 99,200
litellm,1.90.7,coverage 100,200
litellm,1.87.2,coverage 101,200
litellm,1.90.6,coverage 102,200
litellm,1.83.6,coverage 103,200
litellm,1.87.3,coverage 104,200
litellm,1.86.5,coverage 105,200
litellm,1.83.2,coverage 106,200
litellm,1.83.1,coverage 107,200
litellm,1.84.5,coverage 108,200
litellm,1.84.3,coverage 109,200
litellm,1.83.5,coverage 110,200
litellm,1.85.2,coverage 111,200
litellm,1.88.2,coverage 112,200
litellm,1.90.5,coverage 113,200
litellm,1.90.4,coverage 114,200
litellm,1.86.6,coverage 115,200
litellm,1.86.4,coverage 116,200
litellm,1.88.3,coverage 117,200
litellm,1.87.4,coverage 118,200
pandas,2.3.3,coverage 2,200
pandas,2.2.3,coverage 3,200
pandas,2.0.3,coverage 5,200
pandas,2.1.4,coverage 6,200
pandas,1.2.5,coverage 7,200
pandas,1.3.5,coverage 8,200
pandas,1.5.3,coverage 9,200
pandas,3.0.3,coverage 10,200
pandas,2.2.2,coverage 11,200
pandas,1.5.1,coverage 12,200
pandas,2.3.1,coverage 13,200
pandas,3.0.2,coverage 14,200
pandas,2.3.2,coverage 15,200
pandas,3.0.1,coverage 16,200
pandas,1.0.5,coverage 17,200
pandas,3.0.0,coverage 18,200
pandas,2.2.0,coverage 19,200
pathspec,1.0.4,coverage 2,200
pathspec,0.12.1,coverage 3,200
pydantic,2.12.5,coverage 3,200
pydantic,1.10.26,coverage 4,200
pydantic,2.13.3,coverage 5,200
pydantic,2.11.7,coverage 6,200
pydantic,2.9.2,coverage 7,200
pydantic,2.11.10,coverage 8,200
pydantic,2.10.6,coverage 9,200
pydantic,1.8.2,coverage 10,200
pydantic,1.10.2,coverage 11,200
pydantic,2.12.4,coverage 12,200
pydantic,2.8.2,coverage 13,200
pydantic,2.11.9,coverage 14,200
pydantic,2.1.1,coverage 15,200
pydantic,2.12.3,coverage 16,200
pydantic,2.5.3,coverage 17,200
pydantic,2.12.0,coverage 18,200
pydantic,2.11.5,coverage 19,200
pydantic,2.11.4,coverage 20,200
pydantic,2.10.4,coverage 21,200
pydantic,2.7.2,coverage 22,200
pydantic,2.10.3,coverage 23,200
pydantic,2.14.0b2,coverage 24,200
pydantic,2.13.2,coverage 25,200
pydantic,2.13.0,coverage 26,200
pydantic,2.7.1,coverage 27,200
pydantic,2.11.3,coverage 28,200
pydantic,2.13.1,coverage 29,200
pydantic-core,2.46.5,coverage 1,200
pydantic-core,2.46.4,coverage 2,200
pydantic-core,2.41.5,coverage 3,200
pydantic-core,2.33.2,coverage 4,200
pydantic-core,2.46.3,coverage 5,200
pydantic-core,2.27.2,coverage 6,200
pydantic-core,2.23.4,coverage 7,200
pydantic-core,2.20.1,coverage 8,200
pydantic-core,2.41.4,coverage 9,200
pydantic-core,2.4.0,coverage 10,200
pydantic-core,2.14.6,coverage 12,200
pydantic-core,2.41.1,coverage 13,200
pyjwt,2.12.1,coverage 4,200
pyjwt,2.10.1,coverage 5,200
pyjwt,2.9.0,coverage 6,200
pyjwt,2.8.0,coverage 7,200
pytest,8.4.1,coverage 2,200
pytest,9.0.3,coverage 3,200
pytest,8.4.2,coverage 4,200
pytest,9.0.2,coverage 5,200
pytest,8.3.5,coverage 6,200
pytest,7.4.4,coverage 7,200
pytest,8.3.4,coverage 8,200
pytest,8.3.3,coverage 9,200
pytest,9.0.1,coverage 10,200
pytest,9.1.0,coverage 11,200
pytest,6.2.5,coverage 12,200
pytest,7.1.3,coverage 13,200
python-dotenv,1.2.2,coverage 2,200
python-dotenv,1.2.1,coverage 3,200
python-dotenv,1.0.1,coverage 4,200
python-dotenv,1.1.1,coverage 5,200
python-dotenv,0.17.1,coverage 6,200
requests,2.32.5,coverage 2,200
requests,2.33.1,coverage 3,200
requests,2.31.0,coverage 4,200
requests,2.33.0,coverage 5,200
requests,2.32.3,coverage 6,200
requests,2.32.4,coverage 7,200
requests,2.27.1,coverage 8,200
s3transfer,0.16.1,coverage 2,200
s3transfer,0.10.4,coverage 3,200
s3transfer,0.14.0,coverage 4,200
s3transfer,0.8.2,coverage 5,200
s3transfer,0.11.5,coverage 6,200
s3transfer,0.16.0,coverage 7,200
s3transfer,0.6.2,coverage 8,200
s3transfer,0.19.0,coverage 9,200
s3transfer,0.13.1,coverage 10,200
s3transfer,0.5.2,coverage 11,200
s3transfer,0.17.0,coverage 12,200
s3transfer,0.11.3,coverage 13,200
s3transfer,0.15.0,coverage 14,200
s3transfer,0.18.0,coverage 15,200
s3transfer,0.19.1,coverage 16,200
s3transfer,0.17.1,coverage 17,200
s3transfer,0.12.0,coverage 18,200
starlette,1.3.1,coverage 3,200
starlette,1.0.0,coverage 4,200
starlette,0.52.1,coverage 5,200
starlette,0.50.0,coverage 6,200
starlette,0.46.2,coverage 7,200
starlette,0.41.3,coverage 8,200
starlette,0.38.6,coverage 9,200
starlette,0.49.3,coverage 10,200
starlette,0.37.2,coverage 11,200
starlette,0.47.3,coverage 12,200
starlette,0.48.0,coverage 13,200
starlette,1.2.1,coverage 14,200
starlette,0.49.1,coverage 15,200
tqdm,4.67.3,coverage 2,200
tqdm,4.67.1,coverage 3,200
tqdm,4.68.3,coverage 5,200
tqdm,4.68.4,coverage 6,200
tqdm,4.68.2,coverage 7,200
tqdm,4.69.0,coverage 8,200
typing-inspection,0.4.2,coverage 2,200
uvicorn,0.49.0,coverage 4,200
uvicorn,0.44.0,coverage 5,200
uvicorn,0.41.0,coverage 6,200
uvicorn,0.46.0,coverage 7,200
uvicorn,0.40.0,coverage 8,200
uvicorn,0.51.0,coverage 9,200
uvicorn,0.35.0,coverage 10,200
uvicorn,0.52.1,coverage 11,200
uvicorn,0.42.0,coverage 12,200
uvicorn,0.38.0,coverage 13,200
uvicorn,0.34.0,coverage 14,200
uvicorn,0.34.3,coverage 15,200
uvicorn,0.48.0,coverage 16,200
uvicorn,0.32.1,coverage 17,200
uvicorn,0.30.6,coverage 18,200
uvicorn,0.47.0,coverage 19,200
uvicorn,0.37.0,coverage 20,200
uvicorn,0.52.3,coverage 21,200
uvicorn,0.52.0,coverage 22,200
uvicorn,0.34.2,coverage 23,200
uvicorn,0.23.2,coverage 24,200
uvicorn,0.32.0,coverage 25,200
setuptools,82.0.1,coverage 2,200
setuptools,83.0.0,coverage 3,200
setuptools,80.9.0,coverage 4,200
setuptools,81.0.0,coverage 5,200
setuptools,80.10.2,coverage 6,200
setuptools,68.0.0,coverage 7,200
setuptools,75.3.4,coverage 8,200
setuptools,78.1.1,coverage 9,200
setuptools,69.2.0,coverage 10,200
setuptools,82.0.0,coverage 11,200
setuptools,69.5.1,coverage 12,200
setuptools,68.2.2,coverage 13,200
setuptools,75.8.0,coverage 14,200
setuptools,70.3.0,coverage 15,200
setuptools,79.0.1,coverage 16,200
yarl,1.22.0,coverage 2,200
yarl,1.24.5,coverage 3,200
yarl,1.23.0,coverage 4,200
yarl,1.24.2,coverage 5,200
yarl,1.20.1,coverage 6,200
yarl,1.9.4,coverage 7,200
jsonschema,4.25.1,coverage 2,200
jsonschema,4.23.0,coverage 3,200
jsonschema,4.17.3,coverage 4,200
jsonschema,4.24.0,coverage 5,200
rich,14.3.3,coverage 2,200
rich,13.9.4,coverage 3,200
rich,14.3.4,coverage 4,200
rich,14.2.0,coverage 5,200
rich,14.1.0,coverage 6,200
rich,14.3.2,coverage 7,200
markdown-it-py,4.0.0,coverage 2,200
markdown-it-py,3.0.0,coverage 3,200
multidict,6.7.1,coverage 2,200
multidict,6.7.0,coverage 4,200
multidict,6.0.5,coverage 5,200
multidict,6.8.0,coverage 6,200
multidict,6.1.0,coverage 7,200
multidict,6.6.4,coverage 8,200
s3fs,0.4.2,coverage 1,200
s3fs,2023.12.2,coverage 2,200
s3fs,2025.10.0,coverage 3,200
s3fs,2025.9.0,coverage 4,200
s3fs,2024.6.1,coverage 6,200
s3fs,2024.3.1,coverage 7,200
s3fs,2024.10.0,coverage 8,200
s3fs,2023.1.0,coverage 9,200
s3fs,2025.2.0,coverage 10,200
s3fs,2024.12.0,coverage 11,200
s3fs,2021.7.0,coverage 12,200
s3fs,2023.6.0,coverage 13,200
s3fs,2025.3.2,coverage 14,200
s3fs,2026.1.0,coverage 15,200
s3fs,2024.9.0,coverage 16,200
s3fs,2025.3.0,coverage 17,200
s3fs,2025.5.1,coverage 18,200
s3fs,2025.7.0,coverage 19,200
s3fs,2024.2.0,coverage 20,200
s3fs,2024.6.0,coverage 21,200
s3fs,2023.9.1,coverage 22,200
s3fs,2023.10.0,coverage 23,200
s3fs,2025.5.0,coverage 24,200
s3fs,2024.5.0,coverage 25,200
s3fs,2024.3.0,coverage 26,200
s3fs,2022.5.0,coverage 27,200
s3fs,2023.9.2,coverage 28,200
s3fs,2023.12.1,coverage 29,200
s3fs,2023.9.0,coverage 30,200
s3fs,2023.5.0,coverage 31,200
s3fs,2025.3.1,coverage 32,200
s3fs,2021.10.0,coverage 33,200
s3fs,0.5.2,coverage 34,200
s3fs,2022.2.0,coverage 35,200
s3fs,2021.8.1,coverage 36,200
s3fs,2022.1.0,coverage 37,200
s3fs,2021.11.1,coverage 38,200
s3fs,2026.2.0,coverage 39,200
s3fs,2023.3.0,coverage 40,200
s3fs,0.6.0,coverage 41,200
s3fs,2022.3.0,coverage 42,200
s3fs,2022.7.1,coverage 43,200
s3fs,2022.8.2,coverage 44,200
s3fs,2021.10.1,coverage 45,200
s3fs,2022.10.0,coverage 46,200
s3fs,2021.9.0,coverage 47,200
s3fs,2022.8.0,coverage 48,200
s3fs,2022.8.1,coverage 49,200
s3fs,2021.8.0,coverage 50,200
s3fs,2022.7.0,coverage 51,200
s3fs,2021.11.0,coverage 52,200
s3fs,0.5.1,coverage 53,200
s3fs,2021.4.0,coverage 54,200
s3fs,2021.5.0,coverage 55,200
s3fs,2021.6.1,coverage 56,200
s3fs,2021.6.0,coverage 57,200
s3fs,2023.4.0,coverage 58,200
s3fs,0.5.0,coverage 59,200
s3fs,2026.7.0,coverage 60,200
s3fs,2022.11.0,coverage 61,200
fastapi,0.136.3,coverage 2,200
fastapi,0.135.3,coverage 3,200
fastapi,0.136.1,coverage 4,200
fastapi,0.139.0,coverage 5,200
fastapi,0.135.1,coverage 6,200
fastapi,0.133.1,coverage 7,200
fastapi,0.139.2,coverage 8,200
fastapi,0.115.6,coverage 9,200
fastapi,0.115.0,coverage 10,200
fastapi,0.128.0,coverage 11,200
fastapi,0.115.14,coverage 12,200
fastapi,0.116.1,coverage 13,200
fastapi,0.136.0,coverage 14,200
fastapi,0.115.12,coverage 15,200
fastapi,0.135.2,coverage 16,200
fastapi,0.128.8,coverage 17,200
fastapi,0.133.0,coverage 18,200
fastapi,0.138.0,coverage 19,200
fastapi,0.115.5,coverage 20,200
fastapi,0.137.2,coverage 21,200
fastapi,0.137.1,coverage 22,200
fastapi,0.138.2,coverage 23,200
fastapi,0.138.1,coverage 24,200
fastapi,0.135.4,coverage 25,200
referencing,0.36.2,coverage 2,200
wheel,0.45.1,coverage 2,200
wheel,0.42.0,coverage 3,200
wheel,0.43.0,coverage 4,200
wheel,0.47.0,coverage 5,200
wheel,0.46.3,coverage 6,200
google-auth,2.50.0,coverage 3,200
google-auth,2.48.0,coverage 4,200
google-auth,2.49.2,coverage 5,200
google-auth,2.53.0,coverage 6,200
google-auth,2.56.3,coverage 7,200
google-auth,2.49.1,coverage 8,200
google-auth,2.57.0,coverage 9,200
google-auth,2.40.3,coverage 10,200
google-auth,2.55.1,coverage 11,200
google-auth,2.56.2,coverage 12,200
google-auth,2.57.1,coverage 13,200
google-auth,2.55.0,coverage 14,200
google-auth,2.47.0,coverage 15,200
google-auth,2.52.0,coverage 16,200
google-auth,2.35.0,coverage 17,200
google-auth,2.55.2,coverage 18,200
google-auth,2.56.0,coverage 19,200
google-auth,2.45.0,coverage 20,200
google-auth,2.49.0,coverage 21,200
google-auth,2.38.0,coverage 22,200
google-auth,2.29.0,coverage 23,200
google-auth,2.43.0,coverage 24,200
google-auth,2.34.0,coverage 25,200
pillow,11.3.0,coverage 2,200
pillow,12.2.0,coverage 3,200
pillow,10.4.0,coverage 4,200
pillow,12.1.1,coverage 5,200
pillow,8.3.2,coverage 6,200
pillow,12.0.0,coverage 7,200
pillow,9.5.0,coverage 8,200
pillow,11.2.1,coverage 9,200
pillow,8.2.0,coverage 10,200
googleapis-common-protos,1.75.0,coverage 2,200
googleapis-common-protos,1.72.0,coverage 4,200
googleapis-common-protos,1.74.0,coverage 5,200
googleapis-common-protos,1.73.0,coverage 6,200
googleapis-common-protos,1.75.1,coverage 7,200
googleapis-common-protos,1.70.0,coverage 8,200
googleapis-common-protos,1.75.2,coverage 9,200
googleapis-common-protos,1.65.0,coverage 10,200
googleapis-common-protos,1.71.0,coverage 11,200
googleapis-common-protos,1.73.1,coverage 12,200
googleapis-common-protos,1.66.0,coverage 13,200
googleapis-common-protos,1.69.2,coverage 14,200
googleapis-common-protos,1.56.4,coverage 15,200
importlib-metadata,8.7.1,coverage 1,200
importlib-metadata,8.9.0,coverage 3,200
importlib-metadata,8.5.0,coverage 4,200
importlib-metadata,6.7.0,coverage 5,200
importlib-metadata,8.7.0,coverage 6,200
importlib-metadata,4.13.0,coverage 7,200
importlib-metadata,6.11.0,coverage 8,200
importlib-metadata,8.6.1,coverage 9,200
importlib-metadata,9.0.0,coverage 10,200
importlib-metadata,7.1.0,coverage 11,200
importlib-metadata,8.4.0,coverage 12,200
importlib-metadata,7.2.1,coverage 13,200
zipp,3.23.0,coverage 2,200
zipp,3.23.1,coverage 3,200
zipp,3.15.0,coverage 4,200
zipp,3.20.2,coverage 5,200
zipp,3.21.0,coverage 6,200
zipp,3.18.2,coverage 7,200
zipp,3.22.0,coverage 8,200
opentelemetry-semantic-conventions,0.65b0,coverage 1,200
opentelemetry-semantic-conventions,0.60b1,coverage 2,200
opentelemetry-semantic-conventions,0.63b1,coverage 3,200
opentelemetry-semantic-conventions,0.58b0,coverage 4,200
opentelemetry-semantic-conventions,0.61b0,coverage 6,200
opentelemetry-semantic-conventions,0.62b1,coverage 7,200
opentelemetry-semantic-conventions,0.55b0,coverage 8,200
opentelemetry-semantic-conventions,0.64b0,coverage 9,200
opentelemetry-semantic-conventions,0.59b0,coverage 10,200
opentelemetry-semantic-conventions,0.62b0,coverage 11,200
opentelemetry-semantic-conventions,0.57b0,coverage 12,200
opentelemetry-semantic-conventions,0.56b0,coverage 13,200
opentelemetry-semantic-conventions,0.54b1,coverage 14,200
opentelemetry-semantic-conventions,0.46b0,coverage 15,200
opentelemetry-semantic-conventions,0.48b0,coverage 16,200
opentelemetry-semantic-conventions,0.60b0,coverage 17,200
opentelemetry-semantic-conventions,0.49b0,coverage 18,200
virtualenv,20.39.1,coverage 4,200
virtualenv,20.36.1,coverage 7,200
virtualenv,21.2.0,coverage 10,200
virtualenv,20.35.4,coverage 12,200
virtualenv,21.7.9,coverage 13,200
virtualenv,20.26.6,coverage 14,200
virtualenv,21.3.3,coverage 15,200
virtualenv,21.4.2,coverage 16,200
virtualenv,21.7.8,coverage 17,200
virtualenv,21.2.4,coverage 18,200
virtualenv,21.5.1,coverage 19,200
virtualenv,21.7.4,coverage 20,200
virtualenv,21.7.0,coverage 21,200
virtualenv,20.34.0,coverage 22,200
virtualenv,20.21.1,coverage 23,200
virtualenv,21.3.1,coverage 24,200
virtualenv,21.1.0,coverage 25,200
virtualenv,21.7.1,coverage 26,200
virtualenv,21.6.1,coverage 27,200
virtualenv,20.31.2,coverage 28,200
virtualenv,21.3.0,coverage 29,200
virtualenv,21.6.0,coverage 30,200
virtualenv,20.38.0,coverage 31,200
virtualenv,21.4.3,coverage 32,200
virtualenv,21.7.10,coverage 33,200
virtualenv,20.32.0,coverage 34,200
virtualenv,21.4.1,coverage 35,200
virtualenv,21.7.7,coverage 36,200
virtualenv,21.7.5,coverage 37,200
virtualenv,20.35.3,coverage 38,200
virtualenv,20.29.2,coverage 39,200
virtualenv,20.39.0,coverage 40,200
virtualenv,21.3.2,coverage 41,200
virtualenv,21.7.3,coverage 42,200
virtualenv,21.2.3,coverage 43,200
virtualenv,21.2.1,coverage 44,200
virtualenv,21.7.14,coverage 45,200
virtualenv,20.30.0,coverage 46,200
virtualenv,21.5.0,coverage 47,200
virtualenv,20.33.1,coverage 48,200
virtualenv,20.28.0,coverage 49,200
virtualenv,20.29.3,coverage 50,200
virtualenv,20.25.0,coverage 51,200
hatchling,1.32.0,coverage 2,200
hatchling,1.32.3,coverage 3,200
hatchling,1.31.0,coverage 4,200
hatchling,1.27.0,coverage 5,200
pydantic-settings,2.14.2,coverage 2,200
pydantic-settings,2.13.1,coverage 3,200
pydantic-settings,2.12.0,coverage 4,200
pydantic-settings,2.14.1,coverage 5,200
pydantic-settings,2.10.1,coverage 6,200
pydantic-settings,2.11.0,coverage 7,200
pydantic-settings,2.14.0,coverage 8,200
pydantic-settings,2.9.1,coverage 9,200
wrapt,1.17.3,coverage 1,200
wrapt,2.1.2,coverage 3,200
wrapt,2.2.2,coverage 4,200
wrapt,1.16.0,coverage 5,200
wrapt,2.3.0,coverage 6,200
wrapt,1.17.2,coverage 8,200
wrapt,2.4.0,coverage 9,200
wrapt,2.2.1,coverage 10,200
wrapt,2.0.1,coverage 11,200
opentelemetry-api,1.39.1,coverage 3,200
opentelemetry-api,1.42.1,coverage 4,200
opentelemetry-api,1.37.0,coverage 5,200
opentelemetry-api,1.40.0,coverage 6,200
opentelemetry-api,1.41.1,coverage 7,200
opentelemetry-api,1.43.0,coverage 8,200
opentelemetry-api,1.34.0,coverage 9,200
opentelemetry-api,1.38.0,coverage 10,200
opentelemetry-api,1.41.0,coverage 11,200
opentelemetry-api,1.27.0,coverage 12,200
opentelemetry-api,1.36.0,coverage 13,200
opentelemetry-api,1.35.0,coverage 14,200
opentelemetry-api,1.33.1,coverage 15,200
huggingface-hub,0.36.2,coverage 3,200
huggingface-hub,1.9.2,coverage 5,200
huggingface-hub,1.16.1,coverage 6,200
huggingface-hub,1.21.0,coverage 7,200
huggingface-hub,1.31.0,coverage 8,200
huggingface-hub,0.36.0,coverage 9,200
huggingface-hub,1.27.0,coverage 10,200
huggingface-hub,1.8.0,coverage 11,200
huggingface-hub,1.26.0,coverage 12,200
huggingface-hub,1.29.0,coverage 13,200
huggingface-hub,1.30.0,coverage 14,200
huggingface-hub,1.28.0,coverage 15,200
huggingface-hub,1.24.0,coverage 16,200
huggingface-hub,1.14.0,coverage 17,200
huggingface-hub,1.5.0,coverage 18,200
huggingface-hub,1.13.0,coverage 19,200
huggingface-hub,1.7.1,coverage 20,200
huggingface-hub,1.23.0,coverage 21,200
huggingface-hub,1.11.0,coverage 22,200
huggingface-hub,0.34.4,coverage 23,200
huggingface-hub,1.4.1,coverage 24,200
huggingface-hub,1.6.0,coverage 25,200
huggingface-hub,1.15.0,coverage 26,200
huggingface-hub,1.22.0,coverage 27,200
huggingface-hub,0.35.3,coverage 28,200
huggingface-hub,1.17.0,coverage 29,200
huggingface-hub,1.18.0,coverage 30,200
huggingface-hub,1.10.1,coverage 31,200
huggingface-hub,1.25.1,coverage 32,200
huggingface-hub,1.10.2,coverage 33,200
huggingface-hub,1.12.0,coverage 34,200
huggingface-hub,1.20.1,coverage 35,200
huggingface-hub,0.30.2,coverage 36,200
huggingface-hub,1.19.0,coverage 37,200
huggingface-hub,1.7.2,coverage 38,200
huggingface-hub,1.2.3,coverage 39,200
huggingface-hub,1.3.2,coverage 40,200
huggingface-hub,0.16.4,coverage 41,200
huggingface-hub,1.9.0,coverage 42,200
huggingface-hub,1.26.1,coverage 43,200
huggingface-hub,1.16.4,coverage 44,200
huggingface-hub,0.29.3,coverage 45,200
huggingface-hub,0.34.6,coverage 46,200
huggingface-hub,0.17.3,coverage 47,200
huggingface-hub,1.1.7,coverage 48,200
huggingface-hub,1.3.4,coverage 49,200
huggingface-hub,0.34.3,coverage 50,200
huggingface-hub,1.3.1,coverage 51,200
huggingface-hub,0.35.0,coverage 52,200
huggingface-hub,0.25.2,coverage 53,200
huggingface-hub,1.9.1,coverage 54,200
huggingface-hub,0.26.2,coverage 55,200
huggingface-hub,1.3.5,coverage 56,200
huggingface-hub,0.27.1,coverage 57,200
huggingface-hub,0.33.2,coverage 58,200
huggingface-hub,1.12.2,coverage 59,200
huggingface-hub,0.28.1,coverage 60,200
huggingface-hub,0.33.0,coverage 61,200
huggingface-hub,0.32.4,coverage 62,200
huggingface-hub,1.1.4,coverage 63,200
huggingface-hub,0.33.4,coverage 64,200
huggingface-hub,0.24.5,coverage 65,200
huggingface-hub,1.2.4,coverage 66,200
huggingface-hub,1.1.5,coverage 67,200
huggingface-hub,0.18.0,coverage 68,200
huggingface-hub,0.36.1,coverage 69,200
huggingface-hub,0.25.0,coverage 70,200
huggingface-hub,0.35.2,coverage 71,200
huggingface-hub,1.16.0,coverage 72,200
huggingface-hub,0.19.4,coverage 73,200
huggingface-hub,0.24.7,coverage 74,200
huggingface-hub,0.35.1,coverage 75,200
huggingface-hub,1.3.7,coverage 76,200
huggingface-hub,1.4.0,coverage 77,200
huggingface-hub,1.1.6,coverage 78,200
huggingface-hub,0.34.0,coverage 79,200
huggingface-hub,0.33.1,coverage 80,200
huggingface-hub,0.24.6,coverage 81,200
huggingface-hub,0.33.5,coverage 82,200
huggingface-hub,1.3.3,coverage 83,200
huggingface-hub,0.20.3,coverage 84,200
huggingface-hub,0.26.5,coverage 85,200
huggingface-hub,0.31.2,coverage 86,200
huggingface-hub,0.23.4,coverage 87,200
huggingface-hub,0.26.0,coverage 88,200
huggingface-hub,0.27.0,coverage 89,200
huggingface-hub,0.23.3,coverage 90,200
huggingface-hub,1.20.0,coverage 91,200
huggingface-hub,0.22.2,coverage 92,200
huggingface-hub,0.15.1,coverage 93,200
huggingface-hub,0.31.4,coverage 94,200
huggingface-hub,0.23.5,coverage 95,200
opentelemetry-sdk,1.39.1,coverage 2,200
opentelemetry-sdk,1.42.1,coverage 3,200
opentelemetry-sdk,1.37.0,coverage 4,200
opentelemetry-sdk,1.40.0,coverage 6,200
opentelemetry-sdk,1.41.1,coverage 7,200
opentelemetry-sdk,1.34.0,coverage 8,200
opentelemetry-sdk,1.43.0,coverage 9,200
opentelemetry-sdk,1.38.0,coverage 10,200
opentelemetry-sdk,1.41.0,coverage 11,200
opentelemetry-sdk,1.36.0,coverage 12,200
opentelemetry-sdk,1.35.0,coverage 13,200
opentelemetry-sdk,1.25.0,coverage 14,200
opentelemetry-sdk,1.33.1,coverage 15,200
opentelemetry-sdk,1.27.0,coverage 16,200
opentelemetry-sdk,1.39.0,coverage 17,200
tenacity,9.1.2,coverage 2,200
tenacity,8.5.0,coverage 3,200
tenacity,9.0.0,coverage 4,200
google-api-core,2.30.3,coverage 2,200
google-api-core,2.34.0,coverage 4,200
google-api-core,2.29.0,coverage 5,200
google-api-core,2.31.0,coverage 6,200
google-api-core,2.30.0,coverage 7,200
google-api-core,2.33.0,coverage 8,200
google-api-core,2.36.0,coverage 9,200
google-api-core,2.28.1,coverage 10,200
google-api-core,2.25.1,coverage 11,200
google-api-core,2.37.0,coverage 12,200
google-api-core,2.24.2,coverage 13,200
google-api-core,2.25.2,coverage 14,200
google-api-core,2.32.0,coverage 15,200
google-api-core,2.25.0,coverage 16,200
google-api-core,2.30.2,coverage 17,200
google-api-core,2.19.2,coverage 18,200
google-api-core,2.22.0,coverage 19,200
google-api-core,2.24.1,coverage 20,200
google-api-core,2.19.1,coverage 21,200
google-api-core,2.26.0,coverage 22,200
google-api-core,2.19.0,coverage 23,200
google-api-core,2.30.1,coverage 24,200
google-api-core,2.11.1,coverage 25,200
google-api-core,2.12.0,coverage 26,200
google-api-core,2.15.0,coverage 27,200
google-api-core,2.27.0,coverage 28,200
google-api-core,2.24.0,coverage 29,200
google-api-core,1.34.1,coverage 30,200
google-api-core,2.23.0,coverage 31,200
google-api-core,2.20.0,coverage 32,200
google-api-core,2.28.0,coverage 33,200
google-api-core,2.11.0,coverage 34,200
google-api-core,2.17.1,coverage 35,200
textual,8.2.7,coverage 2,200
textual,6.2.1,coverage 3,200
textual,8.2.4,coverage 4,200
textual,8.0.0,coverage 5,200
textual,8.2.3,coverage 6,200
textual,7.5.0,coverage 7,200
textual,4.0.0,coverage 8,200
textual,6.5.0,coverage 9,200
textual,5.3.0,coverage 10,200
textual,3.7.1,coverage 11,200
textual,8.2.1,coverage 12,200
textual,0.89.1,coverage 13,200
textual,1.0.0,coverage 14,200
textual,8.2.6,coverage 15,200
textual,8.1.1,coverage 16,200
textual,8.2.5,coverage 17,200
textual,6.6.0,coverage 18,200
textual,8.0.2,coverage 19,200
textual,3.5.0,coverage 20,200
textual,7.3.0,coverage 21,200
textual,6.1.0,coverage 22,200
openai,2.54.0,coverage 1,200
openai,2.30.0,coverage 3,200
openai,1.109.1,coverage 5,200
openai,2.24.0,coverage 7,200
openai,2.26.0,coverage 9,200
openai,2.44.0,coverage 10,200
openai,2.48.0,coverage 11,200
openai,2.45.0,coverage 12,200
openai,2.53.0,coverage 13,200
openai,2.36.0,coverage 14,200
openai,1.35.12,coverage 15,200
openai,2.38.0,coverage 16,200
openai,2.46.0,coverage 17,200
openai,3.8.0,coverage 18,200
openai,2.32.0,coverage 19,200
openai,2.29.0,coverage 20,200
openai,2.14.0,coverage 22,200
openai,3.3.1,coverage 24,200
openai,3.13.0,coverage 25,200
openai,0.28.1,coverage 26,200
openai,3.6.0,coverage 27,200
openai,2.37.0,coverage 28,200
openai,3.3.0,coverage 29,200
openai,2.33.0,coverage 30,200
openai,2.43.0,coverage 31,200
openai,2.15.0,coverage 32,200
openai,2.31.0,coverage 33,200
openai,2.41.1,coverage 34,200
openai,2.41.0,coverage 35,200
openai,2.50.0,coverage 36,200
openai,2.6.1,coverage 37,200
openai,3.14.1,coverage 38,200
openai,2.21.0,coverage 39,200
openai,2.51.0,coverage 40,200
openai,2.52.0,coverage 41,200
openai,1.99.9,coverage 42,200
openai,2.40.0,coverage 43,200
openai,3.2.0,coverage 44,200
openai,2.16.0,coverage 45,200
openai,1.78.1,coverage 46,200
openai,1.52.2,coverage 47,200
openai,2.8.1,coverage 48,200
openai,2.28.0,coverage 49,200
openai,3.14.0,coverage 50,200
openai,2.20.0,coverage 51,200
openai,3.5.0,coverage 52,200
openai,1.47.1,coverage 53,200
openai,1.59.2,coverage 54,200
openai,3.0.0,coverage 55,200
openai,3.11.0,coverage 56,200
openai,2.47.0,coverage 57,200
openai,3.15.0,coverage 58,200
openai,1.101.0,coverage 59,200
openai,3.7.0,coverage 60,200
openai,1.55.3,coverage 61,200
openai,2.34.0,coverage 62,200
openai,3.10.0,coverage 63,200
openai,3.1.0,coverage 64,200
openai,1.75.0,coverage 65,200
openai,2.7.2,coverage 66,200
openai,1.97.1,coverage 67,200
openai,2.17.0,coverage 68,200
openai,1.58.1,coverage 69,200
openai,2.11.0,coverage 70,200
openai,1.107.2,coverage 71,200
openai,1.82.0,coverage 72,200
openai,2.49.0,coverage 73,200
openai,1.99.1,coverage 74,200
openai,2.9.0,coverage 75,200
openai,1.84.0,coverage 76,200
openai,2.3.0,coverage 77,200
openai,3.16.0,coverage 78,200
openai,2.35.1,coverage 79,200
openai,3.9.0,coverage 80,200
grpcio,1.80.0,coverage 2,200
grpcio,1.78.0,coverage 3,200
grpcio,1.76.0,coverage 4,200
grpcio,1.83.0,coverage 5,200
grpcio,1.81.1,coverage 6,200
grpcio,1.83.1,coverage 7,200
grpcio,1.82.1,coverage 8,200
grpcio,1.70.0,coverage 9,200
grpcio,1.81.0,coverage 10,200
grpcio,1.75.1,coverage 11,200
grpcio,1.74.0,coverage 12,200
grpcio,1.71.0,coverage 13,200
grpcio,1.62.3,coverage 14,200
grpcio,1.78.1,coverage 15,200
grpcio,1.60.2,coverage 16,200
grpcio,1.67.1,coverage 17,200
grpcio,1.65.5,coverage 18,200
grpcio,1.73.1,coverage 19,200
grpcio,1.82.0,coverage 20,200
grpcio,1.49.1,coverage 21,200
beautifulsoup4,4.14.3,coverage 2,200
beautifulsoup4,4.12.3,coverage 3,200
beautifulsoup4,4.13.4,coverage 4,200
beautifulsoup4,4.13.5,coverage 5,200
beautifulsoup4,4.12.2,coverage 6,200
beautifulsoup4,4.14.2,coverage 7,200
sqlalchemy,2.0.51,coverage 2,200
sqlalchemy,2.0.52,coverage 3,200
sqlalchemy,2.0.49,coverage 5,200
sqlalchemy,1.4.54,coverage 6,200
sqlalchemy,2.0.48,coverage 7,200
sqlalchemy,2.0.50,coverage 9,200
sqlalchemy,2.0.41,coverage 10,200
sqlalchemy,2.0.46,coverage 11,200
sqlalchemy,2.0.36,coverage 12,200
sqlalchemy,2.0.43,coverage 13,200
sqlalchemy,2.0.45,coverage 14,200
sqlalchemy,2.0.44,coverage 15,200
sqlalchemy,2.0.38,coverage 16,200
sqlalchemy,2.0.40,coverage 17,200
sqlalchemy,2.0.35,coverage 18,200
sqlalchemy,2.0.23,coverage 19,200
sqlalchemy,2.0.30,coverage 20,200
sqlalchemy,2.0.42,coverage 21,200
sqlalchemy,1.4.46,coverage 22,200
sqlalchemy,2.0.47,coverage 23,200
sqlalchemy,2.0.53,coverage 24,200
sqlalchemy,2.0.31,coverage 25,200
scipy,1.17.1,coverage 1,200
scipy,1.13.1,coverage 3,200
scipy,1.15.3,coverage 4,200
scipy,1.18.0,coverage 5,200
scipy,1.16.3,coverage 6,200
scipy,1.7.3,coverage 7,200
scipy,1.5.4,coverage 8,200
scipy,1.17.0,coverage 9,200
scipy,1.14.1,coverage 10,200
scipy,1.10.1,coverage 11,200
scipy,1.11.4,coverage 12,200
scipy,1.16.2,coverage 13,200
scipy,1.16.1,coverage 14,200
scipy,1.15.2,coverage 15,200
scipy,1.12.0,coverage 16,200
watchfiles,1.1.1,coverage 3,200
opentelemetry-proto,1.39.1,coverage 2,200
opentelemetry-proto,1.37.0,coverage 3,200
opentelemetry-proto,1.42.1,coverage 5,200
opentelemetry-proto,1.40.0,coverage 6,200
opentelemetry-proto,1.34.0,coverage 7,200
opentelemetry-proto,1.41.1,coverage 8,200
opentelemetry-proto,1.43.0,coverage 9,200
opentelemetry-proto,1.27.0,coverage 10,200
opentelemetry-proto,1.38.0,coverage 11,200
opentelemetry-proto,1.41.0,coverage 12,200
opentelemetry-proto,1.35.0,coverage 13,200
opentelemetry-proto,1.36.0,coverage 14,200
opentelemetry-proto,1.25.0,coverage 15,200
opentelemetry-proto,1.33.1,coverage 16,200
psutil,7.0.0,coverage 2,200
psutil,5.9.8,coverage 3,200
psutil,7.1.3,coverage 4,200
psutil,6.1.1,coverage 5,200
psutil,6.0.0,coverage 6,200
psutil,7.2.1,coverage 7,200
psutil,6.1.0,coverage 8,200
opentelemetry-instrumentation,0.65b0,coverage 1,200
opentelemetry-instrumentation,0.58b0,coverage 2,200
opentelemetry-instrumentation,0.60b1,coverage 3,200
opentelemetry-instrumentation,0.63b1,coverage 4,200
opentelemetry-instrumentation,0.64b0,coverage 5,200
opentelemetry-instrumentation,0.61b0,coverage 6,200
opentelemetry-instrumentation,0.62b1,coverage 7,200
opentelemetry-instrumentation,0.59b0,coverage 9,200
opentelemetry-instrumentation,0.62b0,coverage 10,200
opentelemetry-instrumentation,0.57b0,coverage 11,200
opentelemetry-instrumentation,0.56b0,coverage 12,200
opentelemetry-instrumentation,0.60b0,coverage 13,200
opentelemetry-instrumentation,0.54b1,coverage 14,200
opentelemetry-instrumentation,0.46b0,coverage 15,200
opentelemetry-instrumentation,0.52b1,coverage 16,200
opentelemetry-instrumentation,0.48b0,coverage 17,200
opentelemetry-instrumentation,0.63b0,coverage 18,200
opentelemetry-instrumentation,0.51b0,coverage 19,200
requests-oauthlib,1.3.1,coverage 2,200
opentelemetry-exporter-otlp-proto-http,1.39.1,coverage 2,200
opentelemetry-exporter-otlp-proto-http,1.37.0,coverage 3,200
opentelemetry-exporter-otlp-proto-http,1.34.0,coverage 4,200
opentelemetry-exporter-otlp-proto-http,1.42.1,coverage 5,200
opentelemetry-exporter-otlp-proto-http,1.40.0,coverage 7,200
opentelemetry-exporter-otlp-proto-http,1.41.1,coverage 8,200
opentelemetry-exporter-otlp-proto-http,1.43.0,coverage 9,200
opentelemetry-exporter-otlp-proto-http,1.38.0,coverage 10,200
opentelemetry-exporter-otlp-proto-http,1.35.0,coverage 11,200
opentelemetry-exporter-otlp-proto-http,1.36.0,coverage 12,200
opentelemetry-exporter-otlp-proto-http,1.41.0,coverage 13,200
opentelemetry-exporter-otlp-proto-http,1.27.0,coverage 14,200
opentelemetry-exporter-otlp-proto-http,1.33.1,coverage 15,200
opentelemetry-exporter-otlp-proto-http,1.25.0,coverage 16,200
proto-plus,1.28.0,coverage 2,200
proto-plus,1.28.2,coverage 3,200
proto-plus,1.27.1,coverage 4,200
proto-plus,1.27.2,coverage 5,200
proto-plus,1.26.1,coverage 6,200
proto-plus,1.28.3,coverage 7,200
proto-plus,1.27.0,coverage 8,200
proto-plus,1.28.1,coverage 9,200
mcp,1.30.0,coverage 1,200
mcp,1.28.1,coverage 3,200
mcp,2.0.0,coverage 4,200
mcp,1.29.0,coverage 5,200
mcp,2.1.1,coverage 6,200
mcp,1.26.0,coverage 7,200
mcp,1.23.3,coverage 8,200
mcp,1.27.1,coverage 9,200
mcp,1.27.2,coverage 10,200
mcp,1.27.0,coverage 11,200
mcp,1.29.1,coverage 12,200
mcp,1.25.0,coverage 13,200
exceptiongroup,1.2.2,coverage 2,200
exceptiongroup,1.3.0,coverage 3,200
sglang,0.5.2,coverage 1,200
sglang,0.5.8,coverage 3,200
sglang,0.5.0rc0,coverage 4,200
oauthlib,3.2.2,coverage 2,200
dnspython,2.7.0,coverage 2,200
dnspython,2.6.1,coverage 3,200
sse-starlette,3.4.8,coverage 2,200
sse-starlette,3.4.4,coverage 3,200
sse-starlette,3.0.3,coverage 4,200
sse-starlette,3.4.5,coverage 5,200
sse-starlette,3.2.0,coverage 6,200
sse-starlette,3.3.4,coverage 7,200
sse-starlette,3.3.2,coverage 8,200
sse-starlette,3.4.6,coverage 9,200
sse-starlette,3.4.1,coverage 10,200
sse-starlette,3.0.2,coverage 11,200
sse-starlette,2.1.3,coverage 12,200
sse-starlette,3.1.2,coverage 13,200
hf-xet,1.4.3,coverage 2,200
hf-xet,1.5.1,coverage 3,200
hf-xet,1.5.0,coverage 4,200
hf-xet,1.2.0,coverage 5,200
hf-xet,1.5.2,coverage 6,200
hf-xet,1.4.2,coverage 7,200
pytest-asyncio,1.3.0,coverage 2,200
pytest-asyncio,0.20.3,coverage 3,200
pytest-asyncio,0.23.8,coverage 4,200
pytest-asyncio,0.26.0,coverage 5,200
pytest-asyncio,1.2.0,coverage 6,200
pytest-asyncio,0.24.0,coverage 7,200
pytest-asyncio,0.21.1,coverage 8,200
pytest-asyncio,0.25.3,coverage 9,200
python-discovery,1.6.0,coverage 2,200
python-discovery,1.2.2,coverage 3,200
python-discovery,1.4.0,coverage 4,200
python-discovery,1.3.1,coverage 5,200
python-discovery,1.4.2,coverage 6,200
python-discovery,1.1.3,coverage 7,200
python-discovery,1.5.0,coverage 8,200
python-discovery,1.5.1,coverage 9,200
python-discovery,1.4.4,coverage 10,200
python-discovery,1.5.2,coverage 11,200
python-discovery,1.2.1,coverage 12,200
python-discovery,1.3.0,coverage 13,200
docstring-parser,0.17.0,coverage 2,200
pyopenssl,25.3.0,coverage 2,200
pyopenssl,26.2.0,coverage 3,200
pyopenssl,23.3.0,coverage 4,200
pyopenssl,23.2.0,coverage 5,200
pyopenssl,25.1.0,coverage 6,200
pyopenssl,24.3.0,coverage 7,200
pyopenssl,24.2.1,coverage 8,200
pyopenssl,26.0.0,coverage 9,200
pyopenssl,26.3.0,coverage 10,200
pyopenssl,22.1.0,coverage 11,200
pyopenssl,22.0.0,coverage 12,200
pyopenssl,24.1.0,coverage 13,200
uvloop,0.21.0,coverage 2,200
opentelemetry-exporter-otlp-proto-grpc,1.34.0,coverage 2,200
opentelemetry-exporter-otlp-proto-grpc,1.39.1,coverage 3,200
opentelemetry-exporter-otlp-proto-grpc,1.40.0,coverage 4,200
opentelemetry-exporter-otlp-proto-grpc,1.41.1,coverage 6,200
opentelemetry-exporter-otlp-proto-grpc,1.42.1,coverage 7,200
opentelemetry-exporter-otlp-proto-grpc,1.43.0,coverage 8,200
opentelemetry-exporter-otlp-proto-grpc,1.38.0,coverage 9,200
opentelemetry-exporter-otlp-proto-grpc,1.35.0,coverage 10,200
opentelemetry-exporter-otlp-proto-grpc,1.41.0,coverage 11,200
opentelemetry-exporter-otlp-proto-grpc,1.37.0,coverage 12,200
opentelemetry-exporter-otlp-proto-grpc,1.36.0,coverage 13,200
opentelemetry-exporter-otlp-proto-grpc,1.33.1,coverage 14,200
opentelemetry-exporter-otlp-proto-grpc,1.27.0,coverage 15,200
opentelemetry-exporter-otlp-proto-grpc,1.28.0,coverage 16,200
opentelemetry-exporter-otlp-proto-grpc,1.25.0,coverage 17,200
opentelemetry-exporter-otlp-proto-grpc,1.30.0,coverage 18,200
tiktoken,0.12.0,coverage 2,200
tiktoken,0.13.0,coverage 3,200
tiktoken,0.9.0,coverage 4,200
tiktoken,0.11.0,coverage 5,200
tiktoken,0.8.0,coverage 6,200
google-genai,1.75.0,coverage 2,200
google-genai,1.65.0,coverage 4,200
google-genai,2.8.0,coverage 5,200
google-genai,2.22.0,coverage 6,200
google-genai,2.12.1,coverage 7,200
google-genai,1.73.1,coverage 8,200
google-genai,2.23.0,coverage 9,200
google-genai,2.20.0,coverage 10,200
google-genai,1.68.0,coverage 11,200
google-genai,2.10.0,coverage 12,200
google-genai,1.66.0,coverage 13,200
google-genai,1.55.0,coverage 14,200
google-genai,2.11.0,coverage 15,200
google-genai,1.46.0,coverage 16,200
google-genai,2.19.0,coverage 17,200
google-genai,2.18.1,coverage 18,200
google-genai,1.70.0,coverage 19,200
google-genai,2.17.0,coverage 20,200
google-genai,1.67.0,coverage 21,200
google-genai,1.74.0,coverage 22,200
google-genai,1.60.0,coverage 23,200
google-genai,2.16.0,coverage 24,200
google-genai,2.7.0,coverage 25,200
google-genai,2.21.0,coverage 26,200
google-genai,2.6.0,coverage 27,200
google-genai,1.72.0,coverage 28,200
google-genai,1.2.0,coverage 29,200
google-genai,1.69.0,coverage 30,200
google-genai,2.14.0,coverage 31,200
google-genai,2.9.0,coverage 32,200
google-genai,2.18.0,coverage 33,200
google-genai,2.4.0,coverage 34,200
google-genai,1.63.0,coverage 35,200
google-genai,1.62.0,coverage 36,200
google-genai,2.3.0,coverage 37,200
google-genai,1.56.0,coverage 38,200
google-genai,2.0.1,coverage 39,200
google-genai,2.0.0,coverage 40,200
google-genai,2.13.0,coverage 41,200
google-genai,1.71.0,coverage 42,200
google-genai,2.5.0,coverage 43,200
google-genai,1.73.0,coverage 44,200
google-genai,2.15.0,coverage 45,200
google-genai,2.2.0,coverage 46,200
google-genai,1.31.0,coverage 47,200
google-genai,2.12.0,coverage 48,200
google-genai,1.47.0,coverage 49,200
google-genai,1.64.0,coverage 50,200
google-genai,2.1.0,coverage 51,200
google-genai,1.37.0,coverage 52,200
google-genai,1.52.0,coverage 53,200
google-genai,1.57.0,coverage 54,200
google-genai,1.61.0,coverage 55,200
google-genai,1.49.0,coverage 56,200
google-genai,1.24.0,coverage 57,200
google-genai,1.59.0,coverage 58,200
google-genai,1.25.0,coverage 59,200
google-genai,1.38.0,coverage 60,200
google-genai,1.41.0,coverage 61,200
google-genai,1.20.0,coverage 62,200
networkx,3.4.2,coverage 3,200
networkx,3.2.1,coverage 4,200
networkx,2.5.1,coverage 5,200
networkx,3.5,coverage 6,200
networkx,2.6.3,coverage 7,200
networkx,2.8.8,coverage 8,200
tokenizers,0.22.2,coverage 2,200
tokenizers,0.23.1,coverage 3,200
tokenizers,0.21.4,coverage 4,200
tokenizers,0.22.1,coverage 5,200
tokenizers,0.13.3,coverage 6,200
tokenizers,0.12.1,coverage 7,200
redis,5.3.1,coverage 2,200
redis,6.4.0,coverage 3,200
redis,7.4.0,coverage 4,200
redis,7.1.0,coverage 5,200
redis,5.2.1,coverage 6,200
redis,7.4.1,coverage 7,200
redis,8.0.1,coverage 8,200
redis,7.0.1,coverage 9,200
redis,3.5.3,coverage 10,200
redis,4.6.0,coverage 11,200
redis,7.3.0,coverage 12,200
redis,8.0.0,coverage 13,200
redis,5.0.1,coverage 14,200
redis,5.0.8,coverage 15,200
redis,5.0.0,coverage 16,200
redis,6.2.0,coverage 17,200
redis,5.2.0,coverage 18,200
redis,5.0.4,coverage 19,200
redis,5.1.1,coverage 20,200
redis,7.1.1,coverage 21,200
redis,7.2.1,coverage 22,200
redis,6.1.1,coverage 23,200
redis,5.0.7,coverage 24,200
redis,4.5.5,coverage 25,200
gitpython,3.1.50,coverage 2,200
gitpython,3.1.59,coverage 3,200
gitpython,3.1.44,coverage 4,200
gitpython,3.1.46,coverage 5,200
gitpython,3.1.61,coverage 6,200
gitpython,3.1.45,coverage 7,200
gitpython,3.1.58,coverage 8,200
gitpython,3.1.43,coverage 9,200
gitpython,3.1.60,coverage 10,200
gitpython,3.1.57,coverage 11,200
gitpython,3.1.47,coverage 12,200
gitpython,3.1.27,coverage 13,200
gitpython,3.1.53,coverage 14,200
gitpython,3.1.31,coverage 15,200
gitpython,3.1.41,coverage 16,200
langchain,0.3.27,coverage 2,200
langchain,1.3.14,coverage 3,200
langchain,0.1.11,coverage 4,200
langchain,0.3.30,coverage 5,200
langchain,1.4.0,coverage 6,200
langchain,1.3.11,coverage 7,200
langchain,1.3.9,coverage 8,200
langchain,1.2.10,coverage 9,200
langchain,1.2.18,coverage 10,200
langchain,1.3.13,coverage 11,200
langchain,1.2.15,coverage 12,200
langchain,1.3.10,coverage 13,200
langchain,1.3.18,coverage 14,200
langchain,1.3.15,coverage 15,200
langchain,1.3.2,coverage 16,200
langchain,1.4.1,coverage 17,200
langchain,0.3.22,coverage 18,200
langchain,1.3.16,coverage 19,200
langchain,1.0.3,coverage 20,200
langchain,1.2.13,coverage 21,200
langchain,1.3.1,coverage 22,200
langchain,1.2.12,coverage 23,200
langchain,1.3.0,coverage 24,200
langchain,1.3.17,coverage 25,200
grpcio-tools,1.71.2,coverage 1,200
grpcio-tools,1.81.1,coverage 3,200
grpcio-tools,1.80.0,coverage 4,200
grpcio-tools,1.78.0,coverage 5,200
grpcio-tools,1.76.0,coverage 6,200
grpcio-tools,1.75.1,coverage 7,200
grpcio-tools,1.71.0,coverage 8,200
grpcio-tools,1.83.0,coverage 9,200
grpcio-tools,1.64.1,coverage 10,200
grpcio-tools,1.62.3,coverage 11,200
grpcio-tools,1.70.0,coverage 12,200
grpcio-tools,1.83.1,coverage 13,200
grpcio-tools,1.82.1,coverage 14,200
grpcio-tools,1.81.0,coverage 15,200
grpcio-tools,1.73.0,coverage 16,200
grpcio-tools,1.73.1,coverage 17,200
grpcio-tools,1.68.0,coverage 18,200
grpcio-tools,1.74.0,coverage 19,200
grpcio-tools,1.67.1,coverage 20,200
grpcio-tools,1.82.2,coverage 21,200
grpcio-tools,1.66.2,coverage 22,200
grpcio-tools,1.72.1,coverage 23,200
grpcio-tools,1.68.1,coverage 24,200
grpcio-tools,1.69.0,coverage 25,200
grpcio-tools,1.75.0,coverage 26,200
grpcio-tools,1.65.5,coverage 27,200
grpcio-tools,1.66.0,coverage 28,200
grpcio-tools,1.63.0,coverage 29,200
grpcio-tools,1.72.2,coverage 30,200
grpcio-tools,1.63.2,coverage 31,200
grpcio-tools,1.67.0,coverage 32,200
grpcio-tools,1.66.1,coverage 33,200
grpcio-tools,1.65.1,coverage 34,200
grpcio-tools,1.65.4,coverage 35,200
grpcio-tools,1.64.3,coverage 36,200
grpcio-tools,1.65.2,coverage 37,200
grpcio-tools,1.64.0,coverage 38,200
grpcio-tools,1.49.1,coverage 39,200
grpcio-tools,1.60.1,coverage 40,200
grpcio-tools,1.62.1,coverage 41,200
grpcio-tools,1.60.0,coverage 42,200
grpcio-tools,1.59.0,coverage 43,200
grpcio-tools,1.48.2,coverage 44,200
grpcio-tools,1.51.3,coverage 45,200
grpcio-tools,1.62.2,coverage 46,200
grpcio-tools,1.53.0,coverage 47,200
grpcio-tools,1.51.1,coverage 48,200
grpcio-tools,1.57.0,coverage 49,200
grpcio-tools,1.58.0,coverage 50,200
grpcio-tools,1.56.2,coverage 51,200
grpcio-tools,1.59.5,coverage 52,200
grpcio-tools,1.59.3,coverage 53,200
grpcio-tools,1.62.0,coverage 54,200
grpcio-tools,1.56.0,coverage 55,200
grpcio-tools,1.61.3,coverage 56,200
grpcio-tools,1.59.2,coverage 57,200
grpcio-tools,1.50.0,coverage 58,200
grpcio-tools,1.53.2,coverage 59,200
grpcio-tools,1.60.2,coverage 60,200
grpcio-tools,1.54.0,coverage 61,200
grpcio-tools,1.54.2,coverage 62,200
scikit-learn,1.6.1,coverage 2,200
scikit-learn,1.7.2,coverage 3,200
scikit-learn,1.8.0,coverage 4,200
scikit-learn,1.0.2,coverage 5,200
scikit-learn,1.9.0,coverage 6,200
scikit-learn,1.5.2,coverage 7,200
scikit-learn,1.3.2,coverage 8,200
scikit-learn,1.7.1,coverage 9,200
scikit-learn,1.2.2,coverage 10,200
scikit-learn,1.5.0,coverage 11,200
pytest-cov,7.0.0,coverage 2,200
pytest-cov,4.1.0,coverage 3,200
pytest-cov,5.0.0,coverage 4,200
pytest-cov,6.3.0,coverage 5,200
pytest-cov,6.0.0,coverage 6,200
pytest-cov,6.2.1,coverage 7,200
google-cloud-storage,2.19.0,coverage 2,200
google-cloud-storage,3.10.1,coverage 4,200
google-cloud-storage,3.13.1,coverage 5,200
google-cloud-storage,3.9.0,coverage 6,200
google-cloud-storage,3.12.0,coverage 7,200
google-cloud-storage,3.13.0,coverage 8,200
google-cloud-storage,2.18.2,coverage 9,200
google-cloud-storage,3.1.1,coverage 10,200
google-cloud-storage,2.14.0,coverage 11,200
google-cloud-storage,3.4.1,coverage 12,200
google-cloud-storage,3.6.0,coverage 13,200
google-cloud-storage,2.10.0,coverage 14,200
google-cloud-storage,3.8.0,coverage 15,200
google-cloud-storage,3.7.0,coverage 16,200
google-cloud-storage,2.16.0,coverage 17,200
google-cloud-storage,3.1.0,coverage 18,200
google-cloud-storage,3.2.0,coverage 19,200
google-cloud-storage,2.11.0,coverage 20,200
google-cloud-storage,3.11.0,coverage 21,200
google-cloud-storage,3.10.0,coverage 22,200
google-cloud-storage,2.5.0,coverage 23,200
google-cloud-storage,2.13.0,coverage 24,200
google-cloud-storage,2.9.0,coverage 25,200
matplotlib,3.10.9,coverage 2,200
matplotlib,3.10.8,coverage 3,200
matplotlib,3.11.1,coverage 4,200
matplotlib,3.9.4,coverage 5,200
matplotlib,3.3.4,coverage 6,200
matplotlib,3.11.0,coverage 7,200
matplotlib,3.10.7,coverage 8,200
matplotlib,3.5.3,coverage 9,200
matplotlib,3.7.5,coverage 10,200
matplotlib,3.9.2,coverage 11,200
matplotlib,3.10.3,coverage 12,200
matplotlib,3.8.4,coverage 13,200
matplotlib,3.10.6,coverage 14,200
matplotlib,3.10.1,coverage 15,200
matplotlib,3.9.0,coverage 16,200
matplotlib,3.10.0,coverage 17,200
matplotlib,3.8.2,coverage 18,200
matplotlib,3.10.5,coverage 19,200
email-validator,2.2.0,coverage 2,200
pynacl,1.5.0,coverage 2,200
pynacl,1.6.0,coverage 3,200
azure-core,1.39.0,coverage 2,200
azure-core,1.38.0,coverage 3,200
azure-core,1.33.0,coverage 4,200
azure-core,1.35.1,coverage 5,200
azure-core,1.38.2,coverage 6,200
azure-core,1.32.0,coverage 7,200
azure-core,1.36.0,coverage 8,200
azure-core,1.35.0,coverage 9,200
azure-core,1.30.2,coverage 10,200
azure-core,1.31.0,coverage 11,200
tzlocal,5.3.1,coverage 2,200
tzlocal,5.4.3,coverage 3,200
tzlocal,5.2,coverage 4,200
tzlocal,1.5.1,coverage 5,200
alembic,1.18.4,coverage 2,200
alembic,1.18.5,coverage 3,200
alembic,1.19.1,coverage 4,200
alembic,1.19.2,coverage 5,200
alembic,1.17.2,coverage 6,200
alembic,1.16.5,coverage 7,200
alembic,1.13.1,coverage 8,200
alembic,1.14.0,coverage 9,200
alembic,1.14.1,coverage 10,200
alembic,1.18.1,coverage 11,200
alembic,1.16.1,coverage 12,200
alembic,1.16.4,coverage 13,200
alembic,1.18.3,coverage 14,200
alembic,1.15.2,coverage 15,200
alembic,1.13.2,coverage 16,200
alembic,1.19.0,coverage 17,200
alembic,1.13.3,coverage 18,200
alembic,1.17.1,coverage 19,200
websocket-client,1.9.0,coverage 2,200
websocket-client,1.8.0,coverage 3,200
websocket-client,1.6.1,coverage 4,200
websocket-client,0.59.0,coverage 5,200
nodeenv,1.9.1,coverage 2,200
joblib,1.5.3,coverage 2,200
joblib,1.5.2,coverage 3,200
joblib,1.4.2,coverage 4,200
joblib,1.5.1,coverage 5,200
joblib,1.3.2,coverage 6,200
mako,1.3.12,coverage 1,200
mako,1.3.10,coverage 4,200
mako,1.3.11,coverage 5,200
opentelemetry-instrumentation-requests,0.58b0,coverage 1,200
opentelemetry-instrumentation-requests,0.65b0,coverage 2,200
opentelemetry-instrumentation-requests,0.60b1,coverage 3,200
opentelemetry-instrumentation-requests,0.64b0,coverage 4,200
opentelemetry-instrumentation-requests,0.61b0,coverage 5,200
opentelemetry-instrumentation-requests,0.56b0,coverage 6,200
opentelemetry-instrumentation-requests,0.63b1,coverage 7,200
opentelemetry-instrumentation-requests,0.59b0,coverage 8,200
opentelemetry-instrumentation-requests,0.60b0,coverage 9,200
opentelemetry-instrumentation-requests,0.62b1,coverage 10,200
opentelemetry-instrumentation-requests,0.57b0,coverage 11,200
opentelemetry-instrumentation-requests,0.46b0,coverage 12,200
opentelemetry-instrumentation-requests,0.54b1,coverage 13,200
opentelemetry-instrumentation-requests,0.62b0,coverage 14,200
opentelemetry-instrumentation-requests,0.52b1,coverage 15,200
opentelemetry-instrumentation-requests,0.63b0,coverage 17,200
opentelemetry-instrumentation-requests,0.55b1,coverage 18,200
opentelemetry-instrumentation-requests,0.54b0,coverage 19,200
opentelemetry-instrumentation-requests,0.53b1,coverage 20,200
opentelemetry-instrumentation-requests,0.53b0,coverage 21,200
opentelemetry-instrumentation-requests,0.55b0,coverage 22,200
azure-identity,1.25.1,coverage 2,200
azure-identity,1.17.1,coverage 3,200
azure-identity,1.19.0,coverage 4,200
azure-identity,1.25.2,coverage 5,200
azure-identity,1.15.0,coverage 6,200
azure-identity,1.21.0,coverage 7,200
azure-identity,1.12.0,coverage 8,200
azure-identity,1.23.0,coverage 9,200
azure-identity,1.16.1,coverage 10,200
azure-identity,1.24.0,coverage 11,200
azure-identity,1.25.0,coverage 12,200
azure-identity,1.7.0,coverage 13,200
azure-identity,1.23.1,coverage 14,200
keyring,24.3.1,coverage 2,200
keyring,25.6.0,coverage 3,200
keyring,23.13.1,coverage 4,200
google-cloud-core,2.6.0,coverage 2,200
google-cloud-core,2.5.0,coverage 3,200
google-cloud-core,2.5.1,coverage 4,200
google-cloud-core,2.4.3,coverage 5,200
google-cloud-core,2.6.1,coverage 6,200
google-cloud-core,2.4.1,coverage 7,200
google-cloud-core,2.3.3,coverage 8,200
mypy,1.19.1,coverage 2,200
mypy,2.1.0,coverage 3,200
mypy,1.20.2,coverage 4,200
mypy,1.20.0,coverage 5,200
mypy,2.3.0,coverage 6,200
mypy,1.18.2,coverage 7,200
mypy,1.17.1,coverage 8,200
mypy,1.15.0,coverage 9,200
mypy,1.19.0,coverage 10,200
mypy,1.13.0,coverage 11,200
mypy,1.14.1,coverage 12,200
mypy,1.20.1,coverage 13,200
mypy,2.2.0,coverage 14,200
mypy,1.8.0,coverage 15,200
mypy,1.1.1,coverage 16,200
mypy,1.10.0,coverage 17,200
mypy,1.11.2,coverage 18,200
mypy,2.0.0,coverage 19,200
mypy,0.782,coverage 20,200
mypy,1.16.1,coverage 21,200
mypy,1.18.1,coverage 22,200
mypy,1.17.0,coverage 23,200
bcrypt,4.3.0,coverage 2,200
bcrypt,4.0.1,coverage 3,200
bcrypt,4.2.1,coverage 4,200
bcrypt,4.2.0,coverage 5,200
bcrypt,3.2.2,coverage 6,200
bcrypt,3.2.0,coverage 7,200
pytest-json-ctrf,0.3.5,coverage 1,200
flask,3.0.3,coverage 2,200
flask,2.2.5,coverage 3,200
flask,2.3.3,coverage 4,200
flask,3.1.2,coverage 5,200
flask,3.1.0,coverage 6,200
flask,3.0.0,coverage 7,200
flask,3.1.1,coverage 8,200
flask,1.1.2,coverage 9,200
flask,3.0.2,coverage 10,200
flask,2.0.1,coverage 11,200
flask,0.11,coverage 12,200
flask,1.1.4,coverage 13,200
contourpy,1.3.3,coverage 1,200
contourpy,1.3.2,coverage 3,200
contourpy,1.3.0,coverage 4,200
msal,1.37.0,coverage 2,200
msal,1.38.0,coverage 3,200
msal,1.36.0,coverage 4,200
msal,1.34.0,coverage 5,200
msal,1.35.1,coverage 6,200
msal,1.33.0,coverage 7,200
msal,1.31.0,coverage 8,200
msal,1.22.0,coverage 9,200
msal,1.32.3,coverage 10,200
jaraco-functools,4.4.0,coverage 2,200
jaraco-functools,4.5.0,coverage 3,200
jaraco-functools,4.3.0,coverage 4,200
zstandard,0.23.0,coverage 2,200
anthropic,0.125.0,coverage 3,200
anthropic,0.76.0,coverage 4,200
anthropic,0.116.0,coverage 5,200
anthropic,0.84.0,coverage 6,200
anthropic,0.120.2,coverage 7,200
anthropic,0.117.0,coverage 8,200
anthropic,1.3.0,coverage 9,200
anthropic,0.97.0,coverage 10,200
anthropic,1.6.0,coverage 11,200
anthropic,1.5.0,coverage 12,200
anthropic,0.121.0,coverage 13,200
anthropic,1.4.0,coverage 14,200
anthropic,1.1.0,coverage 15,200
anthropic,0.104.1,coverage 16,200
anthropic,0.105.2,coverage 17,200
anthropic,0.109.2,coverage 18,200
anthropic,0.80.0,coverage 19,200
anthropic,0.109.1,coverage 20,200
anthropic,0.96.0,coverage 21,200
anthropic,0.87.0,coverage 22,200
anthropic,0.79.0,coverage 23,200
anthropic,0.112.0,coverage 24,200
anthropic,0.83.0,coverage 25,200
anthropic,1.0.0,coverage 26,200
anthropic,0.100.0,coverage 27,200
anthropic,0.122.0,coverage 28,200
anthropic,0.111.0,coverage 29,200
anthropic,0.75.0,coverage 30,200
anthropic,1.2.0,coverage 31,200
anthropic,0.86.0,coverage 32,200
anthropic,0.49.0,coverage 33,200
anthropic,0.102.0,coverage 34,200
anthropic,0.120.0,coverage 35,200
anthropic,0.88.0,coverage 36,200
anthropic,0.118.0,coverage 37,200
anthropic,0.68.0,coverage 38,200
anthropic,0.85.0,coverage 39,200
anthropic,0.40.0,coverage 40,200
anthropic,0.89.0,coverage 41,200
anthropic,0.101.0,coverage 42,200
anthropic,0.107.1,coverage 43,200
anthropic,0.71.1,coverage 44,200
anthropic,0.69.0,coverage 45,200
anthropic,0.42.0,coverage 46,200
anthropic,0.52.0,coverage 47,200
anthropic,0.103.1,coverage 48,200
anthropic,0.115.0,coverage 49,200
anthropic,0.108.0,coverage 50,200
anthropic,0.71.0,coverage 51,200
anthropic,0.99.0,coverage 52,200
anthropic,0.115.1,coverage 53,200
anthropic,0.94.0,coverage 54,200
anthropic,0.94.1,coverage 55,200
anthropic,0.98.1,coverage 56,200
anthropic,0.113.0,coverage 57,200
anthropic,0.78.0,coverage 58,200
secretstorage,3.3.3,coverage 2,200
docker,7.1.0,coverage 2,200
docker,6.1.3,coverage 3,200
jaraco-context,6.1.0,coverage 2,200
jaraco-context,6.0.1,coverage 3,200
cycler,0.11.0,coverage 2,200
google-resumable-media,2.8.0,coverage 2,200
google-resumable-media,2.7.2,coverage 3,200
google-resumable-media,2.10.0,coverage 4,200
google-resumable-media,2.8.2,coverage 5,200
google-resumable-media,2.9.0,coverage 6,200
google-resumable-media,2.10.1,coverage 7,200
google-resumable-media,2.8.1,coverage 8,200
httpx2,2.12.0,coverage 3,200
httpx2,2.7.0,coverage 4,200
sympy,1.13.1,coverage 2,200
transformers,5.5.0,coverage 2,200
transformers,4.57.6,coverage 3,200
transformers,5.14.1,coverage 4,200
transformers,5.12.1,coverage 5,200
transformers,5.16.1,coverage 6,200
transformers,5.15.1,coverage 7,200
transformers,5.3.0,coverage 8,200
transformers,4.57.3,coverage 9,200
transformers,4.57.1,coverage 10,200
transformers,5.5.4,coverage 11,200
transformers,4.49.0,coverage 12,200
transformers,5.13.0,coverage 13,200
transformers,4.56.0,coverage 14,200
transformers,4.55.4,coverage 15,200
transformers,4.21.2,coverage 16,200
transformers,4.51.3,coverage 17,200
transformers,5.10.2,coverage 18,200
transformers,4.46.3,coverage 19,200
transformers,5.15.0,coverage 20,200
transformers,4.48.3,coverage 21,200
transformers,5.10.1,coverage 22,200
transformers,5.8.1,coverage 23,200
transformers,4.56.1,coverage 24,200
transformers,4.48.0,coverage 25,200
httpcore2,2.12.0,coverage 3,200
httpcore2,2.7.0,coverage 4,200
google-cloud-bigquery,3.41.0,coverage 2,200
google-cloud-bigquery,3.40.1,coverage 3,200
google-cloud-bigquery,3.38.0,coverage 4,200
google-cloud-bigquery,3.42.2,coverage 5,200
google-cloud-bigquery,3.30.0,coverage 6,200
google-cloud-bigquery,3.45.0,coverage 7,200
google-cloud-bigquery,3.42.1,coverage 8,200
google-cloud-bigquery,3.40.0,coverage 9,200
google-cloud-bigquery,3.43.0,coverage 10,200
google-cloud-bigquery,3.45.1,coverage 11,200
google-cloud-bigquery,3.44.0,coverage 12,200
google-cloud-bigquery,3.36.0,coverage 13,200
google-cloud-bigquery,3.42.3,coverage 14,200
google-cloud-bigquery,3.34.0,coverage 15,200
google-cloud-bigquery,3.42.0,coverage 16,200
google-cloud-bigquery,3.31.0,coverage 17,200
google-cloud-bigquery,3.35.1,coverage 18,200
google-cloud-bigquery,3.39.0,coverage 19,200
google-cloud-bigquery,3.33.0,coverage 20,200
google-cloud-bigquery,3.37.0,coverage 21,200
google-cloud-bigquery,3.35.0,coverage 22,200
google-cloud-bigquery,3.20.1,coverage 23,200
google-cloud-bigquery,3.26.0,coverage 24,200
google-cloud-bigquery,3.25.0,coverage 25,200
black,26.3.1,coverage 2,200
black,24.10.0,coverage 3,200
black,26.1.0,coverage 4,200
black,25.1.0,coverage 5,200
black,25.12.0,coverage 6,200
black,24.3.0,coverage 7,200
black,25.9.0,coverage 8,200
black,22.12.0,coverage 9,200
black,23.12.1,coverage 10,200
black,24.4.2,coverage 11,200
black,25.11.0,coverage 12,200
black,24.8.0,coverage 13,200
black,22.3.0,coverage 14,200
black,24.2.0,coverage 15,200
black,23.3.0,coverage 16,200
prometheus-client,0.25.0,coverage 2,200
prometheus-client,0.24.1,coverage 3,200
prometheus-client,0.22.1,coverage 4,200
prometheus-client,0.23.1,coverage 5,200
prometheus-client,0.21.1,coverage 6,200
prometheus-client,0.20.0,coverage 7,200
prometheus-client,0.15.0,coverage 8,200
prometheus-client,0.19.0,coverage 9,200
prometheus-client,0.17.1,coverage 10,200
sentry-sdk,2.57.0,coverage 2,200
sentry-sdk,2.64.0,coverage 4,200
sentry-sdk,2.58.0,coverage 5,200
sentry-sdk,2.68.1,coverage 6,200
sentry-sdk,2.66.1,coverage 7,200
sentry-sdk,2.69.1,coverage 8,200
sentry-sdk,2.63.0,coverage 9,200
sentry-sdk,2.68.0,coverage 10,200
sentry-sdk,2.60.0,coverage 11,200
sentry-sdk,2.54.0,coverage 12,200
sentry-sdk,2.62.0,coverage 13,200
sentry-sdk,1.45.1,coverage 14,200
sentry-sdk,2.43.0,coverage 15,200
sentry-sdk,2.59.0,coverage 16,200
sentry-sdk,2.53.0,coverage 17,200
sentry-sdk,2.52.0,coverage 18,200
sentry-sdk,2.22.0,coverage 19,200
sentry-sdk,2.25.1,coverage 20,200
sentry-sdk,2.47.0,coverage 21,200
sentry-sdk,2.56.0,coverage 22,200
sentry-sdk,2.61.1,coverage 23,200
sentry-sdk,2.66.0,coverage 24,200
sentry-sdk,2.35.0,coverage 25,200
langchain-core,1.4.8,coverage 4,200
langchain-core,0.3.86,coverage 5,200
langchain-core,1.4.0,coverage 6,200
langchain-core,0.1.53,coverage 7,200
langchain-core,1.4.9,coverage 8,200
langchain-core,1.3.3,coverage 9,200
langchain-core,0.1.52,coverage 10,200
langchain-core,0.1.42,coverage 11,200
langchain-core,0.1.45,coverage 12,200
langchain-core,0.1.44,coverage 13,200
langchain-core,0.1.50,coverage 14,200
langchain-core,0.1.30,coverage 15,200
langchain-core,0.1.43,coverage 16,200
langchain-core,0.1.32,coverage 17,200
langchain-core,0.1.46,coverage 18,200
langchain-core,0.1.29,coverage 19,200
langchain-core,0.1.33,coverage 20,200
langchain-core,0.1.31,coverage 21,200
langchain-core,0.1.40,coverage 22,200
langchain-core,0.1.51,coverage 23,200
langchain-core,0.1.48,coverage 24,200
langchain-core,0.1.41,coverage 25,200
snowflake-connector-python,3.15.0,coverage 2,200
snowflake-connector-python,3.18.1,coverage 3,200
snowflake-connector-python,4.4.0,coverage 4,200
snowflake-connector-python,3.0.2,coverage 5,200
snowflake-connector-python,4.7.1,coverage 6,200
snowflake-connector-python,3.17.3,coverage 7,200
snowflake-connector-python,3.12.3,coverage 8,200
snowflake-connector-python,4.7.2,coverage 9,200
snowflake-connector-python,3.14.0,coverage 10,200
snowflake-connector-python,4.7.3,coverage 12,200
snowflake-connector-python,4.3.0,coverage 13,200
snowflake-connector-python,4.6.0,coverage 14,200
snowflake-connector-python,4.5.0,coverage 15,200
snowflake-connector-python,3.12.1,coverage 16,200
snowflake-connector-python,4.0.0,coverage 17,200
snowflake-connector-python,3.18.0,coverage 18,200
snowflake-connector-python,3.0.4,coverage 19,200
snowflake-connector-python,3.10.1,coverage 20,200
snowflake-connector-python,3.16.0,coverage 21,200
snowflake-connector-python,4.2.0,coverage 22,200
snowflake-connector-python,2.7.9,coverage 23,200
snowflake-connector-python,3.6.0,coverage 24,200
snowflake-connector-python,3.17.2,coverage 25,200
snowflake-connector-python,3.13.2,coverage 26,200
snowflake-connector-python,4.1.1,coverage 27,200
snowflake-connector-python,3.12.2,coverage 28,200
snowflake-connector-python,3.11.0,coverage 29,200
snowflake-connector-python,3.17.1,coverage 30,200
snowflake-connector-python,3.2.1,coverage 31,200
snowflake-connector-python,3.10.0,coverage 32,200
snowflake-connector-python,3.12.4,coverage 33,200
snowflake-connector-python,3.0.0,coverage 34,200
snowflake-connector-python,3.0.1,coverage 35,200
snowflake-connector-python,3.17.0,coverage 36,200
snowflake-connector-python,3.7.1,coverage 37,200
snowflake-connector-python,2.9.0,coverage 38,200
snowflake-connector-python,3.13.1,coverage 39,200
snowflake-connector-python,3.7.0,coverage 40,200
snowflake-connector-python,3.17.4,coverage 41,200
google-auth-oauthlib,1.3.1,coverage 2,200
google-auth-oauthlib,1.4.0,coverage 3,200
google-auth-oauthlib,1.2.4,coverage 4,200
google-auth-oauthlib,1.2.2,coverage 5,200
google-auth-oauthlib,1.2.1,coverage 6,200
google-auth-oauthlib,1.3.0,coverage 7,200
google-auth-oauthlib,1.2.0,coverage 8,200
google-auth-oauthlib,0.7.1,coverage 9,200
google-auth-oauthlib,1.0.0,coverage 10,200
google-auth-oauthlib,0.4.6,coverage 11,200
google-auth-oauthlib,1.1.0,coverage 12,200
rapidfuzz,3.14.5,coverage 2,200
rapidfuzz,3.14.3,coverage 3,200
rapidfuzz,3.13.0,coverage 4,200
rapidfuzz,3.12.1,coverage 5,200
rapidfuzz,3.14.1,coverage 6,200
rapidfuzz,3.9.7,coverage 7,200
rapidfuzz,3.10.1,coverage 8,200
mpmath,1.3.0,coverage 1,200
ipython,8.39.0,coverage 2,200
ipython,9.15.0,coverage 3,200
ipython,9.12.0,coverage 4,200
ipython,8.18.1,coverage 5,200
ipython,9.13.0,coverage 6,200
ipython,9.16.1,coverage 7,200
ipython,9.7.0,coverage 8,200
ipython,9.10.0,coverage 9,200
ipython,9.10.1,coverage 10,200
ipython,9.9.0,coverage 11,200
ipython,8.12.3,coverage 12,200
ipython,7.34.0,coverage 13,200
ipython,9.3.0,coverage 14,200
ipython,9.14.1,coverage 15,200
ipython,8.37.0,coverage 16,200
ipython,9.11.0,coverage 17,200
ipython,9.6.0,coverage 18,200
ipython,8.38.0,coverage 19,200
ipython,9.8.0,coverage 20,200
ipython,8.10.0,coverage 21,200
ipython,9.4.0,coverage 22,200
ipython,9.5.0,coverage 23,200
ipython,8.17.2,coverage 24,200
ipython,8.31.0,coverage 25,200
awscli,1.38.7,coverage 2,200
awscli,1.44.87,coverage 3,200
awscli,1.38.38,coverage 4,200
awscli,1.31.13,coverage 5,200
awscli,1.32.15,coverage 6,200
awscli,1.19.112,coverage 7,200
awscli,1.24.10,coverage 8,200
awscli,1.27.108,coverage 9,200
awscli,1.43.5,coverage 10,200
awscli,1.46.0,coverage 11,200
awscli,1.33.26,coverage 12,200
awscli,1.19.0,coverage 13,200
awscli,1.29.4,coverage 14,200
awscli,1.41.4,coverage 15,200
awscli,1.32.117,coverage 16,200
awscli,1.18.14,coverage 17,200
awscli,1.44.38,coverage 18,200
awscli,1.27.20,coverage 19,200
awscli,1.31.1,coverage 20,200
awscli,1.45.56,coverage 21,200
awscli,1.19.106,coverage 22,200
awscli,1.32.102,coverage 23,200
awscli,1.42.61,coverage 24,200
awscli,1.19.44,coverage 25,200
pytest-xdist,3.6.1,coverage 2,200
pytest-xdist,3.5.0,coverage 3,200
pytest-xdist,3.2.1,coverage 4,200
narwhals,2.24.0,coverage 2,200
narwhals,2.25.0,coverage 3,200
narwhals,2.22.1,coverage 4,200
narwhals,2.21.0,coverage 5,200
narwhals,2.15.0,coverage 6,200
narwhals,2.23.0,coverage 7,200
narwhals,2.18.0,coverage 8,200
narwhals,2.20.0,coverage 9,200
narwhals,2.21.2,coverage 10,200
narwhals,2.16.0,coverage 11,200
narwhals,1.42.1,coverage 12,200
narwhals,2.14.0,coverage 13,200
narwhals,2.19.0,coverage 14,200
narwhals,2.22.0,coverage 15,200
narwhals,2.13.0,coverage 16,200
narwhals,2.17.0,coverage 17,200
types-requests,2.31.0.6,coverage 2,200
types-requests,2.32.4.20260107,coverage 3,200
types-requests,2.33.0.20260712,coverage 4,200
types-requests,2.33.0.20260518,coverage 5,200
types-requests,2.32.4.20250913,coverage 6,200
types-requests,2.31.0.0,coverage 7,200
types-requests,2.33.0.20260408,coverage 8,200
types-requests,2.32.0.20241016,coverage 9,200
types-requests,2.32.4.20250611,coverage 10,200
types-requests,2.32.0.20250328,coverage 11,200
types-requests,2.32.4.20250809,coverage 12,200
types-requests,2.27.7,coverage 13,200
types-requests,2.33.0.20260402,coverage 14,200
types-requests,2.32.4.20260324,coverage 15,200
types-requests,2.31.0.20240406,coverage 16,200
types-requests,2.33.0.20260508,coverage 17,200
types-requests,2.31.0.2,coverage 18,200
types-requests,2.33.0.20260503,coverage 19,200
types-requests,2.33.0.20260327,coverage 20,200
types-requests,2.33.0.20260513,coverage 21,200
types-requests,2.32.0.20250306,coverage 22,200
types-requests,2.31.0.1,coverage 23,200
types-requests,2.32.0.20240712,coverage 24,200
types-requests,2.30.0.0,coverage 25,200
datasets,2.16.1,coverage 2,200
datasets,4.0.0,coverage 3,200
datasets,4.8.5,coverage 4,200
datasets,3.6.0,coverage 5,200
datasets,5.0.0,coverage 6,200
datasets,4.8.4,coverage 7,200
datasets,4.3.0,coverage 8,200
datasets,4.4.2,coverage 9,200
datasets,2.21.0,coverage 10,200
datasets,4.5.0,coverage 11,200
datasets,4.4.1,coverage 12,200
datasets,4.6.1,coverage 13,200
datasets,4.1.1,coverage 14,200
datasets,4.6.0,coverage 15,200
datasets,4.8.2,coverage 16,200
datasets,3.5.0,coverage 17,200
pypdf,6.16.2,coverage 2,200
pypdf,6.9.2,coverage 3,200
pypdf,6.16.1,coverage 4,200
pypdf,6.14.2,coverage 5,200
pypdf,6.18.1,coverage 6,200
pypdf,5.9.0,coverage 7,200
pypdf,6.10.2,coverage 8,200
pypdf,6.15.0,coverage 9,200
pypdf,6.18.0,coverage 10,200
pypdf,6.17.0,coverage 11,200
pypdf,4.3.1,coverage 12,200
pypdf,6.13.3,coverage 13,200
pypdf,4.0.1,coverage 14,200
pypdf,5.1.0,coverage 15,200
pypdf,6.1.3,coverage 16,200
pypdf,6.11.0,coverage 17,200
pypdf,6.6.0,coverage 18,200
pypdf,6.10.0,coverage 19,200
pypdf,6.12.2,coverage 20,200
pypdf,6.13.2,coverage 21,200
pypdf,6.0.0,coverage 22,200
pypdf,4.1.0,coverage 23,200
pypdf,4.2.0,coverage 24,200
pypdf,6.7.5,coverage 25,200
execnet,2.1.1,coverage 2,200
traitlets,5.14.3,coverage 2,200
traitlets,5.15.1,coverage 3,200
traitlets,5.15.0,coverage 4,200
asgiref,3.11.1,coverage 2,200
asgiref,3.11.0,coverage 3,200
asgiref,3.8.1,coverage 4,200
asgiref,3.9.1,coverage 5,200
asgiref,3.5.2,coverage 6,200
asgiref,3.10.0,coverage 7,200
ydb,3.31.4,coverage 2,200
ydb,3.31.5,coverage 3,200
ydb,3.25.0,coverage 4,200
ydb,3.19.0,coverage 5,200
ydb,3.31.2,coverage 6,200
ydb,3.30.0,coverage 7,200
ydb,3.5.1,coverage 8,200
ydb,3.29.0,coverage 9,200
ydb,3.29.7,coverage 10,200
paramiko,3.5.1,coverage 2,200
paramiko,4.0.0,coverage 3,200
paramiko,3.4.0,coverage 4,200
paramiko,3.5.0,coverage 5,200
paramiko,3.4.1,coverage 6,200
paramiko,2.12.0,coverage 7,200
paramiko,2.11.0,coverage 8,200
paramiko,3.3.1,coverage 9,200
paramiko,2.10.1,coverage 10,200
paramiko,3.2.0,coverage 11,200
google-cloud-secret-manager,2.26.0,coverage 2,200
google-cloud-secret-manager,2.29.0,coverage 3,200
google-cloud-secret-manager,2.24.0,coverage 4,200
google-cloud-secret-manager,2.27.0,coverage 5,200
google-cloud-secret-manager,2.28.0,coverage 6,200
google-cloud-secret-manager,2.25.0,coverage 7,200
google-cloud-secret-manager,2.20.2,coverage 8,200
google-cloud-secret-manager,2.23.2,coverage 9,200
google-cloud-secret-manager,2.23.3,coverage 10,200
google-cloud-secret-manager,2.21.0,coverage 11,200
google-cloud-secret-manager,2.17.0,coverage 12,200
google-cloud-secret-manager,2.12.4,coverage 13,200
google-cloud-secret-manager,2.20.0,coverage 14,200
google-cloud-secret-manager,2.22.1,coverage 15,200
google-cloud-secret-manager,2.16.4,coverage 16,200
google-cloud-secret-manager,2.16.1,coverage 17,200
google-cloud-secret-manager,2.18.1,coverage 18,200
google-cloud-secret-manager,1.0.2,coverage 19,200
google-cloud-secret-manager,2.20.1,coverage 20,200
google-cloud-secret-manager,2.7.2,coverage 21,200
google-cloud-secret-manager,2.8.0,coverage 22,200
google-cloud-secret-manager,2.16.2,coverage 23,200
webencodings,0.5.1,coverage 1,200
fastjsonschema,2.21.2,coverage 2,200
fastjsonschema,2.21.1,coverage 3,200
authlib,1.7.2,coverage 2,200
authlib,1.6.12,coverage 3,200
authlib,1.6.9,coverage 4,200
authlib,1.7.0,coverage 5,200
authlib,1.6.11,coverage 6,200
authlib,1.7.1,coverage 7,200
authlib,1.6.5,coverage 8,200
authlib,1.6.6,coverage 9,200
authlib,1.5.2,coverage 10,200
authlib,1.3.2,coverage 11,200
psycopg,3.3.4,coverage 2,200
psycopg,3.3.5,coverage 3,200
psycopg,3.3.3,coverage 4,200
psycopg,3.3.2,coverage 5,200
psycopg,3.2.9,coverage 6,200
psycopg,3.2.13,coverage 7,200
psycopg,3.2.10,coverage 8,200
psycopg,3.2.3,coverage 9,200
psycopg,3.2.12,coverage 10,200
build,1.5.0,coverage 2,200
build,1.2.1,coverage 3,200
build,1.3.0,coverage 4,200
build,1.2.2.post1,coverage 5,200
build,1.4.0,coverage 6,200
build,0.10.0,coverage 7,200
build,1.6.0,coverage 8,200
build,1.4.4,coverage 9,200
grpc-google-iam-v1,0.14.4,coverage 2,200
grpc-google-iam-v1,0.14.3,coverage 3,200
grpc-google-iam-v1,0.14.2,coverage 4,200
grpc-google-iam-v1,0.12.7,coverage 5,200
grpc-google-iam-v1,0.13.1,coverage 6,200
gunicorn,23.0.0,coverage 1,200
gunicorn,26.0.0,coverage 3,200
gunicorn,22.0.0,coverage 4,200
gunicorn,25.3.0,coverage 5,200
gunicorn,21.2.0,coverage 6,200
gunicorn,20.1.0,coverage 7,200
gunicorn,25.1.0,coverage 8,200
gunicorn,19.9.0,coverage 9,200
executing,2.2.0,coverage 2,200
databricks-sdk,0.32.3,coverage 3,200
databricks-sdk,0.67.0,coverage 6,200
databricks-sdk,0.120.0,coverage 7,200
databricks-sdk,0.102.0,coverage 8,200
databricks-sdk,0.118.0,coverage 9,200
databricks-sdk,0.73.0,coverage 10,200
databricks-sdk,0.49.0,coverage 11,200
databricks-sdk,0.117.0,coverage 12,200
databricks-sdk,0.87.0,coverage 13,200
databricks-sdk,0.98.0,coverage 14,200
databricks-sdk,0.66.0,coverage 15,200
databricks-sdk,0.29.0,coverage 16,200
databricks-sdk,0.133.0,coverage 17,200
databricks-sdk,0.139.0,coverage 18,200
databricks-sdk,0.77.0,coverage 19,200
databricks-sdk,0.108.0,coverage 20,200
databricks-sdk,0.72.0,coverage 21,200
databricks-sdk,0.17.0,coverage 22,200
databricks-sdk,0.125.0,coverage 23,200
databricks-sdk,0.28.0,coverage 24,200
databricks-sdk,0.114.0,coverage 25,200
joserfc,1.7.4,coverage 2,200
joserfc,1.7.1,coverage 3,200
joserfc,1.6.8,coverage 4,200
joserfc,1.7.3,coverage 5,200
joserfc,1.7.2,coverage 6,200
joserfc,1.6.5,coverage 7,200
joserfc,1.6.4,coverage 8,200
joserfc,1.7.0,coverage 9,200
azure-storage-blob,12.28.0,coverage 3,200
azure-storage-blob,12.30.0,coverage 4,200
azure-storage-blob,12.30.1,coverage 5,200
azure-storage-blob,12.8.1,coverage 6,200
azure-storage-blob,12.26.0,coverage 7,200
azure-storage-blob,12.27.1,coverage 8,200
azure-storage-blob,12.24.1,coverage 9,200
azure-storage-blob,12.19.1,coverage 10,200
azure-storage-blob,12.29.0,coverage 11,200
azure-storage-blob,12.29.0b1,coverage 12,200
azure-storage-blob,12.19.0,coverage 13,200
azure-storage-blob,12.25.1,coverage 14,200
azure-storage-blob,12.23.1,coverage 15,200
azure-storage-blob,1.5.0,coverage 16,200
azure-storage-blob,12.24.0,coverage 17,200
azure-storage-blob,12.23.0,coverage 18,200
azure-storage-blob,12.20.0,coverage 19,200
azure-storage-blob,12.5.0,coverage 20,200
azure-storage-blob,12.9.0,coverage 21,200
azure-storage-blob,12.16.0,coverage 22,200
azure-storage-blob,12.22.0,coverage 23,200
azure-storage-blob,12.18.2,coverage 24,200
azure-storage-blob,12.17.0,coverage 25,200
jedi,0.19.2,coverage 2,200
jedi,0.19.1,coverage 3,200
parso,0.8.5,coverage 2,200
parso,0.8.6,coverage 3,200
parso,0.8.4,coverage 4,200
babel,2.17.0,coverage 2,200
babel,2.16.0,coverage 3,200
babel,2.9.1,coverage 4,200
asttokens,3.0.1,coverage 2,200
asttokens,3.0.0,coverage 3,200
asttokens,2.4.1,coverage 4,200
google-cloud-aiplatform,1.165.1,coverage 1,200
google-cloud-aiplatform,1.47.0,coverage 3,200
google-cloud-aiplatform,1.148.1,coverage 5,200
google-cloud-aiplatform,1.133.0,coverage 6,200
google-cloud-aiplatform,1.71.1,coverage 7,200
google-cloud-aiplatform,1.163.0,coverage 8,200
google-cloud-aiplatform,1.140.0,coverage 9,200
google-cloud-aiplatform,1.164.0,coverage 10,200
google-cloud-aiplatform,1.148.0,coverage 11,200
google-cloud-aiplatform,1.93.0,coverage 12,200
google-cloud-aiplatform,1.142.0,coverage 13,200
google-cloud-aiplatform,1.64.0,coverage 14,200
google-cloud-aiplatform,1.115.0,coverage 15,200
google-cloud-aiplatform,1.141.0,coverage 16,200
google-cloud-aiplatform,1.149.0,coverage 17,200
google-cloud-aiplatform,1.153.1,coverage 18,200
google-cloud-aiplatform,1.110.0,coverage 19,200
google-cloud-aiplatform,1.158.0,coverage 20,200
google-cloud-aiplatform,1.91.0,coverage 21,200
google-cloud-aiplatform,1.143.0,coverage 22,200
google-cloud-aiplatform,1.130.0,coverage 23,200
google-cloud-aiplatform,1.157.0,coverage 24,200
google-cloud-aiplatform,1.154.0,coverage 25,200
matplotlib-inline,0.2.1,coverage 2,200
matplotlib-inline,0.1.7,coverage 3,200
markdown,3.10.2,coverage 2,200
markdown,3.9,coverage 4,200
markdown,3.10,coverage 5,200
markdown,3.8.2,coverage 6,200
markdown,3.7,coverage 7,200
markdown,3.4.1,coverage 8,200
markdown,3.10.1,coverage 9,200
markdown,3.8.1,coverage 10,200
markdown,3.6,coverage 11,200
markdown,3.4.4,coverage 12,200
setuptools-scm,9.2.2,coverage 3,200
setuptools-scm,8.0.4,coverage 4,200
setuptools-scm,7.1.0,coverage 5,200
setuptools-scm,10.2.1,coverage 6,200
setuptools-scm,6.4.2,coverage 7,200
xmltodict,0.14.2,coverage 2,200
xmltodict,1.0.2,coverage 3,200
xmltodict,0.12.0,coverage 4,200
xmltodict,0.13.0,coverage 5,200
xmltodict,0.15.1,coverage 6,200
xmltodict,0.15.0,coverage 7,200
pydantic-ai-slim,1.107.0,coverage 1,200
pydantic-ai-slim,1.106.0,coverage 2,200
pydantic-ai-slim,2.37.0,coverage 3,200
pydantic-ai-slim,1.60.0,coverage 5,200
pydantic-ai-slim,2.31.1,coverage 6,200
pydantic-ai-slim,2.44.0,coverage 7,200
pydantic-ai-slim,2.43.0,coverage 8,200
pydantic-ai-slim,2.42.0,coverage 9,200
pydantic-ai-slim,1.107.5,coverage 10,200
pydantic-ai-slim,2.33.0,coverage 11,200
pydantic-ai-slim,1.9.1,coverage 12,200
pydantic-ai-slim,2.40.0,coverage 13,200
pydantic-ai-slim,1.107.6,coverage 15,200
pydantic-ai-slim,2.31.0,coverage 17,200
pydantic-ai-slim,1.102.0,coverage 18,200
pydantic-ai-slim,1.68.0,coverage 20,200
pydantic-ai-slim,2.45.0,coverage 21,200
pydantic-ai-slim,1.87.0,coverage 22,200
pydantic-ai-slim,1.63.0,coverage 23,200
pydantic-ai-slim,1.107.1,coverage 24,200
pydantic-ai-slim,2.22.0,coverage 25,200
pure-eval,0.2.3,coverage 2,200
gcsfs,2026.2.0,coverage 2,200
gcsfs,2025.3.2,coverage 3,200
gcsfs,2025.12.0,coverage 4,200
gcsfs,2026.1.0,coverage 5,200
gcsfs,2024.10.0,coverage 6,200
gcsfs,2023.12.2.post1,coverage 7,200
gcsfs,2024.12.0,coverage 8,200
gcsfs,2024.6.1,coverage 9,200
gcsfs,2025.10.0,coverage 10,200
gcsfs,2026.7.0,coverage 11,200
gcsfs,0.7.1,coverage 12,200
gcsfs,2026.3.0,coverage 13,200
gcsfs,2026.8.0,coverage 14,200
gcsfs,2025.7.0,coverage 15,200
gcsfs,2025.3.0,coverage 16,200
gcsfs,2026.4.0,coverage 17,200
gcsfs,2026.6.0,coverage 18,200
gcsfs,2021.11.1,coverage 19,200
gcsfs,2023.1.0,coverage 20,200
gcsfs,2024.3.1,coverage 21,200
gcsfs,2025.9.0,coverage 22,200
gcsfs,2024.2.0,coverage 23,200
gcsfs,2025.5.1,coverage 24,200
gcsfs,2026.5.0,coverage 25,200
google-cloud-batch,0.17.35,coverage 1,200
google-cloud-batch,0.17.31,coverage 3,200
google-cloud-batch,0.20.0,coverage 4,200
google-cloud-batch,0.17.26,coverage 5,200
google-cloud-batch,0.17.7,coverage 6,200
google-cloud-batch,0.21.0,coverage 7,200
google-cloud-batch,0.17.1,coverage 8,200
google-cloud-batch,0.17.21,coverage 9,200
google-cloud-batch,0.17.36,coverage 10,200
google-cloud-batch,0.22.2,coverage 11,200
google-cloud-batch,0.17.22,coverage 12,200
google-cloud-batch,0.22.0,coverage 13,200
marshmallow,3.26.2,coverage 1,200
marshmallow,3.26.1,coverage 3,200
marshmallow,3.19.0,coverage 4,200
marshmallow,4.3.0,coverage 5,200
marshmallow,3.20.1,coverage 6,200
marshmallow,3.18.0,coverage 7,200
marshmallow,3.22.0,coverage 8,200
marshmallow,4.2.2,coverage 9,200
marshmallow,2.21.0,coverage 10,200
marshmallow,3.23.1,coverage 11,200
marshmallow,4.0.1,coverage 12,200
cachecontrol,0.14.3,coverage 2,200
cachecontrol,0.12.14,coverage 3,200
langsmith,0.8.18,coverage 2,200
langsmith,0.1.147,coverage 4,200
langsmith,0.3.45,coverage 6,200
langsmith,0.11.1,coverage 7,200
langsmith,0.4.10,coverage 8,200
langsmith,0.12.6,coverage 9,200
langsmith,0.8.3,coverage 10,200
langsmith,0.12.4,coverage 11,200
langsmith,0.6.4,coverage 12,200
langsmith,0.8.5,coverage 13,200
langsmith,0.11.2,coverage 14,200
langsmith,0.12.2,coverage 15,200
langsmith,0.9.3,coverage 16,200
langsmith,0.10.5,coverage 17,200
langsmith,0.0.92,coverage 18,200
langsmith,0.10.17,coverage 19,200
langsmith,0.10.10,coverage 20,200
langsmith,0.9.8,coverage 21,200
langsmith,0.9.7,coverage 22,200
langsmith,0.12.1,coverage 23,200
langsmith,0.11.0,coverage 24,200
langsmith,0.10.15,coverage 25,200
python-docx,1.1.2,coverage 2,200
structlog,25.5.0,coverage 2,200
structlog,24.4.0,coverage 3,200
structlog,25.4.0,coverage 4,200
structlog,24.1.0,coverage 5,200
structlog,23.3.0,coverage 6,200
google-cloud-kms,3.16.0,coverage 1,200
google-cloud-kms,3.11.0,coverage 2,200
google-cloud-kms,2.24.2,coverage 4,200
google-cloud-kms,3.12.0,coverage 5,200
google-cloud-kms,3.13.0,coverage 6,200
google-cloud-kms,3.14.0,coverage 7,200
google-cloud-kms,3.1.1,coverage 8,200
google-cloud-kms,3.5.1,coverage 9,200
google-cloud-kms,3.1.0,coverage 10,200
google-cloud-kms,2.19.1,coverage 11,200
google-cloud-kms,3.4.1,coverage 12,200
google-cloud-kms,3.5.0,coverage 13,200
google-cloud-kms,2.20.0,coverage 14,200
google-cloud-kms,2.12.0,coverage 15,200
google-cloud-kms,2.23.0,coverage 16,200
google-cloud-kms,2.24.1,coverage 17,200
google-cloud-kms,2.18.0,coverage 18,200
google-cloud-kms,3.9.0,coverage 19,200
google-cloud-kms,3.10.0,coverage 20,200
google-cloud-kms,3.4.0,coverage 21,200
google-cloud-kms,2.9.0,coverage 22,200
google-cloud-kms,3.2.2,coverage 23,200
safetensors,0.7.0,coverage 2,200
safetensors,0.6.2,coverage 3,200
safetensors,0.5.3,coverage 4,200
tinycss2,1.4.0,coverage 2,200
termcolor,2.3.0,coverage 2,200
termcolor,3.1.0,coverage 3,200
termcolor,2.5.0,coverage 4,200
termcolor,2.4.0,coverage 5,200
termcolor,1.1.0,coverage 6,200
termcolor,3.0.0,coverage 7,200
google-analytics-admin,0.23.2,coverage 2,200
google-analytics-admin,0.23.0,coverage 3,200
google-analytics-admin,0.27.0,coverage 4,200
google-analytics-admin,0.24.0,coverage 5,200
google-analytics-admin,0.23.6,coverage 6,200
google-analytics-admin,0.22.7,coverage 7,200
google-analytics-admin,0.24.1,coverage 8,200
google-analytics-admin,0.28.0,coverage 9,200
google-analytics-admin,0.22.8,coverage 10,200
google-analytics-admin,0.30.0,coverage 11,200
google-cloud-compute,1.47.0,coverage 2,200
google-cloud-compute,1.19.2,coverage 3,200
google-cloud-compute,1.20.1,coverage 4,200
google-cloud-compute,1.30.0,coverage 5,200
google-cloud-compute,1.14.1,coverage 6,200
google-cloud-compute,1.15.0,coverage 7,200
google-cloud-compute,1.45.0,coverage 8,200
google-cloud-compute,1.52.0,coverage 9,200
google-cloud-compute,1.19.0,coverage 10,200
google-cloud-compute,1.50.0,coverage 11,200
google-cloud-compute,1.35.0,coverage 12,200
google-cloud-compute,1.48.0,coverage 13,200
google-cloud-compute,1.27.0,coverage 14,200
google-cloud-compute,1.19.1,coverage 15,200
google-cloud-compute,0.7.0,coverage 16,200
google-cloud-compute,1.49.0,coverage 17,200
google-cloud-compute,1.12.1,coverage 18,200
google-cloud-compute,1.39.0,coverage 19,200
google-cloud-compute,1.51.0,coverage 20,200
google-cloud-compute,1.43.0,coverage 21,200
google-cloud-compute,1.46.0,coverage 22,200
google-cloud-compute,1.40.0,coverage 23,200
google-cloud-compute,1.42.0,coverage 24,200
pytokens,0.3.0,coverage 2,200
aioitertools,0.12.0,coverage 2,200
aioitertools,0.11.0,coverage 3,200
kubernetes,35.0.0,coverage 2,200
kubernetes,31.0.0,coverage 3,200
kubernetes,30.1.0,coverage 4,200
kubernetes,29.0.0,coverage 5,200
kubernetes,36.0.2,coverage 6,200
kubernetes,32.0.1,coverage 7,200
kubernetes,33.1.0,coverage 8,200
kubernetes,24.2.0,coverage 9,200
kubernetes,36.0.0,coverage 10,200
kubernetes,25.3.0,coverage 11,200
kubernetes,34.1.0,coverage 12,200
kubernetes,26.1.0,coverage 13,200
pyzmq,27.1.0,coverage 2,200
pyzmq,26.4.0,coverage 3,200
pyzmq,26.2.1,coverage 4,200
pyzmq,26.2.0,coverage 5,200
pyzmq,23.2.1,coverage 6,200
pyee,13.0.1,coverage 1,200
pyee,13.0.0,coverage 2,200
pyee,12.0.0,coverage 3,200
pymongo,4.17.0,coverage 2,200
pymongo,4.16.0,coverage 4,200
pymongo,4.6.3,coverage 5,200
pymongo,3.13.0,coverage 6,200
pymongo,4.12.0,coverage 7,200
pymongo,4.10.1,coverage 8,200
pymongo,4.7.3,coverage 9,200
pymongo,4.15.2,coverage 10,200
pymongo,4.15.5,coverage 11,200
pymongo,4.9.2,coverage 12,200
pymongo,4.13.2,coverage 13,200
pymongo,4.15.3,coverage 14,200
pymongo,4.8.0,coverage 15,200
pymongo,4.3.3,coverage 16,200
pymongo,3.12.3,coverage 17,200
pymongo,4.14.0,coverage 18,200
pymongo,4.5.0,coverage 19,200
pymongo,4.18.0,coverage 20,200
pymongo,4.6.1,coverage 21,200
pymongo,3.12.1,coverage 22,200
pymongo,4.13.0,coverage 23,200
pymongo,4.7.2,coverage 24,200
pymongo,4.1.1,coverage 25,200
lz4,4.3.3,coverage 2,200
lz4,4.4.4,coverage 3,200
mdit-py-plugins,0.5.0,coverage 2,200
mdit-py-plugins,0.4.2,coverage 3,200
google-cloud-pubsub,2.39.0,coverage 2,200
google-cloud-pubsub,2.29.0,coverage 3,200
google-cloud-pubsub,2.35.0,coverage 4,200
google-cloud-pubsub,2.36.0,coverage 5,200
google-cloud-pubsub,2.31.1,coverage 6,200
google-cloud-pubsub,2.37.0,coverage 7,200
google-cloud-pubsub,2.40.0,coverage 8,200
google-cloud-pubsub,2.34.0,coverage 9,200
google-cloud-pubsub,2.38.0,coverage 10,200
google-cloud-pubsub,2.26.1,coverage 11,200
google-cloud-pubsub,2.39.1,coverage 12,200
google-cloud-pubsub,2.23.0,coverage 13,200
google-cloud-pubsub,2.7.0,coverage 14,200
google-cloud-pubsub,2.39.2,coverage 15,200
google-cloud-pubsub,2.21.2,coverage 16,200
google-cloud-pubsub,2.13.10,coverage 17,200
google-cloud-pubsub,2.19.0,coverage 18,200
google-cloud-pubsub,2.18.4,coverage 19,200
google-cloud-pubsub,2.25.0,coverage 20,200
google-cloud-pubsub,2.33.0,coverage 21,200
google-cloud-pubsub,2.13.5,coverage 22,200
google-cloud-pubsub,2.22.0,coverage 23,200
google-cloud-pubsub,2.23.1,coverage 24,200
google-cloud-pubsub,2.17.1,coverage 25,200
google-cloud-pubsub,2.28.0,coverage 26,200
google-cloud-pubsub,2.16.0,coverage 27,200
google-cloud-pubsub,2.30.0,coverage 28,200
google-cloud-pubsub,2.27.1,coverage 29,200
google-cloud-pubsub,2.13.11,coverage 30,200
google-cloud-pubsub,2.29.1,coverage 31,200
google-cloud-pubsub,2.27.2,coverage 32,200
google-cloud-pubsub,2.31.0,coverage 33,200
google-cloud-pubsub,2.27.3,coverage 34,200
google-cloud-pubsub,2.21.5,coverage 35,200
google-cloud-pubsub,2.20.1,coverage 36,200
google-cloud-pubsub,2.19.4,coverage 37,200
google-cloud-pubsub,2.21.3,coverage 38,200
google-cloud-pubsub,2.21.1,coverage 39,200
google-cloud-pubsub,2.32.0,coverage 40,200
google-cloud-pubsub,2.21.0,coverage 41,200
google-cloud-pubsub,2.13.1,coverage 42,200
google-cloud-pubsub,2.12.1,coverage 43,200
google-cloud-pubsub,2.16.1,coverage 44,200
google-cloud-pubsub,2.25.2,coverage 45,200
google-cloud-pubsub,2.21.4,coverage 46,200
google-cloud-pubsub,2.20.0,coverage 47,200
google-cloud-pubsub,2.12.0,coverage 48,200
google-cloud-pubsub,2.18.3,coverage 49,200
google-cloud-pubsub,2.8.0,coverage 50,200
google-cloud-pubsub,2.17.0,coverage 51,200
google-cloud-pubsub,2.13.0,coverage 52,200
google-cloud-pubsub,2.27.0,coverage 53,200
google-cloud-pubsub,2.13.12,coverage 54,200
google-cloud-pubsub,2.26.0,coverage 55,200
google-cloud-pubsub,2.19.2,coverage 56,200
google-cloud-pubsub,2.19.7,coverage 57,200
google-cloud-pubsub,2.19.1,coverage 58,200
google-cloud-pubsub,2.13.6,coverage 59,200
google-cloud-pubsub,2.19.8,coverage 60,200
pydantic-graph,1.107.0,coverage 1,200
pydantic-graph,1.106.0,coverage 2,200
pydantic-graph,2.37.0,coverage 3,200
pydantic-graph,1.60.0,coverage 5,200
pydantic-graph,2.31.1,coverage 6,200
pydantic-graph,2.44.0,coverage 7,200
pydantic-graph,2.43.0,coverage 8,200
pydantic-graph,2.42.0,coverage 9,200
pydantic-graph,1.107.5,coverage 10,200
pydantic-graph,2.33.0,coverage 11,200
pydantic-graph,1.9.1,coverage 12,200
pydantic-graph,2.40.0,coverage 13,200
pydantic-graph,1.107.6,coverage 15,200
pydantic-graph,1.102.0,coverage 17,200
pydantic-graph,2.31.0,coverage 18,200
pydantic-graph,1.68.0,coverage 20,200
pydantic-graph,2.45.0,coverage 21,200
pydantic-graph,1.87.0,coverage 22,200
pydantic-graph,1.63.0,coverage 23,200
pydantic-graph,1.107.1,coverage 24,200
pydantic-graph,2.22.0,coverage 25,200
pytest-mock,3.14.0,coverage 2,200
pytest-mock,3.14.1,coverage 3,200
pytest-mock,3.12.0,coverage 4,200
pytest-mock,3.10.0,coverage 5,200
pytest-mock,3.11.1,coverage 6,200
pytest-timeout,2.3.1,coverage 2,200
pymysql,1.1.1,coverage 2,200
pymysql,1.2.0,coverage 3,200
pymysql,1.1.2,coverage 4,200
pymysql,1.1.0,coverage 5,200
pymysql,1.0.2,coverage 6,200
pymysql,1.1.3,coverage 7,200
linkify-it-py,2.1.0,coverage 2,200
linkify-it-py,2.0.3,coverage 3,200
google-cloud-dlp,3.34.0,coverage 1,200
google-cloud-dlp,3.38.0,coverage 3,200
google-cloud-dlp,3.25.0,coverage 4,200
google-cloud-dlp,3.22.0,coverage 5,200
google-cloud-dlp,3.36.0,coverage 6,200
google-cloud-dlp,3.9.2,coverage 7,200
google-cloud-dlp,3.29.0,coverage 8,200
google-cloud-dlp,3.14.0,coverage 9,200
google-cloud-dlp,1.0.2,coverage 10,200
google-cloud-dlp,3.12.3,coverage 11,200
google-cloud-dlp,3.18.0,coverage 12,200
google-cloud-dlp,3.31.0,coverage 13,200
google-cloud-dlp,3.18.1,coverage 14,200
google-cloud-dlp,3.28.1,coverage 15,200
google-cloud-dlp,3.12.2,coverage 16,200
google-cloud-dlp,3.33.0,coverage 17,200
google-cloud-dlp,3.16.0,coverage 18,200
google-cloud-dlp,1.0.0,coverage 19,200
google-cloud-dlp,3.13.0,coverage 20,200
google-cloud-speech,2.37.0,coverage 2,200
google-cloud-speech,2.35.0,coverage 3,200
google-cloud-speech,2.33.0,coverage 4,200
google-cloud-speech,2.21.0,coverage 5,200
google-cloud-speech,2.38.0,coverage 6,200
google-cloud-speech,2.28.0,coverage 7,200
google-cloud-speech,2.27.0,coverage 8,200
google-cloud-speech,2.32.0,coverage 9,200
google-cloud-speech,2.23.0,coverage 10,200
google-cloud-speech,1.3.4,coverage 11,200
google-cloud-speech,2.26.0,coverage 12,200
google-cloud-speech,2.39.0,coverage 13,200
google-cloud-speech,2.34.0,coverage 14,200
google-cloud-speech,2.31.1,coverage 15,200
google-cloud-speech,2.26.1,coverage 16,200
dbt-adapters,1.16.3,coverage 2,200
dbt-adapters,1.22.10,coverage 3,200
dbt-adapters,1.24.2,coverage 4,200
dbt-adapters,1.17.3,coverage 5,200
dbt-adapters,1.23.0,coverage 6,200
dbt-adapters,1.22.5,coverage 7,200
dbt-adapters,1.9.0,coverage 8,200
dbt-adapters,1.16.7,coverage 9,200
dbt-adapters,1.22.8,coverage 10,200
dbt-adapters,1.22.9,coverage 11,200
dbt-adapters,1.16.6,coverage 12,200
dbt-adapters,1.17.2,coverage 13,200
dbt-adapters,1.16.4,coverage 14,200
dbt-adapters,1.16.5,coverage 15,200
dbt-adapters,1.22.6,coverage 16,200
dbt-adapters,1.17.0,coverage 17,200
dbt-adapters,1.17.1,coverage 18,200
dbt-adapters,1.22.4,coverage 19,200
dbt-adapters,1.24.4,coverage 20,200
dbt-adapters,1.22.2,coverage 21,200
dbt-adapters,1.22.1,coverage 22,200
dbt-adapters,1.7.0,coverage 23,200
dbt-adapters,1.19.0,coverage 24,200
dbt-adapters,1.24.1,coverage 25,200
google-cloud-texttospeech,2.27.0,coverage 2,200
google-cloud-texttospeech,2.36.0,coverage 3,200
google-cloud-texttospeech,2.34.0,coverage 4,200
google-cloud-texttospeech,2.21.0,coverage 5,200
google-cloud-texttospeech,2.17.2,coverage 6,200
google-cloud-texttospeech,2.15.1,coverage 7,200
google-cloud-texttospeech,1.0.3,coverage 8,200
google-cloud-texttospeech,2.16.3,coverage 9,200
google-cloud-texttospeech,2.14.2,coverage 10,200
google-cloud-texttospeech,2.25.1,coverage 11,200
google-cloud-texttospeech,2.14.1,coverage 12,200
google-cloud-texttospeech,2.16.4,coverage 13,200
google-cloud-texttospeech,2.33.0,coverage 14,200
slack-sdk,3.41.0,coverage 2,200
slack-sdk,3.39.0,coverage 3,200
slack-sdk,3.42.0,coverage 4,200
slack-sdk,3.43.0,coverage 5,200
slack-sdk,3.36.0,coverage 6,200
slack-sdk,3.37.0,coverage 7,200
slack-sdk,3.35.0,coverage 8,200
slack-sdk,3.27.1,coverage 9,200
slack-sdk,3.31.0,coverage 10,200
slack-sdk,3.40.1,coverage 11,200
slack-sdk,3.33.3,coverage 12,200
slack-sdk,3.34.0,coverage 13,200
slack-sdk,3.44.0,coverage 14,200
slack-sdk,3.40.0,coverage 15,200
slack-sdk,3.21.3,coverage 16,200
slack-sdk,3.26.2,coverage 17,200
slack-sdk,3.20.2,coverage 18,200
slack-sdk,3.27.2,coverage 19,200
slack-sdk,3.33.1,coverage 20,200
slack-sdk,3.33.5,coverage 21,200
slack-sdk,3.33.4,coverage 22,200
slack-sdk,3.23.0,coverage 23,200
uc-micro-py,1.0.3,coverage 2,200
weaviate-client,4.21.0,coverage 2,200
weaviate-client,4.16.2,coverage 3,200
weaviate-client,4.22.0,coverage 4,200
weaviate-client,4.16.0,coverage 5,200
weaviate-client,4.16.9,coverage 6,200
weaviate-client,4.18.3,coverage 7,200
weaviate-client,4.17.0,coverage 8,200
weaviate-client,4.19.2,coverage 9,200
weaviate-client,4.20.3,coverage 10,200
weaviate-client,3.24.2,coverage 11,200
weaviate-client,4.21.3,coverage 12,200
weaviate-client,4.23.0,coverage 13,200
weaviate-client,4.15.3,coverage 14,200
weaviate-client,4.20.4,coverage 15,200
weaviate-client,4.20.5,coverage 16,200
weaviate-client,4.10.2,coverage 17,200
weaviate-client,4.18.0,coverage 18,200
weaviate-client,4.19.4,coverage 19,200
weaviate-client,4.15.4,coverage 20,200
weaviate-client,4.16.6,coverage 21,200
weaviate-client,4.16.10,coverage 22,200
weaviate-client,4.10.1,coverage 23,200
weaviate-client,4.10.0,coverage 24,200
weaviate-client,4.9.6,coverage 25,200
griffelib,2.0.2,coverage 2,200
griffelib,2.1.0,coverage 3,200
griffelib,2.2.0,coverage 4,200
griffelib,2.0.0,coverage 5,200
importlib-resources,6.5.2,coverage 2,200
importlib-resources,5.12.0,coverage 3,200
importlib-resources,6.4.5,coverage 4,200
importlib-resources,5.0.7,coverage 5,200
importlib-resources,5.4.0,coverage 6,200
importlib-resources,6.4.0,coverage 7,200
importlib-resources,5.13.0,coverage 8,200
google-cloud-logging,3.12.1,coverage 2,200
google-cloud-logging,3.15.0,coverage 3,200
google-cloud-logging,3.16.0,coverage 4,200
google-cloud-logging,3.13.0,coverage 5,200
google-cloud-logging,3.14.0,coverage 6,200
google-cloud-logging,3.16.1,coverage 7,200
google-cloud-logging,3.12.0,coverage 8,200
google-cloud-logging,3.11.3,coverage 9,200
google-cloud-logging,3.16.2,coverage 10,200
google-cloud-logging,3.11.2,coverage 11,200
google-cloud-logging,3.9.0,coverage 12,200
google-cloud-logging,3.10.0,coverage 13,200
google-cloud-logging,3.2.5,coverage 14,200
google-cloud-logging,3.8.0,coverage 15,200
google-cloud-logging,3.2.1,coverage 16,200
google-cloud-logging,3.11.4,coverage 17,200
google-cloud-logging,3.5.0,coverage 18,200
reportlab,4.4.9,coverage 2,200
reportlab,4.5.1,coverage 3,200
reportlab,5.0.0,coverage 4,200
reportlab,4.4.10,coverage 5,200
reportlab,4.2.5,coverage 6,200
reportlab,4.4.4,coverage 7,200
reportlab,4.4.3,coverage 8,200
reportlab,4.4.7,coverage 9,200
reportlab,4.5.0,coverage 10,200
reportlab,4.3.1,coverage 11,200
reportlab,4.1.0,coverage 12,200
reportlab,4.4.0,coverage 13,200
reportlab,4.4.5,coverage 14,200
reportlab,4.2.2,coverage 15,200
reportlab,3.6.13,coverage 16,200
awswrangler,3.14.0,coverage 1,200
awswrangler,2.20.1,coverage 2,200
awswrangler,3.9.1,coverage 3,200
awswrangler,3.11.0,coverage 5,200
awswrangler,3.9.0,coverage 6,200
awswrangler,3.10.1,coverage 7,200
awswrangler,3.13.0,coverage 8,200
awswrangler,3.7.3,coverage 9,200
awswrangler,3.10.0,coverage 10,200
awswrangler,3.12.1,coverage 11,200
awswrangler,3.17.0,coverage 12,200
awswrangler,3.7.2,coverage 13,200
awswrangler,3.15.1,coverage 14,200
awswrangler,3.16.1,coverage 15,200
awswrangler,3.16.0,coverage 16,200
awswrangler,3.12.0,coverage 17,200
awswrangler,2.20.0,coverage 18,200
awswrangler,3.4.1,coverage 19,200
awswrangler,3.15.0,coverage 20,200
awswrangler,3.8.0,coverage 21,200
awswrangler,3.3.0,coverage 22,200
awswrangler,3.4.2,coverage 23,200
awswrangler,3.0.0,coverage 24,200
awswrangler,3.2.1,coverage 25,200
torch,2.6.0,coverage 2,200
torch,2.8.0,coverage 3,200
torch,2.13.0,coverage 4,200
torch,2.10.0,coverage 5,200
torch,2.11.0,coverage 6,200
torch,2.7.1,coverage 7,200
torch,2.7.0,coverage 8,200
torch,2.9.1,coverage 9,200
torch,2.12.0,coverage 10,200
torch,2.12.1,coverage 11,200
torch,2.5.1,coverage 12,200
torch,2.4.1,coverage 13,200
torch,1.11.0,coverage 14,200
torch,2.9.0,coverage 15,200
torch,1.13.1,coverage 16,200
jupyter-core,5.8.1,coverage 2,200
jupyter-core,5.7.2,coverage 3,200
beartype,0.22.5,coverage 2,200
beartype,0.22.8,coverage 3,200
cyclopts,4.16.1,coverage 3,200
cyclopts,4.25.2,coverage 4,200
cyclopts,4.20.0,coverage 5,200
cyclopts,4.10.1,coverage 6,200
cyclopts,4.22.5,coverage 7,200
cyclopts,4.10.2,coverage 8,200
cyclopts,4.11.0,coverage 9,200
cyclopts,4.5.1,coverage 10,200
cyclopts,4.14.0,coverage 11,200
cyclopts,4.23.3,coverage 12,200
cyclopts,4.10.0,coverage 13,200
cyclopts,4.5.2,coverage 14,200
cyclopts,4.3.0,coverage 15,200
cyclopts,4.8.0,coverage 16,200
cyclopts,4.11.2,coverage 17,200
cyclopts,4.21.0,coverage 18,200
cyclopts,4.2.4,coverage 19,200
cyclopts,4.18.0,coverage 20,200
cyclopts,4.6.0,coverage 21,200
cyclopts,4.22.1,coverage 22,200
cyclopts,4.22.2,coverage 23,200
cyclopts,4.19.0,coverage 24,200
cyclopts,4.24.0,coverage 25,200
loguru,0.7.2,coverage 2,200
grpclib,0.4.8,coverage 2,200
nbformat,5.10.4,coverage 1,200
nbformat,5.8.0,coverage 3,200
jsonschema-path,0.3.4,coverage 2,200
jsonschema-path,0.4.6,coverage 3,200
jsonschema-path,0.4.5,coverage 4,200
sqlglot,27.15.2,coverage 3,200
sqlglot,26.9.0,coverage 4,200
sqlglot,30.17.0,coverage 5,200
sqlglot,30.12.0,coverage 6,200
sqlglot,28.5.0,coverage 7,200
sqlglot,27.29.0,coverage 8,200
sqlglot,30.8.0,coverage 9,200
sqlglot,26.33.0,coverage 10,200
sqlglot,28.0.0,coverage 11,200
sqlglot,30.15.0,coverage 12,200
sqlglot,28.10.1,coverage 13,200
sqlglot,29.0.1,coverage 14,200
sqlglot,30.11.0,coverage 15,200
sqlglot,26.12.1,coverage 16,200
sqlglot,27.24.2,coverage 17,200
sqlglot,25.32.1,coverage 18,200
sqlglot,30.14.0,coverage 19,200
sqlglot,27.27.0,coverage 20,200
sqlglot,25.34.1,coverage 21,200
sqlglot,28.6.0,coverage 23,200
sqlglot,30.13.0,coverage 24,200
sqlglot,30.7.0,coverage 25,200
onnxruntime,1.23.2,coverage 2,200
onnxruntime,1.20.1,coverage 3,200
onnxruntime,1.29.0,coverage 4,200
onnxruntime,1.24.4,coverage 5,200
onnxruntime,1.27.0,coverage 6,200
onnxruntime,1.19.2,coverage 7,200
onnxruntime,1.28.0,coverage 8,200
onnxruntime,1.26.0,coverage 9,200
onnxruntime,1.16.3,coverage 10,200
onnxruntime,1.25.1,coverage 11,200
onnxruntime,1.24.1,coverage 12,200
onnxruntime,1.22.1,coverage 13,200
onnxruntime,1.14.1,coverage 14,200
dulwich,0.21.7,coverage 2,200
dulwich,0.22.8,coverage 3,200
dulwich,0.24.10,coverage 4,200
dulwich,1.2.6,coverage 5,200
dulwich,0.20.50,coverage 6,200
dulwich,1.2.12,coverage 7,200
dulwich,0.25.2,coverage 8,200
dulwich,1.2.14,coverage 9,200
dulwich,1.2.5,coverage 10,200
xlrd,2.0.1,coverage 2,200
xlrd,1.2.0,coverage 3,200
dbt-core,1.12.3,coverage 2,200
dbt-core,1.11.11,coverage 3,200
dbt-core,1.11.8,coverage 4,200
dbt-core,1.11.15,coverage 5,200
dbt-core,1.12.0,coverage 6,200
dbt-core,1.11.14,coverage 7,200
dbt-core,1.11.12,coverage 8,200
dbt-core,1.11.7,coverage 9,200
dbt-core,1.11.2,coverage 10,200
dbt-core,1.11.6,coverage 11,200
dbt-core,1.10.23,coverage 12,200
dbt-core,1.10.13,coverage 13,200
dbt-core,1.9.4,coverage 14,200
dbt-core,1.10.20,coverage 15,200
dbt-core,1.12.4,coverage 16,200
dbt-core,1.10.15,coverage 17,200
dbt-core,1.7.20,coverage 18,200
dbt-core,1.8.7,coverage 19,200
dbt-core,1.10.11,coverage 20,200
dbt-core,1.8.8,coverage 21,200
dbt-core,1.12.2,coverage 22,200
dbt-core,1.8.9,coverage 23,200
dbt-core,1.10.19,coverage 24,200
dbt-core,1.10.22,coverage 25,200
jupyter-client,8.6.3,coverage 2,200
jupyter-client,8.8.0,coverage 3,200
jupyter-client,8.9.1,coverage 4,200
jupyter-client,7.4.9,coverage 5,200
google-cloud-monitoring,2.30.0,coverage 2,200
google-cloud-monitoring,2.29.1,coverage 3,200
google-cloud-monitoring,2.27.2,coverage 4,200
google-cloud-monitoring,2.22.2,coverage 5,200
google-cloud-monitoring,2.27.1,coverage 6,200
google-cloud-monitoring,2.28.0,coverage 7,200
google-cloud-monitoring,2.15.1,coverage 8,200
google-cloud-monitoring,2.23.0,coverage 9,200
google-cloud-monitoring,2.21.0,coverage 10,200
google-cloud-monitoring,2.18.0,coverage 11,200
google-cloud-monitoring,2.11.0,coverage 12,200
google-cloud-monitoring,2.29.0,coverage 13,200
fastmcp-slim,3.4.7,coverage 1,200
fastmcp-slim,3.4.4,coverage 5,200
fastmcp-slim,3.4.2,coverage 6,200
fastmcp-slim,3.4.0,coverage 7,200
fastmcp-slim,3.3.1,coverage 8,200
fastmcp-slim,4.0.3,coverage 10,200
fastmcp-slim,4.0.2,coverage 11,200
fastmcp-slim,3.4.5,coverage 12,200
fastmcp-slim,3.4.6,coverage 13,200
fastmcp-slim,4.0.0,coverage 14,200
fastmcp-slim,3.4.3,coverage 15,200
modal,1.5.4,coverage 2,200
modal,1.5.1,coverage 3,200
modal,1.5.3,coverage 4,200
modal,1.4.3,coverage 5,200
modal,1.5.2,coverage 6,200
modal,1.4.2,coverage 7,200
modal,1.2.3,coverage 8,200
modal,1.3.4,coverage 9,200
modal,1.3.5,coverage 10,200
modal,1.4.1,coverage 11,200
synchronicity,0.11.1,coverage 2,200
synchronicity,0.12.2,coverage 3,200
google-cloud-tasks,2.21.0,coverage 2,200
google-cloud-tasks,2.22.0,coverage 3,200
google-cloud-tasks,2.23.0,coverage 4,200
google-cloud-tasks,2.19.3,coverage 5,200
google-cloud-tasks,2.19.2,coverage 6,200
google-cloud-tasks,2.16.5,coverage 7,200
google-cloud-tasks,2.17.0,coverage 8,200
google-cloud-tasks,2.16.3,coverage 9,200
google-cloud-tasks,2.15.0,coverage 10,200
google-cloud-tasks,2.14.2,coverage 11,200
google-cloud-tasks,2.10.1,coverage 12,200
google-cloud-tasks,2.20.0,coverage 14,200
google-cloud-tasks,2.16.4,coverage 15,200
fastapi-cli,0.0.24,coverage 1,200
fastapi-cli,0.0.16,coverage 3,200
fastapi-cli,0.0.14,coverage 4,200
fastapi-cli,0.0.20,coverage 5,200
fastapi-cli,0.0.7,coverage 6,200
fastapi-cli,0.0.27,coverage 7,200
fastapi-cli,0.0.8,coverage 8,200
fastapi-cli,0.0.5,coverage 9,200
fastapi-cli,0.0.29,coverage 10,200
databricks-sql-connector,4.2.6,coverage 1,200
databricks-sql-connector,4.3.0,coverage 3,200
databricks-sql-connector,4.4.0,coverage 4,200
databricks-sql-connector,2.9.6,coverage 5,200
databricks-sql-connector,2.9.3,coverage 7,200
databricks-sql-connector,4.2.5,coverage 8,200
databricks-sql-connector,4.0.5,coverage 9,200
databricks-sql-connector,3.7.5,coverage 10,200
databricks-sql-connector,3.1.0,coverage 11,200
databricks-sql-connector,4.1.2,coverage 12,200
databricks-sql-connector,4.0.3,coverage 13,200
databricks-sql-connector,4.1.3,coverage 14,200
databricks-sql-connector,1.0.2,coverage 15,200
databricks-sql-connector,2.7.0,coverage 16,200
databricks-sql-connector,4.1.5,coverage 17,200
databricks-sql-connector,4.2.4,coverage 18,200
databricks-sql-connector,3.6.0,coverage 19,200
databricks-sql-connector,4.0.0,coverage 20,200
databricks-sql-connector,3.1.2,coverage 21,200
databricks-sql-connector,2.0.2,coverage 22,200
databricks-sql-connector,2.2.0,coverage 23,200
databricks-sql-connector,2.5.0,coverage 24,200
databricks-sql-connector,2.5.2,coverage 25,200
pydantic-extra-types,2.11.2,coverage 2,200
pydantic-extra-types,2.11.0,coverage 3,200
pydantic-extra-types,2.10.6,coverage 4,200
pydantic-extra-types,2.10.5,coverage 5,200
pkginfo,1.12.1.2,coverage 2,200
rich-rst,1.3.2,coverage 2,200
rich-rst,2.0.1,coverage 3,200
rich-rst,1.3.1,coverage 4,200
shapely,2.0.7,coverage 2,200
shapely,2.0.6,coverage 3,200
shapely,2.1.1,coverage 4,200
shapely,1.8.5.post1,coverage 5,200
shapely,2.0.2,coverage 6,200
shapely,2.0.1,coverage 7,200
shapely,2.0.4,coverage 8,200
py-key-value-aio,0.4.5,coverage 2,200
py-key-value-aio,0.4.4,coverage 3,200
py-key-value-aio,0.3.0,coverage 4,200
numba,0.65.1,coverage 2,200
numba,0.63.1,coverage 3,200
numba,0.61.2,coverage 4,200
numba,0.65.0,coverage 5,200
numba,0.66.0,coverage 6,200
numba,0.60.0,coverage 7,200
numba,0.64.0,coverage 8,200
numba,0.62.1,coverage 9,200
numba,0.59.1,coverage 10,200
numba,0.61.0,coverage 11,200
numba,0.58.1,coverage 12,200
arrow,1.3.0,coverage 2,200
arrow,1.2.3,coverage 3,200
deepdiff,8.6.2,coverage 1,200
deepdiff,7.0.1,coverage 3,200
deepdiff,8.6.1,coverage 4,200
deepdiff,8.5.0,coverage 5,200
deepdiff,9.0.0,coverage 6,200
deepdiff,8.4.2,coverage 7,200
deepdiff,6.7.1,coverage 8,200
deepdiff,8.0.1,coverage 9,200
dbt-common,1.38.0,coverage 2,200
dbt-common,1.27.1,coverage 3,200
dbt-common,1.37.5,coverage 4,200
dbt-common,1.37.3,coverage 5,200
dbt-common,1.12.0,coverage 6,200
dbt-common,1.37.2,coverage 7,200
dbt-common,1.34.2,coverage 8,200
dbt-common,1.33.0,coverage 9,200
dbt-common,1.32.0,coverage 10,200
dbt-common,1.29.0,coverage 11,200
dbt-common,1.28.0,coverage 12,200
dbt-common,1.30.0,coverage 13,200
dbt-common,1.31.0,coverage 14,200
dbt-common,1.34.1,coverage 15,200
dbt-common,1.34.0,coverage 16,200
dbt-common,1.36.0,coverage 17,200
dbt-common,1.35.0,coverage 18,200
dbt-common,1.10.0,coverage 19,200
dbt-common,1.37.1,coverage 20,200
dbt-common,1.37.4,coverage 21,200
dbt-common,1.37.0,coverage 22,200
dbt-common,1.25.0,coverage 23,200
dbt-common,1.14.0,coverage 24,200
dbt-common,1.23.0,coverage 25,200
smart-open,7.5.0,coverage 2,200
smart-open,6.4.0,coverage 3,200
smart-open,7.7.1,coverage 4,200
smart-open,7.5.1,coverage 5,200
smart-open,7.6.1,coverage 6,200
smart-open,8.0.0,coverage 7,200
smart-open,7.1.0,coverage 8,200
smart-open,7.6.0,coverage 9,200
smart-open,6.3.0,coverage 10,200
smart-open,5.2.1,coverage 11,200
smart-open,7.3.0.post1,coverage 12,200
smart-open,7.0.4,coverage 13,200
requests-file,2.1.0,coverage 2,200
rich-toolkit,0.19.7,coverage 1,200
rich-toolkit,0.20.3,coverage 3,200
rich-toolkit,0.15.1,coverage 4,200
rich-toolkit,0.20.1,coverage 5,200
rich-toolkit,0.17.0,coverage 6,200
rich-toolkit,0.17.1,coverage 7,200
rich-toolkit,0.19.10,coverage 8,200
rich-toolkit,0.20.4,coverage 9,200
rich-toolkit,0.15.0,coverage 10,200
rich-toolkit,0.19.9,coverage 11,200
polars,1.42.1,coverage 2,200
polars,1.43.2,coverage 3,200
polars,1.37.1,coverage 4,200
polars,1.40.1,coverage 5,200
polars,1.38.1,coverage 6,200
polars,1.39.3,coverage 7,200
polars,1.44.1,coverage 8,200
polars,1.41.2,coverage 9,200
polars,1.35.2,coverage 10,200
polars,1.26.0,coverage 11,200
polars,1.36.1,coverage 12,200
polars,1.34.0,coverage 13,200
polars,1.32.3,coverage 14,200
polars,1.39.0,coverage 15,200
polars,1.31.0,coverage 16,200
polars,1.30.0,coverage 17,200
polars,1.33.1,coverage 18,200
polars,1.22.0,coverage 19,200
polars,2.0.0rc2,coverage 20,200
polars,1.40.0,coverage 21,200
polars,0.20.31,coverage 22,200
polars,1.43.1,coverage 23,200
polars,1.43.0,coverage 24,200
polars,1.29.0,coverage 25,200
mistune,2.1.0,coverage 2,200
mistune,3.3.3,coverage 3,200
mistune,3.2.0,coverage 4,200
mistune,0.8.4,coverage 5,200
mistune,3.2.1,coverage 6,200
mistune,3.1.4,coverage 7,200
mistune,3.0.2,coverage 8,200
argon2-cffi-bindings,25.1.0,coverage 2,200
argon2-cffi-bindings,21.2.0,coverage 3,200
msrest,0.6.21,coverage 2,200
mmh3,5.2.1,coverage 2,200
mmh3,5.2.0,coverage 3,200
mmh3,4.1.0,coverage 4,200
mmh3,5.1.0,coverage 5,200
snowflake-snowpark-python,1.24.0,coverage 2,200
snowflake-snowpark-python,1.49.0,coverage 3,200
snowflake-snowpark-python,1.47.0,coverage 4,200
snowflake-snowpark-python,1.53.0,coverage 5,200
snowflake-snowpark-python,1.9.0,coverage 6,200
snowflake-snowpark-python,1.54.0,coverage 7,200
snowflake-snowpark-python,1.48.1,coverage 8,200
snowflake-snowpark-python,1.38.0,coverage 9,200
snowflake-snowpark-python,1.45.0,coverage 10,200
snowflake-snowpark-python,1.44.0,coverage 11,200
snowflake-snowpark-python,1.41.0,coverage 12,200
snowflake-snowpark-python,1.52.0,coverage 13,200
snowflake-snowpark-python,1.51.1,coverage 14,200
snowflake-snowpark-python,1.10.0,coverage 15,200
snowflake-snowpark-python,1.26.0,coverage 16,200
snowflake-snowpark-python,1.12.1,coverage 17,200
snowflake-snowpark-python,1.14.0,coverage 18,200
snowflake-snowpark-python,1.50.0,coverage 19,200
snowflake-snowpark-python,1.28.0,coverage 20,200
snowflake-snowpark-python,1.53.1,coverage 21,200
snowflake-snowpark-python,1.42.0,coverage 22,200
snowflake-snowpark-python,1.46.0,coverage 23,200
snowflake-snowpark-python,1.40.0,coverage 24,200
snowflake-snowpark-python,1.39.0,coverage 25,200
llama-cloud-services,0.6.21,coverage 1,200
llama-cloud-services,0.6.54,coverage 2,200
llama-cloud-services,0.6.76,coverage 4,200
llama-cloud-services,0.6.79,coverage 5,200
llama-cloud-services,0.6.91,coverage 6,200
llama-cloud-services,0.6.8,coverage 7,200
llama-cloud-services,0.6.92,coverage 8,200
llama-cloud-services,0.6.90,coverage 9,200
llama-cloud-services,0.6.88,coverage 10,200
llama-cloud-services,0.6.53,coverage 11,200
llama-cloud-services,0.6.62,coverage 12,200
llama-cloud-services,0.6.81,coverage 13,200
llama-cloud-services,0.6.34,coverage 14,200
llama-cloud-services,0.6.23,coverage 15,200
llama-cloud-services,0.6.15,coverage 16,200
llama-cloud-services,0.6.83,coverage 17,200
llama-cloud-services,0.6.56,coverage 18,200
llama-cloud-services,0.6.89,coverage 19,200
llama-cloud-services,0.6.73,coverage 20,200
llama-cloud-services,0.6.9,coverage 21,200
llama-cloud-services,0.6.69,coverage 22,200
llama-cloud-services,0.6.77,coverage 23,200
llama-cloud-services,0.6.87,coverage 24,200
llama-cloud-services,0.6.60,coverage 25,200
google-cloud-bigtable,2.26.0,coverage 2,200
google-cloud-bigtable,2.35.0,coverage 4,200
google-cloud-bigtable,2.32.0,coverage 5,200
google-cloud-bigtable,2.36.0,coverage 6,200
google-cloud-bigtable,2.30.1,coverage 7,200
google-cloud-bigtable,2.22.0,coverage 8,200
google-cloud-bigtable,2.21.0,coverage 9,200
google-cloud-bigtable,2.23.1,coverage 10,200
google-cloud-bigtable,2.41.0,coverage 11,200
google-cloud-bigtable,2.39.0,coverage 12,200
google-cloud-bigtable,2.38.0,coverage 13,200
google-cloud-bigtable,1.7.3,coverage 14,200
google-cloud-bigtable,2.42.0,coverage 15,200
google-cloud-bigtable,2.25.0,coverage 16,200
google-cloud-bigtable,2.19.0,coverage 17,200
google-cloud-bigtable,1.7.2,coverage 18,200
google-cloud-bigtable,2.40.0,coverage 19,200
google-cloud-bigtable,2.44.0,coverage 20,200
google-cloud-bigtable,2.23.0,coverage 21,200
google-cloud-bigtable,2.27.0,coverage 22,200
google-cloud-bigtable,2.43.0,coverage 23,200
google-cloud-bigtable,2.45.0,coverage 24,200
google-cloud-bigtable,2.34.0,coverage 25,200
langchain-openai,1.2.1,coverage 1,200
langchain-openai,0.3.35,coverage 2,200
langchain-openai,1.6.0,coverage 5,200
langchain-openai,1.3.3,coverage 6,200
langchain-openai,1.1.14,coverage 7,200
langchain-openai,1.3.5,coverage 8,200
langchain-openai,1.1.9,coverage 10,200
langchain-openai,1.4.1,coverage 11,200
langchain-openai,1.2.2,coverage 12,200
langchain-openai,1.1.10,coverage 15,200
langchain-openai,1.1.12,coverage 16,200
langchain-openai,1.1.7,coverage 17,200
langchain-openai,1.3.4,coverage 18,200
langchain-openai,1.3.2,coverage 19,200
langchain-openai,0.3.34,coverage 20,200
langchain-openai,1.1.11,coverage 21,200
langchain-openai,1.0.1,coverage 22,200
langchain-openai,1.1.16,coverage 23,200
langchain-openai,1.5.1,coverage 24,200
langchain-openai,1.4.3,coverage 25,200
poetry,2.4.1,coverage 2,200
poetry,1.8.5,coverage 3,200
poetry,2.2.1,coverage 4,200
poetry,2.1.3,coverage 5,200
poetry,1.8.3,coverage 6,200
poetry,2.4.3,coverage 7,200
poetry,2.1.1,coverage 8,200
poetry,2.3.2,coverage 9,200
poetry,1.7.1,coverage 10,200
poetry,1.3.2,coverage 11,200
poetry,1.8.2,coverage 12,200
poetry,2.1.4,coverage 13,200
poetry,2.3.4,coverage 14,200
poetry,2.1.2,coverage 15,200
poetry,2.0.1,coverage 16,200
poetry,1.5.1,coverage 17,200
poetry,1.4.0,coverage 18,200
poetry,1.8.4,coverage 19,200
poetry,2.0.0,coverage 20,200
poetry,2.3.3,coverage 21,200
poetry,1.6.1,coverage 22,200
poetry,2.3.0,coverage 23,200
typeguard,2.13.3,coverage 2,200
typeguard,4.4.4,coverage 3,200
typeguard,4.5.2,coverage 4,200
typeguard,4.5.1,coverage 5,200
typeguard,4.4.3,coverage 6,200
typeguard,4.3.0,coverage 7,200
typeguard,4.4.2,coverage 8,200
pygithub,2.9.1,coverage 2,200
pygithub,1.59.1,coverage 3,200
pygithub,2.8.1,coverage 4,200
pygithub,2.6.1,coverage 5,200
pygithub,2.3.0,coverage 6,200
pygithub,2.7.0,coverage 7,200
pygithub,1.58.1,coverage 8,200
pygithub,2.5.0,coverage 9,200
pygithub,2.1.1,coverage 10,200
pygithub,1.54.1,coverage 11,200
pygithub,1.55,coverage 12,200
sphinx,8.1.3,coverage 2,200
sphinx,8.2.3,coverage 3,200
sphinx,9.0.4,coverage 4,200
sphinx,7.4.7,coverage 5,200
sphinx,7.1.2,coverage 6,200
sphinx,5.3.0,coverage 7,200
sphinx,7.3.7,coverage 8,200
sphinx,7.2.6,coverage 9,200
sphinx,4.5.0,coverage 10,200
sphinx,6.2.1,coverage 11,200
sphinx,1.6.7,coverage 12,200
sphinx,7.0.0,coverage 13,200
sphinx,5.0.0,coverage 14,200
sphinx,5.1.1,coverage 15,200
sphinx,1.8.6,coverage 16,200
sphinx,8.0.2,coverage 17,200
sphinx,5.0.2,coverage 18,200
sphinx,4.2.0,coverage 19,200
sphinx,6.0.0,coverage 20,200
sphinx,4.4.0,coverage 21,200
sphinx,6.1.3,coverage 22,200
sphinx,3.5.4,coverage 23,200
sphinx,3.4.3,coverage 24,200
sphinx,3.0.4,coverage 25,200
grpcio-health-checking,1.81.1,coverage 1,200
grpcio-health-checking,1.80.0,coverage 2,200
grpcio-health-checking,1.71.2,coverage 4,200
grpcio-health-checking,1.75.1,coverage 5,200
grpcio-health-checking,1.76.0,coverage 6,200
grpcio-health-checking,1.78.0,coverage 7,200
grpcio-health-checking,1.62.3,coverage 8,200
grpcio-health-checking,1.71.0,coverage 9,200
grpcio-health-checking,1.82.0rc2,coverage 10,200
grpcio-health-checking,1.83.0,coverage 11,200
grpcio-health-checking,1.67.1,coverage 12,200
grpcio-health-checking,1.48.2,coverage 13,200
grpcio-health-checking,1.81.0,coverage 14,200
grpcio-health-checking,1.83.1,coverage 15,200
grpcio-health-checking,1.49.1,coverage 16,200
grpcio-health-checking,1.70.0,coverage 17,200
grpcio-health-checking,1.74.0,coverage 18,200
grpcio-health-checking,1.56.0,coverage 19,200
grpcio-health-checking,1.82.1,coverage 20,200
grpcio-health-checking,1.64.1,coverage 21,200
nltk,3.9.4,coverage 2,200
nltk,3.9.1,coverage 3,200
nltk,3.9.2,coverage 4,200
nltk,3.10.0,coverage 5,200
nltk,3.8.1,coverage 6,200
nltk,3.9.3,coverage 7,200
nltk,3.10.2,coverage 8,200
fastcore,1.10.5,coverage 1,200
fastcore,1.14.5,coverage 3,200
fastcore,1.12.16,coverage 5,200
fastcore,1.12.44,coverage 6,200
fastcore,2.2.28,coverage 7,200
fastcore,1.8.7,coverage 8,200
fastcore,1.12.1,coverage 9,200
fastcore,1.12.31,coverage 10,200
fastcore,1.13.2,coverage 11,200
fastcore,1.13.3,coverage 12,200
fastcore,2.2.19,coverage 13,200
fastcore,1.12.6,coverage 14,200
fastcore,1.7.29,coverage 15,200
fastcore,1.12.43,coverage 16,200
fastcore,1.12.34,coverage 17,200
comm,0.2.2,coverage 2,200
plotly,5.24.1,coverage 2,200
plotly,6.9.0,coverage 3,200
plotly,6.7.0,coverage 4,200
plotly,7.0.0,coverage 5,200
plotly,6.5.0,coverage 6,200
plotly,6.6.0,coverage 7,200
plotly,6.8.0,coverage 8,200
plotly,6.5.2,coverage 9,200
plotly,6.2.0,coverage 10,200
plotly,6.0.1,coverage 11,200
plotly,4.8.1,coverage 12,200
plotly,6.3.0,coverage 13,200
plotly,5.22.0,coverage 14,200
plotly,5.18.0,coverage 15,200
plotly,6.3.1,coverage 16,200
plotly,6.5.1,coverage 17,200
plotly,6.4.0,coverage 18,200
plotly,5.15.0,coverage 19,200
plotly,6.1.2,coverage 20,200
plotly,4.14.3,coverage 21,200
ipykernel,6.29.5,coverage 2,200
ipykernel,7.2.0,coverage 3,200
ipykernel,6.31.0,coverage 4,200
ipykernel,7.1.0,coverage 5,200
ipykernel,6.30.1,coverage 6,200
ipykernel,6.30.0,coverage 7,200
ipykernel,6.16.2,coverage 8,200
ipykernel,7.0.1,coverage 9,200
langgraph,1.1.10,coverage 3,200
langgraph,1.2.9,coverage 4,200
langgraph,1.0.10,coverage 5,200
langgraph,0.4.10,coverage 6,200
langgraph,1.2.10,coverage 7,200
langgraph,1.2.6,coverage 8,200
langgraph,1.2.5,coverage 9,200
langgraph,1.2.2,coverage 10,200
langgraph,1.2.4,coverage 11,200
langgraph,1.2.0,coverage 12,200
langgraph,1.1.3,coverage 13,200
langgraph,1.1.6,coverage 14,200
langgraph,1.2.7,coverage 15,200
langgraph,1.0.1,coverage 16,200
langgraph,0.6.11,coverage 17,200
langgraph,1.2.8,coverage 18,200
langgraph,1.0.5,coverage 19,200
langgraph,1.0.9,coverage 20,200
langgraph,1.0.8,coverage 21,200
langgraph,1.0.2,coverage 22,200
langgraph,1.1.9,coverage 23,200
langgraph,0.2.76,coverage 24,200
langgraph,1.1.2,coverage 25,200
duckdb,1.5.2,coverage 2,200
duckdb,1.5.4,coverage 3,200
duckdb,1.0.0,coverage 4,200
duckdb,1.4.4,coverage 5,200
duckdb,1.5.3,coverage 6,200
duckdb,1.4.3,coverage 7,200
duckdb,1.1.3,coverage 8,200
duckdb,1.3.2,coverage 9,200
duckdb,0.10.3,coverage 10,200
duckdb,1.4.5,coverage 11,200
duckdb,1.5.0,coverage 12,200
duckdb,1.2.2,coverage 13,200
duckdb,1.5.1,coverage 14,200
duckdb,1.4.2,coverage 15,200
pdfminer-six,20251230,coverage 2,200
pdfminer-six,20231228,coverage 3,200
pdfminer-six,20250506,coverage 4,200
pdfminer-six,20251107,coverage 5,200
responses,0.26.0,coverage 2,200
responses,0.25.8,coverage 3,200
responses,0.26.2,coverage 4,200
responses,0.26.1,coverage 5,200
responses,0.23.1,coverage 6,200
responses,0.25.7,coverage 7,200
responses,0.25.3,coverage 8,200
responses,0.24.1,coverage 9,200
responses,0.25.0,coverage 10,200
responses,0.23.3,coverage 11,200
caio,0.9.25,coverage 1,200
caio,0.12.2,coverage 4,200
humanize,4.15.0,coverage 2,200
humanize,4.12.3,coverage 3,200
humanize,4.14.0,coverage 4,200
humanize,4.13.0,coverage 5,200
humanize,4.6.0,coverage 6,200
humanize,4.11.0,coverage 7,200
cfn-lint,1.53.3,coverage 2,200
cfn-lint,1.46.0,coverage 3,200
cfn-lint,1.41.0,coverage 4,200
cfn-lint,1.43.4,coverage 5,200
cfn-lint,1.47.1,coverage 6,200
cfn-lint,1.56.3,coverage 7,200
cfn-lint,1.51.0,coverage 8,200
cfn-lint,1.55.1,coverage 9,200
cfn-lint,1.56.0,coverage 10,200
cfn-lint,1.51.5,coverage 11,200
cfn-lint,0.86.3,coverage 12,200
cfn-lint,1.52.1,coverage 13,200
cfn-lint,1.39.1,coverage 14,200
cfn-lint,1.53.0,coverage 15,200
cfn-lint,1.50.1,coverage 16,200
cfn-lint,1.51.4,coverage 17,200
cfn-lint,1.48.1,coverage 18,200
cfn-lint,1.42.0,coverage 19,200
cfn-lint,1.51.2,coverage 20,200
cfn-lint,1.56.1,coverage 21,200
cfn-lint,1.53.1,coverage 22,200
cfn-lint,1.54.0,coverage 23,200
cfn-lint,0.86.4,coverage 24,200
cfn-lint,1.40.4,coverage 25,200
google-cloud-vision,3.10.1,coverage 2,200
google-cloud-vision,3.12.1,coverage 3,200
google-cloud-vision,3.10.2,coverage 4,200
google-cloud-vision,3.13.0,coverage 5,200
google-cloud-vision,3.4.4,coverage 6,200
google-cloud-vision,3.7.4,coverage 7,200
google-cloud-vision,3.8.0,coverage 8,200
google-cloud-vision,3.7.2,coverage 9,200
google-cloud-vision,1.0.2,coverage 10,200
google-cloud-vision,3.5.0,coverage 11,200
google-cloud-vision,3.14.0,coverage 12,200
google-cloud-vision,3.11.0,coverage 13,200
google-cloud-vision,3.7.3,coverage 14,200
google-cloud-vision,3.12.0,coverage 15,200
google-cloud-vision,1.0.0,coverage 16,200
google-cloud-vision,3.4.5,coverage 17,200
google-cloud-vision,3.10.0,coverage 18,200
cattrs,26.1.0,coverage 2,200
cattrs,25.3.0,coverage 3,200
cattrs,24.1.3,coverage 4,200
cattrs,23.2.3,coverage 6,200
cattrs,25.1.1,coverage 7,200
cattrs,22.2.0,coverage 8,200
cattrs,24.1.2,coverage 9,200
cattrs,23.1.2,coverage 10,200
cattrs,25.2.0,coverage 11,200
cattrs,24.1.0,coverage 12,200
portalocker,3.2.0,coverage 1,200
portalocker,2.10.1,coverage 3,200
portalocker,2.7.0,coverage 4,200
portalocker,4.3.0,coverage 5,200
google-cloud-resource-manager,1.17.0,coverage 2,200
google-cloud-resource-manager,1.16.0,coverage 3,200
google-cloud-resource-manager,1.14.2,coverage 4,200
google-cloud-resource-manager,1.15.0,coverage 5,200
google-cloud-resource-manager,1.6.3,coverage 6,200
google-cloud-resource-manager,1.12.5,coverage 7,200
google-cloud-resource-manager,1.13.0,coverage 8,200
google-cloud-resource-manager,1.12.3,coverage 9,200
google-cloud-resource-manager,1.10.4,coverage 10,200
fastapi-cloud-cli,0.16.1,coverage 1,200
fastapi-cloud-cli,0.23.0,coverage 3,200
fastapi-cloud-cli,0.17.1,coverage 4,200
fastapi-cloud-cli,0.6.0,coverage 5,200
fastapi-cloud-cli,0.11.0,coverage 6,200
fastapi-cloud-cli,0.3.1,coverage 7,200
fastapi-cloud-cli,0.20.0,coverage 8,200
fastapi-cloud-cli,0.24.0,coverage 9,200
fastapi-cloud-cli,0.15.0,coverage 10,200
fastapi-cloud-cli,0.1.5,coverage 11,200
fastapi-cloud-cli,0.17.0,coverage 12,200
fastapi-cloud-cli,0.22.1,coverage 13,200
fastapi-cloud-cli,0.22.2,coverage 14,200
fastapi-cloud-cli,0.14.0,coverage 15,200
fastapi-cloud-cli,0.25.0,coverage 16,200
fastapi-cloud-cli,0.18.0,coverage 17,200
fastapi-cloud-cli,0.19.0,coverage 18,200
fastapi-cloud-cli,0.15.1,coverage 19,200
fastapi-cloud-cli,0.7.0,coverage 20,200
fastapi-cloud-cli,0.8.0,coverage 21,200
datadog,0.52.1,coverage 1,200
datadog,0.51.0,coverage 4,200
datadog,0.39.0,coverage 5,200
datadog,0.46.0,coverage 6,200
datadog,0.52.2,coverage 7,200
datadog,0.49.1,coverage 8,200
datadog,0.50.2,coverage 9,200
datadog,0.44.0,coverage 10,200
datadog,0.50.1,coverage 11,200
datadog,0.48.0,coverage 12,200
datadog,0.42.0,coverage 13,200
google-cloud-run,0.15.0,coverage 2,200
google-cloud-run,0.16.0,coverage 3,200
google-cloud-run,0.10.18,coverage 4,200
google-cloud-run,0.10.19,coverage 5,200
google-cloud-run,0.10.10,coverage 6,200
google-cloud-run,0.10.8,coverage 7,200
google-cloud-run,0.10.1,coverage 8,200
google-cloud-run,0.10.5,coverage 9,200
google-cloud-run,0.12.0,coverage 10,200
google-cloud-run,0.9.1,coverage 11,200
google-cloud-run,0.10.17,coverage 12,200
google-cloud-run,0.10.6,coverage 13,200
google-cloud-run,0.11.0,coverage 14,200
mcp-types,2.0.0,coverage 2,200
mcp-types,2.1.1,coverage 3,200
nbconvert,7.1.0,coverage 2,200
nbconvert,7.16.6,coverage 3,200
nbconvert,7.17.0,coverage 4,200
nbconvert,6.4.4,coverage 5,200
nbconvert,7.6.0,coverage 6,200
langchain-protocol,0.0.18,coverage 2,200
langchain-protocol,0.0.15,coverage 3,200
langchain-protocol,0.0.16,coverage 4,200
snowflake-sqlalchemy,1.6.1,coverage 2,200
snowflake-sqlalchemy,1.9.0,coverage 3,200
snowflake-sqlalchemy,1.11.0,coverage 4,200
snowflake-sqlalchemy,1.4.7,coverage 5,200
snowflake-sqlalchemy,1.7.3,coverage 6,200
snowflake-sqlalchemy,1.5.1,coverage 7,200
snowflake-sqlalchemy,1.5.3,coverage 8,200
snowflake-sqlalchemy,1.5.0,coverage 9,200
snowflake-sqlalchemy,1.8.2,coverage 10,200
snowflake-sqlalchemy,1.7.6,coverage 11,200
snowflake-sqlalchemy,1.7.7,coverage 12,200
snowflake-sqlalchemy,1.4.4,coverage 13,200
snowflake-sqlalchemy,1.10.2,coverage 14,200
snowflake-sqlalchemy,1.4.3,coverage 15,200
nbclient,0.10.2,coverage 2,200
nbclient,0.10.4,coverage 3,200
nbclient,0.10.1,coverage 4,200
nbclient,0.5.13,coverage 5,200
google-cloud-videointelligence,2.16.1,coverage 2,200
google-cloud-videointelligence,2.14.0,coverage 3,200
google-cloud-videointelligence,2.18.0,coverage 4,200
google-cloud-videointelligence,2.13.5,coverage 5,200
google-cloud-videointelligence,2.19.0,coverage 6,200
google-cloud-videointelligence,1.16.3,coverage 7,200
google-cloud-videointelligence,2.13.3,coverage 8,200
google-cloud-videointelligence,2.11.4,coverage 9,200
google-cloud-videointelligence,2.12.0,coverage 10,200
google-cloud-videointelligence,2.16.2,coverage 11,200
google-cloud-videointelligence,2.13.4,coverage 12,200
google-cloud-videointelligence,2.11.3,coverage 13,200
google-cloud-language,2.17.1,coverage 2,200
google-cloud-language,2.15.0,coverage 3,200
google-cloud-language,2.19.0,coverage 4,200
google-cloud-language,2.20.0,coverage 5,200
google-cloud-language,2.14.0,coverage 6,200
google-cloud-language,1.3.2,coverage 7,200
google-cloud-language,2.13.3,coverage 8,200
google-cloud-language,2.11.1,coverage 9,200
google-cloud-language,2.12.0,coverage 10,200
google-cloud-language,2.17.2,coverage 11,200
google-cloud-language,2.13.4,coverage 12,200
google-cloud-language,2.10.1,coverage 13,200
google-cloud-workflows,1.15.0,coverage 2,200
google-cloud-workflows,1.20.0,coverage 3,200
google-cloud-workflows,1.14.5,coverage 4,200
google-cloud-workflows,1.18.1,coverage 5,200
google-cloud-workflows,1.13.0,coverage 6,200
google-cloud-workflows,1.7.1,coverage 7,200
google-cloud-workflows,1.12.1,coverage 8,200
google-cloud-workflows,1.14.3,coverage 9,200
google-cloud-workflows,1.18.2,coverage 10,200
google-cloud-workflows,1.21.0,coverage 11,200
google-cloud-workflows,1.17.1,coverage 12,200
google-cloud-workflows,1.14.4,coverage 13,200
google-cloud-workflows,1.10.2,coverage 14,200
google-cloud-workflows,1.22.0,coverage 15,200
colorlog,6.10.1,coverage 2,200
colorlog,6.9.0,coverage 3,200
colorlog,6.8.2,coverage 4,200
colorlog,4.8.0,coverage 5,200
sqlalchemy-bigquery,1.16.0,coverage 1,200
sqlalchemy-bigquery,1.11.0,coverage 2,200
sqlalchemy-bigquery,1.12.0,coverage 4,200
sqlalchemy-bigquery,1.15.0,coverage 5,200
sqlalchemy-bigquery,1.14.1,coverage 6,200
sqlalchemy-bigquery,1.17.0,coverage 7,200
sqlalchemy-bigquery,1.9.0,coverage 8,200
sqlalchemy-bigquery,1.8.0,coverage 9,200
sqlalchemy-bigquery,1.6.1,coverage 10,200
sqlalchemy-bigquery,1.5.0,coverage 11,200
confluent-kafka,2.4.0,coverage 2,200
confluent-kafka,2.13.0,coverage 3,200
confluent-kafka,2.15.0,coverage 4,200
confluent-kafka,2.10.0,coverage 5,200
confluent-kafka,2.14.0,coverage 6,200
confluent-kafka,2.3.0,coverage 7,200
confluent-kafka,2.8.0,coverage 8,200
confluent-kafka,2.12.2,coverage 9,200
confluent-kafka,2.11.0,coverage 10,200
confluent-kafka,2.6.1,coverage 11,200
confluent-kafka,2.6.0,coverage 12,200
confluent-kafka,2.13.2,coverage 13,200
confluent-kafka,2.14.2,coverage 14,200
confluent-kafka,1.9.2,coverage 15,200
confluent-kafka,2.8.2,coverage 16,200
confluent-kafka,2.11.1,coverage 17,200
confluent-kafka,2.5.0,coverage 18,200
confluent-kafka,2.2.0,coverage 19,200
confluent-kafka,2.12.0,coverage 20,200
google-cloud-dataform,0.6.1,coverage 2,200
google-cloud-dataform,0.5.13,coverage 3,200
google-cloud-dataform,0.5.11,coverage 4,200
google-cloud-dataform,0.9.0,coverage 5,200
google-cloud-dataform,0.5.5,coverage 6,200
google-cloud-dataform,0.2.0,coverage 7,200
google-cloud-dataform,0.5.3,coverage 8,200
google-cloud-dataform,0.5.9,coverage 9,200
google-cloud-dataform,0.11.2,coverage 10,200
google-cloud-dataform,0.10.0,coverage 11,200
google-cloud-dataform,0.6.2,coverage 12,200
google-cloud-dataform,0.11.0,coverage 13,200
google-cloud-dataform,0.5.10,coverage 14,200
google-cloud-dataform,0.5.2,coverage 15,200
google-cloud-redis,2.18.1,coverage 2,200
google-cloud-redis,2.16.0,coverage 3,200
google-cloud-redis,2.15.5,coverage 4,200
google-cloud-redis,2.20.0,coverage 5,200
google-cloud-redis,2.21.0,coverage 6,200
google-cloud-redis,2.14.0,coverage 7,200
google-cloud-redis,2.9.0,coverage 8,200
google-cloud-redis,2.13.2,coverage 9,200
google-cloud-redis,2.15.3,coverage 10,200
google-cloud-redis,2.15.4,coverage 11,200
google-cloud-redis,2.13.1,coverage 12,200
libcst,1.8.6,coverage 2,200
libcst,1.4.0,coverage 3,200
libcst,1.8.2,coverage 4,200
libcst,0.3.23,coverage 5,200
libcst,1.8.5,coverage 6,200
libcst,1.8.0,coverage 7,200
libcst,1.7.0,coverage 8,200
libcst,1.8.1,coverage 9,200
google-cloud-os-login,2.17.1,coverage 2,200
google-cloud-os-login,2.15.0,coverage 3,200
google-cloud-os-login,2.14.6,coverage 4,200
google-cloud-os-login,2.19.0,coverage 5,200
google-cloud-os-login,2.13.0,coverage 6,200
google-cloud-os-login,2.7.1,coverage 7,200
google-cloud-os-login,2.10.0,coverage 8,200
google-cloud-os-login,2.14.3,coverage 9,200
google-cloud-os-login,2.17.2,coverage 10,200
google-cloud-os-login,2.20.0,coverage 11,200
google-cloud-os-login,2.14.5,coverage 12,200
google-cloud-os-login,2.9.1,coverage 13,200
google-cloud-bigquery-datatransfer,3.19.1,coverage 2,200
google-cloud-bigquery-datatransfer,3.22.0,coverage 3,200
google-cloud-bigquery-datatransfer,3.17.1,coverage 4,200
google-cloud-bigquery-datatransfer,3.15.6,coverage 5,200
google-cloud-bigquery-datatransfer,3.21.0,coverage 6,200
google-cloud-bigquery-datatransfer,3.13.0,coverage 7,200
google-cloud-bigquery-datatransfer,3.7.0,coverage 8,200
google-cloud-bigquery-datatransfer,3.19.2,coverage 9,200
google-cloud-bigquery-datatransfer,3.12.1,coverage 10,200
google-cloud-bigquery-datatransfer,3.15.3,coverage 11,200
google-cloud-bigquery-datatransfer,3.15.4,coverage 12,200
google-cloud-bigquery-datatransfer,3.11.2,coverage 13,200
