image,package,position,tags,index_digest,media_type,platforms,amd64_digest,first_pushed,last_pushed,tag_last_pulled,created,label_created,label_revision,label_version,label_source,history_entries,layers,layers_bytes,config_status
ghcr.io/ashlesh-t/cognirepo,cognirepo,not readable,,,,,,,,,,,,,,,,,token refused
docker.io/keboola/mcp-server,keboola-mcp-server,outside period (not read),v0.10.2-dev.6,sha256:3ed43b4f386de6a31fc45773c28a0b52385afd3ad7b8c662a7f5adca258b2a01,application/vnd.oci.image.index.v1+json,linux/amd64 linux/arm64 unknown/unknown unknown/unknown,sha256:67638ac69f2a6198d0a783152c509939d51dc0e8fc2b3c6c4ad396c7db2e2a11,2025-04-25T17:24:12Z,2025-04-25T17:24:12Z,2026-09-25T12:32:45,,,,,,,,,
docker.io/keboola/mcp-server,keboola-mcp-server,outside period (not read),v0.10.2-dev.7,sha256:d3b79d9f6e506230b32f17cc0e3a37b3f34594e2611afc91d0349b9924eb969c,application/vnd.oci.image.index.v1+json,linux/amd64 linux/arm64 unknown/unknown unknown/unknown,sha256:e6b7fbe1da7a75bcfe44e80969827ad37fe91a7aed87673a2659e12cde788e26,2025-04-26T19:06:44Z,2025-04-26T19:06:44Z,2026-09-06T17:08:59,,,,,,,,,
docker.io/keboola/mcp-server,keboola-mcp-server,outside period (not read),v0.10.2-dev.10,sha256:603ab461c247369b606ca3c751d7328beb8713c6bc5341a3322ef2e88c49f64e,application/vnd.oci.image.index.v1+json,linux/amd64 linux/arm64 unknown/unknown unknown/unknown,sha256:2f36306443325f50d9807b9aaa4c1c2b230e5ec4a5919f715464df647a7a2fd1,2025-04-27T02:52:27Z,2025-04-27T02:52:27Z,2026-09-06T17:09:00,,,,,,,,,
docker.io/keboola/mcp-server,keboola-mcp-server,outside period (not read),dev-59142de sha-59142ded500c0d915c39574782b8ed9d385e4e94,sha256:62003dd28c2749392acf6b51d1a6a13945c561f0c860282bf88e343c652da63d,application/vnd.oci.image.index.v1+json,linux/amd64 linux/arm64 unknown/unknown unknown/unknown,sha256:69e4dc4fb53a148b4498c6d3451aec9a026012099ea0963da7dc493560eb402d,2025-05-06T10:40:16Z,2025-05-06T10:40:18Z,2026-08-17T18:40:42,,,,,,,,,
docker.io/keboola/mcp-server,keboola-mcp-server,outside period (not read),dev-d1bef08 pr-70 sha-d1bef0899b02b8fe0959d0794a288674bdbfde7c,sha256:05c5613ca92d9aea89700e15298d8351eb6387e9dcc17d5db3263343482f7ac4,application/vnd.oci.image.index.v1+json,linux/amd64 linux/arm64 unknown/unknown unknown/unknown,sha256:c9584bdd5e8ba3c796faacbd8c70c8a7e62ceadb1920ba7a9ce6f7796d4545bd,2025-05-06T10:41:34Z,2025-05-06T10:41:36Z,2026-08-17T18:40:44,,,,,,,,,
docker.io/keboola/mcp-server,keboola-mcp-server,outside period (not read),canary-orion-f21c731 production-f21c731 sha-f21c731af8edebc623086fcdc0a06b0d90dbee44,sha256:5b32c77240803e24b64f34a220116f07a7dace4e8c21e0d77ba98c52aa749523,application/vnd.oci.image.index.v1+json,linux/amd64 linux/arm64 unknown/unknown unknown/unknown,sha256:669a72f9ab41b09fc8858edbddecbe13b8058eb6dee61aa0b2abaf682824a779,2025-05-06T10:45:38Z,2025-05-06T10:45:39Z,2026-08-17T18:40:40,,,,,,,,,
docker.io/keboola/mcp-server,keboola-mcp-server,outside period (not read),dev-2b5f1ac pr-71 sha-2b5f1acbf06ab99f06cf8308274a24392e172fde,sha256:8b2414f70b236e8bb6b56e821a75182e0e7c75eafe8babdd7a2fcd4bbf5f305e,application/vnd.oci.image.index.v1+json,linux/amd64 linux/arm64 unknown/unknown unknown/unknown,sha256:05ea260d54dd81419b4f741b0ae3e5ec8d057594f0151ba84ae48ea750717381,2025-05-06T10:49:31Z,2025-05-06T10:49:34Z,2026-08-17T18:40:41,,,,,,,,,
docker.io/keboola/mcp-server,keboola-mcp-server,outside period (not read),canary-orion-e764c7e production-e764c7e sha-e764c7ecbe9af2c326377a661b575b6c4b9abb18,sha256:ec5b35ede1bf375fa63dc0a67de67017e8a833b79965e353f5a609367b37be23,application/vnd.oci.image.index.v1+json,linux/amd64 linux/arm64 unknown/unknown unknown/unknown,sha256:924242f5bce848fcc613de4e9e17bc6aec9764e4e34d5dca61c898e00bcafa53,2025-05-06T10:55:08Z,2025-05-06T10:55:10Z,2026-08-17T18:40:40,,,,,,,,,
docker.io/keboola/mcp-server,keboola-mcp-server,outside period (not read),dev- sha-1d74d71d14278e85ad3855891a9682738a6b549a,sha256:f27daa115c0bee5effcbb695463f3efeff98a49a8a2996546a9c451cb891ad1d,application/vnd.oci.image.index.v1+json,linux/amd64 linux/arm64 unknown/unknown unknown/unknown,sha256:113bfb1a96341468f20103a673f225246b1e9d2556b47be20ee70d99bbd6efa4,2025-05-06T11:38:02Z,2025-05-06T11:38:03Z,2026-08-17T18:40:41,,,,,,,,,
docker.io/keboola/mcp-server,keboola-mcp-server,outside period (not read),dev-e1785ed829246fd455ca70df49ecffb5f3cb9451 pr-72 sha-e1785ed829246fd455ca70df49ecffb5f3cb9451,sha256:90cbcaf73ce3eabc234e75b7254783c57f7cee87370f18ad5defc7c359c96ba8,application/vnd.oci.image.index.v1+json,linux/amd64 linux/arm64 unknown/unknown unknown/unknown,sha256:1da70cc70b55de632af6cd2114f0646ad6e2bd5d77000e0aa6d243a094f05dd1,2025-05-06T11:41:40Z,2025-05-06T11:41:42Z,2026-08-17T18:40:44,,,,,,,,,
docker.io/keboola/mcp-server,keboola-mcp-server,outside period (not read),canary-orion-29dad4c83974e398acdf6704ac2b6efc7cd909be production-29dad4c83974e398acdf6704ac2b6efc7cd909be sha-29dad4c83974e398acdf6704ac2b6efc7cd909be,sha256:56b79b2be4cf51f35af445b1612bf72ce63e8b80734ef25c1120a3399c6b8899,application/vnd.oci.image.index.v1+json,linux/amd64 linux/arm64 unknown/unknown unknown/unknown,sha256:b378f1533c276ed28e339646291923142c32f42742f2220fa517a72e80e55596,2025-05-06T11:44:27Z,2025-05-06T11:44:29Z,2026-08-17T18:40:31,,,,,,,,,
docker.io/keboola/mcp-server,keboola-mcp-server,outside period (not read),dev-ce99141ece22577e0eb2e0620e843f2dcfa2aac7 sha-ce99141ece22577e0eb2e0620e843f2dcfa2aac7,sha256:190ae361928ec69f7ee2d9c48d1cf9ab244c7a24448d9a0072cd4ab90a8c8c91,application/vnd.oci.image.index.v1+json,linux/amd64 linux/arm64 unknown/unknown unknown/unknown,sha256:3e36b449aa5551a3445c15ce53985e58211e9d7704590c0f085bedf2216df418,2025-05-06T13:56:42Z,2025-05-06T13:56:43Z,2026-08-17T18:40:44,,,,,,,,,
docker.io/keboola/mcp-server,keboola-mcp-server,outside period (not read),dev-5286ca8fabe6f90212a037985c8f674091ed48e6 pr-60 sha-5286ca8fabe6f90212a037985c8f674091ed48e6,sha256:2fa37daad2ca17935761e0542db29af11287c445adead4964bdd09601902e3f4,application/vnd.oci.image.index.v1+json,linux/amd64 linux/arm64 unknown/unknown unknown/unknown,sha256:b68ca818b30232b8cbf9333e809da2f8dc20a0295e7c0856a14bbae7fe1efed1,2025-05-06T14:00:53Z,2025-05-06T14:00:55Z,2026-08-17T18:40:42,,,,,,,,,
docker.io/keboola/mcp-server,keboola-mcp-server,outside period (not read),canary-orion-c4ff6f93d5f7583d4c99bb97bae6dbc81d680416 production-c4ff6f93d5f7583d4c99bb97bae6dbc81d680416 sha-c4ff6f93d5f7583d4c99bb97bae6dbc81d680416,sha256:2c97148de8a2ae946237eeb09272aa23a43faa30a07704e6528572c9adc4cd50,application/vnd.oci.image.index.v1+json,linux/amd64 linux/arm64 unknown/unknown unknown/unknown,sha256:c02a9e2a245ee1de220d3d2a4560ba848543ba8b5b2c959c5efb615ad7bfed26,2025-05-06T14:02:46Z,2025-05-06T14:02:49Z,2026-08-17T18:40:38,,,,,,,,,
docker.io/keboola/mcp-server,keboola-mcp-server,outside period (not read),dev-2afd56a771bbb5e0d19d7d78cf5648632146556b sha-2afd56a771bbb5e0d19d7d78cf5648632146556b,sha256:990ceb8fb328c3b800e5d49fb3252883147b2e1ac0b3582bff8342a5a2279943,application/vnd.oci.image.index.v1+json,linux/amd64 linux/arm64 unknown/unknown unknown/unknown,sha256:0e2ae8d7afbea538827ae6ab8e1e542401de90b88cd424113e812b579a4502a6,2025-05-06T14:07:41Z,2025-05-06T14:07:42Z,2026-08-17T18:40:41,,,,,,,,,
docker.io/keboola/mcp-server,keboola-mcp-server,outside period (not read),dev-e796957348dd912382be9efca93de40330b1ffa3 sha-e796957348dd912382be9efca93de40330b1ffa3,sha256:a855e58992afc25237e328becf15caf6f6173493510fff9fc6c904d92469bdea,application/vnd.oci.image.index.v1+json,linux/amd64 linux/arm64 unknown/unknown unknown/unknown,sha256:668a8920dee1d196a685b300f8302ec38cbd9b11f2e9b2c5efbbbf88578c3268,2025-05-06T14:10:38Z,2025-05-06T14:10:39Z,2026-08-17T18:40:44,,,,,,,,,
docker.io/keboola/mcp-server,keboola-mcp-server,outside period (not read),dev-7a265bd9efd12d6e1c0d38d07fb824bb0c66523b pr-73 sha-7a265bd9efd12d6e1c0d38d07fb824bb0c66523b,sha256:bdf0858efdff8e2935d30e6bb9e64db8623fc57f5ff5640d9c6b6b5c00387805,application/vnd.oci.image.index.v1+json,linux/amd64 linux/arm64 unknown/unknown unknown/unknown,sha256:53a39610c0696c5b368cebeb46cb2e9b372a87fd2865b7dc2c4b4fd45ef59822,2025-05-06T14:11:28Z,2025-05-06T14:11:32Z,2026-08-17T18:40:43,,,,,,,,,
docker.io/keboola/mcp-server,keboola-mcp-server,outside period (not read),canary-orion-5e1157378a53f3b32bc1bafa5b86dbf4e5322be4 production-5e1157378a53f3b32bc1bafa5b86dbf4e5322be4 sha-5e1157378a53f3b32bc1bafa5b86dbf4e5322be4,sha256:38d46891b8854832dd8993282dcb394c94a40414c8c33e11ba64f0dbb6f24c3b,application/vnd.oci.image.index.v1+json,linux/amd64 linux/arm64 unknown/unknown unknown/unknown,sha256:be59b687f4039590d33e5c4d371543310c61b445d4aca9a9d6481e12a560c116,2025-05-06T14:13:59Z,2025-05-06T14:14:01Z,2026-08-17T18:40:34,,,,,,,,,
docker.io/keboola/mcp-server,keboola-mcp-server,outside period (not read),dev-931b96aff3198a21dc843f7b7c8a87db4d0430da sha-931b96aff3198a21dc843f7b7c8a87db4d0430da,sha256:0852782b5a1433356e593f34b2eae86cc56e705bd74ac1c31c37f488ebdacf60,application/vnd.oci.image.index.v1+json,linux/amd64 linux/arm64 unknown/unknown unknown/unknown,sha256:2b5419be0d6378ca7b493b3e531f6e75bf0dd5154e0ac8f6529089c01562af81,2025-05-06T14:18:05Z,2025-05-06T14:18:06Z,2026-08-17T18:40:43,,,,,,,,,
docker.io/keboola/mcp-server,keboola-mcp-server,outside period (not read),dev-97077d1077abd920e407102b8af631e832918e74 sha-97077d1077abd920e407102b8af631e832918e74,sha256:6a500d19558be35968ac0c542c04d43d8ad9bb00e3d82d1ad0e9ada1b415842e,application/vnd.oci.image.index.v1+json,linux/amd64 linux/arm64 unknown/unknown unknown/unknown,sha256:0e3db6008a10497d5c4337f09d55f8ed58083f006a93e4f44bf14cc49ef5c196,2025-05-06T14:29:19Z,2025-05-06T14:29:21Z,2026-08-17T18:40:43,,,,,,,,,
docker.io/keboola/mcp-server,keboola-mcp-server,outside period (not read),dev-24046678affa653d5b8da997fe785ae38db66011 sha-24046678affa653d5b8da997fe785ae38db66011,sha256:de70c9cff2db1d8ef68fc801cb2fe3fe083e71916528e3727eb96a0e110d4575,application/vnd.oci.image.index.v1+json,linux/amd64 linux/arm64 unknown/unknown unknown/unknown,sha256:35d5ccd23d591b7114168b2478eb871e1fe69ae23deb8f08820b18ac8c9b81aa,2025-05-06T14:45:12Z,2025-05-06T14:45:13Z,2026-08-17T18:40:41,,,,,,,,,
docker.io/keboola/mcp-server,keboola-mcp-server,outside period (not read),dev-8ad808b64100c6a27626a61328c296244a6190fc sha-8ad808b64100c6a27626a61328c296244a6190fc,sha256:9f06e3a14d9afb9fe18189d1ce0a79b7e76f5b776d10b7d6aee1ff952dcae031,application/vnd.oci.image.index.v1+json,linux/amd64 linux/arm64 unknown/unknown unknown/unknown,sha256:0439ff8678278fe3e20aec30bf0c02140dc41f42c581224f372495d5668815f3,2025-05-06T14:50:48Z,2025-05-06T14:50:50Z,2026-08-17T18:40:43,,,,,,,,,
docker.io/keboola/mcp-server,keboola-mcp-server,outside period (not read),dev-be5f7d3094f559237013df855287ee15e9760a85 sha-be5f7d3094f559237013df855287ee15e9760a85,sha256:73e8517938160e9ec8b45906708a72b34410b7aecb404570f6bfa25ea4541548,application/vnd.oci.image.index.v1+json,linux/amd64 linux/arm64 unknown/unknown unknown/unknown,sha256:a9dd0dcdad76920440fefc14e9e577ed4e590735d9752f9670d7eae279deabef,2025-05-06T16:24:59Z,2025-05-06T16:25:00Z,2026-08-17T18:40:43,,,,,,,,,
docker.io/keboola/mcp-server,keboola-mcp-server,outside period (not read),dev-c01f6efcb08b08e27577186aef715e047d5bd326 pr-66 sha-c01f6efcb08b08e27577186aef715e047d5bd326,sha256:3d9d8613153955c90d4ed68d0393431718e4933da3188eef0642c8772fb498f1,application/vnd.oci.image.index.v1+json,linux/amd64 linux/arm64 unknown/unknown unknown/unknown,sha256:ff32e0ed9bd6a16e57c21fe53de93fcbe2ac38f6d9f46789a27859d16bcb3010,2025-05-06T16:29:51Z,2025-05-06T16:29:53Z,2026-08-17T18:40:43,,,,,,,,,
docker.io/keboola/mcp-server,keboola-mcp-server,outside period (not read),canary-orion-7c90330288fb83b631cecac05acb715ba90952cf dev-7c90330288fb83b631cecac05acb715ba90952cf pr-74 sha-7c90330288fb83b631cecac05acb715ba90952cf,sha256:c4d7ce6f6e1ceb573aded985ebb3ecae53b39e0db723fc1980888a3a0076ee53,application/vnd.oci.image.index.v1+json,linux/amd64 linux/arm64 unknown/unknown unknown/unknown,sha256:0d74ff2d7b426dea3e6465b97b95ae7636eec73a13ac099b0f32d59f3cf665d8,2025-05-06T16:32:20Z,2025-05-06T16:32:23Z,2026-08-17T18:40:35,,,,,,,,,
docker.io/keboola/mcp-server,keboola-mcp-server,outside period (not read),dev-48b44c53627b266cf95bceae8af477fede42390a sha-48b44c53627b266cf95bceae8af477fede42390a,sha256:8b3960e849b30b098d0d10717a860d1fc9774e8c7cc5095dde80e98a2008a205,application/vnd.oci.image.index.v1+json,linux/amd64 linux/arm64 unknown/unknown unknown/unknown,sha256:d986ccfc866187dc8ba225e3e6702878727e01149a7d0a4776fb1c6ab2dc7614,2025-05-06T16:41:58Z,2025-05-06T16:41:59Z,2026-08-17T18:40:42,,,,,,,,,
docker.io/keboola/mcp-server,keboola-mcp-server,outside period (not read),dev-43d8bcc24468bd9ef37057c2b5acdc790db1bf47 sha-43d8bcc24468bd9ef37057c2b5acdc790db1bf47,sha256:590d14225bcfb0f2cb8da28daee9ddb7807d61389c5023ee35c7ba0a7d071e91,application/vnd.oci.image.index.v1+json,linux/amd64 linux/arm64 unknown/unknown unknown/unknown,sha256:558d01b713796c035f316b71545c6ce02d1cfaaf8a786bf3a306f413150e8761,2025-05-06T23:22:27Z,2025-05-06T23:22:29Z,2026-08-17T18:40:42,,,,,,,,,
docker.io/keboola/mcp-server,keboola-mcp-server,outside period (not read),dev-6f2a65a6047dd429ec801d8d3c72d5ada5d70f63 sha-6f2a65a6047dd429ec801d8d3c72d5ada5d70f63,sha256:5860ad112813c19f86aea17d400668ff6d893f8e53cc02836c142d7875b19308,application/vnd.oci.image.index.v1+json,linux/amd64 linux/arm64 unknown/unknown unknown/unknown,sha256:617eee2961581dd36134a4f8b250a154e7967f600e24207601c56ea43d617e90,2025-05-07T05:14:56Z,2025-05-07T05:14:57Z,2026-08-17T18:40:42,,,,,,,,,
docker.io/keboola/mcp-server,keboola-mcp-server,outside period (not read),dev-721553621743b98541542199aa962655e7912182 sha-721553621743b98541542199aa962655e7912182,sha256:2203c1dc07c8914d3211f495c1db6bf4a8242a7ac6c4d932d22edfd8cf95359e,application/vnd.oci.image.index.v1+json,linux/amd64 linux/arm64 unknown/unknown unknown/unknown,sha256:a63adb7d323e1da315c2a6e8ef627067756acd453492f82cb6f2802572391a56,2025-05-07T05:23:33Z,2025-05-07T05:23:34Z,2026-08-17T18:40:42,,,,,,,,,
docker.io/keboola/mcp-server,keboola-mcp-server,outside period (not read),dev-ed0cb1780da82c93acee4052724c90bb77cdf9d6 pr-62 sha-ed0cb1780da82c93acee4052724c90bb77cdf9d6,sha256:f718da5661942da414d0a472069c8dbc2bdb3e898966640a8de184c1c19fd0e4,application/vnd.oci.image.index.v1+json,linux/amd64 linux/arm64 unknown/unknown unknown/unknown,sha256:fbf2e00326827cdab20ca819a3a4167dcc1f79509ac82f6e9d7320235c099749,2025-05-07T05:56:39Z,2025-05-07T05:56:41Z,2026-08-17T18:40:44,,,,,,,,,
docker.io/keboola/mcp-server,keboola-mcp-server,outside period (not read),canary-orion-8748ecd81b9c284c6cddc79fd224f3dcfe57cbbc production-8748ecd81b9c284c6cddc79fd224f3dcfe57cbbc sha-8748ecd81b9c284c6cddc79fd224f3dcfe57cbbc,sha256:7a53f218dd8b948b0642a41e5f318e141aa42e2b950c0244a04d793a5ef33044,application/vnd.oci.image.index.v1+json,linux/amd64 linux/arm64 unknown/unknown unknown/unknown,sha256:3b7973159f7a02b3153aa784c3298d6a0ab31109bdb38dec55be17eb8148c953,2025-05-07T08:37:17Z,2025-05-07T08:37:19Z,2026-08-17T18:40:36,,,,,,,,,
docker.io/keboola/mcp-server,keboola-mcp-server,outside period (not read),canary-orion-d884d310bcd35a1f9520953825fd5f11ce0bbba3 production-d884d310bcd35a1f9520953825fd5f11ce0bbba3 sha-d884d310bcd35a1f9520953825fd5f11ce0bbba3,sha256:eb91f8a329c2768bc9f3d1174b857beca39952951583799db29b5f0eedbee136,application/vnd.oci.image.index.v1+json,linux/amd64 linux/arm64 unknown/unknown unknown/unknown,sha256:c05d6396c8816e810dadf5c73a12cc696a1160ce7dea89169855a723dcdefd89,2025-05-07T10:27:54Z,2025-05-07T10:27:56Z,2026-08-17T18:40:39,,,,,,,,,
docker.io/keboola/mcp-server,keboola-mcp-server,outside period (not read),canary-orion-db38fec94d40bf78d6084cc9a8373b36397d2ebe sha-db38fec94d40bf78d6084cc9a8373b36397d2ebe,sha256:e519057c228c4f97b843c5a91b3adc429077ee253338f4ae378356a09f0194cf,application/vnd.oci.image.index.v1+json,linux/amd64 linux/arm64 unknown/unknown unknown/unknown,sha256:2c3207fc8b97c0cbbaf34884f0e9c595d826573f381948f8d4f57f17f0d918e1,2025-05-07T10:40:52Z,2025-05-07T10:40:53Z,2026-08-17T18:40:39,,,,,,,,,
docker.io/keboola/mcp-server,keboola-mcp-server,outside period (not read),dev-a90255bca9b9b2e31dfe9e50e11b63e5584f9e1a sha-a90255bca9b9b2e31dfe9e50e11b63e5584f9e1a,sha256:f08989770d211e294f60c9c848a3dc25cc8759ee0259b0cc5999912bbc5ce7e6,application/vnd.oci.image.index.v1+json,linux/amd64 linux/arm64 unknown/unknown unknown/unknown,sha256:8376158f31afce01cecce0785e73bfc12cb3b3e5dc4680d8d280c8e21d5dae40,2025-05-07T14:19:31Z,2025-05-07T14:19:32Z,2026-08-17T18:40:43,,,,,,,,,
docker.io/keboola/mcp-server,keboola-mcp-server,outside period (not read),dev-374c283f7768abad057ca147201aa4309745ab39 sha-374c283f7768abad057ca147201aa4309745ab39,sha256:a0833fe88bd2c02caf5561e6738207fde6646164b99830b541c9b7f321b82a35,application/vnd.oci.image.index.v1+json,linux/amd64 linux/arm64 unknown/unknown unknown/unknown,sha256:d89a6eec847c2a0e065c9d3ede350632c37e5e5abbd9cc4816eea44f703341c5,2025-05-07T14:28:06Z,2025-05-07T14:28:07Z,2026-08-17T18:40:41,,,,,,,,,
docker.io/keboola/mcp-server,keboola-mcp-server,outside period (not read),dev-75d2299f78c9e28bff6937fc610697c71e3223b4 pr-79 sha-75d2299f78c9e28bff6937fc610697c71e3223b4,sha256:da14192cfb05ad1bdf89d451127daf82e7a5afd539cdf432698efeeb24a112c9,application/vnd.oci.image.index.v1+json,linux/amd64 linux/arm64 unknown/unknown unknown/unknown,sha256:10dda93aa11ef7bf73a7b4c7b2b843055726f64cef29086d23ad5a5c1916548d,2025-05-08T13:57:19Z,2025-05-08T13:57:22Z,2026-08-17T18:40:42,,,,,,,,,
docker.io/keboola/mcp-server,keboola-mcp-server,outside period (not read),canary-orion-bb185a5132fb339e82578748fad7f1a080866ed6 production-bb185a5132fb339e82578748fad7f1a080866ed6 sha-bb185a5132fb339e82578748fad7f1a080866ed6,sha256:322ff3431a4cf84538c111cf0043b2b177896ab5ed1f39163507f943cdbb341c,application/vnd.oci.image.index.v1+json,linux/amd64 linux/arm64 unknown/unknown unknown/unknown,sha256:e0d91bba5085135b34064a4cc4a29ff37077f0b5cd64246182887e22ca6c1ed7,2025-05-08T14:44:38Z,2025-05-08T14:44:41Z,2026-08-17T18:40:38,,,,,,,,,
docker.io/keboola/mcp-server,keboola-mcp-server,outside period (not read),dev-ce2e06b6633597ac105a0398d2cb46df6737196a sha-ce2e06b6633597ac105a0398d2cb46df6737196a,sha256:cdbdc312f25bfe781307b99899add981e05bfb5823300b05a9de6a88a71bfa14,application/vnd.oci.image.index.v1+json,linux/amd64 linux/arm64 unknown/unknown unknown/unknown,sha256:4ea611780a51c89aefe809e143392c70fb24c20db38e0e3e3dbbf1238c1dd962,2025-05-08T22:34:44Z,2025-05-08T22:34:45Z,2026-08-17T18:40:44,,,,,,,,,
docker.io/keboola/mcp-server,keboola-mcp-server,outside period (not read),dev-6e28fbbcc3490030d99918af299a3e604fb1611a sha-6e28fbbcc3490030d99918af299a3e604fb1611a,sha256:4dad2423fc3edf22a11166fc2291d43ec2c38ea708825042448c31bc04e43b33,application/vnd.oci.image.index.v1+json,linux/amd64 linux/arm64 unknown/unknown unknown/unknown,sha256:1424f38b09dfb558ff5d3a5f1ac5f41b446bb62a2ab1f49159be766f7591a8f1,2025-05-08T22:49:46Z,2025-05-08T22:49:47Z,2026-08-17T18:40:42,,,,,,,,,
docker.io/keboola/mcp-server,keboola-mcp-server,outside period (not read),dev-19652180ce3b516a025f642276009bd30acf8ebb sha-19652180ce3b516a025f642276009bd30acf8ebb,sha256:b2d3f420c939b2af6e16ec380fe2b2215db62ee4ef5d76d9d5b2965f20ae7d25,application/vnd.oci.image.index.v1+json,linux/amd64 linux/arm64 unknown/unknown unknown/unknown,sha256:901105bafecf44c0faae108c67a0e8388499abe8e1a2a667f53de7ef7563b50c,2025-05-09T00:00:56Z,2025-05-09T00:00:59Z,2026-08-17T18:40:41,,,,,,,,,
docker.io/keboola/mcp-server,keboola-mcp-server,outside period (not read),dev-c874e8e660e0c457ab558385319adfe264f924b0 sha-c874e8e660e0c457ab558385319adfe264f924b0,sha256:66a5c274e51899fe1691d2eddacd452642f680875b3f2335356e65f2a88a26c6,application/vnd.oci.image.index.v1+json,linux/amd64 linux/arm64 unknown/unknown unknown/unknown,sha256:2da19636f0da5c3f2d09533059e6895505caaf41e4f95c83ff8005615ec2ceef,2025-05-09T01:50:44Z,2025-05-09T01:50:45Z,2026-08-17T18:40:44,,,,,,,,,
docker.io/keboola/mcp-server,keboola-mcp-server,outside period (not read),dev-ca770f959d3009e8e255355d3be1816716fca54a sha-ca770f959d3009e8e255355d3be1816716fca54a,sha256:58ed7fc8b5cf9df585c9f75cea8aec722eca9628203cbf7554684350f47bfd2b,application/vnd.oci.image.index.v1+json,linux/amd64 linux/arm64 unknown/unknown unknown/unknown,sha256:0c5c17c3561c9b83878c2e563bc054bb68ab04a8ad8bc78fd6155fb2ae721f71,2025-05-09T02:03:23Z,2025-05-09T02:03:25Z,2026-08-17T18:40:44,,,,,,,,,
docker.io/keboola/mcp-server,keboola-mcp-server,outside period (not read),dev-c80388df9b7dd08b5713cba119be602f6ff45de9 sha-c80388df9b7dd08b5713cba119be602f6ff45de9,sha256:7bad7476dddd9c32a4f375b76035b09cf2c5beaf44331b82846cb78cca4d74f1,application/vnd.oci.image.index.v1+json,linux/amd64 linux/arm64 unknown/unknown unknown/unknown,sha256:e89e4ed9f392aa31183bd03937e064993d82cd476611f4f3a6addd844b07dfcb,2025-05-09T02:03:49Z,2025-05-09T02:03:51Z,2026-08-17T18:40:43,,,,,,,,,
docker.io/keboola/mcp-server,keboola-mcp-server,outside period (not read),dev-94f281cac8e3fe4c5b9977042eca46ea05052ea7 sha-94f281cac8e3fe4c5b9977042eca46ea05052ea7,sha256:d03d6afef54da0891b0592fd374abddd6f82daa54dc5448d23ae547d0083c833,application/vnd.oci.image.index.v1+json,linux/amd64 linux/arm64 unknown/unknown unknown/unknown,sha256:b9fd5272f7526a1eaa0670c1c94856a036800b01642b8497ab83036ae9345e2a,2025-05-09T02:26:40Z,2025-05-09T02:26:41Z,2026-08-17T18:40:43,,,,,,,,,
docker.io/keboola/mcp-server,keboola-mcp-server,outside period (not read),dev-ea5cf53d2f089b9a8985207ea9b975339929ff8c sha-ea5cf53d2f089b9a8985207ea9b975339929ff8c,sha256:be560db60f2379b2762068617e6af6c30079371c18f284f3e8467ca9e3ef0d07,application/vnd.oci.image.index.v1+json,linux/amd64 linux/arm64 unknown/unknown unknown/unknown,sha256:ef9f809a213f11f62533e676fdbc0b244834641c7c08a20be410d9e7d5013edb,2025-05-09T14:56:18Z,2025-05-09T14:56:19Z,2026-08-17T18:40:44,,,,,,,,,
docker.io/keboola/mcp-server,keboola-mcp-server,outside period (not read),dev-a421d7f1804f890aba5a8547d91f29945542423a sha-a421d7f1804f890aba5a8547d91f29945542423a,sha256:a045b489dad26b7638f25c4c681db0a6eee920e9bda94545a60d69041e2f1a16,application/vnd.oci.image.index.v1+json,linux/amd64 linux/arm64 unknown/unknown unknown/unknown,sha256:97a2e47123f036b0f06f38ba7ff1e07680770891abcb71d56ed3fce81ee8c018,2025-05-09T15:05:48Z,2025-05-09T15:05:48Z,2026-08-17T18:40:43,,,,,,,,,
docker.io/keboola/mcp-server,keboola-mcp-server,outside period (not read),dev-7a25b68ac09cda93c2048d376b0f31ea10b7883b pr-82 sha-7a25b68ac09cda93c2048d376b0f31ea10b7883b,sha256:ff991786222a7a666be77cc6c623805be98185463d5f93a5cb0e58cf5b49b0c3,application/vnd.oci.image.index.v1+json,linux/amd64 linux/arm64 unknown/unknown unknown/unknown,sha256:6ba7ca745ef8626efe55c3ac696e1494d38d657e6a45c8492e4868bc7a702bfa,2025-05-09T15:12:43Z,2025-05-09T15:12:47Z,2026-08-17T18:40:43,,,,,,,,,
docker.io/keboola/mcp-server,keboola-mcp-server,outside period (not read),canary-orion-78edea2f92862743630e4bdcd99e94098cbf3da1 production-78edea2f92862743630e4bdcd99e94098cbf3da1 sha-78edea2f92862743630e4bdcd99e94098cbf3da1,sha256:f55bf5b4b69404e8dc709c26e245605246db3b48c1af0c90edebee6acc7e2c31,application/vnd.oci.image.index.v1+json,linux/amd64 linux/arm64 unknown/unknown unknown/unknown,sha256:b183e81f9ccedd778149fc1bbaf06a834e0cb829a0fb0f53985e7d7b06dec884,2025-05-09T16:43:43Z,2025-05-09T16:43:47Z,2026-08-17T18:40:35,,,,,,,,,
docker.io/keboola/mcp-server,keboola-mcp-server,outside period (not read),dev-e482e656fc7b88de4c9aed796a7cf3780f7cd30f sha-e482e656fc7b88de4c9aed796a7cf3780f7cd30f,sha256:68c3450ab9db5eca9f28f671a61ea4c9d72658c42500be6e634a092c89c45981,application/vnd.oci.image.index.v1+json,linux/amd64 linux/arm64 unknown/unknown unknown/unknown,sha256:6e86f2e902dba3f23765a1c1062d1e15cedfe7d76ca1be93e8ea42807d875f5d,2025-05-09T18:46:27Z,2025-05-09T18:46:28Z,2026-08-17T18:40:44,,,,,,,,,
docker.io/keboola/mcp-server,keboola-mcp-server,outside period (not read),dev-944597f4ebf443b23b1735c771d922faef4a3857 pr-83 sha-944597f4ebf443b23b1735c771d922faef4a3857,sha256:e30af6edb9d846ce7c494667797897733c25281e265fd4afd465f9297c48e4b3,application/vnd.oci.image.index.v1+json,linux/amd64 linux/arm64 unknown/unknown unknown/unknown,sha256:57ba4c4035bbddebf543abb7dde6032b2d4e8ac1b66798020c47998a8461fe4b,2025-05-09T19:03:33Z,2025-05-09T19:03:39Z,2026-08-17T18:40:43,,,,,,,,,
docker.io/keboola/mcp-server,keboola-mcp-server,outside period (not read),canary-orion-ee77639a97c8bc38438213fef4b1ee078fcd2ec3 production-ee77639a97c8bc38438213fef4b1ee078fcd2ec3 sha-ee77639a97c8bc38438213fef4b1ee078fcd2ec3,sha256:57bdfce6ed57fb4991af6a21decb997c6e29651b2f2002e9482c6029f9561b75,application/vnd.oci.image.index.v1+json,linux/amd64 linux/arm64 unknown/unknown unknown/unknown,sha256:2b879a921fc676519699a4dab2c25cf5eaba8f816f0b10aa2eafa850ad94352b,2025-05-09T19:08:28Z,2025-05-09T19:08:30Z,2026-08-17T18:40:40,,,,,,,,,
docker.io/keboola/mcp-server,keboola-mcp-server,outside period (not read),dev-3879f783fad04b5f60c0f91e14644b9081d02f21 pr-75 sha-3879f783fad04b5f60c0f91e14644b9081d02f21,sha256:5addeea0e1ac0d8100a5802eac4a22e763ef8ac866663e58157601116e1fbaf5,application/vnd.oci.image.index.v1+json,linux/amd64 linux/arm64 unknown/unknown unknown/unknown,sha256:960a25d25641696baee13cdd827c3ca3cd9bc3f10f4cb06edc8cd11784924e2f,2025-05-12T08:42:33Z,2025-05-12T08:42:36Z,2026-08-17T18:40:41,,,,,,,,,
docker.io/keboola/mcp-server,keboola-mcp-server,outside period (not read),canary-orion-24e6b0d988b9f2c77c2326789195f820c9a01565 production-24e6b0d988b9f2c77c2326789195f820c9a01565 sha-24e6b0d988b9f2c77c2326789195f820c9a01565,sha256:c4b3906929ad4ac09dceb3680979ca24938e1abc70558adcba12bc2da5528bd3,application/vnd.oci.image.index.v1+json,linux/amd64 linux/arm64 unknown/unknown unknown/unknown,sha256:18ea111a941619af8c13de7e4e170a5f76bd63e77d549b9052e2f6624e7d4cfb,2025-05-12T10:55:07Z,2025-05-12T10:55:09Z,2026-08-17T18:40:31,,,,,,,,,
docker.io/keboola/mcp-server,keboola-mcp-server,outside period (not read),dev-d9adfba5f0bb092acb67e90e610ef826fb1c2c51 sha-d9adfba5f0bb092acb67e90e610ef826fb1c2c51,sha256:920a634f168f3195db7b02a5ae2d5959c98f5a0fa98ec96374965d2002716b8d,application/vnd.oci.image.index.v1+json,linux/amd64 linux/arm64 unknown/unknown unknown/unknown,sha256:49666fdd54a670a58c08ed7d29d357701f5d06e3d5ff8107fb5f47f6726df7d9,2025-05-12T14:19:11Z,2025-05-12T14:19:13Z,2026-08-17T18:40:44,,,,,,,,,
docker.io/keboola/mcp-server,keboola-mcp-server,outside period (not read),dev-5ddacf8521bca5c44621801887759e3d7a495679 pr-85 sha-5ddacf8521bca5c44621801887759e3d7a495679,sha256:3b9423f8a2254efbcea35d794357d09f4b44ea596e84e7048eaefe91b6066c37,application/vnd.oci.image.index.v1+json,linux/amd64 linux/arm64 unknown/unknown unknown/unknown,sha256:3747d82e49bb60144970543d6098d1768074a3a343d51a30cbb826c966e4fee8,2025-05-12T14:25:29Z,2025-05-12T14:25:31Z,2026-08-17T18:40:42,,,,,,,,,
docker.io/keboola/mcp-server,keboola-mcp-server,outside period (not read),canary-orion-36337015dcd5843c749f9ae60d130e88b672f991 production-36337015dcd5843c749f9ae60d130e88b672f991 sha-36337015dcd5843c749f9ae60d130e88b672f991,sha256:ae8ccda85d479ebf01df3e3ffedea1bda0601e0e28278eeb998ff4f9b78cb80b,application/vnd.oci.image.index.v1+json,linux/amd64 linux/arm64 unknown/unknown unknown/unknown,sha256:727db0f6d3b21ec8508c60f7060c9259d10332a2060cedb33f71ef5f6070edfd,2025-05-12T14:29:54Z,2025-05-12T14:29:57Z,2026-08-17T18:40:31,,,,,,,,,
docker.io/keboola/mcp-server,keboola-mcp-server,outside period (not read),dev-4c571312346f7470fd0fd37d6a9374917afe2232 pr-86 sha-4c571312346f7470fd0fd37d6a9374917afe2232,sha256:8afe42f678c27a13404dfe13b7cd56ec5567cae917c5e9a07b666e81c5225075,application/vnd.oci.image.index.v1+json,linux/amd64 linux/arm64 unknown/unknown unknown/unknown,sha256:a5f613704bb3de593bd4f7b4c3b0cabd0aca9082050f567116ad346b3f445e32,2025-05-12T22:30:23Z,2025-05-12T22:30:25Z,2026-08-17T18:40:42,,,,,,,,,
docker.io/keboola/mcp-server,keboola-mcp-server,outside period (not read),canary-orion-34ba72c5cbb896d12a64d70842153ddb7a350c91 production-34ba72c5cbb896d12a64d70842153ddb7a350c91 sha-34ba72c5cbb896d12a64d70842153ddb7a350c91,sha256:c910d116b8a884ee596611077c8c484dba26675eeb58db568c054d0138b9b7d7,application/vnd.oci.image.index.v1+json,linux/amd64 linux/arm64 unknown/unknown unknown/unknown,sha256:92e45930af4c4d3ae42b7e3ea2f9c97ffc7c67df95283ad9f6fb41b1bfe6fe4b,2025-05-13T12:35:52Z,2025-05-13T12:35:53Z,2026-08-17T18:40:31,,,,,,,,,
docker.io/keboola/mcp-server,keboola-mcp-server,outside period (not read),dev-9dd67922d5d1e856db30ec81c0e5bcf191129ca6 sha-9dd67922d5d1e856db30ec81c0e5bcf191129ca6,sha256:414595e6ec624cc1c98b122bcb0da77eb13cf376f70fabc3477df4393bc9dd35,application/vnd.oci.image.index.v1+json,linux/amd64 linux/arm64 unknown/unknown unknown/unknown,sha256:878569cdb1e1a9c6d93b59fa7ff5aa7ae02df90d06a803e4ea694982ccaf06a9,2025-05-13T14:13:07Z,2025-05-13T14:13:09Z,2026-08-17T18:40:43,,,,,,,,,
docker.io/keboola/mcp-server,keboola-mcp-server,outside period (not read),dev-e700a81b2a5050a1da8ada79d450912a6a6b459a pr-87 sha-e700a81b2a5050a1da8ada79d450912a6a6b459a,sha256:f0e175cf15f5ec53781ff7a362fe5906b2500dcf050da7cd65645c34b5590887,application/vnd.oci.image.index.v1+json,linux/amd64 linux/arm64 unknown/unknown unknown/unknown,sha256:f33d39a967e744119a2ce8c136ea176e2eb84510d803671aec96e43b6f647ca1,2025-05-14T07:26:19Z,2025-05-14T07:26:20Z,2026-08-17T18:40:44,,,,,,,,,
docker.io/keboola/mcp-server,keboola-mcp-server,outside period (not read),canary-orion-f12d0c75b6b84e4f10af08a5a05f35290c3d5625 main production-f12d0c75b6b84e4f10af08a5a05f35290c3d5625 sha-f12d0c75b6b84e4f10af08a5a05f35290c3d5625,sha256:2327b13f5767e124fd78a072fc233ff332173b7ac5029cdd20d9d90eac4a75e5,application/vnd.oci.image.index.v1+json,linux/amd64 linux/arm64 unknown/unknown unknown/unknown,sha256:0e85e3415896cefa94f018f74e7171f493048cd3dffd1fe4b14df888c2c5b0af,2025-05-14T07:35:04Z,2025-05-14T07:35:09Z,2026-09-25T11:27:17,,,,,,,,,
docker.io/keboola/mcp-server,keboola-mcp-server,outside period (not read),canary-orion-5d44e510fc4def57e0903d6edbf46bf4a07443a6 sha-5d44e510fc4def57e0903d6edbf46bf4a07443a6,sha256:b0a02972a9a6aff29991061976a8cd547a6f00b48e982d9a368fbeb9970e0f40,application/vnd.oci.image.index.v1+json,linux/amd64 linux/arm64 unknown/unknown unknown/unknown,sha256:81b54cb4acf03387da9fcc30fd058f492e0eabd68a73e8b8b00974c20d5edc15,2025-05-15T12:14:07Z,2025-05-15T12:14:09Z,2026-08-17T18:40:34,,,,,,,,,
docker.io/keboola/mcp-server,keboola-mcp-server,outside period (not read),canary-orion-925c186a65264b036b0d27d8ed20a0ee05c68528 sha-925c186a65264b036b0d27d8ed20a0ee05c68528,sha256:aa9bdfd37fe8eba9e857f9c321f800320cb1a16f55314de92a93f640ced6ae0f,application/vnd.oci.image.index.v1+json,linux/amd64 linux/arm64 unknown/unknown unknown/unknown,sha256:605972c44e0983aa71d260ef07e9fd78a6d8f686d306ef97559cf8eb715067d1,2025-05-15T12:28:59Z,2025-05-15T12:29:01Z,2026-08-17T18:40:36,,,,,,,,,
docker.io/keboola/mcp-server,keboola-mcp-server,outside period (not read),canary-orion-6e0a04e131dd9c0632c4d6370b0406dccf5f981c sha-6e0a04e131dd9c0632c4d6370b0406dccf5f981c,sha256:c26b30fb41df87909791eef2b8e4cb6070e4d94d7b4832785d9450a055ef3acf,application/vnd.oci.image.index.v1+json,linux/amd64 linux/arm64 unknown/unknown unknown/unknown,sha256:21c0d8b9637bedd6424dde76dc963905fc9b97472f1428e4c9f4b05c6d428fcf,2025-05-15T13:40:14Z,2025-05-15T13:40:16Z,2026-08-17T18:40:34,,,,,,,,,
docker.io/keboola/mcp-server,keboola-mcp-server,outside period (not read),production-11b6a1ae1b52fef83cf64b881f9e6c35803b6331 sha-11b6a1ae1b52fef83cf64b881f9e6c35803b6331,sha256:595ab9cab17238796935b2d4b9dd06965e7be61bd191c663eb75fbf87ca1842d,application/vnd.oci.image.index.v1+json,linux/amd64 linux/arm64 unknown/unknown unknown/unknown,sha256:24519e1470d5486ab0060e0d85dac064eb80d5eaadcf471eda9a0f9d0da08be5,2025-05-15T14:14:01Z,2025-05-15T14:14:02Z,2026-08-17T18:40:45,,,,,,,,,
docker.io/keboola/mcp-server,keboola-mcp-server,outside period (not read),production-73381c801aa7c91728bdb88f785f5b4bda4407c1 sha-73381c801aa7c91728bdb88f785f5b4bda4407c1,sha256:3ad6a2c85f7118df41c7627b848dd0c8fed6084c9849aeffd8f2d9f9e414db5d,application/vnd.oci.image.index.v1+json,linux/amd64 linux/arm64 unknown/unknown unknown/unknown,sha256:f5837a9abeb1e0d3d86fd824cd194f624a42583d0b1d4aeb9f8b1ddcd2681706,2025-05-15T15:40:47Z,2025-05-15T15:40:48Z,2026-08-17T18:40:46,,,,,,,,,
docker.io/keboola/mcp-server,keboola-mcp-server,outside period (not read),canary-orion-241dbf3e28279adb98e9696e434d32bbd8bc4905 sha-241dbf3e28279adb98e9696e434d32bbd8bc4905,sha256:c1190a84a2854bf80eb7d8f08ba36be16048d2009b95f0e8e30e7b04098c49ad,application/vnd.oci.image.index.v1+json,linux/amd64 linux/arm64 unknown/unknown unknown/unknown,sha256:d1c0a17adcdc4cd6f75c0c456cf59a28dd04c131e1f6ac51b6d14ce11fd64059,2025-05-19T13:22:35Z,2025-05-19T13:22:37Z,2026-08-17T18:40:31,,,,,,,,,
docker.io/keboola/mcp-server,keboola-mcp-server,outside period (not read),production-4aa62997a9365b1230da5980f90bcde743ae46f7,sha256:b0c81a54188198255e88097dcc960eab64e8d321c268f90b209b77dc772cbacb,application/vnd.oci.image.index.v1+json,linux/amd64 linux/arm64 unknown/unknown unknown/unknown,sha256:a51769e1c99b4729b73436047bb5f9e02fafcab322b70f1ed7ab9b7163d7626a,2025-05-22T15:22:57Z,2025-05-22T15:22:57Z,2026-08-17T18:40:46,,,,,,,,,
docker.io/keboola/mcp-server,keboola-mcp-server,outside period (not read),canary-orion-4aa62997a9365b1230da5980f90bcde743ae46f7 sha-4aa62997a9365b1230da5980f90bcde743ae46f7,sha256:22af075a97d231e56632ddd79dcdaee933c71753c7324d2de4eb9c5ebe02c683,application/vnd.oci.image.index.v1+json,linux/amd64 linux/arm64 unknown/unknown unknown/unknown,sha256:a13e553cb99067522d68a11113ede41ec2e7c593ad4ae06a279c831ae16d527e,2025-05-23T05:12:52Z,2025-05-23T05:12:53Z,2026-08-17T18:40:33,,,,,,,,,
docker.io/keboola/mcp-server,keboola-mcp-server,outside period (not read),canary-orion-311cb18833865082ba5513fccb50ca57a9818008 sha-311cb18833865082ba5513fccb50ca57a9818008,sha256:8d3f1ee1fbcf34a1f4a5e559504ae83eea338638bd04979269ac0fd543e1671d,application/vnd.oci.image.index.v1+json,linux/amd64 linux/arm64 unknown/unknown unknown/unknown,sha256:b8c42a9a29938c09debf1a921efff063086ce7b7156f963ad7165ec71a48263c,2025-05-23T06:23:00Z,2025-05-23T06:23:02Z,2026-08-17T18:40:31,,,,,,,,,
docker.io/keboola/mcp-server,keboola-mcp-server,outside period (not read),canary-orion-08c9c8ab68291c87f0cd7f23518089b46cb6d7f5 sha-08c9c8ab68291c87f0cd7f23518089b46cb6d7f5,sha256:bc46097442103b99a2d5bdac5faea987959288b9b5b4fca2cdceb9e34c50df9e,application/vnd.oci.image.index.v1+json,linux/amd64 linux/arm64 unknown/unknown unknown/unknown,sha256:2dafb665d5cd154a5ecb600f4ce8ada23c74659a66591cfd2d974f68fea607d1,2025-05-23T07:27:24Z,2025-05-23T07:27:27Z,2026-08-17T18:40:29,,,,,,,,,
docker.io/keboola/mcp-server,keboola-mcp-server,outside period (not read),canary-orion-018c413daceaba3a1f5fd2c0dc4aeda5ede8f521 sha-018c413daceaba3a1f5fd2c0dc4aeda5ede8f521,sha256:8908bd9a77e6796e7e03539077912bca8db38a36d5a4f7b58d58a47f158d6e78,application/vnd.oci.image.index.v1+json,linux/amd64 linux/arm64 unknown/unknown unknown/unknown,sha256:3bd1ab100b5ecea1e475d370e4f895ef22b6b0bec62d4e9646a562890efe8de1,2025-05-23T08:10:35Z,2025-05-23T08:10:37Z,2026-08-30T12:56:04,,,,,,,,,
docker.io/keboola/mcp-server,keboola-mcp-server,outside period (not read),canary-orion-a681626d3464da04b30b8bc64615ad03c01b1cb0 sha-a681626d3464da04b30b8bc64615ad03c01b1cb0,sha256:3da7f4459ec5373d8b0c3bd4e572c7b9eb9d7a17116a8c8b3a64b5a3ebbef4d1,application/vnd.oci.image.index.v1+json,linux/amd64 linux/arm64 unknown/unknown unknown/unknown,sha256:0b0264e1d207dbaa468484c251e14b8485ed3ebc829f48e8f9018854bdc6f3c8,2025-05-23T11:01:08Z,2025-05-23T11:01:10Z,2026-08-17T18:40:37,,,,,,,,,
docker.io/keboola/mcp-server,keboola-mcp-server,outside period (not read),canary-orion-374a9ba76654ffd066a206580cc182b4be0ce308 sha-374a9ba76654ffd066a206580cc182b4be0ce308,sha256:baca5251f40a515f25ab3e0d6a036c5b939ff6518575f050c4eba9cc9bff0765,application/vnd.oci.image.index.v1+json,linux/amd64 linux/arm64 unknown/unknown unknown/unknown,sha256:851837ac5e1015d348f8037d6efc86ba8132942fad22b9442f2c62946a59f162,2025-05-23T11:12:11Z,2025-05-23T11:12:12Z,2026-08-17T18:40:32,,,,,,,,,
docker.io/keboola/mcp-server,keboola-mcp-server,outside period (not read),canary-orion-91da7da68c19ccc2307ad8435849e1eb222ddc73 sha-91da7da68c19ccc2307ad8435849e1eb222ddc73,sha256:5cc3fbb71ce654faa1991fc9788dcb4db90ad3a20f3476f543376ac663c5bd81,application/vnd.oci.image.index.v1+json,linux/amd64 linux/arm64 unknown/unknown unknown/unknown,sha256:c5e98357780d5beed0d1c966dcdf677f3011957f732eab409ceeb217be36d103,2025-05-23T11:51:20Z,2025-05-23T11:51:21Z,2026-08-17T18:40:36,,,,,,,,,
docker.io/keboola/mcp-server,keboola-mcp-server,outside period (not read),canary-orion-f7aeb417e94ee6681f6c32549838a1d713f6075d sha-f7aeb417e94ee6681f6c32549838a1d713f6075d,sha256:298f76134900ba10d8118d1b77a035083ed92c8d8e6acb5239129128b52b1898,application/vnd.oci.image.index.v1+json,linux/amd64 linux/arm64 unknown/unknown unknown/unknown,sha256:b849077e06b7a44f7152212db131209a2c52ccfe392d9a8b19e82f1c322a0682,2025-05-23T15:21:06Z,2025-05-23T15:21:08Z,2026-08-17T18:40:40,,,,,,,,,
docker.io/keboola/mcp-server,keboola-mcp-server,outside period (not read),canary-orion-222b1a8010704d0fad729cbc18a1f9947e64f58b sha-222b1a8010704d0fad729cbc18a1f9947e64f58b,sha256:a385e261d5cb8f7d6ebdd9f8a55cc3b48cdb64e82a338a9c401afd9cde2d1126,application/vnd.oci.image.index.v1+json,linux/amd64 linux/arm64 unknown/unknown unknown/unknown,sha256:4918ededdd63c753a1938ac55501ead9a6e859b6904d45b14dc46e3c14260755,2025-05-26T15:06:19Z,2025-05-26T15:06:21Z,2026-08-17T18:40:31,,,,,,,,,
docker.io/keboola/mcp-server,keboola-mcp-server,outside period (not read),production-240a681f223783cb31f1557cf6ad72d08210b9a0 sha-240a681f223783cb31f1557cf6ad72d08210b9a0,sha256:47b42b4b4224635fb0fc1dccd252dfe6479f7428bf08ba6ada4ea27603965ba3,application/vnd.oci.image.index.v1+json,linux/amd64 linux/arm64 unknown/unknown unknown/unknown,sha256:3ca02f9311aa384ed3061ccc95a1bbdb6aedc31ea946b9d47aac294cd7123b69,2025-05-26T20:02:35Z,2025-05-26T20:02:38Z,2026-08-17T18:40:45,,,,,,,,,
docker.io/keboola/mcp-server,keboola-mcp-server,outside period (not read),canary-orion-90aef22e07648ceebb81bd8adf3148b1256c3ed5 sha-90aef22e07648ceebb81bd8adf3148b1256c3ed5,sha256:44f39c5062686890cd616c8b0c5b2918c01e68d8b8606c468fcfa1bad28ee6e0,application/vnd.oci.image.index.v1+json,linux/amd64 linux/arm64 unknown/unknown unknown/unknown,sha256:10dd27d3ccfe9c4e3f1eb9d73a408c85639e83144be0dc1015a53af23489089b,2025-05-30T11:26:11Z,2025-05-30T11:26:12Z,2026-08-17T18:40:36,,,,,,,,,
docker.io/keboola/mcp-server,keboola-mcp-server,outside period (not read),production-7d28ad5a3ccc393e14de3489767e4787db3a422d sha-7d28ad5a3ccc393e14de3489767e4787db3a422d,sha256:e39f7659804a66a169cc843702f5f90791eeac1d686c02e3a569113e92d3e661,application/vnd.oci.image.index.v1+json,linux/amd64 linux/arm64 unknown/unknown unknown/unknown,sha256:95e5ccb8c60018585c6bdbca85204d3f32d410fa479f9aa56c2ed7693cd471a4,2025-05-30T14:35:49Z,2025-05-30T14:35:53Z,2026-08-17T18:40:47,,,,,,,,,
docker.io/keboola/mcp-server,keboola-mcp-server,outside period (not read),canary-orion-16dac92745da4a656d89b2d3035fb386e43cf3e0 sha-16dac92745da4a656d89b2d3035fb386e43cf3e0,sha256:bb8449aac46a518ae40c2ea0faae12cb05e18a4969fc4f4e0b448382fb3fb641,application/vnd.oci.image.index.v1+json,linux/amd64 linux/arm64 unknown/unknown unknown/unknown,sha256:932740f7edc5350080ec6dc989aa018639b4bab60b61132f02b86a5a8e56f094,2025-06-05T08:54:37Z,2025-06-05T08:54:38Z,2026-08-17T18:40:30,,,,,,,,,
docker.io/keboola/mcp-server,keboola-mcp-server,outside period (not read),canary-orion-9cde0e448225dd4a5fad8664da33e547da924f0d sha-9cde0e448225dd4a5fad8664da33e547da924f0d,sha256:88bcbe48537a4d57f57708c3a25c2a38f58274457df0cbac3e66c23e5210b3ae,application/vnd.oci.image.index.v1+json,linux/amd64 linux/arm64 unknown/unknown unknown/unknown,sha256:452a2364000e2497013c3fc0d1ff96bf37d993bf472c87aae7801626d73899d0,2025-06-05T10:41:40Z,2025-06-05T10:41:42Z,2026-08-17T18:40:36,,,,,,,,,
docker.io/keboola/mcp-server,keboola-mcp-server,outside period (not read),production-27619e3f813dde7edf40630efa4c65848a3c3cae sha-27619e3f813dde7edf40630efa4c65848a3c3cae,sha256:2b332ffe146d77b23ee55c0beb3d3621c0eea0748b554d277552fd7bad4cef7c,application/vnd.oci.image.index.v1+json,linux/amd64 linux/arm64 unknown/unknown unknown/unknown,sha256:e364dc7c879fb3914798c6e97319fa97f17ed56d06a5cf80e0a7f67af5f80237,2025-06-05T16:28:25Z,2025-06-05T16:28:27Z,2026-08-17T18:40:45,,,,,,,,,
docker.io/keboola/mcp-server,keboola-mcp-server,outside period (not read),canary-orion-07d3a78bebac18f4c4d29e6a4870bb025324ef5d sha-07d3a78bebac18f4c4d29e6a4870bb025324ef5d,sha256:f54f8ed22ff1ab9ee26abdfbfdea54c49cb38ba6ab790be1a2a7147f5f69fd55,application/vnd.oci.image.index.v1+json,linux/amd64 linux/arm64 unknown/unknown unknown/unknown,sha256:9a5016e584cf232aec0c377514f14523399280b4a61b4899f42f0a4d954f4c39,2025-06-05T19:17:18Z,2025-06-05T19:17:19Z,2026-08-30T12:56:11,,,,,,,,,
docker.io/keboola/mcp-server,keboola-mcp-server,outside period (not read),canary-orion-95b2e1b11df53392e92d2c338715e483eeddd772 sha-95b2e1b11df53392e92d2c338715e483eeddd772,sha256:7120ebc4fbca505bfa7993f87522949d4f80e3d11053c455017fdbba69444a58,application/vnd.oci.image.index.v1+json,linux/amd64 linux/arm64 unknown/unknown unknown/unknown,sha256:b05b2b6e5034a896d588ef46b151d79a32dbe515a231b7f6a020fc8a6ef2a184,2025-06-06T07:06:50Z,2025-06-06T07:06:51Z,2026-08-17T18:40:36,,,,,,,,,
docker.io/keboola/mcp-server,keboola-mcp-server,outside period (not read),canary-orion-c428078c3b680293a65e0fc0d74c575c28034364 sha-c428078c3b680293a65e0fc0d74c575c28034364,sha256:3323df81e2e01800547fdbbac23c82adf265dd3d3634460af2fff816045f72cc,application/vnd.oci.image.index.v1+json,linux/amd64 linux/arm64 unknown/unknown unknown/unknown,sha256:2de1f219fad3ff475eeccc63cc4fe89215fae255ba24bef01129e27bcb97e060,2025-06-06T10:22:06Z,2025-06-06T10:22:08Z,2026-08-17T18:40:38,,,,,,,,,
docker.io/keboola/mcp-server,keboola-mcp-server,outside period (not read),canary-orion-aa9c0e6ed94275bbeaaa7c60e3216c672131dc0e sha-aa9c0e6ed94275bbeaaa7c60e3216c672131dc0e,sha256:a923fd08ef29d12bb23b43852b022b4a25dbb5f5cc4fd60320acef005460e9b4,application/vnd.oci.image.index.v1+json,linux/amd64 linux/arm64 unknown/unknown unknown/unknown,sha256:063527255f0ea9eab5dd274cb2da9e1d9d3a48bd04345173f082f988b6c3afb8,2025-06-06T11:27:13Z,2025-06-06T11:27:14Z,2026-08-17T18:40:37,,,,,,,,,
docker.io/keboola/mcp-server,keboola-mcp-server,outside period (not read),canary-orion-89669b08aeb3571d24c1c345f6b6dc2f189c1329 sha-89669b08aeb3571d24c1c345f6b6dc2f189c1329,sha256:bda47cfbebd0f8365e791210fb820185a66854fd92abbe4adb9ae28b39399180,application/vnd.oci.image.index.v1+json,linux/amd64 linux/arm64 unknown/unknown unknown/unknown,sha256:5ad1910e7e7e18a928e27a2ce585969fafea8319f26a856d7d032c2cf468c3d1,2025-06-06T14:49:00Z,2025-06-06T14:49:02Z,2026-08-17T18:40:36,,,,,,,,,
docker.io/keboola/mcp-server,keboola-mcp-server,outside period (not read),canary-orion-9784831a86e38d56d053e1889cd8481289adeaba sha-9784831a86e38d56d053e1889cd8481289adeaba,sha256:213d8af56d0427fb9b1aac507d3094b8406b21456cac473ab2f2ca9c6c2e5ec0,application/vnd.oci.image.index.v1+json,linux/amd64 linux/arm64 unknown/unknown unknown/unknown,sha256:d369357a7318e3f864f0a951e8431f097dfc484f3e6ae074c2c41943dce6bda9,2025-06-06T15:51:24Z,2025-06-06T15:51:25Z,2026-08-17T18:40:36,,,,,,,,,
docker.io/keboola/mcp-server,keboola-mcp-server,outside period (not read),canary-orion-e5adea76b12b9b1b00695811fce51b5e45c5fddf sha-e5adea76b12b9b1b00695811fce51b5e45c5fddf,sha256:f8ff59fead3ff5b598c97c28c0b6c8c85e3a88939f727497c378d767c0ffe6c2,application/vnd.oci.image.index.v1+json,linux/amd64 linux/arm64 unknown/unknown unknown/unknown,sha256:22d1d35cc3e071b694a89a1c583f8cf9a03f691e95471b17a4214741e5aede3f,2025-06-06T21:54:51Z,2025-06-06T21:54:53Z,2026-08-17T18:40:40,,,,,,,,,
docker.io/keboola/mcp-server,keboola-mcp-server,outside period (not read),canary-orion-5d6dd3974b84aba9dbcf2118eda63ac4baff6df8 sha-5d6dd3974b84aba9dbcf2118eda63ac4baff6df8,sha256:1aa83d4e92c9751dad12c516c856b547bc99af828a0dab21ada2258ec286baae,application/vnd.oci.image.index.v1+json,linux/amd64 linux/arm64 unknown/unknown unknown/unknown,sha256:3384161d3b7b71519745bcd1a363606c76077f2ad40c98b93bef68a83104f8b9,2025-06-07T00:10:53Z,2025-06-07T00:10:54Z,2026-08-17T18:40:34,,,,,,,,,
docker.io/keboola/mcp-server,keboola-mcp-server,outside period (not read),canary-orion-169f9dea9b2e93598811039560519c24acdf3e66 sha-169f9dea9b2e93598811039560519c24acdf3e66,sha256:bc9de5292eef1fff47c5fe347d51bf9a08f4d5e3be71021c6baa9ee3dacadfa0,application/vnd.oci.image.index.v1+json,linux/amd64 linux/arm64 unknown/unknown unknown/unknown,sha256:a7adc8db76c717225f0e1f1885d580c7c5bd5a47d924325669ec59bbc632f398,2025-06-07T05:49:31Z,2025-06-07T05:49:34Z,2026-08-17T18:40:30,,,,,,,,,
docker.io/keboola/mcp-server,keboola-mcp-server,outside period (not read),canary-orion-16c589e643d0d1f3127b807b18f87c66524163ed sha-16c589e643d0d1f3127b807b18f87c66524163ed,sha256:5cf3e45c9d593f39a2c5ad45ffcfa6f44b4e794f7b97eb0b22f4cabccaa5dde8,application/vnd.oci.image.index.v1+json,linux/amd64 linux/arm64 unknown/unknown unknown/unknown,sha256:6c5ddecb305979d8d8a1a90a2e6f9b34e2c16ff59faee3c9ee77e1015d4db381,2025-06-07T06:42:24Z,2025-06-07T06:42:25Z,2026-08-17T18:40:30,,,,,,,,,
docker.io/keboola/mcp-server,keboola-mcp-server,outside period (not read),canary-orion-c91c4c67e4165bc80683e731d1d9cfa8707299f2 sha-c91c4c67e4165bc80683e731d1d9cfa8707299f2,sha256:0c565931bd34668ac5be438c76292e50cd40cce49f1d7d11ff00fbcd35eb132c,application/vnd.oci.image.index.v1+json,linux/amd64 linux/arm64 unknown/unknown unknown/unknown,sha256:a0509347dfe513bb3af6d9cf271cd72f89317f11ed328c7d56907691c00cec2b,2025-06-07T07:59:02Z,2025-06-07T07:59:03Z,2026-08-17T18:40:38,,,,,,,,,
docker.io/keboola/mcp-server,keboola-mcp-server,outside period (not read),canary-orion-0606f07121c7210a808ee2ba7b8be19497654ff6 sha-0606f07121c7210a808ee2ba7b8be19497654ff6,sha256:3bcba1e54bf55cae81054fcd4509f808893ccf49e9757d25bde9a93574753eb4,application/vnd.oci.image.index.v1+json,linux/amd64 linux/arm64 unknown/unknown unknown/unknown,sha256:4f08bf279d8da0d370e013b990da3f201a1919bb345355e3d877f645906496ae,2025-06-08T13:06:50Z,2025-06-08T13:06:51Z,2026-08-30T12:56:07,,,,,,,,,
docker.io/keboola/mcp-server,keboola-mcp-server,outside period (not read),canary-orion-888a7eb6f6b8df86a97b09a0bbcf8fc6d439b2e7 sha-888a7eb6f6b8df86a97b09a0bbcf8fc6d439b2e7,sha256:4674c211ed2b665e4c89baae3ef6d38552d4f4b7ea0f4034015ba1d11935d15a,application/vnd.oci.image.index.v1+json,linux/amd64 linux/arm64 unknown/unknown unknown/unknown,sha256:c418702ede7823eb9790bc817f821017cdf961e92071e8a9cd41ba22e74cf3ec,2025-06-08T14:37:53Z,2025-06-08T14:37:55Z,2026-08-17T18:40:36,,,,,,,,,
docker.io/keboola/mcp-server,keboola-mcp-server,outside period (not read),canary-orion-c695192908c3b30bd431dc4e45361cc9df0d9cfd sha-c695192908c3b30bd431dc4e45361cc9df0d9cfd,sha256:5a515a39d8fb20f3fc1bed5bd18d50cc3663a64a3f1e606bcf6562177563d35c,application/vnd.oci.image.index.v1+json,linux/amd64 linux/arm64 unknown/unknown unknown/unknown,sha256:e81643abc0cc67b6345a9ea1f014782cd01306761b68a456e97935cb16378da5,2025-06-08T15:20:19Z,2025-06-08T15:20:20Z,2026-08-17T18:40:38,,,,,,,,,
docker.io/keboola/mcp-server,keboola-mcp-server,outside period (not read),canary-orion-d5274bc021d1f2472560b13880f9c9b4f6ca3c7e sha-d5274bc021d1f2472560b13880f9c9b4f6ca3c7e,sha256:53eab38ab0b9ea513358c2fe726139ace7f09c02bdb7f27e7ff66b26d1085917,application/vnd.oci.image.index.v1+json,linux/amd64 linux/arm64 unknown/unknown unknown/unknown,sha256:006dcf30d870a052d9f86c5104f8fb4dc56166bf2c828cff48e78a28d8526c1b,2025-06-08T15:44:39Z,2025-06-08T15:44:40Z,2026-08-17T18:40:39,,,,,,,,,
docker.io/keboola/mcp-server,keboola-mcp-server,outside period (not read),canary-orion-ee116b8c799d07c1f3ffb71fff733420e18227cb sha-ee116b8c799d07c1f3ffb71fff733420e18227cb,sha256:3d1157df2a5efa33004ebb16d24890d32e553732a42d0242707c31bc72acfb35,application/vnd.oci.image.index.v1+json,linux/amd64 linux/arm64 unknown/unknown unknown/unknown,sha256:76d375f5334b80545c63f9ca216df9153578b1073bc7c9d76a9b6af497e0eab5,2025-06-08T18:42:22Z,2025-06-08T18:42:24Z,2026-08-17T18:40:40,,,,,,,,,
docker.io/keboola/mcp-server,keboola-mcp-server,outside period (not read),canary-orion-b0585d546b8cccf9adaf61c87dce05f00cec162b sha-b0585d546b8cccf9adaf61c87dce05f00cec162b,sha256:160431812f82b0a7c3270ded9466ac31f72aa7096a5b872c74cac242ec3d02cc,application/vnd.oci.image.index.v1+json,linux/amd64 linux/arm64 unknown/unknown unknown/unknown,sha256:41051fc12b3506717bc8138d236111008cf0a56fbae61d9e4e8b2da2b155aacf,2025-06-09T10:38:35Z,2025-06-09T10:38:38Z,2026-08-17T18:40:37,,,,,,,,,
docker.io/keboola/mcp-server,keboola-mcp-server,outside period (not read),canary-orion-b5dcf6cf611763ce18d55a95c0f293a36f769aea sha-b5dcf6cf611763ce18d55a95c0f293a36f769aea,sha256:4ab724fa627bbb4ebfbe5c364da77c8493b2738ce5f3f9f2323cba1002e989d1,application/vnd.oci.image.index.v1+json,linux/amd64 linux/arm64 unknown/unknown unknown/unknown,sha256:92b7066b93468c8b88f4c3226f4b951e269db1bd46746bb2e9e07e751f6982e5,2025-06-09T11:42:08Z,2025-06-09T11:42:11Z,2026-08-17T18:40:38,,,,,,,,,
docker.io/keboola/mcp-server,keboola-mcp-server,outside period (not read),canary-orion-28eb7bb0b0148e452ff37b8c19507850eed167b6 sha-28eb7bb0b0148e452ff37b8c19507850eed167b6,sha256:5762f5a430101cdf5af0d7c70c0f2371f63796e5dd51ddd10d621d54a8ea0fc0,application/vnd.oci.image.index.v1+json,linux/amd64 linux/arm64 unknown/unknown unknown/unknown,sha256:47b733abc6455817684133e9f6bafadbfd20ef902975b8dc672da6d608e8368d,2025-06-09T12:32:39Z,2025-06-09T12:32:40Z,2026-08-17T18:40:31,,,,,,,,,
docker.io/keboola/mcp-server,keboola-mcp-server,outside period (not read),canary-orion-95bb7c62e36e5b89a45d233774dd7945ad88e64b sha-95bb7c62e36e5b89a45d233774dd7945ad88e64b,sha256:b763e4857a6211db4c420d362a35d2bab7d3a3e13a3bc9d1921b3a9b134cd13c,application/vnd.oci.image.index.v1+json,linux/amd64 linux/arm64 unknown/unknown unknown/unknown,sha256:feb6d8448f6383039a64bb0f2038c84986f90b420285614877904186a85052b7,2025-06-09T12:35:39Z,2025-06-09T12:35:40Z,2026-08-17T18:40:36,,,,,,,,,
docker.io/keboola/mcp-server,keboola-mcp-server,outside period (not read),production-038cab221ecccc98c7bc55fd15d0b27d07adee54 sha-038cab221ecccc98c7bc55fd15d0b27d07adee54,sha256:4efba0c7b39ec302119e04146fc39e5922bb92dea41f2aa2a2366e81795f2dae,application/vnd.oci.image.index.v1+json,linux/amd64 linux/arm64 unknown/unknown unknown/unknown,sha256:be25da151575841bd3b01e0b04b9183f88e5e706080d964f0c9aa1174f48b352,2025-06-10T09:07:56Z,2025-06-10T09:07:58Z,2026-08-17T18:40:45,,,,,,,,,
docker.io/keboola/mcp-server,keboola-mcp-server,outside period (not read),canary-orion-ab4c8f34cbfbb975dbf0c19d97a0261d337f49f9 sha-ab4c8f34cbfbb975dbf0c19d97a0261d337f49f9,sha256:4f16ab54dc2c8047fe86446fa2c1d07d46b22aef67417c92cd83ac37887d4c52,application/vnd.oci.image.index.v1+json,linux/amd64 linux/arm64 unknown/unknown unknown/unknown,sha256:e35e51d0426cc85fdb63ae47638920aaee81696d4b5386e51ef4156fdca92a33,2025-06-10T19:22:33Z,2025-06-10T19:22:34Z,2026-08-17T18:40:37,,,,,,,,,
docker.io/keboola/mcp-server,keboola-mcp-server,outside period (not read),production-8ff903f0030b3171691060b3cfa988fca77441a4 sha-8ff903f0030b3171691060b3cfa988fca77441a4,sha256:4439847c2838e4c06a3a15752121bd0aa8a5f497178cdd22076d26b79542bfd3,application/vnd.oci.image.index.v1+json,linux/amd64 linux/arm64 unknown/unknown unknown/unknown,sha256:548e9c34ab925d8546e944240ba51a6ca85af4f6233984dd272f31668f46c359,2025-06-11T13:01:15Z,2025-06-11T13:01:19Z,2026-08-17T18:40:47,,,,,,,,,
docker.io/keboola/mcp-server,keboola-mcp-server,outside period (not read),canary-orion-2d6e21cecf05a26c239a1046e0058f2b8edfaa81 sha-2d6e21cecf05a26c239a1046e0058f2b8edfaa81,sha256:cb1ae8733245b474ccf499f7883b1133e47a55a8a800fac1f95c7b13a8b52e95,application/vnd.oci.image.index.v1+json,linux/amd64 linux/arm64 unknown/unknown unknown/unknown,sha256:9a0bd3ee691aadf365035d782f465730818dbf5f2dddccdb10964a01b254732a,2025-06-24T12:23:53Z,2025-06-24T12:23:55Z,2026-08-17T18:40:31,,,,,,,,,
docker.io/keboola/mcp-server,keboola-mcp-server,outside period (not read),canary-orion-14d91e5992e3562b85cd7605b0c59aac26fcf739 sha-14d91e5992e3562b85cd7605b0c59aac26fcf739,sha256:9dcf912123a80ddfd50a440e29703fb2c9dabeb7ce7fdc766cba65c8c298a94f,application/vnd.oci.image.index.v1+json,linux/amd64 linux/arm64 unknown/unknown unknown/unknown,sha256:30a535ec736b86e6dbf9b3c5f5b405f685facd4266b137c87024cf34d4351b84,2025-06-24T16:20:02Z,2025-06-24T16:20:03Z,2026-08-17T18:40:30,,,,,,,,,
docker.io/keboola/mcp-server,keboola-mcp-server,outside period (not read),canary-orion-fd668e523f60772f8813d7fff5e59598f0c756ca sha-fd668e523f60772f8813d7fff5e59598f0c756ca,sha256:9e963bc2370d95683f14df08b57487c9b09b7ff1c869503555d95a5816e4a9e2,application/vnd.oci.image.index.v1+json,linux/amd64 linux/arm64 unknown/unknown unknown/unknown,sha256:f312cf540ec4f8f4d8d6dc483a9f6d88cc9f64a7fbb8d88207636742441b0fc9,2025-06-25T05:40:52Z,2025-06-25T05:40:54Z,2026-08-30T12:56:17,,,,,,,,,
docker.io/keboola/mcp-server,keboola-mcp-server,outside period (not read),canary-orion-552ed0e4a5883a59eb708817e81e57709d7d1f1a sha-552ed0e4a5883a59eb708817e81e57709d7d1f1a,sha256:b320f6203e7c3fc8050cfec1cb13da549dc09b01e803c7b2eb2c08117ea8138e,application/vnd.oci.image.index.v1+json,linux/amd64 linux/arm64 unknown/unknown unknown/unknown,sha256:d11a064257e9d58200093b6b6bfd11f04d1fc4957a3a8e80b69567241a31969f,2025-06-25T07:19:52Z,2025-06-25T07:19:55Z,2026-08-17T18:40:33,,,,,,,,,
docker.io/keboola/mcp-server,keboola-mcp-server,outside period (not read),canary-orion-da209ea77384e716383e396a7054e610acf969f2 sha-da209ea77384e716383e396a7054e610acf969f2,sha256:05bcf3630caad910f366d19708dbfe471e2fcdc365d08109159aaaaf5cc16bf3,application/vnd.oci.image.index.v1+json,linux/amd64 linux/arm64 unknown/unknown unknown/unknown,sha256:cf6fe5d7ca0b7c0ee0e4f08eeecee278c7fccf2b6913e2f0468b163d4ca5b06c,2025-06-26T10:26:14Z,2025-06-26T10:26:17Z,2026-08-17T18:40:39,,,,,,,,,
docker.io/keboola/mcp-server,keboola-mcp-server,outside period (not read),canary-orion-ffd920d9f5bf014723184fc24d49294aa9514067 sha-ffd920d9f5bf014723184fc24d49294aa9514067,sha256:4048dc67e47f81b852c66cf6efa17a0d0534a1a6d50bd987af595840e14b9763,application/vnd.oci.image.index.v1+json,linux/amd64 linux/arm64 unknown/unknown unknown/unknown,sha256:718169fa9a482919199ec2bf7599cd1fe3b7dcf1f17557374c8453c34926f103,2025-06-27T08:10:14Z,2025-06-27T08:10:15Z,2026-08-30T12:56:14,,,,,,,,,
docker.io/keboola/mcp-server,keboola-mcp-server,outside period (not read),canary-orion-5b71c475aba547913035587209505f12639a7d6f sha-5b71c475aba547913035587209505f12639a7d6f,sha256:952663c8a07b0115ea7ddb40cd8677445d443ccfe97ddc073776c42fb5f7eb00,application/vnd.oci.image.index.v1+json,linux/amd64 linux/arm64 unknown/unknown unknown/unknown,sha256:78e2f6c4a685b9c748ebd85777df717425b130cfe0e66ca9035b7ece97afc599,2025-06-27T12:46:36Z,2025-06-27T12:46:38Z,2026-08-17T18:40:33,,,,,,,,,
docker.io/keboola/mcp-server,keboola-mcp-server,outside period (not read),canary-orion-d970365766259ee36fc874971e00061b42973cc9 sha-d970365766259ee36fc874971e00061b42973cc9,sha256:16cec11ac85dcc8daa13e44e2ce20099597b26084560ea075ea75000b21bbf1d,application/vnd.oci.image.index.v1+json,linux/amd64 linux/arm64 unknown/unknown unknown/unknown,sha256:676c8da0e57b028b944c55a4bd136bbe8716b5f4696e6760dc9d4c50bad99f2e,2025-07-02T07:31:00Z,2025-07-02T07:31:02Z,2026-08-17T18:40:39,,,,,,,,,
docker.io/keboola/mcp-server,keboola-mcp-server,outside period (not read),canary-orion-075ac8fabd677fbecd10c75d0a2b376956db47e7 sha-075ac8fabd677fbecd10c75d0a2b376956db47e7,sha256:af4b0b87f686e12549f3c0271e259ea53e457b515a575c895662f61062fabe8f,application/vnd.oci.image.index.v1+json,linux/amd64 linux/arm64 unknown/unknown unknown/unknown,sha256:f2cc552d9cdc2a741a7de08540801b72e2d29af6cf95adaad088a8f34caa800e,2025-07-02T10:35:24Z,2025-07-02T10:35:25Z,2026-08-30T12:56:10,,,,,,,,,
docker.io/keboola/mcp-server,keboola-mcp-server,outside period (not read),production-9aedbd973d9de5a1fcd783c78459abb66248a253,sha256:64cd0558e84b9f17ab9deb91c83727932cf1b6de7585b454e3f9a3aa0cc8b1be,application/vnd.oci.image.index.v1+json,linux/amd64 linux/arm64 unknown/unknown unknown/unknown,sha256:ee494115395a6bd372f8e39c892c9a81a1ceb3a8e0a08081b7e0269641267832,2025-07-02T15:30:18Z,2025-07-02T15:30:18Z,2026-08-17T18:40:47,,,,,,,,,
docker.io/keboola/mcp-server,keboola-mcp-server,outside period (not read),canary-orion-9aedbd973d9de5a1fcd783c78459abb66248a253 sha-9aedbd973d9de5a1fcd783c78459abb66248a253,sha256:097f576322687ff1028db798addde52b67f2f857df028c08ce14ba994c95ed18,application/vnd.oci.image.index.v1+json,linux/amd64 linux/arm64 unknown/unknown unknown/unknown,sha256:951338321dd5e8ab2508448773e0816ec12502eca4c6eb34aa46d95f17b00d24,2025-07-02T15:43:57Z,2025-07-02T15:43:59Z,2026-08-17T18:40:36,,,,,,,,,
docker.io/keboola/mcp-server,keboola-mcp-server,outside period (not read),production-238ac93ce59801dd9b6d2250f1e4150e58edb067 sha-238ac93ce59801dd9b6d2250f1e4150e58edb067,sha256:a0db1d7f106d34a560de468427f71906a857f2a8ec1ef8601af5f6f38212e7cf,application/vnd.oci.image.index.v1+json,linux/amd64 linux/arm64 unknown/unknown unknown/unknown,sha256:c6d2f68053859b4b0fbe94ed7c1c7a7cfafebae7e5056319b464344795f51f3e,2025-07-03T15:21:05Z,2025-07-03T15:21:09Z,2026-08-17T18:40:45,,,,,,,,,
docker.io/keboola/mcp-server,keboola-mcp-server,outside period (not read),production-670277d3f9864e9d251c13b88af8eb1456c1195a sha-670277d3f9864e9d251c13b88af8eb1456c1195a,sha256:10e89630104eb8265cbd19952c447d23e173aab4bf5750f0f3fe8a6a075fe1c7,application/vnd.oci.image.index.v1+json,linux/amd64 linux/arm64 unknown/unknown unknown/unknown,sha256:76960a27f9f8cd5c8a00b56515930e2d1d9cc9f46ce71d402f3308bbbc15bb94,2025-07-04T19:57:42Z,2025-07-04T19:57:45Z,2026-08-17T18:40:46,,,,,,,,,
docker.io/keboola/mcp-server,keboola-mcp-server,outside period (not read),production-1984ec30a8dcc0994291fd97832d7acf263f7289,sha256:1e0bed62f6476550051db9b05433d94255d5917afffe50d0f1fd7ac3eefcb70e,application/vnd.oci.image.index.v1+json,linux/amd64 linux/arm64 unknown/unknown unknown/unknown,sha256:b76ecfaa7c5568d69d4b944a1f68c8aaa7f42763dc41d62134dafab443f3fdf9,2025-07-04T21:37:55Z,2025-07-04T21:37:55Z,2026-08-17T18:40:45,,,,,,,,,
docker.io/keboola/mcp-server,keboola-mcp-server,outside period (not read),canary-orion-1984ec30a8dcc0994291fd97832d7acf263f7289 sha-1984ec30a8dcc0994291fd97832d7acf263f7289,sha256:7fd01e73083efbf4d12834d4fe93dc28b0bd066d0904bd4f1415f8a7c91c22bd,application/vnd.oci.image.index.v1+json,linux/amd64 linux/arm64 unknown/unknown unknown/unknown,sha256:47dfbe2898d2d5b28f45312a9b48bde5770bcf06b743485067f296985641c114,2025-07-05T06:51:55Z,2025-07-05T06:51:57Z,2026-08-17T18:40:30,,,,,,,,,
docker.io/keboola/mcp-server,keboola-mcp-server,outside period (not read),canary-orion-b265acc448791a9fd0409df9ff7236503e600ea1 sha-b265acc448791a9fd0409df9ff7236503e600ea1,sha256:8a57edd29900c2e0e3f38741e4e888da0d3f5a820ca89d66cf2386018d2d0fd2,application/vnd.oci.image.index.v1+json,linux/amd64 linux/arm64 unknown/unknown unknown/unknown,sha256:87dc8f7c3718c9e4db8c612d57bfd5cb75e7616f676990be6bd4daec6439684d,2025-07-07T13:33:47Z,2025-07-07T13:33:48Z,2026-08-17T18:40:37,,,,,,,,,
docker.io/keboola/mcp-server,keboola-mcp-server,outside period (not read),production-876c40fcd28eb98db284902a88c8da5cf4681259 sha-876c40fcd28eb98db284902a88c8da5cf4681259,sha256:b3dbb22047a3864c474002a1f312b43da2edd1329fd52d2eccf8b4a23421762c,application/vnd.oci.image.index.v1+json,linux/amd64 linux/arm64 unknown/unknown unknown/unknown,sha256:4265a8efa9ddc17bbe16491dfc914a6f30dfe7ff89029716d28b200efc55671d,2025-07-07T16:16:24Z,2025-07-07T16:16:28Z,2026-08-17T18:40:47,,,,,,,,,
docker.io/keboola/mcp-server,keboola-mcp-server,outside period (not read),canary-orion-6688de91b75de70fc7b42d28be8361cc5b4c960f sha-6688de91b75de70fc7b42d28be8361cc5b4c960f,sha256:538fe1933c38b7a8a873b407682e768092fe5c18942f211b8563db51f6ceeb71,application/vnd.oci.image.index.v1+json,linux/amd64 linux/arm64 unknown/unknown unknown/unknown,sha256:b72791bba6a60b794609e913cbf9e3fa1d30c4edd6b597dc8a04abe8809f620b,2025-07-09T10:20:56Z,2025-07-09T10:20:58Z,2026-08-17T18:40:34,,,,,,,,,
docker.io/keboola/mcp-server,keboola-mcp-server,outside period (not read),canary-orion-9ad899d2ad5d1440da8209f0eece3c2a0df7810e sha-9ad899d2ad5d1440da8209f0eece3c2a0df7810e,sha256:9f56f5245030a5c9dd82895d41c7a5f30c960e7566aaec7baee680f3eb79e88b,application/vnd.oci.image.index.v1+json,linux/amd64 linux/arm64 unknown/unknown unknown/unknown,sha256:acedd2260360787ad3b83a225c5925d993757612ab4b7c645cf82b626e58d54f,2025-07-15T11:58:51Z,2025-07-15T11:58:53Z,2026-08-17T18:40:36,,,,,,,,,
docker.io/keboola/mcp-server,keboola-mcp-server,outside period (not read),canary-orion-63958fcdfbedd2ec3bd6935f67038c43f1efbd59 sha-63958fcdfbedd2ec3bd6935f67038c43f1efbd59,sha256:a6e3998645f51b4798d8cf12d66b9bd5ffa3b6c9a363239ab2f2d5543683399a,application/vnd.oci.image.index.v1+json,linux/amd64 linux/arm64 unknown/unknown unknown/unknown,sha256:4d4209755b269eac23ab02ebfd330bd5c29113681e43fcf8768afed321c7a995,2025-07-15T13:35:35Z,2025-07-15T13:35:38Z,2026-08-17T18:40:34,,,,,,,,,
docker.io/keboola/mcp-server,keboola-mcp-server,outside period (not read),canary-orion-cc72a1b4e5f670774c4ebed85c6db4a2989402da sha-cc72a1b4e5f670774c4ebed85c6db4a2989402da,sha256:47c2799e29665ce8ba6e6df0fe67097720a7efdd4911737da9fc8002d8f5876d,application/vnd.oci.image.index.v1+json,linux/amd64 linux/arm64 unknown/unknown unknown/unknown,sha256:02440182a5878866e49ab75df2f4b7cf40a5e4b3f6d3defadb5da8afc24ed5f1,2025-07-17T11:00:45Z,2025-07-17T11:00:46Z,2026-08-17T18:40:39,,,,,,,,,
docker.io/keboola/mcp-server,keboola-mcp-server,outside period (not read),canary-orion-846f561dd1d8c60e7d553524434414228ef62245,sha256:b17919f5359148a83217c2640ac3fec6c3189eef940707314b569aeff7201f89,application/vnd.oci.image.index.v1+json,linux/amd64 linux/arm64 unknown/unknown unknown/unknown,sha256:2c91ec63be7038f304af8848190f02162074d63ae91e957f8a2cd6cd9adac06b,2025-07-17T16:54:46Z,2025-07-17T16:54:46Z,2026-08-17T18:40:35,,,,,,,,,
docker.io/keboola/mcp-server,keboola-mcp-server,outside period (not read),production-846f561dd1d8c60e7d553524434414228ef62245 sha-846f561dd1d8c60e7d553524434414228ef62245,sha256:c45a168995678c5a57042ca3020d5dfacc9f3eecaa1c5d9a1862e996529777f9,application/vnd.oci.image.index.v1+json,linux/amd64 linux/arm64 unknown/unknown unknown/unknown,sha256:2e30ebc995da9a7a0e8fbd4b8d5847f54f065b88432f4a3422bc53db255d9e24,2025-07-17T17:57:43Z,2025-07-17T17:57:47Z,2026-08-17T18:40:47,,,,,,,,,
docker.io/keboola/mcp-server,keboola-mcp-server,outside period (not read),canary-orion-2ee51e67be5576dbcaae41e8382f7092cbae7d8f sha-2ee51e67be5576dbcaae41e8382f7092cbae7d8f,sha256:cf84663a253e1e9f4b7af9001b467b8c05764e618b628596bf7a05afae193afe,application/vnd.oci.image.index.v1+json,linux/amd64 linux/arm64 unknown/unknown unknown/unknown,sha256:8d153a4332f8f6d80c6d934b9c2926982da102272252cae0fd7aa295fb75d3f5,2025-07-25T08:19:08Z,2025-07-25T08:19:09Z,2026-08-17T18:40:31,,,,,,,,,
docker.io/keboola/mcp-server,keboola-mcp-server,outside period (not read),canary-orion-ebea3621d99c5e2494f8836ea8e5d037e791c9e2 sha-ebea3621d99c5e2494f8836ea8e5d037e791c9e2,sha256:54ad7196bd8d93021ab6af5e7787005ad15fd72e3299b0528019eb894ea0c7f9,application/vnd.oci.image.index.v1+json,linux/amd64 linux/arm64 unknown/unknown unknown/unknown,sha256:c6728265b80febacb247ac4dd54cffa24b88f4fbfacad8f8b7d631695acedc6c,2025-07-28T09:50:51Z,2025-07-28T09:50:52Z,2026-08-17T18:40:40,,,,,,,,,
docker.io/keboola/mcp-server,keboola-mcp-server,outside period (not read),canary-orion-74964b803c9000b3aba443d063daa251e4c86b6f sha-74964b803c9000b3aba443d063daa251e4c86b6f,sha256:e93be566e1ab08e0aeb44ac5e35ca21ccee3cdc5ddb76b8ea2b75a88a73eaa98,application/vnd.oci.image.index.v1+json,linux/amd64 linux/arm64 unknown/unknown unknown/unknown,sha256:b96e7f222884be633cda1b4a5b6aa36c1aa1b603a0da804e4e78d5b313e3cc61,2025-07-28T09:52:07Z,2025-07-28T09:52:09Z,2026-08-17T18:40:35,,,,,,,,,
docker.io/keboola/mcp-server,keboola-mcp-server,outside period (not read),canary-orion-4a44db423fb9a6d47f4383e2dcd261a0a309967e sha-4a44db423fb9a6d47f4383e2dcd261a0a309967e,sha256:39a7552d9c6d4ae23c1bb47fa58a0e8966f1c56d08672f3461879404f48085c9,application/vnd.oci.image.index.v1+json,linux/amd64 linux/arm64 unknown/unknown unknown/unknown,sha256:a05da8350f3221ef0961b80e7c398c9af3c0c955491ee6cc79f0751ab2f853d2,2025-07-29T07:01:14Z,2025-07-29T07:01:15Z,2026-08-17T18:40:33,,,,,,,,,
docker.io/keboola/mcp-server,keboola-mcp-server,outside period (not read),canary-orion-d4d449186d9b9ebc55a3bd90fc5e571896d2c935 sha-d4d449186d9b9ebc55a3bd90fc5e571896d2c935,sha256:72c11d201c2b4c90313e52e8513e9bd14d78636c4c16f50a85aabf9d3ef98213,application/vnd.oci.image.index.v1+json,linux/amd64 linux/arm64 unknown/unknown unknown/unknown,sha256:c3ca46b14344cb4a5403e0c3b84263bb46d95391a33e3585121070ec1b567e24,2025-08-03T19:43:02Z,2025-08-03T19:43:04Z,2026-08-17T18:40:39,,,,,,,,,
docker.io/keboola/mcp-server,keboola-mcp-server,outside period (not read),canary-orion-fdd7d41873483d78870b76fb06440b998754222b sha-fdd7d41873483d78870b76fb06440b998754222b,sha256:17066f69064d566be4b98e9725ff8054a96148c29bf1c6954f323be68474c25b,application/vnd.oci.image.index.v1+json,linux/amd64 linux/arm64 unknown/unknown unknown/unknown,sha256:c23269d82616c577fd55ebe49c4810d2c02b2a5a64d3d454f12394e69787e283,2025-08-04T20:28:58Z,2025-08-04T20:28:59Z,2026-08-30T12:56:16,,,,,,,,,
docker.io/keboola/mcp-server,keboola-mcp-server,outside period (not read),production-c52f250839d59fbd5d784e8e80126e1990994040,sha256:81947c48a79a9041c381c4a1f86ff17544759cf95b1181ba748b3e001a3194f2,application/vnd.oci.image.index.v1+json,linux/amd64 linux/arm64 unknown/unknown unknown/unknown,sha256:5e85264df7f20367f68383108a83e84fd1a7c218ad40820abc86283cf71d76ba,2025-08-08T12:17:20Z,2025-08-08T12:17:20Z,2026-08-17T18:40:48,,,,,,,,,
docker.io/keboola/mcp-server,keboola-mcp-server,outside period (not read),canary-orion-f417e39e982492f2765c92588ab8f093ee84bfb3 sha-f417e39e982492f2765c92588ab8f093ee84bfb3,sha256:499a676c595b83cb486c3f6ebb3ceed2e4d77003b0041527b727e500643e4b69,application/vnd.oci.image.index.v1+json,linux/amd64 linux/arm64 unknown/unknown unknown/unknown,sha256:8cbd27318b33d089377ee73dbc637796cde685da616eac47fe1a2db4cea5e7e7,2025-08-12T11:11:42Z,2025-08-12T11:11:45Z,2026-08-17T18:40:40,,,,,,,,,
docker.io/keboola/mcp-server,keboola-mcp-server,outside period (not read),canary-orion-ed29be5484bd031a0cba5adc9ba16b4ebb50ba27 sha-ed29be5484bd031a0cba5adc9ba16b4ebb50ba27,sha256:5c5cd5ac0944093f14f8060233b70098f6c8f7227eaf6a916c94592f2e5044d1,application/vnd.oci.image.index.v1+json,linux/amd64 linux/arm64 unknown/unknown unknown/unknown,sha256:9bb3ae429c683b1b58973fbf37aaa5c1bf7f40a0e697417f8796879202c9775c,2025-08-13T11:56:16Z,2025-08-13T11:56:18Z,2026-08-17T18:40:40,,,,,,,,,
docker.io/keboola/mcp-server,keboola-mcp-server,outside period (not read),canary-orion-7771950d2182d6868fb3dd3eed3f94a6f9d8c92c sha-7771950d2182d6868fb3dd3eed3f94a6f9d8c92c,sha256:213c928e31452b1ecae0515e43a312b9006e45c8e11d717697957a3a28116138,application/vnd.oci.image.index.v1+json,linux/amd64 linux/arm64 unknown/unknown unknown/unknown,sha256:8bbe59130abd6af66c71267a4650d897af02ee7c0feade5745d10e6adf43bc58,2025-08-13T14:31:56Z,2025-08-13T14:31:57Z,2026-08-17T18:40:35,,,,,,,,,
docker.io/keboola/mcp-server,keboola-mcp-server,outside period (not read),canary-orion-96cb25da770ea8848ccb464d8f711de4fd8047ee sha-96cb25da770ea8848ccb464d8f711de4fd8047ee,sha256:52f7d60c70298b2869a8c2291978ba5df0c93b7799c7927a4196c7ec8b3427f8,application/vnd.oci.image.index.v1+json,linux/amd64 linux/arm64 unknown/unknown unknown/unknown,sha256:42e78d0ba53c7c63f5e7e64e3bd6b6ca97d2479982ca869dc8d63292b93a753f,2025-08-13T15:56:39Z,2025-08-13T15:56:41Z,2026-08-17T18:40:36,,,,,,,,,
docker.io/keboola/mcp-server,keboola-mcp-server,outside period (not read),canary-orion-6b6b4b43f31c49ad4f8c988a273d10d562f627d0 sha-6b6b4b43f31c49ad4f8c988a273d10d562f627d0,sha256:b622ce0d38cf8896df89674eeb4e6fabdc8d29c2639d7bd8db7f83c89a9b6e0f,application/vnd.oci.image.index.v1+json,linux/amd64 linux/arm64 unknown/unknown unknown/unknown,sha256:a0780e5defc457a2de426c571ee46def3ee36f8c3c4a29d707a9a3e5a9242251,2025-08-13T19:08:01Z,2025-08-13T19:08:05Z,2026-08-17T18:40:34,,,,,,,,,
docker.io/keboola/mcp-server,keboola-mcp-server,outside period (not read),canary-orion-ae3e9ef882e5c778fb24147a03a5c48b7cb88471 sha-ae3e9ef882e5c778fb24147a03a5c48b7cb88471,sha256:9c55ee9ec636805abfdc302646432e41a02d6117b567bb5f3f5be1455de53fd8,application/vnd.oci.image.index.v1+json,linux/amd64 linux/arm64 unknown/unknown unknown/unknown,sha256:95ad1c1e68a15b81534b51871ae86d827bcd2c47ed32f33d5da836d592c3a9c0,2025-08-13T19:28:56Z,2025-08-13T19:28:58Z,2026-08-17T18:40:37,,,,,,,,,
docker.io/keboola/mcp-server,keboola-mcp-server,outside period (not read),canary-orion-c52f250839d59fbd5d784e8e80126e1990994040 sha-c52f250839d59fbd5d784e8e80126e1990994040,sha256:5849ff90e6bf8ebe0ee47c9533b6112eff08f2c06903d1101c89e683725755da,application/vnd.oci.image.index.v1+json,linux/amd64 linux/arm64 unknown/unknown unknown/unknown,sha256:ae5a044c192a7b43d2ffd9cab254b78c19d04d90ccf7d2b0c48ea40493300920,2025-08-14T03:05:44Z,2025-08-14T03:05:45Z,2026-08-17T18:40:38,,,,,,,,,
docker.io/keboola/mcp-server,keboola-mcp-server,outside period (not read),canary-orion-1241eb8acb4da6daf58757867d75c4812f2cd9a6 sha-1241eb8acb4da6daf58757867d75c4812f2cd9a6,sha256:6f9ebe03fb2d49163b0ec41d7e666fa9619e0a82612697c4c12cfba84f68bc7c,application/vnd.oci.image.index.v1+json,linux/amd64 linux/arm64 unknown/unknown unknown/unknown,sha256:89cadbf41c7312b80b763a4534698a573e723a4ec433dce86852c84a2204374c,2025-08-15T09:55:37Z,2025-08-15T09:55:40Z,2026-08-17T18:40:30,,,,,,,,,
docker.io/keboola/mcp-server,keboola-mcp-server,outside period (not read),canary-orion-14e078cbbca3010782bef788b0f056a43c2a9854 sha-14e078cbbca3010782bef788b0f056a43c2a9854,sha256:b90a73281ec815647035f6bd592cc3d58d21b37d5118cb9d2299892745e06143,application/vnd.oci.image.index.v1+json,linux/amd64 linux/arm64 unknown/unknown unknown/unknown,sha256:666b60022217b8834c803f0f215293ce970ff3bafbe6b1c997df10156944449a,2025-08-15T13:39:06Z,2025-08-15T13:39:08Z,2026-08-17T18:40:30,,,,,,,,,
docker.io/keboola/mcp-server,keboola-mcp-server,outside period (not read),canary-orion-43d3c77c69e684672247c586f4074553d54b1e76 sha-43d3c77c69e684672247c586f4074553d54b1e76,sha256:e668508ae9c2a7c5e01809ea6097cd96841c3b10aba08ee40a059b0e2d7d65de,application/vnd.oci.image.index.v1+json,linux/amd64 linux/arm64 unknown/unknown unknown/unknown,sha256:4dd50668c5771ad2a7426a72de3f25f485d76f03bbb2dd4cef0cecbe4c1e6623,2025-08-15T14:18:03Z,2025-08-15T14:18:06Z,2026-08-17T18:40:32,,,,,,,,,
docker.io/keboola/mcp-server,keboola-mcp-server,outside period (not read),canary-orion-0fea6fe5d30e5cb878e9a08e27c8aab60bc4adb4 sha-0fea6fe5d30e5cb878e9a08e27c8aab60bc4adb4,sha256:69ef9d390fbd60757e83df95cb016ab0dd221c2e41ecf456b2e4f0518bb21e52,application/vnd.oci.image.index.v1+json,linux/amd64 linux/arm64 unknown/unknown unknown/unknown,sha256:3d3a1dd6326b825030566412ce7ba6253d69f45ec66273d83976ea5719dc5f6e,2025-08-15T15:02:12Z,2025-08-15T15:02:14Z,2026-08-17T18:40:30,,,,,,,,,
docker.io/keboola/mcp-server,keboola-mcp-server,outside period (not read),canary-orion-5c203af6905fdcb46320358199c7decfecf53263 sha-5c203af6905fdcb46320358199c7decfecf53263,sha256:7f456df2d4358670c34de4dffc94e6b8ad384286128cd1edf0eb33ccb4378084,application/vnd.oci.image.index.v1+json,linux/amd64 linux/arm64 unknown/unknown unknown/unknown,sha256:b5dd33c597ef0928ccb957ecdd543e370fc2881c7680a658791b8780d5dd8567,2025-08-18T13:16:50Z,2025-08-18T13:16:53Z,2026-08-17T18:40:33,,,,,,,,,
docker.io/keboola/mcp-server,keboola-mcp-server,outside period (not read),production-952342daffc40a3f626ef6ade1af9f4d91ed59cb sha-952342daffc40a3f626ef6ade1af9f4d91ed59cb,sha256:99784efb28f2a99ee8fb1440cf3f3c8f4c94d8c56c399226f18cbf390c98b672,application/vnd.oci.image.index.v1+json,linux/amd64 linux/arm64 unknown/unknown unknown/unknown,sha256:e0fff114400345a1ebe6a1e630f53b0030bcdeb0db2b276a715af8d61d20bfb3,2025-08-22T17:32:40Z,2025-08-22T17:32:47Z,2026-08-17T18:40:47,,,,,,,,,
docker.io/keboola/mcp-server,keboola-mcp-server,outside period (not read),canary-orion-7060f6925227078c4a576a482b91ba7ffe85ad25 sha-7060f6925227078c4a576a482b91ba7ffe85ad25,sha256:eac51b8c2c1132fd6005479229c212fadcb7a586695cc845b5207cc13418155e,application/vnd.oci.image.index.v1+json,linux/amd64 linux/arm64 unknown/unknown unknown/unknown,sha256:4c6d2bba8b9a376bdd020cfb035ce58fcc406d0d22a7b4de137f5ff1b2f63899,2025-08-27T10:56:15Z,2025-08-27T10:56:17Z,2026-08-17T18:40:35,,,,,,,,,
docker.io/keboola/mcp-server,keboola-mcp-server,outside period (not read),production-bf4f1792b621d919011d03f94548daef58466e1f sha-bf4f1792b621d919011d03f94548daef58466e1f,sha256:8513a25b6061092569e0b2758b0dcbe14d2ca215e5c9a52c0b3f55395528b502,application/vnd.oci.image.index.v1+json,linux/amd64 linux/arm64 unknown/unknown unknown/unknown,sha256:3fcfb51168f866445ea6ff0b5b984ca119274a3330eda32ea2c8e07e00b632f4,2025-08-28T11:57:03Z,2025-08-28T11:57:06Z,2026-08-17T18:40:48,,,,,,,,,
docker.io/keboola/mcp-server,keboola-mcp-server,outside period (not read),canary-orion-43f9bb8270dee5cffb940fc67aa647bdad8a8ae0 sha-43f9bb8270dee5cffb940fc67aa647bdad8a8ae0,sha256:32d065aca00ec0882d4f9786d8391b7df145aa0b2f1e1fa9375db81298744068,application/vnd.oci.image.index.v1+json,linux/amd64 linux/arm64 unknown/unknown unknown/unknown,sha256:4b64ebee30a31f4e0c8ff03cd8ff9e6624ccf4bd3b353fd11d7b1798c3669f66,2025-08-28T12:04:34Z,2025-08-28T12:04:35Z,2026-08-17T18:40:32,,,,,,,,,
docker.io/keboola/mcp-server,keboola-mcp-server,outside period (not read),canary-orion-a9a843ae4bd5f09a67b479d0754235d0ad381d9d sha-a9a843ae4bd5f09a67b479d0754235d0ad381d9d,sha256:6196ef37192dacf5e8e80628bf4dc551bb6c073e9a7412e46eabfc38cc0cbbf2,application/vnd.oci.image.index.v1+json,linux/amd64 linux/arm64 unknown/unknown unknown/unknown,sha256:82f75e93a0bf7c29d1a44e80a0160f94b168ad757389bc1771d8fa101204e7c3,2025-08-28T12:16:43Z,2025-08-28T12:16:45Z,2026-08-17T18:40:37,,,,,,,,,
docker.io/keboola/mcp-server,keboola-mcp-server,outside period (not read),canary-orion-f17a2cd01693294f7946232b76e1b5b8da82b139 sha-f17a2cd01693294f7946232b76e1b5b8da82b139,sha256:3d8f10bfeba4c549027b09206bfddfa12b03b1a14959479c5df29346dc2f79a9,application/vnd.oci.image.index.v1+json,linux/amd64 linux/arm64 unknown/unknown unknown/unknown,sha256:0671e94b5b70a3e2f339bc380f9e421c3e2b0b1b7a7ac4a8d4ccfdf6caed15d6,2025-08-28T12:45:57Z,2025-08-28T12:46:00Z,2026-08-17T18:40:40,,,,,,,,,
docker.io/keboola/mcp-server,keboola-mcp-server,outside period (not read),canary-orion-191966bda28b254190bddac8e721168dfda8c852 sha-191966bda28b254190bddac8e721168dfda8c852,sha256:7e295e1a1235a005ed65e5ab72bdefd572e4123565888ca6688b9a219ba8f2fe,application/vnd.oci.image.index.v1+json,linux/amd64 linux/arm64 unknown/unknown unknown/unknown,sha256:7ea7f79fa0bca7fe555ae124639ca9ba191299ddea06cc0da9011752ce969b90,2025-08-28T13:30:22Z,2025-08-28T13:30:25Z,2026-08-17T18:40:30,,,,,,,,,
docker.io/keboola/mcp-server,keboola-mcp-server,outside period (not read),canary-orion-f3422d14d95ef32d00f853b3a4c594dbf72e4f91 sha-f3422d14d95ef32d00f853b3a4c594dbf72e4f91,sha256:333b807233dbf2a885df4fa7eafa55cabfa4ec1b9ed6982f1ec06b5aa67ce5fb,application/vnd.oci.image.index.v1+json,linux/amd64 linux/arm64 unknown/unknown unknown/unknown,sha256:22d41c641eb85450ef890e9744efd11a4a71eda22f63c59993c7f0dcd0dc420a,2025-08-29T08:46:15Z,2025-08-29T08:46:16Z,2026-08-17T18:40:40,,,,,,,,,
docker.io/keboola/mcp-server,keboola-mcp-server,outside period (not read),production-78f525494d42bbf9df8b71051c0b5b827a12faa1 sha-78f525494d42bbf9df8b71051c0b5b827a12faa1,sha256:59d50c114b22a752f0841ef77acd506c3684d360fb218f150ddbd9c19464b6b9,application/vnd.oci.image.index.v1+json,linux/amd64 linux/arm64 unknown/unknown unknown/unknown,sha256:bb8ec13df27cbd02122bb58cd7311934b3709e078c1de33ac5b07579ad024654,2025-08-29T13:20:59Z,2025-08-29T13:21:06Z,2026-08-17T18:40:47,,,,,,,,,
docker.io/keboola/mcp-server,keboola-mcp-server,outside period (not read),production-361c4e4c6b132986fc097a44b358275a7273ae8b sha-361c4e4c6b132986fc097a44b358275a7273ae8b,sha256:2bcb281d3fe4d86e5e63133a39925620a202f9747218518c1b0722e8b06aad1c,application/vnd.oci.image.index.v1+json,linux/amd64 linux/arm64 unknown/unknown unknown/unknown,sha256:6d4103cb9b98a1d9ddb7c5fadb360fdc63dff5f0c8134b8f7402941b75e0aa36,2025-08-29T13:56:13Z,2025-08-29T13:56:52Z,2026-08-17T18:40:46,,,,,,,,,
docker.io/keboola/mcp-server,keboola-mcp-server,outside period (not read),production-f10a9b96fb4cd2a11d9c91d2e5335588356c3407 sha-f10a9b96fb4cd2a11d9c91d2e5335588356c3407,sha256:76143d48fb47b8240fa4cb1f64ccede60372633752b2540f7b6a347a89644c4e,application/vnd.oci.image.index.v1+json,linux/amd64 linux/arm64 unknown/unknown unknown/unknown,sha256:8318efcaa6756cae60d4b5901c61f93347760bb6920f75b3aeb1e7e6a8b54c81,2025-09-03T08:11:02Z,2025-09-03T08:11:07Z,2026-08-17T18:40:48,,,,,,,,,
docker.io/keboola/mcp-server,keboola-mcp-server,outside period (not read),canary-orion-08ef61ce050963a9c40429353904c2f7670da292 sha-08ef61ce050963a9c40429353904c2f7670da292,sha256:7f56a90775b547e3e4c1875eb9c1cf2cfaeb1bfbaff94facb0dfd3b2a9ef54bd,application/vnd.oci.image.index.v1+json,linux/amd64 linux/arm64 unknown/unknown unknown/unknown,sha256:1f0f9631c81ba8a6e8dec1eb73d7abca56637cc9659f67b0c44a3425a0188d2d,2025-09-03T15:30:06Z,2025-09-03T15:30:10Z,2026-08-17T18:40:29,,,,,,,,,
docker.io/keboola/mcp-server,keboola-mcp-server,outside period (not read),canary-orion-420c32bb66718342207a30a4a3bd4d9c10e65efe sha-420c32bb66718342207a30a4a3bd4d9c10e65efe,sha256:e2b0a3bbc97807b660f2d9135b2d09bc7b31e75b5873817edc958b7d237dfda3,application/vnd.oci.image.index.v1+json,linux/amd64 linux/arm64 unknown/unknown unknown/unknown,sha256:cf66dcc770f25716b35f543cb290c2804223d37464236cc7488d58ffd614e643,2025-09-09T09:32:27Z,2025-09-09T09:32:30Z,2026-08-17T18:40:32,,,,,,,,,
docker.io/keboola/mcp-server,keboola-mcp-server,outside period (not read),canary-orion-68dcb9a6987b46d66de1164ce20d49d9b51f4abc sha-68dcb9a6987b46d66de1164ce20d49d9b51f4abc,sha256:bcbfaf2ff1a902cf674ef1f146c49529608aaf8b32a35b5801d1113981c13357,application/vnd.oci.image.index.v1+json,linux/amd64 linux/arm64 unknown/unknown unknown/unknown,sha256:ba7bb65b5c265ee485bb207aabb90643f2796c36b92f14aad7607254b8b9ac33,2025-09-15T16:08:28Z,2025-09-15T16:08:32Z,2026-08-17T18:40:34,,,,,,,,,
docker.io/keboola/mcp-server,keboola-mcp-server,outside period (not read),canary-orion-c6d3ee93814c66e314b0a79c71d2e528a90a912f sha-c6d3ee93814c66e314b0a79c71d2e528a90a912f,sha256:c28e523c200b856d18653258634340da2e0f80f3cdda824508db564a3c6d205b,application/vnd.oci.image.index.v1+json,linux/amd64 linux/arm64 unknown/unknown unknown/unknown,sha256:d5ff6c48974147a121c4b4510543442c106bd5c631e5bc68f59c80f8a4759fe1,2025-09-18T08:26:48Z,2025-09-18T08:26:52Z,2026-08-17T18:40:38,,,,,,,,,
docker.io/keboola/mcp-server,keboola-mcp-server,outside period (not read),canary-orion-06c105cc208dd3c455909c17982eefcd3ce5ef10 sha-06c105cc208dd3c455909c17982eefcd3ce5ef10,sha256:16f847444c95febd8f528c000911ec6b64303005861d89151e15a9f5b2bd5c6e,application/vnd.oci.image.index.v1+json,linux/amd64 linux/arm64 unknown/unknown unknown/unknown,sha256:2978dc445a586ceefc393c93fceb376b19af682456fd6eb2122beb0548368be5,2025-09-18T08:37:32Z,2025-09-18T08:37:36Z,2026-08-30T12:56:09,,,,,,,,,
docker.io/keboola/mcp-server,keboola-mcp-server,outside period (not read),canary-orion-564057279b83f501822843b639181217d0c4ffc0,sha256:803bfda4a997a22fff34c7e61d4f3eec9cce7f6beb30b4d2ca8effa9c8d608a8,application/vnd.oci.image.index.v1+json,linux/amd64 linux/arm64 unknown/unknown unknown/unknown,sha256:6ab51a055a3e9dbd4bac4b150f8f2c320c7a80b27b36e8ed4b7c5c58eec9f6bd,2025-09-19T08:57:10Z,2025-09-19T08:57:10Z,2026-08-17T18:40:33,,,,,,,,,
docker.io/keboola/mcp-server,keboola-mcp-server,outside period (not read),production-564057279b83f501822843b639181217d0c4ffc0 sha-564057279b83f501822843b639181217d0c4ffc0,sha256:66eafc5744a94a12610e89df6ad6d0780598c6aa90b59d6e718814f65ece782a,application/vnd.oci.image.index.v1+json,linux/amd64 linux/arm64 unknown/unknown unknown/unknown,sha256:fa2c22147b189faa187349df4e3819e8af0f21b2c40a7efc0e59fd9bcb94a9d9,2025-09-19T13:33:15Z,2025-09-19T13:33:23Z,2026-08-17T18:40:46,,,,,,,,,
docker.io/keboola/mcp-server,keboola-mcp-server,outside period (not read),canary-orion-5211ed5d847abc89ef6ac060837c4720bc14ed3b,sha256:3eabccf8beb9a4e17eacced6c0dc373b14cf99a87e50e49576a18cd413847575,application/vnd.oci.image.index.v1+json,linux/amd64 linux/arm64 unknown/unknown unknown/unknown,sha256:99b3f85265f8c4b3a2615daf18207fc96a427e767a789b494eb4d04c3aa75ed8,2025-09-23T12:44:27Z,2025-09-23T12:44:27Z,2026-08-17T18:40:33,,,,,,,,,
docker.io/keboola/mcp-server,keboola-mcp-server,outside period (not read),production-5211ed5d847abc89ef6ac060837c4720bc14ed3b sha-5211ed5d847abc89ef6ac060837c4720bc14ed3b,sha256:fba4bf8048cdc8d472ad074d51c23b6478bb545a12b1cab131a2373fd10e0468,application/vnd.oci.image.index.v1+json,linux/amd64 linux/arm64 unknown/unknown unknown/unknown,sha256:d59f715bc851503492a83aafc749423914d291bed7f73efae3fa2518a06e91cd,2025-09-23T14:28:29Z,2025-09-23T14:28:33Z,2026-08-17T18:40:46,,,,,,,,,
docker.io/keboola/mcp-server,keboola-mcp-server,outside period (not read),canary-orion-b17a21cc35ac433874c19312fb51bd345d086cb0 sha-b17a21cc35ac433874c19312fb51bd345d086cb0,sha256:2ff335c2c05dc9121b81cb49e05c46ceab9425c7ed1be1cdac0f586425c7cc70,application/vnd.oci.image.index.v1+json,linux/amd64 linux/arm64 unknown/unknown unknown/unknown,sha256:21e2635b4644c990eebeb51271d02fbfd4e461eb3d191dc14228d28da9134659,2025-10-01T13:33:49Z,2025-10-01T13:33:52Z,2026-08-17T18:40:37,,,,,,,,,
docker.io/keboola/mcp-server,keboola-mcp-server,outside period (not read),canary-orion-15e808979491a1322d63e28e20821c11de69b002 sha-15e808979491a1322d63e28e20821c11de69b002,sha256:074181fd5b4e8129647e6eb347cc150f82467309c9c09b1e612220a3075635d4,application/vnd.oci.image.index.v1+json,linux/amd64 linux/arm64 unknown/unknown unknown/unknown,sha256:70d64fde3312fc2df29fc75861b3a76cac95aa14906aec6a1be7f6cf8ffc42b1,2025-10-02T11:17:49Z,2025-10-02T11:17:51Z,2026-08-17T18:40:30,,,,,,,,,
docker.io/keboola/mcp-server,keboola-mcp-server,outside period (not read),canary-orion-b20d24f5310c4b74575331fc7e6958d0cf6542fe sha-b20d24f5310c4b74575331fc7e6958d0cf6542fe,sha256:5e080a83aa52424c4ad954a48c5538e38d6b11af6156450de1f5664f006ae906,application/vnd.oci.image.index.v1+json,linux/amd64 linux/arm64 unknown/unknown unknown/unknown,sha256:9a8c3f933075ea9fcaa91e4070369c0fadd53a31a8a48c034fd137b5175b36c6,2025-10-03T07:39:37Z,2025-10-03T07:39:40Z,2026-08-17T18:40:37,,,,,,,,,
docker.io/keboola/mcp-server,keboola-mcp-server,outside period (not read),production-958de50f732bf2faa4701984ec243bcbb9af6a75 sha-958de50f732bf2faa4701984ec243bcbb9af6a75,sha256:2f56aadbc71d49bb26f6af472cb051d8d8bcbf912901a69d394ceb81625b83c6,application/vnd.oci.image.index.v1+json,linux/amd64 linux/arm64 unknown/unknown unknown/unknown,sha256:3fca0cebb31f77beea749fd505e289f1d7cb894a0e6f8afcfb6fa26447b55bd5,2025-10-07T11:23:27Z,2025-10-07T11:23:33Z,2026-08-17T18:40:47,,,,,,,,,
docker.io/keboola/mcp-server,keboola-mcp-server,outside period (not read),canary-orion-fd32b1a5e95e31a680a55eccf7a2d4125bcabe0c,sha256:7a9b943309a91b2770c117cc3b166ccc70330e9a8895339aa9bf1d9dbac1b866,application/vnd.oci.image.index.v1+json,linux/amd64 linux/arm64 unknown/unknown unknown/unknown,sha256:1868575150ddad6b98da6547995b0c1f070be3ef83c6b3e8f6500c688c9323f6,2025-10-08T09:32:44Z,2025-10-08T09:32:44Z,2026-08-17T18:40:41,,,,,,,,,
docker.io/keboola/mcp-server,keboola-mcp-server,outside period (not read),production-fd32b1a5e95e31a680a55eccf7a2d4125bcabe0c sha-fd32b1a5e95e31a680a55eccf7a2d4125bcabe0c,sha256:8d0c8e9dca6c78bbb0220ec385b46c1957131ca6ccb0e357a779ec639a038e54,application/vnd.oci.image.index.v1+json,linux/amd64 linux/arm64 unknown/unknown unknown/unknown,sha256:f465bd7eb32318e60d4773d2a1fa341ed01e7550cf9b0a00e47ecd7a91413446,2025-10-08T10:09:21Z,2025-10-08T10:09:25Z,2026-09-25T11:27:20,,,,,,,,,
docker.io/keboola/mcp-server,keboola-mcp-server,outside period (not read),canary-orion-93df4e3aaf59b0797ce55d11c905acdf69bedefc sha-93df4e3aaf59b0797ce55d11c905acdf69bedefc,sha256:f9d021cbcb677dd83328fe679f22579760d6faccc2c99c71da08dfdb8dc9d644,application/vnd.oci.image.index.v1+json,linux/amd64 linux/arm64 unknown/unknown unknown/unknown,sha256:c3a5402e4b27d67e35094c9d2370e28f3df34de3e570bb4184959a8e67048180,2025-10-13T18:49:29Z,2025-10-13T18:49:31Z,2026-08-17T18:40:36,,,,,,,,,
docker.io/keboola/mcp-server,keboola-mcp-server,outside period (not read),canary-orion-487c93f45461cf9d4e95e0f21816fecbbd61dbe1 sha-487c93f45461cf9d4e95e0f21816fecbbd61dbe1,sha256:2d48835da0469a241e07ee6049fcce1348a20d256a99b407a3096b141d66c84b,application/vnd.oci.image.index.v1+json,linux/amd64 linux/arm64 unknown/unknown unknown/unknown,sha256:5265868955f0895fd0c3afbe28acf2f14b92b953ca5cc9e19521f7d2e7b50fb1,2025-10-15T10:29:56Z,2025-10-15T10:29:58Z,2026-08-17T18:40:32,,,,,,,,,
docker.io/keboola/mcp-server,keboola-mcp-server,outside period (not read),production-c754028a17e2bfef8864ac61cc9811d414510f2b sha-c754028a17e2bfef8864ac61cc9811d414510f2b,sha256:a0524277aa1987793fe90853d191bca6d2f83cacc10d48ea3f12808b3f465d08,application/vnd.oci.image.index.v1+json,linux/amd64 linux/arm64 unknown/unknown unknown/unknown,sha256:f834b222e131077f362eb3ca0b24f5c80f39987361ef6a8a8f66fb039a7118b9,2025-10-15T16:04:13Z,2025-10-15T16:04:17Z,2026-08-17T18:40:48,,,,,,,,,
docker.io/keboola/mcp-server,keboola-mcp-server,outside period (not read),canary-orion-ae0f754a5bc7be60c216af747d786d2b698541f0 sha-ae0f754a5bc7be60c216af747d786d2b698541f0,sha256:b53a97133158ee069f42c16d031bbfecc32f24b4f4dcbad3584c0ed657e5608f,application/vnd.oci.image.index.v1+json,linux/amd64 linux/arm64 unknown/unknown unknown/unknown,sha256:0ad221c87032e891a990658833b36c47a617fd0b80d9cf4d1c6d626dda2db048,2025-10-16T09:13:59Z,2025-10-16T09:14:01Z,2026-08-17T18:40:37,,,,,,,,,
docker.io/keboola/mcp-server,keboola-mcp-server,outside period (not read),canary-orion-0e0d55a6df25cdeed7c65870036ec63ce2000214 sha-0e0d55a6df25cdeed7c65870036ec63ce2000214,sha256:9f78816323d38b9d4522d762c428ed4f9ba268e6ba1d686e1d577d6a8a01335d,application/vnd.oci.image.index.v1+json,linux/amd64 linux/arm64 unknown/unknown unknown/unknown,sha256:4a6ac8db822f8ea7b79ee70d5118a15202ab06e1ac699e17c3e6f90b00f54ac5,2025-10-21T09:28:32Z,2025-10-21T09:28:35Z,2026-08-17T18:40:30,,,,,,,,,
docker.io/keboola/mcp-server,keboola-mcp-server,outside period (not read),canary-orion-a16f775dfd114a93f6ce70f7875b5c774e4aeac5 sha-a16f775dfd114a93f6ce70f7875b5c774e4aeac5,sha256:efd0bf6d6044b4a18d5e09e67df0ed5ee000967002cdbeb6da99448fa3160e6f,application/vnd.oci.image.index.v1+json,linux/amd64 linux/arm64 unknown/unknown unknown/unknown,sha256:6bc4edaa85fdabc39e9c1c3a05a75d5bb05d4fbcfe3dff0f472f7a89eda8349a,2025-10-22T14:42:33Z,2025-10-22T14:42:35Z,2026-08-17T18:40:36,,,,,,,,,
docker.io/keboola/mcp-server,keboola-mcp-server,outside period (not read),canary-orion-cc0f9f7fa05c1cf283d4b709eafa11b3f2e15560 sha-cc0f9f7fa05c1cf283d4b709eafa11b3f2e15560,sha256:8ef45c36f6399e3da029220ea8bf0b0d88763ab4bd4a4c585515ab99e4e5c04e,application/vnd.oci.image.index.v1+json,linux/amd64 linux/arm64 unknown/unknown unknown/unknown,sha256:8f9906e41d787ba5ad81960271ef3283a2050fda04b8133b60ffebd4a2b1dfb0,2025-10-23T06:11:15Z,2025-10-23T06:11:17Z,2026-08-17T18:40:39,,,,,,,,,
docker.io/keboola/mcp-server,keboola-mcp-server,outside period (not read),canary-orion-b03cc1d45e7ff5abb2cc1bcc0840ff6919a1899d sha-b03cc1d45e7ff5abb2cc1bcc0840ff6919a1899d,sha256:287a30d0ddac25d3f7183f498678e40814c479081923b11ba25531585e2e2c49,application/vnd.oci.image.index.v1+json,linux/amd64 linux/arm64 unknown/unknown unknown/unknown,sha256:e09a048c7b82cd26f7bdc677a42fbd12f5c33c78be49be76ca57cbe0a441c0ed,2025-10-23T09:57:15Z,2025-10-23T09:57:18Z,2026-08-17T18:40:37,,,,,,,,,
docker.io/keboola/mcp-server,keboola-mcp-server,outside period (not read),canary-orion-d83845be77475372d0e0f9f57b184a6c013a944b sha-d83845be77475372d0e0f9f57b184a6c013a944b,sha256:01a653f5a84990ab151529142969c66d5dfa56fd4134ba123c115d1603609839,application/vnd.oci.image.index.v1+json,linux/amd64 linux/arm64 unknown/unknown unknown/unknown,sha256:f32d411b873dd4b3baeea212959101abd1ba535c425b3ad88e29ed996d63a593,2025-10-23T15:18:28Z,2025-10-23T15:18:30Z,2026-08-17T18:40:39,,,,,,,,,
docker.io/keboola/mcp-server,keboola-mcp-server,outside period (not read),canary-orion-135c58c5b373f079f92f9691a53308f905c7d209 sha-135c58c5b373f079f92f9691a53308f905c7d209,sha256:152631f799204a703ad7f76adc3a96f4de035f2f047099f7be965213305bf6b2,application/vnd.oci.image.index.v1+json,linux/amd64 linux/arm64 unknown/unknown unknown/unknown,sha256:f9fabe21f939d255c3103326b11b63073f6534a96e7e2a546c230ac11fa68544,2025-10-24T11:32:51Z,2025-10-24T11:32:53Z,2026-08-17T18:40:30,,,,,,,,,
docker.io/keboola/mcp-server,keboola-mcp-server,outside period (not read),canary-orion-ff43ca1ece3f95c6a561b8a8231fcc6f64eb07e9 sha-ff43ca1ece3f95c6a561b8a8231fcc6f64eb07e9,sha256:b89f5e5b55a824768668cb50037ca105f45b40b9f159ad2a09e324c870e8e042,application/vnd.oci.image.index.v1+json,linux/amd64 linux/arm64 unknown/unknown unknown/unknown,sha256:d85b2fb04338862b7aeb41f59dfe6875559a96cfa4a119d9792461b692d66097,2025-10-24T11:48:57Z,2025-10-24T11:48:59Z,2026-08-30T12:56:15,,,,,,,,,
docker.io/keboola/mcp-server,keboola-mcp-server,outside period (not read),canary-orion-a8d365fd41b12f13097adef84882a582d5d5e1d1,sha256:64d1ac9b9648c83cdd9084ecd0be9911eefc77d762c26f84d73f071004559911,application/vnd.oci.image.index.v1+json,linux/amd64 linux/arm64 unknown/unknown unknown/unknown,sha256:44aee1a3ec8fa14ae6769f66e2266bb7980865a865da76df083f7901fdf8e1cb,2025-10-27T16:40:29Z,2025-10-27T16:40:29Z,2026-08-17T18:40:37,,,,,,,,,
docker.io/keboola/mcp-server,keboola-mcp-server,outside period (not read),production-a8d365fd41b12f13097adef84882a582d5d5e1d1 sha-a8d365fd41b12f13097adef84882a582d5d5e1d1,sha256:94ae96644e3bf590b95fdf6a2d2270547f5efa8bfadb03f8a1bdfd71ce033e28,application/vnd.oci.image.index.v1+json,linux/amd64 linux/arm64 unknown/unknown unknown/unknown,sha256:042f6a84c18b39f59a494784138b72cac3ded5c18c429ce2e11364057eb04ae6,2025-10-29T09:36:59Z,2025-10-29T09:37:01Z,2026-08-17T18:40:47,,,,,,,,,
docker.io/keboola/mcp-server,keboola-mcp-server,outside period (not read),canary-orion-8b548cb21d8814ce6265daa973c904c5fda93dba sha-8b548cb21d8814ce6265daa973c904c5fda93dba,sha256:a446fb296731e4330ba77e38479c8e6934010f420c77518d81cb9cde6539f3f8,application/vnd.oci.image.index.v1+json,linux/amd64 linux/arm64 unknown/unknown unknown/unknown,sha256:a0bea76f3ae6cccbc07c69b52a753f17a01a48922fcc151ff00828393057533d,2025-10-30T13:47:17Z,2025-10-30T13:47:20Z,2026-08-17T18:40:36,,,,,,,,,
docker.io/keboola/mcp-server,keboola-mcp-server,outside period (not read),canary-orion-eb0bea137da0d548e0c4d95ff22de35af4dea273 sha-eb0bea137da0d548e0c4d95ff22de35af4dea273,sha256:6335cd9fc8c601e20791e2fbacfe077dfc852f4fc4b56a4954fdf9934673b318,application/vnd.oci.image.index.v1+json,linux/amd64 linux/arm64 unknown/unknown unknown/unknown,sha256:6a42b815cac5dccee977a63ae8c275258f9515b2b01ca7148a5e37d0da4b0e42,2025-10-30T13:51:32Z,2025-10-30T13:51:33Z,2026-08-17T18:40:40,,,,,,,,,
docker.io/keboola/mcp-server,keboola-mcp-server,outside period (not read),canary-orion-4350ce7289796f823670e6205f8d9d8af003b965 sha-4350ce7289796f823670e6205f8d9d8af003b965,sha256:858843e7237737b0333f7d86fc7f6dd4d0f121101dc9ab39b64a6d470d7a5b5e,application/vnd.oci.image.index.v1+json,linux/amd64 linux/arm64 unknown/unknown unknown/unknown,sha256:d6eb0bc37df9b2f64d570cb94b0ee481691508f18dccb1c0ac3f051a8475330a,2025-10-31T13:09:36Z,2025-10-31T13:09:37Z,2026-08-17T18:40:32,,,,,,,,,
docker.io/keboola/mcp-server,keboola-mcp-server,outside period (not read),canary-orion-52470eabae9ff11f011de5bd7514277ad31bb782 sha-52470eabae9ff11f011de5bd7514277ad31bb782,sha256:b7dbcaa678ef60190786cf5bf13962719b3e91287173638bd2bd0d250b8286c1,application/vnd.oci.image.index.v1+json,linux/amd64 linux/arm64 unknown/unknown unknown/unknown,sha256:1fbdfb83f46f0460e7ac7f62f2b2818cf7fedb450f5b7eb6b15ef69086dfbad6,2025-10-31T13:14:40Z,2025-10-31T13:14:42Z,2026-08-17T18:40:33,,,,,,,,,
docker.io/keboola/mcp-server,keboola-mcp-server,outside period (not read),canary-orion-edac338db26ba0f2f72747c4430d9cf8b10932e9 sha-edac338db26ba0f2f72747c4430d9cf8b10932e9,sha256:5cd889304e736ef0017aba749c2639fe404d539fd92a730cc9c5d0356b98c93d,application/vnd.oci.image.index.v1+json,linux/amd64 linux/arm64 unknown/unknown unknown/unknown,sha256:3f68152d57383c1d93a3bef6c8bbefdc3dc9c1d3103aa760bff0acd57b5fa646,2025-11-03T13:49:21Z,2025-11-03T13:49:22Z,2026-08-17T18:40:40,,,,,,,,,
docker.io/keboola/mcp-server,keboola-mcp-server,outside period (not read),canary-orion-f7ffdc4943324ff1700c9ebb5c6e6731e7de8147 sha-f7ffdc4943324ff1700c9ebb5c6e6731e7de8147,sha256:72a9cdd2912c3345becdac2d1701a13ab2b4ca3213c83d3c68673b084947e5b2,application/vnd.oci.image.index.v1+json,linux/amd64 linux/arm64 unknown/unknown unknown/unknown,sha256:9cd1252485a4a462d9053d4d7a4c657860f367fda395e2772608066e82b7fd0c,2025-11-05T09:39:17Z,2025-11-05T09:39:19Z,2026-08-17T18:40:40,,,,,,,,,
docker.io/keboola/mcp-server,keboola-mcp-server,outside period (not read),canary-orion-27606afe87ef7c9a5c489db104d27ccbc8e7012a sha-27606afe87ef7c9a5c489db104d27ccbc8e7012a,sha256:c925b9282295d3fdfb7e5ba0c4446625c76c12072d720cd2f74819e5f15bf595,application/vnd.oci.image.index.v1+json,linux/amd64 linux/arm64 unknown/unknown unknown/unknown,sha256:922b5a6707af5685d7d759b58c5411b8e319e7ba108157bd099561726685699b,2025-11-05T12:16:49Z,2025-11-05T12:16:51Z,2026-08-17T18:40:31,,,,,,,,,
docker.io/keboola/mcp-server,keboola-mcp-server,outside period (not read),canary-orion-8466bd685c177267f401863e6edd6dab0fd89bcb sha-8466bd685c177267f401863e6edd6dab0fd89bcb,sha256:c2c48d8f24f81503d4a8299160234e0d625ed41daac49f7d79ce802def76d949,application/vnd.oci.image.index.v1+json,linux/amd64 linux/arm64 unknown/unknown unknown/unknown,sha256:1dfb8f8a18fd571856eed970358f330a22753bb082fb328269c97d0a859ba099,2025-11-05T13:13:58Z,2025-11-05T13:14:00Z,2026-08-17T18:40:35,,,,,,,,,
docker.io/keboola/mcp-server,keboola-mcp-server,outside period (not read),production-4c667521a6fc2fb90bd188b416bde5072e90ac1c sha-4c667521a6fc2fb90bd188b416bde5072e90ac1c,sha256:fe03d7a6c168dc21706073b9ca0bc1ffac2458587607a36529edb8cc50bed6be,application/vnd.oci.image.index.v1+json,linux/amd64 linux/arm64 unknown/unknown unknown/unknown,sha256:3a7e64b789f79bc7d439fdd8af2b8fb243710924ea54a25f517e7fce9e8159ac,2025-11-05T13:37:31Z,2025-11-05T13:37:35Z,2026-08-03T02:11:25,,,,,,,,,
docker.io/keboola/mcp-server,keboola-mcp-server,outside period (not read),canary-orion-870fc2d30868745f7d0b91e198e804565a18db6a sha-870fc2d30868745f7d0b91e198e804565a18db6a,sha256:384d54f9f70022e41fca9f396caac368561548504355f5ca34d50ea87830968d,application/vnd.oci.image.index.v1+json,linux/amd64 linux/arm64 unknown/unknown unknown/unknown,sha256:b8700b2d8640786df87c91b772894b2eade2e60b334de63ba62a9aaf3f1fee93,2025-11-07T08:21:20Z,2025-11-07T08:21:22Z,2026-08-17T18:40:35,,,,,,,,,
docker.io/keboola/mcp-server,keboola-mcp-server,outside period (not read),canary-orion-02819ef517dda71e4cdfc392037751777b17c164 sha-02819ef517dda71e4cdfc392037751777b17c164,sha256:3cb5e9ebba48020cecd572e8288644ebc8f98bea1c3800a0d3835c2a656d5676,application/vnd.oci.image.index.v1+json,linux/amd64 linux/arm64 unknown/unknown unknown/unknown,sha256:966b51c203ff4f5f04c7181ed9ba831a5a231ac0c7a79c4cce6cd1e3cb020aff,2025-11-07T13:31:30Z,2025-11-07T13:31:32Z,2026-08-30T12:56:06,,,,,,,,,
docker.io/keboola/mcp-server,keboola-mcp-server,outside period (not read),canary-orion-0df9cd68434d4b7df2d300d823537316126a2087 sha-0df9cd68434d4b7df2d300d823537316126a2087,sha256:6c0803d6cd7fbb32e37d8f151a090656a728adf95966f919e9a6ffb4ae360758,application/vnd.oci.image.index.v1+json,linux/amd64 linux/arm64 unknown/unknown unknown/unknown,sha256:f37882d0c5efb555c75d11cc6724d66d7de8563f9c9d6dbd4d2d2d3cef65bd76,2025-11-12T14:33:50Z,2025-11-12T14:33:52Z,2026-08-17T18:40:30,,,,,,,,,
docker.io/keboola/mcp-server,keboola-mcp-server,outside period (not read),production-9fd1763b8d36fae92cefeda74c4b0cb483c2104d sha-9fd1763b8d36fae92cefeda74c4b0cb483c2104d,sha256:a2dcbd3b04ddc8ace7e1850ac3f3885da460917abd7bc00019ae83058b639ce7,application/vnd.oci.image.index.v1+json,linux/amd64 linux/arm64 unknown/unknown unknown/unknown,sha256:948f8dac2f8faa6a490b82e96dc75e479a8b9913d72beb4225b09f54ce9ddd8c,2025-11-14T10:03:56Z,2025-11-14T10:03:57Z,2026-08-17T18:40:47,,,,,,,,,
docker.io/keboola/mcp-server,keboola-mcp-server,outside period (not read),canary-orion-42c8bb988872e6a9c0801bcf101d14c07ac2d864 sha-42c8bb988872e6a9c0801bcf101d14c07ac2d864,sha256:1aeb721a3e14cb7052411395e4e63f4f0b85f859c7fcfc8ae17c929e0b9a325c,application/vnd.oci.image.index.v1+json,linux/amd64 linux/arm64 unknown/unknown unknown/unknown,sha256:7643001a9dd0cb8c5535781972f0b1a903fcb4b0aea8c00e661c7119c2293adc,2025-11-19T08:29:39Z,2025-11-19T08:29:41Z,2026-08-17T18:40:32,,,,,,,,,
docker.io/keboola/mcp-server,keboola-mcp-server,outside period (not read),canary-orion-1bdc439cbdbeb75d91ded7cdaa397f6af2a23c0c sha-1bdc439cbdbeb75d91ded7cdaa397f6af2a23c0c,sha256:5c45883c00ad38b8dd7dfdeb0926e35ed322a0ac88efebe2fe812f2cd63c372f,application/vnd.oci.image.index.v1+json,linux/amd64 linux/arm64 unknown/unknown unknown/unknown,sha256:8faa18fa7183295c67ce8c5565729771dbdf19692a140a0365ec6c2e2e99ac3d,2025-11-20T10:02:23Z,2025-11-20T10:02:26Z,2026-08-17T18:40:31,,,,,,,,,
docker.io/keboola/mcp-server,keboola-mcp-server,outside period (not read),canary-orion-d30ae3e0e403a70e3604be2fd587b304bc6b4378,sha256:d39219a0417a8618836534f109db4f1416ff4314c02ae01e9d04b156a81ce7cd,application/vnd.oci.image.index.v1+json,linux/amd64 linux/arm64 unknown/unknown unknown/unknown,sha256:52bb2dce0781d1ad3ae56cf44eb045967d782f018bfe4e3d710ee2a017110c2c,2025-11-21T06:47:05Z,2025-11-21T06:47:05Z,2026-08-17T18:40:39,,,,,,,,,
docker.io/keboola/mcp-server,keboola-mcp-server,outside period (not read),production-d30ae3e0e403a70e3604be2fd587b304bc6b4378 sha-d30ae3e0e403a70e3604be2fd587b304bc6b4378,sha256:35ae8ad4a0ca0d5ac4bbe5c7186f9e704351b2d546354ebb7b37cb28f36e7184,application/vnd.oci.image.index.v1+json,linux/amd64 linux/arm64 unknown/unknown unknown/unknown,sha256:1c7f2f967798fdef4ae852e94619375a6bbf8013cad1aeee01b83f163ca55e67,2025-11-21T11:29:28Z,2025-11-21T11:29:30Z,2026-08-17T18:40:48,,,,,,,,,
docker.io/keboola/mcp-server,keboola-mcp-server,outside period (not read),canary-orion-0d09639862b447d752d2355f3cc86bc987317364 sha-0d09639862b447d752d2355f3cc86bc987317364,sha256:46aafd0562bd79cdfd190feb1e8314406b27c9f69ec0626b9421204da46a9b29,application/vnd.oci.image.index.v1+json,linux/amd64 linux/arm64 unknown/unknown unknown/unknown,sha256:a3260edf64e177b1130d8133de2d09cf0981f47130fe5e32bff6abb257bedc2f,2025-11-26T13:25:35Z,2025-11-26T13:25:38Z,2026-08-17T18:40:30,,,,,,,,,
docker.io/keboola/mcp-server,keboola-mcp-server,outside period (not read),canary-orion-c1879616fab62c6637613e1661e9666138d3c3a1 sha-c1879616fab62c6637613e1661e9666138d3c3a1,sha256:6ac6b08978495b8bf5591bfd1bc1a7bcb5f23ff8b08d700abca9167c26b08783,application/vnd.oci.image.index.v1+json,linux/amd64 linux/arm64 unknown/unknown unknown/unknown,sha256:9587a95e840d0d389da7c27cdee1b24b7237ff20eb1bf1c3abeb739e557e0fab,2025-11-27T10:47:48Z,2025-11-27T10:47:49Z,2026-08-17T18:40:38,,,,,,,,,
docker.io/keboola/mcp-server,keboola-mcp-server,outside period (not read),canary-orion-9f7cd49e1cefee599c7f76265aa6f8b509b08534 sha-9f7cd49e1cefee599c7f76265aa6f8b509b08534,sha256:43484327e1ca73f36d3d710b27f41f99924d2cc7eff6ceba8e4c10824ed50230,application/vnd.oci.image.index.v1+json,linux/amd64 linux/arm64 unknown/unknown unknown/unknown,sha256:5a1ffedbbb0fa79b71cde0b5531ce50a67b8cc19a7541e531385bcca20219abb,2025-12-04T09:38:42Z,2025-12-04T09:38:45Z,2026-08-17T18:40:37,,,,,,,,,
docker.io/keboola/mcp-server,keboola-mcp-server,outside period (not read),canary-orion-16d19c1c28c4dc3e1b0d29a92c635c68bee078cc sha-16d19c1c28c4dc3e1b0d29a92c635c68bee078cc,sha256:bab4371ac78b37c5afb1f8346c256afdd53d0fed6b1bbd903064c6ced7c04e3b,application/vnd.oci.image.index.v1+json,linux/amd64 linux/arm64 unknown/unknown unknown/unknown,sha256:f3fdd8b7cad17dba318eb34b99d82f241bb3fbeff4f172929f1b24d6d8c28915,2025-12-15T10:13:35Z,2025-12-15T10:13:38Z,2026-08-17T18:40:30,,,,,,,,,
docker.io/keboola/mcp-server,keboola-mcp-server,outside period (not read),production-d199dd84767a4090df3471b6c4b612be7365a3a8 sha-d199dd84767a4090df3471b6c4b612be7365a3a8,sha256:558c3b95ed09507fe45a5f173429ff3b22a4f22466fcbb779c2aaad5e105ee78,application/vnd.oci.image.index.v1+json,linux/amd64 linux/arm64 unknown/unknown unknown/unknown,sha256:f0d6fb45864c114b7635f8b9f437e7fd51942814b9f1e448758e80cb51d36274,2025-12-16T10:49:26Z,2025-12-16T10:49:28Z,2026-08-17T18:40:48,,,,,,,,,
docker.io/keboola/mcp-server,keboola-mcp-server,outside period (not read),canary-orion-3afc509d807d2c8aebd5b707799a007ae3feeecd sha-3afc509d807d2c8aebd5b707799a007ae3feeecd,sha256:19fe8f98df91bd39ad7115f65bfe40d67156112f0637f2685101ad8f61ecd993,application/vnd.oci.image.index.v1+json,linux/amd64 linux/arm64 unknown/unknown unknown/unknown,sha256:313f6d254b396b5eba562e8c15428f23604e199ddd57de3cab0b474937907bad,2025-12-19T08:54:08Z,2025-12-19T08:54:11Z,2026-08-17T18:40:32,,,,,,,,,
docker.io/keboola/mcp-server,keboola-mcp-server,outside period (not read),canary-orion-3ffc031c3f1f2fad1dc810150d60e885714a8b45 sha-3ffc031c3f1f2fad1dc810150d60e885714a8b45,sha256:b41ba01536cd466db8bdcb957c55d2af65784d3c33af5e1849e66513b6708306,application/vnd.oci.image.index.v1+json,linux/amd64 linux/arm64 unknown/unknown unknown/unknown,sha256:fbfb67f3322e0bcd64ff4f93ca85458f176429a877a1a4fd62bc50727779d0ac,2025-12-19T11:02:50Z,2025-12-19T11:02:53Z,2026-08-17T18:40:32,,,,,,,,,
docker.io/keboola/mcp-server,keboola-mcp-server,outside period (not read),canary-orion-f537464e9e98eb038f9e71356c72504754954540,sha256:1d9d72cad63ea48a0701880d103d1566efc67240c48d2b35bdaded371cb163d0,application/vnd.oci.image.index.v1+json,linux/amd64 linux/arm64 unknown/unknown unknown/unknown,sha256:de53f2e6b9bd394982400f831a81ce84032e6608eb1d716a55807812c0451fa2,2025-12-19T12:45:42Z,2025-12-19T12:45:42Z,2026-08-17T18:40:40,,,,,,,,,
docker.io/keboola/mcp-server,keboola-mcp-server,outside period (not read),canary-orion-5f1693d91f5bc58796b51ff57db6c3c3f1831fe6 sha-5f1693d91f5bc58796b51ff57db6c3c3f1831fe6,sha256:ed76aff9ffbd952c4cc697b5b1b74db48bf735eb9fdfea15da5dbd89f927f02f,application/vnd.oci.image.index.v1+json,linux/amd64 linux/arm64 unknown/unknown unknown/unknown,sha256:dc6274a7c494355cb689397b536e9adfab65c34de903ad19a127844826fed32a,2026-01-06T12:17:44Z,2026-01-06T12:17:46Z,2026-08-17T18:40:34,,,,,,,,,
docker.io/keboola/mcp-server,keboola-mcp-server,outside period (not read),canary-orion-7a5baa8e2309541d856381537646c6034cfaf4ff sha-7a5baa8e2309541d856381537646c6034cfaf4ff,sha256:f2e4f14a0d27a86c571f26489fb5c41b3acb1f88923fe24f13de8c4bf05bf9ae,application/vnd.oci.image.index.v1+json,linux/amd64 linux/arm64 unknown/unknown unknown/unknown,sha256:270d31e145b7db42274bdcf96c1e613c6869e9ea1263220730234ac7e9e0179f,2026-01-07T06:29:19Z,2026-01-07T06:29:21Z,2026-08-17T18:40:35,,,,,,,,,
docker.io/keboola/mcp-server,keboola-mcp-server,outside period (not read),production-f537464e9e98eb038f9e71356c72504754954540 sha-f537464e9e98eb038f9e71356c72504754954540,sha256:b51bda2d3a78235b464d2b53dc6501686f756ff3780ab980a0d1584c28124dd9,application/vnd.oci.image.index.v1+json,linux/amd64 linux/arm64 unknown/unknown unknown/unknown,sha256:8cb696d8341eb722d0f5a96e90b26e1c19ad21fb979e065a969e3bd4e85d664e,2026-01-07T13:39:45Z,2026-01-07T13:39:47Z,2026-08-17T18:40:49,,,,,,,,,
docker.io/keboola/mcp-server,keboola-mcp-server,outside period (not read),canary-orion-f6793ea04e078545326a81d3ce285e7f52283cdd sha-f6793ea04e078545326a81d3ce285e7f52283cdd,sha256:1f1afccdccb8826ebcbe3122ba8f022ba7b4854210fbb1da1d12e4698a3bce32,application/vnd.oci.image.index.v1+json,linux/amd64 linux/arm64 unknown/unknown unknown/unknown,sha256:b8a10bbce2241097f6d4561b74a980f1827ec46268a18c081e01c3870fe0995e,2026-01-08T07:23:57Z,2026-01-08T07:23:59Z,2026-08-17T18:40:40,,,,,,,,,
docker.io/keboola/mcp-server,keboola-mcp-server,outside period (not read),canary-orion-499e2a76b5ed303abd086c1105a4553976ac9af4 sha-499e2a76b5ed303abd086c1105a4553976ac9af4,sha256:ac18b2a43ab9f7dea053c7f191cfa269f6447275d9ac3bfdb3af072612f1861e,application/vnd.oci.image.index.v1+json,linux/amd64 linux/arm64 unknown/unknown unknown/unknown,sha256:7059c2955a315c2158afb8afc9cd421350dfe8a58bd966d9fa6574bc6ed49dd4,2026-01-16T14:28:09Z,2026-01-16T14:28:12Z,2026-08-17T18:40:32,,,,,,,,,
docker.io/keboola/mcp-server,keboola-mcp-server,outside period (not read),production-1a66bf5d9b23fc605da338bbf9c071801f1ce2ed sha-1a66bf5d9b23fc605da338bbf9c071801f1ce2ed,sha256:01fa66fe55334906122f87b7d84f7e9659e8b97051b292e03b411141269de275,application/vnd.oci.image.index.v1+json,linux/amd64 linux/arm64 unknown/unknown unknown/unknown,sha256:a616797114489b00bdc07c94321f03308036394a2652c5b9897dc7a032eb9d81,2026-01-19T14:03:23Z,2026-01-19T14:03:25Z,2026-08-17T18:40:45,,,,,,,,,
docker.io/keboola/mcp-server,keboola-mcp-server,outside period (not read),canary-orion-b3a491d144a6db5242c2eb9044adc3f98b3bf5ba sha-b3a491d144a6db5242c2eb9044adc3f98b3bf5ba,sha256:0adbe00c341931c136c0358c58f3bb743c73cb7166697189a779341e01b6f157,application/vnd.oci.image.index.v1+json,linux/amd64 linux/arm64 unknown/unknown unknown/unknown,sha256:53ea844fd30a194a4b8fe33fd809e0b21c3c76f1fe01148f0a4cc3ebb7b40d6a,2026-01-20T06:53:55Z,2026-01-20T06:53:56Z,2026-08-17T18:40:38,,,,,,,,,
docker.io/keboola/mcp-server,keboola-mcp-server,outside period (not read),canary-orion-2a94675a819d6ae157cdf1147b506c4277b37e90 sha-2a94675a819d6ae157cdf1147b506c4277b37e90,sha256:ea1da2b9247546457d8130795422376fbf29b885a9e8631dcd5c212c5a905edd,application/vnd.oci.image.index.v1+json,linux/amd64 linux/arm64 unknown/unknown unknown/unknown,sha256:448bde268933412192da9bd1f1bfb93a77fc91c36144fec74a831d12ec2a2ad1,2026-01-20T07:56:35Z,2026-01-20T07:56:37Z,2026-08-17T18:40:31,,,,,,,,,
docker.io/keboola/mcp-server,keboola-mcp-server,outside period (not read),production-b005ef78dc909e771ecb2889133672ea991664cc,sha256:137b030eb740ec6ee356079c09f709604a70fa61941d6ad956a65c1248cf9ff2,application/vnd.oci.image.index.v1+json,linux/amd64 linux/arm64 unknown/unknown unknown/unknown,sha256:0e6237195fd112fab9db497d6338ae39df1ccc49ad047520f157d85d7b2f2668,2026-01-26T11:41:09Z,2026-01-26T11:41:09Z,2026-08-17T18:40:47,,,,,,,,,
docker.io/keboola/mcp-server,keboola-mcp-server,outside period (not read),canary-orion-b005ef78dc909e771ecb2889133672ea991664cc sha-b005ef78dc909e771ecb2889133672ea991664cc,sha256:0b5540dacc19760a2ad043f5c75cb139422264e429ab2722b00e6b237bc0d359,application/vnd.oci.image.index.v1+json,linux/amd64 linux/arm64 unknown/unknown unknown/unknown,sha256:91641257091fd904276dfc6190b4627b2afec331ac5785883689ce0fd8a2622a,2026-01-26T12:02:28Z,2026-01-26T12:02:31Z,2026-08-17T18:40:37,,,,,,,,,
docker.io/keboola/mcp-server,keboola-mcp-server,outside period (not read),canary-orion-ae43a1fc2bca2325d1cd3f40da21f301048295a2 sha-ae43a1fc2bca2325d1cd3f40da21f301048295a2,sha256:c3b2454d048bf5c3f8280bceaac88f816d7b54412cb96dae487121b52de4a15a,application/vnd.oci.image.index.v1+json,linux/amd64 linux/arm64 unknown/unknown unknown/unknown,sha256:2b127b4a628049902cb558ae821b4a609c270af898c8d9fe05c5316c161582e0,2026-01-29T04:51:04Z,2026-01-29T04:51:06Z,2026-08-17T18:40:37,,,,,,,,,
docker.io/keboola/mcp-server,keboola-mcp-server,outside period (not read),canary-orion-b570a082f24963df1c6ab5203525af683d41eec5 sha-b570a082f24963df1c6ab5203525af683d41eec5,sha256:1982dced07f394e386781e8fcff6db1bf0a250fec51ef8554f0eab4e68d951c3,application/vnd.oci.image.index.v1+json,linux/amd64 linux/arm64 unknown/unknown unknown/unknown,sha256:cf1ee3d33fa360e80a19adfeb5aafd2e99143f2b97840ff3542de997b275d030,2026-01-29T06:53:25Z,2026-01-29T06:53:27Z,2026-08-17T18:40:38,,,,,,,,,
docker.io/keboola/mcp-server,keboola-mcp-server,outside period (not read),canary-orion-997a3d666745cc9c96bc274c5d452d56d84fa226 sha-997a3d666745cc9c96bc274c5d452d56d84fa226,sha256:3b2f9a574e040d2b3268ed882f8afc445a263570d457dfe55dd78039ad616348,application/vnd.oci.image.index.v1+json,linux/amd64 linux/arm64 unknown/unknown unknown/unknown,sha256:429a069bb6c8507dcf6167c7642f19f05d2626a143b1de466a0b0fe3480a53ba,2026-01-30T11:21:56Z,2026-01-30T11:21:58Z,2026-08-17T18:40:36,,,,,,,,,
docker.io/keboola/mcp-server,keboola-mcp-server,outside period (not read),canary-orion-1bd0095b012aa3d293da5d902c6bdcf9ea33a61a sha-1bd0095b012aa3d293da5d902c6bdcf9ea33a61a,sha256:513b9293dc59260aba0e90b5bc5a3fd326a38cdd5cfc30231e6ca5b0e0eb2305,application/vnd.oci.image.index.v1+json,linux/amd64 linux/arm64 unknown/unknown unknown/unknown,sha256:403c18a55c97b2d0f8040ac094109a9f2f6cc80cc68d120fa5b74edc90376143,2026-01-30T16:09:46Z,2026-01-30T16:09:48Z,2026-08-17T18:40:30,,,,,,,,,
docker.io/keboola/mcp-server,keboola-mcp-server,outside period (not read),canary-orion-c3430422bddc49057402399b140b0370ce73f374 sha-c3430422bddc49057402399b140b0370ce73f374,sha256:5a8436e67e9968fcd7dc6b99e95047e53c5f1ddb358d6c6bbc1e304a7554044a,application/vnd.oci.image.index.v1+json,linux/amd64 linux/arm64 unknown/unknown unknown/unknown,sha256:14e87e47a402695334378b8caa3391860814c1a78c0657ee90026170f791fad1,2026-02-01T20:36:50Z,2026-02-01T20:36:52Z,2026-08-17T18:40:38,,,,,,,,,
docker.io/keboola/mcp-server,keboola-mcp-server,outside period (not read),production-6855c96156fa79df2c2ebafe528ece245fccd132 sha-6855c96156fa79df2c2ebafe528ece245fccd132,sha256:7a3d13ee34421285998cba1e6c4df0d69c354b5b5085de108e8f85dfb653a4c5,application/vnd.oci.image.index.v1+json,linux/amd64 linux/arm64 unknown/unknown unknown/unknown,sha256:f6c6e4ab615bb0604466d22bc89dde47e08bcecac5402d27206afec1825fb4d6,2026-02-02T08:48:14Z,2026-02-02T08:48:16Z,2026-08-17T18:40:46,,,,,,,,,
docker.io/keboola/mcp-server,keboola-mcp-server,outside period (not read),canary-orion-bceed780f0e8440f250f170b0f56e43ac14d4779,sha256:b31a8783f65e10fe0b0f2aac18555d54d21704e23dfaa5160293e433ded83dc0,application/vnd.oci.image.index.v1+json,linux/amd64 linux/arm64 unknown/unknown unknown/unknown,sha256:3363ee03c83143a9dc27957a1333f8f82958b950cbf7d27d554d16bc64563ae0,2026-02-03T15:27:59Z,2026-02-03T15:27:59Z,2026-08-17T18:40:38,,,,,,,,,
docker.io/keboola/mcp-server,keboola-mcp-server,outside period (not read),production-bceed780f0e8440f250f170b0f56e43ac14d4779 sha-bceed780f0e8440f250f170b0f56e43ac14d4779,sha256:d81b506aa2dd758ebf57085960d7651d7acdb26b328e81a3f0a6a7d2a9f9d169,application/vnd.oci.image.index.v1+json,linux/amd64 linux/arm64 unknown/unknown unknown/unknown,sha256:a75ec3631ee6337fc03d366996e60b76495d273f082e616ab14801bacf28261f,2026-02-03T16:53:12Z,2026-02-03T16:53:15Z,2026-08-17T18:40:48,,,,,,,,,
docker.io/keboola/mcp-server,keboola-mcp-server,outside period (not read),canary-orion-ddfce144d1cb9738f2075f0212e48dd79b91b787 sha-ddfce144d1cb9738f2075f0212e48dd79b91b787,sha256:d3a6bdc4aeb6b584c84a55e43157d3d5d2ceff6864e852afbf1ea12138422e83,application/vnd.oci.image.index.v1+json,linux/amd64 linux/arm64 unknown/unknown unknown/unknown,sha256:fab01056c71db68bd77b36cd3b193eedb34d64699da9407ce41c4cae4af2632d,2026-02-04T11:45:30Z,2026-02-04T11:45:32Z,2026-08-17T18:40:39,,,,,,,,,
docker.io/keboola/mcp-server,keboola-mcp-server,outside period (not read),canary-orion-819c0be81855588e405fd594c953cd9edff5c8a5 sha-819c0be81855588e405fd594c953cd9edff5c8a5,sha256:0d2388bbe9fc2cf45cbeeac13126f20cb3ebd7eef48130d7ce118f8176b102c3,application/vnd.oci.image.index.v1+json,linux/amd64 linux/arm64 unknown/unknown unknown/unknown,sha256:21d0b8032a272ca88f0175681344f1dddbc4f30915c3c54bf3490f189845f7dc,2026-02-04T12:01:16Z,2026-02-04T12:01:18Z,2026-08-17T18:40:35,,,,,,,,,
docker.io/keboola/mcp-server,keboola-mcp-server,outside period (not read),canary-orion-32ced0be3cd271c20561cdf3b0d3ead70d50bdd3 sha-32ced0be3cd271c20561cdf3b0d3ead70d50bdd3,sha256:3c9e7a0e74bf3251ba58573c88d42a011a1777b37ce02585eeedd7af6f5c0f62,application/vnd.oci.image.index.v1+json,linux/amd64 linux/arm64 unknown/unknown unknown/unknown,sha256:b9dc2f2055ac84b0b08736d375f928885e195462bc0d5976cf8fca2650c81d9d,2026-02-04T12:46:53Z,2026-02-04T12:46:55Z,2026-08-17T18:40:31,,,,,,,,,
docker.io/keboola/mcp-server,keboola-mcp-server,outside period (not read),canary-orion-07b9c0469b2a0a98172fad342c5d706e511a83ae sha-07b9c0469b2a0a98172fad342c5d706e511a83ae,sha256:df4577af25250077300eb892ad1a2697aec69944a3c85578ce79874f2021f027,application/vnd.oci.image.index.v1+json,linux/amd64 linux/arm64 unknown/unknown unknown/unknown,sha256:937893f146244e66ccd06d5f571a5b4f3d40ca1aa573d05093aeea0b66f01cd7,2026-02-04T14:59:47Z,2026-02-04T14:59:49Z,2026-08-30T12:56:11,,,,,,,,,
docker.io/keboola/mcp-server,keboola-mcp-server,outside period (not read),canary-orion-cff8d53b765f2677614976ddbc9ae6ad6fcd1d84 sha-cff8d53b765f2677614976ddbc9ae6ad6fcd1d84,sha256:a775becf1cfaf644d035e60e16c42c0ceb33b3677eb2404a96686fc27438952b,application/vnd.oci.image.index.v1+json,linux/amd64 linux/arm64 unknown/unknown unknown/unknown,sha256:49c92626b43a9540ae94bebb0768260ed92286cd5ae85f51190945395b6a225d,2026-02-10T22:21:12Z,2026-02-10T22:21:14Z,2026-08-17T18:40:39,,,,,,,,,
docker.io/keboola/mcp-server,keboola-mcp-server,outside period (not read),canary-orion-2c92c0df0f54cfab14db0c93f421571d2a9bed8c,sha256:9ceab30fe56f448944e4c7f047391896bfd03cd4b841f7d90e7129ea82a7e508,application/vnd.oci.image.index.v1+json,linux/amd64 linux/arm64 unknown/unknown unknown/unknown,sha256:7e1975eaf81822ac694a18a311a13c9cac2e561f9f828c4fc7f51e5a375352dd,2026-02-11T13:13:17Z,2026-02-11T13:13:17Z,2026-08-17T18:40:31,,,,,,,,,
docker.io/keboola/mcp-server,keboola-mcp-server,outside period (not read),production-2c92c0df0f54cfab14db0c93f421571d2a9bed8c sha-2c92c0df0f54cfab14db0c93f421571d2a9bed8c,sha256:028ab83d01ccb9eb5158218e47132a6aff21e50d083184077af78f036262e758,application/vnd.oci.image.index.v1+json,linux/amd64 linux/arm64 unknown/unknown unknown/unknown,sha256:76d534b26a681ba3caed452204eade0ce1f1d5141711962048e95656929660e7,2026-02-11T15:40:01Z,2026-02-11T15:40:03Z,2026-08-17T18:40:45,,,,,,,,,
docker.io/keboola/mcp-server,keboola-mcp-server,outside period (not read),canary-orion-565d4fd7f069ce5120c1afaee9e58517d3958c8d sha-565d4fd7f069ce5120c1afaee9e58517d3958c8d,sha256:a338bee85fb4c8bd21d453599fcf63c5aa07578567524a47653af5628f30f6ad,application/vnd.oci.image.index.v1+json,linux/amd64 linux/arm64 unknown/unknown unknown/unknown,sha256:c176a6a607851ac148c76514ced119ee15b9285799e517dc2cc86d29257fe126,2026-02-12T08:39:07Z,2026-02-12T08:39:09Z,2026-08-17T18:40:33,,,,,,,,,
docker.io/keboola/mcp-server,keboola-mcp-server,outside period (not read),canary-orion-c50e5faca821bc0f1a4575a5ec77947fc1f11370 sha-c50e5faca821bc0f1a4575a5ec77947fc1f11370,sha256:794626e1f6cdf98b8800a69116c005ea9b239e2c32753c05ccc2cc64c848d706,application/vnd.oci.image.index.v1+json,linux/amd64 linux/arm64 unknown/unknown unknown/unknown,sha256:b0d2aea892ce6042958eb219a456b970ae18f4a2ced682a986a9c0cf6418e145,2026-02-12T16:38:35Z,2026-02-12T16:38:37Z,2026-08-17T18:40:38,,,,,,,,,
docker.io/keboola/mcp-server,keboola-mcp-server,outside period (not read),canary-orion-6a6397906c7e071e1357355764ded6a359dc7d49 sha-6a6397906c7e071e1357355764ded6a359dc7d49,sha256:d4932bccf0d068d5bd30e07219693ae14fdd0414ab23a6155ca12ac27d27a5f5,application/vnd.oci.image.index.v1+json,linux/amd64 linux/arm64 unknown/unknown unknown/unknown,sha256:d48463426825db30b0b3a487dbc0d0f3a26cd86ee2421f595f80ff7997688dba,2026-02-17T11:52:46Z,2026-02-17T11:52:48Z,2026-08-17T18:40:34,,,,,,,,,
docker.io/keboola/mcp-server,keboola-mcp-server,outside period (not read),canary-orion-b56e07e2f374778f379d1ef259a1a1db28171e60,sha256:a8473cda86d3fb836bbc9d7104fe86697d397627109d0dcd42284daee63f4b2d,application/vnd.oci.image.index.v1+json,linux/amd64 linux/arm64 unknown/unknown unknown/unknown,sha256:0d8778fc1bc77ecdb84097e6ba07d2ff13f1ddda0dcdec7edaa70787d9db8811,2026-02-19T11:59:40Z,2026-02-19T11:59:40Z,2026-08-17T18:40:38,,,,,,,,,
docker.io/keboola/mcp-server,keboola-mcp-server,outside period (not read),production-b56e07e2f374778f379d1ef259a1a1db28171e60 sha-b56e07e2f374778f379d1ef259a1a1db28171e60,sha256:a8a2aa5d589aa58954c0ce6839411e5959d2ee5ab3b5f2cb6b3d66b57ca1db6a,application/vnd.oci.image.index.v1+json,linux/amd64 linux/arm64 unknown/unknown unknown/unknown,sha256:feb7c353729bbcbb18f35c6c334e8c5071d7d2189a144de83a3348a9db123274,2026-02-20T09:43:15Z,2026-02-20T09:43:18Z,2026-08-17T18:40:48,,,,,,,,,
docker.io/keboola/mcp-server,keboola-mcp-server,outside period (not read),canary-orion-cdc4db90b534743547e7ac49d4ee1db9d3b5ac85 sha-cdc4db90b534743547e7ac49d4ee1db9d3b5ac85,sha256:f7c2706ececb6aae7ef38159e4973a71bd9942b6d54c4148fb9f06c6c97241be,application/vnd.oci.image.index.v1+json,linux/amd64 linux/arm64 unknown/unknown unknown/unknown,sha256:818a780bc7e0a57fbf42a4e7bb3d5c15259d6e5a728424011bb00ddf38f3a661,2026-02-23T11:42:13Z,2026-02-23T11:42:16Z,2026-08-17T18:40:39,,,,,,,,,
docker.io/keboola/mcp-server,keboola-mcp-server,outside period (not read),canary-orion-7863567768ac6b86278065dfa879943c6ceb4eb4,sha256:5a0b68dd08af49d7efc6db11617661f3202df5f58a367014cda43c457929f18c,application/vnd.oci.image.index.v1+json,linux/amd64 linux/arm64 unknown/unknown unknown/unknown,sha256:4981f8d717afb8991885f6aac2e801249059da5617c1c539f30f8ff192261024,2026-02-27T13:16:26Z,2026-02-27T13:16:26Z,2026-08-17T18:40:35,,,,,,,,,
docker.io/keboola/mcp-server,keboola-mcp-server,outside period (not read),production-7863567768ac6b86278065dfa879943c6ceb4eb4 sha-7863567768ac6b86278065dfa879943c6ceb4eb4,sha256:89dcdb7782f2f7c3e91bd382be5c06e17819c8fce77e82e99565a3a00ba0b694,application/vnd.oci.image.index.v1+json,linux/amd64 linux/arm64 unknown/unknown unknown/unknown,sha256:ef8cd2aaa16ddf5296af4f83eac5db163957c8c4472528be2f627a546a228d22,2026-03-03T15:03:29Z,2026-03-03T15:03:31Z,2026-08-17T18:40:46,,,,,,,,,
docker.io/keboola/mcp-server,keboola-mcp-server,outside period (not read),canary-orion-33648555011aa109c187dc66f77b670196dc3619,sha256:44351bff8bf7cd8fa76e6bf2cbadc74b0463d5da69237ead5cdcb42fd8cad8e9,application/vnd.oci.image.index.v1+json,linux/amd64 linux/arm64 unknown/unknown unknown/unknown,sha256:87d8109fa206f6b223319cc91aaf2220b8095a1de83e98e7c379ad29420561e9,2026-03-06T08:39:07Z,2026-03-06T08:39:07Z,2026-08-17T18:40:31,,,,,,,,,
docker.io/keboola/mcp-server,keboola-mcp-server,outside period (not read),production-33648555011aa109c187dc66f77b670196dc3619 sha-33648555011aa109c187dc66f77b670196dc3619,sha256:7daac29fabcf1dd3ad584ae1054f4d4465665a18836a4d5ddbdfec5a04be9ee6,application/vnd.oci.image.index.v1+json,linux/amd64 linux/arm64 unknown/unknown unknown/unknown,sha256:1f4dde797f7f10058943498e0a701746da44cbe10a16981c7a9021d4ce8d392a,2026-03-06T10:21:52Z,2026-03-06T10:21:55Z,2026-08-17T18:40:45,,,,,,,,,
docker.io/keboola/mcp-server,keboola-mcp-server,outside period (not read),canary-orion-16389bdd4d81d0c839cd72bde8907de1bd297761 sha-16389bdd4d81d0c839cd72bde8907de1bd297761,sha256:f2b21da6cc32e9c0e49bb23608f778bd58ba3de836fd6761c5368771fc9530d2,application/vnd.oci.image.index.v1+json,linux/amd64 linux/arm64 unknown/unknown unknown/unknown,sha256:d464f140282e84b2c9a4b02287a93a16c6eceabe2a400a5848e69e5632ed0491,2026-03-11T11:40:31Z,2026-03-11T11:40:33Z,2026-08-17T18:40:30,,,,,,,,,
docker.io/keboola/mcp-server,keboola-mcp-server,outside period (not read),canary-orion-c57499c10f7b8ad921964f7a705c91244a6db49e sha-c57499c10f7b8ad921964f7a705c91244a6db49e,sha256:233dfb5cf377ab9daad3f7109dad2581a329ef0b1417609f5b5e5be08e0b9a22,application/vnd.oci.image.index.v1+json,linux/amd64 linux/arm64 unknown/unknown unknown/unknown,sha256:0cd2429922b0ad9de4540c6632d9040788eadad16b701aa72c257bd0c4888bfc,2026-03-11T14:24:49Z,2026-03-11T14:24:51Z,2026-08-17T18:40:38,,,,,,,,,
docker.io/keboola/mcp-server,keboola-mcp-server,outside period (not read),canary-orion-0f42cdd09ec3df49c9d52479fbf95ebc4b42eb39 sha-0f42cdd09ec3df49c9d52479fbf95ebc4b42eb39,sha256:353a87b11f1ecb7415d2a9d48abda0203f8ee22a931cb92ccfacd98015d5a9a7,application/vnd.oci.image.index.v1+json,linux/amd64 linux/arm64 unknown/unknown unknown/unknown,sha256:3021abc0c9214b9a278160a57494f5afdc1d185d0b0d75ddaf01f40e9ba5f325,2026-03-12T15:08:21Z,2026-03-12T15:08:24Z,2026-08-17T18:40:30,,,,,,,,,
docker.io/keboola/mcp-server,keboola-mcp-server,outside period (not read),canary-orion-aad49ecedf3f03b71b93f56ed14f9c272b121bbe,sha256:9dc1964f57cffb009de6663b564a1d693feed4568edddc1185055572625a6b4d,application/vnd.oci.image.index.v1+json,linux/amd64 linux/arm64 unknown/unknown unknown/unknown,sha256:1f7b17243c38be7998fe411df37898df52bfca9bd313cf95dbc8e7ff41176cc0,2026-03-13T13:25:01Z,2026-03-13T13:25:01Z,2026-08-17T18:40:37,,,,,,,,,
docker.io/keboola/mcp-server,keboola-mcp-server,outside period (not read),production-aad49ecedf3f03b71b93f56ed14f9c272b121bbe sha-aad49ecedf3f03b71b93f56ed14f9c272b121bbe,sha256:31fbc95fa7eb21cad02f906bcb139f4c5ad70e32bd3126b7b658f6a4d03fc6ea,application/vnd.oci.image.index.v1+json,linux/amd64 linux/arm64 unknown/unknown unknown/unknown,sha256:566ed439d4a18223bec60bc92c61cd39d4b9c63243d03075a0f64a191163404c,2026-03-16T13:29:14Z,2026-03-16T13:29:16Z,2026-08-17T18:40:47,,,,,,,,,
docker.io/keboola/mcp-server,keboola-mcp-server,outside period (not read),canary-orion-61faa8bf0d3389a82a362f6840b103bd8a304329,sha256:0a02977b7d092a15a8ec2c099f6c29509a6b684b7e19720acd4aea59e2ddac4f,application/vnd.oci.image.index.v1+json,linux/amd64 linux/arm64 unknown/unknown unknown/unknown,sha256:8ba616a015f19c4e8acc33f4058ba0ac29f02e42f8c164de2ff9387d75891d3c,2026-03-20T11:28:51Z,2026-03-20T11:28:51Z,2026-08-17T18:40:34,,,,,,,,,
docker.io/keboola/mcp-server,keboola-mcp-server,outside period (not read),production-61faa8bf0d3389a82a362f6840b103bd8a304329 sha-61faa8bf0d3389a82a362f6840b103bd8a304329,sha256:fab1facf45b6aa22c0882182ca743230bdc7ed14aa820b924eeb356c10b33b6c,application/vnd.oci.image.index.v1+json,linux/amd64 linux/arm64 unknown/unknown unknown/unknown,sha256:1d12314d3416e6d5b6a32e4059282e5114ec545d445bf2d8c28dd933cb2b2b00,2026-03-20T13:13:12Z,2026-03-20T13:13:14Z,2026-08-17T18:40:46,,,,,,,,,
docker.io/keboola/mcp-server,keboola-mcp-server,outside period (not read),canary-orion-858a8231ea656feb4d8b83c1aee4af02b719bff1 sha-858a8231ea656feb4d8b83c1aee4af02b719bff1,sha256:26a4337a5f8ef9cbd4b88ec9baf24342019cd6a52addd4d6d920896f916d6afa,application/vnd.oci.image.index.v1+json,linux/amd64 linux/arm64 unknown/unknown unknown/unknown,sha256:a6ff74a956ec260e9eee312f32a99acae6e06b887f7e85e300c1cc6d7efb7f53,2026-03-24T09:58:20Z,2026-03-24T09:58:22Z,2026-08-17T18:40:35,,,,,,,,,
docker.io/keboola/mcp-server,keboola-mcp-server,outside period (not read),canary-orion-cb9e6b492fa5a83d03b9339461ca10113f1ccd46 sha-cb9e6b492fa5a83d03b9339461ca10113f1ccd46,sha256:7e48ab87ce3e74f272880ecbbf4d27880e7dae27489fac5a45cca904e37d9327,application/vnd.oci.image.index.v1+json,linux/amd64 linux/arm64 unknown/unknown unknown/unknown,sha256:fa488b8b64bf7332dd6349a388088c2ffbf4a755b09591b3a5102b4fd2c239c9,2026-03-25T07:19:21Z,2026-03-25T07:19:23Z,2026-08-17T18:40:39,,,,,,,,,
docker.io/keboola/mcp-server,keboola-mcp-server,nearest before period,canary-orion-f9293dda144db5e12b33e0de0d13762e4178a596 sha-f9293dda144db5e12b33e0de0d13762e4178a596,sha256:6f9a6ed09cf2715195f34c5b9c8ac093f816963504969174bc91a15d2c377318,application/vnd.oci.image.index.v1+json,linux/amd64 linux/arm64 unknown/unknown unknown/unknown,sha256:1cb499c29b10428a8757d9ffdc290dc30b9cb33c3b9341015c2b485a0a8a8198,2026-03-25T07:39:53Z,2026-03-25T07:39:55Z,2026-08-17T18:40:41,,,,,,,,,
docker.io/keboola/mcp-server,keboola-mcp-server,in window,production-6aa7aa98476d57f3df74f1293f82bd6b8e8a7b3e sha-6aa7aa98476d57f3df74f1293f82bd6b8e8a7b3e,sha256:b31fc1778bfaa387c8093e5a3756cc0acd4a9e0b6a6df1b9123eb705cde65bf1,application/vnd.oci.image.index.v1+json,linux/amd64 linux/arm64 unknown/unknown unknown/unknown,sha256:5cbedbca5e9ee356a473b1211bcc44760f98f5a2f73e501a9627a00c2c58c953,2026-03-31T07:47:06Z,2026-03-31T07:47:08Z,2026-08-17T18:40:46,,,,,,,,,
docker.io/keboola/mcp-server,keboola-mcp-server,in window,canary-orion-83b16a3786710eaf3f510f74ae45e7fccb2f6eb9 sha-83b16a3786710eaf3f510f74ae45e7fccb2f6eb9,sha256:5002ec81c73bf8035c895f7df2115ca98831d63d0932fef9efac023803c6d822,application/vnd.oci.image.index.v1+json,linux/amd64 linux/arm64 unknown/unknown unknown/unknown,sha256:3368d9da030a8a5f3cfd19311c2d19de369aad03c4390a0f960c023d6edfdc6a,2026-04-02T13:54:11Z,2026-04-02T13:54:12Z,2026-08-17T18:40:35,,,,,,,,,
docker.io/keboola/mcp-server,keboola-mcp-server,in window,canary-orion-389d57dc205308c0183dcc4b2ad836e6b4dcb110 sha-389d57dc205308c0183dcc4b2ad836e6b4dcb110,sha256:aa67a7a6c9a6183e08ec82b510bc6251819e50db9743ee68065a00523fc7e059,application/vnd.oci.image.index.v1+json,linux/amd64 linux/arm64 unknown/unknown unknown/unknown,sha256:31f9c0bbafd071b3f220e6af07dad21ac3eff67982b63a8046f86f1243bf8bef,2026-04-10T13:17:20Z,2026-04-10T13:17:22Z,2026-08-17T18:40:32,,,,,,,,,
docker.io/keboola/mcp-server,keboola-mcp-server,in window,canary-orion-e24e4d193c23df0800a522323e35d74e93a13590 sha-e24e4d193c23df0800a522323e35d74e93a13590,sha256:b8ba2e43d183e93f6fc1509e8df53947767e0b73619d878e45b3f6560d27a658,application/vnd.oci.image.index.v1+json,linux/amd64 linux/arm64 unknown/unknown unknown/unknown,sha256:96d50c80c32126a4929f067ee99ff1117ff0c01129723adfb46045ef5818037d,2026-04-14T04:13:14Z,2026-04-14T04:13:16Z,2026-08-17T18:40:40,,,,,,,,,
docker.io/keboola/mcp-server,keboola-mcp-server,in window,canary-orion-396ee488dcfc92f53e40c13e39e796c458f9714a sha-396ee488dcfc92f53e40c13e39e796c458f9714a,sha256:293c569b719290331549f34916401d274dcc6f557a6e0d8e811e395b6a57c2e0,application/vnd.oci.image.index.v1+json,linux/amd64 linux/arm64 unknown/unknown unknown/unknown,sha256:20510c02b8c7d927353a02a3fff8c816de4be8876a29c763b3bd4cecf0ca020a,2026-04-15T07:57:03Z,2026-04-15T07:57:05Z,2026-08-17T18:40:32,,,,,,,,,
docker.io/keboola/mcp-server,keboola-mcp-server,in window,canary-orion-01971a25af8fbfa7b1c1ae6c5fccbced5035eb03 sha-01971a25af8fbfa7b1c1ae6c5fccbced5035eb03,sha256:5545384eeeebbbbb7215067affb7db945835fa7ce4417a9bbcf1baff234f0546,application/vnd.oci.image.index.v1+json,linux/amd64 linux/arm64 unknown/unknown unknown/unknown,sha256:54fe5b82766711609c0ea233009e1f8d59b0acb6575a033d8012cd528ce50238,2026-04-15T11:17:38Z,2026-04-15T11:17:40Z,2026-08-30T12:56:05,,,,,,,,,
docker.io/keboola/mcp-server,keboola-mcp-server,in window,canary-orion-74dfd3305996a804c4a45ff07812540b2cb242d0 sha-74dfd3305996a804c4a45ff07812540b2cb242d0,sha256:cef7db5a0773ec3bbd75c29a7e9a17234661af19501281c34cf3b446c7f59b46,application/vnd.oci.image.index.v1+json,linux/amd64 linux/arm64 unknown/unknown unknown/unknown,sha256:aaa701f6a983c977947b44d0465e7c6fa7f941b90425310de509e7a44f32b3a0,2026-04-15T11:26:53Z,2026-04-15T11:26:55Z,2026-08-17T18:40:35,,,,,,,,,
docker.io/keboola/mcp-server,keboola-mcp-server,in window,canary-orion-0985ec90a169c6ffbd701515bb2ba6005322bfea sha-0985ec90a169c6ffbd701515bb2ba6005322bfea,sha256:787c5e6a8edf5542fe5e4cd598571988a0e38595cf5404439b2c5ba38bfab100,application/vnd.oci.image.index.v1+json,linux/amd64 linux/arm64 unknown/unknown unknown/unknown,sha256:b3008c40ee4d0b4ad1c25e17c9564224c72687a57191ae5a6607274a5cbab1f1,2026-04-15T13:19:13Z,2026-04-15T13:19:14Z,2026-08-17T18:40:29,,,,,,,,,
docker.io/keboola/mcp-server,keboola-mcp-server,in window,canary-orion-58b5e535356efba6ab266228bdc4b5fdf1f8c7d8 sha-58b5e535356efba6ab266228bdc4b5fdf1f8c7d8,sha256:e259c7ae8eb6813e2cbfe43108a0d5256b3b407fd6a21edaef19a821c805e331,application/vnd.oci.image.index.v1+json,linux/amd64 linux/arm64 unknown/unknown unknown/unknown,sha256:c8aee46b64f2b869167d812dc4641a10e98029b6c3d5c2843f6729986110e76e,2026-04-16T11:54:18Z,2026-04-16T11:54:20Z,2026-08-17T18:40:33,,,,,,,,,
docker.io/keboola/mcp-server,keboola-mcp-server,in window,canary-orion-6a9ddb703ddda50994a6c1d975b5c259e9cfd9d4 sha-6a9ddb703ddda50994a6c1d975b5c259e9cfd9d4,sha256:6a4808441a933625ff7b282ecce47a5c54a9a5f5155cfcdf3105a76a3783108a,application/vnd.oci.image.index.v1+json,linux/amd64 linux/arm64 unknown/unknown unknown/unknown,sha256:859557f67f7e04ec21339f557f883c68c67e3b85ff65814d85df74532aa2a40a,2026-04-17T06:14:06Z,2026-04-17T06:14:08Z,2026-08-17T18:40:34,,,,,,,,,
docker.io/keboola/mcp-server,keboola-mcp-server,in window,canary-orion-956f6866c92530f19171da212c9c02a48f386a4d sha-956f6866c92530f19171da212c9c02a48f386a4d,sha256:10d9fe51a82f800b9c2c194291a2d15522c7997db805c142e07d86a6f917599c,application/vnd.oci.image.index.v1+json,linux/amd64 linux/arm64 unknown/unknown unknown/unknown,sha256:304dda4550b752df309ef34e97ffcbc1236198e428291e7a4e155e9ab63f2ea1,2026-04-17T06:53:39Z,2026-04-17T06:53:41Z,2026-08-17T18:40:36,,,,,,,,,
docker.io/keboola/mcp-server,keboola-mcp-server,in window,production-aca40bb8250dbc70ef30dce49977ad5d1ea65ddb sha-aca40bb8250dbc70ef30dce49977ad5d1ea65ddb,sha256:f2b697c0c2c4c89ee636aa9a7618f5d2f8389c1ade592cec200bb275b08cac53,application/vnd.oci.image.index.v1+json,linux/amd64 linux/arm64 unknown/unknown unknown/unknown,sha256:697d86344d17d49769450dc2b07cbb1bd092b84038fde5ee7d5c3587d788811c,2026-04-17T08:24:04Z,2026-04-17T08:24:06Z,2026-08-17T18:40:47,,,,,,,,,
docker.io/keboola/mcp-server,keboola-mcp-server,in window,production-5305f800e97af42382b9128f263aa9f34692c86e sha-5305f800e97af42382b9128f263aa9f34692c86e,sha256:ca8dbc21614a903aec982e71dd98677ba04e2813b5cbd4893a91f0de5bd56ca4,application/vnd.oci.image.index.v1+json,linux/amd64 linux/arm64 unknown/unknown unknown/unknown,sha256:11b4fd73f9527d396170ed22783cbab2168a3d86b99f537731b84423bceb2449,2026-04-17T09:19:27Z,2026-04-17T09:19:29Z,2026-08-17T18:40:46,,,,,,,,,
docker.io/keboola/mcp-server,keboola-mcp-server,in window,production-db18d616373df21dc422d2d6f6dd4cbf52d2c4a1 sha-db18d616373df21dc422d2d6f6dd4cbf52d2c4a1,sha256:d81bdebeb2699e13ec934bfd09fca37ee9ca645ed91aaa758ffda999bff0804c,application/vnd.oci.image.index.v1+json,linux/amd64 linux/arm64 unknown/unknown unknown/unknown,sha256:f066be6758e60e69ebd5aa1bc7acc3455cf06f6c277850ff8d998866ddc76298,2026-04-17T10:59:11Z,2026-04-17T10:59:15Z,2026-08-17T18:40:48,,,,,,,,,
docker.io/keboola/mcp-server,keboola-mcp-server,in window,canary-orion-cb2df01dc54a45a14dbfe11a166fc444363d08bf,sha256:7d45bd24545924352f3d31ee216c2d21c06afff7e3cb45862da7c9920946b48f,application/vnd.oci.image.index.v1+json,linux/amd64 linux/arm64 unknown/unknown unknown/unknown,sha256:3991e68002bbfa48966cd53155d031fe575e6754cd2027dd6492d9c8a8421e3d,2026-04-17T12:52:29Z,2026-04-17T12:52:29Z,2026-08-17T18:40:38,,,,,,,,,
docker.io/keboola/mcp-server,keboola-mcp-server,in window,production-cb2df01dc54a45a14dbfe11a166fc444363d08bf sha-cb2df01dc54a45a14dbfe11a166fc444363d08bf,sha256:a4b5503823648525a5412bc777781f4fcfe16e75e503cf97a9423aaff8b6416c,application/vnd.oci.image.index.v1+json,linux/amd64 linux/arm64 unknown/unknown unknown/unknown,sha256:88d3b9eaf248c8523896f87b8d37181a4ee56fd4c33be87a94f42ef5eaf48ea0,2026-04-20T05:39:35Z,2026-04-20T05:39:40Z,2026-08-17T18:40:48,,,,,,,,,
docker.io/keboola/mcp-server,keboola-mcp-server,in window,canary-orion-a70eb4513d34c73a8a8b25d12f0a9340a395f073 sha-a70eb4513d34c73a8a8b25d12f0a9340a395f073,sha256:169e99e400787e0567d3bcc574d8e40e1a78ae611f7eaa8fab9f40cd580a9485,application/vnd.oci.image.index.v1+json,linux/amd64 linux/arm64 unknown/unknown unknown/unknown,sha256:225b3a4f80d209f08f7b72b406a60118fa6883d981bfa86fbcafe24fb65352a5,2026-04-20T06:23:15Z,2026-04-20T06:23:18Z,2026-08-17T18:40:37,,,,,,,,,
docker.io/keboola/mcp-server,keboola-mcp-server,in window,production-ee7d0fc1579611ad8bf9b94c1912d9c8536baeb4 sha-ee7d0fc1579611ad8bf9b94c1912d9c8536baeb4,sha256:a829aa60b80d164675ea570987031289822657d47b1e78f248b0007c87bb11c3,application/vnd.oci.image.index.v1+json,linux/amd64 linux/arm64 unknown/unknown unknown/unknown,sha256:cfda880b16b50dd1e3017d181c92c45ec18731c56798a24cdce05180d38b3a0c,2026-04-20T08:30:58Z,2026-04-20T08:31:02Z,2026-08-17T18:40:48,,,,,,,,,
docker.io/keboola/mcp-server,keboola-mcp-server,in window,production-c8d71cce25ed6a35f2b4e17fbf02932a953849c3 sha-c8d71cce25ed6a35f2b4e17fbf02932a953849c3,sha256:10b48047dbc8c232fb5fa3c29a9ed73d85066fb5d8d908e04b56c8603861efe2,application/vnd.oci.image.index.v1+json,linux/amd64 linux/arm64 unknown/unknown unknown/unknown,sha256:6ed449d30737c94427d86449f3d64cdf961bf59aa7ff652e5f97b4270b3a58d9,2026-04-22T05:27:12Z,2026-04-22T05:27:14Z,2026-08-17T18:40:48,,,,,,,,,
docker.io/keboola/mcp-server,keboola-mcp-server,in month after,canary-orion-43ae6b44124a3dc92007cd2bfb2e668ed7111588 sha-43ae6b44124a3dc92007cd2bfb2e668ed7111588,sha256:1398c02e426245f3d51c1c04e1bafbd1b32d1c1e97a2158ff1a2c77753f16caa,application/vnd.oci.image.index.v1+json,linux/amd64 linux/arm64 unknown/unknown unknown/unknown,sha256:ac67c2e0b15d1d953b669b9fba46cb6895ee7d02624476864fa3b870891eb756,2026-04-28T07:08:09Z,2026-04-28T07:08:12Z,2026-08-17T18:40:32,,,,,,,,,
docker.io/keboola/mcp-server,keboola-mcp-server,in month after,canary-orion-9ddc91abbd9c50bacc129e93188adde7cab9f5d1,sha256:00e54ca319fd588a76a4ae847a5f0f6bd65610e4ec2f9d610dc78f474627d5aa,application/vnd.oci.image.index.v1+json,linux/amd64 linux/arm64 unknown/unknown unknown/unknown,sha256:732e5285da5a18ffeb2a92462d978af76013d8418e0a49fa9971e654835ea307,2026-04-29T10:19:19Z,2026-04-29T10:19:19Z,2026-08-17T18:40:37,,,,,,,,,
docker.io/keboola/mcp-server,keboola-mcp-server,in month after,production-9ddc91abbd9c50bacc129e93188adde7cab9f5d1 sha-9ddc91abbd9c50bacc129e93188adde7cab9f5d1,sha256:c91e9b3c820976d4dbd1a982506087dbdbac65eb2fb31e07900195e7cb0f68cd,application/vnd.oci.image.index.v1+json,linux/amd64 linux/arm64 unknown/unknown unknown/unknown,sha256:caf2367005b72712db867f2872c3c6c270256665d6155bb617b215ae63636621,2026-04-29T10:49:35Z,2026-04-29T10:49:38Z,2026-08-17T18:40:47,,,,,,,,,
docker.io/keboola/mcp-server,keboola-mcp-server,in month after,production-5d86f7e60a6f3bbca32b2292da6857db5270c911 sha-5d86f7e60a6f3bbca32b2292da6857db5270c911,sha256:09fd08d2f90ca421fc52d9e2857c1ec86438aa4564fd9a4279fa5b947bdad466,application/vnd.oci.image.index.v1+json,linux/amd64 linux/arm64 unknown/unknown unknown/unknown,sha256:9e081a2edff8a00051b67f55214a992223883d989314d270d604b7be57112594,2026-04-29T11:47:55Z,2026-04-29T11:47:57Z,2026-08-17T18:40:46,,,,,,,,,
docker.io/keboola/mcp-server,keboola-mcp-server,in month after,canary-orion-84a67dbf331804cbc029999c949247a07b3bceed sha-84a67dbf331804cbc029999c949247a07b3bceed,sha256:cc9e86ea2741d1b710dcea6d115be1d65e5c678ef50474f89bd1d62891992f07,application/vnd.oci.image.index.v1+json,linux/amd64 linux/arm64 unknown/unknown unknown/unknown,sha256:3635eb5251f0f5b7f62e893162ed159dd8b8d4215102ab6a8c5197eed3a18370,2026-05-15T10:48:49Z,2026-05-15T10:48:52Z,2026-08-17T18:40:35,,,,,,,,,
docker.io/keboola/mcp-server,keboola-mcp-server,in month after,production-1ced9047ed85297a7b68cd3ebbf61a419fe5b0bb,sha256:accadb9fd69be4091cecff575e891e8e5ca203c956ca88cd3fc628c789731048,application/vnd.oci.image.index.v1+json,linux/amd64 linux/arm64 unknown/unknown unknown/unknown,sha256:24e322e10c6c555b4101581fd300949aefabeaf58e87f4f58612481987dd2f43,2026-05-18T05:46:05Z,2026-05-18T05:46:05Z,2026-08-17T18:40:45,,,,,,,,,
docker.io/keboola/mcp-server,keboola-mcp-server,in month after,sha-1ced9047ed85297a7b68cd3ebbf61a419fe5b0bb,sha256:d04c4c1572514817f6fa440297f817695ae77ef17b3d1c5f8aad6235258e5a19,application/vnd.oci.image.index.v1+json,linux/amd64 linux/arm64 unknown/unknown unknown/unknown,sha256:1a9ffa3e891a4a1590b73f71a9b26188426b2a7da5351c050b6a0014e567d6c2,2026-05-18T05:46:08Z,2026-05-18T05:46:08Z,2026-08-17T18:40:50,,,,,,,,,
docker.io/keboola/mcp-server,keboola-mcp-server,in month after,production-ced0cc6c1ee464f1e9c3157ae212499ac390381b,sha256:979f346a697d23a39f9d5c0b79340c2f24f82dfecc06e698b4f524fe5b27df7d,application/vnd.oci.image.index.v1+json,linux/amd64 linux/arm64 unknown/unknown unknown/unknown,sha256:157bcd31e5f0a2e77b02d0cb5e4f6e79f0c25dcdc192e6ce9684a035cb3938d2,2026-05-19T07:10:55Z,2026-05-19T07:10:55Z,2026-08-17T18:40:48,,,,,,,,,
docker.io/keboola/mcp-server,keboola-mcp-server,in month after,canary-orion-ced0cc6c1ee464f1e9c3157ae212499ac390381b sha-ced0cc6c1ee464f1e9c3157ae212499ac390381b,sha256:57ed4867afdf9a30be1d741fad53915d5d2c97742fec6147eef19f825c9b0909,application/vnd.oci.image.index.v1+json,linux/amd64 linux/arm64 unknown/unknown unknown/unknown,sha256:dd249850564affa7784dc96398495582dee84f1de3ca0ae345b65d9b7fd74da8,2026-05-19T08:19:36Z,2026-05-19T08:19:38Z,2026-08-17T18:40:39,,,,,,,,,
docker.io/keboola/mcp-server,keboola-mcp-server,in month after,canary-orion-0ffcbdeafb8dbc5741190889d82e396daa83ee35 sha-0ffcbdeafb8dbc5741190889d82e396daa83ee35,sha256:93d88bafa5de15a65cd06064e713ce6e172256835754185f822e3124b8a7cfe1,application/vnd.oci.image.index.v1+json,linux/amd64 linux/arm64 unknown/unknown unknown/unknown,sha256:bda51847134b77be6c7644b8f0a633198a07715bf2f45896cc9f60736fc06d26,2026-05-19T11:16:26Z,2026-05-19T11:16:29Z,2026-08-17T18:40:30,,,,,,,,,
docker.io/keboola/mcp-server,keboola-mcp-server,in month after,canary-orion-c6736dd0e0c2bb91055aa540602ba826384608e3 sha-c6736dd0e0c2bb91055aa540602ba826384608e3,sha256:c9f442503972a1a261afe21432e2d8ff0636ecf049ea09535c7d8dc05ac9fdb2,application/vnd.oci.image.index.v1+json,linux/amd64 linux/arm64 unknown/unknown unknown/unknown,sha256:36af64eb94c71d57bb54ab9374c385caa0c993c00caa9b730fe1a6c8813efc26,2026-05-19T12:23:18Z,2026-05-19T12:23:20Z,2026-08-17T18:40:38,,,,,,,,,
docker.io/keboola/mcp-server,keboola-mcp-server,in month after,canary-orion-25d5ab8cd56d4294255e1d406fd1eafcb101fed3 sha-25d5ab8cd56d4294255e1d406fd1eafcb101fed3,sha256:9603771412b264a20c056bb5dc9f3846974933b21c734546f7f472653c41a505,application/vnd.oci.image.index.v1+json,linux/amd64 linux/arm64 unknown/unknown unknown/unknown,sha256:f172e6a9acdfd2e02d49a0bb90bf47f639c1d4e072352eca18725e6096859c48,2026-05-19T13:54:03Z,2026-05-19T13:54:06Z,2026-08-17T18:40:31,,,,,,,,,
docker.io/keboola/mcp-server,keboola-mcp-server,in month after,canary-orion-aafd0e5b5e2309df9d7d1fe00b83e88068c504fb sha-aafd0e5b5e2309df9d7d1fe00b83e88068c504fb,sha256:d954bf6b332b6cc2da7755e531639d7fc854174d6dec2463508ae1827dbaa9d2,application/vnd.oci.image.index.v1+json,linux/amd64 linux/arm64 unknown/unknown unknown/unknown,sha256:283e53f49931e6f1bcbaef5bc8893ea8dcc7667b05ae34c21d6784fc8bf0d8f0,2026-05-20T12:42:29Z,2026-05-20T12:42:32Z,2026-08-17T18:40:37,,,,,,,,,
docker.io/keboola/mcp-server,keboola-mcp-server,in month after,canary-orion-496c21fc6e3abce09c49927ad5a61553417c2968 sha-496c21fc6e3abce09c49927ad5a61553417c2968,sha256:bb854b89f6c18cb70084db1688760cf40396d85fcf6bf85080bc2c2a3c426021,application/vnd.oci.image.index.v1+json,linux/amd64 linux/arm64 unknown/unknown unknown/unknown,sha256:2c506dd87e85a0dfbe85c2ac2ed2d7bd19177c3897776b409196d036a79554cf,2026-05-21T10:05:15Z,2026-05-21T10:05:18Z,2026-08-17T18:40:32,,,,,,,,,
docker.io/keboola/mcp-server,keboola-mcp-server,nearest after period,canary-orion-d39fde04319c051ab8f04a430e503109557369d1 sha-d39fde04319c051ab8f04a430e503109557369d1,sha256:c8e98d97beda489602721135e50fa64877e6da8e13e8073a93499630ef44a9fa,application/vnd.oci.image.index.v1+json,linux/amd64 linux/arm64 unknown/unknown unknown/unknown,sha256:074c31e709bf3be7db3c98b97cd685b38621bce8facd82cfc1d0eecce4a3e181,2026-05-25T13:16:28Z,2026-05-25T13:16:30Z,2026-08-17T18:40:39,,,,,,,,,
docker.io/keboola/mcp-server,keboola-mcp-server,outside period (not read),canary-orion-b6fb3d044a520c1e355d53e408a32b7de7cdae3d sha-b6fb3d044a520c1e355d53e408a32b7de7cdae3d,sha256:a0f08e0639445a5bf24392009e84ff2f9ef9a2a6a640ffaca520f0ef421fea15,application/vnd.oci.image.index.v1+json,linux/amd64 linux/arm64 unknown/unknown unknown/unknown,sha256:1486cce877ab908f193b30e9fbd5463758587fee7a1d4d9a8affa10fd3ffdcc8,2026-05-26T10:08:37Z,2026-05-26T10:08:39Z,2026-08-17T18:40:38,,,,,,,,,
docker.io/keboola/mcp-server,keboola-mcp-server,outside period (not read),canary-orion-54654f94f6f3669613b060aa0cc7e340ce80e02d sha-54654f94f6f3669613b060aa0cc7e340ce80e02d,sha256:b4205b6b4f198d850cc9a5638f00f7e23ef39c9e6b8c6fbf80a477f48efba2d7,application/vnd.oci.image.index.v1+json,linux/amd64 linux/arm64 unknown/unknown unknown/unknown,sha256:19bca51cfb68f071240c607fb1d7cfe479aece18d9b40dd4ba8b794df8899a34,2026-05-26T14:07:59Z,2026-05-26T14:08:01Z,2026-08-17T18:40:33,,,,,,,,,
docker.io/keboola/mcp-server,keboola-mcp-server,outside period (not read),production-6c7eb722976ba71b54484fa5dabbac368cf8c3b1 sha-6c7eb722976ba71b54484fa5dabbac368cf8c3b1,sha256:6f95cfb32277fbb237d653e0870f7dc22e8d0f0e4667634ba73fc36d82d20b38,application/vnd.oci.image.index.v1+json,linux/amd64 linux/arm64 unknown/unknown unknown/unknown,sha256:b6cac3b5c135729b7876991c92a11f390c891f17dc92271895d8715e37d38f82,2026-05-27T07:44:59Z,2026-05-27T07:45:01Z,2026-08-17T18:40:46,,,,,,,,,
docker.io/keboola/mcp-server,keboola-mcp-server,outside period (not read),canary-orion-55d844bd6097ea8a6fcc43aa392a15b79cad10cc sha-55d844bd6097ea8a6fcc43aa392a15b79cad10cc,sha256:3dfd11b0ca3c551ebbb3e87eca08a06a5079a5ebc1ccd252289fe885d064855c,application/vnd.oci.image.index.v1+json,linux/amd64 linux/arm64 unknown/unknown unknown/unknown,sha256:c203761a6d7e6eb659e7ee260aab6b0a89494fd9e54fa813ac91a8bc0f1f3cba,2026-05-27T09:16:49Z,2026-05-27T09:16:51Z,2026-08-17T18:40:33,,,,,,,,,
docker.io/keboola/mcp-server,keboola-mcp-server,outside period (not read),production-5cf0655e8c520bb1b33fd65bfc97488dca279cc6 sha-5cf0655e8c520bb1b33fd65bfc97488dca279cc6,sha256:3fe80177b7805e6fd9684d34fac1d51f495f3338f902244f485babf67af07be3,application/vnd.oci.image.index.v1+json,linux/amd64 linux/arm64 unknown/unknown unknown/unknown,sha256:8610f6b2085c4aed92b37e71c7a90bfe9a96fd31c6386184cb722f7cb25f5712,2026-05-29T07:25:49Z,2026-05-29T07:25:51Z,2026-08-17T18:40:46,,,,,,,,,
docker.io/keboola/mcp-server,keboola-mcp-server,outside period (not read),canary-orion-4a1e837c3631bafaf5337ed9aa850b163dfce9c3 sha-4a1e837c3631bafaf5337ed9aa850b163dfce9c3,sha256:d76229205af75c14df84e64c41279bf0a5d5ff47af6e4340e91992bb86a651a1,application/vnd.oci.image.index.v1+json,linux/amd64 linux/arm64 unknown/unknown unknown/unknown,sha256:f0a260877b6852fffc6c0788959e76ea3df042a9e1b65b04e11fe6f455e3d86a,2026-05-29T15:22:40Z,2026-05-29T15:22:42Z,2026-08-17T18:40:33,,,,,,,,,
docker.io/keboola/mcp-server,keboola-mcp-server,outside period (not read),production-181642622d53c3d99449fc76f3344458db19c48f sha-181642622d53c3d99449fc76f3344458db19c48f,sha256:ba09f2c5b90b6ebc4c534b4237eef0949e3d2d79e0c46cc555933c5b68ad7266,application/vnd.oci.image.index.v1+json,linux/amd64 linux/arm64 unknown/unknown unknown/unknown,sha256:ca49fe872d218ae415a270e31b1d93f34e105030c5ae1722968d12d32c7a2f88,2026-06-01T07:36:44Z,2026-06-01T07:36:50Z,2026-08-17T18:40:45,,,,,,,,,
docker.io/keboola/mcp-server,keboola-mcp-server,outside period (not read),production-0cef1ec8560ed05236926b00e62f9760a8873c18 sha-0cef1ec8560ed05236926b00e62f9760a8873c18,sha256:1ec2f8977ddae893264a9796f42467ee6b4d0265e4fd8fc5f512493d5111e9be,application/vnd.oci.image.index.v1+json,linux/amd64 linux/arm64 unknown/unknown unknown/unknown,sha256:95903520b8f41d3257ab868b895e06bd6f82ad14c6ddd7ae7590d4b16bdec4d1,2026-06-01T10:05:19Z,2026-06-01T10:05:21Z,2026-08-17T18:40:45,,,,,,,,,
docker.io/keboola/mcp-server,keboola-mcp-server,outside period (not read),production-4147e1bb589687cd08e4786d96232fbb47806a92,sha256:1b1d3508b337ef073d9eedc1948f3bd6b4d960280599433c54d18cc26b758e6e,application/vnd.oci.image.index.v1+json,linux/amd64 linux/arm64 unknown/unknown unknown/unknown,sha256:53b3d32dc4c0f1f5df5339c8dbbac503a431d1a6ef43d2d3fcdcc59e0eb0e76f,2026-06-01T11:17:14Z,2026-06-01T11:17:14Z,2026-08-17T18:40:46,,,,,,,,,
docker.io/keboola/mcp-server,keboola-mcp-server,outside period (not read),canary-orion-4147e1bb589687cd08e4786d96232fbb47806a92 sha-4147e1bb589687cd08e4786d96232fbb47806a92,sha256:05ccddc977ee051a65f79c51420ab46262b8d67194a29c0dd94867ef9f38396b,application/vnd.oci.image.index.v1+json,linux/amd64 linux/arm64 unknown/unknown unknown/unknown,sha256:0259a2202695986f3bf98b7f17981248b48cb8e0e29bb3037e7c77ad35cbdf31,2026-06-01T11:45:57Z,2026-06-01T11:46:00Z,2026-08-17T18:40:32,,,,,,,,,
docker.io/keboola/mcp-server,keboola-mcp-server,outside period (not read),production-c54934762778bf94b152f2b020d1d1223b109ea6 sha-c54934762778bf94b152f2b020d1d1223b109ea6,sha256:ed62276811baf13cd0a3d3750af8432446f2b7a3df60da4481a175d66813c8de,application/vnd.oci.image.index.v1+json,linux/amd64 linux/arm64 unknown/unknown unknown/unknown,sha256:f4a1b021ce9c945edf930b0568c7779b8b357b322253d4c984a9c7e3f1e41577,2026-06-04T06:47:46Z,2026-06-04T06:47:52Z,2026-08-17T18:40:48,,,,,,,,,
docker.io/keboola/mcp-server,keboola-mcp-server,outside period (not read),canary-orion-618745141ef981ccc3c0274c95ded39a0cc59bd9 sha-618745141ef981ccc3c0274c95ded39a0cc59bd9,sha256:cec831525e708304e6629a3808b482f0c2da7106f169acbbedb0fa08dcf598bc,application/vnd.oci.image.index.v1+json,linux/amd64 linux/arm64 unknown/unknown unknown/unknown,sha256:75cb3d4dee1864db710d5b146ae67b46136b617d3474cf2635bf360ab7cf1538,2026-06-09T05:55:13Z,2026-06-09T05:55:16Z,2026-08-17T18:40:34,,,,,,,,,
docker.io/keboola/mcp-server,keboola-mcp-server,outside period (not read),canary-orion-38d588a442fc7d284736e34bf89606bc1de54236 sha-38d588a442fc7d284736e34bf89606bc1de54236,sha256:d380fd22e3df3e869783459053af02879b1aa712500f1076d8df996d9c4ec5e2,application/vnd.oci.image.index.v1+json,linux/amd64 linux/arm64 unknown/unknown unknown/unknown,sha256:06f1e4f455b26bb1afccd5574a750b3590b62b6b9365d8d1c54d139b682e1a05,2026-06-10T11:01:17Z,2026-06-10T11:01:28Z,2026-08-17T18:40:32,,,,,,,,,
docker.io/keboola/mcp-server,keboola-mcp-server,outside period (not read),canary-orion-0649f341658fa8600d1c1c015dca766d4ac9e00a sha-0649f341658fa8600d1c1c015dca766d4ac9e00a,sha256:6ba1fc365f7fac4b2e34fd4c5812d78ce01a54d15f7cc25b2a36d4a05d37cbc5,application/vnd.oci.image.index.v1+json,linux/amd64 linux/arm64 unknown/unknown unknown/unknown,sha256:f77efb9eeda2cfbb136e631435a02b8171c4b8b13b6ef8e25fcb5c2fe9e39902,2026-06-11T10:23:03Z,2026-06-11T10:23:06Z,2026-08-30T12:56:08,,,,,,,,,
docker.io/keboola/mcp-server,keboola-mcp-server,outside period (not read),production-78643feda49e9b69ee6018f3673314bfca01b576 sha-78643feda49e9b69ee6018f3673314bfca01b576,sha256:a42ed2e5f22941654f46f378c1e47b1b543619897bfbfcaa97a451c6e0d968a6,application/vnd.oci.image.index.v1+json,linux/amd64 linux/arm64 unknown/unknown unknown/unknown,sha256:800a9abb853026da27adf617b30aaff51b2ac412a7156d1fa9da671b6383c167,2026-06-15T06:07:51Z,2026-06-15T06:07:56Z,2026-09-01T18:53:24,,,,,,,,,
docker.io/keboola/mcp-server,keboola-mcp-server,outside period (not read),canary-orion-38b2d9eb4fb45a2e50041f8057b35cbee2632514 sha-38b2d9eb4fb45a2e50041f8057b35cbee2632514,sha256:9cf8637fae78a529966bd25a3935191693483ea0a8ff8e95f2a68afb812e5911,application/vnd.oci.image.index.v1+json,linux/amd64 linux/arm64 unknown/unknown unknown/unknown,sha256:b8257a5f76607c0ad8baad1ad0cfa36b8dcce097b5d55b398b9fb33e34f03b25,2026-06-16T06:49:48Z,2026-06-16T06:49:50Z,2026-08-17T18:40:32,,,,,,,,,
docker.io/keboola/mcp-server,keboola-mcp-server,outside period (not read),dev-51bcb795184b1f8476ee13be91f3b40dd230c243 sha-51bcb795184b1f8476ee13be91f3b40dd230c243,sha256:a90b331d99fd9260cfc9c460ee8d1e022b256e096fc94a9402202dd69c447695,application/vnd.oci.image.index.v1+json,linux/amd64 linux/arm64 unknown/unknown unknown/unknown,sha256:b39273353e3c7cea5472b705e54208f57ca69c1174306049740f91d9d02acc2c,2026-06-16T09:18:11Z,2026-06-16T09:18:14Z,2026-08-17T18:40:42,,,,,,,,,
docker.io/keboola/mcp-server,keboola-mcp-server,outside period (not read),production-41f628125b87d4802432ef59cbdcbce6c03ed105 sha-41f628125b87d4802432ef59cbdcbce6c03ed105,sha256:af2dbca7219f749fbb443a4dff0abab890f17d3c7609c829268075fb0fd70613,application/vnd.oci.image.index.v1+json,linux/amd64 linux/arm64 unknown/unknown unknown/unknown,sha256:7d3118b0f39bc0734b739a4bba553cfc9ad881bb3de8e9196fc102c8a095a642,2026-06-23T04:52:25Z,2026-06-23T04:52:27Z,2026-08-17T18:40:46,,,,,,,,,
docker.io/keboola/mcp-server,keboola-mcp-server,outside period (not read),production-92fcccfb828b50d82e5b0a6dccd51c5fdeb7b469,sha256:0a56d434f77e12f0f844ab7d6a22226a017bb58a6f3c0027f97a546e95aa95b4,application/vnd.oci.image.index.v1+json,linux/amd64 linux/arm64 unknown/unknown unknown/unknown,sha256:394f22b1b4159d9ad70af6e1c8c93664b137e8c90662d94c670f1a0976d11708,2026-06-24T09:28:08Z,2026-06-24T09:28:08Z,2026-08-17T18:40:47,,,,,,,,,
docker.io/keboola/mcp-server,keboola-mcp-server,outside period (not read),sha-92fcccfb828b50d82e5b0a6dccd51c5fdeb7b469,sha256:b74078c217ab5399abce419fe55e55642e4693657ffe76293c06c50cf9906f32,application/vnd.oci.image.index.v1+json,linux/amd64 linux/arm64 unknown/unknown unknown/unknown,sha256:980d74d07115cc8daf7d1f474c1827aff8e39deedd830ad7179fb3f16be45480,2026-06-24T09:28:11Z,2026-06-24T09:28:11Z,2026-08-17T18:40:53,,,,,,,,,
docker.io/keboola/mcp-server,keboola-mcp-server,outside period (not read),dev-86b9e7bfe64efc5f49bf97eed5d84077f3ce33b1 sha-86b9e7bfe64efc5f49bf97eed5d84077f3ce33b1,sha256:1ddaea89ed819646a5e45c48efcee5d47b37adc602703fd9df811628b05a6a36,application/vnd.oci.image.index.v1+json,linux/amd64 linux/arm64 unknown/unknown unknown/unknown,sha256:97458ce5abf70f7ca2dac8f0a4c044038b7e14dd9421a9a05bbcac698654808d,2026-06-25T11:43:23Z,2026-06-25T11:43:26Z,2026-08-17T18:40:43,,,,,,,,,
docker.io/keboola/mcp-server,keboola-mcp-server,outside period (not read),dev-cf58fd34da6aacd487190f0f79f6362fb776b7ab sha-cf58fd34da6aacd487190f0f79f6362fb776b7ab,sha256:d5188d9fc9818c2457a994352e3829180b9a36f092e3a12a59ffc18e9dfecf32,application/vnd.oci.image.index.v1+json,linux/amd64 linux/arm64 unknown/unknown unknown/unknown,sha256:6aefc0445e68b4be12f94d13b449bf80d5786522d176cfc1a2784a2f44f6f706,2026-06-25T12:19:14Z,2026-06-25T12:19:17Z,2026-08-17T18:40:44,,,,,,,,,
docker.io/keboola/mcp-server,keboola-mcp-server,outside period (not read),production-270829986072dbfd4511c598bb3e4f78b952caf0 sha-270829986072dbfd4511c598bb3e4f78b952caf0,sha256:53b8dec8e8a2be37038633548f83494a328b28752313db46fa2f425fb806dc32,application/vnd.oci.image.index.v1+json,linux/amd64 linux/arm64 unknown/unknown unknown/unknown,sha256:ab9bd989a0e85181d56908e3b1a99f7de5d08a03acc6bcb2d52f756681bbfaa8,2026-07-02T13:35:55Z,2026-07-02T13:36:00Z,2026-08-25T11:00:28,,,,,,,,,
docker.io/keboola/mcp-server,keboola-mcp-server,outside period (not read),canary-orion-4a62b8f9270d84851ffe5a9897278f21784b9dc0 sha-4a62b8f9270d84851ffe5a9897278f21784b9dc0,sha256:2572a94a8bd4e455ee5c42cc5aa4b7630814a79be36066e5f577447bcfa0b380,application/vnd.oci.image.index.v1+json,linux/amd64 linux/arm64 unknown/unknown unknown/unknown,sha256:c295f40716810456a814a112459ba8255bc7ae19f39569a9409bc755136fdea2,2026-07-13T12:38:07Z,2026-07-13T12:38:09Z,2026-08-17T18:40:33,,,,,,,,,
docker.io/keboola/mcp-server,keboola-mcp-server,outside period (not read),production-b89b3e56df3a77cf509609a2548bf8abfe414279 sha-b89b3e56df3a77cf509609a2548bf8abfe414279,sha256:076c3e454d8f453688cad30da369698be93d65ed22c4d8636b3716475863c393,application/vnd.oci.image.index.v1+json,linux/amd64 linux/arm64 unknown/unknown unknown/unknown,sha256:730226bdeecd6786dde209e663ff0562201040d606b0f474ed7d8daccbdc9ef3,2026-07-15T04:38:29Z,2026-07-15T04:38:33Z,2026-08-17T18:40:48,,,,,,,,,
docker.io/keboola/mcp-server,keboola-mcp-server,outside period (not read),canary-orion-cb9cf24230f9099a71b4b9017df9531815209987 sha-cb9cf24230f9099a71b4b9017df9531815209987,sha256:286017dd6b88ae1d844007efc14f3be6f79a822b2ad9178e78678f629f44a956,application/vnd.oci.image.index.v1+json,linux/amd64 linux/arm64 unknown/unknown unknown/unknown,sha256:0e061bbb132e72add9aca6731434baac51f0cc22f117e90e23b393d01e8e476b,2026-07-21T16:38:55Z,2026-07-21T16:38:57Z,2026-08-21T13:14:16,,,,,,,,,
docker.io/keboola/mcp-server,keboola-mcp-server,outside period (not read),canary-orion-fda1d234990a95b3a438ebdc7cb8c54f10b4c713 sha-fda1d234990a95b3a438ebdc7cb8c54f10b4c713,sha256:4df941e548551b8f874ba59b1fe2c92255e3c3cb3a6be4bc06391b72f541f58b,application/vnd.oci.image.index.v1+json,linux/amd64 linux/arm64 unknown/unknown unknown/unknown,sha256:ab1dab965cc9a4f2bc983adf0879b2e82b19a089dfc19a55012a2dd017ff0042,2026-07-22T14:22:18Z,2026-07-22T14:22:19Z,2026-09-09T10:10:57,,,,,,,,,
docker.io/keboola/mcp-server,keboola-mcp-server,outside period (not read),dev-248cf09e0955e6a7307f3e40d46c1709a20e98b1 sha-248cf09e0955e6a7307f3e40d46c1709a20e98b1,sha256:1a35612fd8c81f7e78f2ad5af3bea8c3fffd8cf81169b41d93b683f4276cecf3,application/vnd.oci.image.index.v1+json,linux/amd64 linux/arm64 unknown/unknown unknown/unknown,sha256:db5cc77c7639e137605f229215da4795285afea2c21db2ba3784a75478e036cb,2026-07-23T11:41:46Z,2026-07-23T11:41:48Z,2026-08-30T12:40:51,,,,,,,,,
docker.io/keboola/mcp-server,keboola-mcp-server,outside period (not read),dev-b6036bd3d4912950730d8a9412edb93b6b8385cb sha-b6036bd3d4912950730d8a9412edb93b6b8385cb,sha256:4639edcaff552dec9fd6c7dab5cdb81afb3dd3a8b6eb0909bd457cca3e8b154e,application/vnd.oci.image.index.v1+json,linux/amd64 linux/arm64 unknown/unknown unknown/unknown,sha256:8a95348dbfec7681128ff8961380b656c99695a323336fc4d94cd3466fce0c9b,2026-07-23T13:22:33Z,2026-07-23T13:22:35Z,2026-08-17T18:40:43,,,,,,,,,
docker.io/keboola/mcp-server,keboola-mcp-server,outside period (not read),dev-1975108f1d43f76faab169985b95e4d4ca9b206b sha-1975108f1d43f76faab169985b95e4d4ca9b206b,sha256:8f2c402a4b3b0c83f79ffface2d75f4c66dfdc78a88223885f8fbaf4a9a5c1a4,application/vnd.oci.image.index.v1+json,linux/amd64 linux/arm64 unknown/unknown unknown/unknown,sha256:e192f13b2dd78769cb74fc6adb02cb8f0388e1d788e3797d5009c5ea36031e1f,2026-07-23T13:37:39Z,2026-07-23T13:37:41Z,2026-08-17T18:40:41,,,,,,,,,
docker.io/keboola/mcp-server,keboola-mcp-server,outside period (not read),dev-17d2a9e56422f75617278400bc26e89cb266c35e sha-17d2a9e56422f75617278400bc26e89cb266c35e,sha256:ff79135c344ee0c47bf2a6f862bac220a1a65964e12da74717e79297f130a861,application/vnd.oci.image.index.v1+json,linux/amd64 linux/arm64 unknown/unknown unknown/unknown,sha256:405eca28c3c5d0177be14ae247b16379de7ec08c928e3c5c894fb372fdaecd88,2026-07-28T06:31:42Z,2026-07-28T06:31:45Z,2026-08-17T18:40:41,,,,,,,,,
docker.io/keboola/mcp-server,keboola-mcp-server,outside period (not read),dev-8e7e6137d45754482feca4dfe74ad8cac8b0f06a sha-8e7e6137d45754482feca4dfe74ad8cac8b0f06a,sha256:b6b225a761bed87a82f4b2aed1a784730839b838474782bd197af81bb86c1161,application/vnd.oci.image.index.v1+json,linux/amd64 linux/arm64 unknown/unknown unknown/unknown,sha256:be083c5c8dda39bdff72ab604320f70108363cf0393419702f83bfa7f9357d17,2026-07-28T06:53:50Z,2026-07-28T06:53:51Z,2026-08-17T18:40:43,,,,,,,,,
docker.io/keboola/mcp-server,keboola-mcp-server,outside period (not read),dev-60c98767f18e06c78e62225f4c3fddb63b23fb8e sha-60c98767f18e06c78e62225f4c3fddb63b23fb8e,sha256:6c1f9c4ca1bdd0c5724ba67376e0dd1d9dc38d1045e04396ec36fc4511e6e3e8,application/vnd.oci.image.index.v1+json,linux/amd64 linux/arm64 unknown/unknown unknown/unknown,sha256:3a6e3a768f2c9ca71c3dcbf33628cbdc321a3c39dd7cc7a99c24940e0b1d5ea3,2026-07-28T07:16:27Z,2026-07-28T07:16:29Z,2026-08-17T18:40:42,,,,,,,,,
docker.io/keboola/mcp-server,keboola-mcp-server,outside period (not read),dev-f432f9866c98fcffc152a88ac4c5002b7683c7d1 sha-f432f9866c98fcffc152a88ac4c5002b7683c7d1,sha256:ca8ef1ff8b6314ca0a22a08a1a68b8a2f5b029409e4dd14529218ab5604d6633,application/vnd.oci.image.index.v1+json,linux/amd64 linux/arm64 unknown/unknown unknown/unknown,sha256:211a3370b2ce4d916b1ee1b5936b0cd1cb0942c5f3faf8682e5ec4349179b778,2026-07-28T08:14:19Z,2026-07-28T08:14:21Z,2026-09-25T11:27:23,,,,,,,,,
docker.io/keboola/mcp-server,keboola-mcp-server,outside period (not read),dev-759f09c951141bf8968240f42b6a98579882f1d4 sha-759f09c951141bf8968240f42b6a98579882f1d4,sha256:fb6c6b5f2bf25fb7dbe19ae64c534869717a836c59129c05e63aca722392d8f0,application/vnd.oci.image.index.v1+json,linux/amd64 linux/arm64 unknown/unknown unknown/unknown,sha256:979a0288b1777671b0affcd4563f5c3f0f434fef35e3350cfcf685a6a8d4f076,2026-07-28T08:36:38Z,2026-07-28T08:36:40Z,2026-08-17T18:40:42,,,,,,,,,
docker.io/keboola/mcp-server,keboola-mcp-server,outside period (not read),dev-6233516be4c0bdf8574f6b9295496a56de462603 sha-6233516be4c0bdf8574f6b9295496a56de462603,sha256:02f58a647fc23c6df1074a42a65edf28c76f93d8295c933e7f31093676ce5cc8,application/vnd.oci.image.index.v1+json,linux/amd64 linux/arm64 unknown/unknown unknown/unknown,sha256:0aae227a1b02de571999e69ec7dd08c66c238fb23986a17624052e311d666f11,2026-07-29T08:19:09Z,2026-07-29T08:19:11Z,2026-08-17T18:40:42,,,,,,,,,
docker.io/keboola/mcp-server,keboola-mcp-server,outside period (not read),production-93b372d4399a73511f2f0942c99780a6dbf25ba5 sha-93b372d4399a73511f2f0942c99780a6dbf25ba5,sha256:6f1888afd66e9564da521b5b08e32cc918194eb2925725b972a5cdb500f2189d,application/vnd.oci.image.index.v1+json,linux/amd64 linux/arm64 unknown/unknown unknown/unknown,sha256:f41f6d9609f45253bf845e96121e7aa88e0c455b861fbaafd386a29cd18feb55,2026-07-30T10:43:54Z,2026-07-30T10:43:59Z,2026-08-17T18:40:47,,,,,,,,,
docker.io/keboola/mcp-server,keboola-mcp-server,outside period (not read),dev-c81024f481157d161ed57aab28937f90d00e6688 sha-c81024f481157d161ed57aab28937f90d00e6688,sha256:7e58d8da2cfed60cf380bb10d75edd2a16d1ce8fb5ab080b8bc29a2f6823f370,application/vnd.oci.image.index.v1+json,linux/amd64 linux/arm64 unknown/unknown unknown/unknown,sha256:e627e95a76fcf73726cea43639f2bee133b862aafa35a30aef63b944a71c9e45,2026-07-30T11:11:45Z,2026-07-30T11:11:47Z,2026-08-17T18:40:44,,,,,,,,,
docker.io/keboola/mcp-server,keboola-mcp-server,outside period (not read),dev-bfa98a3d8f84e5a32cc1655e550f2cad9d12334c sha-bfa98a3d8f84e5a32cc1655e550f2cad9d12334c,sha256:faa975a9abf2cd479ba8c347c91aa23fcbb6e9e8a47cdd3a90642b8dd528d028,application/vnd.oci.image.index.v1+json,linux/amd64 linux/arm64 unknown/unknown unknown/unknown,sha256:ac417d7c481e4c72f32370d0ed40b7f02c034cb3b6371dc0a6c6a03f07fb6958,2026-07-31T06:49:26Z,2026-07-31T06:49:29Z,2026-08-17T18:40:43,,,,,,,,,
docker.io/keboola/mcp-server,keboola-mcp-server,outside period (not read),canary-orion-33a6a3a1b4415a30e3a0c1846c83956246a2834b sha-33a6a3a1b4415a30e3a0c1846c83956246a2834b,sha256:109f37ff057100a1d7895d2fada239a6b503317ec83a2ee3a555ebcd71792504,application/vnd.oci.image.index.v1+json,linux/amd64 linux/arm64 unknown/unknown unknown/unknown,sha256:6663790f3616a354fd4bf68ab9e7b72856dd5917e21cabbd6b69101366ea28bc,2026-07-31T08:40:19Z,2026-07-31T08:40:21Z,2026-08-26T07:57:46,,,,,,,,,
docker.io/keboola/mcp-server,keboola-mcp-server,outside period (not read),dev-6f9a57688703157473a59839bdaa90a2f5b5f211 sha-6f9a57688703157473a59839bdaa90a2f5b5f211,sha256:a76a15386c14ebb510a76ee0e1742506d3b4ea42cabf69839e8320f86d2cdc8a,application/vnd.oci.image.index.v1+json,linux/amd64 linux/arm64 unknown/unknown unknown/unknown,sha256:8c58aaa7eb8422a14ea2595f4bb49e54fe4d899297040375581b10bc1463edd4,2026-07-31T11:21:57Z,2026-07-31T11:21:59Z,2026-09-24T10:58:41,,,,,,,,,
docker.io/keboola/mcp-server,keboola-mcp-server,outside period (not read),dev-87049c80bb0e6f7ee4bd27bcb99088840ead9112 sha-87049c80bb0e6f7ee4bd27bcb99088840ead9112,sha256:2ace9a11d6fa5589b54cdf25cc427d8069735a8028151bc44d4dbfc1db970ab5,application/vnd.oci.image.index.v1+json,linux/amd64 linux/arm64 unknown/unknown unknown/unknown,sha256:c3ad20a294c2fa0395bc56a1c1df5aff121417956160f5205eaf3d0f5789af40,2026-07-31T11:41:49Z,2026-07-31T11:41:51Z,2026-09-15T14:58:07,,,,,,,,,
docker.io/keboola/mcp-server,keboola-mcp-server,outside period (not read),dev-e2625c1ca17ac45168e2e809e12fa1306355b91b sha-e2625c1ca17ac45168e2e809e12fa1306355b91b,sha256:cfdd0eb675bba4c9a5a409c2a106e3b2828e95a33bd0742240524e44a3454a76,application/vnd.oci.image.index.v1+json,linux/amd64 linux/arm64 unknown/unknown unknown/unknown,sha256:f15978f76b94d5d0ec6a76d8f1d6178180a77c6465870d17969f1e1dae57fc61,2026-07-31T12:11:02Z,2026-07-31T12:11:04Z,2026-09-15T14:16:48,,,,,,,,,
docker.io/keboola/mcp-server,keboola-mcp-server,outside period (not read),dev-6339593f18f4c794ebb7f3de7ccc8b573af7107c sha-6339593f18f4c794ebb7f3de7ccc8b573af7107c,sha256:9cc4b789c57541b4df043dbab635cdd2f5d4fd6860b222d4478d6060b90acef6,application/vnd.oci.image.index.v1+json,linux/amd64 linux/arm64 unknown/unknown unknown/unknown,sha256:c01fa330d9f8b4db46abee8bc635ba5e058c2a1477ebd347a094cdd09a437284,2026-07-31T12:26:10Z,2026-07-31T12:26:12Z,2026-09-15T20:29:19,,,,,,,,,
docker.io/keboola/mcp-server,keboola-mcp-server,outside period (not read),production-9bd8c56d270e82312bc2febf22941376dad991cd sha-9bd8c56d270e82312bc2febf22941376dad991cd,sha256:b0779d15eb3736a20c70dc237daa7b12bc4f7a1bfe0af9e17271ab071453dc9b,application/vnd.oci.image.index.v1+json,linux/amd64 linux/arm64 unknown/unknown unknown/unknown,sha256:2ca558b5408cc5890d071c327503a19f0e83b9ad1b724e0f2b860832f98b977f,2026-08-05T08:16:54Z,2026-08-05T08:16:57Z,2026-09-01T01:22:02,,,,,,,,,
docker.io/keboola/mcp-server,keboola-mcp-server,outside period (not read),dev-1a8cfb9da0c25d95a7d0a6d2e95bcb8b80fa4b11 sha-1a8cfb9da0c25d95a7d0a6d2e95bcb8b80fa4b11,sha256:f0caf430af2de84e50b011049eea371c04835f7f2f6daa62d456f785f33a3df8,application/vnd.oci.image.index.v1+json,linux/amd64 linux/arm64 unknown/unknown unknown/unknown,sha256:9e745e968d81b948c900387ada4ddcfecd65bb24bb174df101fe05a74eb786ef,2026-08-06T12:15:27Z,2026-08-06T12:15:30Z,2026-09-14T19:26:40,,,,,,,,,
docker.io/keboola/mcp-server,keboola-mcp-server,outside period (not read),dev-43e4639c98ccd61d77604f0a3601c9162551a9f4 sha-43e4639c98ccd61d77604f0a3601c9162551a9f4,sha256:1d5b2e96d12051aaa16a811c68061071f98eab5d12c9b9d2423830f7625919fb,application/vnd.oci.image.index.v1+json,linux/amd64 linux/arm64 unknown/unknown unknown/unknown,sha256:29177d42f1c3cc4671b98746f0f9845a8e8064af808c64267c376e8f3efc5a20,2026-08-07T10:35:23Z,2026-08-07T10:35:25Z,2026-09-15T14:06:36,,,,,,,,,
docker.io/keboola/mcp-server,keboola-mcp-server,outside period (not read),production-653118bc42fab00fe0268b6feaf4c4ad032dbf7c sha-653118bc42fab00fe0268b6feaf4c4ad032dbf7c,sha256:4addb55e68a6aba883935b54d6169cbca79b6f4a222872278f4008e9085b2201,application/vnd.oci.image.index.v1+json,linux/amd64 linux/arm64 unknown/unknown unknown/unknown,sha256:51274bca111833413d5e8b6186ba14956ff320c63a1fe98301892b8749c16b5b,2026-08-10T07:38:08Z,2026-08-10T07:38:10Z,2026-09-25T08:17:44,,,,,,,,,
docker.io/keboola/mcp-server,keboola-mcp-server,outside period (not read),dev-1f529167315f9e41642b96d95a17577e37236e25 sha-1f529167315f9e41642b96d95a17577e37236e25,sha256:870f2174642249c2df4d28fb3f9be586c3ad49e45265d07c4aeb89d9c8791163,application/vnd.oci.image.index.v1+json,linux/amd64 linux/arm64 unknown/unknown unknown/unknown,sha256:882bbe7f9c7836627f98f4f673032cb8b0703bc521d5f37d69fa91dc1e815173,2026-08-11T12:18:30Z,2026-08-11T12:18:32Z,2026-09-22T18:19:17,,,,,,,,,
docker.io/keboola/mcp-server,keboola-mcp-server,outside period (not read),production-6a1fd499ccb5b40cd40a91bc7f1472580cc0ee08 sha-6a1fd499ccb5b40cd40a91bc7f1472580cc0ee08,sha256:599c622839d5c83f9873008b4208e6582ceab3f30d1138abaaa04c07b0f98c2b,application/vnd.oci.image.index.v1+json,linux/amd64 linux/arm64,sha256:b4029d9649c9c20be19fe6ca8a65feaee5e1583769ca470977d5a9e086484fd3,2026-08-19T10:29:18Z,2026-08-19T10:29:23Z,2026-09-12T16:30:08,,,,,,,,,
docker.io/keboola/mcp-server,keboola-mcp-server,outside period (not read),production-e2417a7942f39316faf1b08d39d12755d43f1088 sha-e2417a7942f39316faf1b08d39d12755d43f1088,sha256:73aefa762590d6131edaf0627282e9fe9e877396ec5748eb753ad32ba3fe6f38,application/vnd.oci.image.index.v1+json,linux/amd64 linux/arm64,sha256:17f827c3784354d5ac28d01d6e19f00b900f6bdac798b0f99d25631a5856d1e1,2026-08-21T13:51:05Z,2026-08-21T13:51:07Z,2026-09-22T12:05:12,,,,,,,,,
docker.io/keboola/mcp-server,keboola-mcp-server,outside period (not read),production-309b11074ccb8a5753d29ba15ba2b52dc4419395,sha256:b7272dcfc58d6c9f383c15bdf074b4797eb09c58161ee7e94c886cc78127a8e7,application/vnd.oci.image.index.v1+json,linux/amd64 linux/arm64,sha256:5d77a60cd51f02b0cca6c11a646fceb23b036c784a379876c8714a6ac23d483a,2026-08-24T12:44:17Z,2026-08-24T12:44:17Z,2026-09-23T03:14:34,,,,,,,,,
docker.io/keboola/mcp-server,keboola-mcp-server,outside period (not read),dev-309b11074ccb8a5753d29ba15ba2b52dc4419395 sha-309b11074ccb8a5753d29ba15ba2b52dc4419395,sha256:ffe57a2655710769278351433c0f04abf828a3f5fe58e15637139a5e843b483b,application/vnd.oci.image.index.v1+json,linux/amd64 linux/arm64,sha256:e8a29d6a8e56d3efc779ceeaf85772ae168d26fcda0a5ddf160aae0577438214,2026-08-25T06:51:04Z,2026-08-25T06:51:06Z,2026-09-11T21:28:31,,,,,,,,,
docker.io/keboola/mcp-server,keboola-mcp-server,outside period (not read),production-1bc362cefa559e74a8c71a23a07224f3b5387b9d sha-1bc362cefa559e74a8c71a23a07224f3b5387b9d,sha256:eb0ca8e978eba0d8bbc860183a88efb9c842f5076840a1c03494308786e48fc2,application/vnd.oci.image.index.v1+json,linux/amd64 linux/arm64,sha256:d219e9072b5f073a6fca2b11034965feaa389940259eb45454534f7745477e01,2026-08-25T10:05:26Z,2026-08-25T10:05:28Z,2026-09-22T21:14:03,,,,,,,,,
docker.io/keboola/mcp-server,keboola-mcp-server,outside period (not read),dev-e540514307a55b84265e64e74ad3f530bca07600 sha-e540514307a55b84265e64e74ad3f530bca07600,sha256:31af30042f9cab6c181e1c89b9644cf975223dbc83b9c5c83242a0ad1eb3161a,application/vnd.oci.image.index.v1+json,linux/amd64 linux/arm64,sha256:5ec662dd308714dffb674e541c06ecf47d9cd720c9092305225bcb31228d3f63,2026-08-25T11:46:58Z,2026-08-25T11:46:59Z,2026-09-21T21:47:19,,,,,,,,,
docker.io/keboola/mcp-server,keboola-mcp-server,outside period (not read),production-29949aed5e21e62cf3c49495b8c0f5f0b2bcfe70 sha-29949aed5e21e62cf3c49495b8c0f5f0b2bcfe70,sha256:c6b6f1185efc45ef7a16bd02cf473e226ea18232ade92e38ab3a4a32118d71d4,application/vnd.oci.image.index.v1+json,linux/amd64 linux/arm64,sha256:52e38b4c2caae2163f376d27e7902dbdf1efe2d2803c8a44bd3a15aa0b805798,2026-08-25T13:54:57Z,2026-08-25T13:55:02Z,2026-09-09T20:31:14,,,,,,,,,
docker.io/keboola/mcp-server,keboola-mcp-server,outside period (not read),production-d69abcb4a9d498d08e7c6a1f134d8339e8bd65ca sha-d69abcb4a9d498d08e7c6a1f134d8339e8bd65ca,sha256:7671126373ee43451a727486494784351ea16c999df84025823f11e35297ce42,application/vnd.oci.image.index.v1+json,linux/amd64 linux/arm64,sha256:720303e15ce8ecfe3d4fa56efe91cafd727275001de45b523b078071303c81cd,2026-08-25T16:20:27Z,2026-08-25T16:20:32Z,2026-09-24T09:48:45,,,,,,,,,
docker.io/keboola/mcp-server,keboola-mcp-server,outside period (not read),dev-a56a5e4292a8a498b3502a7264fc7ed6ae60acd8 sha-a56a5e4292a8a498b3502a7264fc7ed6ae60acd8,sha256:40600a3c3501a202c4862681347a6ebe62a062cea710a4dd1119499bc52e0873,application/vnd.oci.image.index.v1+json,linux/amd64 linux/arm64,sha256:13722c4944478e965b3830933f513c5e70c62e8010ba06f8bc058bca5066f7d0,2026-08-26T04:53:57Z,2026-08-26T04:53:59Z,2026-09-11T05:53:46,,,,,,,,,
docker.io/keboola/mcp-server,keboola-mcp-server,outside period (not read),production-c9a1c6a0214f758c7b670fe705e79c158e88d22b sha-c9a1c6a0214f758c7b670fe705e79c158e88d22b,sha256:4ddf2c818f91676cc0b855b3b258bd29cdb50f7e498be591efe20c28564ea608,application/vnd.oci.image.index.v1+json,linux/amd64 linux/arm64,sha256:9532c2c4809df68d1017be9c3e4b8ef9776f5e8176a9052741621b250ec9ab7f,2026-08-26T09:17:40Z,2026-08-26T09:17:44Z,2026-09-22T15:53:40,,,,,,,,,
docker.io/keboola/mcp-server,keboola-mcp-server,outside period (not read),production-2b241ae4ec3353793354361adfdf221197287d48 sha-2b241ae4ec3353793354361adfdf221197287d48,sha256:13a45ba5c429b4a80ce9e14eba0fc4a8bfc69bffc712193b78a74a39cbe126dd,application/vnd.oci.image.index.v1+json,linux/amd64 linux/arm64,sha256:b23a1e622f05b9e592be73b9495bbe7f8f0040bf22dd36e7e84c11c1e68265ac,2026-09-02T13:17:31Z,2026-09-02T13:17:33Z,2026-09-21T06:10:20,,,,,,,,,
docker.io/keboola/mcp-server,keboola-mcp-server,outside period (not read),dev-1195f1df390a9e1ba5036e1035a23e0b84777d28 sha-1195f1df390a9e1ba5036e1035a23e0b84777d28,sha256:860f512d45437c0e5e60ab0702977eee5d6ce6afc280d93a468febef6bd5fea2,application/vnd.oci.image.index.v1+json,linux/amd64 linux/arm64,sha256:229334e0bcc5e03e19e0860333b46ca32d0548e7efcae036f400b3c29b31cdeb,2026-09-16T07:13:54Z,2026-09-16T07:13:57Z,2026-09-21T09:14:42,,,,,,,,,
docker.io/keboola/mcp-server,keboola-mcp-server,outside period (not read),production-35644b71a6980ac574928fce42a2d50447a2346f sha-35644b71a6980ac574928fce42a2d50447a2346f,sha256:ec1c8e2f4e347434bc0b6028d3afea87cf33da9f9317dce5ef06410e3f166840,application/vnd.oci.image.index.v1+json,linux/amd64 linux/arm64,sha256:7fcdc8a05f0b805456b221d3284bf0d1c1e3b2ce2f336cd68f4853d31d057969,2026-09-16T07:46:49Z,2026-09-16T07:46:52Z,2026-09-21T09:36:49,,,,,,,,,
docker.io/keboola/mcp-server,keboola-mcp-server,outside period (not read),canary-orion-fbbf1893d300e25950e45a2143cfad96786886ee sha-fbbf1893d300e25950e45a2143cfad96786886ee,sha256:1cdaee559562d529e228ddbfc2d9444fabe3d69c7e372049fff7f69953ba09f4,application/vnd.oci.image.index.v1+json,linux/amd64 linux/arm64,sha256:ecbbc8cdd94843a62261ec3b073232ad382fb1a8c068c9dd8947650a110e84db,2026-09-18T08:09:24Z,2026-09-18T08:09:26Z,2026-09-22T06:32:15,,,,,,,,,
docker.io/keboola/mcp-server,keboola-mcp-server,outside period (not read),dev-8aa16ef64787e70c5b711fa3f0068c5e3e867b4d sha-8aa16ef64787e70c5b711fa3f0068c5e3e867b4d,sha256:40da77d96fe2d655171053ba9ea29151f37a636d35cd5a1c6c36468db15377b4,application/vnd.oci.image.index.v1+json,linux/amd64 linux/arm64,sha256:d26c0182067b7f778186d403cc1b77ee1a7db5a6ad29f59de88c2dd758de22b8,2026-09-21T06:10:10Z,2026-09-21T06:10:11Z,2026-09-24T09:35:42,,,,,,,,,
docker.io/keboola/mcp-server,keboola-mcp-server,outside period (not read),production-aa2fad5ffac62f6f09112d272cccac34465eccec sha-aa2fad5ffac62f6f09112d272cccac34465eccec,sha256:7e28f1832599f9c5ca96ba4e156172d9c6f42d97ce0f0dd86e66da96fa35f39e,application/vnd.oci.image.index.v1+json,linux/amd64 linux/arm64,sha256:4b6d81a520c1fec1de120778e86ccac81f5c8f7b5c3309bc2cdb8740ccb7ca7e,2026-09-21T09:14:09Z,2026-09-21T09:14:14Z,2026-09-25T07:33:42,,,,,,,,,
docker.io/keboola/mcp-server,keboola-mcp-server,outside period (not read),dev-b5eda5a1f4d1c09d7420cb6b3cd57a61572e4c36 sha-b5eda5a1f4d1c09d7420cb6b3cd57a61572e4c36,sha256:6c92ae456b959380ba70b550b0ee8b084eb6ae3d24d43a66ccb716238cf354fd,application/vnd.oci.image.index.v1+json,linux/amd64 linux/arm64,sha256:a83476fc41790ec89e2f6ecce19df1907f184c6e72782063fbff4d968919ed81,2026-09-21T09:36:30Z,2026-09-21T09:36:32Z,2026-09-25T07:54:11,,,,,,,,,
docker.io/keboola/mcp-server,keboola-mcp-server,outside period (not read),dev-45ac78eb95aa5ee2b685ae801041532f78cdba29 sha-45ac78eb95aa5ee2b685ae801041532f78cdba29,sha256:1cdfcd55b26a99ecaa9fd835a53fb920740d03734a3897e8e7a2c10b80168206,application/vnd.oci.image.index.v1+json,linux/amd64 linux/arm64,sha256:626d7ddbe231e443bf3e8960137782dd2a2064f01d69edca4a79a6d0bf168ae2,2026-09-22T06:31:28Z,2026-09-22T06:31:30Z,2026-09-25T08:11:35,,,,,,,,,
docker.io/keboola/mcp-server,keboola-mcp-server,outside period (not read),canary-orion-4bc795818b494a4f6ecc9e531ef4764517df90f8,sha256:a22845c58722b0e0ca140add89b0c57dfe48cdfdce6abe55a890a7cddf7792dc,application/vnd.oci.image.index.v1+json,linux/amd64 linux/arm64,sha256:699972d6210946b39ea758ed501a0313d738e6aff65d13637baa892ab43d5cde,2026-09-23T07:15:48Z,2026-09-23T07:15:48Z,2026-09-25T08:11:34,,,,,,,,,
docker.io/keboola/mcp-server,keboola-mcp-server,outside period (not read),production-4bc795818b494a4f6ecc9e531ef4764517df90f8 sha-4bc795818b494a4f6ecc9e531ef4764517df90f8,sha256:11bad550a3b7d4d1e3be6fb92daabd2fb9f11061c151e7876707e694e73cbba4,application/vnd.oci.image.index.v1+json,linux/amd64 linux/arm64,sha256:716288e748ec7edc4b7d3bf340152602b5af256295b8c84cf074651ecdf98ea0,2026-09-24T09:34:53Z,2026-09-24T09:34:56Z,2026-09-25T12:33:24,,,,,,,,,
docker.io/keboola/mcp-server,keboola-mcp-server,outside period (not read),canary-orion-b32b737b77adac125c8213f1740160edd3fdd714 sha-b32b737b77adac125c8213f1740160edd3fdd714,sha256:5d7e40badd346dbb04dc898ec81a88a658bef585e717bc9b05c431ad66567575,application/vnd.oci.image.index.v1+json,linux/amd64 linux/arm64,sha256:f319fe0f614f68974a6d0be22269f3b0dd38e559edbd9bd24e1519fd1dac2905,2026-09-25T07:53:23Z,2026-09-25T07:53:26Z,2026-09-25T12:33:22,,,,,,,,,
docker.io/keboola/mcp-server,keboola-mcp-server,outside period (not read),canary-orion-1d4ebcfb93e86595af8cdbcd46c8d8e7967a255f sha-1d4ebcfb93e86595af8cdbcd46c8d8e7967a255f,sha256:efe89bd97730129b04df65c832147bb59f65577ba4880542d8181b6be4a9ba9f,application/vnd.oci.image.index.v1+json,linux/amd64 linux/arm64,sha256:3d127dd4c6a80ab86b2f1789f7df9dc5ac49518e57459c922ed4899f6367d4e6,2026-09-25T08:11:17Z,2026-09-25T08:11:19Z,2026-09-25T13:02:42,,,,,,,,,
docker.io/keboola/mcp-server,keboola-mcp-server,outside period (not read),canary-orion-8b805a7474527facb347ce237b68a3f4f1a4e7e6 sha-8b805a7474527facb347ce237b68a3f4f1a4e7e6,sha256:94559df7b0074199969fe33f6b577bf19d92b462b9a5d538163563ba7cc84bdb,application/vnd.oci.image.index.v1+json,linux/amd64 linux/arm64,sha256:1fa41e942bcf497e455005291c6c32a74bd008d504162e0d7f9adafcfe036c42,2026-09-25T08:18:11Z,2026-09-25T08:18:14Z,2026-09-25T13:02:42,,,,,,,,,
docker.io/keboola/mcp-server,keboola-mcp-server,outside period (not read),canary-orion-860a3abcb73aac3414a30031e9eec3d1c23e9f94 sha-860a3abcb73aac3414a30031e9eec3d1c23e9f94,sha256:db867f491f3fee7906e0c3b6fb1e0a4becb96f4375e6cce5439fd9a96e4857af,application/vnd.oci.image.index.v1+json,linux/amd64 linux/arm64,sha256:a55d6b40e94f7bb07db42ee1c69c932e0b525127945e28c785ce972364f6c6c4,2026-09-25T08:37:46Z,2026-09-25T08:37:49Z,2026-09-25T13:02:42,,,,,,,,,
docker.io/keboola/mcp-server,keboola-mcp-server,outside period (not read),latest production-18d1a93b96a926d95068dfef8a55c79a3dda0b5a sha-18d1a93b96a926d95068dfef8a55c79a3dda0b5a,sha256:b8c4bb67f2b9348863c52ca52985e80c1b083bcd9cdc1b2c86c9ff5c6e4fb0d0,application/vnd.oci.image.index.v1+json,linux/amd64 linux/arm64,sha256:fc4dce7220062ca801bf20c4313eb91565555451861ec042b6dccbd2d84454b0,2026-09-25T12:33:20Z,2026-09-25T12:33:25Z,2026-09-25T15:26:36,,,,,,,,,
docker.io/nsphung/mcp-snowflake-server-nsp,mcp-snowflake-server-nsp,in month after,0.8.0,sha256:83f3d62a6d5de7a33ab07b424e93019b80bed3576e17e2c601965c70ff3630be,application/vnd.oci.image.index.v1+json,linux/amd64 unknown/unknown,sha256:1ce7c16777141c562cb9bace649b966a65308d6ae846c2bc3f511be1f0e2ca37,2026-05-05T09:10:45Z,2026-05-05T09:10:45Z,2026-09-24T11:37:12,,,,,,,,,
docker.io/nsphung/mcp-snowflake-server-nsp,mcp-snowflake-server-nsp,in month after,0.10.0,sha256:3c11761cb035a29fe017978ede74939f08f0e08b317250df41c86d33fcdc08a3,application/vnd.oci.image.index.v1+json,linux/amd64 linux/arm64,sha256:150fe9ae1c0fa78a5cc205bc5cb657c4d520e6017f7197a70fd1e07cd7601581,2026-05-06T07:37:56Z,2026-05-06T07:37:56Z,2026-09-26T00:36:21,,,,,,,,,
docker.io/nsphung/mcp-snowflake-server-nsp,mcp-snowflake-server-nsp,in month after,0.10.1,sha256:7f0ce6838a0e881a4a453fc6b4f36286a174b7919bb0b70ddc12fcc06f364cab,application/vnd.oci.image.index.v1+json,linux/amd64 linux/arm64,sha256:5def12b2b5b18fe7c000e9a462b5dc9bae088723bcfa8c3dd97c5ba78baf1c97,2026-05-06T08:33:57Z,2026-05-06T08:33:57Z,2026-09-26T00:36:20,,,,,,,,,
docker.io/nsphung/mcp-snowflake-server-nsp,mcp-snowflake-server-nsp,in month after,0.11.0,sha256:6fe9e77b2bcb7e6421b8213dd48a7005739afa35c5240855279bbf3d80c92b21,application/vnd.oci.image.index.v1+json,linux/amd64 linux/arm64,sha256:b89f49921465321ed8b8899ec196ad0e5faad510e23a96cd8e41c21de6b519c1,2026-05-06T17:15:05Z,2026-05-06T17:15:05Z,2026-09-26T00:36:18,,,,,,,,,
docker.io/nsphung/mcp-snowflake-server-nsp,mcp-snowflake-server-nsp,in month after,0.11.2,sha256:2b8a3183d6d4a1728e133dd745f3f33967e4f220e6238df6e20a8bd0a2ea25c7,application/vnd.oci.image.index.v1+json,linux/amd64 linux/arm64,sha256:2768dcbd8c8df1c574f406b1105ae0c849c3c62e82ddc0c90cc8ffc0f6ffa9df,2026-05-06T19:45:08Z,2026-05-06T19:45:08Z,2026-09-26T07:13:02,,,,,,,,,
docker.io/nsphung/mcp-snowflake-server-nsp,mcp-snowflake-server-nsp,in month after,0.11.3,sha256:2b67ccc2ac92cf390ef45ae007efd892d83a9abfa6eacbea634b67ca0ab04f52,application/vnd.oci.image.index.v1+json,linux/amd64 linux/arm64,sha256:e2ede5ebf0d25d6407787aecc70294602904bd67c85ed4d0f939aa8f2e38f623,2026-05-11T08:55:06Z,2026-05-11T08:55:06Z,2026-09-26T00:36:16,,,,,,,,,
docker.io/nsphung/mcp-snowflake-server-nsp,mcp-snowflake-server-nsp,in month after,0.12.0,sha256:19fa49616125eafc9fecb7cc813d0ed9270ff10576d39163481fe23c5a8d9c33,application/vnd.oci.image.index.v1+json,linux/amd64 linux/arm64,sha256:7e3179aa6d052b393df4451b2f0a2042de3ad6a29e392fc443bcbd8180647094,2026-05-13T20:36:34Z,2026-05-13T20:36:34Z,2026-09-26T00:36:14,,,,,,,,,
docker.io/nsphung/mcp-snowflake-server-nsp,mcp-snowflake-server-nsp,in month after,0.12.1,sha256:9966addc40ee7f1075a912a00a1ad8daa701ea7b6f0da95d3988ba9eef3e7cde,application/vnd.oci.image.index.v1+json,linux/amd64 linux/arm64,sha256:bc9a997b218842d6060521c2ae763e0f9d02c3e89acabc3e31a350163848b987,2026-05-21T12:27:18Z,2026-05-21T12:27:18Z,2026-09-26T00:36:13,,,,,,,,,
docker.io/nsphung/mcp-snowflake-server-nsp,mcp-snowflake-server-nsp,nearest after period,0.13.0,sha256:c62993b1be0def2a9500d7d4be004a82690158d1fe808febc2fcf32de7d9f3c0,application/vnd.oci.image.index.v1+json,linux/amd64 linux/arm64,sha256:f33710815694a012f307c9990a4b00df7c32f4e0e5c150b769a9711b8ac56eb2,2026-05-27T07:23:52Z,2026-05-27T07:23:52Z,2026-09-26T00:36:10,,,,,,,,,
docker.io/nsphung/mcp-snowflake-server-nsp,mcp-snowflake-server-nsp,outside period (not read),0.14.0,sha256:2800b96a85b781f4782ef76072e76412a06aa7e4c52f08371666e3b747e45afa,application/vnd.oci.image.index.v1+json,linux/amd64 linux/arm64,sha256:7002ce3c1e86305a74b957fb0fe77835aa49c8b6a2dd8ff030d2d704f796902b,2026-06-18T13:35:52Z,2026-06-18T13:35:52Z,2026-09-26T00:36:09,,,,,,,,,
docker.io/nsphung/mcp-snowflake-server-nsp,mcp-snowflake-server-nsp,outside period (not read),0.14.1,sha256:d314e9ba5373917d14dbd67ad6b646a8e98fa31d3b8a2065e72a16b719c5d288,application/vnd.oci.image.index.v1+json,linux/amd64 linux/arm64,sha256:4141bc5028cd1a62ab7c9b5710c725dacf9afca36a1126cd7f9b2537695b9ef3,2026-07-24T16:50:12Z,2026-07-24T16:50:12Z,2026-09-26T07:13:02,,,,,,,,,
docker.io/nsphung/mcp-snowflake-server-nsp,mcp-snowflake-server-nsp,outside period (not read),0.14.2,sha256:bc1839b2d21a5de6f5985dc44e3301a77c4b19fe92f085b2c2013eacaa7b0145,application/vnd.oci.image.index.v1+json,linux/amd64 linux/arm64,sha256:8f9ba57544260d13a9f65b4a7823c31ef02606e97af21c0839f5468c03e61048,2026-09-04T07:02:56Z,2026-09-04T07:02:56Z,2026-09-24T11:37:14,,,,,,,,,
docker.io/nsphung/mcp-snowflake-server-nsp,mcp-snowflake-server-nsp,outside period (not read),0.14.3,sha256:6099c4745f780a4689f21272ee13533e7a4137d9246c4a93dad5fe7a3a126e0b,application/vnd.oci.image.index.v1+json,linux/amd64 linux/arm64,sha256:5fd3c8913d8c6072eed158dfdc12303553e55b1538d5c310eb964527fc849e75,2026-09-04T07:44:52Z,2026-09-04T07:44:52Z,2026-09-26T00:36:06,,,,,,,,,
docker.io/nsphung/mcp-snowflake-server-nsp,mcp-snowflake-server-nsp,outside period (not read),0.14.4 latest,sha256:8a4b2530e3b7f1c39dcdb5172cd7fe4847bbe74b663e74ae73eed6712e5fbd45,application/vnd.oci.image.index.v1+json,linux/amd64 linux/arm64,sha256:01aa95442a64d4932e6ee5dc5f43aeb30930a6ec5ea3046ffcace693c5c7640e,2026-09-24T11:37:01Z,2026-09-24T11:37:02Z,2026-09-26T07:47:28,,,,,,,,,
docker.io/daltonnyx/agentcrew,agentcrew-ai,outside period (not read),v0.6.7,sha256:ac125777bdc1c83bc4650449014e8df257a4817d179b0c5a78d9e1f3fa1d9cbf,application/vnd.docker.container.image.v1+json,linux/amd64,sha256:ac125777bdc1c83bc4650449014e8df257a4817d179b0c5a78d9e1f3fa1d9cbf,2025-08-06T08:35:30Z,2025-08-06T08:35:30Z,2026-09-24T04:24:28,,,,,,,,,
docker.io/daltonnyx/agentcrew,agentcrew-ai,outside period (not read),v0.6.7-4,sha256:bd7a61e5260ce015af0ef8634aef7268f7a5db58379f85136539452d493a1b6d,application/vnd.docker.container.image.v1+json,linux/amd64,sha256:bd7a61e5260ce015af0ef8634aef7268f7a5db58379f85136539452d493a1b6d,2025-08-17T18:49:25Z,2025-08-17T18:49:25Z,2026-08-17T11:46:46,,,,,,,,,
docker.io/daltonnyx/agentcrew,agentcrew-ai,outside period (not read),v0.6.8,sha256:08bcc91b9f88b955ea0948d34c03ba91ee1b3472137b86b6e4de5d12e53737af,application/vnd.docker.container.image.v1+json,linux/amd64,sha256:08bcc91b9f88b955ea0948d34c03ba91ee1b3472137b86b6e4de5d12e53737af,2025-08-26T14:39:03Z,2025-08-26T14:39:03Z,2026-08-17T11:46:46,,,,,,,,,
docker.io/daltonnyx/agentcrew,agentcrew-ai,outside period (not read),v0.6.9,sha256:5e5ffc215a112d4dbaf0757adeb8d74cbce513e3e3d90621867cacd9807a15c1,application/vnd.docker.container.image.v1+json,linux/amd64,sha256:5e5ffc215a112d4dbaf0757adeb8d74cbce513e3e3d90621867cacd9807a15c1,2025-09-01T15:26:49Z,2025-09-01T15:26:49Z,2026-08-17T11:46:46,,,,,,,,,
docker.io/daltonnyx/agentcrew,agentcrew-ai,outside period (not read),v0.6.11,sha256:d1781d2c777f01435243214cfdfe72296d3c549f445205e49bb7438badb3042d,application/vnd.docker.container.image.v1+json,linux/amd64,sha256:d1781d2c777f01435243214cfdfe72296d3c549f445205e49bb7438badb3042d,2025-09-08T16:12:56Z,2025-09-08T16:12:56Z,2026-08-17T11:46:45,,,,,,,,,
docker.io/daltonnyx/agentcrew,agentcrew-ai,outside period (not read),v0.6.12,sha256:dd39423106a0012e5ab2029fdb21628ab4b83641f0077e2f3f163308e209ddc9,application/vnd.docker.container.image.v1+json,linux/amd64,sha256:dd39423106a0012e5ab2029fdb21628ab4b83641f0077e2f3f163308e209ddc9,2025-09-14T15:54:51Z,2025-09-14T15:54:51Z,2026-08-17T11:46:45,,,,,,,,,
docker.io/daltonnyx/agentcrew,agentcrew-ai,outside period (not read),v0.6.13,sha256:9ed8b08f4ca7979568b0e0f5385fe17ed910d46fe1ecdf6c95cbfce26f961557,application/vnd.docker.container.image.v1+json,linux/amd64,sha256:9ed8b08f4ca7979568b0e0f5385fe17ed910d46fe1ecdf6c95cbfce26f961557,2025-09-17T15:20:43Z,2025-09-17T15:20:43Z,2026-08-17T11:46:45,,,,,,,,,
docker.io/daltonnyx/agentcrew,agentcrew-ai,outside period (not read),main-cc08460-2,sha256:f8fef7ee98dfec301f4399d93382433f43d206809ecc118cf618ef31c4ae5cfb,application/vnd.oci.image.index.v1+json,linux/amd64 linux/arm64 unknown/unknown unknown/unknown,sha256:515720b1e4530836148aac998f2c87ae93d8fbd67e5fc7b14af5ff11db143b19,2025-09-18T05:00:12Z,2025-09-18T05:00:12Z,2026-08-17T11:46:41,,,,,,,,,
docker.io/daltonnyx/agentcrew,agentcrew-ai,outside period (not read),0.6.13-2 v0.6.13-2 v0.6.13-2-ca0a8d7-3,sha256:96f2edd354872e32bdf9a1a2097f5c64eccd7d40c477d6229997cbb348d0b474,application/vnd.oci.image.index.v1+json,linux/amd64 linux/arm64 unknown/unknown unknown/unknown,sha256:6a31e7c658456df69cad52b0a175747af8497cba7f94d8b8e00ec8f275c0f9d2,2025-09-18T07:53:14Z,2025-09-18T07:53:19Z,2026-08-17T11:46:36,,,,,,,,,
docker.io/daltonnyx/agentcrew,agentcrew-ai,outside period (not read),0.6.13-3 v0.6.13-3 v0.6.13-3-196c22c-4,sha256:62fee884b14619d38540dc0d35509c6e8ab8966c329f547be7283ae4677019e6,application/vnd.oci.image.index.v1+json,linux/amd64 linux/arm64 unknown/unknown unknown/unknown,sha256:4e2a22bd0dbb10d473e8dc7224d5ded01901a0cde352f937c525f3bdca80175a,2025-09-19T08:35:04Z,2025-09-19T08:35:09Z,2026-08-17T11:46:36,,,,,,,,,
docker.io/daltonnyx/agentcrew,agentcrew-ai,outside period (not read),v0.6.14-89ec0a6-5,sha256:93cdde7146f62a91007d3c4f50b173d36996a8e487654e9c98cd565eccccc362,application/vnd.oci.image.index.v1+json,linux/amd64 linux/arm64 unknown/unknown unknown/unknown,sha256:6bf8c4c39781c99c0506a39157e5414bf3af08051fed54969d3640032cdb9495,2025-09-23T04:12:01Z,2025-09-23T04:12:01Z,2026-08-17T11:46:45,,,,,,,,,
docker.io/daltonnyx/agentcrew,agentcrew-ai,outside period (not read),0.6.14 v0.6.14 v0.6.14-4703968-6,sha256:f7c01b44e1d69c24d5fcf4219f6da5c733a9dbbd8a1e69073b3cf744d5768f8c,application/vnd.oci.image.index.v1+json,linux/amd64 linux/arm64 unknown/unknown unknown/unknown,sha256:a8bedadcae282b9f9b419bdf03b304080e859a2f3ea5130a7c8b4e20b2557d32,2025-09-23T04:15:54Z,2025-09-23T04:16:00Z,2026-08-17T11:46:37,,,,,,,,,
docker.io/daltonnyx/agentcrew,agentcrew-ai,outside period (not read),0.6.14-1 v0.6.14-1 v0.6.14-1-40b74c4-7,sha256:645ef52e6eebb410174748c87bdf47746df73d9e37c99b6a8158a364ba12bf74,application/vnd.oci.image.index.v1+json,linux/amd64 linux/arm64 unknown/unknown unknown/unknown,sha256:45c04fb131bd5038a81ef692145c52eebd1218c9eb4601963916297b3bf38233,2025-09-23T15:14:50Z,2025-09-23T15:14:57Z,2026-08-17T11:46:37,,,,,,,,,
docker.io/daltonnyx/agentcrew,agentcrew-ai,outside period (not read),0.6.15 v0.6.15 v0.6.15-e515a34-8,sha256:9dc7f089ae3ba1cf9e14cd201be34cb226c3b480a8bda32f8ed8ddcb35db2624,application/vnd.oci.image.index.v1+json,linux/amd64 linux/arm64 unknown/unknown unknown/unknown,sha256:be05922a0bd14e18c54242e8edb1c1dbd575da0a05109417614670e437d87252,2025-09-25T08:39:19Z,2025-09-25T08:39:28Z,2026-08-17T11:46:37,,,,,,,,,
docker.io/daltonnyx/agentcrew,agentcrew-ai,outside period (not read),0.6.15-1 v0.6.15-1 v0.6.15-1-4ceb39b-9,sha256:620612628b8e303f9fcf3f849f0e27ca41d864311b47d9fc04110c75921a308b,application/vnd.oci.image.index.v1+json,linux/amd64 linux/arm64 unknown/unknown unknown/unknown,sha256:358feb2534410590874a7508a391f6d5d87930310f3351da795c04de1b7fa4ef,2025-09-25T10:20:16Z,2025-09-25T10:20:21Z,2026-08-17T11:46:37,,,,,,,,,
docker.io/daltonnyx/agentcrew,agentcrew-ai,outside period (not read),0.6.16 v0.6.16 v0.6.16-365d066-10,sha256:eaedea4a1867b6713d9867b10948bc879277cc5755edab6952af9263d3258139,application/vnd.oci.image.index.v1+json,linux/amd64 linux/arm64 unknown/unknown unknown/unknown,sha256:311cf6d588609e00e37058bf6e446412ee6c6e09403cc314fe9aa1c087c58724,2025-09-27T16:06:48Z,2025-09-27T16:15:38Z,2026-08-17T11:46:37,,,,,,,,,
docker.io/daltonnyx/agentcrew,agentcrew-ai,outside period (not read),0.6.17 v0.6.17 v0.6.17-a7dda83-11,sha256:1a663d821e8f07538b708b685642204d058643b3db503a2657d32d02681f311c,application/vnd.oci.image.index.v1+json,linux/amd64 linux/arm64 unknown/unknown unknown/unknown,sha256:5cacc95e118923cca90d43ec219fc00761cd90742cf0c773a3464252e7178e62,2025-10-02T04:31:42Z,2025-10-02T04:31:47Z,2026-08-17T11:46:37,,,,,,,,,
docker.io/daltonnyx/agentcrew,agentcrew-ai,outside period (not read),0.6.17-1 v0.6.17-1 v0.6.17-1-e91afc0-12,sha256:8e15e228ec49b54def48be01bcb0e1d89492d4fd4a9b966e7566da51369c19d1,application/vnd.oci.image.index.v1+json,linux/amd64 linux/arm64 unknown/unknown unknown/unknown,sha256:2ec308f4689d78c7f8741198d71383093942d9354ccbb488fb9228110ba862b0,2025-10-02T07:16:00Z,2025-10-02T07:16:06Z,2026-08-17T11:46:37,,,,,,,,,
docker.io/daltonnyx/agentcrew,agentcrew-ai,outside period (not read),0.6.17-2 v0.6.17-2 v0.6.17-2-350d7f5-13,sha256:1dc40f3778e9e5a8f95390652f276f2082685d55e30ba94ba7ee328f0473e683,application/vnd.oci.image.index.v1+json,linux/amd64 linux/arm64 unknown/unknown unknown/unknown,sha256:73877b7a6d4ebfdaf958b9f83a7f478745ca4b6c338bdb3ee4028718468ed904,2025-10-02T09:53:06Z,2025-10-02T09:53:12Z,2026-08-17T11:46:37,,,,,,,,,
docker.io/daltonnyx/agentcrew,agentcrew-ai,outside period (not read),0.6.18 v0.6.18 v0.6.18-f3b0d98-14,sha256:57345052137b4f38435c0711db8eda8076d80c8be841a4f785802d5ba87811ea,application/vnd.oci.image.index.v1+json,linux/amd64 linux/arm64 unknown/unknown unknown/unknown,sha256:a32cfae3df17d1dea1465fc08c85a9efc4cecc309571d40636cb0c726c43f3ad,2025-10-07T15:32:34Z,2025-10-07T15:32:41Z,2026-08-17T11:46:37,,,,,,,,,
docker.io/daltonnyx/agentcrew,agentcrew-ai,outside period (not read),0.6.18-1 v0.6.18-1 v0.6.18-1-a122fc9-15,sha256:4fa97385eec7684e9815ffb6f4a641916237a8d22cab7cddec4a55acc2405b0b,application/vnd.oci.image.index.v1+json,linux/amd64 linux/arm64 unknown/unknown unknown/unknown,sha256:2bd24a8adac4cce97e52f5f7ac659b4cb6446d5c0caf46f16eddbda1e68cec9a,2025-10-07T16:23:38Z,2025-10-07T16:23:47Z,2026-08-17T11:46:37,,,,,,,,,
docker.io/daltonnyx/agentcrew,agentcrew-ai,outside period (not read),0.6.19 v0.6.19 v0.6.19-a62da7f-16,sha256:50c6d683e3a2d6a8682c0fb9e17fecde98a9a096168f3656b931408d3179a918,application/vnd.oci.image.index.v1+json,linux/amd64 linux/arm64 unknown/unknown unknown/unknown,sha256:4bd3a05323a2f9add1b127b3fbf0d29cb955d1f7eef0c2501b7a7e5fbc92c6cc,2025-10-09T07:00:44Z,2025-10-09T07:00:51Z,2026-08-17T11:46:37,,,,,,,,,
docker.io/daltonnyx/agentcrew,agentcrew-ai,outside period (not read),0.6.19-1 v0.6.19-1 v0.6.19-1-d10b418-17,sha256:27faa8e5f6e1c6db5d197577db843122d57f4d4bb5804d9704781c2dff0fb5e8,application/vnd.oci.image.index.v1+json,linux/amd64 linux/arm64 unknown/unknown unknown/unknown,sha256:4323ef920264623fad107c6c2298d179ae422108ee99b54d1f560486a64d64d8,2025-10-09T10:26:40Z,2025-10-09T10:26:45Z,2026-08-17T11:46:37,,,,,,,,,
docker.io/daltonnyx/agentcrew,agentcrew-ai,outside period (not read),0.6.19-2 v0.6.19-2 v0.6.19-2-4d263f7-18,sha256:2e38910d8082753ec89da1a7b0dab36e544f8369f51ffaa719f6211676d44a02,application/vnd.oci.image.index.v1+json,linux/amd64 linux/arm64 unknown/unknown unknown/unknown,sha256:81bf490f0fb612b4ccb3e51346528f7d236fc694082b56c473136612743f002b,2025-10-09T10:35:38Z,2025-10-09T10:35:45Z,2026-08-17T11:46:38,,,,,,,,,
docker.io/daltonnyx/agentcrew,agentcrew-ai,outside period (not read),0.6.20 v0.6.20 v0.6.20-d293d41-19,sha256:fed90bb3ca530c34c9325aa77c02b087860de12f72aae018ec6f456996096094,application/vnd.oci.image.index.v1+json,linux/amd64 linux/arm64 unknown/unknown unknown/unknown,sha256:bc15c9d2e3e8693449b95f8356a595db627933447785519da2a1007fbd81f8d6,2025-10-16T13:39:12Z,2025-10-16T13:39:16Z,2026-08-17T11:46:38,,,,,,,,,
docker.io/daltonnyx/agentcrew,agentcrew-ai,outside period (not read),0.6.21 v0.6.21 v0.6.21-d0e3de4-20,sha256:9fc35e57ba8c269a5f3a27f80816bfdbd79fe58afcfc521278f4252ba1551dc3,application/vnd.oci.image.index.v1+json,linux/amd64 linux/arm64 unknown/unknown unknown/unknown,sha256:fea23850d940d8b359e6e138ec41aaaed60ed7546b79ce5c538f853d4ca64e52,2025-10-17T05:11:37Z,2025-10-17T05:11:41Z,2026-08-17T11:46:38,,,,,,,,,
docker.io/daltonnyx/agentcrew,agentcrew-ai,outside period (not read),0.6.21-1 v0.6.21-1 v0.6.21-1-15ccc1f-21,sha256:60ff4a7af1087e2a47f3e83f51ec0e925996619bf7f3eeb5d68cddbe32700246,application/vnd.oci.image.index.v1+json,linux/amd64 linux/arm64 unknown/unknown unknown/unknown,sha256:fc826e266c62fe2f4c1df3e9af6399d99a615f3ec1a9e901f88eb8ccf32d8b13,2025-10-17T05:57:59Z,2025-10-17T05:58:04Z,2026-08-17T11:46:38,,,,,,,,,
docker.io/daltonnyx/agentcrew,agentcrew-ai,outside period (not read),0.6.22 v0.6.22 v0.6.22-058a47e-22,sha256:25a762660389f2566c11603a5babea37490b403244f1add52643273049903ffb,application/vnd.oci.image.index.v1+json,linux/amd64 linux/arm64 unknown/unknown unknown/unknown,sha256:edcd90be4257bdb35d1e112ed6359cfe95f13910b2937f1230288e9349328901,2025-10-20T17:45:10Z,2025-10-20T17:45:14Z,2026-08-17T11:46:38,,,,,,,,,
docker.io/daltonnyx/agentcrew,agentcrew-ai,outside period (not read),0.6.23 v0.6.23 v0.6.23-77ab3d0-23,sha256:336d98c14e3e4f3976074152890255eff1d6161d398b82b643f882270e3a7854,application/vnd.oci.image.index.v1+json,linux/amd64 linux/arm64 unknown/unknown unknown/unknown,sha256:52beba62b79f6338f2e3bc72fdcb6bb2b06c5d4f1b54d228091a82c032a5fd69,2025-10-22T03:53:53Z,2025-10-22T03:53:59Z,2026-08-17T11:46:38,,,,,,,,,
docker.io/daltonnyx/agentcrew,agentcrew-ai,outside period (not read),0.7.0 v0.7.0 v0.7.0-76f8a3e-24,sha256:9780e17747adf8dc602e536d21107a3c2036c208c91c4eec97d3875de73df071,application/vnd.oci.image.index.v1+json,linux/amd64 linux/arm64 unknown/unknown unknown/unknown,sha256:df327075cb664d9b76a7382f8626826cd09e6b537579ce21bbad9f76b9a6ae21,2025-10-23T16:52:49Z,2025-10-23T16:52:52Z,2026-08-17T11:46:38,,,,,,,,,
docker.io/daltonnyx/agentcrew,agentcrew-ai,outside period (not read),0.7.1 v0.7.1 v0.7.1-fd86205-25,sha256:ba4fc7d072cede0b30e874d4d937baea695cc8778e5b4515806c13b4f8916ed7,application/vnd.oci.image.index.v1+json,linux/amd64 linux/arm64 unknown/unknown unknown/unknown,sha256:80fc5d034a055b36f0d0f0823b1d1965d22d97ada94b0c657f37549a077531e2,2025-10-25T15:39:14Z,2025-10-25T15:39:19Z,2026-08-17T11:46:38,,,,,,,,,
docker.io/daltonnyx/agentcrew,agentcrew-ai,outside period (not read),0.7.2 v0.7.2 v0.7.2-f6c9dc7-26,sha256:9cd4753b33ef5b6c21e7048cca164c7b9c4d1007e2799b5aba92fca473f37d8e,application/vnd.oci.image.index.v1+json,linux/amd64 linux/arm64 unknown/unknown unknown/unknown,sha256:c21ae50cbe619665145c917eb0b1d72cf8c16d6ec8d5062c80d0cda545aa2f9e,2025-10-26T10:07:27Z,2025-10-26T10:07:31Z,2026-08-17T11:46:38,,,,,,,,,
docker.io/daltonnyx/agentcrew,agentcrew-ai,outside period (not read),0.7.3 v0.7.3 v0.7.3-110202a-27,sha256:35feea7910d7ee59ad777a929ac988e70812e092f6b5175076d979caf5608cc1,application/vnd.oci.image.index.v1+json,linux/amd64 linux/arm64 unknown/unknown unknown/unknown,sha256:d409889d5ca659f892cc233f710f69b99e29cc05bf6aae27b4d34d952d9f1de2,2025-11-05T15:38:52Z,2025-11-05T15:38:57Z,2026-08-17T11:46:38,,,,,,,,,
docker.io/daltonnyx/agentcrew,agentcrew-ai,outside period (not read),0.7.4 v0.7.4 v0.7.4-621b188-28,sha256:dbe0f958bcbd1b60d1c09f8771734b0d9ea44e9c1a501a30d72b3cbc1c5e1055,application/vnd.oci.image.index.v1+json,linux/amd64 linux/arm64 unknown/unknown unknown/unknown,sha256:a391743c8dce7ff6e5bec01cf40f69a7716fbd278e91f09d80caa4cbf167f965,2025-11-06T04:50:41Z,2025-11-06T04:50:44Z,2026-08-17T11:46:38,,,,,,,,,
docker.io/daltonnyx/agentcrew,agentcrew-ai,outside period (not read),0.7.5 v0.7.5 v0.7.5-69dfefa-29,sha256:dfca8b36186c7ba2a307602246c12c936be905eb975ec1a02c2ccb77141e14b9,application/vnd.oci.image.index.v1+json,linux/amd64 linux/arm64 unknown/unknown unknown/unknown,sha256:ccdffbf9585170cd94be609652231229af7bde0e9d9bccaf049e8083d63f6755,2025-11-11T15:15:26Z,2025-11-11T15:15:30Z,2026-08-17T11:46:38,,,,,,,,,
docker.io/daltonnyx/agentcrew,agentcrew-ai,outside period (not read),0.7.6 v0.7.6 v0.7.6-02b1906-30,sha256:8cae998becdd3d5106695865fe3ca77fdc6e85dec4635c33432a069c89e74bf8,application/vnd.oci.image.index.v1+json,linux/amd64 linux/arm64 unknown/unknown unknown/unknown,sha256:21e9115b0c56540c2def03460665630a235a5eeefeb76c37b6bdd850f7cc630e,2025-11-11T15:41:45Z,2025-11-11T15:41:49Z,2026-08-17T11:46:39,,,,,,,,,
docker.io/daltonnyx/agentcrew,agentcrew-ai,outside period (not read),0.7.7 v0.7.7 v0.7.7-b77b7da-31,sha256:57c0dc3dfd551e8a588f3218748554cf28e55980b496dc785414525eab22808c,application/vnd.oci.image.index.v1+json,linux/amd64 linux/arm64 unknown/unknown unknown/unknown,sha256:358bccc9e086bc02b82a49809fda4b285b9d6f38ddb5d0f4eb4f42522586bca7,2025-11-11T16:55:20Z,2025-11-11T16:55:25Z,2026-09-17T17:11:16,,,,,,,,,
docker.io/daltonnyx/agentcrew,agentcrew-ai,outside period (not read),0.7.8 v0.7.8 v0.7.8-02c365c-32,sha256:d707b915ecfc306830baafad98b62f4d8a55d20081cf897af69697277d989e86,application/vnd.oci.image.index.v1+json,linux/amd64 linux/arm64 unknown/unknown unknown/unknown,sha256:0790f692289a2dc972a0a3f77ded5b8a6b5d3d747cd358533b35199daa3193bb,2025-11-13T05:13:25Z,2025-11-13T05:13:28Z,2026-08-17T11:46:39,,,,,,,,,
docker.io/daltonnyx/agentcrew,agentcrew-ai,outside period (not read),0.8.0 v0.8.0 v0.8.0-f94c509-33,sha256:6828a32b5c61dc55c80fe82908adc3c927d465b2274fac17f2012cc03f29ac85,application/vnd.oci.image.index.v1+json,linux/amd64 linux/arm64 unknown/unknown unknown/unknown,sha256:c51c35ab71d44cfbbc36ceb27026edb28a1f26324ef15a3d9eda7fee48a0934b,2025-11-14T04:26:08Z,2025-11-14T04:26:12Z,2026-08-17T11:46:39,,,,,,,,,
docker.io/daltonnyx/agentcrew,agentcrew-ai,outside period (not read),0.8.1 v0.8.1 v0.8.1-952061e-34,sha256:bf8c3bad213b891be696263ea1f6b277252f3c871240ff3d4c16271abaddad10,application/vnd.oci.image.index.v1+json,linux/amd64 linux/arm64 unknown/unknown unknown/unknown,sha256:be1a1b410f6a1e8283db983ac7636cecba2051ab56b64dbc828c2e51c6645474,2025-11-14T07:03:55Z,2025-11-14T07:03:59Z,2026-08-17T11:46:39,,,,,,,,,
docker.io/daltonnyx/agentcrew,agentcrew-ai,outside period (not read),0.8.2 v0.8.2 v0.8.2-44c5202-35,sha256:1cb4785e16758af9b4d1f56a06f0eb2b7eb6e9de8ef95fa88179cedc83d1eb6d,application/vnd.oci.image.index.v1+json,linux/amd64 linux/arm64 unknown/unknown unknown/unknown,sha256:977f16e66e39c4921377187eee0ceb525b777069d1e1a604443e5543962bf0e5,2025-11-17T02:58:00Z,2025-11-17T02:58:04Z,2026-08-17T11:46:39,,,,,,,,,
docker.io/daltonnyx/agentcrew,agentcrew-ai,outside period (not read),0.8.3 v0.8.3 v0.8.3-70a76c2-36,sha256:4864e8a1ce9442174f6a5fc7df0d42b871d0e81229b464caf6c75134c28ec424,application/vnd.oci.image.index.v1+json,linux/amd64 linux/arm64 unknown/unknown unknown/unknown,sha256:1c5ae35920111b08c3b427ad1006ca0d97049b5d21aaf7c0f33ee61603a1baec,2025-11-19T04:24:29Z,2025-11-19T04:24:33Z,2026-08-17T11:46:39,,,,,,,,,
docker.io/daltonnyx/agentcrew,agentcrew-ai,outside period (not read),0.8.4 v0.8.4 v0.8.4-b073d1d-37,sha256:6878754e107057215cd6241c4b6ea71dafea46a77aa49af49db0b100b60c649e,application/vnd.oci.image.index.v1+json,linux/amd64 linux/arm64 unknown/unknown unknown/unknown,sha256:ae7dc32df3a0bfa54f267fc2bf373fcea46c32043a706bf239bf2b7fa3f1d48f,2025-11-21T08:07:54Z,2025-11-21T08:07:59Z,2026-08-17T11:46:39,,,,,,,,,
docker.io/daltonnyx/agentcrew,agentcrew-ai,outside period (not read),0.8.5 v0.8.5 v0.8.5-6776def-38,sha256:d5748fc6a7d702d1629660873fd4a02a4d3195c987e4d934f55a86e9a1007654,application/vnd.oci.image.index.v1+json,linux/amd64 linux/arm64 unknown/unknown unknown/unknown,sha256:e525a4825a28e7ec31b4fffc3f63ff3d4b69769be1be93a8fbcdce6fd47c3e3b,2025-11-24T15:39:15Z,2025-11-24T15:39:19Z,2026-08-17T11:46:40,,,,,,,,,
docker.io/daltonnyx/agentcrew,agentcrew-ai,outside period (not read),0.8.6 v0.8.6-5615cb5-39,sha256:9f2ebe9c61d001576845a97fb236c5d817e3cea34b1a4091a0c96cc3987f2034,application/vnd.oci.image.index.v1+json,linux/amd64 linux/arm64 unknown/unknown unknown/unknown,sha256:f53fa7fdda3b96ffac50e3012c2759e9ae87a646cdb5af17506d5867b2104446,2025-11-26T02:32:37Z,2025-11-26T02:32:42Z,2026-08-17T11:46:40,,,,,,,,,
docker.io/daltonnyx/agentcrew,agentcrew-ai,outside period (not read),v0.8.6,sha256:d208a9b01ce1b048df11bee8828648c1d5aeee474ad630fbb39ea08d8b1b6172,application/vnd.docker.container.image.v1+json,linux/amd64,sha256:d208a9b01ce1b048df11bee8828648c1d5aeee474ad630fbb39ea08d8b1b6172,2025-11-26T14:58:36Z,2025-11-26T14:58:36Z,2026-08-17T11:46:47,,,,,,,,,
docker.io/daltonnyx/agentcrew,agentcrew-ai,outside period (not read),0.8.7 v0.8.7 v0.8.7-f1a7b32-40,sha256:a63c19409a9280674342b6fa7689fab55f88667d3f0d5e469ba2ba62995726d0,application/vnd.oci.image.index.v1+json,linux/amd64 linux/arm64 unknown/unknown unknown/unknown,sha256:682a2c5806f93c4caf01bbec1536447a54e611db1caeb74e28795435ad1a6b37,2025-11-27T17:22:49Z,2025-11-27T17:22:53Z,2026-08-17T11:46:40,,,,,,,,,
docker.io/daltonnyx/agentcrew,agentcrew-ai,outside period (not read),0.8.8 v0.8.8 v0.8.8-a037b8f-41,sha256:fdfc9ccbe7c4780941fb9cc5546b7d7f1b22b766bd0e05d0a791be1a9cc7d8d6,application/vnd.oci.image.index.v1+json,linux/amd64 linux/arm64 unknown/unknown unknown/unknown,sha256:766e8e7aa7881da6951398f7c5869885c940080975a6139ba3397ebb900ffb05,2025-11-30T14:11:31Z,2025-11-30T14:11:35Z,2026-08-17T11:46:40,,,,,,,,,
docker.io/daltonnyx/agentcrew,agentcrew-ai,outside period (not read),0.8.9 v0.8.9 v0.8.9-fbcd7b6-42,sha256:9a3bcfc07b054c3702d0a8d309c7422df97f3c9831a698642a642b7262b58f0e,application/vnd.oci.image.index.v1+json,linux/amd64 linux/arm64 unknown/unknown unknown/unknown,sha256:8d00d2ac843bd06340501b4b1bbcff72c98f998d7b55e56e571633bf365bbfdf,2025-12-05T16:12:52Z,2025-12-05T16:12:57Z,2026-08-17T11:46:40,,,,,,,,,
docker.io/daltonnyx/agentcrew,agentcrew-ai,outside period (not read),0.8.10 v0.8.10 v0.8.10-08dc409-43,sha256:c4e34435753d147c6e48e44c0b499408d1f6c2ad4032ec4c55216554c7e6140f,application/vnd.oci.image.index.v1+json,linux/amd64 linux/arm64 unknown/unknown unknown/unknown,sha256:0271b861a8e7f8f28ff06ecf8fd148b5b9e4460ebafd3e32a1e83676924ae548,2025-12-15T07:55:28Z,2025-12-15T07:55:33Z,2026-08-17T11:46:39,,,,,,,,,
docker.io/daltonnyx/agentcrew,agentcrew-ai,outside period (not read),0.8.11 v0.8.11 v0.8.11-fcaef8b-44,sha256:34ad77440586ea4bd64193770babf476853df01baff0b9f46ff8425fde489810,application/vnd.oci.image.index.v1+json,linux/amd64 linux/arm64 unknown/unknown unknown/unknown,sha256:32f99ea0dfa6a25025fa3757d15e33f49ea9dbab41beabc15aa3414d73a67992,2026-01-13T03:06:32Z,2026-01-13T03:06:37Z,2026-08-17T11:46:39,,,,,,,,,
docker.io/daltonnyx/agentcrew,agentcrew-ai,outside period (not read),0.8.12 v0.8.12 v0.8.12-4ab5a1a-45,sha256:66d88ec46706b060764b869d77097ab30cd84acaec7c7ace154b149651c527c9,application/vnd.oci.image.index.v1+json,linux/amd64 linux/arm64 unknown/unknown unknown/unknown,sha256:0c32e60b832eb6ee46861e694f5a4f031008af29bcba08b0c1ef7d1420063e06,2026-01-20T10:22:13Z,2026-01-20T10:22:19Z,2026-08-17T11:46:39,,,,,,,,,
docker.io/daltonnyx/agentcrew,agentcrew-ai,outside period (not read),0.8.13 v0.8.13 v0.8.13-e8f8f13-46,sha256:14b42822c5bf0a9b8ab7183aefc10a847fa6006abf90b6b5967853304fd41361,application/vnd.oci.image.index.v1+json,linux/amd64 linux/arm64 unknown/unknown unknown/unknown,sha256:4d6573ae53985a522b5219908da398eae4f95030d057463e87c5b56b67be0078,2026-01-22T10:56:50Z,2026-01-22T10:56:55Z,2026-08-17T11:46:39,,,,,,,,,
docker.io/daltonnyx/agentcrew,agentcrew-ai,outside period (not read),0.9.0 v0.9.0 v0.9.0-1858b31-47,sha256:07ba1f50c16c7b1ff5e23ff3c3e23d01bd5ce3055ca389dcf1e6c94b58584d1d,application/vnd.oci.image.index.v1+json,linux/amd64 linux/arm64 unknown/unknown unknown/unknown,sha256:2a3ae3336ec8969a4bcd25f6a3f26735fa24169c235562096338dccf56347b5a,2026-01-27T10:18:41Z,2026-01-27T10:18:45Z,2026-08-17T11:46:40,,,,,,,,,
docker.io/daltonnyx/agentcrew,agentcrew-ai,outside period (not read),0.9.1 v0.9.1 v0.9.1-fba3bf5-48,sha256:5fb56e856b1d4355d2928eab7a8a158e969555c8ed58bbe68dfaf054faed1d29,application/vnd.oci.image.index.v1+json,linux/amd64 linux/arm64 unknown/unknown unknown/unknown,sha256:2e3e026e1b12d52c887439c078e35a31860ed437fd0e5d7799b896be2429ee50,2026-02-04T09:05:53Z,2026-02-04T09:05:58Z,2026-08-17T11:46:40,,,,,,,,,
docker.io/daltonnyx/agentcrew,agentcrew-ai,outside period (not read),0.9.2 v0.9.2 v0.9.2-6d969d3-49,sha256:eb1ddae44cb07e0213df9ddbf8a5a70a021ef43685b7d802b31c2cc429d9a8b1,application/vnd.oci.image.index.v1+json,linux/amd64 linux/arm64 unknown/unknown unknown/unknown,sha256:fdddd03efb41245cd613ac2636c52153858d57bf270cab619c3a5b85d96f806f,2026-02-05T06:14:43Z,2026-02-05T06:14:48Z,2026-08-17T11:46:40,,,,,,,,,
docker.io/daltonnyx/agentcrew,agentcrew-ai,outside period (not read),0.9.3 v0.9.3 v0.9.3-a27544f-50,sha256:a4d3138bb06dca9afa708a335aa9665e47ec202407e1feaa281198252077ed45,application/vnd.oci.image.index.v1+json,linux/amd64 linux/arm64 unknown/unknown unknown/unknown,sha256:44c100dd7c92402ed7e0f7681b8b1cbec4c14fd3752fbc8d30e0a3ed4f09c93c,2026-02-06T12:03:11Z,2026-02-06T12:03:16Z,2026-09-11T02:42:31,,,,,,,,,
docker.io/daltonnyx/agentcrew,agentcrew-ai,outside period (not read),0.9.4 v0.9.4 v0.9.4-0128132-51,sha256:de6cb537c7b8899a2084284ec390cf9c6a11f9dec7d08e95aef91a6ec54852a0,application/vnd.oci.image.index.v1+json,linux/amd64 linux/arm64 unknown/unknown unknown/unknown,sha256:56bd68001a4f7313a7e6635f2af7474c34c3ef8b62757b9a5bab4bad7d5a1a3e,2026-02-12T09:57:03Z,2026-02-12T09:57:08Z,2026-09-11T02:42:29,,,,,,,,,
docker.io/daltonnyx/agentcrew,agentcrew-ai,outside period (not read),0.9.5 v0.9.5-a81e118-52,sha256:170e232ca8d82020fd8af69b4ddd4ebd73ac1c43024605e4f6ba20391c0065e1,application/vnd.oci.image.index.v1+json,linux/amd64 linux/arm64 unknown/unknown unknown/unknown,sha256:847eba9696dfbee35a1616f079e39ff19969db303c0186760f86be22e2d0f21d,2026-02-23T03:16:54Z,2026-02-23T03:16:58Z,2026-09-11T02:42:10,,,,,,,,,
docker.io/daltonnyx/agentcrew,agentcrew-ai,outside period (not read),v0.9.5,sha256:93258ddd3dcdf286399340de55bced7e98309355aa274d36d82c4c596e286c8d,application/vnd.docker.container.image.v1+json,linux/amd64,sha256:93258ddd3dcdf286399340de55bced7e98309355aa274d36d82c4c596e286c8d,2026-02-25T15:35:00Z,2026-02-25T15:35:00Z,2026-09-11T02:42:11,,,,,,,,,
docker.io/daltonnyx/agentcrew,agentcrew-ai,outside period (not read),0.9.6 v0.9.6-1ea88d7-53,sha256:16b8490324484ef6738b079a5e8811fd73796faddb04f5e44f7a04d962c5e70b,application/vnd.oci.image.index.v1+json,linux/amd64 linux/arm64 unknown/unknown unknown/unknown,sha256:c01baf51dbf296db7267deaa4458c90ded45a5088b8dbc4e3c35642ceab644cd,2026-02-28T16:21:37Z,2026-02-28T16:21:41Z,2026-09-11T02:41:41,,,,,,,,,
docker.io/daltonnyx/agentcrew,agentcrew-ai,outside period (not read),v0.9.6,sha256:5f079fbb8736393180d7ed7bb3b31fff2474440a66449ec25977b76403a2aca0,application/vnd.docker.container.image.v1+json,linux/amd64,sha256:5f079fbb8736393180d7ed7bb3b31fff2474440a66449ec25977b76403a2aca0,2026-03-03T04:32:06Z,2026-03-03T04:32:06Z,2026-09-11T02:41:42,,,,,,,,,
docker.io/daltonnyx/agentcrew,agentcrew-ai,outside period (not read),0.9.7 v0.9.7 v0.9.7-265f207-54,sha256:e7d4b3074b59dace558fc95830be821721dfb846f1d6394cb412a876f808ddd2,application/vnd.oci.image.index.v1+json,linux/amd64 linux/arm64 unknown/unknown unknown/unknown,sha256:eb35f62bf45ffdfbe7f39bf5d46e35185c36e1e052c21a431b0e255026581b5e,2026-03-06T03:52:18Z,2026-03-06T03:52:22Z,2026-09-11T02:41:39,,,,,,,,,
docker.io/daltonnyx/agentcrew,agentcrew-ai,outside period (not read),0.10.0 v0.10.0 v0.10.0-906849d-55,sha256:b53d31350bbd8a3f4236b791432e751feda93a777325a05695107af7dfc6663e,application/vnd.oci.image.index.v1+json,linux/amd64 linux/arm64 unknown/unknown unknown/unknown,sha256:d094cbc8bda607c2b6a1ca6b1ae5ffecdbd1ffb990cf35e8be046b0908a4caa0,2026-03-09T08:35:14Z,2026-03-09T08:35:19Z,2026-09-11T02:41:30,,,,,,,,,
docker.io/daltonnyx/agentcrew,agentcrew-ai,outside period (not read),v0.10.0b,sha256:a6d7a3ab1ae234ce757fa72ec357f7e5e2853109de471c7c84a8dc453089f909,application/vnd.docker.container.image.v1+json,linux/amd64,sha256:a6d7a3ab1ae234ce757fa72ec357f7e5e2853109de471c7c84a8dc453089f909,2026-03-10T13:05:20Z,2026-03-10T13:05:20Z,2026-08-17T11:46:41,,,,,,,,,
docker.io/daltonnyx/agentcrew,agentcrew-ai,outside period (not read),0.10.1 v0.10.1 v0.10.1-3445236-56,sha256:3c1646a9338c8dda326858f91a76a03bb2bbb7d0134a6068393ece5edf4d5ca2,application/vnd.oci.image.index.v1+json,linux/amd64 linux/arm64 unknown/unknown unknown/unknown,sha256:9cd5574b125bdbbb6415becf9fa4af5ae7772b34ddebe6f38769c397f08f6e2c,2026-03-10T15:12:23Z,2026-03-10T15:12:27Z,2026-09-11T02:41:32,,,,,,,,,
docker.io/daltonnyx/agentcrew,agentcrew-ai,outside period (not read),0.10.2 v0.10.2-e5f5bc8-57,sha256:13de62b209b9a18616d687b0b4eee164bd0045aba07d2f7ff5c128032e664e3b,application/vnd.oci.image.index.v1+json,linux/amd64 linux/arm64 unknown/unknown unknown/unknown,sha256:d4fa44b368ce1b469f67ed4008c902bbcfa16d212c1ac987f27b0c251d81f604,2026-03-11T07:27:40Z,2026-03-11T07:27:44Z,2026-09-11T02:41:32,,,,,,,,,
docker.io/daltonnyx/agentcrew,agentcrew-ai,outside period (not read),v0.10.2,sha256:5b71c99637074abf300fbb169057c1586d55110865f71c70a0c5a5cda13bcc0f,application/vnd.docker.container.image.v1+json,linux/amd64,sha256:5b71c99637074abf300fbb169057c1586d55110865f71c70a0c5a5cda13bcc0f,2026-03-15T09:40:57Z,2026-03-15T09:40:57Z,2026-08-17T11:46:41,,,,,,,,,
docker.io/daltonnyx/agentcrew,agentcrew-ai,outside period (not read),0.10.3 v0.10.3-b51b6f8-58,sha256:b5e07750e6e3dbd187e79302f1891fc66862cf5689d651657700d4e049d12750,application/vnd.oci.image.index.v1+json,linux/amd64 linux/arm64 unknown/unknown unknown/unknown,sha256:792494a77c88ece8c358b3056b029444b3a4d863afbcc680ee185ac406c4579e,2026-03-16T07:14:34Z,2026-03-16T07:14:39Z,2026-09-11T02:41:33,,,,,,,,,
docker.io/daltonnyx/agentcrew,agentcrew-ai,outside period (not read),v0.10.3,sha256:482c61805f7f53d28d2365f916455f733988ca2818add3d25d4ecb83877b6273,application/vnd.docker.container.image.v1+json,linux/amd64,sha256:482c61805f7f53d28d2365f916455f733988ca2818add3d25d4ecb83877b6273,2026-03-16T11:45:50Z,2026-03-16T11:45:50Z,2026-08-17T11:46:41,,,,,,,,,
docker.io/daltonnyx/agentcrew,agentcrew-ai,outside period (not read),0.11.0 v0.11.0 v0.11.0-1e0e846-59,sha256:95faf941f8e74d38de59a5e5b15db934300bd51a512192c58e3c95a90a4a9c6b,application/vnd.oci.image.index.v1+json,linux/amd64 linux/arm64 unknown/unknown unknown/unknown,sha256:578da9a5187209872428421cd5fd06c5f60b74c6471fd56524c9006f5fde4f10,2026-03-18T16:38:04Z,2026-03-18T16:38:08Z,2026-09-11T02:41:34,,,,,,,,,
docker.io/daltonnyx/agentcrew,agentcrew-ai,nearest before period,0.11.1 v0.11.1 v0.11.1-7eb39ee-60,sha256:1bad83c849bb2d867e19f254896ba96eb075e07c9acf34cc96c20cd9ca8788e0,application/vnd.oci.image.index.v1+json,linux/amd64 linux/arm64 unknown/unknown unknown/unknown,sha256:b66e2a29d9132bde450175653fe4069ccb3b3de0639fb3c1a6f95146575f22d2,2026-03-20T15:20:30Z,2026-03-20T15:20:34Z,2026-09-11T02:41:35,,,,,,,,,
docker.io/daltonnyx/agentcrew,agentcrew-ai,in window,0.12.0 v0.12.0-ef04b90-61,sha256:f934c3007e26d45c115acad620a08dbd05cf42127b84f9740fed52208f2c7b47,application/vnd.oci.image.index.v1+json,linux/amd64 linux/arm64 unknown/unknown unknown/unknown,sha256:a69c9a223f85bbae8ee65c3a98d17b771f4222e4665e08204851b09db71923c3,2026-03-27T07:28:40Z,2026-03-27T07:28:43Z,2026-09-11T02:41:36,,,,,,,,,
docker.io/daltonnyx/agentcrew,agentcrew-ai,in window,v0.12.0,sha256:0f701f37be71727f1d4c9375c756b3d50f938fe4919a90309042d9f7abdbf70a,application/vnd.docker.container.image.v1+json,linux/amd64,sha256:0f701f37be71727f1d4c9375c756b3d50f938fe4919a90309042d9f7abdbf70a,2026-03-27T08:39:26Z,2026-03-27T08:39:26Z,2026-08-17T11:46:41,,,,,,,,,
docker.io/daltonnyx/agentcrew,agentcrew-ai,in window,0.12.1 v0.12.1-e03b732-63,sha256:d4fd9756bba12254b1ecbaf42abc219de9367faf70f7774ec297c1bd0f385f50,application/vnd.oci.image.index.v1+json,linux/amd64 linux/arm64 unknown/unknown unknown/unknown,sha256:8223937c09bab6a02db2584c04ced47bc4613b3770db84530bfbaa7c925e25e4,2026-03-27T16:49:31Z,2026-03-27T16:49:36Z,2026-09-11T02:41:37,,,,,,,,,
docker.io/daltonnyx/agentcrew,agentcrew-ai,in window,v0.12.1,sha256:6b0bde9eabca3206e610c64751b0d4570b6704b8dc2c06284d15d689023c4066,application/vnd.docker.container.image.v1+json,linux/amd64,sha256:6b0bde9eabca3206e610c64751b0d4570b6704b8dc2c06284d15d689023c4066,2026-03-30T13:40:53Z,2026-03-30T13:40:53Z,2026-08-17T11:46:41,,,,,,,,,
docker.io/daltonnyx/agentcrew,agentcrew-ai,in window,v0.12.2,sha256:c872130fc5290b839e111a0dc96f0f1840afc7a4abcd5975dd58672bca68951a,application/vnd.docker.container.image.v1+json,linux/amd64,sha256:c872130fc5290b839e111a0dc96f0f1840afc7a4abcd5975dd58672bca68951a,2026-04-01T03:16:06Z,2026-04-01T03:16:06Z,2026-08-17T11:46:42,,,,,,,,,
docker.io/daltonnyx/agentcrew,agentcrew-ai,in window,0.12.3 v0.12.3-bc17243-65,sha256:a3284025e2668d2472380c1cb202c8db06c5b705215711b67528a64f90b3048c,application/vnd.oci.image.index.v1+json,linux/amd64 linux/arm64 unknown/unknown unknown/unknown,sha256:fab7d465210968e24d794902a3cd3d21a4c4c1282021763e8394bcb27f0ae2be,2026-04-02T05:04:26Z,2026-04-02T05:04:31Z,2026-08-17T11:46:32,,,,,,,,,
docker.io/daltonnyx/agentcrew,agentcrew-ai,in window,v0.12.3,sha256:6ec93dd1fb7c8f628ffb43a7c4304b7db7e9d9dcf1781b938fdb9cbb3ab158a3,application/vnd.docker.container.image.v1+json,linux/amd64,sha256:6ec93dd1fb7c8f628ffb43a7c4304b7db7e9d9dcf1781b938fdb9cbb3ab158a3,2026-04-08T03:37:57Z,2026-04-08T03:37:57Z,2026-08-17T11:46:42,,,,,,,,,
docker.io/daltonnyx/agentcrew,agentcrew-ai,in window,0.12.4 v0.12.4 v0.12.4-aa64551-66,sha256:bf59def21c7a4acf0a3e8dbff5354cbf309e9438bfada284750cc6c95019ee57,application/vnd.oci.image.index.v1+json,linux/amd64 linux/arm64 unknown/unknown unknown/unknown,sha256:e38b1a796300b938b43a5ecd37fc6fbef659f1e9cb786b3a3051f038f1d9cc79,2026-04-12T15:38:36Z,2026-04-12T15:38:41Z,2026-08-17T11:46:32,,,,,,,,,
docker.io/daltonnyx/agentcrew,agentcrew-ai,in window,0.12.5 v0.12.5 v0.12.5-591cb7f-67,sha256:8b56285a59b2d9a5f42cfaaa3ca540cf1bf977563bd1164b8b162f09761765c8,application/vnd.oci.image.index.v1+json,linux/amd64 linux/arm64 unknown/unknown unknown/unknown,sha256:5256452ee2827f7267df5cb1815f50e3791c57fda04fc3c1048c444abf4ae720,2026-04-12T16:20:56Z,2026-04-12T16:21:01Z,2026-08-17T11:46:32,,,,,,,,,
docker.io/daltonnyx/agentcrew,agentcrew-ai,in window,0.12.6 v0.12.6 v0.12.6-5b55b6a-68,sha256:901dc5bd838a16b8318dbe3cc8895d3497f29fcbb98d5586083f70c7e8d7465c,application/vnd.oci.image.index.v1+json,linux/amd64 linux/arm64 unknown/unknown unknown/unknown,sha256:5f75e35e2ed0ddfd0b5004efba1709497de843912a5624af2106b83cf0387f4e,2026-04-13T06:34:46Z,2026-04-13T06:34:50Z,2026-08-17T11:46:32,,,,,,,,,
docker.io/daltonnyx/agentcrew,agentcrew-ai,in window,0.12.7 v0.12.7 v0.12.7-6c16452-69,sha256:08eefe8c57183485fe56f815c2b489b062bad2c77593a4b9305325408394a4b9,application/vnd.oci.image.index.v1+json,linux/amd64 linux/arm64 unknown/unknown unknown/unknown,sha256:5814454c2f08b32490453458e5018ecef31884afa49faec983ba3bcfe4d75e83,2026-04-13T08:27:07Z,2026-04-13T08:27:12Z,2026-08-17T11:46:32,,,,,,,,,
docker.io/daltonnyx/agentcrew,agentcrew-ai,in window,0.12.8 v0.12.8 v0.12.8-77f2a31-70,sha256:ef5ec8d9a6ba46affe59db1704669ddda94e3780366a6816de5751c495e49f1d,application/vnd.oci.image.index.v1+json,linux/amd64 linux/arm64 unknown/unknown unknown/unknown,sha256:b405d3a5cd470bb2e669a53747e9cff0b74ac284f4ed830c9d73e77e303e2b48,2026-04-14T09:00:38Z,2026-04-14T09:01:33Z,2026-08-17T11:46:32,,,,,,,,,
docker.io/daltonnyx/agentcrew,agentcrew-ai,in window,0.12.9 v0.12.9 v0.12.9-0f53e45-71,sha256:6c8696343c59c4a993744a82e5279dc575b704206bd751b56122cac7a597b124,application/vnd.oci.image.index.v1+json,linux/amd64 linux/arm64 unknown/unknown unknown/unknown,sha256:75ac2c1ddeb331498edf1b546d722afb21c1d207a77e40f550496f83deb10e48,2026-04-15T05:13:30Z,2026-04-15T05:13:34Z,2026-08-17T11:46:32,,,,,,,,,
docker.io/daltonnyx/agentcrew,agentcrew-ai,in window,0.12.10 v0.12.10 v0.12.10-be9c028-72,sha256:131ba9118910e0c0f96ca62b8eaf2de0a3d782a467a8b39a6d54f9e978bbdafc,application/vnd.oci.image.index.v1+json,linux/amd64 linux/arm64 unknown/unknown unknown/unknown,sha256:2cc5d0b3273d40ad08b78e9a72de3e463bdb0b3150f2a80b007fb61337a86a2f,2026-04-15T15:31:36Z,2026-04-15T15:31:40Z,2026-09-11T02:41:38,,,,,,,,,
docker.io/daltonnyx/agentcrew,agentcrew-ai,in window,0.12.11 v0.12.11-94e4252-73,sha256:134f42bc862843e2949e8586bfdde149c8769ed897dc2374240cf09a8de419b5,application/vnd.oci.image.index.v1+json,linux/amd64 linux/arm64 unknown/unknown unknown/unknown,sha256:82fdad65f464c7130dd5c3b4b692c1d1d2526bdea7df9702ddfa32b1f50ad9c1,2026-04-17T08:57:05Z,2026-04-17T08:57:11Z,2026-08-17T11:46:31,,,,,,,,,
docker.io/daltonnyx/agentcrew,agentcrew-ai,in window,v0.12.11,sha256:22117a1bb9fc0a2e731ed475f2dff9dc38bbbcb5aa0caa29336c11548ca508a3,application/vnd.docker.container.image.v1+json,linux/amd64,sha256:22117a1bb9fc0a2e731ed475f2dff9dc38bbbcb5aa0caa29336c11548ca508a3,2026-04-17T16:26:22Z,2026-04-17T16:26:22Z,2026-08-17T11:46:41,,,,,,,,,
docker.io/daltonnyx/agentcrew,agentcrew-ai,in window,0.12.12 v0.12.12-8a8ae0d-74,sha256:11a670db4f6edee33af341540561b7e1795ed842e6dcc3d95a0fb07c8259e829,application/vnd.oci.image.index.v1+json,linux/amd64 linux/arm64 unknown/unknown unknown/unknown,sha256:359bcf1ecebac2c848b67497fea61b4ece91184e0b02085b3838bc79e00227d0,2026-04-20T16:41:27Z,2026-04-20T16:41:30Z,2026-08-17T11:46:31,,,,,,,,,
docker.io/daltonnyx/agentcrew,agentcrew-ai,in window,v0.12.12,sha256:aeabff4dc206e2fa088af42d3d91f1fccb4b84fdabcf33e407b219d3737bbedd,application/vnd.docker.container.image.v1+json,linux/amd64,sha256:aeabff4dc206e2fa088af42d3d91f1fccb4b84fdabcf33e407b219d3737bbedd,2026-04-20T17:07:40Z,2026-04-20T17:07:40Z,2026-08-17T11:46:41,,,,,,,,,
docker.io/daltonnyx/agentcrew,agentcrew-ai,in window,0.12.13 v0.12.13 v0.12.13-42f6d42-75,sha256:e0501dd9089dbb9aa975686a74855d2040b7820c4c11405963986cbc0d8440f9,application/vnd.oci.image.index.v1+json,linux/amd64 linux/arm64 unknown/unknown unknown/unknown,sha256:c82aae275cf9b33d3d76b2ca3c4bd96cac33f851fbf5364a57dd4cc00a9711af,2026-04-21T04:57:33Z,2026-04-21T04:57:38Z,2026-08-17T11:46:31,,,,,,,,,
docker.io/daltonnyx/agentcrew,agentcrew-ai,in window,0.12.14 v0.12.14 v0.12.14-5c8fde4-76,sha256:54d985140e04e102ec9b96c0cd5d910b2129ce4b2341853a7ca3570a67afaab9,application/vnd.oci.image.index.v1+json,linux/amd64 linux/arm64 unknown/unknown unknown/unknown,sha256:142ee0531822d9e42b5f928c391ceb51363ae2f67067af38aa3845f8167f0e13,2026-04-21T08:38:26Z,2026-04-21T08:38:35Z,2026-08-17T11:46:32,,,,,,,,,
docker.io/daltonnyx/agentcrew,agentcrew-ai,in window,0.12.15 v0.12.15-2a39106-77,sha256:0f875d0474aaa9e4afadad5ebf846fd223330cd592e923a52b793d9fb55b2ce0,application/vnd.oci.image.index.v1+json,linux/amd64 linux/arm64 unknown/unknown unknown/unknown,sha256:98af4adfbd86d44d5ec181cdf37927221332b4940e42ffe3208ca56d1ffca65c,2026-04-21T16:14:11Z,2026-04-21T16:14:16Z,2026-08-17T11:46:32,,,,,,,,,
docker.io/daltonnyx/agentcrew,agentcrew-ai,in window,v0.12.15,sha256:e1af88bf7ca5c02b46ba177363cbad26857800e10b90631c6dacb259e29aceaa,application/vnd.docker.container.image.v1+json,linux/amd64,sha256:e1af88bf7ca5c02b46ba177363cbad26857800e10b90631c6dacb259e29aceaa,2026-04-22T16:07:55Z,2026-04-22T16:07:55Z,2026-08-17T11:46:42,,,,,,,,,
docker.io/daltonnyx/agentcrew,agentcrew-ai,in window,0.13.0 v0.13.0 v0.13.0-42a774e-78,sha256:4999a7221651c213b4b79d1e3ea989bd7b6db32cd5932c098e89607fcadf7314,application/vnd.oci.image.index.v1+json,linux/amd64 linux/arm64 unknown/unknown unknown/unknown,sha256:e14056bedba16611dea62108c15e54be033bf74eee9b4f2249c48784ca2c6ffc,2026-04-22T17:01:31Z,2026-04-22T17:01:39Z,2026-08-17T11:46:32,,,,,,,,,
docker.io/daltonnyx/agentcrew,agentcrew-ai,in month after,0.13.2 v0.13.2 v0.13.2-39e1858-80,sha256:39f11680cd36320747ce7526552cf05f040d15b3de50ab5d8f6bafba3d1d0a44,application/vnd.oci.image.index.v1+json,linux/amd64 linux/arm64 unknown/unknown unknown/unknown,sha256:21ce94b08065d32aa8990de6f5900247a8c9e0d84e7f0d35c64319038e50a0a6,2026-04-24T08:11:10Z,2026-04-24T08:11:14Z,2026-08-21T17:45:33,,,,,,,,,
docker.io/daltonnyx/agentcrew,agentcrew-ai,in month after,0.13.3 v0.13.3 v0.13.3-8292de3-81,sha256:f11d0fea8c6568aacbea6e5c85fc2c5aab481a4c5aabce4471c1029ba4645307,application/vnd.oci.image.index.v1+json,linux/amd64 linux/arm64 unknown/unknown unknown/unknown,sha256:c38970678daaa594d62a4b9f9a333fb2ffa76919c7dd831b06323d5f872d67b8,2026-04-27T14:45:07Z,2026-04-27T14:45:12Z,2026-08-29T16:01:19,,,,,,,,,
docker.io/daltonnyx/agentcrew,agentcrew-ai,in month after,0.13.4 v0.13.4-f49e191-82,sha256:4bde2380b983daf25939f207986096037b778d7da698a687c67df764371dba78,application/vnd.oci.image.index.v1+json,linux/amd64 linux/arm64 unknown/unknown unknown/unknown,sha256:d65245af206a6b2b07c7ed0efca491a015a2a6657217363468cd8684286fbb7a,2026-04-28T04:21:17Z,2026-04-28T04:21:23Z,2026-08-28T19:11:51,,,,,,,,,
docker.io/daltonnyx/agentcrew,agentcrew-ai,in month after,v0.13.4,sha256:2f2e7a00acc94ede7d361619c0f01725a3865c956619b120cfe371346b92cc22,application/vnd.docker.container.image.v1+json,linux/amd64,sha256:2f2e7a00acc94ede7d361619c0f01725a3865c956619b120cfe371346b92cc22,2026-04-28T15:09:52Z,2026-04-28T15:09:52Z,2026-08-17T11:46:42,,,,,,,,,
docker.io/daltonnyx/agentcrew,agentcrew-ai,in month after,0.13.5 v0.13.5 v0.13.5-fea2858-83,sha256:04ffa76baaf718227692ef81660f783b70af0bba23ddb8bc9389287c54fe8da1,application/vnd.oci.image.index.v1+json,linux/amd64 linux/arm64 unknown/unknown unknown/unknown,sha256:49df3165762edc0b6cc73c3531d2131ef4e8d1a116615ddbd07d65d51c7cac3f,2026-04-29T15:04:38Z,2026-04-29T15:04:42Z,2026-08-17T11:46:33,,,,,,,,,
docker.io/daltonnyx/agentcrew,agentcrew-ai,in month after,0.13.6 v0.13.6 v0.13.6-e71cfe0-84,sha256:fdf317148028167c53a687c4e5119dbe647174ecfa87c1ddd521d3700c12d196,application/vnd.oci.image.index.v1+json,linux/amd64 linux/arm64 unknown/unknown unknown/unknown,sha256:2b545b77b9e29e3a4a4e6c73e508059c77e9bfe784b48553c7fd90a91773aec3,2026-04-30T16:53:23Z,2026-04-30T16:53:28Z,2026-09-25T13:31:35,,,,,,,,,
docker.io/daltonnyx/agentcrew,agentcrew-ai,in month after,0.13.7 v0.13.7 v0.13.7-37d9afa-85,sha256:8d03e7197530214ad73cb483c42e9729965d33df4f38be96039dca7a5fa2054c,application/vnd.oci.image.index.v1+json,linux/amd64 linux/arm64 unknown/unknown unknown/unknown,sha256:b8e9d070c0646195f69e1b8d77fd33a0d6ee32954e159f0fef7348621dea9a8f,2026-05-04T04:21:39Z,2026-05-04T04:21:42Z,2026-09-18T07:29:30,,,,,,,,,
docker.io/daltonnyx/agentcrew,agentcrew-ai,in month after,v0.13.8,sha256:c7baf652f12f259f7962e88be4d00dc096c2498fb3e9286d19f6736130aa657d,application/vnd.docker.container.image.v1+json,linux/amd64,sha256:c7baf652f12f259f7962e88be4d00dc096c2498fb3e9286d19f6736130aa657d,2026-05-05T15:01:38Z,2026-05-05T15:01:38Z,2026-08-17T11:46:42,,,,,,,,,
docker.io/daltonnyx/agentcrew,agentcrew-ai,in month after,v0.14.0,sha256:87ad4c15ad9bb1c996c877075492153ca9dc07afb259b4d0a5fbbacf16a1a9f6,application/vnd.docker.container.image.v1+json,linux/amd64,sha256:87ad4c15ad9bb1c996c877075492153ca9dc07afb259b4d0a5fbbacf16a1a9f6,2026-05-07T08:26:30Z,2026-05-07T08:26:30Z,2026-08-17T11:46:42,,,,,,,,,
docker.io/daltonnyx/agentcrew,agentcrew-ai,in month after,v0.14.2,sha256:3ec946c35e8d7514dd9bce92cc533f3ecad7972bb038d4ede91dc69420ef7c3d,application/vnd.docker.container.image.v1+json,linux/amd64,sha256:3ec946c35e8d7514dd9bce92cc533f3ecad7972bb038d4ede91dc69420ef7c3d,2026-05-08T03:01:07Z,2026-05-08T03:01:07Z,2026-08-17T11:46:43,,,,,,,,,
docker.io/daltonnyx/agentcrew,agentcrew-ai,in month after,v0.14.3,sha256:42b7d85787247fbbd31b4c83c52389222191071ccba1f33f48470cb61f8614a0,application/vnd.docker.container.image.v1+json,linux/amd64,sha256:42b7d85787247fbbd31b4c83c52389222191071ccba1f33f48470cb61f8614a0,2026-05-08T06:08:39Z,2026-05-08T06:08:39Z,2026-08-17T11:46:43,,,,,,,,,
docker.io/daltonnyx/agentcrew,agentcrew-ai,in month after,v0.15.0,sha256:bd48b3077e2e1ac79a5f26be5657c6ca4584c80771940a03f3f370d1d4d25624,application/vnd.docker.container.image.v1+json,linux/amd64,sha256:bd48b3077e2e1ac79a5f26be5657c6ca4584c80771940a03f3f370d1d4d25624,2026-05-12T07:32:39Z,2026-05-12T07:32:39Z,2026-08-17T11:46:43,,,,,,,,,
docker.io/daltonnyx/agentcrew,agentcrew-ai,in month after,0.15.1 v0.15.1 v0.15.1-c9adfd8-92,sha256:9d6ec28b6c9e2dce9bf90b80eebd610769745e5d27411cf0a83dd4b8e9c7357c,application/vnd.oci.image.index.v1+json,linux/amd64 linux/arm64 unknown/unknown unknown/unknown,sha256:921e5486fe8cbc01e9b863e2604004e6fabe94906f96a1f0fa0ffdc48f27bb47,2026-05-13T03:48:56Z,2026-05-13T03:49:00Z,2026-08-17T11:46:33,,,,,,,,,
docker.io/daltonnyx/agentcrew,agentcrew-ai,in month after,0.15.2 v0.15.2 v0.15.2-2813c24-93,sha256:412a67bf838087dc910f1c99e54b491403f41fef1944ba9d5c9bf110f5f5c7f0,application/vnd.oci.image.index.v1+json,linux/amd64 linux/arm64 unknown/unknown unknown/unknown,sha256:3fee8b7c1b9425df96cd80c61c08bd43730c83eebb8aa672540ffb9a2a3392fa,2026-05-14T09:01:04Z,2026-05-14T09:01:38Z,2026-08-17T11:46:33,,,,,,,,,
docker.io/daltonnyx/agentcrew,agentcrew-ai,in month after,0.15.3 v0.15.3 v0.15.3-ec4d942-94,sha256:1b1b624cef13ac59cc2fc777967bb7f18252da7ca7242cb5cf3d8f7d6d68cdc1,application/vnd.oci.image.index.v1+json,linux/amd64 linux/arm64 unknown/unknown unknown/unknown,sha256:31a8422ce3ef986e243367672a95642f3832cf3d060c09fa56c01f2b093ec7dc,2026-05-19T16:13:42Z,2026-05-19T16:13:47Z,2026-08-17T11:46:34,,,,,,,,,
docker.io/daltonnyx/agentcrew,agentcrew-ai,in month after,0.15.4 v0.15.4-2c756a4-95,sha256:9b77970b8a5ac367e1b9c7e71209ceb346f99f7ac0412b329d02e877222936b7,application/vnd.oci.image.index.v1+json,linux/amd64 linux/arm64 unknown/unknown unknown/unknown,sha256:0b7fd6d579522b6cada1ba056c0c16ed9d5ebcb1556596a74cd9d17a1cfe29cb,2026-05-20T04:09:03Z,2026-05-20T04:09:08Z,2026-08-17T11:46:34,,,,,,,,,
docker.io/daltonnyx/agentcrew,agentcrew-ai,in month after,v0.15.4,sha256:85d835c5be4c63906ae1ba5ba132330a83fecd5ae9b1cb48d4383441e8d684f8,application/vnd.docker.container.image.v1+json,linux/amd64,sha256:85d835c5be4c63906ae1ba5ba132330a83fecd5ae9b1cb48d4383441e8d684f8,2026-05-20T07:46:41Z,2026-05-20T07:46:41Z,2026-08-17T11:46:43,,,,,,,,,
docker.io/daltonnyx/agentcrew,agentcrew-ai,in month after,0.15.5 v0.15.5-0875830-96,sha256:8f92c2e518565b77a4c3b67afedbcbea7f1445ce40a3d586aa4df9fbb320a479,application/vnd.oci.image.index.v1+json,linux/amd64 linux/arm64 unknown/unknown unknown/unknown,sha256:698eed5e3d4d07b4ffcbbfc806d2b6dd5ea22928d2006d1ab245e4fe707c4a3d,2026-05-20T15:00:08Z,2026-05-20T15:00:22Z,2026-08-17T11:46:34,,,,,,,,,
docker.io/daltonnyx/agentcrew,agentcrew-ai,in month after,v0.15.5,sha256:515bbf0d2a38d5427ec284fded15d1b9401c4fa3a97a944569a8420aadbddb1d,application/vnd.docker.container.image.v1+json,linux/amd64,sha256:515bbf0d2a38d5427ec284fded15d1b9401c4fa3a97a944569a8420aadbddb1d,2026-05-21T06:47:34Z,2026-05-21T06:47:34Z,2026-08-17T11:46:43,,,,,,,,,
docker.io/daltonnyx/agentcrew,agentcrew-ai,in month after,0.15.6 v0.15.6 v0.15.6-0e01c4a-97,sha256:245a157d72f9b2ef62b634e14f0fb16283aaf8e34b4af66171e84584e0a8a043,application/vnd.oci.image.index.v1+json,linux/amd64 linux/arm64 unknown/unknown unknown/unknown,sha256:c8b8cca8e858cf0422d422e96f5a4090649ef3c505e8517a96667ff98816bdab,2026-05-21T15:14:49Z,2026-05-21T15:14:54Z,2026-08-17T11:46:34,,,,,,,,,
docker.io/daltonnyx/agentcrew,agentcrew-ai,in month after,0.15.7 v0.15.7 v0.15.7-eef3e7c-98,sha256:67f2d7cfae1417b6ebbe58ce8c3e7ce772ba06f6e51a3a532c3a673be6085855,application/vnd.oci.image.index.v1+json,linux/amd64 linux/arm64 unknown/unknown unknown/unknown,sha256:d4fe3346c3de7c5130b3cd6ff04e4d7d53c93a3a6e0cf1779566629806c2829a,2026-05-22T06:59:16Z,2026-05-22T06:59:20Z,2026-08-17T11:46:34,,,,,,,,,
docker.io/daltonnyx/agentcrew,agentcrew-ai,nearest after period,0.15.8 v0.15.8 v0.15.8-d92cd30-99,sha256:041e80312dfdd0c6b748a9bcdd228201494f0c6dc7db05740ed91ee2a8c97a86,application/vnd.oci.image.index.v1+json,linux/amd64 linux/arm64 unknown/unknown unknown/unknown,sha256:bbc8112f25aa449e48e94cb1a851b2cd39a4efe50193de8d151d903ea01bdfe2,2026-05-26T14:56:30Z,2026-05-26T14:56:34Z,2026-08-17T11:46:34,,,,,,,,,
docker.io/daltonnyx/agentcrew,agentcrew-ai,outside period (not read),0.15.9 v0.15.9-9182b7e-100,sha256:73faca12ed9bce63e51a31fabf026f8de03f46abb6942e0889bdb4a18291bf1c,application/vnd.oci.image.index.v1+json,linux/amd64 linux/arm64 unknown/unknown unknown/unknown,sha256:21f21e27a91a79f27055d71ddf9e416cd4ce9857a855530c961f7cb4ed0d0a43,2026-05-27T13:28:04Z,2026-05-27T13:28:07Z,2026-08-17T11:46:34,,,,,,,,,
docker.io/daltonnyx/agentcrew,agentcrew-ai,outside period (not read),v0.15.9,sha256:84c9bb1b26fb845af065a1f70589559a5e788d2e155ed731891441b8bc2da236,application/vnd.docker.container.image.v1+json,linux/amd64,sha256:84c9bb1b26fb845af065a1f70589559a5e788d2e155ed731891441b8bc2da236,2026-05-27T15:16:18Z,2026-05-27T15:16:18Z,2026-08-17T11:46:44,,,,,,,,,
docker.io/daltonnyx/agentcrew,agentcrew-ai,outside period (not read),0.15.10 v0.15.10 v0.15.10-c4b723a-101,sha256:6157f026bb1e879039ee740f28f3b483e1a08fd08a0f0de115b5b2c8ca6eae2d,application/vnd.oci.image.index.v1+json,linux/amd64 linux/arm64 unknown/unknown unknown/unknown,sha256:cc383b11607a8529cc2b79b82b5be2fe82660958d0b071f762d13e293198597b,2026-05-29T08:14:07Z,2026-05-29T08:14:12Z,2026-08-17T11:46:33,,,,,,,,,
docker.io/daltonnyx/agentcrew,agentcrew-ai,outside period (not read),0.15.11 v0.15.11 v0.15.11-aba034c-102,sha256:fdd5906a8f978a5771154674cc85a605365c5b0acaa5f360957bfabe02c60744,application/vnd.oci.image.index.v1+json,linux/amd64 linux/arm64 unknown/unknown unknown/unknown,sha256:f79598493859ead9b5b8dd140791e03951d163d2480f7c02005b91e9aed9f350,2026-05-29T09:42:45Z,2026-05-29T09:42:49Z,2026-08-17T11:46:33,,,,,,,,,
docker.io/daltonnyx/agentcrew,agentcrew-ai,outside period (not read),0.15.12 v0.15.12-6e6ae46-103,sha256:bfd0f24e8625b576205337f4fe5d1345614edac7f2e6473a691f98b25331f1ac,application/vnd.oci.image.index.v1+json,linux/amd64 linux/arm64 unknown/unknown unknown/unknown,sha256:8887ba3a58bd6e3478cea1cbf2e30072aa3e2c7c6ac4df3366cb407a7922d4bd,2026-06-01T14:02:00Z,2026-06-01T14:02:06Z,2026-08-17T11:46:33,,,,,,,,,
docker.io/daltonnyx/agentcrew,agentcrew-ai,outside period (not read),v0.15.12,sha256:6a649a115ee94374cabaa5a549dcfc707dbcc4190f55f20abadc2d48e7a0b81b,application/vnd.docker.container.image.v1+json,linux/amd64,sha256:6a649a115ee94374cabaa5a549dcfc707dbcc4190f55f20abadc2d48e7a0b81b,2026-06-01T15:17:25Z,2026-06-01T15:17:25Z,2026-08-17T11:46:43,,,,,,,,,
docker.io/daltonnyx/agentcrew,agentcrew-ai,outside period (not read),0.15.13 v0.15.13 v0.15.13-d15f660-104,sha256:61b2140b2aa3678fccaea15bf14ec43db624d43dcfeaf927389498a940999269,application/vnd.oci.image.index.v1+json,linux/amd64 linux/arm64 unknown/unknown unknown/unknown,sha256:b30eb013f8e0a0bd1e5dd2fdb299dcf0095214ca1f08ea42b5a78db60c87fbed,2026-06-02T16:17:10Z,2026-06-02T16:17:15Z,2026-08-17T11:46:33,,,,,,,,,
docker.io/daltonnyx/agentcrew,agentcrew-ai,outside period (not read),0.15.14 v0.15.14 v0.15.14-34406a9-105,sha256:02ea0a85fefed6cc4734fe4f0b83c51a119df837d72db6306ebf678c4dfd30b3,application/vnd.oci.image.index.v1+json,linux/amd64 linux/arm64 unknown/unknown unknown/unknown,sha256:08aa72f2be208f0c53b2a00b2cfc3bd970d98e4232c1488294354204f7cc4e67,2026-06-03T08:55:32Z,2026-06-03T08:55:38Z,2026-08-17T11:46:33,,,,,,,,,
docker.io/daltonnyx/agentcrew,agentcrew-ai,outside period (not read),v0.15.15,sha256:88ad448289ed5ff61ee44ccd6eead68d3c8be2ec5c8c67198c60429f572bf7f9,application/vnd.docker.container.image.v1+json,linux/amd64,sha256:88ad448289ed5ff61ee44ccd6eead68d3c8be2ec5c8c67198c60429f572bf7f9,2026-06-03T14:51:45Z,2026-06-03T14:51:45Z,2026-08-17T11:46:43,,,,,,,,,
docker.io/daltonnyx/agentcrew,agentcrew-ai,outside period (not read),0.15.16 v0.15.16 v0.15.16-bec8902-107,sha256:607bbc89e81f517162faa5e3271560a9c539e4710d4989d721aaae458d3fc9ab,application/vnd.oci.image.index.v1+json,linux/amd64 linux/arm64 unknown/unknown unknown/unknown,sha256:f9b6ac530a697eb58633c5aa1e7491eb1d643975b085e9230b691dfebf758ec3,2026-06-03T16:02:42Z,2026-06-03T16:02:48Z,2026-08-17T11:46:33,,,,,,,,,
docker.io/daltonnyx/agentcrew,agentcrew-ai,outside period (not read),0.16.0 v0.16.0 v0.16.0-c2c529c-108,sha256:c9b26dc9e1140f91d291704c5242018fb317ef7a9fda74518fe7b00a7a24ecf8,application/vnd.oci.image.index.v1+json,linux/amd64 linux/arm64 unknown/unknown unknown/unknown,sha256:766bc6880fb295de018073f1ae079369760166779db1a6098d861e9cec70524b,2026-06-05T04:09:56Z,2026-06-05T04:10:00Z,2026-08-17T11:46:34,,,,,,,,,
docker.io/daltonnyx/agentcrew,agentcrew-ai,outside period (not read),0.16.1 v0.16.1 v0.16.1-416ec0f-109,sha256:9342b047faf538eca3a57325eadc43139ab82860aff96650a894aaf9b4df56d8,application/vnd.oci.image.index.v1+json,linux/amd64 linux/arm64 unknown/unknown unknown/unknown,sha256:25ee95b85f0af4d4707c53bed93c3f4cdd0edebb8b583f3e2c1651a8b7cc5433,2026-06-10T07:15:54Z,2026-06-10T07:15:59Z,2026-08-17T11:46:34,,,,,,,,,
docker.io/daltonnyx/agentcrew,agentcrew-ai,outside period (not read),0.16.2 v0.16.2 v0.16.2-4f370d9-110,sha256:6810e704879abaf5594bf57841050f8fa2cee8bc86fa787710c97f828b02d977,application/vnd.oci.image.index.v1+json,linux/amd64 linux/arm64 unknown/unknown unknown/unknown,sha256:1f0e0c7f3588e6904c81ec98e38376a2a1adb4ae0254800fd53860c24dbba664,2026-06-12T05:25:08Z,2026-06-12T05:25:12Z,2026-08-17T11:46:34,,,,,,,,,
docker.io/daltonnyx/agentcrew,agentcrew-ai,outside period (not read),0.16.3 v0.16.3 v0.16.3-3dfd099-111,sha256:4740bab991d3b0a7c64fae31ee4a4607433b15723265c3019681ea6efd0baacd,application/vnd.oci.image.index.v1+json,linux/amd64 linux/arm64 unknown/unknown unknown/unknown,sha256:0166bdb6efca2a0556524d22fa563998f00d99bfcb5f45b9a447483a319cdaf0,2026-06-15T06:55:10Z,2026-06-15T06:55:13Z,2026-08-17T11:46:35,,,,,,,,,
docker.io/daltonnyx/agentcrew,agentcrew-ai,outside period (not read),0.16.4 v0.16.4 v0.16.4-30e9fad-112,sha256:2b5c9c0969664b390de05f0ac2e146c58bb603d2466ce86637a60bd0770f0430,application/vnd.oci.image.index.v1+json,linux/amd64 linux/arm64 unknown/unknown unknown/unknown,sha256:177edd47963e94980ecddf74d92e832b4b8a45e96dd571180adf52aa5c4ff839,2026-06-15T07:57:49Z,2026-06-15T07:57:53Z,2026-09-04T10:37:07,,,,,,,,,
docker.io/daltonnyx/agentcrew,agentcrew-ai,outside period (not read),0.16.5 v0.16.5 v0.16.5-3f8fddb-113,sha256:9d1b3ed6747eeb4bbf853ddf1e7cb25e263f6b1efcdaddd4ec32622147476438,application/vnd.oci.image.index.v1+json,linux/amd64 linux/arm64 unknown/unknown unknown/unknown,sha256:5c08466021a7544a507d9c6389884d1e91feef3871029db40f87a64550dc0bd1,2026-06-15T14:44:48Z,2026-06-15T14:44:53Z,2026-09-12T19:49:27,,,,,,,,,
docker.io/daltonnyx/agentcrew,agentcrew-ai,outside period (not read),0.16.6 v0.16.6 v0.16.6-f54bb13-114,sha256:0f648e4057a0e3a8b3f89dad10c332e09cd4af20a9a8e97b83a081af1b9f4807,application/vnd.oci.image.index.v1+json,linux/amd64 linux/arm64 unknown/unknown unknown/unknown,sha256:05293f139e46e5748b6b4948902a137b57481d340afc1990cb072a6d980b61a9,2026-06-15T16:20:09Z,2026-06-15T16:20:13Z,2026-09-20T08:08:08,,,,,,,,,
docker.io/daltonnyx/agentcrew,agentcrew-ai,outside period (not read),0.16.7 v0.16.7 v0.16.7-7fda2c6-115,sha256:b7778a168a124d03a6b78319c2a4a41d6630581adbbfa114f677ac0f1ca6e19d,application/vnd.oci.image.index.v1+json,linux/amd64 linux/arm64 unknown/unknown unknown/unknown,sha256:3d4fd16500256b2544f31c68aa6511b86239d88bf5c58ea748e1676480a5505b,2026-06-16T03:01:33Z,2026-06-16T03:01:36Z,2026-09-03T02:59:49,,,,,,,,,
docker.io/daltonnyx/agentcrew,agentcrew-ai,outside period (not read),0.16.8 v0.16.8 v0.16.8-8813962-116,sha256:4bd5a94eac18698032c57eaa1e72faeda19d6db7923aa43e114afa90eea8e70e,application/vnd.oci.image.index.v1+json,linux/amd64 linux/arm64 unknown/unknown unknown/unknown,sha256:1be554e77ae4ec2ae401b6720fccb3e0d779a04dcd0746b6b79013c2f9aa3df5,2026-06-17T15:53:10Z,2026-06-17T15:53:14Z,2026-08-21T10:22:57,,,,,,,,,
docker.io/daltonnyx/agentcrew,agentcrew-ai,outside period (not read),0.17.0 v0.17.0 v0.17.0-66a17c1-117,sha256:eea285462074601b32d1fb23ce98c750e5978d8b137d4075e32f6552c90f467d,application/vnd.oci.image.index.v1+json,linux/amd64 linux/arm64 unknown/unknown unknown/unknown,sha256:36f45b32a682e04cb5f7d5ba782a7e25ef956646d0006f614c14c2317f6cc43f,2026-06-18T17:12:33Z,2026-06-18T17:12:37Z,2026-09-12T15:08:40,,,,,,,,,
docker.io/daltonnyx/agentcrew,agentcrew-ai,outside period (not read),0.17.1 v0.17.1 v0.17.1-e04c58e-118,sha256:5b1e9262d802dfcdaef064d3fae6242762873c760e696e70f9d2eb845a984ef9,application/vnd.oci.image.index.v1+json,linux/amd64 linux/arm64 unknown/unknown unknown/unknown,sha256:072a2795b4d0ed610ea8a0bd8e27ae152cb5a0052f8e040297d5f41db5960ddb,2026-06-22T08:06:52Z,2026-06-22T08:06:55Z,2026-09-06T15:30:36,,,,,,,,,
docker.io/daltonnyx/agentcrew,agentcrew-ai,outside period (not read),0.17.2 v0.17.2 v0.17.2-f44a88c-119,sha256:cc18f8b30a0b9741c8d4ae2144392d1c5dea69b58083dd854ff36fafa894f25f,application/vnd.oci.image.index.v1+json,linux/amd64 linux/arm64 unknown/unknown unknown/unknown,sha256:1b7cb7c25339756fc7058155b64f9b9947d1493a84b5a994e41362a6e69c2011,2026-06-23T11:59:58Z,2026-06-23T12:00:09Z,2026-09-25T01:13:00,,,,,,,,,
docker.io/daltonnyx/agentcrew,agentcrew-ai,outside period (not read),v0.17.4,sha256:460912a4c9123393df931ae0789098335ff7eb823f6bf0c34f8546435a4fa3c3,application/vnd.docker.container.image.v1+json,linux/amd64,sha256:460912a4c9123393df931ae0789098335ff7eb823f6bf0c34f8546435a4fa3c3,2026-06-24T07:57:25Z,2026-06-24T07:57:25Z,2026-09-20T19:47:53,,,,,,,,,
docker.io/daltonnyx/agentcrew,agentcrew-ai,outside period (not read),v0.17.5,sha256:a0b5cbfe494e1b35a0c2663d15e5bf6722ca2049a6166d805d82b08f94f01f0c,application/vnd.docker.container.image.v1+json,linux/amd64,sha256:a0b5cbfe494e1b35a0c2663d15e5bf6722ca2049a6166d805d82b08f94f01f0c,2026-06-25T09:17:45Z,2026-06-25T09:17:45Z,2026-09-04T13:03:59,,,,,,,,,
docker.io/daltonnyx/agentcrew,agentcrew-ai,outside period (not read),0.17.6 v0.17.6-0eee6ad-123,sha256:cc235bb0ec2b2518e06ff9bdd71858308e0af1ef6378a3c58432eb2deab8f1d2,application/vnd.oci.image.index.v1+json,linux/amd64 linux/arm64 unknown/unknown unknown/unknown,sha256:c6493a45f3da348f2c10e0e439e232e144c222e5b596f19cb474c8bd733bc8b9,2026-06-30T09:45:38Z,2026-06-30T09:45:42Z,2026-09-22T10:47:26,,,,,,,,,
docker.io/daltonnyx/agentcrew,agentcrew-ai,outside period (not read),v0.17.6,sha256:c11aff4f53ba74b4bc33e72a395c60beaf73944fb8cb732eac61de8068790054,application/vnd.docker.container.image.v1+json,linux/amd64,sha256:c11aff4f53ba74b4bc33e72a395c60beaf73944fb8cb732eac61de8068790054,2026-07-02T03:42:31Z,2026-07-02T03:42:31Z,2026-09-16T16:52:50,,,,,,,,,
docker.io/daltonnyx/agentcrew,agentcrew-ai,outside period (not read),0.18.0 v0.18.0 v0.18.0-5370d0f-124,sha256:d95a7ee405810884da61dce86bca6eda82d63db68e490ea9c5404600af73896b,application/vnd.oci.image.index.v1+json,linux/amd64 linux/arm64 unknown/unknown unknown/unknown,sha256:ed8cff8341b1bfe60ace1aa082962834a7a0961369489977bc8cb0af29ac314f,2026-07-08T09:37:57Z,2026-07-08T09:38:03Z,2026-09-25T12:05:11,,,,,,,,,
docker.io/daltonnyx/agentcrew,agentcrew-ai,outside period (not read),0.19.0 v0.19.0 v0.19.0-8b4bcf4-125,sha256:82845898a5b423c86a43264069dfe73200257f2ba43cd6ca0705f99de6b203b8,application/vnd.oci.image.index.v1+json,linux/amd64 linux/arm64 unknown/unknown unknown/unknown,sha256:de0f179b4c9dd7521d54ebd7594c0795d7854ea63e43b5de2d83daa0562efb97,2026-07-17T07:52:05Z,2026-07-17T07:52:09Z,2026-09-06T21:04:59,,,,,,,,,
docker.io/daltonnyx/agentcrew,agentcrew-ai,outside period (not read),0.19.1 v0.19.1 v0.19.1-1c312cf-126,sha256:cd6dd8b976c9d2341f0f9c6b9681b42a41c9c71cddd28425f82cccdde0d5e5d0,application/vnd.oci.image.index.v1+json,linux/amd64 linux/arm64 unknown/unknown unknown/unknown,sha256:57a5ab898f4eabd3733e52316bb6396a67fcbf473a26818d0e2cea32b676be3a,2026-07-22T16:41:26Z,2026-07-22T16:41:32Z,2026-09-05T17:47:32,,,,,,,,,
docker.io/daltonnyx/agentcrew,agentcrew-ai,outside period (not read),beta,sha256:cc099a53b578b86d2dfe19d275809421ee2b5bab514becb46195bc8b4f2a6160,application/vnd.docker.container.image.v1+json,linux/amd64,sha256:cc099a53b578b86d2dfe19d275809421ee2b5bab514becb46195bc8b4f2a6160,2026-07-26T13:53:36Z,2026-07-26T13:53:36Z,2026-09-11T02:37:11,,,,,,,,,
docker.io/daltonnyx/agentcrew,agentcrew-ai,outside period (not read),0.19.2 v0.19.2 v0.19.2-087958f-127,sha256:9d4a8d343c0b29ddc11d9c662b00baec7ac42bc0146c43f3d985385dd4cd9b53,application/vnd.oci.image.index.v1+json,linux/amd64 linux/arm64 unknown/unknown unknown/unknown,sha256:e7fe83387bcea91476cfac6e0ce8a29a3a3289715c8a6fa9252f9003eba3b921,2026-07-28T05:30:15Z,2026-07-28T05:30:19Z,2026-08-25T05:07:20,,,,,,,,,
docker.io/daltonnyx/agentcrew,agentcrew-ai,outside period (not read),0.20.0 v0.20.0 v0.20.0-12cc2db-128,sha256:c2a9eade11262243e481fda46f38e198dda30eeb23064e675290bb3ca0733dac,application/vnd.oci.image.index.v1+json,linux/amd64 linux/arm64 unknown/unknown unknown/unknown,sha256:95cd125ac3d9ed241f7b08b0ab192eaff8eeacc81baa73c9cbb29f141da1135c,2026-07-28T06:37:14Z,2026-07-28T06:37:19Z,2026-08-27T19:17:17,,,,,,,,,
docker.io/daltonnyx/agentcrew,agentcrew-ai,outside period (not read),0.20.1 v0.20.1 v0.20.1-eb5dbf2-129,sha256:797c60864f76a4dc8f374b17e06a990cffca7a6e6e52ff09bc9470ee3740595e,application/vnd.oci.image.index.v1+json,linux/amd64 linux/arm64 unknown/unknown unknown/unknown,sha256:7fdd688ea05d7b7a27fe278e64bf9349adcd5f81861e6fdd2971e79ea92828c1,2026-07-29T09:53:38Z,2026-07-29T09:53:43Z,2026-09-16T13:20:18,,,,,,,,,
docker.io/daltonnyx/agentcrew,agentcrew-ai,outside period (not read),0.20.2 v0.20.2 v0.20.2-051a1d5-130,sha256:1e07a24253ad143bda972156b969fe2edc539f807764f557e81c99319860ec25,application/vnd.oci.image.index.v1+json,linux/amd64 linux/arm64 unknown/unknown unknown/unknown,sha256:39bf9d23b91956e33952d2681c6078ac3837aeb5a8c9da37dc47d41c47258826,2026-07-31T09:36:52Z,2026-07-31T09:36:55Z,2026-09-26T18:20:08,,,,,,,,,
docker.io/daltonnyx/agentcrew,agentcrew-ai,outside period (not read),0.20.3 v0.20.3 v0.20.3-01e6d85-131,sha256:b55299bb01e401afe528db2473281825556b03264bf8d6b80100b5ea1e9c1b39,application/vnd.oci.image.index.v1+json,linux/amd64 linux/arm64 unknown/unknown unknown/unknown,sha256:5142499f40c0852bc2355efe323d4379f35fed23d96e05daba59a5d5b03893d7,2026-08-06T09:19:51Z,2026-08-06T09:19:56Z,2026-09-25T23:46:52,,,,,,,,,
docker.io/daltonnyx/agentcrew,agentcrew-ai,outside period (not read),0.20.4 v0.20.4 v0.20.4-9c75794-132,sha256:0d78b8b2e8ff9cc362b2e78a638a0ef8da3a3923fa136133b7fdf34d1c4880e2,application/vnd.oci.image.index.v1+json,linux/amd64 linux/arm64 unknown/unknown unknown/unknown,sha256:4f9aacc5c4b1e58a19dbdfeaf7e5daf987b7e373a553da740913fca929f0c27f,2026-08-12T05:49:07Z,2026-08-12T05:49:14Z,2026-09-25T23:04:51,,,,,,,,,
docker.io/daltonnyx/agentcrew,agentcrew-ai,outside period (not read),0.20.5 v0.20.5 v0.20.5-962aa9b-133,sha256:41d8f4529d31260c0c01d60c6a8d94e1d766048b9728c2b79fe03d8981db79b0,application/vnd.oci.image.index.v1+json,linux/amd64 linux/arm64,sha256:cdf329f8e3525ef4848b69f04b3856216b5b377ad174671939bd40f03b10fa29,2026-08-14T04:07:10Z,2026-08-14T04:07:15Z,2026-09-26T05:16:17,,,,,,,,,
docker.io/daltonnyx/agentcrew,agentcrew-ai,outside period (not read),0.21.0 v0.21.0 v0.21.0-6cc08af-134,sha256:202fbc5b8a3c9c0fb0c510f0731ba8ade8a53dd4bfb0e9872a06de94736286c7,application/vnd.oci.image.index.v1+json,linux/amd64 linux/arm64,sha256:cdbff90c0cf3e9627074944343a8397c35ddb19dff9b210cfce75c78592585aa,2026-08-24T16:12:10Z,2026-08-24T16:12:14Z,2026-09-26T13:31:35,,,,,,,,,
docker.io/daltonnyx/agentcrew,agentcrew-ai,outside period (not read),0.21.1 v0.21.1 v0.21.1-c9c524e-135,sha256:8c3e550296ee75f855e455d784e067f286a47c797730a3690e587776abef3ac0,application/vnd.oci.image.index.v1+json,linux/amd64 linux/arm64,sha256:c568605f23c4b824f3727937df9535c27a592a228bab20b84036d3843e3822da,2026-08-26T09:20:26Z,2026-08-26T09:20:31Z,2026-09-26T01:24:45,,,,,,,,,
docker.io/daltonnyx/agentcrew,agentcrew-ai,outside period (not read),0.21.2 v0.21.2 v0.21.2-a111151-136,sha256:177b59e52ae67ee7bc5955f234946563e1872a85ec134cf2ed998b2252490046,application/vnd.oci.image.index.v1+json,linux/amd64 linux/arm64,sha256:000bddf846b831a04b134f166b738ccac29e777e9ff3b6287d98158059d9455d,2026-08-26T10:30:34Z,2026-08-26T10:30:38Z,2026-09-26T16:51:29,,,,,,,,,
docker.io/daltonnyx/agentcrew,agentcrew-ai,outside period (not read),0.21.3 v0.21.3 v0.21.3-9432643-137,sha256:616ba4acc086813e351ed0cf05ca7bc99995718a1d7a9fc5f9ad2ccff0115462,application/vnd.oci.image.index.v1+json,linux/amd64 linux/arm64,sha256:033fed51e683595de659201d27db0fbc757ccf3bdb2487ef2fa18c035b1d7bbd,2026-09-03T03:56:36Z,2026-09-03T03:56:41Z,2026-09-26T13:02:56,,,,,,,,,
docker.io/daltonnyx/agentcrew,agentcrew-ai,outside period (not read),0.21.4 latest v0.21.4 v0.21.4-7c3df2e-138,sha256:f91145c7c61c891b2f980996a6106419c01d333762bc01658f1f1aa6748f802a,application/vnd.oci.image.index.v1+json,linux/amd64 linux/arm64,sha256:9d9a59b6b1e35637058d47cde4fd89fc53ad3f9a65d1008ee5f82fa973aaf963,2026-09-24T04:24:18Z,2026-09-24T04:24:26Z,2026-09-26T17:10:51,,,,,,,,,
ghcr.io/oraios/serena,serena-agent,outside period,0.1.1,sha256:53a21afe502bb3be377e9aac6522efe3c51f466aa6a5d8358c67c92816546a25,application/vnd.oci.image.index.v1+json,linux/amd64 linux/arm64 unknown/unknown unknown/unknown,sha256:73c51ad3897d735b8ec6ff1b06feb53e74d06b534bfbd0e7dde1720d921fbbb3,,,,2025-07-21T13:34:24Z,2025-07-21T13:34:08.297Z,6eb9ed2881b7,0.1.1,https://github.com/oraios/serena,26,14,205322606,200
ghcr.io/oraios/serena,serena-agent,outside period,0.1.2,sha256:1dfcf16205efa33dd7fb7bb9237d32ae48a484ccaaae89ed23ddb48dd412c78d,application/vnd.oci.image.index.v1+json,linux/amd64 linux/arm64 unknown/unknown unknown/unknown,sha256:d579b0eadd9d6fe08025119b9febe047358ed376f2e4bbf676c09f30c0792a6e,,,,2025-07-21T13:44:42Z,2025-07-21T13:44:26.180Z,4623b98febd7,0.1.2,https://github.com/oraios/serena,26,14,205327931,200
ghcr.io/oraios/serena,serena-agent,outside period,0.1.3,sha256:d6f7df894df1c0dc9583ac5a7c6eab84f1d1716e2a21b5eaca66539c87888571,application/vnd.oci.image.index.v1+json,linux/amd64 linux/arm64 unknown/unknown unknown/unknown,sha256:5a963e54f1a9e9c21f5e64ff45a3a90fbd8cefed5f7aaf9e3c364530f8326bae,,,,2025-07-21T22:09:38Z,2025-07-21T22:09:24.802Z,6094b0fda7e3,0.1.3,https://github.com/oraios/serena,26,14,205327262,200
ghcr.io/oraios/serena,serena-agent,outside period,0.1 0.1.4,sha256:5572c3795bd56f5967b1e1819d0efaa6240c9bd0698fed4fb65e4cbe0e6e0700,application/vnd.oci.image.index.v1+json,linux/amd64 linux/arm64 unknown/unknown unknown/unknown,sha256:f447fcd7a3e6e5fafaf8745d98d85fcfebc809da2695d700679b84975d3fd41f,,,,2025-08-15T12:01:44Z,2025-08-15T12:01:24.018Z,d5f90710676b,0.1.4,https://github.com/oraios/serena,34,18,314473887,200
ghcr.io/oraios/serena,serena-agent,nearest before period,dev,sha256:c307242a10f9181e4b0b3545720bce5d9450c7dce66d5c7a0a856243a987c3e1,application/vnd.oci.image.index.v1+json,linux/amd64 linux/arm64 unknown/unknown unknown/unknown,sha256:f8ab7dfd1863c53707ae47bc7e93f1eedb7da901d0b08881f542dd4c883b8a9c,,,,2025-12-11T08:58:34Z,2025-12-11T08:57:31.930Z,2ec96089f619,main,https://github.com/oraios/serena,36,17,628648624,200
ghcr.io/oraios/serena,serena-agent,in window,1.0 1.0.0,sha256:799757a60e78c80b4b15e61bc94f49b78abcb1f4783fe046a2486b181d7ef529,application/vnd.oci.image.index.v1+json,linux/amd64 linux/arm64 unknown/unknown unknown/unknown,sha256:d35b9bf3066b1786ccd2f5b46c5c8df4c169450ed22e0c4e2100d9bcb367e8c2,,,,2026-04-03T14:18:59Z,2026-04-03T14:18:20.129Z,f65980bd8cb9,1.0.0,https://github.com/oraios/serena,43,23,647226477,200
ghcr.io/oraios/serena,serena-agent,in window,1.1.0,sha256:f9ac59e8d15ce0ec498c73c8676df17336c91daf4bceb99ba85bd494ce7a49f8,application/vnd.oci.image.index.v1+json,linux/amd64 linux/arm64 unknown/unknown unknown/unknown,sha256:59f93612450b9da569289e6eca5b889a14df2481cb221a07751fc82dab38b526,,,,2026-04-11T13:32:02Z,2026-04-11T13:31:37.646Z,870e6184a45a,1.1.0,https://github.com/oraios/serena,43,23,583118884,200
ghcr.io/oraios/serena,serena-agent,in window,1.1.1,sha256:18ed311859a8ad79c073b977554d2a9f83fd2fddf8c2d57f87fd465223d04a3a,application/vnd.oci.image.index.v1+json,linux/amd64 linux/arm64 unknown/unknown unknown/unknown,sha256:5a236139756e69f466d184a6debb718fd1c34fe017ca022ef2af68bd2b603c60,,,,2026-04-12T12:10:00Z,2026-04-12T12:09:33.849Z,f3de97084b7c,1.1.1,https://github.com/oraios/serena,43,23,583107489,200
ghcr.io/oraios/serena,serena-agent,in window,1.1 1.1.2,sha256:08ba3c43d02e963c95427e1bdb057de892105376404e1e3d858903fe33baf2b0,application/vnd.oci.image.index.v1+json,linux/amd64 linux/arm64 unknown/unknown unknown/unknown,sha256:674e4d34293f406df5181776d836c4ca4d6b2e9b9c9e07c114b9e8f3caa7bbc3,,,,2026-04-14T15:48:25Z,2026-04-14T15:47:57.453Z,1e6345cae95b,1.1.2,https://github.com/oraios/serena,43,23,583444013,200
ghcr.io/oraios/serena,serena-agent,in month after,1.2 1.2.0,sha256:64f66a30b6c96c136ae0836663b82fc9c241cacdc49f136fd4bf02d38f8baf79,application/vnd.oci.image.index.v1+json,linux/amd64 linux/arm64 unknown/unknown unknown/unknown,sha256:cd253781254a15f90bd8d6dca91212d53c15ddf3dd3234090fcbf76902ede4a9,,,,2026-04-27T11:38:19Z,2026-04-27T11:37:24.755Z,0a96f71bd90c,1.2.0,https://github.com/oraios/serena,43,23,586251165,200
ghcr.io/oraios/serena,serena-agent,in month after,1.4.1,sha256:7d7478296e0ecf62b46d2ea7cec6a8ca92e84f6f93971d71db08ba41c882718d,application/vnd.oci.image.index.v1+json,linux/amd64 linux/arm64 unknown/unknown unknown/unknown,sha256:a8a7d683791b6aab08cf20d77da43a5169ba603620c12f930ef5ec2ce0657d26,,,,2026-05-11T18:32:44Z,2026-05-11T18:32:15.741Z,d9cd671f8118,1.4.1,https://github.com/oraios/serena,43,23,586436155,200
ghcr.io/oraios/serena,serena-agent,in month after,1.4 1.4.0,sha256:7fc141d91e6903e1f4fd881e3497ecb947b34d65a3741ba4aaed8a2f4522b46f,application/vnd.oci.image.index.v1+json,linux/amd64 linux/arm64 unknown/unknown unknown/unknown,sha256:3f70e405672fbe2b8251bb7273f8fda0f91059926f752fc82a80b26ade83ea94,,,,2026-05-11T18:33:00Z,2026-05-11T18:32:32.704Z,8d7f2e48e439,1.4.0,https://github.com/oraios/serena,43,23,586436366,200
ghcr.io/oraios/serena,serena-agent,in month after,1.3 1.3.0,sha256:b7244c1dbfcc2cae5ba12fcf3a96f7d4b9c1137f27341d60a439f56105be6e9c,application/vnd.oci.image.index.v1+json,linux/amd64 linux/arm64 unknown/unknown unknown/unknown,sha256:cc3d95834826df6ed1f0b80f81cff69655393dab961848270dfa9cd269e25a92,,,,2026-05-11T18:33:09Z,2026-05-11T18:32:42.430Z,ad7cf51ec3cd,1.3.0,https://github.com/oraios/serena,43,23,586437873,200
ghcr.io/oraios/serena,serena-agent,in month after,1.5.0,sha256:1305a0fac9f4a0fed18dfa7d1e787317aa19f953c864003148e357ad4c3fa4b3,application/vnd.oci.image.index.v1+json,linux/amd64 linux/arm64 unknown/unknown unknown/unknown,sha256:42b1314fae0684a7d6ca876830aec499b539711b06c3572abd4e7d8eb03c49dc,,,,2026-05-18T12:34:53Z,2026-05-18T12:34:15.818Z,6fbbbadc8857,1.5.0,https://github.com/oraios/serena,43,23,586784165,200
ghcr.io/oraios/serena,serena-agent,in month after,1.5.1,sha256:def8331b67c511e06c64c90c99d50a60abe74a4d79a4c7708671516580a5045d,application/vnd.oci.image.index.v1+json,linux/amd64 linux/arm64 unknown/unknown unknown/unknown,sha256:7a7417b6728dc0225aae3b1f0c40a740afd672824526cc96c9b029a154a1df32,,,,2026-05-18T20:16:29Z,2026-05-18T20:16:01.560Z,c3a8d5a9c546,1.5.1,https://github.com/oraios/serena,43,23,586798588,200
ghcr.io/oraios/serena,serena-agent,nearest after period,1.5.2,sha256:50fea153ccf96bbe75ac135c76816e5bc876daeafe242665fe248f5cbe5d20f4,application/vnd.oci.image.index.v1+json,linux/amd64 linux/arm64 unknown/unknown unknown/unknown,sha256:ac8aed72e113a8736ca75ef96c37e9d98b5898d2ba5b3ca254462d1c86773373,,,,2026-05-26T15:06:56Z,2026-05-26T15:06:02.612Z,2ee8f100b25c,1.5.2,https://github.com/oraios/serena,43,23,581656640,200
ghcr.io/oraios/serena,serena-agent,outside period,1.5 1.5.3,sha256:9afc8037d05506f6246c7f16570d6bf9d3567e700b332623b52fd00f72822dbe,application/vnd.oci.image.index.v1+json,linux/amd64 linux/arm64 unknown/unknown unknown/unknown,sha256:bf3c8594c7591a1e409308ed4740294722615632cf4f8e539805b6167c73f7c0,,,,2026-05-26T19:05:20Z,2026-05-26T19:04:48.460Z,2449313c0d74,1.5.3,https://github.com/oraios/serena,43,23,581663985,200
ghcr.io/oraios/serena,serena-agent,outside period,1.6.0,sha256:97d194d3d6ec8a3b5fe0e99f83bc23e05b413987907a56dabf1b19e27fdb1eee,application/vnd.oci.image.index.v1+json,linux/amd64 linux/arm64 unknown/unknown unknown/unknown,sha256:e6be97a8a00086a78ca9f9e7a5ff5163d2d1637aae0731ac6ace704d9e29bbfe,,,,2026-07-16T09:05:26Z,2026-07-16T09:04:33.174Z,93b9544ea9de,1.6.0,https://github.com/oraios/serena,43,23,588320278,200
ghcr.io/oraios/serena,serena-agent,outside period,1.6 1.6.1,sha256:0d5388874882bfac20f0ecdef26d7780c0f8de318df5171c3db89d854789ad22,application/vnd.oci.image.index.v1+json,linux/amd64 linux/arm64 unknown/unknown unknown/unknown,sha256:a533b9e13fef5a6f1ac4644d4e71f24b90e9359dab7afea97d43d8cc891fafe5,,,,2026-07-21T15:35:55Z,2026-07-21T15:35:19.740Z,bcac0969fb86,1.6.1,https://github.com/oraios/serena,43,23,587524122,200
ghcr.io/oraios/serena,serena-agent,outside period,1.7 1.7.0,sha256:6c9459e4246a39c9deaa4f23fb05a526ac6e237b24c8e84a927a098fa1ab6730,application/vnd.oci.image.index.v1+json,linux/amd64 linux/arm64 unknown/unknown unknown/unknown,sha256:963275e5aabbcbdc44d65dce2da5d4cc406c0c26a91d3f81edb9091ca432ff9b,,,,2026-08-09T18:16:21Z,2026-08-09T18:15:28.673Z,949a27ef1e5f,1.7.0,https://github.com/oraios/serena,43,23,583030832,200
ghcr.io/oraios/serena,serena-agent,outside period,latest main,sha256:2875ec0685700c201a95cca44c96fa5f0f9f0850175346f3b7eff25595466cdf,application/vnd.oci.image.index.v1+json,linux/amd64 linux/arm64 unknown/unknown unknown/unknown,sha256:1364b48b37eb582456ff8b5c1c2968ab4beec107122837021fa7cffe9c94f429,,,,2026-09-24T08:58:42Z,2026-09-24T08:57:56.484Z,7a2968335f21,main,https://github.com/oraios/serena,43,23,578756536,200
docker.io/drakkarsoftware/octobot,octobot,outside period (not read),0.3.4-beta 0.3.5-beta 0.3.6-beta 0.3.7-beta 0.3.8-beta 0.4.0 0.4.0-beta2 0.4.0-beta3 0.4.0-beta4 0.4.0-stable 0.4.0b10 0.4.0b11 0.4.0b12 0.4.0b13 0.4.0b14 0.4.0b15 0.4.0b16 0.4.0b17 0.4.0b5 0.4.0b6 0.4.0b7 0.4.0b8 0.4.0b9 0.4.1 0.4.2 0.4.3 0.4.4 0.4.5 beta,,application/vnd.docker.container.image.v1+json,linux/amd64,sha256:f6955491c90eb07e18e5b8ae59ef08200ea703d771e4f4522b6230d54591ad95,2019-05-13T02:31:58Z,2022-06-13T22:57:41Z,2026-09-25T12:27:26,,,,,,,,,
docker.io/drakkarsoftware/octobot,octobot,outside period (not read),0.4.6,sha256:320ac9aeb4353041fde7f4f055c0680ba03df8fbb16af58ff9fe0afdf0cddd0f,application/vnd.docker.distribution.manifest.list.v2+json,linux/amd64 linux/arm64,sha256:fe4e142ef556f5f15f94fbe23e61092080051e3858342b760a9d448168cf5756,2022-08-27T14:10:18Z,2022-08-27T14:10:18Z,2026-09-18T19:45:22,,,,,,,,,
docker.io/drakkarsoftware/octobot,octobot,outside period (not read),0.4.7,sha256:fc3288c1c5c73c75dd4231d0efda7f5d16452ebd66193b825dc2ec3ffca6a56b,application/vnd.docker.distribution.manifest.list.v2+json,linux/amd64 linux/arm64,sha256:37187696c301222039eb63444e56215fa2c43521f7378563c07b60f359cfb688,2022-09-03T22:29:16Z,2022-09-03T22:29:16Z,2026-09-18T19:45:22,,,,,,,,,
docker.io/drakkarsoftware/octobot,octobot,outside period (not read),0.4.8,sha256:52c7aee3fed21ccda21d05bf904086b2c4f4f613e3195fbe81c32c86451ddb94,application/vnd.docker.distribution.manifest.list.v2+json,linux/amd64 linux/arm64,sha256:2b22c38db0c65994389ed8919b73d700d862ef13d39799cdab13ffe75344ba0a,2022-09-04T12:16:20Z,2022-09-04T12:16:20Z,2026-09-18T19:45:22,,,,,,,,,
docker.io/drakkarsoftware/octobot,octobot,outside period (not read),0.4.9,sha256:d3dcd8179519687e08023fe330279179f8a539b60e72f95b2432ca24029c5006,application/vnd.docker.distribution.manifest.list.v2+json,linux/amd64 linux/arm64,sha256:c05792d59a6adda40b326d17aa1f9f7d8e15858f710ca7c2886429dc3c4b8045,2022-09-07T23:14:43Z,2022-09-07T23:14:43Z,2026-09-18T19:45:22,,,,,,,,,
docker.io/drakkarsoftware/octobot,octobot,outside period (not read),0.4.10,sha256:5239d37a34451a8ef3d1880c5e149ab292cf1f7cc373e7ee95586b504143662c,application/vnd.docker.distribution.manifest.list.v2+json,linux/amd64 linux/arm64,sha256:3ecccbe8980aeb954f5648a0ee967268d7a72de2e0a5bc13924e144738ddc0d8,2022-09-13T13:24:27Z,2022-09-13T13:24:27Z,2026-09-18T19:45:19,,,,,,,,,
docker.io/drakkarsoftware/octobot,octobot,outside period (not read),0.4.11,sha256:b6e6233f70bf76c7dbd4ed854a43ef20ce6336228ca105a32cc06830912db773,application/vnd.docker.distribution.manifest.list.v2+json,linux/amd64 linux/arm64,sha256:4974ef5d6aa9e321c366822bc34d58adcb2ed3736b5f5c57899d4312eeb0f528,2022-10-13T17:59:44Z,2022-10-13T17:59:44Z,2026-09-20T19:17:00,,,,,,,,,
docker.io/drakkarsoftware/octobot,octobot,outside period (not read),0.4.12,sha256:6a496b059e7a9dc058eaad9265d314b3b48b79d17785c4784c7e6c23ffff8ab5,application/vnd.docker.distribution.manifest.list.v2+json,linux/amd64 linux/arm64,sha256:14bd4927f949a139717616007a22c82f58afda8faa122e8f6a45c1469f6b764b,2022-10-15T09:28:28Z,2022-10-15T09:28:28Z,2026-09-18T19:45:19,,,,,,,,,
docker.io/drakkarsoftware/octobot,octobot,outside period (not read),0.4.13,sha256:4266816dcfad9803f26dcd663c817b14e9dfe72fb00f49b8e26bc48161902ca0,application/vnd.docker.distribution.manifest.list.v2+json,linux/amd64 linux/arm64,sha256:819bea28133e23acc4d9406e33f4ba3c90826e925af53f2358e89162fa7b8d33,2022-10-17T09:15:43Z,2022-10-17T09:15:43Z,2026-09-18T23:20:11,,,,,,,,,
docker.io/drakkarsoftware/octobot,octobot,outside period (not read),0.4.14,sha256:d88d08446f957a3f3f880b6499dd96f27abb04fe1d729ed38fe221319f1521c4,application/vnd.docker.distribution.manifest.list.v2+json,linux/amd64 linux/arm64,sha256:f62f8f20518094d7164d74f60e5030fb66189c9210c4620e87ea4d08c6f3199e,2022-10-22T12:51:50Z,2022-10-22T12:51:50Z,2026-09-18T19:45:20,,,,,,,,,
docker.io/drakkarsoftware/octobot,octobot,outside period (not read),0.4.15,sha256:216816cf347936ca1a1d15f2e0ab3a0aad8fbf6d7cdabe9fea25df33c3d9b7c9,application/vnd.docker.distribution.manifest.list.v2+json,linux/amd64 linux/arm64,sha256:47b687288a4821acebc05f244a5f3e9ec8d4541ea9ec16012dba65ebd7b24576,2022-10-24T09:23:03Z,2022-10-24T09:23:03Z,2026-09-18T19:45:20,,,,,,,,,
docker.io/drakkarsoftware/octobot,octobot,outside period (not read),0.4.16,sha256:62ab1ca5ee1e09905afffc349c1ebfce03e6d26d10bd610f23b06d86288eea1d,application/vnd.docker.distribution.manifest.list.v2+json,linux/amd64 linux/arm64,sha256:cc59f6b37b087c3758995a0fe7d86e7ea958f55aed983a09249b92e0b0a9f376,2022-11-01T00:19:46Z,2022-11-01T00:19:46Z,2026-09-18T19:45:20,,,,,,,,,
docker.io/drakkarsoftware/octobot,octobot,outside period (not read),0.4.19,sha256:522d0f1b0d781ff0d19d765c3eb36311ce3a245f09be20d85ce85e74f8a458b6,application/vnd.docker.distribution.manifest.list.v2+json,linux/amd64 linux/arm64,sha256:090331150a5364d1d05c834d903671f50433ffe06c087e3bb344a85693f04988,2022-11-02T01:58:35Z,2022-11-02T01:58:35Z,2026-09-19T06:06:24,,,,,,,,,
docker.io/drakkarsoftware/octobot,octobot,outside period (not read),0.4.20,sha256:4c9df4081b398056bd31ae4d3bfe43c5b44613aee348bd46bb8d5d5204576a69,application/vnd.docker.distribution.manifest.list.v2+json,linux/amd64 linux/arm64,sha256:ef742bf92bfa2956daaac7f447862e6e2b94b87063fefb4cd8adda77851af9cb,2022-11-13T14:18:41Z,2022-11-13T14:18:41Z,2026-09-18T19:45:21,,,,,,,,,
docker.io/drakkarsoftware/octobot,octobot,outside period (not read),0.4.21,sha256:fdcac5c819e7d9a8c825d9f25b77b1c0467318e9309538d4cf8a9f7aada1ff4c,application/vnd.docker.distribution.manifest.list.v2+json,linux/amd64 linux/arm64,sha256:1145316419594c351e8ddd0f8c1bf5267c82e3bd0c1c2c3c43ad7ece01480b06,2022-11-23T22:16:42Z,2022-11-23T22:16:42Z,2026-09-24T05:14:16,,,,,,,,,
docker.io/drakkarsoftware/octobot,octobot,outside period (not read),0.4.22,sha256:297bfb17e2c27b0ecb1355c34fc78d55908b86baecbc68562a19336d7eac1c13,application/vnd.docker.distribution.manifest.list.v2+json,linux/amd64 linux/arm64,sha256:360c1722706e6d2c87de830ba5b49f35797f418ed16abd51270272839cc5b821,2022-11-24T00:03:27Z,2022-11-24T00:03:27Z,2026-09-18T19:45:21,,,,,,,,,
docker.io/drakkarsoftware/octobot,octobot,outside period (not read),0.4.23,sha256:c7f17fd6b7cd0b763ee646eee76fd9b0781b0c46dec0ed9f143b929f7a2377be,application/vnd.docker.distribution.manifest.list.v2+json,linux/amd64 linux/arm64,sha256:0ba73be2b5a7ad065afa725f08fe44cbaab1b5bb43aa13a7ebfd669d551e7a2a,2022-11-24T16:17:17Z,2022-11-24T16:17:17Z,2026-09-18T19:45:21,,,,,,,,,
docker.io/drakkarsoftware/octobot,octobot,outside period (not read),0.4.24,sha256:494da1e78a03dc8472bc4a64c1b2f078c7045da18f6415b25bf73a5792641f40,application/vnd.docker.distribution.manifest.list.v2+json,linux/amd64 linux/arm64,sha256:f342d38c27b039c6c0ef2dc60e1f40a7ea9c318f7a2682412d95bd4d1e0f7e8c,2022-12-11T15:45:23Z,2022-12-11T15:45:23Z,2026-09-18T19:45:21,,,,,,,,,
docker.io/drakkarsoftware/octobot,octobot,outside period (not read),0.4.25,sha256:876cdd5966c559d82a9d6299e6a38ba29fa1325feac4fa48d12ec69ddb3af22f,application/vnd.docker.distribution.manifest.list.v2+json,linux/amd64 linux/arm64,sha256:1622ddbc97923902a872c52f01d1c6c3cabba350ba8e20d2ff8fc7bbe02f9dae,2022-12-12T11:47:01Z,2022-12-12T11:47:01Z,2026-09-18T19:45:21,,,,,,,,,
docker.io/drakkarsoftware/octobot,octobot,outside period (not read),0.4.26,sha256:ddee66591033f2da9a0c075264afcb9c452d9e7fa7ef2817498679c6f9c0cefe,application/vnd.docker.distribution.manifest.list.v2+json,linux/amd64 linux/arm64,sha256:bc930bf99b254172aecea39a36354c9ca4ef67d764ace13fff37019c8cd88498,2022-12-12T15:35:39Z,2022-12-12T15:35:39Z,2026-09-18T19:45:21,,,,,,,,,
docker.io/drakkarsoftware/octobot,octobot,outside period (not read),0.4.27,sha256:cc34da32313429be8222e957e710c0f0675131703dd293d3f82f2a212454aa83,application/vnd.docker.distribution.manifest.list.v2+json,linux/amd64 linux/arm64,sha256:9f0d5ae0b78a632f08cdf245df4096809ac9fd8b48d4e034288f6b6263db8de8,2022-12-16T02:15:19Z,2022-12-16T02:15:19Z,2026-09-18T19:45:21,,,,,,,,,
docker.io/drakkarsoftware/octobot,octobot,outside period (not read),0.4.28,sha256:841605eaf283b41cb60e60d7d9f6a79177922511471d666a048d02976d65135a,application/vnd.docker.distribution.manifest.list.v2+json,linux/amd64 linux/arm64,sha256:4edb6b9869f5b3efc7a5fce8ca586b00ba68ce71431f4ff411169a9be708d27a,2022-12-25T15:48:36Z,2022-12-25T15:48:36Z,2026-09-18T19:45:21,,,,,,,,,
docker.io/drakkarsoftware/octobot,octobot,outside period (not read),0.4.29,sha256:2cbe90426240847f29531c1e4a376e9c03b7409d6a437983965dc492e01269f6,application/vnd.docker.distribution.manifest.list.v2+json,linux/amd64 linux/arm64,sha256:aee048974760c8f9259e154d4fcb58fa3a45ba0ca2dda6277a0d58263f6742d4,2022-12-27T09:04:09Z,2022-12-27T09:04:09Z,2026-09-18T19:45:21,,,,,,,,,
docker.io/drakkarsoftware/octobot,octobot,outside period (not read),0.4.30,sha256:8b3d41e077d08c518b8cae5897b637f8d0e5eec6c836b8288f5af0d7f3573fff,application/vnd.docker.distribution.manifest.list.v2+json,linux/amd64 linux/arm64,sha256:e77061904273b21242d2141a0484c406af90bedb14bb68e6ec065c761cfe0f9f,2022-12-27T14:49:50Z,2022-12-27T14:49:50Z,2026-09-18T19:45:21,,,,,,,,,
docker.io/drakkarsoftware/octobot,octobot,outside period (not read),0.4.31,sha256:d63fe59bb894c12a892d1590b9a05f781c72e757dcd4ee100ebf3ce79d6f5b77,application/vnd.docker.distribution.manifest.list.v2+json,linux/amd64 linux/arm64,sha256:36115b6f9b40d618b9cf310dbeaec554a9a904429a540634dff52d2b4e0230c4,2022-12-28T16:45:18Z,2022-12-28T16:45:18Z,2026-09-18T19:45:21,,,,,,,,,
docker.io/drakkarsoftware/octobot,octobot,outside period (not read),0.4.32,sha256:af6c37996781dfe0c8782ade0d3ef591f38eef1368a19f51b4a2f389f0e9dd8b,application/vnd.docker.distribution.manifest.list.v2+json,linux/amd64 linux/arm64,sha256:8da25e27ab8a2552945d4f2cf2f4231a5af27614e7d058eb8c624bbeaa0b0e7d,2022-12-29T15:14:22Z,2022-12-29T15:14:22Z,2026-09-25T04:47:27,,,,,,,,,
docker.io/drakkarsoftware/octobot,octobot,outside period (not read),0.4.33,sha256:f716b9775a908d76fa6aae5ae57971e9a8b86a382f30e44b0598f2fbf4118822,application/vnd.docker.distribution.manifest.list.v2+json,linux/amd64 linux/arm64,sha256:1e1442563d1769421fbc2978e5fa8373cfbb45b8c26ecea5f8d4fabfe0ef818e,2023-01-02T22:03:41Z,2023-01-02T22:03:41Z,2026-09-26T07:16:50,,,,,,,,,
docker.io/drakkarsoftware/octobot,octobot,outside period (not read),0.4.34,sha256:8f11248fe4ba6ce0fd03d496a30411debb9dcf9303362e971fed7ada5f0dbd7b,application/vnd.docker.distribution.manifest.list.v2+json,linux/amd64 linux/arm64,sha256:a2175e4393cf248e2c2bf1c0b6fcd12e0dbf12dbae44db7b5f14c0f23d295da1,2023-01-14T13:56:38Z,2023-01-14T13:56:38Z,2026-09-18T19:45:21,,,,,,,,,
docker.io/drakkarsoftware/octobot,octobot,outside period (not read),0.4.35,sha256:91588e3d635b255b7a92a4021974cb3e6b156018de3c26fb064ca4457b419f56,application/vnd.oci.image.index.v1+json,linux/amd64 linux/arm64 unknown/unknown unknown/unknown,sha256:00eb44babf68f4bee13c99b988ccaeb76c088086aeea59e439c84bec1b83b78f,2023-01-20T19:43:41Z,2023-01-20T19:43:41Z,2026-09-18T19:45:21,,,,,,,,,
docker.io/drakkarsoftware/octobot,octobot,outside period (not read),0.4.36,sha256:e02e6a6b1f03770af0b95d9a5c271bd52058bd489f4cec4a54325d4dcab0d23c,application/vnd.oci.image.index.v1+json,linux/amd64 linux/arm64 unknown/unknown unknown/unknown,sha256:98bba59335c18736bf2114d4848199fb3b48f4b6db77a20815df53e5aff8e2b3,2023-01-30T21:24:03Z,2023-01-30T21:24:03Z,2026-09-18T19:45:21,,,,,,,,,
docker.io/drakkarsoftware/octobot,octobot,outside period (not read),0.4.37,sha256:73fc84e9d361eeca5d5c6c434f74496c754923f36274921a9df70d5c43b522df,application/vnd.oci.image.index.v1+json,linux/amd64 linux/arm64 unknown/unknown unknown/unknown,sha256:291e62b5fbc462ea3b6c0ae3f82131592ea2e3b90623a1be7d7342da2099723e,2023-02-07T23:32:22Z,2023-02-07T23:32:22Z,2026-09-18T19:45:21,,,,,,,,,
docker.io/drakkarsoftware/octobot,octobot,outside period (not read),0.4.38,sha256:2e7f6d551cda56056b602e509794587b8a3da45c97e787dcb8ecd8481b61c48f,application/vnd.oci.image.index.v1+json,linux/amd64 linux/arm64 unknown/unknown unknown/unknown,sha256:8c5c2c81687f445cd6a86935d06433e8eb3958d91ab14730a81a4e1340a87585,2023-02-13T21:32:17Z,2023-02-13T21:32:17Z,2026-09-24T19:17:49,,,,,,,,,
docker.io/drakkarsoftware/octobot,octobot,outside period (not read),0.4.39,sha256:8da10cae4e33b553297fccb293ce05f8cfc5c6f58c114dab6f2f95ebac8de53e,application/vnd.oci.image.index.v1+json,linux/amd64 linux/arm64 unknown/unknown unknown/unknown,sha256:8140c3e574db2ac3de0602d2c651d3318be4515ff89cce51a429412101d7842e,2023-02-17T00:00:06Z,2023-02-17T00:00:06Z,2026-09-18T19:45:21,,,,,,,,,
docker.io/drakkarsoftware/octobot,octobot,outside period (not read),0.4.40,sha256:a4120a01b114466ad78c2fe5f83e293520736ce596c65ab647208fcbd6342a9c,application/vnd.oci.image.index.v1+json,linux/amd64 linux/arm64 unknown/unknown unknown/unknown,sha256:ff838878d9ce7e67aa9ab0932ad08ff988cd77db3a55d639d2200a46c04e4820,2023-02-17T14:39:36Z,2023-02-17T14:39:36Z,2026-09-18T19:45:21,,,,,,,,,
docker.io/drakkarsoftware/octobot,octobot,outside period (not read),0.4.41,sha256:d61bacbe35701912a1ab8688ec9512189a91ee0e5cef47a122a2f2620add482f,application/vnd.oci.image.index.v1+json,linux/amd64 linux/arm64 unknown/unknown unknown/unknown,sha256:401dd0c595ab23535b77b84c4ce8d6fc05308d22790935a7ff54994faf2df03a,2023-03-05T18:48:22Z,2023-03-05T18:48:22Z,2026-09-23T13:38:15,,,,,,,,,
docker.io/drakkarsoftware/octobot,octobot,outside period (not read),0.4.42,sha256:b2884abb7be2db073c51293c6024a63354fcf915afb4e17c780e215b8f41644a,application/vnd.oci.image.index.v1+json,linux/amd64 linux/arm64 unknown/unknown unknown/unknown,sha256:55a9a52f7741f6d47b9f7c1dcfa0181abaebbf6434eb2c12f1edb1e826c55fe6,2023-03-19T11:24:09Z,2023-03-19T11:24:09Z,2026-09-18T19:45:21,,,,,,,,,
docker.io/drakkarsoftware/octobot,octobot,outside period (not read),0.4.43,sha256:fa10b4dfccbeb526bc45e35e9d32a0f06e70c386f4bd14ba3c311d52d5f1315e,application/vnd.oci.image.index.v1+json,linux/amd64 linux/arm64 unknown/unknown unknown/unknown,sha256:5686fbc5735ded42dbe155b3481628c1e17a84529b70e7482e4b832f51f1a137,2023-03-19T17:06:42Z,2023-03-19T17:06:42Z,2026-09-23T14:21:34,,,,,,,,,
docker.io/drakkarsoftware/octobot,octobot,outside period (not read),0.4.44,sha256:8e5633438473ded37a87268fb55861eb2437586410fec81b3e6dbb586af295a3,application/vnd.oci.image.index.v1+json,linux/amd64 linux/arm64 unknown/unknown unknown/unknown,sha256:cc92059214674ac6d9d599c5fb40c997d21be7d65d55deed0ea6cdf5eccc0c12,2023-03-20T10:23:07Z,2023-03-20T10:23:07Z,2026-09-18T19:45:21,,,,,,,,,
docker.io/drakkarsoftware/octobot,octobot,outside period (not read),0.4.45,sha256:a0d703e5cfbe162931af33e440934721ba11957c30f544c9debdf6af0f8ce5df,application/vnd.oci.image.index.v1+json,linux/amd64 linux/arm64 unknown/unknown unknown/unknown,sha256:4d9a55d6e27ba806d610c575c74291ec017577cde1f08bb450cdb88f117e2b98,2023-03-23T22:51:44Z,2023-03-23T22:51:44Z,2026-09-19T12:07:56,,,,,,,,,
docker.io/drakkarsoftware/octobot,octobot,outside period (not read),0.4.46,sha256:a9bda655c1846de6bded44edd81e03e012750297fc89f331a76e9ced2897ae81,application/vnd.oci.image.index.v1+json,linux/amd64 linux/arm64 unknown/unknown unknown/unknown,sha256:9283fe89d0acade4402e88be83137ef849ce7ee5e37aba86b49c8eb6356b46fe,2023-03-24T22:10:04Z,2023-03-24T22:10:04Z,2026-09-18T19:45:22,,,,,,,,,
docker.io/drakkarsoftware/octobot,octobot,outside period (not read),0.4.47,sha256:04379c3466dcad15db725f369c35ae328191b76d37cb7d3002ca00c8ab30008b,application/vnd.oci.image.index.v1+json,linux/amd64 linux/arm64 unknown/unknown unknown/unknown,sha256:f539c7972334a80872739f03b497c50fdfe46a9a1deba3effcfa667b6af80c6d,2023-04-02T21:22:04Z,2023-04-02T21:22:04Z,2026-09-18T19:45:22,,,,,,,,,
docker.io/drakkarsoftware/octobot,octobot,outside period (not read),0.4.48,sha256:42d39d7a7258a7c60b556ddb39fdc6e3c59db963247f963b0d93ad21ff21d15c,application/vnd.oci.image.index.v1+json,linux/amd64 linux/arm64 unknown/unknown unknown/unknown,sha256:f270e7b80034e179df03bc454b1e471a24d6df84a9fd8b641af53ee69769f0e7,2023-04-19T12:27:43Z,2023-04-19T12:27:43Z,2026-09-18T19:45:22,,,,,,,,,
docker.io/drakkarsoftware/octobot,octobot,outside period (not read),0.4.49,sha256:b4c40720443b39e5ec45606058021129d02ba01cefd897ec5ad7bd1b22c214c7,application/vnd.oci.image.index.v1+json,linux/amd64 linux/arm64 unknown/unknown unknown/unknown,sha256:af647e06ebeb9f7001d1994f77d2a5e8fd97047a1ec1016b831e93fb6c14b1a3,2023-04-23T22:32:23Z,2023-04-23T22:32:23Z,2026-09-25T02:01:22,,,,,,,,,
docker.io/drakkarsoftware/octobot,octobot,outside period (not read),0.4.50,sha256:94fa0dad3e745e775b5d6cc4a42d32af69b3292552b0abc5284aac4b75c8d57a,application/vnd.oci.image.index.v1+json,linux/amd64 linux/arm64 unknown/unknown unknown/unknown,sha256:b1e79777bc894387952e2eb079cbf7047ab193d6477ff4bc0fd125d4d33dc091,2023-05-12T08:34:48Z,2023-05-12T08:34:48Z,2026-09-18T19:45:22,,,,,,,,,
docker.io/drakkarsoftware/octobot,octobot,outside period (not read),0.4.51,sha256:f7df6fb3af0b86d84a479e418a19706343450a9f48ee4de2168a7df8d64aaa56,application/vnd.oci.image.index.v1+json,linux/amd64 linux/arm64 unknown/unknown unknown/unknown,sha256:133f60edd8cdbbaad9fa8ac6d68728360663cf8a8d5117fab235edbde7deaff3,2023-06-09T14:27:47Z,2023-06-09T14:27:47Z,2026-09-18T19:45:22,,,,,,,,,
docker.io/drakkarsoftware/octobot,octobot,outside period (not read),0.4.52,sha256:9cabecb8675d433760622a46d72b2cf5e46a867a62d64779bd65e67219338ad6,application/vnd.oci.image.index.v1+json,linux/amd64 linux/arm64 unknown/unknown unknown/unknown,sha256:955329bc11fd76ee90a0ce8457ad87dcafe4f213237004583bce44292f7dbbe3,2023-07-09T14:12:33Z,2023-07-09T14:12:33Z,2026-09-18T19:45:22,,,,,,,,,
docker.io/drakkarsoftware/octobot,octobot,outside period (not read),0.4.53,sha256:9c849113fdcd29ec7d1959aec0ff93b17630c01a899a46f80b4d6836fac5cf4c,application/vnd.oci.image.index.v1+json,linux/amd64 linux/arm64 unknown/unknown unknown/unknown,sha256:bc204149dac646113ba1a24e2d09d89266f7b7b108cbab521726ceed44bdb292,2023-08-22T21:20:07Z,2023-08-22T21:20:07Z,2026-09-19T04:00:50,,,,,,,,,
docker.io/drakkarsoftware/octobot,octobot,outside period (not read),0.4.54,sha256:2b3ecc9fc514a52fb4f6474de2eeb8067aa1d00e4973a1b92c8d0dd17e40cd23,application/vnd.oci.image.index.v1+json,linux/amd64 linux/arm64 unknown/unknown unknown/unknown,sha256:debb6120b99febf1668484a1080455de0d2983c07fe431c45e4fb53f2b0dd707,2023-08-31T20:07:33Z,2023-08-31T20:07:33Z,2026-09-18T19:45:22,,,,,,,,,
docker.io/drakkarsoftware/octobot,octobot,outside period (not read),1.0.0,sha256:78a5e1c97e9f290a092edc5c015d6da1bc30d79be72ef5d62fec21de04583b68,application/vnd.oci.image.index.v1+json,linux/amd64 linux/arm64 unknown/unknown unknown/unknown,sha256:901ad456b282f0949025cb59fb19d73e282e6fa53108aad44ca27577c5b1e3b8,2023-09-26T10:57:09Z,2023-09-26T10:57:09Z,2026-09-23T02:07:22,,,,,,,,,
docker.io/drakkarsoftware/octobot,octobot,outside period (not read),1.0.1,sha256:dd20c6a13345e74fcf71a571dc4853eb0ce055e15284d2ddec515444e945cdbd,application/vnd.oci.image.index.v1+json,linux/amd64 linux/arm64 unknown/unknown unknown/unknown,sha256:409dfe6b242734a7a1cce0c8b7f9b4c2db5603d721f4e09619b8dcacda1496e3,2023-09-28T15:29:05Z,2023-09-28T15:29:05Z,2026-09-18T19:45:23,,,,,,,,,
docker.io/drakkarsoftware/octobot,octobot,outside period (not read),1.0.2,sha256:216e87a2dc1f8b86bb4a656c026552ca61ba9bf0ac87afa70f34eeff0353f2de,application/vnd.oci.image.index.v1+json,linux/amd64 linux/arm64 unknown/unknown unknown/unknown,sha256:015257cc5c503d69899b93d544757ee49a5ac9063d134d6693101a76e146cdab,2023-10-30T14:59:51Z,2023-10-30T14:59:51Z,2026-09-18T19:45:23,,,,,,,,,
docker.io/drakkarsoftware/octobot,octobot,outside period (not read),1.0.3,sha256:26fb8dfe59e0dab8880f9232bb6de7dc072403a89ffdf965be897a03a85a5d0d,application/vnd.oci.image.index.v1+json,linux/amd64 linux/arm64 unknown/unknown unknown/unknown,sha256:a2aa3cca1c47bfeb0bb6fb384e68270e56f20246a9d3de2435fed41140de3661,2023-10-30T23:05:36Z,2023-10-30T23:05:36Z,2026-09-26T17:11:44,,,,,,,,,
docker.io/drakkarsoftware/octobot,octobot,outside period (not read),1.0.4,sha256:9966fea4cc641a12e7f2932a9573157b3ded0f25d30b66661b917d90167c3f17,application/vnd.oci.image.index.v1+json,linux/amd64 linux/arm64 unknown/unknown unknown/unknown,sha256:496f318ef7c0931422a4e5e9554913456d1437f21242e37389ae5c4ecf41e7c6,2023-12-12T10:01:17Z,2023-12-12T10:01:17Z,2026-09-18T19:45:23,,,,,,,,,
docker.io/drakkarsoftware/octobot,octobot,outside period (not read),1.0.0-alpha-1,sha256:e03320169ed852a2bfd255bad1aee787e8919857bc1d73ccc668cbadf486ee85,application/vnd.oci.image.index.v1+json,linux/amd64 linux/arm64 unknown/unknown unknown/unknown,sha256:a9734aeb1b7c9bdafb1b84d16dd7f5622cd5740f58ac5f162651554e20f7454d,2023-12-19T19:47:20Z,2023-12-19T19:47:20Z,2026-09-18T19:45:23,,,,,,,,,
docker.io/drakkarsoftware/octobot,octobot,outside period (not read),1.0.5,sha256:1f0432733214855706217621f38215beea511703461e33ca873c31157918d069,application/vnd.oci.image.index.v1+json,linux/amd64 linux/arm64 unknown/unknown unknown/unknown,sha256:b9afdff7f764a1aeee7c5e0e8db2388e988d1030424494e805435b3c133c896a,2023-12-20T09:49:08Z,2023-12-20T09:49:08Z,2026-09-20T05:21:41,,,,,,,,,
docker.io/drakkarsoftware/octobot,octobot,outside period (not read),1.0.6,sha256:c2b5b465dc68b8c69c611fc7cc4834aeb249ed9602908fee1a95694da85b0baa,application/vnd.oci.image.index.v1+json,linux/amd64 linux/arm64 unknown/unknown unknown/unknown,sha256:f142d82ed40427632b0d5f2c78ed3f91e183f7ef02da83745cd4eec787058dec,2024-01-10T22:45:17Z,2024-01-10T22:45:17Z,2026-09-18T19:45:23,,,,,,,,,
docker.io/drakkarsoftware/octobot,octobot,outside period (not read),1.0.7,sha256:dc5889e03289ca4a770978067501e32148eeb7f6bef54668cb415f82b6981431,application/vnd.oci.image.index.v1+json,linux/amd64 linux/arm64 unknown/unknown unknown/unknown,sha256:2c2f1b2c1698ca5ca10dd1f63a61f311f25b6da3b1fae79ffc0d91a3a7befa3c,2024-01-18T21:41:10Z,2024-01-18T21:41:10Z,2026-09-18T19:45:23,,,,,,,,,
docker.io/drakkarsoftware/octobot,octobot,outside period (not read),1.0.8,sha256:7cce90a771b312b64dc2f04cc9d36838086141a4225e5810fa6c10f0f1fbb535,application/vnd.oci.image.index.v1+json,linux/amd64 linux/arm64 unknown/unknown unknown/unknown,sha256:fe9bca6481e47e16691c76b3ff7f11ac4bce996fdd5da71c971be765d2cb890b,2024-02-16T09:46:54Z,2024-02-16T09:46:54Z,2026-09-18T19:45:23,,,,,,,,,
docker.io/drakkarsoftware/octobot,octobot,outside period (not read),1.0.9,sha256:f1f03392cf76c9b2cd4fbb2478fcfa29c78acaea3c7de817677fb89f6f8cf172,application/vnd.oci.image.index.v1+json,linux/amd64 linux/arm64 unknown/unknown unknown/unknown,sha256:5a97151668327f9b9ab3c36af0135b3483c20e615cf3a06c5b1a3d465f8e9eb4,2024-04-18T06:57:31Z,2024-04-18T06:57:31Z,2026-09-18T19:45:23,,,,,,,,,
docker.io/drakkarsoftware/octobot,octobot,outside period (not read),1.0.10,sha256:39c179d3ad30477e35661e0277b567c1996fc3e21134c0068cc2f0538cb0be84,application/vnd.oci.image.index.v1+json,linux/amd64 linux/arm64 unknown/unknown unknown/unknown,sha256:8b844216abeff02b6779dad0147dc2dea19c7b55eec12ff419f5d21f885d107a,2024-04-19T09:59:22Z,2024-04-19T09:59:22Z,2026-09-18T19:45:23,,,,,,,,,
docker.io/drakkarsoftware/octobot,octobot,outside period (not read),2.0.0,sha256:46d386e5a4b9e0e91568e3cce6f17436ac7b75479d13b513c3bbe03772275a94,application/vnd.oci.image.index.v1+json,linux/amd64 linux/arm64 unknown/unknown unknown/unknown,sha256:3029a60acbd9df451386d67035159b9280f02ff77e89c4bff739a2a9bbe41140,2024-07-05T22:43:42Z,2024-07-05T22:43:42Z,2026-09-18T19:45:23,,,,,,,,,
docker.io/drakkarsoftware/octobot,octobot,outside period (not read),2.0.1,sha256:6fabbf46e9f8d03f8c3794849998456fe910eee7aa063ab70e14d70bef64ac48,application/vnd.oci.image.index.v1+json,linux/amd64 linux/arm64 unknown/unknown unknown/unknown,sha256:dff8ae15931ab00c1a5a65dd92bb47a65af4e18019a014251391cf6af4390e1e,2024-07-10T07:12:00Z,2024-07-10T07:12:00Z,2026-09-18T19:45:23,,,,,,,,,
docker.io/drakkarsoftware/octobot,octobot,outside period (not read),2.0.2,sha256:7422e115fcc5dc35403f87314be19502b6a6d3d0ba45b93bf43ea2fb34699159,application/vnd.oci.image.index.v1+json,linux/amd64 linux/arm64 unknown/unknown unknown/unknown,sha256:1c62b7621d047d4bdd227862996b55226f6a8d251464403b7355f3dfc142b272,2024-07-17T09:20:33Z,2024-07-17T09:20:33Z,2026-09-18T19:45:23,,,,,,,,,
docker.io/drakkarsoftware/octobot,octobot,outside period (not read),2.0.3,sha256:2264896e70ee03a4b6c99928072c2fd36b5986ddb01232de830ce34c0812bd7c,application/vnd.oci.image.index.v1+json,linux/amd64 linux/arm64 unknown/unknown unknown/unknown,sha256:3e2775db712b225f563f1c60deb2ede7f4f0dde3371fa2eb8596b475282b6af3,2024-08-04T21:36:47Z,2024-08-04T21:36:47Z,2026-09-18T19:45:23,,,,,,,,,
docker.io/drakkarsoftware/octobot,octobot,outside period (not read),2.0.4,sha256:30d1ea2d514e3bbccba42f4ea45429239f7350ca3aa20a336dc6e6323fda764a,application/vnd.oci.image.index.v1+json,linux/amd64 linux/arm64 unknown/unknown unknown/unknown,sha256:dde9a7639e8da451cedb1bd106979aa9793785e72a0637b5d922e6ce516b9e2a,2024-08-26T13:49:51Z,2024-08-26T13:49:51Z,2026-09-18T19:45:23,,,,,,,,,
docker.io/drakkarsoftware/octobot,octobot,outside period (not read),2.0.5,sha256:21affef05af979b87360f5ea085394088df10ef53759324a7b14eeb18ecd66d0,application/vnd.oci.image.index.v1+json,linux/amd64 linux/arm64 unknown/unknown unknown/unknown,sha256:8f33a93f5e1fd31642681da63c1d505e3c9ab452ee0713392b9d5cae88a01a19,2024-08-27T19:28:39Z,2024-08-27T19:28:39Z,2026-09-18T19:45:23,,,,,,,,,
docker.io/drakkarsoftware/octobot,octobot,outside period (not read),2.0.6,sha256:5c35d59d3cb687dd1147d9b1d2d926c15cfde2cc8b3ce58df20f2ca9e623318e,application/vnd.oci.image.index.v1+json,linux/amd64 linux/arm64 unknown/unknown unknown/unknown,sha256:52067e6bca84ccb9d76998d227c3acf0a5808d15704d27078f819e77cefe5f3c,2024-10-08T21:50:14Z,2024-10-08T21:50:14Z,2026-09-18T20:01:01,,,,,,,,,
docker.io/drakkarsoftware/octobot,octobot,outside period (not read),2.0.7,sha256:6b2e856ae68c5ce724bbad1091aafed89abc7c3cffbbbfc229bd22bcabba3132,application/vnd.oci.image.index.v1+json,linux/amd64 linux/arm64 unknown/unknown unknown/unknown,sha256:fa9d0bf8ea4b184bb391c7320d6df805b7ae29f68a128ff0a5b1a75a9cac01cd,2024-10-27T12:02:14Z,2024-10-27T12:02:14Z,2026-09-26T18:00:14,,,,,,,,,
docker.io/drakkarsoftware/octobot,octobot,outside period (not read),2.0.8,sha256:4adcc77c475ff37af54f8bdc094f8fd5413dedeb847ff1a9c466e506b9dc42cd,application/vnd.oci.image.index.v1+json,linux/amd64 linux/arm64 unknown/unknown unknown/unknown,sha256:c3a690bfc1f26cae7d36face3791233993d37de1004f01ec5adb1f94d4d003ff,2025-01-28T15:47:03Z,2025-01-28T15:47:03Z,2026-09-23T21:50:14,,,,,,,,,
docker.io/drakkarsoftware/octobot,octobot,outside period (not read),2.0.9,sha256:f7dcbebf233af039c24cb10e9b92f31352b94ed991d64a17c0dffc204cedacbc,application/vnd.oci.image.index.v1+json,linux/amd64 linux/arm64 unknown/unknown unknown/unknown,sha256:1d86b73deba25862faa0bbba695dba5cd31204b597d455be1865483928bc2bff,2025-03-07T14:07:37Z,2025-03-07T14:07:37Z,2026-09-18T20:01:02,,,,,,,,,
docker.io/drakkarsoftware/octobot,octobot,outside period (not read),2.0.10,sha256:6e61f2cc3eb0dfead751f1e0e879045fc0390ad708847002e1910586481a69b0,application/vnd.oci.image.index.v1+json,linux/amd64 linux/arm64 unknown/unknown unknown/unknown,sha256:13f940ff6708646050ca5e903db9be08a2283c660df132ff45ea0ea3d54977b6,2025-05-25T15:32:25Z,2025-05-25T15:32:25Z,2026-09-18T19:45:23,,,,,,,,,
docker.io/drakkarsoftware/octobot,octobot,outside period (not read),marketmaking-2.0.10,sha256:d9d5c2a4575f638e2c7877b451b3c96b0fc6891a737ed1b2d6ebdbc193ffaea9,application/vnd.oci.image.index.v1+json,linux/amd64 linux/arm64 unknown/unknown unknown/unknown,sha256:83d0efc661941252e105dea99e170971e1853f76eb5088d7b259a6a30d79ff6b,2025-05-25T17:24:09Z,2025-05-25T17:24:09Z,2026-09-18T20:01:03,,,,,,,,,
docker.io/drakkarsoftware/octobot,octobot,outside period (not read),2.0.11,sha256:dbc928f9a55952db3f7eae3bd47d041da5367dfd65ad3fd5616235c08c1363a7,application/vnd.oci.image.index.v1+json,linux/amd64 linux/arm64 unknown/unknown unknown/unknown,sha256:01d109744bb301877192f48830fd58d64dafa55331e149d0f0f13bdcdbe92333,2025-06-06T20:08:19Z,2025-06-06T20:08:19Z,2026-09-18T19:45:23,,,,,,,,,
docker.io/drakkarsoftware/octobot,octobot,outside period (not read),marketmaking-2.0.11,sha256:a0cdbb17107e24e922e9e94635538125e75ba6b55beead3b43cbef7c65d66104,application/vnd.oci.image.index.v1+json,linux/amd64 linux/arm64 unknown/unknown unknown/unknown,sha256:68af0cffe84acdd24e43576eac24932b25c1130e1593b1779319a9d0d9d8d0f0,2025-06-06T21:01:52Z,2025-06-06T21:01:52Z,2026-09-18T20:01:03,,,,,,,,,
docker.io/drakkarsoftware/octobot,octobot,outside period (not read),2.0.12,sha256:b2bc19106ecc1dd0a5c4ee891b576703b732a0089fd635e493dc8f361e02598b,application/vnd.oci.image.index.v1+json,linux/amd64 linux/arm64 unknown/unknown unknown/unknown,sha256:fa9d96ccf7a3109411dc283f7bb945231256030fcfd5ebea274eb0f311c9cdf2,2025-06-09T17:19:57Z,2025-06-09T17:19:57Z,2026-09-26T13:22:06,,,,,,,,,
docker.io/drakkarsoftware/octobot,octobot,outside period (not read),marketmaking-2.0.12,sha256:5bee76ca81651a71647764d8bfb56ceea1113e18f4aa8764e34f5c8d967641c0,application/vnd.oci.image.index.v1+json,linux/amd64 linux/arm64 unknown/unknown unknown/unknown,sha256:227fac40120f32753ee3bef5d783b3b0c1bf287db4a43807716ade3710a3c994,2025-06-09T19:41:20Z,2025-06-09T19:41:20Z,2026-09-21T13:13:43,,,,,,,,,
docker.io/drakkarsoftware/octobot,octobot,outside period (not read),2.1.13,sha256:56c42b40066afea4ebad52c44423ae23360e3ff51735efafe5a27fb499d6dd87,application/vnd.oci.image.index.v1+json,linux/amd64 linux/arm64 unknown/unknown unknown/unknown,sha256:b63366d04f2f83d5f1a1b83d4f39dd5adcf5bb1b831ceaf35040719eda9867fe,2025-10-18T15:29:07Z,2025-10-18T15:29:07Z,2026-09-26T17:16:12,,,,,,,,,
docker.io/drakkarsoftware/octobot,octobot,outside period (not read),2.0.13,sha256:a2f70efa0e0f7bddbc1fd5467fcceb3992dec2566afbdacb6d3e95c1522b7430,application/vnd.oci.image.index.v1+json,linux/amd64 linux/arm64 unknown/unknown unknown/unknown,sha256:332766fbdd28c560a3d70fd63613abed4c8191d1159b71a98c95904d6d41eeb7,2025-10-18T15:45:21Z,2025-10-18T15:45:21Z,2026-09-24T22:02:32,,,,,,,,,
docker.io/drakkarsoftware/octobot,octobot,outside period (not read),marketmaking-2.0.13,sha256:cb840a1321e6522be1fc8f18d29a5fb938d88500b7b1ac9875a1d136770ea8a4,application/vnd.oci.image.index.v1+json,linux/amd64 linux/arm64 unknown/unknown unknown/unknown,sha256:7f53aad24b04f1793e4dee82efa267c410ae58bf32a8f4f619e188f36ad49ae6,2025-10-18T16:17:19Z,2025-10-18T16:17:19Z,2026-09-23T17:21:24,,,,,,,,,
docker.io/drakkarsoftware/octobot,octobot,outside period (not read),2.0.14,sha256:f2279abb5b81a8dbc45ca33867148f35e68c47c925209b0b2d8ae575a13925db,application/vnd.oci.image.index.v1+json,linux/amd64 linux/arm64 unknown/unknown unknown/unknown,sha256:df0d7b43be824df14af95303bc4982f783f73a21ba6bc49b25a55dbabddb27ed,2025-10-30T10:01:49Z,2025-10-30T10:01:49Z,2026-09-24T13:32:37,,,,,,,,,
docker.io/drakkarsoftware/octobot,octobot,outside period (not read),2.0.15,sha256:b01b8c7e9d2eb245eac700f17206613707ea24088f206162c222db916c95267b,application/vnd.oci.image.index.v1+json,linux/amd64 linux/arm64 unknown/unknown unknown/unknown,sha256:eda2357d8e648704bc7525f7cb4b9d1a90404dc3ab397a55990c5a3d38871cb0,2025-12-10T08:40:41Z,2025-12-10T08:40:41Z,2026-09-24T05:41:27,,,,,,,,,
docker.io/drakkarsoftware/octobot,octobot,outside period (not read),marketmaking-2.0.15,sha256:3a8d8df4c2d381d7e7ff80c12ec3666faea365bd20ae24a5497c541491828d2c,application/vnd.oci.image.index.v1+json,linux/amd64 linux/arm64 unknown/unknown unknown/unknown,sha256:b89e805fda9bac2524f4fcd4aa495c7c92bdecc5315d4c711c7e9cfa012ff8a1,2025-12-10T09:49:48Z,2025-12-10T09:49:48Z,2026-09-25T22:44:14,,,,,,,,,
docker.io/drakkarsoftware/octobot,octobot,outside period (not read),2.0.16,sha256:aeb382202149756feea2b164ce2eb119b231e25085fd7a24de093d3caccbc109,application/vnd.oci.image.index.v1+json,linux/amd64 linux/arm64 unknown/unknown unknown/unknown,sha256:eb5abb4ef8702d559abc720ad91cfbe10c0a2f16b9723780f915f16042809ab2,2025-12-29T16:54:12Z,2025-12-29T16:54:12Z,2026-09-25T19:24:58,,,,,,,,,
docker.io/drakkarsoftware/octobot,octobot,outside period (not read),marketmaking-2.0.16,sha256:97d4257c72b244cae117fefe59dc2f20b49a9d9abc6def93c41db82d1f93bb48,application/vnd.oci.image.index.v1+json,linux/amd64 linux/arm64 unknown/unknown unknown/unknown,sha256:3355aaf5fcfab441f1a0628db39ed06d504adb4b2bbe5a4f17560fccf3e3a46f,2025-12-29T17:27:14Z,2025-12-29T17:27:14Z,2026-09-24T18:08:20,,,,,,,,,
docker.io/drakkarsoftware/octobot,octobot,outside period (not read),2.1.0,sha256:7100c1a2f1182e45a1202158ac798ba8471555ac06ece1813f4a4b73624e79f0,application/vnd.oci.image.index.v1+json,linux/amd64 linux/arm64 unknown/unknown unknown/unknown,sha256:732d319da5ac1be55ee9047c14dbd973fdd640fd4af59bb347f7f12e20c7a8bf,2026-03-17T21:54:30Z,2026-03-17T21:54:30Z,2026-09-24T21:04:29,,,,,,,,,
docker.io/drakkarsoftware/octobot,octobot,outside period (not read),marketmaking-2.1.0,sha256:e2981e4bd935039619b7ddf594b769e985603c6d41978d4a6ab6426479d81f03,application/vnd.oci.image.index.v1+json,linux/amd64 linux/arm64 unknown/unknown unknown/unknown,sha256:7c2f11f493189c6084211fae2e6620d988b58ecc2eea2d8e58d772f1c0352fc5,2026-03-22T18:01:05Z,2026-03-22T18:01:05Z,2026-09-23T23:37:02,,,,,,,,,
docker.io/drakkarsoftware/octobot,octobot,nearest before period,prediction-market-2.1.0,sha256:c7d76e053f0fc430a62fffa3b8ec1f79cf624b6286829807873c9c58fc2b11ed,application/vnd.oci.image.index.v1+json,linux/amd64 linux/arm64 unknown/unknown unknown/unknown,sha256:de5b5ca1de19a7440af9458ae789ddbf6698e9be63ae32d295e0a965d898741a,2026-03-23T20:03:40Z,2026-03-23T20:03:40Z,2026-09-24T10:10:44,,,,,,,,,
docker.io/drakkarsoftware/octobot,octobot,in window,2.1.1,sha256:415d93a9d676817bbe52fcd2a8d47fba146f04392e8a24651e4a432abdbf4628,application/vnd.oci.image.index.v1+json,linux/amd64 linux/arm64 unknown/unknown unknown/unknown,sha256:bd61d43088b297e308dbbe8c81abe92c8c66e798b00842dd9c100e00b216b591,2026-03-29T15:39:10Z,2026-03-29T15:39:10Z,2026-09-26T18:34:34,,,,,,,,,
docker.io/drakkarsoftware/octobot,octobot,in window,prediction-market-staging,sha256:95193cc77e51fba9a164fca3d6ef81fcaf93ab95a745f41f3555e92c58573776,application/vnd.oci.image.index.v1+json,linux/amd64 linux/arm64 unknown/unknown unknown/unknown,sha256:d956d0c97f254607c712ba258cd507a1dc726b8b98680b0692e171b86e025aae,2026-03-30T06:24:58Z,2026-03-30T06:24:58Z,2026-09-26T03:12:49,,,,,,,,,
docker.io/drakkarsoftware/octobot,octobot,in window,marketmaking-staging,sha256:185ff81db81fb3d8194614d34bec96cca0dfbe85cf7f610be7acb59d18bc9e13,application/vnd.oci.image.index.v1+json,linux/amd64 linux/arm64 unknown/unknown unknown/unknown,sha256:155e56f813a5ff1cc783879d2c10ce0c135b090927fd050cb4437c21b9a63a5e,2026-03-30T06:25:25Z,2026-03-30T06:25:25Z,2026-09-25T12:27:42,,,,,,,,,
docker.io/drakkarsoftware/octobot,octobot,in window,prediction-market-2.1.1 prediction-market-latest prediction-market-stable,sha256:71944237cb8d348871fa22d83fca5368d5f694256d4e3cd19360417593503965,application/vnd.oci.image.index.v1+json,linux/amd64 linux/arm64 unknown/unknown unknown/unknown,sha256:0f2d954410f655b3ffef869fd247a469034ce47604057fc77ff2405fcbc9bde5,2026-03-30T06:25:58Z,2026-03-30T06:26:01Z,2026-09-26T09:34:52,,,,,,,,,
docker.io/drakkarsoftware/octobot,octobot,in window,marketmaking-2.1.1 marketmaking-latest marketmaking-stable,sha256:0b525a301aa4cdcdb4e9e61deb0f39ee7323d4ef5d8116b2e3e091c331e76d09,application/vnd.oci.image.index.v1+json,linux/amd64 linux/arm64 unknown/unknown unknown/unknown,sha256:155e56f813a5ff1cc783879d2c10ce0c135b090927fd050cb4437c21b9a63a5e,2026-03-30T06:26:11Z,2026-03-30T06:26:15Z,2026-09-25T12:27:42,,,,,,,,,
docker.io/drakkarsoftware/octobot,octobot,nearest after period,3.0.0-beta1,sha256:bfc11f6b760cbb6d72c4d4d1d7c0fcb12fb4a873b8560841c261dc8b2e78b823,application/vnd.oci.image.index.v1+json,linux/amd64 linux/arm64 unknown/unknown unknown/unknown,sha256:83b5b90a58e83c9c164e3c84f357081891083150e50df534a5de66d4457c9115,2026-07-30T19:00:55Z,2026-07-30T19:00:55Z,2026-09-25T12:27:41,,,,,,,,,
docker.io/drakkarsoftware/octobot,octobot,outside period (not read),3.0.0-beta2 stable,sha256:8719e14d5c0d0a56420f5f61e69a30cbb06bbff3f2a882fb1daa29c1a6e8e6d0,application/vnd.oci.image.index.v1+json,linux/amd64 linux/arm64 unknown/unknown unknown/unknown,sha256:c032a9f91c6f4d6977948e071d03b403e67f24475a9cdfa5748bd02241383724,2026-08-06T11:43:27Z,2026-08-06T11:43:29Z,2026-09-26T18:35:40,,,,,,,,,
docker.io/drakkarsoftware/octobot,octobot,outside period (not read),staging,sha256:5985f8df18764e893bbc0fc5443a5254a80ad886fdd6ecae1f750f32904f10f5,application/vnd.oci.image.index.v1+json,linux/amd64 linux/arm64,sha256:c93263a53fc7ada9c418d6efd818fd14f7c16a8d32dcab83c5690d81779bd03d,2026-09-15T07:39:11Z,2026-09-15T07:39:11Z,2026-09-26T17:12:14,,,,,,,,,
docker.io/drakkarsoftware/octobot,octobot,outside period (not read),latest,sha256:1bf5469063e1d7a9f5ac9e23ba91c214b414d42c5134ed6dc1bded78847d49eb,application/vnd.oci.image.index.v1+json,linux/amd64 linux/arm64,sha256:a3e3874b041c6039ca6439900029fa0313dfd7b0f44d44d9b68c6613935dcd48,2026-09-25T12:27:12Z,2026-09-25T12:27:12Z,2026-09-26T18:32:06,,,,,,,,,
docker.io/salehmir/jesse,jesse,outside period (not read),0.18.2 0.19.0 0.19.1 0.19.2 0.19.3 0.20.2 0.20.5 0.20.6 0.20.7 0.20.9 0.21.0 0.21.1 0.21.2 0.21.3 0.21.4 0.22.0 0.22.1 0.23.0 0.24.0 0.24.1 0.25.1 0.25.2 0.26.0 0.27.11 0.27.3 0.27.5 0.28.0 0.28.1 0.30.0 0.30.10 0.30.11 0.30.12 0.30.13 0.30.14 0.30.15 0.30.16 0.30.5 0.30.7 0.30.8 0.30.9 0.31.0 0.31.1 0.32.0 0.32.1 0.32.10 0.32.11 0.32.2 0.32.4 0.32.5 0.32.6 0.32.7 0.32.8 0.33.0 0.33.1 0.33.3 0.34.0 0.34.1 0.34.2 0.35.0 0.35.1 0.35.2 0.35.3 0.35.4 0.35.5 0.35.6 0.35.7 0.35.8 0.35.9 0.36.0 0.37.0 0.37.1 0.37.2 0.37.3 0.38.0 0.38.1 0.38.2 python38,,application/vnd.docker.container.image.v1+json,linux/amd64,sha256:8e329b49694c3feb55053d78304b100826d59beedf6447d746fefb32f682baea,2020-05-10T16:33:14Z,2022-07-13T06:47:50Z,2026-09-25T16:07:28,,,,,,,,,
docker.io/salehmir/jesse,jesse,outside period (not read),0.38.3,sha256:fd2ca15a315b44bf5a2f9e83e624cc1de36ad4e1f863e4f78a8fcdfdd568cda4,application/vnd.docker.container.image.v1+json,linux/amd64,sha256:fd2ca15a315b44bf5a2f9e83e624cc1de36ad4e1f863e4f78a8fcdfdd568cda4,2022-07-28T09:19:24Z,2022-07-28T09:19:24Z,2026-09-04T18:40:19,,,,,,,,,
docker.io/salehmir/jesse,jesse,outside period (not read),0.39.0,sha256:682a25cf4131ed54b0d3f51e9f6658af31d2874e1c764705fd8fcc486e86ffb7,application/vnd.docker.container.image.v1+json,linux/amd64,sha256:682a25cf4131ed54b0d3f51e9f6658af31d2874e1c764705fd8fcc486e86ffb7,2022-08-24T08:09:23Z,2022-08-24T08:09:23Z,2026-09-04T18:40:01,,,,,,,,,
docker.io/salehmir/jesse,jesse,outside period (not read),0.39.1,sha256:f5a414dc1d1e86bac5cf8436dd632779b529e7caeb06c7129d20a0a6154b74fd,application/vnd.docker.container.image.v1+json,linux/amd64,sha256:f5a414dc1d1e86bac5cf8436dd632779b529e7caeb06c7129d20a0a6154b74fd,2022-08-24T12:09:48Z,2022-08-24T12:09:48Z,2026-09-04T18:40:51,,,,,,,,,
docker.io/salehmir/jesse,jesse,outside period (not read),0.39.2,sha256:56cb0c53317c094a51684879018a6d4ea2c8601611e40286649416fd5c64d675,application/vnd.docker.container.image.v1+json,linux/amd64,sha256:56cb0c53317c094a51684879018a6d4ea2c8601611e40286649416fd5c64d675,2022-08-24T12:23:06Z,2022-08-24T12:23:06Z,2026-09-04T18:39:46,,,,,,,,,
docker.io/salehmir/jesse,jesse,outside period (not read),0.39.3,sha256:ab09a1b79bfae7a879633190f5c9b294f2d3fadace2c60f14f03face9c606d8c,application/vnd.docker.container.image.v1+json,linux/amd64,sha256:ab09a1b79bfae7a879633190f5c9b294f2d3fadace2c60f14f03face9c606d8c,2022-08-25T08:18:48Z,2022-08-25T08:18:48Z,2026-09-17T03:08:27,,,,,,,,,
docker.io/salehmir/jesse,jesse,outside period (not read),0.39.4,sha256:4fd7d724546a3360dfa21edf84fc7ee8f595bfd1dd1d47e0d814e123c64f8195,application/vnd.docker.container.image.v1+json,linux/amd64,sha256:4fd7d724546a3360dfa21edf84fc7ee8f595bfd1dd1d47e0d814e123c64f8195,2022-08-26T12:14:03Z,2022-08-26T12:14:03Z,2026-09-22T21:17:42,,,,,,,,,
docker.io/salehmir/jesse,jesse,outside period (not read),0.39.5,sha256:52b27d40d6f988d0639f20c2a5194bac0469abfb4df973298e6f4ce87b3c814d,application/vnd.docker.container.image.v1+json,linux/amd64,sha256:52b27d40d6f988d0639f20c2a5194bac0469abfb4df973298e6f4ce87b3c814d,2022-08-30T15:46:15Z,2022-08-30T15:46:15Z,2026-09-04T18:40:37,,,,,,,,,
docker.io/salehmir/jesse,jesse,outside period (not read),0.40.0,sha256:9f30fb0c181b961dfa3cfef98e08d272b667797dc794de94e5e4efd9b5cee611,application/vnd.docker.container.image.v1+json,linux/amd64,sha256:9f30fb0c181b961dfa3cfef98e08d272b667797dc794de94e5e4efd9b5cee611,2022-10-03T08:32:30Z,2022-10-03T08:32:30Z,2026-09-09T12:37:46,,,,,,,,,
docker.io/salehmir/jesse,jesse,outside period (not read),0.40.1,sha256:eba381852ea97f0f03d49429e400080868c972352252d689f2f4a2cf46b5f506,application/vnd.docker.container.image.v1+json,linux/amd64,sha256:eba381852ea97f0f03d49429e400080868c972352252d689f2f4a2cf46b5f506,2022-10-09T17:39:41Z,2022-10-09T17:39:41Z,2026-09-04T18:40:39,,,,,,,,,
docker.io/salehmir/jesse,jesse,outside period (not read),0.40.2,sha256:3e6cb56d78fec15f2b616c4ca15e4078de2ebba46cc6f4a87860120b261173d8,application/vnd.docker.container.image.v1+json,linux/amd64,sha256:3e6cb56d78fec15f2b616c4ca15e4078de2ebba46cc6f4a87860120b261173d8,2022-10-13T08:54:37Z,2022-10-13T08:54:37Z,2026-09-04T18:40:24,,,,,,,,,
docker.io/salehmir/jesse,jesse,outside period (not read),0.40.3,sha256:ee6a0e2cb760f14ecdd1c902d76aecd3bbf0b23e5cefe6ae9f3c45bd4ea851d4,application/vnd.docker.container.image.v1+json,linux/amd64,sha256:ee6a0e2cb760f14ecdd1c902d76aecd3bbf0b23e5cefe6ae9f3c45bd4ea851d4,2022-10-13T13:23:06Z,2022-10-13T13:23:06Z,2026-09-18T00:20:10,,,,,,,,,
docker.io/salehmir/jesse,jesse,outside period (not read),0.40.4,sha256:903c0371e8564544e19bc31ba8e88a1505516a0d9adeeb8869be145140e3d925,application/vnd.docker.container.image.v1+json,linux/amd64,sha256:903c0371e8564544e19bc31ba8e88a1505516a0d9adeeb8869be145140e3d925,2022-10-17T15:41:19Z,2022-10-17T15:41:19Z,2026-09-04T18:39:43,,,,,,,,,
docker.io/salehmir/jesse,jesse,outside period (not read),0.41.0,sha256:0814735b8f60dd3494ded7be9e67f4130d8253386818b022557fba3f2f9745f4,application/vnd.docker.container.image.v1+json,linux/amd64,sha256:0814735b8f60dd3494ded7be9e67f4130d8253386818b022557fba3f2f9745f4,2022-11-02T09:49:00Z,2022-11-02T09:49:00Z,2026-09-04T18:39:53,,,,,,,,,
docker.io/salehmir/jesse,jesse,outside period (not read),0.41.1,sha256:3d5333bf62b9e1c3f59e8a4c7941694d37f25a4f3c0e31601bcebfb2c913d171,application/vnd.docker.container.image.v1+json,linux/amd64,sha256:3d5333bf62b9e1c3f59e8a4c7941694d37f25a4f3c0e31601bcebfb2c913d171,2022-11-15T14:32:31Z,2022-11-15T14:32:31Z,2026-09-04T18:39:34,,,,,,,,,
docker.io/salehmir/jesse,jesse,outside period (not read),0.41.2,sha256:7e3dd1883b398cf6bc50c198d15ecd18ffa96cb627c4dcf4d7cba1b97897f9a9,application/vnd.docker.container.image.v1+json,linux/amd64,sha256:7e3dd1883b398cf6bc50c198d15ecd18ffa96cb627c4dcf4d7cba1b97897f9a9,2022-11-15T14:51:41Z,2022-11-15T14:51:41Z,2026-09-04T18:40:09,,,,,,,,,
docker.io/salehmir/jesse,jesse,outside period (not read),0.41.3,sha256:f0246d8762e0b6983dbf44f905b77a487ab41df803cc812b581d8a9388c22295,application/vnd.docker.container.image.v1+json,linux/amd64,sha256:f0246d8762e0b6983dbf44f905b77a487ab41df803cc812b581d8a9388c22295,2022-11-24T09:53:05Z,2022-11-24T09:53:05Z,2026-09-04T18:39:49,,,,,,,,,
docker.io/salehmir/jesse,jesse,outside period (not read),0.41.4,sha256:8ac054f448398f65acc50112e47c46d63f2cab021351194dc67418ed63b128e1,application/vnd.docker.container.image.v1+json,linux/amd64,sha256:8ac054f448398f65acc50112e47c46d63f2cab021351194dc67418ed63b128e1,2022-12-08T16:03:57Z,2022-12-08T16:03:57Z,2026-09-20T04:06:04,,,,,,,,,
docker.io/salehmir/jesse,jesse,outside period (not read),0.41.5,sha256:e570509a8e1805f9e10a6e8e2f1e350d9267ef51664ba13d4f4ca202ca7f135a,application/vnd.docker.container.image.v1+json,linux/amd64,sha256:e570509a8e1805f9e10a6e8e2f1e350d9267ef51664ba13d4f4ca202ca7f135a,2022-12-28T10:45:53Z,2022-12-28T10:45:53Z,2026-09-20T22:20:27,,,,,,,,,
docker.io/salehmir/jesse,jesse,outside period (not read),0.41.6,sha256:09c851a69f5d9c9fa28d4b485c6650b678574559e78385006facdfc9f479ed6e,application/vnd.docker.container.image.v1+json,linux/amd64,sha256:09c851a69f5d9c9fa28d4b485c6650b678574559e78385006facdfc9f479ed6e,2023-01-12T13:42:42Z,2023-01-12T13:42:42Z,2026-09-04T18:39:26,,,,,,,,,
docker.io/salehmir/jesse,jesse,outside period (not read),0.41.7,sha256:8aa64b47138f0061290f0862d4442cb3803b4ab2a4bf6836d91db61d31b69232,application/vnd.docker.container.image.v1+json,linux/amd64,sha256:8aa64b47138f0061290f0862d4442cb3803b4ab2a4bf6836d91db61d31b69232,2023-04-19T15:31:09Z,2023-04-19T15:31:09Z,2026-09-04T18:40:30,,,,,,,,,
docker.io/salehmir/jesse,jesse,outside period (not read),0.42.0,sha256:b56e624d0420934e5c9ebe1169f033dad9190f75305b085c7ab8830def6f365d,application/vnd.docker.container.image.v1+json,linux/amd64,sha256:b56e624d0420934e5c9ebe1169f033dad9190f75305b085c7ab8830def6f365d,2023-05-07T15:54:13Z,2023-05-07T15:54:13Z,2026-09-04T18:39:41,,,,,,,,,
docker.io/salehmir/jesse,jesse,outside period (not read),0.42.1,sha256:feb9b8892024daa7854d13e5b420fe67141e81e3d4d93d9203df5d3928e50c0a,application/vnd.docker.container.image.v1+json,linux/amd64,sha256:feb9b8892024daa7854d13e5b420fe67141e81e3d4d93d9203df5d3928e50c0a,2023-06-26T14:04:42Z,2023-06-26T14:04:42Z,2026-09-04T18:40:51,,,,,,,,,
docker.io/salehmir/jesse,jesse,outside period (not read),0.42.2,sha256:29bf1e21b8263b2941e2aa8068d93521c553ac04485737f7e507b54cf4a8b92d,application/vnd.docker.container.image.v1+json,linux/amd64,sha256:29bf1e21b8263b2941e2aa8068d93521c553ac04485737f7e507b54cf4a8b92d,2023-07-15T14:46:07Z,2023-07-15T14:46:07Z,2026-09-04T18:39:53,,,,,,,,,
docker.io/salehmir/jesse,jesse,outside period (not read),0.42.3,sha256:64073259aab14c33353b6e7ac37a75eae7a6e7bf3c1997893245bb7248d717ed,application/vnd.docker.container.image.v1+json,linux/amd64,sha256:64073259aab14c33353b6e7ac37a75eae7a6e7bf3c1997893245bb7248d717ed,2023-08-24T13:56:03Z,2023-08-24T13:56:03Z,2026-09-04T18:40:50,,,,,,,,,
docker.io/salehmir/jesse,jesse,outside period (not read),0.43.0,sha256:d98ec3b95f4f8a0b87df6a13c3ed86a610a60c7d4a0f65c9b72f9a411921dd0e,application/vnd.docker.container.image.v1+json,linux/amd64,sha256:d98ec3b95f4f8a0b87df6a13c3ed86a610a60c7d4a0f65c9b72f9a411921dd0e,2023-10-05T18:27:15Z,2023-10-05T18:27:15Z,2026-09-04T18:40:08,,,,,,,,,
docker.io/salehmir/jesse,jesse,outside period (not read),0.43.2,sha256:b805e073d6363499b5fb1f2815c8fa8879adc9d11a35e4caa3c19f00cf46e7a3,application/vnd.docker.container.image.v1+json,linux/amd64,sha256:b805e073d6363499b5fb1f2815c8fa8879adc9d11a35e4caa3c19f00cf46e7a3,2023-10-20T16:31:34Z,2023-10-20T16:31:34Z,2026-09-18T12:29:12,,,,,,,,,
docker.io/salehmir/jesse,jesse,outside period (not read),0.43.3,sha256:302b336bf8271af9ae4aed4e2f07580d462b69257f2df51b8f06c52fd91b99da,application/vnd.docker.container.image.v1+json,linux/amd64,sha256:302b336bf8271af9ae4aed4e2f07580d462b69257f2df51b8f06c52fd91b99da,2023-10-28T11:23:54Z,2023-10-28T11:23:54Z,2026-09-04T18:40:49,,,,,,,,,
docker.io/salehmir/jesse,jesse,outside period (not read),0.44.0,sha256:d03b59abd285b0e7a0a126407126bd11e8d01c4d566519ff2471bfdeef787656,application/vnd.docker.container.image.v1+json,linux/amd64,sha256:d03b59abd285b0e7a0a126407126bd11e8d01c4d566519ff2471bfdeef787656,2023-11-17T15:52:11Z,2023-11-17T15:52:11Z,2026-09-23T18:45:21,,,,,,,,,
docker.io/salehmir/jesse,jesse,outside period (not read),0.44.1,sha256:d494ec7a0cb1611ab9fe9c63db2e36b7dba5a606010e8dce569da7f6401a8b03,application/vnd.docker.container.image.v1+json,linux/amd64,sha256:d494ec7a0cb1611ab9fe9c63db2e36b7dba5a606010e8dce569da7f6401a8b03,2023-12-03T18:41:04Z,2023-12-03T18:41:04Z,2026-09-26T00:54:09,,,,,,,,,
docker.io/salehmir/jesse,jesse,outside period (not read),0.44.2,sha256:adebe3fcf4bd3b8ddd3ef4478bb6aa39a2c4e2f4550f7e661b4ecbaf0537ee00,application/vnd.docker.container.image.v1+json,linux/amd64,sha256:adebe3fcf4bd3b8ddd3ef4478bb6aa39a2c4e2f4550f7e661b4ecbaf0537ee00,2023-12-04T16:35:15Z,2023-12-04T16:35:15Z,2026-09-18T19:14:56,,,,,,,,,
docker.io/salehmir/jesse,jesse,outside period (not read),0.45.0,sha256:7c67f2bb2f12f4925dfbff320f8ac70cd64e2bd08ddc29cad77fd2f4aa7a3245,application/vnd.docker.container.image.v1+json,linux/amd64,sha256:7c67f2bb2f12f4925dfbff320f8ac70cd64e2bd08ddc29cad77fd2f4aa7a3245,2023-12-19T15:44:22Z,2023-12-19T15:44:22Z,2026-09-10T06:13:05,,,,,,,,,
docker.io/salehmir/jesse,jesse,outside period (not read),0.46.0,sha256:2ed0aceed5fc9ad2dcc6ce9f9ec76a320de9549cfd9443d8ed60e4764b119241,application/vnd.docker.container.image.v1+json,linux/amd64,sha256:2ed0aceed5fc9ad2dcc6ce9f9ec76a320de9549cfd9443d8ed60e4764b119241,2024-03-10T16:45:13Z,2024-03-10T16:45:13Z,2026-09-04T18:40:35,,,,,,,,,
docker.io/salehmir/jesse,jesse,outside period (not read),0.46.1,sha256:dcbad22faea09ad422c51e0c1dc98005684657fb50b4518312750e0e38e1a8ff,application/vnd.docker.container.image.v1+json,linux/amd64,sha256:dcbad22faea09ad422c51e0c1dc98005684657fb50b4518312750e0e38e1a8ff,2024-03-16T19:26:21Z,2024-03-16T19:26:21Z,2026-09-04T18:39:50,,,,,,,,,
docker.io/salehmir/jesse,jesse,outside period (not read),0.47.0,sha256:ba8990750e36ca8ec578f0846011befd369abe5d93833e8a7e20dcf5157bf4f2,application/vnd.docker.container.image.v1+json,linux/amd64,sha256:ba8990750e36ca8ec578f0846011befd369abe5d93833e8a7e20dcf5157bf4f2,2024-04-10T13:00:59Z,2024-04-10T13:00:59Z,2026-09-04T18:39:52,,,,,,,,,
docker.io/salehmir/jesse,jesse,outside period (not read),0.47.1,sha256:9e22aabe4237bfcd60a4be6279fb4e44d5664f7c437ba11587a15a8558a657eb,application/vnd.docker.container.image.v1+json,linux/amd64,sha256:9e22aabe4237bfcd60a4be6279fb4e44d5664f7c437ba11587a15a8558a657eb,2024-04-12T16:04:19Z,2024-04-12T16:04:19Z,2026-09-04T18:39:29,,,,,,,,,
docker.io/salehmir/jesse,jesse,outside period (not read),0.47.3,sha256:f5e9f5c32aa3e52d35b5f105bc4c18e2dbd378916e5c86ecf4f50d33cb69ad0f,application/vnd.docker.container.image.v1+json,linux/amd64,sha256:f5e9f5c32aa3e52d35b5f105bc4c18e2dbd378916e5c86ecf4f50d33cb69ad0f,2024-04-19T21:41:12Z,2024-04-19T21:41:12Z,2026-09-04T18:39:39,,,,,,,,,
docker.io/salehmir/jesse,jesse,outside period (not read),0.47.4,sha256:96f2839a58fd48bd5ae68d87f3f50e882b6ebe2ddfaaa52a20722392848b7f58,application/vnd.docker.container.image.v1+json,linux/amd64,sha256:96f2839a58fd48bd5ae68d87f3f50e882b6ebe2ddfaaa52a20722392848b7f58,2024-05-02T11:46:47Z,2024-05-02T11:46:47Z,2026-09-04T18:39:36,,,,,,,,,
docker.io/salehmir/jesse,jesse,outside period (not read),0.48.0,sha256:74571c027552272c91b1cdfcf12ce737cb78385178c3c0aa360cc015c77ae441,application/vnd.docker.container.image.v1+json,linux/amd64,sha256:74571c027552272c91b1cdfcf12ce737cb78385178c3c0aa360cc015c77ae441,2024-05-16T09:38:35Z,2024-05-16T09:38:35Z,2026-09-04T18:39:39,,,,,,,,,
docker.io/salehmir/jesse,jesse,outside period (not read),0.48.1,sha256:50ed33e968da7ae781484e3958eed0883a27988d77861cb048d56941f93dde76,application/vnd.docker.container.image.v1+json,linux/amd64,sha256:50ed33e968da7ae781484e3958eed0883a27988d77861cb048d56941f93dde76,2024-05-18T19:48:11Z,2024-05-18T19:48:11Z,2026-09-04T18:40:20,,,,,,,,,
docker.io/salehmir/jesse,jesse,outside period (not read),0.48.2,sha256:78365af521aef879987aa0c90d237756e508249b4c09a92042dc97ad84cc7a15,application/vnd.docker.container.image.v1+json,linux/amd64,sha256:78365af521aef879987aa0c90d237756e508249b4c09a92042dc97ad84cc7a15,2024-06-11T16:32:25Z,2024-06-11T16:32:25Z,2026-09-04T18:39:34,,,,,,,,,
docker.io/salehmir/jesse,jesse,outside period (not read),0.48.3,sha256:262956abdb70b07cf9c94ae5799bad6008a4720e3bd120c1d1bf2c84ee8dbb52,application/vnd.docker.container.image.v1+json,linux/amd64,sha256:262956abdb70b07cf9c94ae5799bad6008a4720e3bd120c1d1bf2c84ee8dbb52,2024-06-13T13:52:12Z,2024-06-13T13:52:12Z,2026-09-04T18:40:46,,,,,,,,,
docker.io/salehmir/jesse,jesse,outside period (not read),0.48.4,sha256:dc85eb89cb6be54f9fd25deaf6b24c45b077defcd51c83380f9a166e63009125,application/vnd.docker.container.image.v1+json,linux/amd64,sha256:dc85eb89cb6be54f9fd25deaf6b24c45b077defcd51c83380f9a166e63009125,2024-06-15T20:35:44Z,2024-06-15T20:35:44Z,2026-09-04T18:40:45,,,,,,,,,
docker.io/salehmir/jesse,jesse,outside period (not read),0.48.5,sha256:597aa46da1f29ec9b60d5f824bf8b78e10fb5f5e2ebb8daaad9c93c9db5791e8,application/vnd.docker.container.image.v1+json,linux/amd64,sha256:597aa46da1f29ec9b60d5f824bf8b78e10fb5f5e2ebb8daaad9c93c9db5791e8,2024-06-19T19:40:35Z,2024-06-19T19:40:35Z,2026-09-04T18:40:27,,,,,,,,,
docker.io/salehmir/jesse,jesse,outside period (not read),0.48.6,sha256:cfa71bafd538457255f6fd72258f072adb310c90518554c2f9f3e7835bc99ec8,application/vnd.docker.container.image.v1+json,linux/amd64,sha256:cfa71bafd538457255f6fd72258f072adb310c90518554c2f9f3e7835bc99ec8,2024-06-27T14:03:29Z,2024-06-27T14:03:29Z,2026-09-04T18:40:41,,,,,,,,,
docker.io/salehmir/jesse,jesse,outside period (not read),0.49.0,sha256:8e85eb381c8214711e388502e1fd1ec0c6d27cb15ff4179461813ed9eed25788,application/vnd.docker.container.image.v1+json,linux/amd64,sha256:8e85eb381c8214711e388502e1fd1ec0c6d27cb15ff4179461813ed9eed25788,2024-07-01T18:26:11Z,2024-07-01T18:26:11Z,2026-09-04T18:40:15,,,,,,,,,
docker.io/salehmir/jesse,jesse,outside period (not read),0.49.1,sha256:a83a37be41eb3369055da7d9de9d2878e51919ac852bef346bf0a7fd673f7bb2,application/vnd.docker.container.image.v1+json,linux/amd64,sha256:a83a37be41eb3369055da7d9de9d2878e51919ac852bef346bf0a7fd673f7bb2,2024-07-21T14:49:50Z,2024-07-21T14:49:50Z,2026-09-04T18:39:52,,,,,,,,,
docker.io/salehmir/jesse,jesse,outside period (not read),1.0.0,sha256:de83d5232ba7216c229c9ed3df850e5fdf0808baa77e279897a33cc5836d6954,application/vnd.docker.container.image.v1+json,linux/amd64,sha256:de83d5232ba7216c229c9ed3df850e5fdf0808baa77e279897a33cc5836d6954,2024-07-25T15:32:18Z,2024-07-25T15:32:18Z,2026-09-04T18:39:46,,,,,,,,,
docker.io/salehmir/jesse,jesse,outside period (not read),1.0.1,sha256:5a3dbe7c8e3f810f3614832ba4a4d30c7021f98fa6a75877222480bd00f69e3a,application/vnd.docker.container.image.v1+json,linux/amd64,sha256:5a3dbe7c8e3f810f3614832ba4a4d30c7021f98fa6a75877222480bd00f69e3a,2024-07-25T20:14:31Z,2024-07-25T20:14:31Z,2026-09-04T18:39:58,,,,,,,,,
docker.io/salehmir/jesse,jesse,outside period (not read),1.0.2,sha256:96ba4531df70e60af43fddd7013eb9254b8564fae4dcf4a8f3d519981f190121,application/vnd.docker.container.image.v1+json,linux/amd64,sha256:96ba4531df70e60af43fddd7013eb9254b8564fae4dcf4a8f3d519981f190121,2024-07-28T21:15:39Z,2024-07-28T21:15:39Z,2026-09-04T18:40:16,,,,,,,,,
docker.io/salehmir/jesse,jesse,outside period (not read),1.0.3,sha256:2f2609ea7a60a4cd35c0f89fdff1ed2a528570b55ce5006a92798a33db54aff5,application/vnd.docker.container.image.v1+json,linux/amd64,sha256:2f2609ea7a60a4cd35c0f89fdff1ed2a528570b55ce5006a92798a33db54aff5,2024-07-29T20:43:08Z,2024-07-29T20:43:08Z,2026-09-04T18:40:43,,,,,,,,,
docker.io/salehmir/jesse,jesse,outside period (not read),1.0.4,sha256:68e760d0e7ef3a64494ca0a8688d7d2c573f587897bbb7f208736c5b2c46fadc,application/vnd.docker.container.image.v1+json,linux/amd64,sha256:68e760d0e7ef3a64494ca0a8688d7d2c573f587897bbb7f208736c5b2c46fadc,2024-08-01T11:41:27Z,2024-08-01T11:41:27Z,2026-09-04T18:40:09,,,,,,,,,
docker.io/salehmir/jesse,jesse,outside period (not read),1.0.6,sha256:9d3e6f0bd911da13b76f09c26fe2b01c4c5aee096e07845fc8a7caa9fbef2d5e,application/vnd.docker.container.image.v1+json,linux/amd64,sha256:9d3e6f0bd911da13b76f09c26fe2b01c4c5aee096e07845fc8a7caa9fbef2d5e,2024-08-01T12:25:27Z,2024-08-01T12:25:27Z,2026-09-04T18:39:58,,,,,,,,,
docker.io/salehmir/jesse,jesse,outside period (not read),1.0.7,sha256:b9090dba36cb4cf9229f35795ed043d46d948cae59d4beba7f810dcf7319d0c1,application/vnd.docker.container.image.v1+json,linux/amd64,sha256:b9090dba36cb4cf9229f35795ed043d46d948cae59d4beba7f810dcf7319d0c1,2024-08-01T12:29:16Z,2024-08-01T12:29:16Z,2026-09-04T18:40:34,,,,,,,,,
docker.io/salehmir/jesse,jesse,outside period (not read),1.0.8,sha256:2106ecb69df7e5b5714c00c65607624a7671a7cbc8ff621733b735743634640a,application/vnd.docker.container.image.v1+json,linux/amd64,sha256:2106ecb69df7e5b5714c00c65607624a7671a7cbc8ff621733b735743634640a,2024-08-01T15:59:51Z,2024-08-01T15:59:51Z,2026-09-04T18:40:14,,,,,,,,,
docker.io/salehmir/jesse,jesse,outside period (not read),1.0.9,sha256:d76cc3a3b69a8668e5154ac09f45140061aac4ff906d9678e73f015487582f02,application/vnd.docker.container.image.v1+json,linux/amd64,sha256:d76cc3a3b69a8668e5154ac09f45140061aac4ff906d9678e73f015487582f02,2024-08-01T17:37:03Z,2024-08-01T17:37:03Z,2026-09-04T18:39:43,,,,,,,,,
docker.io/salehmir/jesse,jesse,outside period (not read),1.0.10,sha256:76049981f2c2350712477fb45fc1262ad963f24b0dd8a85a63eb6138c5a44dad,application/vnd.docker.container.image.v1+json,linux/amd64,sha256:76049981f2c2350712477fb45fc1262ad963f24b0dd8a85a63eb6138c5a44dad,2024-08-07T19:24:11Z,2024-08-07T19:24:11Z,2026-09-04T18:40:18,,,,,,,,,
docker.io/salehmir/jesse,jesse,outside period (not read),1.1.0,sha256:98ba1ea073a1771ea5e42c004b5f8aee7d9f6056e9e815d9ab57ca5fbefd5c9b,application/vnd.docker.container.image.v1+json,linux/amd64,sha256:98ba1ea073a1771ea5e42c004b5f8aee7d9f6056e9e815d9ab57ca5fbefd5c9b,2024-08-18T10:17:23Z,2024-08-18T10:17:23Z,2026-09-04T18:40:50,,,,,,,,,
docker.io/salehmir/jesse,jesse,outside period (not read),1.1.1,sha256:1c5d724fe8160e3e087e7059a840833bb4b9b9af61e4afab008f95902ab2a76d,application/vnd.docker.container.image.v1+json,linux/amd64,sha256:1c5d724fe8160e3e087e7059a840833bb4b9b9af61e4afab008f95902ab2a76d,2024-08-27T14:56:01Z,2024-08-27T14:56:01Z,2026-09-04T18:40:26,,,,,,,,,
docker.io/salehmir/jesse,jesse,outside period (not read),1.1.2,sha256:47a718ac321973961699191b76242fe6dd3a6762d8bf01c3781317fd904c504d,application/vnd.docker.container.image.v1+json,linux/amd64,sha256:47a718ac321973961699191b76242fe6dd3a6762d8bf01c3781317fd904c504d,2024-09-08T19:18:28Z,2024-09-08T19:18:28Z,2026-09-04T18:40:34,,,,,,,,,
docker.io/salehmir/jesse,jesse,outside period (not read),1.2.0,sha256:d2185eb67ff0f17026998a0885b29cf780db0094b66688328228ea478bf6319b,application/vnd.docker.container.image.v1+json,linux/amd64,sha256:d2185eb67ff0f17026998a0885b29cf780db0094b66688328228ea478bf6319b,2024-09-17T17:54:56Z,2024-09-17T17:54:56Z,2026-09-04T18:39:27,,,,,,,,,
docker.io/salehmir/jesse,jesse,outside period (not read),1.2.1,sha256:934a772b1c75db451df3b094e6bbbe3b58f9528aacf8a858ef118118848b987f,application/vnd.docker.container.image.v1+json,linux/amd64,sha256:934a772b1c75db451df3b094e6bbbe3b58f9528aacf8a858ef118118848b987f,2024-09-24T20:07:13Z,2024-09-24T20:07:13Z,2026-09-04T18:39:38,,,,,,,,,
docker.io/salehmir/jesse,jesse,outside period (not read),1.2.2,sha256:54df196196c0fa59dc6015240232891f38995c0f1f17f6cae24d1e3070cb15e7,application/vnd.docker.container.image.v1+json,linux/amd64,sha256:54df196196c0fa59dc6015240232891f38995c0f1f17f6cae24d1e3070cb15e7,2024-09-24T21:06:32Z,2024-09-24T21:06:32Z,2026-09-04T18:39:46,,,,,,,,,
docker.io/salehmir/jesse,jesse,outside period (not read),1.2.3,sha256:549adf1c3cf142285a6490a29a9d5740f4c54ecd8828bd98763fcae9e29c0706,application/vnd.docker.container.image.v1+json,linux/amd64,sha256:549adf1c3cf142285a6490a29a9d5740f4c54ecd8828bd98763fcae9e29c0706,2024-09-26T11:15:09Z,2024-09-26T11:15:09Z,2026-09-04T18:40:47,,,,,,,,,
docker.io/salehmir/jesse,jesse,outside period (not read),1.2.4,sha256:bbb3cc4dbde299f1d584e2b68fbc7fe49227abab52c7aa2fef002d449d220ad2,application/vnd.docker.container.image.v1+json,linux/amd64,sha256:bbb3cc4dbde299f1d584e2b68fbc7fe49227abab52c7aa2fef002d449d220ad2,2024-10-15T17:57:15Z,2024-10-15T17:57:15Z,2026-09-04T18:39:50,,,,,,,,,
docker.io/salehmir/jesse,jesse,outside period (not read),1.2.5,sha256:41974aea5f568538fd48b12006cf6695f883a4b3004391b2d084c85aad2c7096,application/vnd.docker.container.image.v1+json,linux/amd64,sha256:41974aea5f568538fd48b12006cf6695f883a4b3004391b2d084c85aad2c7096,2024-10-15T19:27:19Z,2024-10-15T19:27:19Z,2026-09-04T18:39:26,,,,,,,,,
docker.io/salehmir/jesse,jesse,outside period (not read),1.3.0,sha256:64ff4d0bb28648971e702f8139e4bde7b67a3344641db85c9d009fd5e1dd2c1b,application/vnd.docker.container.image.v1+json,linux/amd64,sha256:64ff4d0bb28648971e702f8139e4bde7b67a3344641db85c9d009fd5e1dd2c1b,2024-10-17T18:03:56Z,2024-10-17T18:03:56Z,2026-09-04T18:40:49,,,,,,,,,
docker.io/salehmir/jesse,jesse,outside period (not read),1.3.1,sha256:cc9d69941b1d9226fa929f581519f7440c9408d56e4e1c91e77e614ddcad0ca1,application/vnd.docker.container.image.v1+json,linux/amd64,sha256:cc9d69941b1d9226fa929f581519f7440c9408d56e4e1c91e77e614ddcad0ca1,2024-10-17T18:12:22Z,2024-10-17T18:12:22Z,2026-09-04T18:40:45,,,,,,,,,
docker.io/salehmir/jesse,jesse,outside period (not read),1.3.2,sha256:52aa1338b4fef22a73f8b35f2d733c2397bbdc6ed8650b2d6ebaef1620bff53f,application/vnd.docker.container.image.v1+json,linux/amd64,sha256:52aa1338b4fef22a73f8b35f2d733c2397bbdc6ed8650b2d6ebaef1620bff53f,2024-10-17T19:01:48Z,2024-10-17T19:01:48Z,2026-09-04T18:39:52,,,,,,,,,
docker.io/salehmir/jesse,jesse,outside period (not read),1.3.3,sha256:70fff37f60d3f6a0607db56246325f625559ec94d79c1e44035c29481b7b4fcf,application/vnd.docker.container.image.v1+json,linux/amd64,sha256:70fff37f60d3f6a0607db56246325f625559ec94d79c1e44035c29481b7b4fcf,2024-10-26T17:21:55Z,2024-10-26T17:21:55Z,2026-09-04T18:40:22,,,,,,,,,
docker.io/salehmir/jesse,jesse,outside period (not read),1.3.4,sha256:8fc4ea965b0c47ff31b4d6a9a372eb484099dd1862b2a673ccf852c0d988f551,application/vnd.docker.container.image.v1+json,linux/amd64,sha256:8fc4ea965b0c47ff31b4d6a9a372eb484099dd1862b2a673ccf852c0d988f551,2024-10-26T19:00:27Z,2024-10-26T19:00:27Z,2026-09-04T18:40:21,,,,,,,,,
docker.io/salehmir/jesse,jesse,outside period (not read),1.3.5,sha256:30e124f42f3b1efdf3d5bc357e7ec6b2d1ac4a6c8221f172018bfae263a78b9a,application/vnd.docker.container.image.v1+json,linux/amd64,sha256:30e124f42f3b1efdf3d5bc357e7ec6b2d1ac4a6c8221f172018bfae263a78b9a,2024-10-26T19:14:12Z,2024-10-26T19:14:12Z,2026-09-04T18:39:31,,,,,,,,,
docker.io/salehmir/jesse,jesse,outside period (not read),1.3.6,sha256:be986dd3725c96dd94fe01d583dc367e43f885c983131d4720e096689e2bfb32,application/vnd.docker.container.image.v1+json,linux/amd64,sha256:be986dd3725c96dd94fe01d583dc367e43f885c983131d4720e096689e2bfb32,2024-10-26T20:28:37Z,2024-10-26T20:28:37Z,2026-09-04T18:39:48,,,,,,,,,
docker.io/salehmir/jesse,jesse,outside period (not read),1.3.7,sha256:b49a0f0d7d7ce4573b71e1b5c1b7e52555d7c5ee3a04b68a18fd3de9246f96ec,application/vnd.docker.container.image.v1+json,linux/amd64,sha256:b49a0f0d7d7ce4573b71e1b5c1b7e52555d7c5ee3a04b68a18fd3de9246f96ec,2024-10-26T20:47:23Z,2024-10-26T20:47:23Z,2026-09-04T18:40:55,,,,,,,,,
docker.io/salehmir/jesse,jesse,outside period (not read),1.3.8,sha256:1d17cf33658f11cf2eb5e82275a5e578cae4ed880c5c47ab4240d97478236ba5,application/vnd.docker.container.image.v1+json,linux/amd64,sha256:1d17cf33658f11cf2eb5e82275a5e578cae4ed880c5c47ab4240d97478236ba5,2024-11-01T12:57:49Z,2024-11-01T12:57:49Z,2026-09-04T18:40:30,,,,,,,,,
docker.io/salehmir/jesse,jesse,outside period (not read),1.3.9,sha256:83f897f4f8ea4d7d1d91334d54b06870c5ebf9511db62143193248ecfd450102,application/vnd.docker.container.image.v1+json,linux/amd64,sha256:83f897f4f8ea4d7d1d91334d54b06870c5ebf9511db62143193248ecfd450102,2024-11-03T14:29:41Z,2024-11-03T14:29:41Z,2026-09-04T18:39:35,,,,,,,,,
docker.io/salehmir/jesse,jesse,outside period (not read),1.3.10,sha256:4b94f25a0dc3cc71c7d103ba5a93a3ccfa597dcd25e10ccba0d47fbb78668974,application/vnd.docker.container.image.v1+json,linux/amd64,sha256:4b94f25a0dc3cc71c7d103ba5a93a3ccfa597dcd25e10ccba0d47fbb78668974,2024-11-03T19:54:00Z,2024-11-03T19:54:00Z,2026-09-04T18:39:39,,,,,,,,,
docker.io/salehmir/jesse,jesse,outside period (not read),1.3.11,sha256:b521a4a858383010fa0cce7774450248985e68f3c25408e0ecce36097a170173,application/vnd.docker.container.image.v1+json,linux/amd64,sha256:b521a4a858383010fa0cce7774450248985e68f3c25408e0ecce36097a170173,2024-11-04T10:49:49Z,2024-11-04T10:49:49Z,2026-09-04T18:40:36,,,,,,,,,
docker.io/salehmir/jesse,jesse,outside period (not read),1.3.12,sha256:bb9865307b9d3d1399c27352e8a922a5736762a43bf8795ba9426fdd346c372b,application/vnd.docker.container.image.v1+json,linux/amd64,sha256:bb9865307b9d3d1399c27352e8a922a5736762a43bf8795ba9426fdd346c372b,2024-11-04T21:36:43Z,2024-11-04T21:36:43Z,2026-09-04T18:40:34,,,,,,,,,
docker.io/salehmir/jesse,jesse,outside period (not read),1.3.13,sha256:b14d5e9cbc2ebc4926ee228a5328ad1fa9ef9233fbe44a3aaa9dff8c096082f5,application/vnd.docker.container.image.v1+json,linux/amd64,sha256:b14d5e9cbc2ebc4926ee228a5328ad1fa9ef9233fbe44a3aaa9dff8c096082f5,2024-11-07T18:50:15Z,2024-11-07T18:50:15Z,2026-09-04T18:40:41,,,,,,,,,
docker.io/salehmir/jesse,jesse,outside period (not read),1.3.14,sha256:df61deaa9c69a16dfdf78d6a69886e0f8b3e517c88f18479e5e9944d8310953e,application/vnd.docker.container.image.v1+json,linux/amd64,sha256:df61deaa9c69a16dfdf78d6a69886e0f8b3e517c88f18479e5e9944d8310953e,2024-11-11T19:32:08Z,2024-11-11T19:32:08Z,2026-09-04T18:39:37,,,,,,,,,
docker.io/salehmir/jesse,jesse,outside period (not read),1.3.15,sha256:8ca7f1179ef37974b8cb47ce480b4510d9541959647a1002e9a12f091bb2ab99,application/vnd.docker.container.image.v1+json,linux/amd64,sha256:8ca7f1179ef37974b8cb47ce480b4510d9541959647a1002e9a12f091bb2ab99,2024-11-21T18:20:27Z,2024-11-21T18:20:27Z,2026-09-04T18:40:54,,,,,,,,,
docker.io/salehmir/jesse,jesse,outside period (not read),1.3.16,sha256:35aeb31ce54f12ee65551373553c7d8fbc088566a05aa31b72638a89430f8e15,application/vnd.docker.container.image.v1+json,linux/amd64,sha256:35aeb31ce54f12ee65551373553c7d8fbc088566a05aa31b72638a89430f8e15,2024-11-21T19:25:29Z,2024-11-21T19:25:29Z,2026-09-04T18:40:14,,,,,,,,,
docker.io/salehmir/jesse,jesse,outside period (not read),1.3.17,sha256:8b144fcc7408cfa3ec9cab7ee14ec0a2ad34601e7a70167d6b5825fb748b4e3f,application/vnd.docker.container.image.v1+json,linux/amd64,sha256:8b144fcc7408cfa3ec9cab7ee14ec0a2ad34601e7a70167d6b5825fb748b4e3f,2024-12-02T17:09:02Z,2024-12-02T17:09:02Z,2026-09-04T18:40:00,,,,,,,,,
docker.io/salehmir/jesse,jesse,outside period (not read),1.3.18,sha256:0aad29d347ff42e7d06b5aa7038ee068e4aa5687fa9a318624c83e48d7f332b4,application/vnd.docker.container.image.v1+json,linux/amd64,sha256:0aad29d347ff42e7d06b5aa7038ee068e4aa5687fa9a318624c83e48d7f332b4,2024-12-14T15:22:08Z,2024-12-14T15:22:08Z,2026-09-04T18:40:54,,,,,,,,,
docker.io/salehmir/jesse,jesse,outside period (not read),1.3.19,sha256:b1f7649016a4ffaa30248c89db135162f16d683af44585cfe7f9d19c5a9e8425,application/vnd.docker.container.image.v1+json,linux/amd64,sha256:b1f7649016a4ffaa30248c89db135162f16d683af44585cfe7f9d19c5a9e8425,2024-12-14T15:51:45Z,2024-12-14T15:51:45Z,2026-09-04T18:40:53,,,,,,,,,
docker.io/salehmir/jesse,jesse,outside period (not read),1.3.20,sha256:1454fde7df7b4f3d77ebf6f5cf9ff8d5410ac7687b258dcd51fe5e123844c4bb,application/vnd.docker.container.image.v1+json,linux/amd64,sha256:1454fde7df7b4f3d77ebf6f5cf9ff8d5410ac7687b258dcd51fe5e123844c4bb,2024-12-14T16:40:04Z,2024-12-14T16:40:04Z,2026-09-04T18:40:49,,,,,,,,,
docker.io/salehmir/jesse,jesse,outside period (not read),1.3.21,sha256:8c00df12aad9decc080c6a562b6174703167e9a084ec7057c1db110448aaeafe,application/vnd.docker.container.image.v1+json,linux/amd64,sha256:8c00df12aad9decc080c6a562b6174703167e9a084ec7057c1db110448aaeafe,2024-12-15T13:48:07Z,2024-12-15T13:48:07Z,2026-09-04T18:39:29,,,,,,,,,
docker.io/salehmir/jesse,jesse,outside period (not read),1.3.22,sha256:d36089448cd1281e494f7245d515f021f66c3e0f10da1763984e35f6dd2b00dc,application/vnd.docker.container.image.v1+json,linux/amd64,sha256:d36089448cd1281e494f7245d515f021f66c3e0f10da1763984e35f6dd2b00dc,2024-12-18T18:59:16Z,2024-12-18T18:59:16Z,2026-09-04T18:40:57,,,,,,,,,
docker.io/salehmir/jesse,jesse,outside period (not read),1.3.23,sha256:68123ff9f7cca3a7e858e60e58f204c697883b8ca9757def587e49908ff97ce5,application/vnd.docker.container.image.v1+json,linux/amd64,sha256:68123ff9f7cca3a7e858e60e58f204c697883b8ca9757def587e49908ff97ce5,2024-12-20T19:21:01Z,2024-12-20T19:21:01Z,2026-09-04T18:39:59,,,,,,,,,
docker.io/salehmir/jesse,jesse,outside period (not read),1.4.0,sha256:09dd8347ef7db56837fc187983887200ab3e6116b57496114ae3c1fc95c54ec7,application/vnd.docker.container.image.v1+json,linux/amd64,sha256:09dd8347ef7db56837fc187983887200ab3e6116b57496114ae3c1fc95c54ec7,2024-12-23T16:26:47Z,2024-12-23T16:26:47Z,2026-09-04T18:39:51,,,,,,,,,
docker.io/salehmir/jesse,jesse,outside period (not read),1.4.1,sha256:223fad033fc44276054dc9e35250e94cb743a98bea542daea202b2f969599576,application/vnd.docker.container.image.v1+json,linux/amd64,sha256:223fad033fc44276054dc9e35250e94cb743a98bea542daea202b2f969599576,2024-12-27T16:10:28Z,2024-12-27T16:10:28Z,2026-09-04T18:40:48,,,,,,,,,
docker.io/salehmir/jesse,jesse,outside period (not read),1.4.2,sha256:f26831444903c624f06d4080eae51bf95eecd44e212cccb853b1d71427386e15,application/vnd.docker.container.image.v1+json,linux/amd64,sha256:f26831444903c624f06d4080eae51bf95eecd44e212cccb853b1d71427386e15,2024-12-31T16:07:26Z,2024-12-31T16:07:26Z,2026-09-18T15:23:36,,,,,,,,,
docker.io/salehmir/jesse,jesse,outside period (not read),1.4.4,sha256:5cd39b32aa7c38b4c4a5b1bfbf1a43263e20024e7275afb5be2de44f87000725,application/vnd.docker.container.image.v1+json,linux/amd64,sha256:5cd39b32aa7c38b4c4a5b1bfbf1a43263e20024e7275afb5be2de44f87000725,2025-01-05T12:10:27Z,2025-01-05T12:10:27Z,2026-09-04T18:39:58,,,,,,,,,
docker.io/salehmir/jesse,jesse,outside period (not read),1.4.5,sha256:51861c1b643e7653d7bd8bb6f4e6e6ff13df6e6f990b80212a656a26be5ac079,application/vnd.docker.container.image.v1+json,linux/amd64,sha256:51861c1b643e7653d7bd8bb6f4e6e6ff13df6e6f990b80212a656a26be5ac079,2025-01-06T22:01:06Z,2025-01-06T22:01:06Z,2026-09-04T18:40:53,,,,,,,,,
docker.io/salehmir/jesse,jesse,outside period (not read),1.4.6,sha256:95d8b66a55c6b5abecb4b0039e8dfedce13695067e7e78767a89681ff1e6ca2f,application/vnd.docker.container.image.v1+json,linux/amd64,sha256:95d8b66a55c6b5abecb4b0039e8dfedce13695067e7e78767a89681ff1e6ca2f,2025-01-07T20:52:35Z,2025-01-07T20:52:35Z,2026-09-04T18:39:55,,,,,,,,,
docker.io/salehmir/jesse,jesse,outside period (not read),1.4.7,sha256:6652e671315fa18cc64f6e3e773f11434c38ad1690cab7f4ca88fb327b5e0b0b,application/vnd.docker.container.image.v1+json,linux/amd64,sha256:6652e671315fa18cc64f6e3e773f11434c38ad1690cab7f4ca88fb327b5e0b0b,2025-01-08T21:02:44Z,2025-01-08T21:02:44Z,2026-09-04T18:39:41,,,,,,,,,
docker.io/salehmir/jesse,jesse,outside period (not read),1.4.8,sha256:b484dc695b85bc3c69e5606bfd8d05b33cdb49f0cb0f2c7dbcdada51345d5a43,application/vnd.docker.container.image.v1+json,linux/amd64,sha256:b484dc695b85bc3c69e5606bfd8d05b33cdb49f0cb0f2c7dbcdada51345d5a43,2025-01-09T16:35:13Z,2025-01-09T16:35:13Z,2026-09-04T18:40:23,,,,,,,,,
docker.io/salehmir/jesse,jesse,outside period (not read),1.4.9,sha256:2029ccf4498daae3c80d1b7d9dafa5e02a1d2058156436dccced30f22fd106a0,application/vnd.docker.container.image.v1+json,linux/amd64,sha256:2029ccf4498daae3c80d1b7d9dafa5e02a1d2058156436dccced30f22fd106a0,2025-01-09T16:51:06Z,2025-01-09T16:51:06Z,2026-09-04T18:39:37,,,,,,,,,
docker.io/salehmir/jesse,jesse,outside period (not read),1.4.10,sha256:78f5b7330bc3f6a9b2a97be011ae86f3a4522df43ca6fb7695a4402a7f57ad64,application/vnd.docker.container.image.v1+json,linux/amd64,sha256:78f5b7330bc3f6a9b2a97be011ae86f3a4522df43ca6fb7695a4402a7f57ad64,2025-01-14T17:44:52Z,2025-01-14T17:44:52Z,2026-09-04T18:40:05,,,,,,,,,
docker.io/salehmir/jesse,jesse,outside period (not read),1.4.11,sha256:6e4072f36d1e07fb83b9e047fe2f2bbba613e02e50ac9c2c30c48c77b393b3b8,application/vnd.docker.container.image.v1+json,linux/amd64,sha256:6e4072f36d1e07fb83b9e047fe2f2bbba613e02e50ac9c2c30c48c77b393b3b8,2025-01-14T20:06:37Z,2025-01-14T20:06:37Z,2026-09-04T18:39:48,,,,,,,,,
docker.io/salehmir/jesse,jesse,outside period (not read),1.4.12,sha256:6ea8a0a58c395fcc4e1fa5948e3a8f3044cdcdf9d1b057f5a94bfeb4a8278442,application/vnd.docker.container.image.v1+json,linux/amd64,sha256:6ea8a0a58c395fcc4e1fa5948e3a8f3044cdcdf9d1b057f5a94bfeb4a8278442,2025-01-19T19:35:54Z,2025-01-19T19:35:54Z,2026-09-04T18:39:40,,,,,,,,,
docker.io/salehmir/jesse,jesse,outside period (not read),1.4.13,sha256:4dc87d5124df2505d01041a7ae3304c367effdfc219f660bd9ca76c437a1e695,application/vnd.docker.container.image.v1+json,linux/amd64,sha256:4dc87d5124df2505d01041a7ae3304c367effdfc219f660bd9ca76c437a1e695,2025-01-23T15:01:20Z,2025-01-23T15:01:20Z,2026-09-04T18:40:28,,,,,,,,,
docker.io/salehmir/jesse,jesse,outside period (not read),1.5.0,sha256:a75a3e5cee5e7bb729c7048572217397e6f8f03dc11999d1294b9691afedb1b4,application/vnd.docker.container.image.v1+json,linux/amd64,sha256:a75a3e5cee5e7bb729c7048572217397e6f8f03dc11999d1294b9691afedb1b4,2025-01-25T19:24:53Z,2025-01-25T19:24:53Z,2026-09-04T18:40:38,,,,,,,,,
docker.io/salehmir/jesse,jesse,outside period (not read),1.6.1,sha256:deef24f90ac961076b6b87322c405989a74d2f26163678e01aff6cc152495f47,application/vnd.docker.container.image.v1+json,linux/amd64,sha256:deef24f90ac961076b6b87322c405989a74d2f26163678e01aff6cc152495f47,2025-01-29T18:47:29Z,2025-01-29T18:47:29Z,2026-09-04T18:39:47,,,,,,,,,
docker.io/salehmir/jesse,jesse,outside period (not read),1.6.2,sha256:7e06303d509ebbfcdf73cdc82c6c68c84ed27cfe5d571abe06a3c7c070626ae3,application/vnd.docker.container.image.v1+json,linux/amd64,sha256:7e06303d509ebbfcdf73cdc82c6c68c84ed27cfe5d571abe06a3c7c070626ae3,2025-01-29T19:37:45Z,2025-01-29T19:37:45Z,2026-09-04T18:39:26,,,,,,,,,
docker.io/salehmir/jesse,jesse,outside period (not read),1.6.3,sha256:13537aa0c23ba5f1685274abad89b1ac91287294cfaf3fbf8a5bf983efafaecd,application/vnd.docker.container.image.v1+json,linux/amd64,sha256:13537aa0c23ba5f1685274abad89b1ac91287294cfaf3fbf8a5bf983efafaecd,2025-01-29T19:53:34Z,2025-01-29T19:53:34Z,2026-09-04T18:40:02,,,,,,,,,
docker.io/salehmir/jesse,jesse,outside period (not read),1.6.4,sha256:22cdb2b25b632e9776d554d1698aa2f1a82027b3e51df9ea27d23b8e60448b30,application/vnd.docker.container.image.v1+json,linux/amd64,sha256:22cdb2b25b632e9776d554d1698aa2f1a82027b3e51df9ea27d23b8e60448b30,2025-02-06T15:05:03Z,2025-02-06T15:05:03Z,2026-09-04T18:40:40,,,,,,,,,
docker.io/salehmir/jesse,jesse,outside period (not read),1.7.0,sha256:e7a41cf3ee70c62eeb5880f1ed5369de8b4bccf878eef7731976d8f5b08d8b4b,application/vnd.docker.container.image.v1+json,linux/amd64,sha256:e7a41cf3ee70c62eeb5880f1ed5369de8b4bccf878eef7731976d8f5b08d8b4b,2025-02-12T17:53:36Z,2025-02-12T17:53:36Z,2026-09-04T18:40:21,,,,,,,,,
docker.io/salehmir/jesse,jesse,outside period (not read),1.7.1,sha256:47d1dd48234c2df5adf45be7eef621258df8ccbfaa0b62645e5392f89f37d854,application/vnd.docker.container.image.v1+json,linux/amd64,sha256:47d1dd48234c2df5adf45be7eef621258df8ccbfaa0b62645e5392f89f37d854,2025-02-13T14:07:25Z,2025-02-13T14:07:25Z,2026-09-04T18:40:05,,,,,,,,,
docker.io/salehmir/jesse,jesse,outside period (not read),1.7.2,sha256:bf873ae38f279676374bddf9ff8ef7054f7945e99feeef3655ec9ae67ab1c68f,application/vnd.docker.container.image.v1+json,linux/amd64,sha256:bf873ae38f279676374bddf9ff8ef7054f7945e99feeef3655ec9ae67ab1c68f,2025-02-14T14:09:03Z,2025-02-14T14:09:03Z,2026-09-04T18:39:55,,,,,,,,,
docker.io/salehmir/jesse,jesse,outside period (not read),1.7.3,sha256:9f5aecfc376a69ac4115439daad0a6573b0e69b1e8144e72125b548a33fb39df,application/vnd.docker.container.image.v1+json,linux/amd64,sha256:9f5aecfc376a69ac4115439daad0a6573b0e69b1e8144e72125b548a33fb39df,2025-02-21T13:01:03Z,2025-02-21T13:01:03Z,2026-09-04T18:40:05,,,,,,,,,
docker.io/salehmir/jesse,jesse,outside period (not read),1.7.4,sha256:bfcae1a7d89bd37f140a555574f32c3daef80f65f67b70831d47fd8732a55b40,application/vnd.docker.container.image.v1+json,linux/amd64,sha256:bfcae1a7d89bd37f140a555574f32c3daef80f65f67b70831d47fd8732a55b40,2025-02-28T14:56:16Z,2025-02-28T14:56:16Z,2026-09-04T18:40:18,,,,,,,,,
docker.io/salehmir/jesse,jesse,outside period (not read),1.7.5,sha256:f3d1bbe26645af8ddf9ba0a30b0ef183ad33cc3f18dfb953eaf4192b658e8d61,application/vnd.docker.container.image.v1+json,linux/amd64,sha256:f3d1bbe26645af8ddf9ba0a30b0ef183ad33cc3f18dfb953eaf4192b658e8d61,2025-02-28T18:29:24Z,2025-02-28T18:29:24Z,2026-09-04T18:40:13,,,,,,,,,
docker.io/salehmir/jesse,jesse,outside period (not read),1.7.6,sha256:df3742817bcfd23fb7183d15ee8df05524f866e7f5e3d5e24692ff437829cd7e,application/vnd.docker.container.image.v1+json,linux/amd64,sha256:df3742817bcfd23fb7183d15ee8df05524f866e7f5e3d5e24692ff437829cd7e,2025-05-08T15:55:47Z,2025-05-08T15:55:47Z,2026-09-04T18:40:14,,,,,,,,,
docker.io/salehmir/jesse,jesse,outside period (not read),1.7.7 1.7.8,sha256:958642ea3c0bde7bc40cf9e069dd7a87cf4747f17c8b418719ca0cc8dce8964a,application/vnd.docker.container.image.v1+json,linux/amd64,sha256:958642ea3c0bde7bc40cf9e069dd7a87cf4747f17c8b418719ca0cc8dce8964a,2025-05-09T14:18:23Z,2025-05-09T14:22:28Z,2026-09-04T18:39:29,,,,,,,,,
docker.io/salehmir/jesse,jesse,outside period (not read),1.8.0,sha256:a16dd9694825fbc1f12c373cbcc2e2c0a2a386706e06382cd17c7c2aeb812054,application/vnd.docker.container.image.v1+json,linux/amd64,sha256:a16dd9694825fbc1f12c373cbcc2e2c0a2a386706e06382cd17c7c2aeb812054,2025-05-11T17:38:35Z,2025-05-11T17:38:35Z,2026-09-04T18:40:36,,,,,,,,,
docker.io/salehmir/jesse,jesse,outside period (not read),1.8.1,sha256:8cac2dfece3163e52e00fe3e545b75f43be029994520c190c4c353f445b06088,application/vnd.docker.container.image.v1+json,linux/amd64,sha256:8cac2dfece3163e52e00fe3e545b75f43be029994520c190c4c353f445b06088,2025-05-13T15:27:56Z,2025-05-13T15:27:56Z,2026-09-04T18:40:44,,,,,,,,,
docker.io/salehmir/jesse,jesse,outside period (not read),1.8.2,sha256:9438f63b345995734c1816b8c338c3265df4f2ace37827fd27f6ed1a2985932f,application/vnd.docker.container.image.v1+json,linux/amd64,sha256:9438f63b345995734c1816b8c338c3265df4f2ace37827fd27f6ed1a2985932f,2025-05-17T17:08:03Z,2025-05-17T17:08:03Z,2026-09-04T18:40:37,,,,,,,,,
docker.io/salehmir/jesse,jesse,outside period (not read),1.8.3,sha256:5e7ae5d5b1a38073551a9a3b014bebbfc8f0b6ff9b48ef036d8f2748555cb22d,application/vnd.docker.container.image.v1+json,linux/amd64,sha256:5e7ae5d5b1a38073551a9a3b014bebbfc8f0b6ff9b48ef036d8f2748555cb22d,2025-05-18T17:20:05Z,2025-05-18T17:20:05Z,2026-09-04T18:40:56,,,,,,,,,
docker.io/salehmir/jesse,jesse,outside period (not read),1.8.4,sha256:d75cc914b9d9fb2aa3fd5eb4f01a74c9818f6b02d899a44308adf87454e5346e,application/vnd.docker.container.image.v1+json,linux/amd64,sha256:d75cc914b9d9fb2aa3fd5eb4f01a74c9818f6b02d899a44308adf87454e5346e,2025-05-20T11:10:34Z,2025-05-20T11:10:34Z,2026-09-04T18:39:53,,,,,,,,,
docker.io/salehmir/jesse,jesse,outside period (not read),1.8.5,sha256:d98bfd2acc860565cde2a5f27bd26e4d802c22133c8e225d22865639146cd91f,application/vnd.docker.container.image.v1+json,linux/amd64,sha256:d98bfd2acc860565cde2a5f27bd26e4d802c22133c8e225d22865639146cd91f,2025-05-25T15:34:05Z,2025-05-25T15:34:05Z,2026-09-04T18:40:33,,,,,,,,,
docker.io/salehmir/jesse,jesse,outside period (not read),1.8.6,sha256:a74b78a5fa70183cc07e4e8915506a5c37d02222c78378cde3a05d581296b779,application/vnd.docker.container.image.v1+json,linux/amd64,sha256:a74b78a5fa70183cc07e4e8915506a5c37d02222c78378cde3a05d581296b779,2025-06-03T14:49:15Z,2025-06-03T14:49:15Z,2026-09-04T18:40:09,,,,,,,,,
docker.io/salehmir/jesse,jesse,outside period (not read),1.9.0,sha256:ed76bcdedc54aedd2349c5d4ec9037befbdaf02e4ebe8072c73adea6dede0056,application/vnd.docker.container.image.v1+json,linux/amd64,sha256:ed76bcdedc54aedd2349c5d4ec9037befbdaf02e4ebe8072c73adea6dede0056,2025-06-06T15:38:40Z,2025-06-06T15:38:40Z,2026-09-04T18:40:07,,,,,,,,,
docker.io/salehmir/jesse,jesse,outside period (not read),1.9.1,sha256:69276e9ff295a3fa123e96598fec12a9e8008f94cecccae89112f02f0fac9c92,application/vnd.docker.container.image.v1+json,linux/amd64,sha256:69276e9ff295a3fa123e96598fec12a9e8008f94cecccae89112f02f0fac9c92,2025-06-07T15:21:09Z,2025-06-07T15:21:09Z,2026-09-04T18:39:33,,,,,,,,,
docker.io/salehmir/jesse,jesse,outside period (not read),1.9.2,sha256:ce70244f0a1ef3e5ad7cb7753668458aaed4c4adf81da450c730eb5a6d1ef0b3,application/vnd.docker.container.image.v1+json,linux/amd64,sha256:ce70244f0a1ef3e5ad7cb7753668458aaed4c4adf81da450c730eb5a6d1ef0b3,2025-06-09T18:00:05Z,2025-06-09T18:00:05Z,2026-09-04T18:40:30,,,,,,,,,
docker.io/salehmir/jesse,jesse,outside period (not read),1.9.3,sha256:4cf7ce76433fa32ce94af8a68a8c3d369116b1d4798c4737a9e1e7d78d582497,application/vnd.docker.container.image.v1+json,linux/amd64,sha256:4cf7ce76433fa32ce94af8a68a8c3d369116b1d4798c4737a9e1e7d78d582497,2025-06-24T18:54:07Z,2025-06-24T18:54:07Z,2026-09-04T18:40:25,,,,,,,,,
docker.io/salehmir/jesse,jesse,outside period (not read),1.9.4,sha256:9e18faa8b4b469d4304badd1a70ea851baa3b4e6c611c6ff9962e564d3aa9197,application/vnd.docker.container.image.v1+json,linux/amd64,sha256:9e18faa8b4b469d4304badd1a70ea851baa3b4e6c611c6ff9962e564d3aa9197,2025-06-28T17:00:46Z,2025-06-28T17:00:46Z,2026-09-04T18:39:25,,,,,,,,,
docker.io/salehmir/jesse,jesse,outside period (not read),1.9.5 1.9.6,sha256:afdaafae97fe954472de762493c0f97b53ddcb9c605cc876555c7cd9b6cebcac,application/vnd.docker.container.image.v1+json,linux/amd64,sha256:afdaafae97fe954472de762493c0f97b53ddcb9c605cc876555c7cd9b6cebcac,2025-06-29T11:35:30Z,2025-06-29T11:52:48Z,2026-09-04T18:39:35,,,,,,,,,
docker.io/salehmir/jesse,jesse,outside period (not read),1.9.7,sha256:65bd09569aae8386be8a723acf7ea3bc5b3623ab2743cef3e7c26e7b16600114,application/vnd.docker.container.image.v1+json,linux/amd64,sha256:65bd09569aae8386be8a723acf7ea3bc5b3623ab2743cef3e7c26e7b16600114,2025-06-29T11:56:37Z,2025-06-29T11:56:37Z,2026-09-04T18:40:36,,,,,,,,,
docker.io/salehmir/jesse,jesse,outside period (not read),1.9.8,sha256:b3a51279c5ec309f6a2ae4d13ae4c4172b85a90d3188408d1519e71848f04274,application/vnd.docker.container.image.v1+json,linux/amd64,sha256:b3a51279c5ec309f6a2ae4d13ae4c4172b85a90d3188408d1519e71848f04274,2025-06-30T19:21:32Z,2025-06-30T19:21:32Z,2026-09-04T18:40:40,,,,,,,,,
docker.io/salehmir/jesse,jesse,outside period (not read),1.10.0,sha256:c78d8e42b4965cd1fbdd94f7e38bd13377a5aabfa622846a83737704d8f1c8ea,application/vnd.docker.container.image.v1+json,linux/amd64,sha256:c78d8e42b4965cd1fbdd94f7e38bd13377a5aabfa622846a83737704d8f1c8ea,2025-07-10T09:37:18Z,2025-07-10T09:37:18Z,2026-09-04T18:40:16,,,,,,,,,
docker.io/salehmir/jesse,jesse,outside period (not read),1.10.1,sha256:098c4f19044451cf29f20ef0be7c815a7581d277088d531f4c04c383c1f31d3c,application/vnd.docker.container.image.v1+json,linux/amd64,sha256:098c4f19044451cf29f20ef0be7c815a7581d277088d531f4c04c383c1f31d3c,2025-07-12T12:14:18Z,2025-07-12T12:14:18Z,2026-09-04T18:39:55,,,,,,,,,
docker.io/salehmir/jesse,jesse,outside period (not read),1.10.2,sha256:4615d844b22db5ba65cff0a11a0a24114a32015fcf00ba228266c5aa0839bd72,application/vnd.docker.container.image.v1+json,linux/amd64,sha256:4615d844b22db5ba65cff0a11a0a24114a32015fcf00ba228266c5aa0839bd72,2025-07-15T15:59:05Z,2025-07-15T15:59:05Z,2026-09-04T18:40:11,,,,,,,,,
docker.io/salehmir/jesse,jesse,outside period (not read),1.10.3,sha256:3d2e33380a9e181116c7a71d8b457108f7cbb400348353b5eda637b28acaa25b,application/vnd.docker.container.image.v1+json,linux/amd64,sha256:3d2e33380a9e181116c7a71d8b457108f7cbb400348353b5eda637b28acaa25b,2025-07-17T12:30:13Z,2025-07-17T12:30:13Z,2026-09-04T18:40:48,,,,,,,,,
docker.io/salehmir/jesse,jesse,outside period (not read),1.10.4,sha256:b5af3fdbd4aa918cdf4eae77fa67513fbeb316c44cc8a3a005998a3c6117051d,application/vnd.docker.container.image.v1+json,linux/amd64,sha256:b5af3fdbd4aa918cdf4eae77fa67513fbeb316c44cc8a3a005998a3c6117051d,2025-07-17T12:35:19Z,2025-07-17T12:35:19Z,2026-09-04T18:40:58,,,,,,,,,
docker.io/salehmir/jesse,jesse,outside period (not read),1.10.5,sha256:3c4f9e0521d08c53451a829674ea3d3d426752f53c1cabc53a9e01eaa714278c,application/vnd.docker.container.image.v1+json,linux/amd64,sha256:3c4f9e0521d08c53451a829674ea3d3d426752f53c1cabc53a9e01eaa714278c,2025-08-03T14:16:40Z,2025-08-03T14:16:40Z,2026-09-04T18:40:45,,,,,,,,,
docker.io/salehmir/jesse,jesse,outside period (not read),1.10.6,sha256:e94e63bd952b6ba6e99e6f08db70ffe7a4f0ce2849742435775e1594656c9bf8,application/vnd.docker.container.image.v1+json,linux/amd64,sha256:e94e63bd952b6ba6e99e6f08db70ffe7a4f0ce2849742435775e1594656c9bf8,2025-08-11T20:01:27Z,2025-08-11T20:01:27Z,2026-09-04T18:39:28,,,,,,,,,
docker.io/salehmir/jesse,jesse,outside period (not read),1.10.7,sha256:820bf27eb3c01420dbb4b6b8dbe58da6d778493ec9ad11b0d79211d73d95aac7,application/vnd.docker.container.image.v1+json,linux/amd64,sha256:820bf27eb3c01420dbb4b6b8dbe58da6d778493ec9ad11b0d79211d73d95aac7,2025-08-16T12:35:39Z,2025-08-16T12:35:39Z,2026-09-04T18:39:57,,,,,,,,,
docker.io/salehmir/jesse,jesse,outside period (not read),1.10.8,sha256:0dcc6b9208049217178b4655f68523ac571bf4ea7d9720789d18752cabe3e686,application/vnd.docker.container.image.v1+json,linux/amd64,sha256:0dcc6b9208049217178b4655f68523ac571bf4ea7d9720789d18752cabe3e686,2025-08-23T11:47:07Z,2025-08-23T11:47:07Z,2026-09-11T02:08:51,,,,,,,,,
docker.io/salehmir/jesse,jesse,outside period (not read),1.10.9,sha256:0fd0e1a3b387b3ee04aece50bd3fce0b7a6087c8114ebbffc2a433f7f8249432,application/vnd.docker.container.image.v1+json,linux/amd64,sha256:0fd0e1a3b387b3ee04aece50bd3fce0b7a6087c8114ebbffc2a433f7f8249432,2025-09-10T12:26:02Z,2025-09-10T12:26:02Z,2026-09-19T18:29:05,,,,,,,,,
docker.io/salehmir/jesse,jesse,outside period (not read),1.10.10,sha256:1afa95f979e9d817dccc85117031270bf61a6f89821d7c3e42d591b3cb62bf50,application/vnd.docker.container.image.v1+json,linux/amd64,sha256:1afa95f979e9d817dccc85117031270bf61a6f89821d7c3e42d591b3cb62bf50,2025-09-27T15:54:43Z,2025-09-27T15:54:43Z,2026-09-13T05:23:22,,,,,,,,,
docker.io/salehmir/jesse,jesse,outside period (not read),1.11.0,sha256:1a0c59e27527448691087b1d2cd5c156aeec2e2ee0b3f3f8c6e8bf32dea1db92,application/vnd.docker.container.image.v1+json,linux/amd64,sha256:1a0c59e27527448691087b1d2cd5c156aeec2e2ee0b3f3f8c6e8bf32dea1db92,2025-10-13T14:13:36Z,2025-10-13T14:13:36Z,2026-09-11T03:16:05,,,,,,,,,
docker.io/salehmir/jesse,jesse,outside period (not read),1.12.0,sha256:9747682e683fbd93cc7a9225d9d5560f0042b356d52c983668c52c6c13e2eb7a,application/vnd.docker.container.image.v1+json,linux/amd64,sha256:9747682e683fbd93cc7a9225d9d5560f0042b356d52c983668c52c6c13e2eb7a,2025-11-19T13:27:59Z,2025-11-19T13:27:59Z,2026-09-22T03:09:46,,,,,,,,,
docker.io/salehmir/jesse,jesse,outside period (not read),1.12.1,sha256:3a31d7402364590f2e1d1a539afc59b60f1287de0250bd0f2dc7e6308a264d72,application/vnd.docker.container.image.v1+json,linux/amd64,sha256:3a31d7402364590f2e1d1a539afc59b60f1287de0250bd0f2dc7e6308a264d72,2025-12-10T14:54:58Z,2025-12-10T14:54:58Z,2026-09-11T02:08:49,,,,,,,,,
docker.io/salehmir/jesse,jesse,outside period (not read),1.12.2,sha256:ab189a3f0e9e57e72f6fa235000dffc22b53b15a06d16ebac93e7eb54bfd61e1,application/vnd.docker.container.image.v1+json,linux/amd64,sha256:ab189a3f0e9e57e72f6fa235000dffc22b53b15a06d16ebac93e7eb54bfd61e1,2025-12-14T11:56:13Z,2025-12-14T11:56:13Z,2026-09-11T02:08:48,,,,,,,,,
docker.io/salehmir/jesse,jesse,outside period (not read),1.13.0,sha256:bf784d8bf708842b45b37f0c9aa9bd1685287af510e47b005dece6a00861b167,application/vnd.docker.container.image.v1+json,linux/amd64,sha256:bf784d8bf708842b45b37f0c9aa9bd1685287af510e47b005dece6a00861b167,2026-02-17T14:31:46Z,2026-02-17T14:31:46Z,2026-09-11T03:16:04,,,,,,,,,
docker.io/salehmir/jesse,jesse,outside period (not read),1.13.1,sha256:0cd9f4ea4d15a94317cf81dfa910b5da9f1fbdaf00f37b0bfede54671e062bb0,application/vnd.docker.container.image.v1+json,linux/amd64,sha256:0cd9f4ea4d15a94317cf81dfa910b5da9f1fbdaf00f37b0bfede54671e062bb0,2026-02-17T14:37:25Z,2026-02-17T14:37:25Z,2026-09-11T02:08:48,,,,,,,,,
docker.io/salehmir/jesse,jesse,outside period (not read),1.13.2,sha256:4c6fc325cba451467bbdb68a01249ebaef03f3f9362760609ebd35026db975be,application/vnd.docker.container.image.v1+json,linux/amd64,sha256:4c6fc325cba451467bbdb68a01249ebaef03f3f9362760609ebd35026db975be,2026-02-21T10:37:34Z,2026-02-21T10:37:34Z,2026-09-19T08:07:12,,,,,,,,,
docker.io/salehmir/jesse,jesse,outside period (not read),1.13.3 1.13.4,sha256:b847ed4d6b41e067f952863d66efc94b71bcc1ff558890403759e3412a7ac455,application/vnd.docker.container.image.v1+json,linux/amd64,sha256:b847ed4d6b41e067f952863d66efc94b71bcc1ff558890403759e3412a7ac455,2026-02-22T12:11:54Z,2026-02-22T12:50:33Z,2026-09-04T18:39:33,,,,,,,,,
docker.io/salehmir/jesse,jesse,outside period (not read),1.13.5,sha256:1455f613238f70737746c353d149c6b7dc144ebce45d7c5f686fea2bc3a5d335,application/vnd.docker.container.image.v1+json,linux/amd64,sha256:1455f613238f70737746c353d149c6b7dc144ebce45d7c5f686fea2bc3a5d335,2026-02-22T14:17:35Z,2026-02-22T14:17:35Z,2026-09-04T18:40:42,,,,,,,,,
docker.io/salehmir/jesse,jesse,outside period (not read),1.13.6,sha256:4403cf54070d1e81ebacaa7c147ca9f791c3a12af2505618d631557971ce6482,application/vnd.docker.container.image.v1+json,linux/amd64,sha256:4403cf54070d1e81ebacaa7c147ca9f791c3a12af2505618d631557971ce6482,2026-02-23T13:48:20Z,2026-02-23T13:48:20Z,2026-09-04T18:40:44,,,,,,,,,
docker.io/salehmir/jesse,jesse,nearest before period,1.13.7,sha256:fe86ed3cf552b371851a983a71b226f95a8409cc737af95447b015141af9bc78,application/vnd.docker.container.image.v1+json,linux/amd64,sha256:fe86ed3cf552b371851a983a71b226f95a8409cc737af95447b015141af9bc78,2026-02-25T15:24:09Z,2026-02-25T15:24:09Z,2026-09-26T17:13:39,,,,,,,,,
docker.io/salehmir/jesse,jesse,in window,1.13.8,sha256:0dd3947121ae03a81ae497a29fb43563eed3b7e0a41cefa36386cba9f2b04c97,application/vnd.docker.container.image.v1+json,linux/amd64,sha256:0dd3947121ae03a81ae497a29fb43563eed3b7e0a41cefa36386cba9f2b04c97,2026-03-28T15:18:06Z,2026-03-28T15:18:06Z,2026-09-22T03:09:46,,,,,,,,,
docker.io/salehmir/jesse,jesse,in window,1.13.9,sha256:b18371785a9fbb70d3295ac5dd4e11537ca3222b8c2ef1c1185ffef4a0af270c,application/vnd.docker.container.image.v1+json,linux/amd64,sha256:b18371785a9fbb70d3295ac5dd4e11537ca3222b8c2ef1c1185ffef4a0af270c,2026-04-06T14:49:44Z,2026-04-06T14:49:44Z,2026-09-04T18:39:41,,,,,,,,,
docker.io/salehmir/jesse,jesse,in window,1.13.10,sha256:e92875a07cf4a7a9490adc185f64e476017a9c13675ee1b75d9886ee24d44931,application/vnd.docker.container.image.v1+json,linux/amd64,sha256:e92875a07cf4a7a9490adc185f64e476017a9c13675ee1b75d9886ee24d44931,2026-04-07T11:25:46Z,2026-04-07T11:25:46Z,2026-09-04T18:39:30,,,,,,,,,
docker.io/salehmir/jesse,jesse,in window,1.13.11,sha256:87ac6c094f0796176bf4c8fde19b9ac982921bc52929723fcd05b0e5164f1a84,application/vnd.docker.container.image.v1+json,linux/amd64,sha256:87ac6c094f0796176bf4c8fde19b9ac982921bc52929723fcd05b0e5164f1a84,2026-04-09T18:10:33Z,2026-04-09T18:10:33Z,2026-09-26T18:00:05,,,,,,,,,
docker.io/salehmir/jesse,jesse,in month after,2.0.0,sha256:eed5468f3005e28ffe3c3cd9d21bba1ef2ba967f29fc75073091bdd0d747595b,application/vnd.docker.container.image.v1+json,linux/amd64,sha256:eed5468f3005e28ffe3c3cd9d21bba1ef2ba967f29fc75073091bdd0d747595b,2026-04-28T16:21:49Z,2026-04-28T16:21:49Z,2026-09-04T18:40:21,,,,,,,,,
docker.io/salehmir/jesse,jesse,in month after,2.0.1,sha256:2cbb4882b401f17d68eba1351120052c52fbe3ac28d83b066608a61281d5ec64,application/vnd.docker.container.image.v1+json,linux/amd64,sha256:2cbb4882b401f17d68eba1351120052c52fbe3ac28d83b066608a61281d5ec64,2026-05-02T14:34:51Z,2026-05-02T14:34:51Z,2026-09-04T18:40:37,,,,,,,,,
docker.io/salehmir/jesse,jesse,in month after,2.1.0,sha256:036fdf224189d29ad25d8f5f993c985036b75aa932f223957c277f810fe77799,application/vnd.docker.container.image.v1+json,linux/amd64,sha256:036fdf224189d29ad25d8f5f993c985036b75aa932f223957c277f810fe77799,2026-05-08T16:55:29Z,2026-05-08T16:55:29Z,2026-09-25T13:32:33,,,,,,,,,
docker.io/salehmir/jesse,jesse,in month after,2.1.1,sha256:cb9917178e0c42861e312995933e50316bdbb909e21158f2ef8d1086e664c733,application/vnd.docker.container.image.v1+json,linux/amd64,sha256:cb9917178e0c42861e312995933e50316bdbb909e21158f2ef8d1086e664c733,2026-05-09T18:01:47Z,2026-05-09T18:01:47Z,2026-09-09T19:03:56,,,,,,,,,
docker.io/salehmir/jesse,jesse,in month after,2.1.2,sha256:d8f16456e4d81c9cf19adbed3583c21e3ceb1258b9a1534825ec2fd4f30509d8,application/vnd.docker.container.image.v1+json,linux/amd64,sha256:d8f16456e4d81c9cf19adbed3583c21e3ceb1258b9a1534825ec2fd4f30509d8,2026-05-16T12:11:20Z,2026-05-16T12:11:20Z,2026-09-09T12:24:47,,,,,,,,,
docker.io/salehmir/jesse,jesse,in month after,2.1.3,sha256:8492fab76f7d45387d3d6cdb0a0825f1a97ac69fc65acca61cb04bc2c3651c0c,application/vnd.docker.container.image.v1+json,linux/amd64,sha256:8492fab76f7d45387d3d6cdb0a0825f1a97ac69fc65acca61cb04bc2c3651c0c,2026-05-20T19:04:29Z,2026-05-20T19:04:29Z,2026-09-18T03:29:43,,,,,,,,,
docker.io/salehmir/jesse,jesse,nearest after period,2.1.4,sha256:a558217f2e037ae5d3c4d0e8d440e47d7507a5d517f219a575108afe4d030abf,application/vnd.docker.container.image.v1+json,linux/amd64,sha256:a558217f2e037ae5d3c4d0e8d440e47d7507a5d517f219a575108afe4d030abf,2026-05-23T15:59:50Z,2026-05-23T15:59:50Z,2026-09-24T11:18:40,,,,,,,,,
docker.io/salehmir/jesse,jesse,outside period (not read),2.2.0,sha256:95def3a0eb98aa5cad55c6e3fddb61a8cb18c37fdafb3050d3d3f74f017483a8,application/vnd.docker.container.image.v1+json,linux/amd64,sha256:95def3a0eb98aa5cad55c6e3fddb61a8cb18c37fdafb3050d3d3f74f017483a8,2026-05-26T16:06:16Z,2026-05-26T16:06:16Z,2026-09-24T11:32:31,,,,,,,,,
docker.io/salehmir/jesse,jesse,outside period (not read),2.2.1,sha256:3fec9f14e0045f31244e7d9b14fad5ebfcc70f96c0fcfd68d8746734563b7fc6,application/vnd.docker.distribution.manifest.list.v2+json,linux/amd64 linux/arm64,sha256:abd5f932736b55945e6fa585294c66b37f3d43e9333455609edde8244f821f22,2026-05-30T16:31:48Z,2026-05-30T16:31:48Z,2026-09-23T23:26:38,,,,,,,,,
docker.io/salehmir/jesse,jesse,outside period (not read),2.2.2,sha256:643b8e159bf9aa8275e4fce08b38e94c1219da34c788c24bb1838fd411ff54a6,application/vnd.docker.distribution.manifest.list.v2+json,linux/amd64 linux/arm64,sha256:6f5de592fd50aac93a1229e68a296a0e8462ef6da6bbe9a430e973119f482355,2026-05-31T15:21:17Z,2026-05-31T15:21:17Z,2026-09-24T13:40:14,,,,,,,,,
docker.io/salehmir/jesse,jesse,outside period (not read),2.3.0,sha256:3a72e83c9a085b58e986a5c2060184e520497aed4fe16ea749b5a862f856ced2,application/vnd.docker.distribution.manifest.list.v2+json,linux/amd64 linux/arm64,sha256:5f52251a2badbfd601d08615f2a2d197b3462515bb2756f1e6f8e454c4ade284,2026-06-03T15:21:56Z,2026-06-03T15:21:56Z,2026-09-24T12:43:41,,,,,,,,,
docker.io/salehmir/jesse,jesse,outside period (not read),2.3.1,sha256:3b01658ab00099f3240f2589a0bd0865c3c19822d61ebbf8437e00804dd70831,application/vnd.docker.distribution.manifest.list.v2+json,linux/amd64 linux/arm64,sha256:38d3cfb93d5f96dc36d3cae8ce85880f69c8d4ebe117922b2cb270bd2b2f52f4,2026-06-03T17:19:02Z,2026-06-03T17:19:02Z,2026-09-24T06:40:04,,,,,,,,,
docker.io/salehmir/jesse,jesse,outside period (not read),2.3.3,sha256:6f5b83ea04e340ad961876209f966b44a0f4bfa9c929ae7c23f2b78738f0eb14,application/vnd.docker.distribution.manifest.list.v2+json,linux/amd64 linux/arm64,sha256:0bfe3dcc0dd3b381f6b140bf9c37862b2f99aff76905a49cb52d82fb966668d4,2026-06-03T17:50:13Z,2026-06-03T17:50:13Z,2026-09-24T01:02:56,,,,,,,,,
docker.io/salehmir/jesse,jesse,outside period (not read),2.3.4,sha256:740408e70019c34af50c86970f14d59fd4cc46fbbb5aa1ec1a67b01c01de4872,application/vnd.docker.distribution.manifest.list.v2+json,linux/amd64 linux/arm64,sha256:d30a4ec0b0e2fc3e779257347352e6798373040392ca73b1b3ac6b31fa6eaa69,2026-06-06T14:34:30Z,2026-06-06T14:34:30Z,2026-09-24T03:33:22,,,,,,,,,
docker.io/salehmir/jesse,jesse,outside period (not read),2.4.0,sha256:55aef56b0ea4134d1e41f84d61421e1f2ce1d95dffb254eee373a921ee011f62,application/vnd.docker.distribution.manifest.list.v2+json,linux/amd64 linux/arm64,sha256:e57e74052883c908e1d0264445de88f0c60deeebb0685bbd3309f04f561e8b9a,2026-06-15T16:50:20Z,2026-06-15T16:50:20Z,2026-09-24T10:39:28,,,,,,,,,
docker.io/salehmir/jesse,jesse,outside period (not read),2.4.1,sha256:e0a14d67b45c7b5bc507a34f44c057ef7f9cdbe508f2d3c3ad9fc1855801d43b,application/vnd.docker.distribution.manifest.list.v2+json,linux/amd64 linux/arm64,sha256:07e50876d3feed8f374b10794818e05bfe22dc69775521ef5e2512bfe85960db,2026-06-29T15:59:16Z,2026-06-29T15:59:16Z,2026-09-24T07:39:03,,,,,,,,,
docker.io/salehmir/jesse,jesse,outside period (not read),2.5.0,sha256:9d36e2d6f0178d7856095b06963815539890f966fc0f179d5ca2be0fed10852e,application/vnd.docker.distribution.manifest.list.v2+json,linux/amd64 linux/arm64,sha256:482594261d16e4ffa885d2d48a039b6938c6bc840b9340f86d113e8740279874,2026-07-07T14:31:42Z,2026-07-07T14:31:42Z,2026-09-26T17:05:48,,,,,,,,,
docker.io/salehmir/jesse,jesse,outside period (not read),3.0.0,sha256:53f989370dd6287c3b3ffff69fb345936bfb7550c526b6a42f6d29598b6dc8c1,application/vnd.oci.image.index.v1+json,linux/amd64 linux/arm64,sha256:255b1ade30e93cbe224974434a041342fc56b71a58c10a9ce33ba6dc2458efbf,2026-08-02T15:56:57Z,2026-08-02T15:56:57Z,2026-09-20T20:25:14,,,,,,,,,
docker.io/salehmir/jesse,jesse,outside period (not read),3.0.1,sha256:27b05a53f9876239957d98c069441682347e05f79e1d6214f7b3f97055172781,application/vnd.oci.image.index.v1+json,linux/amd64 linux/arm64,sha256:99d4578bb2f253e59e1320b9e77e1af142464e1a516bc8e845db0924a4ed071f,2026-08-02T16:55:36Z,2026-08-02T16:55:36Z,2026-09-10T11:30:29,,,,,,,,,
docker.io/salehmir/jesse,jesse,outside period (not read),3.0.2,sha256:c569112377d8d920c70afc77a22fc5619269596f37bba81c017e6fcae04613aa,application/vnd.oci.image.index.v1+json,linux/amd64 linux/arm64,sha256:fe88334b1ecee15e3fd851305ba6056585ff921c5db2b674a1ca223783103906,2026-08-05T15:22:10Z,2026-08-05T15:22:10Z,2026-09-24T08:37:32,,,,,,,,,
docker.io/salehmir/jesse,jesse,outside period (not read),3.0.3,sha256:39c3a739e42cde8e29125ee29d42f0b6fc1a7ce56238c362a2e49c3520edbbc1,application/vnd.oci.image.index.v1+json,linux/amd64 linux/arm64,sha256:ff15a41bb2a7004b7f3555d55172f97e157a5f377c1b1bed1b3967e1ddd896ae,2026-08-05T16:09:01Z,2026-08-05T16:09:01Z,2026-09-10T07:15:19,,,,,,,,,
docker.io/salehmir/jesse,jesse,outside period (not read),3.0.5,sha256:6f9e7928d6ef685b02294de9f7fa5aaf76955341bb860b6f64e399925634e6a7,application/vnd.oci.image.index.v1+json,linux/amd64 linux/arm64,sha256:b59d8b7957b81f351f5a98495b7142a5f547a6792ed5f6c2ad3ab712ac4086ca,2026-08-08T13:22:07Z,2026-08-08T13:22:07Z,2026-09-26T16:40:01,,,,,,,,,
docker.io/salehmir/jesse,jesse,outside period (not read),3.0.6,sha256:d9a50f86bfde32b65f16a141c1d574da1bdbd3ac2787163d7416d01b5d02898f,application/vnd.oci.image.index.v1+json,linux/amd64 linux/arm64,sha256:52cafd0136be7a6caf7060349b1be41691255abf44ab9bcbeb6a9709fe674253,2026-08-16T10:54:13Z,2026-08-16T10:54:13Z,2026-09-24T12:45:44,,,,,,,,,
docker.io/salehmir/jesse,jesse,outside period (not read),3.0.7,sha256:cc90941a8470351129e7ec00a9e16dc5cabefa1f2738f899d269ea2a0bc56a87,application/vnd.oci.image.index.v1+json,linux/amd64 linux/arm64,sha256:dfa93ab11900b722b99836c4de12c5b05aec9c5e89e9cc8d1c3c9390d0d2c65b,2026-08-19T14:37:19Z,2026-08-19T14:37:19Z,2026-09-23T12:35:34,,,,,,,,,
docker.io/salehmir/jesse,jesse,outside period (not read),3.1.0,sha256:e1c1fd4adc1152fb2cb6f09571ed1702d6281cf5f790b8f4b0b3327c1ac6e042,application/vnd.oci.image.index.v1+json,linux/amd64 linux/arm64,sha256:e5ef3372b13d31d066fc7f669016029222ef52b6de30b0d82b0f1b6eb12accec,2026-09-02T15:33:18Z,2026-09-02T15:33:18Z,2026-09-24T06:07:38,,,,,,,,,
docker.io/salehmir/jesse,jesse,outside period (not read),3.1.1,sha256:c432b44b0c2c4987210780e87d99fa459243aa5d8e83107f395411e4b663488c,application/vnd.oci.image.index.v1+json,linux/amd64 linux/arm64,sha256:4abd73a5ef2d8942d42afed9c2dc40c9149a95a6cf1415108343bbcbd3918c9e,2026-09-04T17:07:19Z,2026-09-04T17:07:19Z,2026-09-24T07:00:04,,,,,,,,,
docker.io/salehmir/jesse,jesse,outside period (not read),3.1.3,sha256:cfd96001b9e9b1688ff778bb839d64b3bb949652744c60591c6ef499b4345191,application/vnd.oci.image.index.v1+json,linux/amd64 linux/arm64,sha256:3b84ee96636d1845148497c5ca236b7a48ef22c7507cd697a7824ff2bdb582e8,2026-09-10T16:52:29Z,2026-09-10T16:52:29Z,2026-09-24T06:16:00,,,,,,,,,
docker.io/salehmir/jesse,jesse,outside period (not read),3.1.4,sha256:c71289ae0d277400275902fb4c113cca5284cc8ea80f0031d35ec432489baf3e,application/vnd.oci.image.index.v1+json,linux/amd64 linux/arm64,sha256:f849ae9c33960d3162c2877ee37671b4c4f432c1e1d181e290e853ab854349d4,2026-09-12T13:52:01Z,2026-09-12T13:52:01Z,2026-09-24T11:33:58,,,,,,,,,
docker.io/salehmir/jesse,jesse,outside period (not read),3.1.5,sha256:715fd14f8d4d5f38205763c74633b8a050a99934b00140caf11afdd4c42dc81a,application/vnd.oci.image.index.v1+json,linux/amd64 linux/arm64,sha256:62a44986c2de61b617c407f8b9f0daae75b88b775758d174d85a32f1593ab929,2026-09-14T12:03:34Z,2026-09-14T12:03:34Z,2026-09-25T06:44:05,,,,,,,,,
docker.io/salehmir/jesse,jesse,outside period (not read),3.2.0,sha256:e1da3649e45262c3694e0ad7fc195fbfaedd289e44027eae6ca3afaf66d84811,application/vnd.oci.image.index.v1+json,linux/amd64 linux/arm64,sha256:e5b0882e7ddf4ff10c2f85d00df5f89797d67f0076c956f3bf0ac3769b9c3c4c,2026-09-17T16:12:50Z,2026-09-17T16:12:50Z,2026-09-24T14:46:20,,,,,,,,,
docker.io/salehmir/jesse,jesse,outside period (not read),3.2.1,sha256:10086be8b3e75e91229b1273bc094a55279b907aac98d1c72e8f1694d36206c0,application/vnd.oci.image.index.v1+json,linux/amd64 linux/arm64,sha256:6f7020a3eecc07ec9e66bf5a02a980ffe47bab2758ecd1d85cbe8a3d9c51d7fc,2026-09-21T16:05:19Z,2026-09-21T16:05:19Z,2026-09-24T13:23:04,,,,,,,,,
docker.io/salehmir/jesse,jesse,outside period (not read),3.2.2 latest,sha256:a7b2eb4dac23d2fa96efa3f2dcfed1fc493f1ad0de6b21edf28430329fc63e8d,application/vnd.oci.image.index.v1+json,linux/amd64 linux/arm64,sha256:9bd9f51dd709b57627dbe4cbb558d5f408d90816179f8413a18b46a7431ecd22,2026-09-23T12:35:05Z,2026-09-23T12:35:06Z,2026-09-26T18:12:19,,,,,,,,,
