image,index_digest,step,empty_layer,created,created_by
ghcr.io/startreedata/mcp-pinot,sha256:0fc820cae4fc3885075b6d751b4ee053349fc040028186b0dba6a096f51f66f4,0,,2026-05-18T00:00:00Z,# debian.sh --arch 'amd64' out/ 'trixie' '@1779062400'
ghcr.io/startreedata/mcp-pinot,sha256:0fc820cae4fc3885075b6d751b4ee053349fc040028186b0dba6a096f51f66f4,1,yes,2026-05-19T23:42:40.234278553Z,ENV PATH=/usr/local/bin:/usr/local/sbin:/usr/local/bin:/usr/sbin:/usr/bin:/sbin:/bin
ghcr.io/startreedata/mcp-pinot,sha256:0fc820cae4fc3885075b6d751b4ee053349fc040028186b0dba6a096f51f66f4,2,yes,2026-05-19T23:42:40.234278553Z,ENV LANG=C.UTF-8
ghcr.io/startreedata/mcp-pinot,sha256:0fc820cae4fc3885075b6d751b4ee053349fc040028186b0dba6a096f51f66f4,3,,2026-05-19T23:42:40.234278553Z,RUN /bin/sh -c set -eux; 	apt-get update; 	apt-get install -y --no-install-recommends 		ca-certificates 		netbase 		tzdata 	; 	apt-get dist-clean # buildkit
ghcr.io/startreedata/mcp-pinot,sha256:0fc820cae4fc3885075b6d751b4ee053349fc040028186b0dba6a096f51f66f4,4,yes,2026-05-19T23:42:40.234278553Z,ENV GPG_KEY=7169605F62C751356D054A26A821E680E5FA6305
ghcr.io/startreedata/mcp-pinot,sha256:0fc820cae4fc3885075b6d751b4ee053349fc040028186b0dba6a096f51f66f4,5,yes,2026-05-19T23:42:40.234278553Z,ENV PYTHON_VERSION=3.12.13
ghcr.io/startreedata/mcp-pinot,sha256:0fc820cae4fc3885075b6d751b4ee053349fc040028186b0dba6a096f51f66f4,6,yes,2026-05-19T23:42:40.234278553Z,ENV PYTHON_SHA256=c08bc65a81971c1dd5783182826503369466c7e67374d1646519adf05207b684
ghcr.io/startreedata/mcp-pinot,sha256:0fc820cae4fc3885075b6d751b4ee053349fc040028186b0dba6a096f51f66f4,7,,2026-05-19T23:50:55.41770734Z,"RUN /bin/sh -c set -eux; 		savedAptMark=""$(apt-mark showmanual)""; 	apt-get update; 	apt-get install -y --no-install-recommends 		dpkg-dev 		gcc 		gnupg 		libbluetooth-dev 		libbz2-dev 		libc6-dev 		libdb-dev 		libffi-dev 		libgdbm-dev 		liblzma-dev 		libncursesw5-dev 		libreadline-dev 		libsqlite3-dev 		libssl-dev 		make 		tk-dev 		uuid-dev 		wget 		xz-utils 		zlib1g-dev 	; 		wget -O python.tar.xz ""https://www.python.org/ftp/python/${PYTHON_VERSION%%[a-z]*}/Python-$PYTHON_VERSION.tar.xz""; 	echo ""$PYTHON_SHA256 *python.tar.xz"" | sha256sum -c -; 	wget -O python.tar.xz.asc ""https://www.python.org"
ghcr.io/startreedata/mcp-pinot,sha256:0fc820cae4fc3885075b6d751b4ee053349fc040028186b0dba6a096f51f66f4,8,,2026-05-19T23:50:55.52769964Z,"RUN /bin/sh -c set -eux; 	for src in idle3 pip3 pydoc3 python3 python3-config; do 		dst=""$(echo ""$src"" | tr -d 3)""; 		[ -s ""/usr/local/bin/$src"" ]; 		[ ! -e ""/usr/local/bin/$dst"" ]; 		ln -svT ""$src"" ""/usr/local/bin/$dst""; 	done # buildkit"
ghcr.io/startreedata/mcp-pinot,sha256:0fc820cae4fc3885075b6d751b4ee053349fc040028186b0dba6a096f51f66f4,9,yes,2026-05-19T23:50:55.52769964Z,"CMD [""python3""]"
ghcr.io/startreedata/mcp-pinot,sha256:0fc820cae4fc3885075b6d751b4ee053349fc040028186b0dba6a096f51f66f4,10,,2026-05-25T06:16:06.12024407Z,WORKDIR /app
ghcr.io/startreedata/mcp-pinot,sha256:0fc820cae4fc3885075b6d751b4ee053349fc040028186b0dba6a096f51f66f4,11,,2026-05-25T06:16:16.111417811Z,RUN /bin/sh -c apt-get update && apt-get install -y     build-essential     && rm -rf /var/lib/apt/lists/* # buildkit
ghcr.io/startreedata/mcp-pinot,sha256:0fc820cae4fc3885075b6d751b4ee053349fc040028186b0dba6a096f51f66f4,12,,2026-05-25T06:16:16.203710698Z,COPY . /app/ # buildkit
ghcr.io/startreedata/mcp-pinot,sha256:0fc820cae4fc3885075b6d751b4ee053349fc040028186b0dba6a096f51f66f4,13,,2026-05-25T06:16:37.028180313Z,RUN /bin/sh -c python -m pip install --no-cache-dir --upgrade pip     && python -m pip install --no-cache-dir . # buildkit
ghcr.io/startreedata/mcp-pinot,sha256:0fc820cae4fc3885075b6d751b4ee053349fc040028186b0dba6a096f51f66f4,14,yes,2026-05-25T06:16:37.202554735Z,ENV PYTHONUNBUFFERED=1
ghcr.io/startreedata/mcp-pinot,sha256:0fc820cae4fc3885075b6d751b4ee053349fc040028186b0dba6a096f51f66f4,15,,2026-05-25T06:16:37.202554735Z,RUN /bin/sh -c groupadd -r -g 1000 appuser && useradd -r -g appuser -u 1000 -m appuser # buildkit
ghcr.io/startreedata/mcp-pinot,sha256:0fc820cae4fc3885075b6d751b4ee053349fc040028186b0dba6a096f51f66f4,16,yes,2026-05-25T06:16:37.202554735Z,ENV HOME=/home/appuser
ghcr.io/startreedata/mcp-pinot,sha256:0fc820cae4fc3885075b6d751b4ee053349fc040028186b0dba6a096f51f66f4,17,,2026-05-25T06:16:37.287003526Z,RUN /bin/sh -c chmod +x /app/run.sh # buildkit
ghcr.io/startreedata/mcp-pinot,sha256:0fc820cae4fc3885075b6d751b4ee053349fc040028186b0dba6a096f51f66f4,18,,2026-05-25T06:16:37.476157185Z,RUN /bin/sh -c chown -R appuser:appuser /app # buildkit
ghcr.io/startreedata/mcp-pinot,sha256:0fc820cae4fc3885075b6d751b4ee053349fc040028186b0dba6a096f51f66f4,19,yes,2026-05-25T06:16:37.476157185Z,USER appuser
ghcr.io/startreedata/mcp-pinot,sha256:0fc820cae4fc3885075b6d751b4ee053349fc040028186b0dba6a096f51f66f4,20,yes,2026-05-25T06:16:37.476157185Z,"ENTRYPOINT [""/app/run.sh""]"
ghcr.io/startreedata/mcp-pinot,sha256:3ba45973bf88e7445f4786cf26b9851d9343e1d4cd841e6f57183478607caa54,0,,2026-06-23T00:00:00Z,# debian.sh --arch 'amd64' out/ 'trixie' '@1782172800'
ghcr.io/startreedata/mcp-pinot,sha256:3ba45973bf88e7445f4786cf26b9851d9343e1d4cd841e6f57183478607caa54,1,yes,2026-06-24T02:01:30.196097531Z,ENV PATH=/usr/local/bin:/usr/local/sbin:/usr/local/bin:/usr/sbin:/usr/bin:/sbin:/bin
ghcr.io/startreedata/mcp-pinot,sha256:3ba45973bf88e7445f4786cf26b9851d9343e1d4cd841e6f57183478607caa54,2,yes,2026-06-24T02:01:30.196097531Z,ENV LANG=C.UTF-8
ghcr.io/startreedata/mcp-pinot,sha256:3ba45973bf88e7445f4786cf26b9851d9343e1d4cd841e6f57183478607caa54,3,,2026-06-24T02:01:30.196097531Z,RUN /bin/sh -c set -eux; 	apt-get update; 	apt-get install -y --no-install-recommends 		ca-certificates 		netbase 		tzdata 	; 	apt-get dist-clean # buildkit
ghcr.io/startreedata/mcp-pinot,sha256:3ba45973bf88e7445f4786cf26b9851d9343e1d4cd841e6f57183478607caa54,4,yes,2026-06-24T02:01:30.196097531Z,ENV GPG_KEY=7169605F62C751356D054A26A821E680E5FA6305
ghcr.io/startreedata/mcp-pinot,sha256:3ba45973bf88e7445f4786cf26b9851d9343e1d4cd841e6f57183478607caa54,5,yes,2026-06-24T02:01:30.196097531Z,ENV PYTHON_VERSION=3.12.13
ghcr.io/startreedata/mcp-pinot,sha256:3ba45973bf88e7445f4786cf26b9851d9343e1d4cd841e6f57183478607caa54,6,yes,2026-06-24T02:01:30.196097531Z,ENV PYTHON_SHA256=c08bc65a81971c1dd5783182826503369466c7e67374d1646519adf05207b684
ghcr.io/startreedata/mcp-pinot,sha256:3ba45973bf88e7445f4786cf26b9851d9343e1d4cd841e6f57183478607caa54,7,,2026-06-24T02:10:24.407263012Z,"RUN /bin/sh -c set -eux; 		savedAptMark=""$(apt-mark showmanual)""; 	apt-get update; 	apt-get install -y --no-install-recommends 		dpkg-dev 		gcc 		gnupg 		libbluetooth-dev 		libbz2-dev 		libc6-dev 		libdb-dev 		libffi-dev 		libgdbm-dev 		liblzma-dev 		libncursesw5-dev 		libreadline-dev 		libsqlite3-dev 		libssl-dev 		make 		tk-dev 		uuid-dev 		wget 		xz-utils 		zlib1g-dev 	; 		wget -O python.tar.xz ""https://www.python.org/ftp/python/${PYTHON_VERSION%%[a-z]*}/Python-$PYTHON_VERSION.tar.xz""; 	echo ""$PYTHON_SHA256 *python.tar.xz"" | sha256sum -c -; 	wget -O python.tar.xz.asc ""https://www.python.org"
ghcr.io/startreedata/mcp-pinot,sha256:3ba45973bf88e7445f4786cf26b9851d9343e1d4cd841e6f57183478607caa54,8,,2026-06-24T02:10:24.522489311Z,"RUN /bin/sh -c set -eux; 	for src in idle3 pip3 pydoc3 python3 python3-config; do 		dst=""$(echo ""$src"" | tr -d 3)""; 		[ -s ""/usr/local/bin/$src"" ]; 		[ ! -e ""/usr/local/bin/$dst"" ]; 		ln -svT ""$src"" ""/usr/local/bin/$dst""; 	done # buildkit"
ghcr.io/startreedata/mcp-pinot,sha256:3ba45973bf88e7445f4786cf26b9851d9343e1d4cd841e6f57183478607caa54,9,yes,2026-06-24T02:10:24.522489311Z,"CMD [""python3""]"
ghcr.io/startreedata/mcp-pinot,sha256:3ba45973bf88e7445f4786cf26b9851d9343e1d4cd841e6f57183478607caa54,10,,2026-07-08T01:05:15.631037586Z,WORKDIR /app
ghcr.io/startreedata/mcp-pinot,sha256:3ba45973bf88e7445f4786cf26b9851d9343e1d4cd841e6f57183478607caa54,11,,2026-07-08T01:05:26.675936707Z,RUN /bin/sh -c apt-get update && apt-get install -y     build-essential     && rm -rf /var/lib/apt/lists/* # buildkit
ghcr.io/startreedata/mcp-pinot,sha256:3ba45973bf88e7445f4786cf26b9851d9343e1d4cd841e6f57183478607caa54,12,,2026-07-08T01:05:26.769705031Z,COPY . /app/ # buildkit
ghcr.io/startreedata/mcp-pinot,sha256:3ba45973bf88e7445f4786cf26b9851d9343e1d4cd841e6f57183478607caa54,13,,2026-07-08T01:05:53.643411783Z,RUN /bin/sh -c python -m pip install --no-cache-dir --upgrade pip     && python -m pip install --no-cache-dir . # buildkit
ghcr.io/startreedata/mcp-pinot,sha256:3ba45973bf88e7445f4786cf26b9851d9343e1d4cd841e6f57183478607caa54,14,yes,2026-07-08T01:05:53.831188152Z,ENV PYTHONUNBUFFERED=1
ghcr.io/startreedata/mcp-pinot,sha256:3ba45973bf88e7445f4786cf26b9851d9343e1d4cd841e6f57183478607caa54,15,,2026-07-08T01:05:53.831188152Z,RUN /bin/sh -c groupadd -r -g 1000 appuser && useradd -r -g appuser -u 1000 -m appuser # buildkit
ghcr.io/startreedata/mcp-pinot,sha256:3ba45973bf88e7445f4786cf26b9851d9343e1d4cd841e6f57183478607caa54,16,yes,2026-07-08T01:05:53.831188152Z,ENV HOME=/home/appuser
ghcr.io/startreedata/mcp-pinot,sha256:3ba45973bf88e7445f4786cf26b9851d9343e1d4cd841e6f57183478607caa54,17,,2026-07-08T01:05:53.900424647Z,RUN /bin/sh -c chmod +x /app/run.sh # buildkit
ghcr.io/startreedata/mcp-pinot,sha256:3ba45973bf88e7445f4786cf26b9851d9343e1d4cd841e6f57183478607caa54,18,,2026-07-08T01:05:54.125916229Z,RUN /bin/sh -c chown -R appuser:appuser /app # buildkit
ghcr.io/startreedata/mcp-pinot,sha256:3ba45973bf88e7445f4786cf26b9851d9343e1d4cd841e6f57183478607caa54,19,yes,2026-07-08T01:05:54.125916229Z,USER appuser
ghcr.io/startreedata/mcp-pinot,sha256:3ba45973bf88e7445f4786cf26b9851d9343e1d4cd841e6f57183478607caa54,20,yes,2026-07-08T01:05:54.125916229Z,"ENTRYPOINT [""/app/run.sh""]"
ghcr.io/n24q02m/better-telegram-mcp,sha256:750274fb52a4148bca4e9fea57b6b4bd0a38a40578dfc49df9e6252b4a7d0a68,0,,2026-05-18T00:00:00Z,# debian.sh --arch 'amd64' out/ 'bookworm' '@1779062400'
ghcr.io/n24q02m/better-telegram-mcp,sha256:750274fb52a4148bca4e9fea57b6b4bd0a38a40578dfc49df9e6252b4a7d0a68,1,yes,2026-05-19T23:41:15.345436787Z,ENV PATH=/usr/local/bin:/usr/local/sbin:/usr/local/bin:/usr/sbin:/usr/bin:/sbin:/bin
ghcr.io/n24q02m/better-telegram-mcp,sha256:750274fb52a4148bca4e9fea57b6b4bd0a38a40578dfc49df9e6252b4a7d0a68,2,,2026-05-19T23:41:15.345436787Z,RUN /bin/sh -c set -eux; 	apt-get update; 	apt-get install -y --no-install-recommends 		ca-certificates 		netbase 		tzdata 	; 	rm -rf /var/lib/apt/lists/* # buildkit
ghcr.io/n24q02m/better-telegram-mcp,sha256:750274fb52a4148bca4e9fea57b6b4bd0a38a40578dfc49df9e6252b4a7d0a68,3,yes,2026-05-19T23:41:15.345436787Z,ENV GPG_KEY=7169605F62C751356D054A26A821E680E5FA6305
ghcr.io/n24q02m/better-telegram-mcp,sha256:750274fb52a4148bca4e9fea57b6b4bd0a38a40578dfc49df9e6252b4a7d0a68,4,yes,2026-05-19T23:41:15.345436787Z,ENV PYTHON_VERSION=3.13.13
ghcr.io/n24q02m/better-telegram-mcp,sha256:750274fb52a4148bca4e9fea57b6b4bd0a38a40578dfc49df9e6252b4a7d0a68,5,yes,2026-05-19T23:41:15.345436787Z,ENV PYTHON_SHA256=2ab91ff401783ccca64f75d10c882e957bdfd60e2bf5a72f8421793729b78a71
ghcr.io/n24q02m/better-telegram-mcp,sha256:750274fb52a4148bca4e9fea57b6b4bd0a38a40578dfc49df9e6252b4a7d0a68,6,,2026-05-19T23:50:49.547151305Z,"RUN /bin/sh -c set -eux; 		savedAptMark=""$(apt-mark showmanual)""; 	apt-get update; 	apt-get install -y --no-install-recommends 		dpkg-dev 		gcc 		gnupg 		libbluetooth-dev 		libbz2-dev 		libc6-dev 		libdb-dev 		libffi-dev 		libgdbm-dev 		liblzma-dev 		libncursesw5-dev 		libreadline-dev 		libsqlite3-dev 		libssl-dev 		make 		tk-dev 		uuid-dev 		wget 		xz-utils 		zlib1g-dev 	; 		wget -O python.tar.xz ""https://www.python.org/ftp/python/${PYTHON_VERSION%%[a-z]*}/Python-$PYTHON_VERSION.tar.xz""; 	echo ""$PYTHON_SHA256 *python.tar.xz"" | sha256sum -c -; 	wget -O python.tar.xz.asc ""https://www.python.org"
ghcr.io/n24q02m/better-telegram-mcp,sha256:750274fb52a4148bca4e9fea57b6b4bd0a38a40578dfc49df9e6252b4a7d0a68,7,,2026-05-19T23:50:49.63535933Z,"RUN /bin/sh -c set -eux; 	for src in idle3 pip3 pydoc3 python3 python3-config; do 		dst=""$(echo ""$src"" | tr -d 3)""; 		[ -s ""/usr/local/bin/$src"" ]; 		[ ! -e ""/usr/local/bin/$dst"" ]; 		ln -svT ""$src"" ""/usr/local/bin/$dst""; 	done # buildkit"
ghcr.io/n24q02m/better-telegram-mcp,sha256:750274fb52a4148bca4e9fea57b6b4bd0a38a40578dfc49df9e6252b4a7d0a68,8,yes,2026-05-19T23:50:49.63535933Z,"CMD [""python3""]"
ghcr.io/n24q02m/better-telegram-mcp,sha256:750274fb52a4148bca4e9fea57b6b4bd0a38a40578dfc49df9e6252b4a7d0a68,9,yes,2026-05-24T10:39:51.227970278Z,LABEL org.opencontainers.image.source=https://github.com/n24q02m/better-telegram-mcp
ghcr.io/n24q02m/better-telegram-mcp,sha256:750274fb52a4148bca4e9fea57b6b4bd0a38a40578dfc49df9e6252b4a7d0a68,10,yes,2026-05-24T10:39:51.227970278Z,LABEL io.modelcontextprotocol.server.name=io.github.n24q02m/better-telegram-mcp
ghcr.io/n24q02m/better-telegram-mcp,sha256:750274fb52a4148bca4e9fea57b6b4bd0a38a40578dfc49df9e6252b4a7d0a68,11,,2026-05-24T10:39:51.227970278Z,WORKDIR /app
ghcr.io/n24q02m/better-telegram-mcp,sha256:750274fb52a4148bca4e9fea57b6b4bd0a38a40578dfc49df9e6252b4a7d0a68,12,,2026-06-16T09:51:21.357348568Z,COPY /app/.venv /app/.venv # buildkit
ghcr.io/n24q02m/better-telegram-mcp,sha256:750274fb52a4148bca4e9fea57b6b4bd0a38a40578dfc49df9e6252b4a7d0a68,13,,2026-06-16T09:51:21.408967612Z,COPY /app/src /app/src # buildkit
ghcr.io/n24q02m/better-telegram-mcp,sha256:750274fb52a4148bca4e9fea57b6b4bd0a38a40578dfc49df9e6252b4a7d0a68,14,yes,2026-06-16T09:51:21.408967612Z,ENV PATH=/app/.venv/bin:/usr/local/bin:/usr/local/sbin:/usr/local/bin:/usr/sbin:/usr/bin:/sbin:/bin PYTHONPATH=/app/src PYTHONUNBUFFERED=1 TELEGRAM_DATA_DIR=/data HOST=0.0.0.0
ghcr.io/n24q02m/better-telegram-mcp,sha256:750274fb52a4148bca4e9fea57b6b4bd0a38a40578dfc49df9e6252b4a7d0a68,15,,2026-06-16T09:51:25.578364869Z,RUN /bin/sh -c groupadd -r appuser && useradd -r -g appuser -d /home/appuser -m appuser     && mkdir -p /data     && chown -R appuser:appuser /app /data /home/appuser # buildkit
ghcr.io/n24q02m/better-telegram-mcp,sha256:750274fb52a4148bca4e9fea57b6b4bd0a38a40578dfc49df9e6252b4a7d0a68,16,yes,2026-06-16T09:51:25.578364869Z,VOLUME [/data]
ghcr.io/n24q02m/better-telegram-mcp,sha256:750274fb52a4148bca4e9fea57b6b4bd0a38a40578dfc49df9e6252b4a7d0a68,17,yes,2026-06-16T09:51:25.578364869Z,USER appuser
ghcr.io/n24q02m/better-telegram-mcp,sha256:750274fb52a4148bca4e9fea57b6b4bd0a38a40578dfc49df9e6252b4a7d0a68,18,yes,2026-06-16T09:51:25.578364869Z,ENV MCP_TRANSPORT=http MCP_PORT=8080
ghcr.io/n24q02m/better-telegram-mcp,sha256:750274fb52a4148bca4e9fea57b6b4bd0a38a40578dfc49df9e6252b4a7d0a68,19,yes,2026-06-16T09:51:25.578364869Z,EXPOSE [8080/tcp]
ghcr.io/n24q02m/better-telegram-mcp,sha256:750274fb52a4148bca4e9fea57b6b4bd0a38a40578dfc49df9e6252b4a7d0a68,20,yes,2026-06-16T09:51:25.578364869Z,"ENTRYPOINT [""python"" ""-m"" ""better_telegram_mcp""]"
ghcr.io/n24q02m/better-telegram-mcp,sha256:40703f815bfed0df73b1b8a4cf431533add72af101f689d7d72db80489d65e7b,0,,2026-06-10T00:00:00Z,# debian.sh --arch 'amd64' out/ 'bookworm' '@1781049600'
ghcr.io/n24q02m/better-telegram-mcp,sha256:40703f815bfed0df73b1b8a4cf431533add72af101f689d7d72db80489d65e7b,1,yes,2026-06-11T00:59:34.808802569Z,ENV PATH=/usr/local/bin:/usr/local/sbin:/usr/local/bin:/usr/sbin:/usr/bin:/sbin:/bin
ghcr.io/n24q02m/better-telegram-mcp,sha256:40703f815bfed0df73b1b8a4cf431533add72af101f689d7d72db80489d65e7b,2,,2026-06-11T00:59:34.808802569Z,RUN /bin/sh -c set -eux; 	apt-get update; 	apt-get install -y --no-install-recommends 		ca-certificates 		netbase 		tzdata 	; 	rm -rf /var/lib/apt/lists/* # buildkit
ghcr.io/n24q02m/better-telegram-mcp,sha256:40703f815bfed0df73b1b8a4cf431533add72af101f689d7d72db80489d65e7b,3,yes,2026-06-11T00:59:34.808802569Z,ENV GPG_KEY=7169605F62C751356D054A26A821E680E5FA6305
ghcr.io/n24q02m/better-telegram-mcp,sha256:40703f815bfed0df73b1b8a4cf431533add72af101f689d7d72db80489d65e7b,4,yes,2026-06-11T00:59:34.808802569Z,ENV PYTHON_VERSION=3.13.14
ghcr.io/n24q02m/better-telegram-mcp,sha256:40703f815bfed0df73b1b8a4cf431533add72af101f689d7d72db80489d65e7b,5,yes,2026-06-11T00:59:34.808802569Z,ENV PYTHON_SHA256=639e43243c620a308f968213df9e00f2f8f62332f7adbaa7a7eeb9783057c690
ghcr.io/n24q02m/better-telegram-mcp,sha256:40703f815bfed0df73b1b8a4cf431533add72af101f689d7d72db80489d65e7b,6,,2026-06-11T01:10:22.580065975Z,"RUN /bin/sh -c set -eux; 		savedAptMark=""$(apt-mark showmanual)""; 	apt-get update; 	apt-get install -y --no-install-recommends 		dpkg-dev 		gcc 		gnupg 		libbluetooth-dev 		libbz2-dev 		libc6-dev 		libdb-dev 		libffi-dev 		libgdbm-dev 		liblzma-dev 		libncursesw5-dev 		libreadline-dev 		libsqlite3-dev 		libssl-dev 		make 		tk-dev 		uuid-dev 		wget 		xz-utils 		zlib1g-dev 	; 		wget -O python.tar.xz ""https://www.python.org/ftp/python/${PYTHON_VERSION%%[a-z]*}/Python-$PYTHON_VERSION.tar.xz""; 	echo ""$PYTHON_SHA256 *python.tar.xz"" | sha256sum -c -; 	wget -O python.tar.xz.asc ""https://www.python.org"
ghcr.io/n24q02m/better-telegram-mcp,sha256:40703f815bfed0df73b1b8a4cf431533add72af101f689d7d72db80489d65e7b,7,,2026-06-11T01:10:22.679729125Z,"RUN /bin/sh -c set -eux; 	for src in idle3 pip3 pydoc3 python3 python3-config; do 		dst=""$(echo ""$src"" | tr -d 3)""; 		[ -s ""/usr/local/bin/$src"" ]; 		[ ! -e ""/usr/local/bin/$dst"" ]; 		ln -svT ""$src"" ""/usr/local/bin/$dst""; 	done # buildkit"
ghcr.io/n24q02m/better-telegram-mcp,sha256:40703f815bfed0df73b1b8a4cf431533add72af101f689d7d72db80489d65e7b,8,yes,2026-06-11T01:10:22.679729125Z,"CMD [""python3""]"
ghcr.io/n24q02m/better-telegram-mcp,sha256:40703f815bfed0df73b1b8a4cf431533add72af101f689d7d72db80489d65e7b,9,yes,2026-06-18T08:01:45.923510517Z,LABEL org.opencontainers.image.source=https://github.com/n24q02m/better-telegram-mcp
ghcr.io/n24q02m/better-telegram-mcp,sha256:40703f815bfed0df73b1b8a4cf431533add72af101f689d7d72db80489d65e7b,10,yes,2026-06-18T08:01:45.923510517Z,LABEL io.modelcontextprotocol.server.name=io.github.n24q02m/better-telegram-mcp
ghcr.io/n24q02m/better-telegram-mcp,sha256:40703f815bfed0df73b1b8a4cf431533add72af101f689d7d72db80489d65e7b,11,,2026-06-18T08:01:45.923510517Z,WORKDIR /app
ghcr.io/n24q02m/better-telegram-mcp,sha256:40703f815bfed0df73b1b8a4cf431533add72af101f689d7d72db80489d65e7b,12,,2026-06-18T08:01:55.714609843Z,COPY /app/.venv /app/.venv # buildkit
ghcr.io/n24q02m/better-telegram-mcp,sha256:40703f815bfed0df73b1b8a4cf431533add72af101f689d7d72db80489d65e7b,13,,2026-06-18T08:01:55.801211814Z,COPY /app/src /app/src # buildkit
ghcr.io/n24q02m/better-telegram-mcp,sha256:40703f815bfed0df73b1b8a4cf431533add72af101f689d7d72db80489d65e7b,14,yes,2026-06-18T08:01:55.801211814Z,ENV PATH=/app/.venv/bin:/usr/local/bin:/usr/local/sbin:/usr/local/bin:/usr/sbin:/usr/bin:/sbin:/bin PYTHONPATH=/app/src PYTHONUNBUFFERED=1 TELEGRAM_DATA_DIR=/data HOST=0.0.0.0
ghcr.io/n24q02m/better-telegram-mcp,sha256:40703f815bfed0df73b1b8a4cf431533add72af101f689d7d72db80489d65e7b,15,,2026-06-18T08:01:59.859010029Z,RUN /bin/sh -c groupadd -r appuser && useradd -r -g appuser -d /home/appuser -m appuser     && mkdir -p /data     && chown -R appuser:appuser /app /data /home/appuser # buildkit
ghcr.io/n24q02m/better-telegram-mcp,sha256:40703f815bfed0df73b1b8a4cf431533add72af101f689d7d72db80489d65e7b,16,yes,2026-06-18T08:01:59.859010029Z,VOLUME [/data]
ghcr.io/n24q02m/better-telegram-mcp,sha256:40703f815bfed0df73b1b8a4cf431533add72af101f689d7d72db80489d65e7b,17,yes,2026-06-18T08:01:59.859010029Z,USER appuser
ghcr.io/n24q02m/better-telegram-mcp,sha256:40703f815bfed0df73b1b8a4cf431533add72af101f689d7d72db80489d65e7b,18,yes,2026-06-18T08:01:59.859010029Z,ENV MCP_TRANSPORT=http MCP_PORT=8080
ghcr.io/n24q02m/better-telegram-mcp,sha256:40703f815bfed0df73b1b8a4cf431533add72af101f689d7d72db80489d65e7b,19,yes,2026-06-18T08:01:59.859010029Z,EXPOSE [8080/tcp]
ghcr.io/n24q02m/better-telegram-mcp,sha256:40703f815bfed0df73b1b8a4cf431533add72af101f689d7d72db80489d65e7b,20,yes,2026-06-18T08:01:59.859010029Z,"ENTRYPOINT [""python"" ""-m"" ""better_telegram_mcp""]"
ghcr.io/argonne-lcf/chemgraph,sha256:ab00cc396883412f2f7b7feb83ec188314880a4a88d8941ab0f255e9c9c42188,0,,2026-04-21T00:00:00Z,# debian.sh --arch 'amd64' out/ 'trixie' '@1776729600'
ghcr.io/argonne-lcf/chemgraph,sha256:ab00cc396883412f2f7b7feb83ec188314880a4a88d8941ab0f255e9c9c42188,1,yes,2026-04-29T12:53:41.663661468Z,"LABEL maintainer=Anaconda, Inc"
ghcr.io/argonne-lcf/chemgraph,sha256:ab00cc396883412f2f7b7feb83ec188314880a4a88d8941ab0f255e9c9c42188,2,yes,2026-04-29T12:53:41.663661468Z,ENV LANG=C.UTF-8 LC_ALL=C.UTF-8
ghcr.io/argonne-lcf/chemgraph,sha256:ab00cc396883412f2f7b7feb83ec188314880a4a88d8941ab0f255e9c9c42188,3,,2026-04-29T12:53:41.663661468Z,RUN /bin/sh -c apt-get update -q &&     apt-get install -q -y --no-install-recommends         bzip2         ca-certificates         git         libglib2.0-0         libsm6         libxext6         libxrender1         mercurial         openssh-client         procps         subversion         wget     && apt-get clean     && rm -rf /var/lib/apt/lists/* # buildkit
ghcr.io/argonne-lcf/chemgraph,sha256:ab00cc396883412f2f7b7feb83ec188314880a4a88d8941ab0f255e9c9c42188,4,yes,2026-04-29T12:53:41.663661468Z,ENV PATH=/opt/conda/bin:/usr/local/sbin:/usr/local/bin:/usr/sbin:/usr/bin:/sbin:/bin
ghcr.io/argonne-lcf/chemgraph,sha256:ab00cc396883412f2f7b7feb83ec188314880a4a88d8941ab0f255e9c9c42188,5,yes,2026-04-29T12:53:41.663661468Z,"ARG DEPRECATION_MESSAGE=::warning::This image is deprecated.\n\nUpdates to this image will be discontinued after version \`26.7.x\`. The latest Miniconda Docker images are available as \`anaconda/miniconda\`. For more information, visit: https://hub.docker.com/r/anaconda/miniconda\n"
ghcr.io/argonne-lcf/chemgraph,sha256:ab00cc396883412f2f7b7feb83ec188314880a4a88d8941ab0f255e9c9c42188,6,,2026-04-29T12:53:41.741146593Z,"RUN |1 DEPRECATION_MESSAGE=::warning::This image is deprecated.\n\nUpdates to this image will be discontinued after version \`26.7.x\`. The latest Miniconda Docker images are available as \`anaconda/miniconda\`. For more information, visit: https://hub.docker.com/r/anaconda/miniconda\n /bin/sh -c printf '#!/bin/bash\nprintf ""'%s'"" >&2\nexec ""$@""\n' ""${DEPRECATION_MESSAGE}""     > /usr/local/bin/docker-entrypoint.sh &&     chmod +x /usr/local/bin/docker-entrypoint.sh # buildkit"
ghcr.io/argonne-lcf/chemgraph,sha256:ab00cc396883412f2f7b7feb83ec188314880a4a88d8941ab0f255e9c9c42188,7,yes,2026-04-29T12:53:41.741146593Z,"ENTRYPOINT [""/usr/local/bin/docker-entrypoint.sh""]"
ghcr.io/argonne-lcf/chemgraph,sha256:ab00cc396883412f2f7b7feb83ec188314880a4a88d8941ab0f255e9c9c42188,8,yes,2026-04-29T12:53:41.741146593Z,"CMD [""/bin/bash""]"
ghcr.io/argonne-lcf/chemgraph,sha256:ab00cc396883412f2f7b7feb83ec188314880a4a88d8941ab0f255e9c9c42188,9,yes,2026-04-29T12:53:41.741146593Z,ARG INSTALLER_URL_LINUX64=https://repo.anaconda.com/miniconda/Miniconda3-py313_26.3.2-2-Linux-x86_64.sh
ghcr.io/argonne-lcf/chemgraph,sha256:ab00cc396883412f2f7b7feb83ec188314880a4a88d8941ab0f255e9c9c42188,10,yes,2026-04-29T12:53:41.741146593Z,ARG SHA256SUM_LINUX64=2284bafb7863a23411b19874d216e237964d4b32dd9beb6807fa8b2d84570961
ghcr.io/argonne-lcf/chemgraph,sha256:ab00cc396883412f2f7b7feb83ec188314880a4a88d8941ab0f255e9c9c42188,11,yes,2026-04-29T12:53:41.741146593Z,ARG INSTALLER_URL_AARCH64=https://repo.anaconda.com/miniconda/Miniconda3-py313_26.3.2-2-Linux-aarch64.sh
ghcr.io/argonne-lcf/chemgraph,sha256:ab00cc396883412f2f7b7feb83ec188314880a4a88d8941ab0f255e9c9c42188,12,yes,2026-04-29T12:53:41.741146593Z,ARG SHA256SUM_AARCH64=81a5e828724478a7a036027a74356ceff0206147d3b1243c8ba32e0cfa187967
ghcr.io/argonne-lcf/chemgraph,sha256:ab00cc396883412f2f7b7feb83ec188314880a4a88d8941ab0f255e9c9c42188,13,,2026-04-29T12:53:57.709907734Z,"RUN |5 DEPRECATION_MESSAGE=::warning::This image is deprecated.\n\nUpdates to this image will be discontinued after version \`26.7.x\`. The latest Miniconda Docker images are available as \`anaconda/miniconda\`. For more information, visit: https://hub.docker.com/r/anaconda/miniconda\n INSTALLER_URL_LINUX64=https://repo.anaconda.com/miniconda/Miniconda3-py313_26.3.2-2-Linux-x86_64.sh SHA256SUM_LINUX64=2284bafb7863a23411b19874d216e237964d4b32dd9beb6807fa8b2d84570961 INSTALLER_URL_AARCH64=https://repo.anaconda.com/miniconda/Miniconda3-py313_26.3.2-2-Linux-aarch64.sh SHA256SUM_AARCH64=81a5e828724"
ghcr.io/argonne-lcf/chemgraph,sha256:ab00cc396883412f2f7b7feb83ec188314880a4a88d8941ab0f255e9c9c42188,14,,2026-06-02T04:16:24.01609048Z,WORKDIR /app
ghcr.io/argonne-lcf/chemgraph,sha256:ab00cc396883412f2f7b7feb83ec188314880a4a88d8941ab0f255e9c9c42188,15,,2026-06-02T04:16:24.085646641Z,COPY . /app # buildkit
ghcr.io/argonne-lcf/chemgraph,sha256:ab00cc396883412f2f7b7feb83ec188314880a4a88d8941ab0f255e9c9c42188,16,,2026-06-02T04:16:40.224750399Z,RUN /bin/sh -c apt-get update && apt-get install -y --no-install-recommends     build-essential     gfortran     git     cmake     pkg-config     curl     liblapack-dev     libblas-dev     libx11-xcb1 libxcomposite1 libxcursor1 libxdamage1 libxext6 libxfixes3 libxi6     libxrandr2 libxrender1 libxss1 libxtst6 libnss3 libatk1.0-0 libatk-bridge2.0-0     libcups2 libdrm2 libgbm1 libasound2     && rm -rf /var/lib/apt/lists/* # buildkit
ghcr.io/argonne-lcf/chemgraph,sha256:ab00cc396883412f2f7b7feb83ec188314880a4a88d8941ab0f255e9c9c42188,17,,2026-06-02T04:17:54.960827922Z,RUN /bin/sh -c conda install -y -c conda-forge     python=3.11     rdkit     nwchem     && conda clean -afy # buildkit
ghcr.io/argonne-lcf/chemgraph,sha256:ab00cc396883412f2f7b7feb83ec188314880a4a88d8941ab0f255e9c9c42188,18,,2026-06-02T04:19:48.113228003Z,RUN /bin/sh -c pip install --no-cache-dir . &&     pip install --no-cache-dir jupyterlab # buildkit
ghcr.io/argonne-lcf/chemgraph,sha256:ab00cc396883412f2f7b7feb83ec188314880a4a88d8941ab0f255e9c9c42188,19,,2026-06-02T04:20:54.901131213Z,"RUN /bin/sh -c CFLAGS=""-O2 -fno-tree-vectorize""     FFLAGS=""-O2 -fno-tree-vectorize""     pip install --no-cache-dir --no-binary=tblite --force-reinstall ""tblite==0.4.0"" # buildkit"
ghcr.io/argonne-lcf/chemgraph,sha256:ab00cc396883412f2f7b7feb83ec188314880a4a88d8941ab0f255e9c9c42188,20,,2026-06-02T04:20:55.115652202Z,"RUN /bin/sh -c which nwchem && python -c ""from tblite.ase import TBLite"" # buildkit"
ghcr.io/argonne-lcf/chemgraph,sha256:ab00cc396883412f2f7b7feb83ec188314880a4a88d8941ab0f255e9c9c42188,21,,2026-06-02T04:20:55.167451039Z,RUN /bin/sh -c git config --system --add safe.directory /app # buildkit
ghcr.io/argonne-lcf/chemgraph,sha256:ab00cc396883412f2f7b7feb83ec188314880a4a88d8941ab0f255e9c9c42188,22,yes,2026-06-02T04:20:55.167451039Z,ENV PYTHONUNBUFFERED=1 PIP_NO_CACHE_DIR=1
ghcr.io/argonne-lcf/chemgraph,sha256:ab00cc396883412f2f7b7feb83ec188314880a4a88d8941ab0f255e9c9c42188,23,yes,2026-06-02T04:20:55.167451039Z,EXPOSE [8501/tcp 8888/tcp 9003/tcp]
ghcr.io/argonne-lcf/chemgraph,sha256:ab00cc396883412f2f7b7feb83ec188314880a4a88d8941ab0f255e9c9c42188,24,yes,2026-06-02T04:20:55.167451039Z,"CMD [""jupyter"" ""lab"" ""--ip=0.0.0.0"" ""--port=8888"" ""--no-browser"" ""--allow-root"" ""--LabApp.token=""]"
ghcr.io/argonne-lcf/chemgraph,sha256:9ad4e92de354265ad1a435bccd5b8e5a86bd5b3586d7226991e8a723509ba81e,0,,2026-04-21T00:00:00Z,# debian.sh --arch 'amd64' out/ 'trixie' '@1776729600'
ghcr.io/argonne-lcf/chemgraph,sha256:9ad4e92de354265ad1a435bccd5b8e5a86bd5b3586d7226991e8a723509ba81e,1,yes,2026-04-29T12:53:41.663661468Z,"LABEL maintainer=Anaconda, Inc"
ghcr.io/argonne-lcf/chemgraph,sha256:9ad4e92de354265ad1a435bccd5b8e5a86bd5b3586d7226991e8a723509ba81e,2,yes,2026-04-29T12:53:41.663661468Z,ENV LANG=C.UTF-8 LC_ALL=C.UTF-8
ghcr.io/argonne-lcf/chemgraph,sha256:9ad4e92de354265ad1a435bccd5b8e5a86bd5b3586d7226991e8a723509ba81e,3,,2026-04-29T12:53:41.663661468Z,RUN /bin/sh -c apt-get update -q &&     apt-get install -q -y --no-install-recommends         bzip2         ca-certificates         git         libglib2.0-0         libsm6         libxext6         libxrender1         mercurial         openssh-client         procps         subversion         wget     && apt-get clean     && rm -rf /var/lib/apt/lists/* # buildkit
ghcr.io/argonne-lcf/chemgraph,sha256:9ad4e92de354265ad1a435bccd5b8e5a86bd5b3586d7226991e8a723509ba81e,4,yes,2026-04-29T12:53:41.663661468Z,ENV PATH=/opt/conda/bin:/usr/local/sbin:/usr/local/bin:/usr/sbin:/usr/bin:/sbin:/bin
ghcr.io/argonne-lcf/chemgraph,sha256:9ad4e92de354265ad1a435bccd5b8e5a86bd5b3586d7226991e8a723509ba81e,5,yes,2026-04-29T12:53:41.663661468Z,"ARG DEPRECATION_MESSAGE=::warning::This image is deprecated.\n\nUpdates to this image will be discontinued after version \`26.7.x\`. The latest Miniconda Docker images are available as \`anaconda/miniconda\`. For more information, visit: https://hub.docker.com/r/anaconda/miniconda\n"
ghcr.io/argonne-lcf/chemgraph,sha256:9ad4e92de354265ad1a435bccd5b8e5a86bd5b3586d7226991e8a723509ba81e,6,,2026-04-29T12:53:41.741146593Z,"RUN |1 DEPRECATION_MESSAGE=::warning::This image is deprecated.\n\nUpdates to this image will be discontinued after version \`26.7.x\`. The latest Miniconda Docker images are available as \`anaconda/miniconda\`. For more information, visit: https://hub.docker.com/r/anaconda/miniconda\n /bin/sh -c printf '#!/bin/bash\nprintf ""'%s'"" >&2\nexec ""$@""\n' ""${DEPRECATION_MESSAGE}""     > /usr/local/bin/docker-entrypoint.sh &&     chmod +x /usr/local/bin/docker-entrypoint.sh # buildkit"
ghcr.io/argonne-lcf/chemgraph,sha256:9ad4e92de354265ad1a435bccd5b8e5a86bd5b3586d7226991e8a723509ba81e,7,yes,2026-04-29T12:53:41.741146593Z,"ENTRYPOINT [""/usr/local/bin/docker-entrypoint.sh""]"
ghcr.io/argonne-lcf/chemgraph,sha256:9ad4e92de354265ad1a435bccd5b8e5a86bd5b3586d7226991e8a723509ba81e,8,yes,2026-04-29T12:53:41.741146593Z,"CMD [""/bin/bash""]"
ghcr.io/argonne-lcf/chemgraph,sha256:9ad4e92de354265ad1a435bccd5b8e5a86bd5b3586d7226991e8a723509ba81e,9,yes,2026-04-29T12:53:41.741146593Z,ARG INSTALLER_URL_LINUX64=https://repo.anaconda.com/miniconda/Miniconda3-py313_26.3.2-2-Linux-x86_64.sh
ghcr.io/argonne-lcf/chemgraph,sha256:9ad4e92de354265ad1a435bccd5b8e5a86bd5b3586d7226991e8a723509ba81e,10,yes,2026-04-29T12:53:41.741146593Z,ARG SHA256SUM_LINUX64=2284bafb7863a23411b19874d216e237964d4b32dd9beb6807fa8b2d84570961
ghcr.io/argonne-lcf/chemgraph,sha256:9ad4e92de354265ad1a435bccd5b8e5a86bd5b3586d7226991e8a723509ba81e,11,yes,2026-04-29T12:53:41.741146593Z,ARG INSTALLER_URL_AARCH64=https://repo.anaconda.com/miniconda/Miniconda3-py313_26.3.2-2-Linux-aarch64.sh
ghcr.io/argonne-lcf/chemgraph,sha256:9ad4e92de354265ad1a435bccd5b8e5a86bd5b3586d7226991e8a723509ba81e,12,yes,2026-04-29T12:53:41.741146593Z,ARG SHA256SUM_AARCH64=81a5e828724478a7a036027a74356ceff0206147d3b1243c8ba32e0cfa187967
ghcr.io/argonne-lcf/chemgraph,sha256:9ad4e92de354265ad1a435bccd5b8e5a86bd5b3586d7226991e8a723509ba81e,13,,2026-04-29T12:53:57.709907734Z,"RUN |5 DEPRECATION_MESSAGE=::warning::This image is deprecated.\n\nUpdates to this image will be discontinued after version \`26.7.x\`. The latest Miniconda Docker images are available as \`anaconda/miniconda\`. For more information, visit: https://hub.docker.com/r/anaconda/miniconda\n INSTALLER_URL_LINUX64=https://repo.anaconda.com/miniconda/Miniconda3-py313_26.3.2-2-Linux-x86_64.sh SHA256SUM_LINUX64=2284bafb7863a23411b19874d216e237964d4b32dd9beb6807fa8b2d84570961 INSTALLER_URL_AARCH64=https://repo.anaconda.com/miniconda/Miniconda3-py313_26.3.2-2-Linux-aarch64.sh SHA256SUM_AARCH64=81a5e828724"
ghcr.io/argonne-lcf/chemgraph,sha256:9ad4e92de354265ad1a435bccd5b8e5a86bd5b3586d7226991e8a723509ba81e,14,,2026-07-01T20:08:00.97884795Z,WORKDIR /app
ghcr.io/argonne-lcf/chemgraph,sha256:9ad4e92de354265ad1a435bccd5b8e5a86bd5b3586d7226991e8a723509ba81e,15,,2026-07-01T20:08:01.053993133Z,COPY . /app # buildkit
ghcr.io/argonne-lcf/chemgraph,sha256:9ad4e92de354265ad1a435bccd5b8e5a86bd5b3586d7226991e8a723509ba81e,16,,2026-07-01T20:08:16.832553157Z,RUN /bin/sh -c apt-get update && apt-get install -y --no-install-recommends     build-essential     gfortran     git     cmake     pkg-config     curl     liblapack-dev     libblas-dev     libx11-xcb1 libxcomposite1 libxcursor1 libxdamage1 libxext6 libxfixes3 libxi6     libxrandr2 libxrender1 libxss1 libxtst6 libnss3 libatk1.0-0 libatk-bridge2.0-0     libcups2 libdrm2 libgbm1 libasound2     && rm -rf /var/lib/apt/lists/* # buildkit
ghcr.io/argonne-lcf/chemgraph,sha256:9ad4e92de354265ad1a435bccd5b8e5a86bd5b3586d7226991e8a723509ba81e,17,,2026-07-01T20:09:30.975513236Z,RUN /bin/sh -c conda install -y -c conda-forge     python=3.11     rdkit     nwchem     && conda clean -afy # buildkit
ghcr.io/argonne-lcf/chemgraph,sha256:9ad4e92de354265ad1a435bccd5b8e5a86bd5b3586d7226991e8a723509ba81e,18,,2026-07-01T20:11:09.935103278Z,RUN /bin/sh -c pip install --no-cache-dir . &&     pip install --no-cache-dir jupyterlab # buildkit
ghcr.io/argonne-lcf/chemgraph,sha256:9ad4e92de354265ad1a435bccd5b8e5a86bd5b3586d7226991e8a723509ba81e,19,,2026-07-01T20:12:11.20949758Z,"RUN /bin/sh -c CFLAGS=""-O2 -fno-tree-vectorize""     FFLAGS=""-O2 -fno-tree-vectorize""     pip install --no-cache-dir --no-binary=tblite --force-reinstall ""tblite==0.4.0"" # buildkit"
ghcr.io/argonne-lcf/chemgraph,sha256:9ad4e92de354265ad1a435bccd5b8e5a86bd5b3586d7226991e8a723509ba81e,20,,2026-07-01T20:12:11.428161953Z,"RUN /bin/sh -c which nwchem && python -c ""from tblite.ase import TBLite"" # buildkit"
ghcr.io/argonne-lcf/chemgraph,sha256:9ad4e92de354265ad1a435bccd5b8e5a86bd5b3586d7226991e8a723509ba81e,21,,2026-07-01T20:12:11.482394348Z,RUN /bin/sh -c git config --system --add safe.directory /app # buildkit
ghcr.io/argonne-lcf/chemgraph,sha256:9ad4e92de354265ad1a435bccd5b8e5a86bd5b3586d7226991e8a723509ba81e,22,yes,2026-07-01T20:12:11.482394348Z,ENV PYTHONUNBUFFERED=1 PIP_NO_CACHE_DIR=1
ghcr.io/argonne-lcf/chemgraph,sha256:9ad4e92de354265ad1a435bccd5b8e5a86bd5b3586d7226991e8a723509ba81e,23,yes,2026-07-01T20:12:11.482394348Z,EXPOSE [8501/tcp 8888/tcp 9003/tcp]
ghcr.io/argonne-lcf/chemgraph,sha256:9ad4e92de354265ad1a435bccd5b8e5a86bd5b3586d7226991e8a723509ba81e,24,yes,2026-07-01T20:12:11.482394348Z,"CMD [""jupyter"" ""lab"" ""--ip=0.0.0.0"" ""--port=8888"" ""--no-browser"" ""--allow-root"" ""--LabApp.token=""]"
ghcr.io/sooperset/mcp-atlassian,sha256:67dcb881be27609c10b8efb3ac6d9766e42260cbde3eb3a14e317de4b8582be2,0,,2026-06-16T00:01:29.967161902Z,ADD alpine-minirootfs-3.24.1-x86_64.tar.gz / # buildkit
ghcr.io/sooperset/mcp-atlassian,sha256:67dcb881be27609c10b8efb3ac6d9766e42260cbde3eb3a14e317de4b8582be2,1,yes,2026-06-16T00:01:29.967161902Z,"CMD [""/bin/sh""]"
ghcr.io/sooperset/mcp-atlassian,sha256:67dcb881be27609c10b8efb3ac6d9766e42260cbde3eb3a14e317de4b8582be2,2,yes,2026-06-16T00:20:06.714793134Z,ENV PATH=/usr/local/bin:/usr/local/sbin:/usr/local/bin:/usr/sbin:/usr/bin:/sbin:/bin
ghcr.io/sooperset/mcp-atlassian,sha256:67dcb881be27609c10b8efb3ac6d9766e42260cbde3eb3a14e317de4b8582be2,3,,2026-06-16T00:20:06.714793134Z,RUN /bin/sh -c set -eux; 	apk add --no-cache 		ca-certificates 		tzdata 	; # buildkit
ghcr.io/sooperset/mcp-atlassian,sha256:67dcb881be27609c10b8efb3ac6d9766e42260cbde3eb3a14e317de4b8582be2,4,yes,2026-06-16T00:20:06.714793134Z,ENV GPG_KEY=7169605F62C751356D054A26A821E680E5FA6305
ghcr.io/sooperset/mcp-atlassian,sha256:67dcb881be27609c10b8efb3ac6d9766e42260cbde3eb3a14e317de4b8582be2,5,yes,2026-06-16T00:20:06.714793134Z,ENV PYTHON_VERSION=3.13.14
ghcr.io/sooperset/mcp-atlassian,sha256:67dcb881be27609c10b8efb3ac6d9766e42260cbde3eb3a14e317de4b8582be2,6,yes,2026-06-16T00:20:06.714793134Z,ENV PYTHON_SHA256=639e43243c620a308f968213df9e00f2f8f62332f7adbaa7a7eeb9783057c690
ghcr.io/sooperset/mcp-atlassian,sha256:67dcb881be27609c10b8efb3ac6d9766e42260cbde3eb3a14e317de4b8582be2,7,,2026-06-16T00:25:55.598748044Z,"RUN /bin/sh -c set -eux; 		apk add --no-cache --virtual .build-deps 		bluez-dev 		bzip2-dev 		dpkg-dev dpkg 		findutils 		gcc 		gdbm-dev 		gnupg 		libc-dev 		libffi-dev 		libnsl-dev 		libtirpc-dev 		linux-headers 		make 		ncurses-dev 		openssl-dev 		pax-utils 		readline-dev 		sqlite-dev 		tar 		tcl-dev 		tk 		tk-dev 		util-linux-dev 		xz 		xz-dev 		zlib-dev 	; 		wget -O python.tar.xz ""https://www.python.org/ftp/python/${PYTHON_VERSION%%[a-z]*}/Python-$PYTHON_VERSION.tar.xz""; 	echo ""$PYTHON_SHA256 *python.tar.xz"" | sha256sum -c -; 	wget -O python.tar.xz.asc ""https://www.python.org/ftp/python/${"
ghcr.io/sooperset/mcp-atlassian,sha256:67dcb881be27609c10b8efb3ac6d9766e42260cbde3eb3a14e317de4b8582be2,8,,2026-06-16T00:25:55.706932917Z,"RUN /bin/sh -c set -eux; 	for src in idle3 pip3 pydoc3 python3 python3-config; do 		dst=""$(echo ""$src"" | tr -d 3)""; 		[ -s ""/usr/local/bin/$src"" ]; 		[ ! -e ""/usr/local/bin/$dst"" ]; 		ln -svT ""$src"" ""/usr/local/bin/$dst""; 	done # buildkit"
ghcr.io/sooperset/mcp-atlassian,sha256:67dcb881be27609c10b8efb3ac6d9766e42260cbde3eb3a14e317de4b8582be2,9,yes,2026-06-16T00:25:55.706932917Z,"CMD [""python3""]"
ghcr.io/sooperset/mcp-atlassian,sha256:67dcb881be27609c10b8efb3ac6d9766e42260cbde3eb3a14e317de4b8582be2,10,,2026-07-10T13:40:21.034519482Z,RUN /bin/sh -c adduser -D -h /home/app -s /bin/sh app # buildkit
ghcr.io/sooperset/mcp-atlassian,sha256:67dcb881be27609c10b8efb3ac6d9766e42260cbde3eb3a14e317de4b8582be2,11,,2026-07-10T13:40:21.061902717Z,WORKDIR /app
ghcr.io/sooperset/mcp-atlassian,sha256:67dcb881be27609c10b8efb3ac6d9766e42260cbde3eb3a14e317de4b8582be2,12,yes,2026-07-10T13:40:36.386709676Z,USER app
ghcr.io/sooperset/mcp-atlassian,sha256:67dcb881be27609c10b8efb3ac6d9766e42260cbde3eb3a14e317de4b8582be2,13,,2026-07-10T13:40:36.386709676Z,COPY --chown=app:app /app/.venv /app/.venv # buildkit
ghcr.io/sooperset/mcp-atlassian,sha256:67dcb881be27609c10b8efb3ac6d9766e42260cbde3eb3a14e317de4b8582be2,14,yes,2026-07-10T13:40:36.386709676Z,ENV PATH=/app/.venv/bin:/usr/local/bin:/usr/local/sbin:/usr/local/bin:/usr/sbin:/usr/bin:/sbin:/bin
ghcr.io/sooperset/mcp-atlassian,sha256:67dcb881be27609c10b8efb3ac6d9766e42260cbde3eb3a14e317de4b8582be2,15,yes,2026-07-10T13:40:36.386709676Z,ENV PYTHONUNBUFFERED=1
ghcr.io/sooperset/mcp-atlassian,sha256:67dcb881be27609c10b8efb3ac6d9766e42260cbde3eb3a14e317de4b8582be2,16,yes,2026-07-10T13:40:36.386709676Z,"ENTRYPOINT [""mcp-atlassian""]"
public.ecr.aws/mcp-proxy-for-aws/mcp-proxy-for-aws,sha256:41b04979bd68c0b79c9a132824ffd60d1c644eb110afade7740175eb2eb10a6c,0,,2026-06-04T19:13:09.586978114Z,ADD al2023-container-raw-2023.12.20260608.0-amd64.tar.xz / # buildkit
public.ecr.aws/mcp-proxy-for-aws/mcp-proxy-for-aws,sha256:41b04979bd68c0b79c9a132824ffd60d1c644eb110afade7740175eb2eb10a6c,1,yes,2026-06-04T19:13:09.586978114Z,"CMD [""/bin/bash""]"
public.ecr.aws/mcp-proxy-for-aws/mcp-proxy-for-aws,sha256:41b04979bd68c0b79c9a132824ffd60d1c644eb110afade7740175eb2eb10a6c,2,yes,2026-06-12T14:31:40.24643972Z,ENV PYTHONUNBUFFERED=1 PIP_NO_CACHE_DIR=1 PIP_DISABLE_PIP_VERSION_CHECK=1
public.ecr.aws/mcp-proxy-for-aws/mcp-proxy-for-aws,sha256:41b04979bd68c0b79c9a132824ffd60d1c644eb110afade7740175eb2eb10a6c,3,,2026-06-12T14:31:40.24643972Z,RUN /bin/sh -c yum update -y &&     yum install -y         python3.13         python3.13-pip         ca-certificates         shadow-utils         lsof &&     yum clean all &&     update-ca-trust &&     groupadd -r app &&     useradd -r -g app -d /app app # buildkit
public.ecr.aws/mcp-proxy-for-aws/mcp-proxy-for-aws,sha256:41b04979bd68c0b79c9a132824ffd60d1c644eb110afade7740175eb2eb10a6c,4,,2026-06-12T14:31:52.81405349Z,RUN /bin/sh -c python3.13 -m pip install mcp-proxy-for-aws # buildkit
public.ecr.aws/mcp-proxy-for-aws/mcp-proxy-for-aws,sha256:41b04979bd68c0b79c9a132824ffd60d1c644eb110afade7740175eb2eb10a6c,5,,2026-06-12T14:31:52.906460001Z,COPY ./docker-healthcheck.sh /usr/local/bin/docker-healthcheck.sh # buildkit
public.ecr.aws/mcp-proxy-for-aws/mcp-proxy-for-aws,sha256:41b04979bd68c0b79c9a132824ffd60d1c644eb110afade7740175eb2eb10a6c,6,yes,2026-06-12T14:31:52.906460001Z,USER app
public.ecr.aws/mcp-proxy-for-aws/mcp-proxy-for-aws,sha256:41b04979bd68c0b79c9a132824ffd60d1c644eb110afade7740175eb2eb10a6c,7,yes,2026-06-12T14:31:52.906460001Z,HEALTHCHECK {Test:[CMD docker-healthcheck.sh] Interval:1m0s Timeout:10s StartPeriod:10s StartInterval:0s Retries:3}
public.ecr.aws/mcp-proxy-for-aws/mcp-proxy-for-aws,sha256:41b04979bd68c0b79c9a132824ffd60d1c644eb110afade7740175eb2eb10a6c,8,yes,2026-06-12T14:31:52.906460001Z,"ENTRYPOINT [""mcp-proxy-for-aws""]"
public.ecr.aws/mcp-proxy-for-aws/mcp-proxy-for-aws,sha256:e5eb77e54ca0a10f758022a53541a3c097bbaf39699938e616236e539b0a975c,0,,2026-06-11T23:12:43.543192145Z,ADD al2023-container-raw-2023.12.20260611.0-amd64.tar.xz / # buildkit
public.ecr.aws/mcp-proxy-for-aws/mcp-proxy-for-aws,sha256:e5eb77e54ca0a10f758022a53541a3c097bbaf39699938e616236e539b0a975c,1,yes,2026-06-11T23:12:43.543192145Z,"CMD [""/bin/bash""]"
public.ecr.aws/mcp-proxy-for-aws/mcp-proxy-for-aws,sha256:e5eb77e54ca0a10f758022a53541a3c097bbaf39699938e616236e539b0a975c,2,yes,2026-06-19T12:37:03.735097257Z,ENV PYTHONUNBUFFERED=1 PIP_NO_CACHE_DIR=1 PIP_DISABLE_PIP_VERSION_CHECK=1
public.ecr.aws/mcp-proxy-for-aws/mcp-proxy-for-aws,sha256:e5eb77e54ca0a10f758022a53541a3c097bbaf39699938e616236e539b0a975c,3,,2026-06-19T12:37:03.735097257Z,RUN /bin/sh -c yum update -y &&     yum install -y         python3.13         python3.13-pip         ca-certificates         shadow-utils         lsof &&     yum clean all &&     update-ca-trust &&     groupadd -r app &&     useradd -r -g app -d /app app # buildkit
public.ecr.aws/mcp-proxy-for-aws/mcp-proxy-for-aws,sha256:e5eb77e54ca0a10f758022a53541a3c097bbaf39699938e616236e539b0a975c,4,,2026-06-19T12:37:16.298224575Z,RUN /bin/sh -c python3.13 -m pip install mcp-proxy-for-aws # buildkit
public.ecr.aws/mcp-proxy-for-aws/mcp-proxy-for-aws,sha256:e5eb77e54ca0a10f758022a53541a3c097bbaf39699938e616236e539b0a975c,5,,2026-06-19T12:37:16.392279126Z,COPY ./docker-healthcheck.sh /usr/local/bin/docker-healthcheck.sh # buildkit
public.ecr.aws/mcp-proxy-for-aws/mcp-proxy-for-aws,sha256:e5eb77e54ca0a10f758022a53541a3c097bbaf39699938e616236e539b0a975c,6,yes,2026-06-19T12:37:16.392279126Z,USER app
public.ecr.aws/mcp-proxy-for-aws/mcp-proxy-for-aws,sha256:e5eb77e54ca0a10f758022a53541a3c097bbaf39699938e616236e539b0a975c,7,yes,2026-06-19T12:37:16.392279126Z,HEALTHCHECK {Test:[CMD docker-healthcheck.sh] Interval:1m0s Timeout:10s StartPeriod:10s StartInterval:0s Retries:3}
public.ecr.aws/mcp-proxy-for-aws/mcp-proxy-for-aws,sha256:e5eb77e54ca0a10f758022a53541a3c097bbaf39699938e616236e539b0a975c,8,yes,2026-06-19T12:37:16.392279126Z,"ENTRYPOINT [""mcp-proxy-for-aws""]"
ghcr.io/dhyansraj/mcp-mesh/python-runtime,sha256:3cc3058d9098910572afd9f7b1f711788fa52d55810ff675872965a5d1a78224,0,,2026-06-10T00:00:00Z,# debian.sh --arch 'amd64' out/ 'trixie' '@1781049600'
ghcr.io/dhyansraj/mcp-mesh/python-runtime,sha256:3cc3058d9098910572afd9f7b1f711788fa52d55810ff675872965a5d1a78224,1,yes,2026-06-11T01:03:07.562273915Z,ENV PATH=/usr/local/bin:/usr/local/sbin:/usr/local/bin:/usr/sbin:/usr/bin:/sbin:/bin
ghcr.io/dhyansraj/mcp-mesh/python-runtime,sha256:3cc3058d9098910572afd9f7b1f711788fa52d55810ff675872965a5d1a78224,2,yes,2026-06-11T01:03:07.562273915Z,ENV LANG=C.UTF-8
ghcr.io/dhyansraj/mcp-mesh/python-runtime,sha256:3cc3058d9098910572afd9f7b1f711788fa52d55810ff675872965a5d1a78224,3,,2026-06-11T01:03:07.562273915Z,RUN /bin/sh -c set -eux; 	apt-get update; 	apt-get install -y --no-install-recommends 		ca-certificates 		netbase 		tzdata 	; 	apt-get dist-clean # buildkit
ghcr.io/dhyansraj/mcp-mesh/python-runtime,sha256:3cc3058d9098910572afd9f7b1f711788fa52d55810ff675872965a5d1a78224,4,yes,2026-06-11T01:03:07.562273915Z,ENV GPG_KEY=A035C8C19219BA821ECEA86B64E628F8D684696D
ghcr.io/dhyansraj/mcp-mesh/python-runtime,sha256:3cc3058d9098910572afd9f7b1f711788fa52d55810ff675872965a5d1a78224,5,yes,2026-06-11T01:03:07.562273915Z,ENV PYTHON_VERSION=3.11.15
ghcr.io/dhyansraj/mcp-mesh/python-runtime,sha256:3cc3058d9098910572afd9f7b1f711788fa52d55810ff675872965a5d1a78224,6,yes,2026-06-11T01:03:07.562273915Z,ENV PYTHON_SHA256=272179ddd9a2e41a0fc8e42e33dfbdca0b3711aa5abf372d3f2d51543d09b625
ghcr.io/dhyansraj/mcp-mesh/python-runtime,sha256:3cc3058d9098910572afd9f7b1f711788fa52d55810ff675872965a5d1a78224,7,,2026-06-11T01:11:18.929244622Z,"RUN /bin/sh -c set -eux; 		savedAptMark=""$(apt-mark showmanual)""; 	apt-get update; 	apt-get install -y --no-install-recommends 		dpkg-dev 		gcc 		gnupg 		libbluetooth-dev 		libbz2-dev 		libc6-dev 		libdb-dev 		libffi-dev 		libgdbm-dev 		liblzma-dev 		libncursesw5-dev 		libreadline-dev 		libsqlite3-dev 		libssl-dev 		make 		tk-dev 		uuid-dev 		wget 		xz-utils 		zlib1g-dev 	; 		wget -O python.tar.xz ""https://www.python.org/ftp/python/${PYTHON_VERSION%%[a-z]*}/Python-$PYTHON_VERSION.tar.xz""; 	echo ""$PYTHON_SHA256 *python.tar.xz"" | sha256sum -c -; 	wget -O python.tar.xz.asc ""https://www.python.org"
ghcr.io/dhyansraj/mcp-mesh/python-runtime,sha256:3cc3058d9098910572afd9f7b1f711788fa52d55810ff675872965a5d1a78224,8,,2026-06-11T01:11:19.033347019Z,"RUN /bin/sh -c set -eux; 	for src in idle3 pip3 pydoc3 python3 python3-config; do 		dst=""$(echo ""$src"" | tr -d 3)""; 		[ -s ""/usr/local/bin/$src"" ]; 		[ ! -e ""/usr/local/bin/$dst"" ]; 		ln -svT ""$src"" ""/usr/local/bin/$dst""; 	done # buildkit"
ghcr.io/dhyansraj/mcp-mesh/python-runtime,sha256:3cc3058d9098910572afd9f7b1f711788fa52d55810ff675872965a5d1a78224,9,yes,2026-06-11T01:11:19.033347019Z,"CMD [""python3""]"
ghcr.io/dhyansraj/mcp-mesh/python-runtime,sha256:3cc3058d9098910572afd9f7b1f711788fa52d55810ff675872965a5d1a78224,10,yes,2026-06-13T13:30:45.622891848Z,ARG VERSION=2.5.0
ghcr.io/dhyansraj/mcp-mesh/python-runtime,sha256:3cc3058d9098910572afd9f7b1f711788fa52d55810ff675872965a5d1a78224,11,,2026-06-13T13:30:45.622891848Z,RUN |1 VERSION=2.5.0 /bin/sh -c apt-get update && apt-get install -y     curl     wget     && rm -rf /var/lib/apt/lists/*     && groupadd -r -g 999 mcp-mesh     && useradd -r -u 999 -g mcp-mesh mcp-mesh # buildkit
ghcr.io/dhyansraj/mcp-mesh/python-runtime,sha256:3cc3058d9098910572afd9f7b1f711788fa52d55810ff675872965a5d1a78224,12,,2026-06-13T13:31:15.492382057Z,"RUN |1 VERSION=2.5.0 /bin/sh -c if [ -z ""$VERSION"" ]; then echo ""VERSION build arg is required"" && exit 1; fi &&     echo ""Installing mcp-mesh==${VERSION} from PyPI"" &&     pip install --no-cache-dir mcp-mesh==${VERSION} # buildkit"
ghcr.io/dhyansraj/mcp-mesh/python-runtime,sha256:3cc3058d9098910572afd9f7b1f711788fa52d55810ff675872965a5d1a78224,13,,2026-06-13T13:31:15.730429107Z,RUN |1 VERSION=2.5.0 /bin/sh -c mkdir -p /app && chown mcp-mesh:mcp-mesh /app # buildkit
ghcr.io/dhyansraj/mcp-mesh/python-runtime,sha256:3cc3058d9098910572afd9f7b1f711788fa52d55810ff675872965a5d1a78224,14,yes,2026-06-13T13:31:15.730429107Z,USER mcp-mesh
ghcr.io/dhyansraj/mcp-mesh/python-runtime,sha256:3cc3058d9098910572afd9f7b1f711788fa52d55810ff675872965a5d1a78224,15,,2026-06-13T13:31:15.739618457Z,WORKDIR /app
ghcr.io/dhyansraj/mcp-mesh/python-runtime,sha256:3cc3058d9098910572afd9f7b1f711788fa52d55810ff675872965a5d1a78224,16,yes,2026-06-13T13:31:15.739618457Z,"HEALTHCHECK {Test:[CMD-SHELL python -c ""import requests; requests.get('http://localhost:8080/health', timeout=2)"" || exit 1] Interval:30s Timeout:3s StartPeriod:10s StartInterval:0s Retries:3}"
ghcr.io/dhyansraj/mcp-mesh/python-runtime,sha256:3cc3058d9098910572afd9f7b1f711788fa52d55810ff675872965a5d1a78224,17,yes,2026-06-13T13:31:15.739618457Z,EXPOSE [8080/tcp]
ghcr.io/dhyansraj/mcp-mesh/python-runtime,sha256:3cc3058d9098910572afd9f7b1f711788fa52d55810ff675872965a5d1a78224,18,yes,2026-06-13T13:31:15.739618457Z,"ENTRYPOINT [""python""]"
ghcr.io/dhyansraj/mcp-mesh/python-runtime,sha256:08c103f0d2c93496c368040bce1504fb7ae5660114abd04d499b957f7134fa4a,0,,2026-06-23T00:00:00Z,# debian.sh --arch 'amd64' out/ 'trixie' '@1782172800'
ghcr.io/dhyansraj/mcp-mesh/python-runtime,sha256:08c103f0d2c93496c368040bce1504fb7ae5660114abd04d499b957f7134fa4a,1,yes,2026-06-24T02:02:09.882874231Z,ENV PATH=/usr/local/bin:/usr/local/sbin:/usr/local/bin:/usr/sbin:/usr/bin:/sbin:/bin
ghcr.io/dhyansraj/mcp-mesh/python-runtime,sha256:08c103f0d2c93496c368040bce1504fb7ae5660114abd04d499b957f7134fa4a,2,yes,2026-06-24T02:02:09.882874231Z,ENV LANG=C.UTF-8
ghcr.io/dhyansraj/mcp-mesh/python-runtime,sha256:08c103f0d2c93496c368040bce1504fb7ae5660114abd04d499b957f7134fa4a,3,,2026-06-24T02:02:09.882874231Z,RUN /bin/sh -c set -eux; 	apt-get update; 	apt-get install -y --no-install-recommends 		ca-certificates 		netbase 		tzdata 	; 	apt-get dist-clean # buildkit
ghcr.io/dhyansraj/mcp-mesh/python-runtime,sha256:08c103f0d2c93496c368040bce1504fb7ae5660114abd04d499b957f7134fa4a,4,yes,2026-06-24T02:02:09.882874231Z,ENV GPG_KEY=A035C8C19219BA821ECEA86B64E628F8D684696D
ghcr.io/dhyansraj/mcp-mesh/python-runtime,sha256:08c103f0d2c93496c368040bce1504fb7ae5660114abd04d499b957f7134fa4a,5,yes,2026-06-24T02:02:09.882874231Z,ENV PYTHON_VERSION=3.11.15
ghcr.io/dhyansraj/mcp-mesh/python-runtime,sha256:08c103f0d2c93496c368040bce1504fb7ae5660114abd04d499b957f7134fa4a,6,yes,2026-06-24T02:02:09.882874231Z,ENV PYTHON_SHA256=272179ddd9a2e41a0fc8e42e33dfbdca0b3711aa5abf372d3f2d51543d09b625
ghcr.io/dhyansraj/mcp-mesh/python-runtime,sha256:08c103f0d2c93496c368040bce1504fb7ae5660114abd04d499b957f7134fa4a,7,,2026-06-24T02:10:29.678222653Z,"RUN /bin/sh -c set -eux; 		savedAptMark=""$(apt-mark showmanual)""; 	apt-get update; 	apt-get install -y --no-install-recommends 		dpkg-dev 		gcc 		gnupg 		libbluetooth-dev 		libbz2-dev 		libc6-dev 		libdb-dev 		libffi-dev 		libgdbm-dev 		liblzma-dev 		libncursesw5-dev 		libreadline-dev 		libsqlite3-dev 		libssl-dev 		make 		tk-dev 		uuid-dev 		wget 		xz-utils 		zlib1g-dev 	; 		wget -O python.tar.xz ""https://www.python.org/ftp/python/${PYTHON_VERSION%%[a-z]*}/Python-$PYTHON_VERSION.tar.xz""; 	echo ""$PYTHON_SHA256 *python.tar.xz"" | sha256sum -c -; 	wget -O python.tar.xz.asc ""https://www.python.org"
ghcr.io/dhyansraj/mcp-mesh/python-runtime,sha256:08c103f0d2c93496c368040bce1504fb7ae5660114abd04d499b957f7134fa4a,8,,2026-06-24T02:10:29.787537623Z,"RUN /bin/sh -c set -eux; 	for src in idle3 pip3 pydoc3 python3 python3-config; do 		dst=""$(echo ""$src"" | tr -d 3)""; 		[ -s ""/usr/local/bin/$src"" ]; 		[ ! -e ""/usr/local/bin/$dst"" ]; 		ln -svT ""$src"" ""/usr/local/bin/$dst""; 	done # buildkit"
ghcr.io/dhyansraj/mcp-mesh/python-runtime,sha256:08c103f0d2c93496c368040bce1504fb7ae5660114abd04d499b957f7134fa4a,9,yes,2026-06-24T02:10:29.787537623Z,"CMD [""python3""]"
ghcr.io/dhyansraj/mcp-mesh/python-runtime,sha256:08c103f0d2c93496c368040bce1504fb7ae5660114abd04d499b957f7134fa4a,10,yes,2026-06-29T03:18:16.739466027Z,ARG VERSION=2.6.0
ghcr.io/dhyansraj/mcp-mesh/python-runtime,sha256:08c103f0d2c93496c368040bce1504fb7ae5660114abd04d499b957f7134fa4a,11,,2026-06-29T03:18:16.739466027Z,RUN |1 VERSION=2.6.0 /bin/sh -c apt-get update && apt-get install -y     curl     wget     && rm -rf /var/lib/apt/lists/*     && groupadd -r -g 999 mcp-mesh     && useradd -r -u 999 -g mcp-mesh mcp-mesh # buildkit
ghcr.io/dhyansraj/mcp-mesh/python-runtime,sha256:08c103f0d2c93496c368040bce1504fb7ae5660114abd04d499b957f7134fa4a,12,,2026-06-29T03:18:48.371215433Z,"RUN |1 VERSION=2.6.0 /bin/sh -c if [ -z ""$VERSION"" ]; then echo ""VERSION build arg is required"" && exit 1; fi &&     echo ""Installing mcp-mesh==${VERSION} from PyPI"" &&     pip install --no-cache-dir mcp-mesh==${VERSION} # buildkit"
ghcr.io/dhyansraj/mcp-mesh/python-runtime,sha256:08c103f0d2c93496c368040bce1504fb7ae5660114abd04d499b957f7134fa4a,13,,2026-06-29T03:18:48.60393957Z,RUN |1 VERSION=2.6.0 /bin/sh -c mkdir -p /app && chown mcp-mesh:mcp-mesh /app # buildkit
ghcr.io/dhyansraj/mcp-mesh/python-runtime,sha256:08c103f0d2c93496c368040bce1504fb7ae5660114abd04d499b957f7134fa4a,14,yes,2026-06-29T03:18:48.60393957Z,USER mcp-mesh
ghcr.io/dhyansraj/mcp-mesh/python-runtime,sha256:08c103f0d2c93496c368040bce1504fb7ae5660114abd04d499b957f7134fa4a,15,,2026-06-29T03:18:48.618905403Z,WORKDIR /app
ghcr.io/dhyansraj/mcp-mesh/python-runtime,sha256:08c103f0d2c93496c368040bce1504fb7ae5660114abd04d499b957f7134fa4a,16,yes,2026-06-29T03:18:48.618905403Z,"HEALTHCHECK {Test:[CMD-SHELL python -c ""import requests; requests.get('http://localhost:8080/health', timeout=2)"" || exit 1] Interval:30s Timeout:3s StartPeriod:10s StartInterval:0s Retries:3}"
ghcr.io/dhyansraj/mcp-mesh/python-runtime,sha256:08c103f0d2c93496c368040bce1504fb7ae5660114abd04d499b957f7134fa4a,17,yes,2026-06-29T03:18:48.618905403Z,EXPOSE [8080/tcp]
ghcr.io/dhyansraj/mcp-mesh/python-runtime,sha256:08c103f0d2c93496c368040bce1504fb7ae5660114abd04d499b957f7134fa4a,18,yes,2026-06-29T03:18:48.618905403Z,"ENTRYPOINT [""python""]"
ghcr.io/oraios/serena,sha256:9afc8037d05506f6246c7f16570d6bf9d3567e700b332623b52fd00f72822dbe,0,,2026-05-18T00:00:00Z,# debian.sh --arch 'amd64' out/ 'trixie' '@1779062400'
ghcr.io/oraios/serena,sha256:9afc8037d05506f6246c7f16570d6bf9d3567e700b332623b52fd00f72822dbe,1,yes,2026-05-19T23:43:52.900305759Z,ENV PATH=/usr/local/bin:/usr/local/sbin:/usr/local/bin:/usr/sbin:/usr/bin:/sbin:/bin
ghcr.io/oraios/serena,sha256:9afc8037d05506f6246c7f16570d6bf9d3567e700b332623b52fd00f72822dbe,2,yes,2026-05-19T23:43:52.900305759Z,ENV LANG=C.UTF-8
ghcr.io/oraios/serena,sha256:9afc8037d05506f6246c7f16570d6bf9d3567e700b332623b52fd00f72822dbe,3,,2026-05-19T23:43:52.900305759Z,RUN /bin/sh -c set -eux; 	apt-get update; 	apt-get install -y --no-install-recommends 		ca-certificates 		netbase 		tzdata 	; 	apt-get dist-clean # buildkit
ghcr.io/oraios/serena,sha256:9afc8037d05506f6246c7f16570d6bf9d3567e700b332623b52fd00f72822dbe,4,yes,2026-05-19T23:43:52.900305759Z,ENV GPG_KEY=A035C8C19219BA821ECEA86B64E628F8D684696D
ghcr.io/oraios/serena,sha256:9afc8037d05506f6246c7f16570d6bf9d3567e700b332623b52fd00f72822dbe,5,yes,2026-05-19T23:43:52.900305759Z,ENV PYTHON_VERSION=3.11.15
ghcr.io/oraios/serena,sha256:9afc8037d05506f6246c7f16570d6bf9d3567e700b332623b52fd00f72822dbe,6,yes,2026-05-19T23:43:52.900305759Z,ENV PYTHON_SHA256=272179ddd9a2e41a0fc8e42e33dfbdca0b3711aa5abf372d3f2d51543d09b625
ghcr.io/oraios/serena,sha256:9afc8037d05506f6246c7f16570d6bf9d3567e700b332623b52fd00f72822dbe,7,,2026-05-19T23:52:06.637283537Z,"RUN /bin/sh -c set -eux; 		savedAptMark=""$(apt-mark showmanual)""; 	apt-get update; 	apt-get install -y --no-install-recommends 		dpkg-dev 		gcc 		gnupg 		libbluetooth-dev 		libbz2-dev 		libc6-dev 		libdb-dev 		libffi-dev 		libgdbm-dev 		liblzma-dev 		libncursesw5-dev 		libreadline-dev 		libsqlite3-dev 		libssl-dev 		make 		tk-dev 		uuid-dev 		wget 		xz-utils 		zlib1g-dev 	; 		wget -O python.tar.xz ""https://www.python.org/ftp/python/${PYTHON_VERSION%%[a-z]*}/Python-$PYTHON_VERSION.tar.xz""; 	echo ""$PYTHON_SHA256 *python.tar.xz"" | sha256sum -c -; 	wget -O python.tar.xz.asc ""https://www.python.org"
ghcr.io/oraios/serena,sha256:9afc8037d05506f6246c7f16570d6bf9d3567e700b332623b52fd00f72822dbe,8,,2026-05-19T23:52:06.753979707Z,"RUN /bin/sh -c set -eux; 	for src in idle3 pip3 pydoc3 python3 python3-config; do 		dst=""$(echo ""$src"" | tr -d 3)""; 		[ -s ""/usr/local/bin/$src"" ]; 		[ ! -e ""/usr/local/bin/$dst"" ]; 		ln -svT ""$src"" ""/usr/local/bin/$dst""; 	done # buildkit"
ghcr.io/oraios/serena,sha256:9afc8037d05506f6246c7f16570d6bf9d3567e700b332623b52fd00f72822dbe,9,yes,2026-05-19T23:52:06.753979707Z,"CMD [""python3""]"
ghcr.io/oraios/serena,sha256:9afc8037d05506f6246c7f16570d6bf9d3567e700b332623b52fd00f72822dbe,10,yes,2026-05-20T12:09:14.190917901Z,SHELL [/bin/bash -c]
ghcr.io/oraios/serena,sha256:9afc8037d05506f6246c7f16570d6bf9d3567e700b332623b52fd00f72822dbe,11,yes,2026-05-20T12:09:14.190917901Z,ENV PYTHONUNBUFFERED=1
ghcr.io/oraios/serena,sha256:9afc8037d05506f6246c7f16570d6bf9d3567e700b332623b52fd00f72822dbe,12,yes,2026-05-20T12:09:14.190917901Z,ENV PYTHONDONTWRITEBYTECODE=1
ghcr.io/oraios/serena,sha256:9afc8037d05506f6246c7f16570d6bf9d3567e700b332623b52fd00f72822dbe,13,,2026-05-20T12:09:14.190917901Z,RUN /bin/bash -c apt-get update && apt-get install -y --no-install-recommends     curl     build-essential     git     ssh     sudo     wget     zip     unzip     git     && rm -rf /var/lib/apt/lists/* # buildkit
ghcr.io/oraios/serena,sha256:9afc8037d05506f6246c7f16570d6bf9d3567e700b332623b52fd00f72822dbe,14,,2026-05-20T12:09:17.072257925Z,RUN /bin/bash -c python3 -m pip install --no-cache-dir pipx     && pipx ensurepath # buildkit
ghcr.io/oraios/serena,sha256:9afc8037d05506f6246c7f16570d6bf9d3567e700b332623b52fd00f72822dbe,15,yes,2026-05-20T12:09:17.072257925Z,ENV NVM_VERSION=0.40.3
ghcr.io/oraios/serena,sha256:9afc8037d05506f6246c7f16570d6bf9d3567e700b332623b52fd00f72822dbe,16,yes,2026-05-20T12:09:17.072257925Z,ENV NODE_VERSION=22.18.0
ghcr.io/oraios/serena,sha256:9afc8037d05506f6246c7f16570d6bf9d3567e700b332623b52fd00f72822dbe,17,,2026-05-20T12:09:22.20698843Z,RUN /bin/bash -c curl -o- https://raw.githubusercontent.com/nvm-sh/nvm/v${NVM_VERSION}/install.sh | bash # buildkit
ghcr.io/oraios/serena,sha256:9afc8037d05506f6246c7f16570d6bf9d3567e700b332623b52fd00f72822dbe,18,yes,2026-05-20T12:09:22.20698843Z,ENV NVM_DIR=/root/.nvm
ghcr.io/oraios/serena,sha256:9afc8037d05506f6246c7f16570d6bf9d3567e700b332623b52fd00f72822dbe,19,,2026-05-20T12:09:23.078421198Z,"RUN /bin/bash -c . ""$NVM_DIR/nvm.sh"" && nvm install ${NODE_VERSION} # buildkit"
ghcr.io/oraios/serena,sha256:9afc8037d05506f6246c7f16570d6bf9d3567e700b332623b52fd00f72822dbe,20,,2026-05-26T18:58:36.901349276Z,"RUN /bin/bash -c . ""$NVM_DIR/nvm.sh"" && nvm use v${NODE_VERSION} # buildkit"
ghcr.io/oraios/serena,sha256:9afc8037d05506f6246c7f16570d6bf9d3567e700b332623b52fd00f72822dbe,21,,2026-05-20T12:09:23.761349602Z,"RUN /bin/bash -c . ""$NVM_DIR/nvm.sh"" && nvm alias default v${NODE_VERSION} # buildkit"
ghcr.io/oraios/serena,sha256:9afc8037d05506f6246c7f16570d6bf9d3567e700b332623b52fd00f72822dbe,22,yes,2026-05-20T12:09:23.761349602Z,ENV PATH=/root/.nvm/versions/node/v22.18.0/bin/:/usr/local/bin:/usr/local/sbin:/usr/local/bin:/usr/sbin:/usr/bin:/sbin:/bin
ghcr.io/oraios/serena,sha256:9afc8037d05506f6246c7f16570d6bf9d3567e700b332623b52fd00f72822dbe,23,yes,2026-05-20T12:09:23.761349602Z,ENV PATH=/root/.nvm/versions/node/v22.18.0/bin/:/usr/local/bin:/usr/local/sbin:/usr/local/bin:/usr/sbin:/usr/bin:/sbin:/bin:/root/.local/bin
ghcr.io/oraios/serena,sha256:9afc8037d05506f6246c7f16570d6bf9d3567e700b332623b52fd00f72822dbe,24,,2026-05-20T12:09:24.973488649Z,RUN /bin/bash -c curl -LsSf https://astral.sh/uv/install.sh | sh # buildkit
ghcr.io/oraios/serena,sha256:9afc8037d05506f6246c7f16570d6bf9d3567e700b332623b52fd00f72822dbe,25,yes,2026-05-20T12:09:24.973488649Z,ENV RUSTUP_HOME=/usr/local/rustup
ghcr.io/oraios/serena,sha256:9afc8037d05506f6246c7f16570d6bf9d3567e700b332623b52fd00f72822dbe,26,yes,2026-05-20T12:09:24.973488649Z,ENV CARGO_HOME=/usr/local/cargo
ghcr.io/oraios/serena,sha256:9afc8037d05506f6246c7f16570d6bf9d3567e700b332623b52fd00f72822dbe,27,yes,2026-05-20T12:09:24.973488649Z,ENV PATH=/usr/local/cargo/bin:/root/.nvm/versions/node/v22.18.0/bin/:/usr/local/bin:/usr/local/sbin:/usr/local/bin:/usr/sbin:/usr/bin:/sbin:/bin:/root/.local/bin
ghcr.io/oraios/serena,sha256:9afc8037d05506f6246c7f16570d6bf9d3567e700b332623b52fd00f72822dbe,28,,2026-05-20T12:09:37.441109247Z,RUN /bin/bash -c curl --proto '=https' --tlsv1.2 -sSf https://sh.rustup.rs | sh -s -- -y     --default-toolchain stable     --profile minimal     && rustup component add rust-analyzer # buildkit
ghcr.io/oraios/serena,sha256:9afc8037d05506f6246c7f16570d6bf9d3567e700b332623b52fd00f72822dbe,29,,2026-05-20T12:09:37.450051137Z,WORKDIR /workspaces/serena
ghcr.io/oraios/serena,sha256:9afc8037d05506f6246c7f16570d6bf9d3567e700b332623b52fd00f72822dbe,30,,2026-05-26T19:05:13.113746403Z,COPY . /workspaces/serena/ # buildkit
ghcr.io/oraios/serena,sha256:9afc8037d05506f6246c7f16570d6bf9d3567e700b332623b52fd00f72822dbe,31,,2026-05-26T19:05:16.620715971Z,RUN /bin/bash -c apt-get update && apt-get install -y sed # buildkit
ghcr.io/oraios/serena,sha256:9afc8037d05506f6246c7f16570d6bf9d3567e700b332623b52fd00f72822dbe,32,yes,2026-05-26T19:05:16.620715971Z,ENV SERENA_HOME=/workspaces/serena/config
ghcr.io/oraios/serena,sha256:9afc8037d05506f6246c7f16570d6bf9d3567e700b332623b52fd00f72822dbe,33,,2026-05-26T19:05:16.703246787Z,RUN /bin/bash -c mkdir -p $SERENA_HOME # buildkit
ghcr.io/oraios/serena,sha256:9afc8037d05506f6246c7f16570d6bf9d3567e700b332623b52fd00f72822dbe,34,,2026-05-26T19:05:16.764807306Z,RUN /bin/bash -c cp src/serena/resources/serena_config.template.yml $SERENA_HOME/serena_config.yml # buildkit
ghcr.io/oraios/serena,sha256:9afc8037d05506f6246c7f16570d6bf9d3567e700b332623b52fd00f72822dbe,35,,2026-05-26T19:05:16.826252985Z,RUN /bin/bash -c sed -i 's/^gui_log_window: .*/gui_log_window: False/' $SERENA_HOME/serena_config.yml # buildkit
ghcr.io/oraios/serena,sha256:9afc8037d05506f6246c7f16570d6bf9d3567e700b332623b52fd00f72822dbe,36,,2026-05-26T19:05:16.891359934Z,RUN /bin/bash -c sed -i 's/^web_dashboard_listen_address: .*/web_dashboard_listen_address: 0.0.0.0/' $SERENA_HOME/serena_config.yml # buildkit
ghcr.io/oraios/serena,sha256:9afc8037d05506f6246c7f16570d6bf9d3567e700b332623b52fd00f72822dbe,37,,2026-05-26T19:05:16.953005712Z,RUN /bin/bash -c sed -i 's/^web_dashboard_open_on_launch: .*/web_dashboard_open_on_launch: False/' $SERENA_HOME/serena_config.yml # buildkit
ghcr.io/oraios/serena,sha256:9afc8037d05506f6246c7f16570d6bf9d3567e700b332623b52fd00f72822dbe,38,,2026-05-26T19:05:17.155854239Z,RUN /bin/bash -c uv venv # buildkit
ghcr.io/oraios/serena,sha256:9afc8037d05506f6246c7f16570d6bf9d3567e700b332623b52fd00f72822dbe,39,,2026-05-26T19:05:17.216657838Z,RUN /bin/bash -c . .venv/bin/activate # buildkit
ghcr.io/oraios/serena,sha256:9afc8037d05506f6246c7f16570d6bf9d3567e700b332623b52fd00f72822dbe,40,,2026-05-26T19:05:20.710240054Z,RUN /bin/bash -c uv pip install -r pyproject.toml -e . # buildkit
ghcr.io/oraios/serena,sha256:9afc8037d05506f6246c7f16570d6bf9d3567e700b332623b52fd00f72822dbe,41,yes,2026-05-26T19:05:20.710240054Z,ENV PATH=/workspaces/serena/.venv/bin:/usr/local/cargo/bin:/root/.nvm/versions/node/v22.18.0/bin/:/usr/local/bin:/usr/local/sbin:/usr/local/bin:/usr/sbin:/usr/bin:/sbin:/bin:/root/.local/bin
ghcr.io/oraios/serena,sha256:9afc8037d05506f6246c7f16570d6bf9d3567e700b332623b52fd00f72822dbe,42,yes,2026-05-26T19:05:20.710240054Z,"ENTRYPOINT [""/bin/bash"" ""-c"" ""source .venv/bin/activate && $0 $@""]"
ghcr.io/the-openroad-project/openroad-mcp,sha256:5d05e8d9043bdcf79a5d1178ff1a48b5979554e8f795e92d8195a9a8233a265e,0,yes,2026-02-10T17:40:06.784916222Z,/bin/sh -c #(nop)  ARG RELEASE
ghcr.io/the-openroad-project/openroad-mcp,sha256:5d05e8d9043bdcf79a5d1178ff1a48b5979554e8f795e92d8195a9a8233a265e,1,yes,2026-02-10T17:40:06.833163186Z,/bin/sh -c #(nop)  ARG LAUNCHPAD_BUILD_ARCH
ghcr.io/the-openroad-project/openroad-mcp,sha256:5d05e8d9043bdcf79a5d1178ff1a48b5979554e8f795e92d8195a9a8233a265e,2,yes,2026-02-10T17:40:06.875605404Z,/bin/sh -c #(nop)  LABEL org.opencontainers.image.ref.name=ubuntu
ghcr.io/the-openroad-project/openroad-mcp,sha256:5d05e8d9043bdcf79a5d1178ff1a48b5979554e8f795e92d8195a9a8233a265e,3,yes,2026-02-10T17:40:06.903799821Z,/bin/sh -c #(nop)  LABEL org.opencontainers.image.version=22.04
ghcr.io/the-openroad-project/openroad-mcp,sha256:5d05e8d9043bdcf79a5d1178ff1a48b5979554e8f795e92d8195a9a8233a265e,4,,2026-02-10T17:40:09.053421328Z,/bin/sh -c #(nop) ADD file:52c0e467fa2e92f101018df01a0ff56580c752b7553fbe6df88e16b02af6d4ee in / 
ghcr.io/the-openroad-project/openroad-mcp,sha256:5d05e8d9043bdcf79a5d1178ff1a48b5979554e8f795e92d8195a9a8233a265e,5,yes,2026-02-10T17:40:09.53215364Z,"/bin/sh -c #(nop)  CMD [""/bin/bash""]"
ghcr.io/the-openroad-project/openroad-mcp,sha256:5d05e8d9043bdcf79a5d1178ff1a48b5979554e8f795e92d8195a9a8233a265e,6,,2026-02-23T15:24:32.520812531Z,WORKDIR /tmp/installer/etc
ghcr.io/the-openroad-project/openroad-mcp,sha256:5d05e8d9043bdcf79a5d1178ff1a48b5979554e8f795e92d8195a9a8233a265e,7,,2026-02-23T15:24:32.551294986Z,COPY DependencyInstaller.sh . # buildkit
ghcr.io/the-openroad-project/openroad-mcp,sha256:5d05e8d9043bdcf79a5d1178ff1a48b5979554e8f795e92d8195a9a8233a265e,8,,2026-02-23T15:24:32.578380143Z,COPY InstallerOpenROAD.sh /tmp/installer/tools/OpenROAD/etc/DependencyInstaller.sh # buildkit
ghcr.io/the-openroad-project/openroad-mcp,sha256:5d05e8d9043bdcf79a5d1178ff1a48b5979554e8f795e92d8195a9a8233a265e,9,yes,2026-02-23T15:24:32.86127948Z,ARG options=-ci -yosys-ver=v0.62
ghcr.io/the-openroad-project/openroad-mcp,sha256:5d05e8d9043bdcf79a5d1178ff1a48b5979554e8f795e92d8195a9a8233a265e,10,yes,2026-02-23T15:24:32.86127948Z,ARG constantBuildDir=-constant-build-dir
ghcr.io/the-openroad-project/openroad-mcp,sha256:5d05e8d9043bdcf79a5d1178ff1a48b5979554e8f795e92d8195a9a8233a265e,11,,2026-02-23T15:24:32.86127948Z,"RUN |2 options=-ci -yosys-ver=v0.62 constantBuildDir=-constant-build-dir /bin/sh -c mkdir -p /usr/local/bin/wrapped-cc &&     echo '#!/bin/sh' > /usr/local/bin/wrapped-cc/gcc &&     echo 'exec /usr/bin/gcc -D__TIME__=""\""0\"""" -D__DATE__=""\""0\"""" -D__TIMESTAMP__=""\""0\"""" -Wno-builtin-macro-redefined ""$@""' >> /usr/local/bin/wrapped-cc/gcc &&     chmod +x /usr/local/bin/wrapped-cc/gcc &&     ln -sf /usr/local/bin/wrapped-cc/gcc /usr/local/bin/wrapped-cc/cc &&     echo '#!/bin/sh' > /usr/local/bin/wrapped-cc/g++ &&     echo 'exec /usr/bin/g++ -D__TIME__=""\""0\"""" -D__DATE__=""\""0\"""" -D__TIMESTAMP__=""\""0"
ghcr.io/the-openroad-project/openroad-mcp,sha256:5d05e8d9043bdcf79a5d1178ff1a48b5979554e8f795e92d8195a9a8233a265e,12,yes,2026-02-23T15:24:32.86127948Z,ENV PATH=/usr/local/bin/wrapped-cc:/usr/local/sbin:/usr/local/bin:/usr/sbin:/usr/bin:/sbin:/bin
ghcr.io/the-openroad-project/openroad-mcp,sha256:5d05e8d9043bdcf79a5d1178ff1a48b5979554e8f795e92d8195a9a8233a265e,13,,2026-02-23T15:32:17.649317109Z,RUN |2 options=-ci -yosys-ver=v0.62 constantBuildDir=-constant-build-dir /bin/sh -c ./DependencyInstaller.sh -base $options $constantBuildDir     && ./DependencyInstaller.sh -common $options $constantBuildDir     && rm -rf /tmp/installer /tmp/* /var/tmp/* /var/lib/apt/lists/* # buildkit
ghcr.io/the-openroad-project/openroad-mcp,sha256:5d05e8d9043bdcf79a5d1178ff1a48b5979554e8f795e92d8195a9a8233a265e,14,yes,2026-02-23T15:32:17.649317109Z,ARG fromImage=ubuntu:22.04
ghcr.io/the-openroad-project/openroad-mcp,sha256:5d05e8d9043bdcf79a5d1178ff1a48b5979554e8f795e92d8195a9a8233a265e,15,,2026-02-23T15:32:18.611454925Z,"RUN |3 options=-ci -yosys-ver=v0.62 constantBuildDir=-constant-build-dir fromImage=ubuntu:22.04 /bin/sh -c echo ""$fromImage"" | grep -q ""ubuntu"" &&     strip --remove-section=.note.ABI-tag /usr/lib/x86_64-linux-gnu/libQt5Core.so ||     echo ""Skipping strip command as fromImage does not contain 'ubuntu'"" # buildkit"
ghcr.io/the-openroad-project/openroad-mcp,sha256:5d05e8d9043bdcf79a5d1178ff1a48b5979554e8f795e92d8195a9a8233a265e,16,,2026-03-07T21:43:52.408179243Z,WORKDIR /OpenROAD-flow-scripts
ghcr.io/the-openroad-project/openroad-mcp,sha256:5d05e8d9043bdcf79a5d1178ff1a48b5979554e8f795e92d8195a9a8233a265e,17,,2026-03-07T21:43:22.188954839Z,COPY dev_env.sh dev_env.sh # buildkit
ghcr.io/the-openroad-project/openroad-mcp,sha256:5d05e8d9043bdcf79a5d1178ff1a48b5979554e8f795e92d8195a9a8233a265e,18,,2026-03-07T21:43:22.140041906Z,COPY build_openroad.sh build_openroad.sh # buildkit
ghcr.io/the-openroad-project/openroad-mcp,sha256:5d05e8d9043bdcf79a5d1178ff1a48b5979554e8f795e92d8195a9a8233a265e,19,,2026-03-07T21:43:22.183854636Z,COPY docker docker # buildkit
ghcr.io/the-openroad-project/openroad-mcp,sha256:5d05e8d9043bdcf79a5d1178ff1a48b5979554e8f795e92d8195a9a8233a265e,20,,2026-03-07T21:43:22.177512241Z,COPY flow/tutorials flow/tutorials # buildkit
ghcr.io/the-openroad-project/openroad-mcp,sha256:5d05e8d9043bdcf79a5d1178ff1a48b5979554e8f795e92d8195a9a8233a265e,21,,2026-03-07T21:43:22.136620558Z,COPY docs docs # buildkit
ghcr.io/the-openroad-project/openroad-mcp,sha256:5d05e8d9043bdcf79a5d1178ff1a48b5979554e8f795e92d8195a9a8233a265e,22,,2026-03-07T21:43:22.179325128Z,COPY flow/test flow/test # buildkit
ghcr.io/the-openroad-project/openroad-mcp,sha256:5d05e8d9043bdcf79a5d1178ff1a48b5979554e8f795e92d8195a9a8233a265e,23,,2026-03-07T21:43:22.3723606Z,COPY flow/platforms flow/platforms # buildkit
ghcr.io/the-openroad-project/openroad-mcp,sha256:5d05e8d9043bdcf79a5d1178ff1a48b5979554e8f795e92d8195a9a8233a265e,24,,2026-03-07T21:43:22.176031652Z,COPY flow/util flow/util # buildkit
ghcr.io/the-openroad-project/openroad-mcp,sha256:5d05e8d9043bdcf79a5d1178ff1a48b5979554e8f795e92d8195a9a8233a265e,25,,2026-03-07T21:43:22.044998499Z,COPY flow/scripts flow/scripts # buildkit
ghcr.io/the-openroad-project/openroad-mcp,sha256:5d05e8d9043bdcf79a5d1178ff1a48b5979554e8f795e92d8195a9a8233a265e,26,,2026-03-07T21:43:22.268991746Z,COPY flow/designs flow/designs # buildkit
ghcr.io/the-openroad-project/openroad-mcp,sha256:5d05e8d9043bdcf79a5d1178ff1a48b5979554e8f795e92d8195a9a8233a265e,27,,2026-03-07T21:43:22.138520496Z,COPY tools/AutoTuner tools/AutoTuner # buildkit
ghcr.io/the-openroad-project/openroad-mcp,sha256:5d05e8d9043bdcf79a5d1178ff1a48b5979554e8f795e92d8195a9a8233a265e,28,,2026-03-07T21:54:01.508615489Z,COPY /OpenROAD-flow-scripts/tools/install tools/install # buildkit
ghcr.io/the-openroad-project/openroad-mcp,sha256:5d05e8d9043bdcf79a5d1178ff1a48b5979554e8f795e92d8195a9a8233a265e,29,,2026-03-07T21:43:22.219478394Z,COPY . ./ # buildkit
ghcr.io/the-openroad-project/openroad-mcp,sha256:5d05e8d9043bdcf79a5d1178ff1a48b5979554e8f795e92d8195a9a8233a265e,30,,2026-06-09T15:33:40.099722995Z,RUN /bin/sh -c useradd --create-home --shell /bin/bash --uid 1000 --no-log-init appuser # buildkit
ghcr.io/the-openroad-project/openroad-mcp,sha256:5d05e8d9043bdcf79a5d1178ff1a48b5979554e8f795e92d8195a9a8233a265e,31,,2026-06-09T15:33:40.116400941Z,WORKDIR /app
ghcr.io/the-openroad-project/openroad-mcp,sha256:5d05e8d9043bdcf79a5d1178ff1a48b5979554e8f795e92d8195a9a8233a265e,32,,2026-06-09T15:33:44.708004487Z,COPY --chown=appuser:appuser /app/.venv /app/.venv # buildkit
ghcr.io/the-openroad-project/openroad-mcp,sha256:5d05e8d9043bdcf79a5d1178ff1a48b5979554e8f795e92d8195a9a8233a265e,33,,2026-06-09T15:33:45.333602663Z,COPY --chown=appuser:appuser /opt/python /opt/python # buildkit
ghcr.io/the-openroad-project/openroad-mcp,sha256:5d05e8d9043bdcf79a5d1178ff1a48b5979554e8f795e92d8195a9a8233a265e,34,yes,2026-06-09T15:33:47.735799317Z,LABEL io.modelcontextprotocol.server.name=io.github.luarss/openroad-mcp
ghcr.io/the-openroad-project/openroad-mcp,sha256:5d05e8d9043bdcf79a5d1178ff1a48b5979554e8f795e92d8195a9a8233a265e,35,yes,2026-06-09T15:33:47.735799317Z,USER appuser
ghcr.io/the-openroad-project/openroad-mcp,sha256:5d05e8d9043bdcf79a5d1178ff1a48b5979554e8f795e92d8195a9a8233a265e,36,yes,2026-06-09T15:33:47.735799317Z,ENV PATH=/app/.venv/bin:/OpenROAD-flow-scripts/tools/install/OpenROAD/bin:/OpenROAD-flow-scripts/tools/install/yosys/bin:/usr/local/bin/wrapped-cc:/usr/local/sbin:/usr/local/bin:/usr/sbin:/usr/bin:/sbin:/bin PYTHONUNBUFFERED=1 PYTHONDONTWRITEBYTECODE=1 ORFS_FLOW_PATH=/OpenROAD-flow-scripts/flow
ghcr.io/the-openroad-project/openroad-mcp,sha256:5d05e8d9043bdcf79a5d1178ff1a48b5979554e8f795e92d8195a9a8233a265e,37,,2026-06-09T15:33:47.735799317Z,"RUN /bin/sh -c /app/.venv/bin/python -c ""import openroad_mcp; print(openroad_mcp.__file__)"" &&     openroad-mcp --help > /dev/null &&     test -d ""${ORFS_FLOW_PATH}"" || (echo ""ERROR: ORFS_FLOW_PATH=${ORFS_FLOW_PATH} not found"" && exit 1) # buildkit"
ghcr.io/the-openroad-project/openroad-mcp,sha256:5d05e8d9043bdcf79a5d1178ff1a48b5979554e8f795e92d8195a9a8233a265e,38,yes,2026-06-09T15:33:47.735799317Z,"ENTRYPOINT [""openroad-mcp""]"
ghcr.io/startreedata/mcp-pinot,sha256:d4ff10c72c34197a005ff81778f68e2cca1301e97f8a909f2cb2a1adc4822040,0,,2026-06-23T00:00:00Z,# debian.sh --arch 'amd64' out/ 'trixie' '@1782172800'
ghcr.io/startreedata/mcp-pinot,sha256:d4ff10c72c34197a005ff81778f68e2cca1301e97f8a909f2cb2a1adc4822040,1,yes,2026-06-24T02:01:30.196097531Z,ENV PATH=/usr/local/bin:/usr/local/sbin:/usr/local/bin:/usr/sbin:/usr/bin:/sbin:/bin
ghcr.io/startreedata/mcp-pinot,sha256:d4ff10c72c34197a005ff81778f68e2cca1301e97f8a909f2cb2a1adc4822040,2,yes,2026-06-24T02:01:30.196097531Z,ENV LANG=C.UTF-8
ghcr.io/startreedata/mcp-pinot,sha256:d4ff10c72c34197a005ff81778f68e2cca1301e97f8a909f2cb2a1adc4822040,3,,2026-06-24T02:01:30.196097531Z,RUN /bin/sh -c set -eux; 	apt-get update; 	apt-get install -y --no-install-recommends 		ca-certificates 		netbase 		tzdata 	; 	apt-get dist-clean # buildkit
ghcr.io/startreedata/mcp-pinot,sha256:d4ff10c72c34197a005ff81778f68e2cca1301e97f8a909f2cb2a1adc4822040,4,yes,2026-06-24T02:01:30.196097531Z,ENV GPG_KEY=7169605F62C751356D054A26A821E680E5FA6305
ghcr.io/startreedata/mcp-pinot,sha256:d4ff10c72c34197a005ff81778f68e2cca1301e97f8a909f2cb2a1adc4822040,5,yes,2026-06-24T02:01:30.196097531Z,ENV PYTHON_VERSION=3.12.13
ghcr.io/startreedata/mcp-pinot,sha256:d4ff10c72c34197a005ff81778f68e2cca1301e97f8a909f2cb2a1adc4822040,6,yes,2026-06-24T02:01:30.196097531Z,ENV PYTHON_SHA256=c08bc65a81971c1dd5783182826503369466c7e67374d1646519adf05207b684
ghcr.io/startreedata/mcp-pinot,sha256:d4ff10c72c34197a005ff81778f68e2cca1301e97f8a909f2cb2a1adc4822040,7,,2026-06-24T02:10:24.407263012Z,"RUN /bin/sh -c set -eux; 		savedAptMark=""$(apt-mark showmanual)""; 	apt-get update; 	apt-get install -y --no-install-recommends 		dpkg-dev 		gcc 		gnupg 		libbluetooth-dev 		libbz2-dev 		libc6-dev 		libdb-dev 		libffi-dev 		libgdbm-dev 		liblzma-dev 		libncursesw5-dev 		libreadline-dev 		libsqlite3-dev 		libssl-dev 		make 		tk-dev 		uuid-dev 		wget 		xz-utils 		zlib1g-dev 	; 		wget -O python.tar.xz ""https://www.python.org/ftp/python/${PYTHON_VERSION%%[a-z]*}/Python-$PYTHON_VERSION.tar.xz""; 	echo ""$PYTHON_SHA256 *python.tar.xz"" | sha256sum -c -; 	wget -O python.tar.xz.asc ""https://www.python.org"
ghcr.io/startreedata/mcp-pinot,sha256:d4ff10c72c34197a005ff81778f68e2cca1301e97f8a909f2cb2a1adc4822040,8,,2026-06-24T02:10:24.522489311Z,"RUN /bin/sh -c set -eux; 	for src in idle3 pip3 pydoc3 python3 python3-config; do 		dst=""$(echo ""$src"" | tr -d 3)""; 		[ -s ""/usr/local/bin/$src"" ]; 		[ ! -e ""/usr/local/bin/$dst"" ]; 		ln -svT ""$src"" ""/usr/local/bin/$dst""; 	done # buildkit"
ghcr.io/startreedata/mcp-pinot,sha256:d4ff10c72c34197a005ff81778f68e2cca1301e97f8a909f2cb2a1adc4822040,9,yes,2026-06-24T02:10:24.522489311Z,"CMD [""python3""]"
ghcr.io/startreedata/mcp-pinot,sha256:d4ff10c72c34197a005ff81778f68e2cca1301e97f8a909f2cb2a1adc4822040,10,,2026-07-10T10:11:12.593647463Z,WORKDIR /app
ghcr.io/startreedata/mcp-pinot,sha256:d4ff10c72c34197a005ff81778f68e2cca1301e97f8a909f2cb2a1adc4822040,11,,2026-07-10T10:11:23.198165163Z,RUN /bin/sh -c apt-get update && apt-get install -y     build-essential     && rm -rf /var/lib/apt/lists/* # buildkit
ghcr.io/startreedata/mcp-pinot,sha256:d4ff10c72c34197a005ff81778f68e2cca1301e97f8a909f2cb2a1adc4822040,12,,2026-07-10T10:11:23.274172946Z,COPY . /app/ # buildkit
ghcr.io/startreedata/mcp-pinot,sha256:d4ff10c72c34197a005ff81778f68e2cca1301e97f8a909f2cb2a1adc4822040,13,,2026-07-10T10:11:46.639870931Z,RUN /bin/sh -c python -m pip install --no-cache-dir --upgrade pip     && python -m pip install --no-cache-dir . # buildkit
ghcr.io/startreedata/mcp-pinot,sha256:d4ff10c72c34197a005ff81778f68e2cca1301e97f8a909f2cb2a1adc4822040,14,yes,2026-07-10T10:11:46.824441109Z,ENV PYTHONUNBUFFERED=1
ghcr.io/startreedata/mcp-pinot,sha256:d4ff10c72c34197a005ff81778f68e2cca1301e97f8a909f2cb2a1adc4822040,15,,2026-07-10T10:11:46.824441109Z,RUN /bin/sh -c groupadd -r -g 1000 appuser && useradd -r -g appuser -u 1000 -m appuser # buildkit
ghcr.io/startreedata/mcp-pinot,sha256:d4ff10c72c34197a005ff81778f68e2cca1301e97f8a909f2cb2a1adc4822040,16,yes,2026-07-10T10:11:46.824441109Z,ENV HOME=/home/appuser
ghcr.io/startreedata/mcp-pinot,sha256:d4ff10c72c34197a005ff81778f68e2cca1301e97f8a909f2cb2a1adc4822040,17,,2026-07-10T10:11:46.888764825Z,RUN /bin/sh -c chmod +x /app/run.sh # buildkit
ghcr.io/startreedata/mcp-pinot,sha256:d4ff10c72c34197a005ff81778f68e2cca1301e97f8a909f2cb2a1adc4822040,18,,2026-07-10T10:11:47.017773634Z,RUN /bin/sh -c chown -R appuser:appuser /app # buildkit
ghcr.io/startreedata/mcp-pinot,sha256:d4ff10c72c34197a005ff81778f68e2cca1301e97f8a909f2cb2a1adc4822040,19,yes,2026-07-10T10:11:47.017773634Z,USER appuser
ghcr.io/startreedata/mcp-pinot,sha256:d4ff10c72c34197a005ff81778f68e2cca1301e97f8a909f2cb2a1adc4822040,20,yes,2026-07-10T10:11:47.017773634Z,"ENTRYPOINT [""/app/run.sh""]"
ghcr.io/n24q02m/better-telegram-mcp,sha256:1774ac53f4523914627585efd4aa89e0aaa83d7821b4c7c082174934df8102a9,0,,2026-05-18T00:00:00Z,# debian.sh --arch 'amd64' out/ 'bookworm' '@1779062400'
ghcr.io/n24q02m/better-telegram-mcp,sha256:1774ac53f4523914627585efd4aa89e0aaa83d7821b4c7c082174934df8102a9,1,yes,2026-05-19T23:41:15.345436787Z,ENV PATH=/usr/local/bin:/usr/local/sbin:/usr/local/bin:/usr/sbin:/usr/bin:/sbin:/bin
ghcr.io/n24q02m/better-telegram-mcp,sha256:1774ac53f4523914627585efd4aa89e0aaa83d7821b4c7c082174934df8102a9,2,,2026-05-19T23:41:15.345436787Z,RUN /bin/sh -c set -eux; 	apt-get update; 	apt-get install -y --no-install-recommends 		ca-certificates 		netbase 		tzdata 	; 	rm -rf /var/lib/apt/lists/* # buildkit
ghcr.io/n24q02m/better-telegram-mcp,sha256:1774ac53f4523914627585efd4aa89e0aaa83d7821b4c7c082174934df8102a9,3,yes,2026-05-19T23:41:15.345436787Z,ENV GPG_KEY=7169605F62C751356D054A26A821E680E5FA6305
ghcr.io/n24q02m/better-telegram-mcp,sha256:1774ac53f4523914627585efd4aa89e0aaa83d7821b4c7c082174934df8102a9,4,yes,2026-05-19T23:41:15.345436787Z,ENV PYTHON_VERSION=3.13.13
ghcr.io/n24q02m/better-telegram-mcp,sha256:1774ac53f4523914627585efd4aa89e0aaa83d7821b4c7c082174934df8102a9,5,yes,2026-05-19T23:41:15.345436787Z,ENV PYTHON_SHA256=2ab91ff401783ccca64f75d10c882e957bdfd60e2bf5a72f8421793729b78a71
ghcr.io/n24q02m/better-telegram-mcp,sha256:1774ac53f4523914627585efd4aa89e0aaa83d7821b4c7c082174934df8102a9,6,,2026-05-19T23:50:49.547151305Z,"RUN /bin/sh -c set -eux; 		savedAptMark=""$(apt-mark showmanual)""; 	apt-get update; 	apt-get install -y --no-install-recommends 		dpkg-dev 		gcc 		gnupg 		libbluetooth-dev 		libbz2-dev 		libc6-dev 		libdb-dev 		libffi-dev 		libgdbm-dev 		liblzma-dev 		libncursesw5-dev 		libreadline-dev 		libsqlite3-dev 		libssl-dev 		make 		tk-dev 		uuid-dev 		wget 		xz-utils 		zlib1g-dev 	; 		wget -O python.tar.xz ""https://www.python.org/ftp/python/${PYTHON_VERSION%%[a-z]*}/Python-$PYTHON_VERSION.tar.xz""; 	echo ""$PYTHON_SHA256 *python.tar.xz"" | sha256sum -c -; 	wget -O python.tar.xz.asc ""https://www.python.org"
ghcr.io/n24q02m/better-telegram-mcp,sha256:1774ac53f4523914627585efd4aa89e0aaa83d7821b4c7c082174934df8102a9,7,,2026-05-19T23:50:49.63535933Z,"RUN /bin/sh -c set -eux; 	for src in idle3 pip3 pydoc3 python3 python3-config; do 		dst=""$(echo ""$src"" | tr -d 3)""; 		[ -s ""/usr/local/bin/$src"" ]; 		[ ! -e ""/usr/local/bin/$dst"" ]; 		ln -svT ""$src"" ""/usr/local/bin/$dst""; 	done # buildkit"
ghcr.io/n24q02m/better-telegram-mcp,sha256:1774ac53f4523914627585efd4aa89e0aaa83d7821b4c7c082174934df8102a9,8,yes,2026-05-19T23:50:49.63535933Z,"CMD [""python3""]"
ghcr.io/n24q02m/better-telegram-mcp,sha256:1774ac53f4523914627585efd4aa89e0aaa83d7821b4c7c082174934df8102a9,9,yes,2026-05-24T10:39:51.227970278Z,LABEL org.opencontainers.image.source=https://github.com/n24q02m/better-telegram-mcp
ghcr.io/n24q02m/better-telegram-mcp,sha256:1774ac53f4523914627585efd4aa89e0aaa83d7821b4c7c082174934df8102a9,10,yes,2026-05-24T10:39:51.227970278Z,LABEL io.modelcontextprotocol.server.name=io.github.n24q02m/better-telegram-mcp
ghcr.io/n24q02m/better-telegram-mcp,sha256:1774ac53f4523914627585efd4aa89e0aaa83d7821b4c7c082174934df8102a9,11,,2026-05-24T10:39:51.227970278Z,WORKDIR /app
ghcr.io/n24q02m/better-telegram-mcp,sha256:1774ac53f4523914627585efd4aa89e0aaa83d7821b4c7c082174934df8102a9,12,,2026-05-24T10:39:58.833199328Z,COPY /app/.venv /app/.venv # buildkit
ghcr.io/n24q02m/better-telegram-mcp,sha256:1774ac53f4523914627585efd4aa89e0aaa83d7821b4c7c082174934df8102a9,13,,2026-05-24T10:39:58.926071333Z,COPY /app/src /app/src # buildkit
ghcr.io/n24q02m/better-telegram-mcp,sha256:1774ac53f4523914627585efd4aa89e0aaa83d7821b4c7c082174934df8102a9,14,yes,2026-05-24T10:39:58.926071333Z,ENV PATH=/app/.venv/bin:/usr/local/bin:/usr/local/sbin:/usr/local/bin:/usr/sbin:/usr/bin:/sbin:/bin PYTHONPATH=/app/src PYTHONUNBUFFERED=1 TELEGRAM_DATA_DIR=/data HOST=0.0.0.0
ghcr.io/n24q02m/better-telegram-mcp,sha256:1774ac53f4523914627585efd4aa89e0aaa83d7821b4c7c082174934df8102a9,15,,2026-05-24T10:40:03.451473277Z,RUN /bin/sh -c groupadd -r appuser && useradd -r -g appuser -d /home/appuser -m appuser     && mkdir -p /data     && chown -R appuser:appuser /app /data /home/appuser # buildkit
ghcr.io/n24q02m/better-telegram-mcp,sha256:1774ac53f4523914627585efd4aa89e0aaa83d7821b4c7c082174934df8102a9,16,yes,2026-05-24T10:40:03.451473277Z,VOLUME [/data]
ghcr.io/n24q02m/better-telegram-mcp,sha256:1774ac53f4523914627585efd4aa89e0aaa83d7821b4c7c082174934df8102a9,17,yes,2026-05-24T10:40:03.451473277Z,USER appuser
ghcr.io/n24q02m/better-telegram-mcp,sha256:1774ac53f4523914627585efd4aa89e0aaa83d7821b4c7c082174934df8102a9,18,yes,2026-05-24T10:40:03.451473277Z,ENV MCP_TRANSPORT=http MCP_PORT=8080
ghcr.io/n24q02m/better-telegram-mcp,sha256:1774ac53f4523914627585efd4aa89e0aaa83d7821b4c7c082174934df8102a9,19,yes,2026-05-24T10:40:03.451473277Z,EXPOSE [8080/tcp]
ghcr.io/n24q02m/better-telegram-mcp,sha256:1774ac53f4523914627585efd4aa89e0aaa83d7821b4c7c082174934df8102a9,20,yes,2026-05-24T10:40:03.451473277Z,"ENTRYPOINT [""python"" ""-m"" ""better_telegram_mcp""]"
ghcr.io/n24q02m/better-telegram-mcp,sha256:09824c9391601f406277e27666467de756bb0170dbe4df918dfeaced5b9df98d,0,,2026-06-23T00:00:00Z,# debian.sh --arch 'amd64' out/ 'bookworm' '@1782172800'
ghcr.io/n24q02m/better-telegram-mcp,sha256:09824c9391601f406277e27666467de756bb0170dbe4df918dfeaced5b9df98d,1,yes,2026-06-24T01:59:00.388369698Z,ENV PATH=/usr/local/bin:/usr/local/sbin:/usr/local/bin:/usr/sbin:/usr/bin:/sbin:/bin
ghcr.io/n24q02m/better-telegram-mcp,sha256:09824c9391601f406277e27666467de756bb0170dbe4df918dfeaced5b9df98d,2,,2026-06-24T01:59:00.388369698Z,RUN /bin/sh -c set -eux; 	apt-get update; 	apt-get install -y --no-install-recommends 		ca-certificates 		netbase 		tzdata 	; 	rm -rf /var/lib/apt/lists/* # buildkit
ghcr.io/n24q02m/better-telegram-mcp,sha256:09824c9391601f406277e27666467de756bb0170dbe4df918dfeaced5b9df98d,3,yes,2026-06-24T01:59:00.388369698Z,ENV GPG_KEY=7169605F62C751356D054A26A821E680E5FA6305
ghcr.io/n24q02m/better-telegram-mcp,sha256:09824c9391601f406277e27666467de756bb0170dbe4df918dfeaced5b9df98d,4,yes,2026-06-24T01:59:00.388369698Z,ENV PYTHON_VERSION=3.13.14
ghcr.io/n24q02m/better-telegram-mcp,sha256:09824c9391601f406277e27666467de756bb0170dbe4df918dfeaced5b9df98d,5,yes,2026-06-24T01:59:00.388369698Z,ENV PYTHON_SHA256=639e43243c620a308f968213df9e00f2f8f62332f7adbaa7a7eeb9783057c690
ghcr.io/n24q02m/better-telegram-mcp,sha256:09824c9391601f406277e27666467de756bb0170dbe4df918dfeaced5b9df98d,6,,2026-06-24T02:10:55.699777861Z,"RUN /bin/sh -c set -eux; 		savedAptMark=""$(apt-mark showmanual)""; 	apt-get update; 	apt-get install -y --no-install-recommends 		dpkg-dev 		gcc 		gnupg 		libbluetooth-dev 		libbz2-dev 		libc6-dev 		libdb-dev 		libffi-dev 		libgdbm-dev 		liblzma-dev 		libncursesw5-dev 		libreadline-dev 		libsqlite3-dev 		libssl-dev 		make 		tk-dev 		uuid-dev 		wget 		xz-utils 		zlib1g-dev 	; 		wget -O python.tar.xz ""https://www.python.org/ftp/python/${PYTHON_VERSION%%[a-z]*}/Python-$PYTHON_VERSION.tar.xz""; 	echo ""$PYTHON_SHA256 *python.tar.xz"" | sha256sum -c -; 	wget -O python.tar.xz.asc ""https://www.python.org"
ghcr.io/n24q02m/better-telegram-mcp,sha256:09824c9391601f406277e27666467de756bb0170dbe4df918dfeaced5b9df98d,7,,2026-06-24T02:10:55.814895239Z,"RUN /bin/sh -c set -eux; 	for src in idle3 pip3 pydoc3 python3 python3-config; do 		dst=""$(echo ""$src"" | tr -d 3)""; 		[ -s ""/usr/local/bin/$src"" ]; 		[ ! -e ""/usr/local/bin/$dst"" ]; 		ln -svT ""$src"" ""/usr/local/bin/$dst""; 	done # buildkit"
ghcr.io/n24q02m/better-telegram-mcp,sha256:09824c9391601f406277e27666467de756bb0170dbe4df918dfeaced5b9df98d,8,yes,2026-06-24T02:10:55.814895239Z,"CMD [""python3""]"
ghcr.io/n24q02m/better-telegram-mcp,sha256:09824c9391601f406277e27666467de756bb0170dbe4df918dfeaced5b9df98d,9,yes,2026-06-29T12:30:26.930361513Z,LABEL org.opencontainers.image.source=https://github.com/n24q02m/better-telegram-mcp
ghcr.io/n24q02m/better-telegram-mcp,sha256:09824c9391601f406277e27666467de756bb0170dbe4df918dfeaced5b9df98d,10,yes,2026-06-29T12:30:26.930361513Z,LABEL io.modelcontextprotocol.server.name=io.github.n24q02m/better-telegram-mcp
ghcr.io/n24q02m/better-telegram-mcp,sha256:09824c9391601f406277e27666467de756bb0170dbe4df918dfeaced5b9df98d,11,,2026-06-29T12:30:26.930361513Z,WORKDIR /app
ghcr.io/n24q02m/better-telegram-mcp,sha256:09824c9391601f406277e27666467de756bb0170dbe4df918dfeaced5b9df98d,12,,2026-07-14T12:37:03.808081056Z,COPY /app/.venv /app/.venv # buildkit
ghcr.io/n24q02m/better-telegram-mcp,sha256:09824c9391601f406277e27666467de756bb0170dbe4df918dfeaced5b9df98d,13,,2026-07-14T12:37:03.899929381Z,COPY /app/src /app/src # buildkit
ghcr.io/n24q02m/better-telegram-mcp,sha256:09824c9391601f406277e27666467de756bb0170dbe4df918dfeaced5b9df98d,14,yes,2026-07-14T12:37:03.899929381Z,ENV PATH=/app/.venv/bin:/usr/local/bin:/usr/local/sbin:/usr/local/bin:/usr/sbin:/usr/bin:/sbin:/bin PYTHONPATH=/app/src PYTHONUNBUFFERED=1 TELEGRAM_DATA_DIR=/data HOST=0.0.0.0
ghcr.io/n24q02m/better-telegram-mcp,sha256:09824c9391601f406277e27666467de756bb0170dbe4df918dfeaced5b9df98d,15,,2026-07-14T12:37:07.256204932Z,RUN /bin/sh -c groupadd -r appuser && useradd -r -g appuser -d /home/appuser -m appuser     && mkdir -p /data     && chown -R appuser:appuser /app /data /home/appuser # buildkit
ghcr.io/n24q02m/better-telegram-mcp,sha256:09824c9391601f406277e27666467de756bb0170dbe4df918dfeaced5b9df98d,16,yes,2026-07-14T12:37:07.256204932Z,VOLUME [/data]
ghcr.io/n24q02m/better-telegram-mcp,sha256:09824c9391601f406277e27666467de756bb0170dbe4df918dfeaced5b9df98d,17,yes,2026-07-14T12:37:07.256204932Z,USER appuser
ghcr.io/n24q02m/better-telegram-mcp,sha256:09824c9391601f406277e27666467de756bb0170dbe4df918dfeaced5b9df98d,18,yes,2026-07-14T12:37:07.256204932Z,ENV MCP_TRANSPORT=http MCP_PORT=8080
ghcr.io/n24q02m/better-telegram-mcp,sha256:09824c9391601f406277e27666467de756bb0170dbe4df918dfeaced5b9df98d,19,yes,2026-07-14T12:37:07.256204932Z,EXPOSE [8080/tcp]
ghcr.io/n24q02m/better-telegram-mcp,sha256:09824c9391601f406277e27666467de756bb0170dbe4df918dfeaced5b9df98d,20,yes,2026-07-14T12:37:07.256204932Z,"ENTRYPOINT [""python"" ""-m"" ""better_telegram_mcp""]"
ghcr.io/argonne-lcf/chemgraph,sha256:a4883a7aaf922a8311533ba20b65a9d09bdcd90c9877fde4109247e164a51cb4,0,,2026-04-21T00:00:00Z,# debian.sh --arch 'amd64' out/ 'trixie' '@1776729600'
ghcr.io/argonne-lcf/chemgraph,sha256:a4883a7aaf922a8311533ba20b65a9d09bdcd90c9877fde4109247e164a51cb4,1,yes,2026-04-29T12:53:41.663661468Z,"LABEL maintainer=Anaconda, Inc"
ghcr.io/argonne-lcf/chemgraph,sha256:a4883a7aaf922a8311533ba20b65a9d09bdcd90c9877fde4109247e164a51cb4,2,yes,2026-04-29T12:53:41.663661468Z,ENV LANG=C.UTF-8 LC_ALL=C.UTF-8
ghcr.io/argonne-lcf/chemgraph,sha256:a4883a7aaf922a8311533ba20b65a9d09bdcd90c9877fde4109247e164a51cb4,3,,2026-04-29T12:53:41.663661468Z,RUN /bin/sh -c apt-get update -q &&     apt-get install -q -y --no-install-recommends         bzip2         ca-certificates         git         libglib2.0-0         libsm6         libxext6         libxrender1         mercurial         openssh-client         procps         subversion         wget     && apt-get clean     && rm -rf /var/lib/apt/lists/* # buildkit
ghcr.io/argonne-lcf/chemgraph,sha256:a4883a7aaf922a8311533ba20b65a9d09bdcd90c9877fde4109247e164a51cb4,4,yes,2026-04-29T12:53:41.663661468Z,ENV PATH=/opt/conda/bin:/usr/local/sbin:/usr/local/bin:/usr/sbin:/usr/bin:/sbin:/bin
ghcr.io/argonne-lcf/chemgraph,sha256:a4883a7aaf922a8311533ba20b65a9d09bdcd90c9877fde4109247e164a51cb4,5,yes,2026-04-29T12:53:41.663661468Z,"ARG DEPRECATION_MESSAGE=::warning::This image is deprecated.\n\nUpdates to this image will be discontinued after version \`26.7.x\`. The latest Miniconda Docker images are available as \`anaconda/miniconda\`. For more information, visit: https://hub.docker.com/r/anaconda/miniconda\n"
ghcr.io/argonne-lcf/chemgraph,sha256:a4883a7aaf922a8311533ba20b65a9d09bdcd90c9877fde4109247e164a51cb4,6,,2026-04-29T12:53:41.741146593Z,"RUN |1 DEPRECATION_MESSAGE=::warning::This image is deprecated.\n\nUpdates to this image will be discontinued after version \`26.7.x\`. The latest Miniconda Docker images are available as \`anaconda/miniconda\`. For more information, visit: https://hub.docker.com/r/anaconda/miniconda\n /bin/sh -c printf '#!/bin/bash\nprintf ""'%s'"" >&2\nexec ""$@""\n' ""${DEPRECATION_MESSAGE}""     > /usr/local/bin/docker-entrypoint.sh &&     chmod +x /usr/local/bin/docker-entrypoint.sh # buildkit"
ghcr.io/argonne-lcf/chemgraph,sha256:a4883a7aaf922a8311533ba20b65a9d09bdcd90c9877fde4109247e164a51cb4,7,yes,2026-04-29T12:53:41.741146593Z,"ENTRYPOINT [""/usr/local/bin/docker-entrypoint.sh""]"
ghcr.io/argonne-lcf/chemgraph,sha256:a4883a7aaf922a8311533ba20b65a9d09bdcd90c9877fde4109247e164a51cb4,8,yes,2026-04-29T12:53:41.741146593Z,"CMD [""/bin/bash""]"
ghcr.io/argonne-lcf/chemgraph,sha256:a4883a7aaf922a8311533ba20b65a9d09bdcd90c9877fde4109247e164a51cb4,9,yes,2026-04-29T12:53:41.741146593Z,ARG INSTALLER_URL_LINUX64=https://repo.anaconda.com/miniconda/Miniconda3-py313_26.3.2-2-Linux-x86_64.sh
ghcr.io/argonne-lcf/chemgraph,sha256:a4883a7aaf922a8311533ba20b65a9d09bdcd90c9877fde4109247e164a51cb4,10,yes,2026-04-29T12:53:41.741146593Z,ARG SHA256SUM_LINUX64=2284bafb7863a23411b19874d216e237964d4b32dd9beb6807fa8b2d84570961
ghcr.io/argonne-lcf/chemgraph,sha256:a4883a7aaf922a8311533ba20b65a9d09bdcd90c9877fde4109247e164a51cb4,11,yes,2026-04-29T12:53:41.741146593Z,ARG INSTALLER_URL_AARCH64=https://repo.anaconda.com/miniconda/Miniconda3-py313_26.3.2-2-Linux-aarch64.sh
ghcr.io/argonne-lcf/chemgraph,sha256:a4883a7aaf922a8311533ba20b65a9d09bdcd90c9877fde4109247e164a51cb4,12,yes,2026-04-29T12:53:41.741146593Z,ARG SHA256SUM_AARCH64=81a5e828724478a7a036027a74356ceff0206147d3b1243c8ba32e0cfa187967
ghcr.io/argonne-lcf/chemgraph,sha256:a4883a7aaf922a8311533ba20b65a9d09bdcd90c9877fde4109247e164a51cb4,13,,2026-04-29T12:53:57.709907734Z,"RUN |5 DEPRECATION_MESSAGE=::warning::This image is deprecated.\n\nUpdates to this image will be discontinued after version \`26.7.x\`. The latest Miniconda Docker images are available as \`anaconda/miniconda\`. For more information, visit: https://hub.docker.com/r/anaconda/miniconda\n INSTALLER_URL_LINUX64=https://repo.anaconda.com/miniconda/Miniconda3-py313_26.3.2-2-Linux-x86_64.sh SHA256SUM_LINUX64=2284bafb7863a23411b19874d216e237964d4b32dd9beb6807fa8b2d84570961 INSTALLER_URL_AARCH64=https://repo.anaconda.com/miniconda/Miniconda3-py313_26.3.2-2-Linux-aarch64.sh SHA256SUM_AARCH64=81a5e828724"
ghcr.io/argonne-lcf/chemgraph,sha256:a4883a7aaf922a8311533ba20b65a9d09bdcd90c9877fde4109247e164a51cb4,14,,2026-05-21T16:35:34.468197316Z,WORKDIR /app
ghcr.io/argonne-lcf/chemgraph,sha256:a4883a7aaf922a8311533ba20b65a9d09bdcd90c9877fde4109247e164a51cb4,15,,2026-05-21T16:35:34.528141493Z,COPY . /app # buildkit
ghcr.io/argonne-lcf/chemgraph,sha256:a4883a7aaf922a8311533ba20b65a9d09bdcd90c9877fde4109247e164a51cb4,16,,2026-05-21T16:35:50.189936086Z,RUN /bin/sh -c apt-get update && apt-get install -y --no-install-recommends     build-essential     gfortran     git     cmake     pkg-config     curl     liblapack-dev     libblas-dev     libx11-xcb1 libxcomposite1 libxcursor1 libxdamage1 libxext6 libxfixes3 libxi6     libxrandr2 libxrender1 libxss1 libxtst6 libnss3 libatk1.0-0 libatk-bridge2.0-0     libcups2 libdrm2 libgbm1 libasound2     openssh-client     netcat-openbsd     && rm -rf /var/lib/apt/lists/* # buildkit
ghcr.io/argonne-lcf/chemgraph,sha256:a4883a7aaf922a8311533ba20b65a9d09bdcd90c9877fde4109247e164a51cb4,17,,2026-05-21T16:36:57.475698828Z,RUN /bin/sh -c conda install -y -c conda-forge     python=3.11     rdkit     nwchem     && conda clean -afy # buildkit
ghcr.io/argonne-lcf/chemgraph,sha256:a4883a7aaf922a8311533ba20b65a9d09bdcd90c9877fde4109247e164a51cb4,18,,2026-05-21T16:38:34.439936866Z,RUN /bin/sh -c pip install --no-cache-dir . &&     pip install --no-cache-dir jupyterlab # buildkit
ghcr.io/argonne-lcf/chemgraph,sha256:a4883a7aaf922a8311533ba20b65a9d09bdcd90c9877fde4109247e164a51cb4,19,,2026-05-21T16:39:38.107589939Z,"RUN /bin/sh -c CFLAGS=""-O2 -fno-tree-vectorize""     FFLAGS=""-O2 -fno-tree-vectorize""     pip install --no-cache-dir --no-binary=tblite --force-reinstall ""tblite==0.4.0"" # buildkit"
ghcr.io/argonne-lcf/chemgraph,sha256:a4883a7aaf922a8311533ba20b65a9d09bdcd90c9877fde4109247e164a51cb4,20,,2026-05-21T16:39:38.335899768Z,"RUN /bin/sh -c which nwchem && python -c ""from tblite.ase import TBLite"" # buildkit"
ghcr.io/argonne-lcf/chemgraph,sha256:a4883a7aaf922a8311533ba20b65a9d09bdcd90c9877fde4109247e164a51cb4,21,,2026-05-21T16:39:38.392896087Z,RUN /bin/sh -c git config --system --add safe.directory /app # buildkit
ghcr.io/argonne-lcf/chemgraph,sha256:a4883a7aaf922a8311533ba20b65a9d09bdcd90c9877fde4109247e164a51cb4,22,,2026-05-21T16:39:38.449992617Z,RUN /bin/sh -c mkdir -p /root/.ssh && chmod 700 /root/.ssh &&     printf 'Host logins.cels.anl.gov\n  ProxyCommand nc -X connect -x proxy.alcf.anl.gov:3128 %%h %%p\n  StrictHostKeyChecking no\n  UserKnownHostsFile /dev/null\n\nHost homes.cels.anl.gov\n  ProxyJump logins.cels.anl.gov\n  StrictHostKeyChecking no\n  UserKnownHostsFile /dev/null\n' > /root/.ssh/config &&     chmod 600 /root/.ssh/config # buildkit
ghcr.io/argonne-lcf/chemgraph,sha256:a4883a7aaf922a8311533ba20b65a9d09bdcd90c9877fde4109247e164a51cb4,23,yes,2026-05-21T16:39:38.449992617Z,ENV PYTHONUNBUFFERED=1 PIP_NO_CACHE_DIR=1
ghcr.io/argonne-lcf/chemgraph,sha256:a4883a7aaf922a8311533ba20b65a9d09bdcd90c9877fde4109247e164a51cb4,24,yes,2026-05-21T16:39:38.449992617Z,EXPOSE [8501/tcp 8888/tcp 9003/tcp]
ghcr.io/argonne-lcf/chemgraph,sha256:a4883a7aaf922a8311533ba20b65a9d09bdcd90c9877fde4109247e164a51cb4,25,yes,2026-05-21T16:39:38.449992617Z,"CMD [""jupyter"" ""lab"" ""--ip=0.0.0.0"" ""--port=8888"" ""--no-browser"" ""--allow-root"" ""--LabApp.token=""]"
ghcr.io/argonne-lcf/chemgraph,sha256:2dfe3ae7672ce7e3330ebcec036370015ba17a3153a34ac666b09339dd5ece8c,0,,2026-04-21T00:00:00Z,# debian.sh --arch 'amd64' out/ 'trixie' '@1776729600'
ghcr.io/argonne-lcf/chemgraph,sha256:2dfe3ae7672ce7e3330ebcec036370015ba17a3153a34ac666b09339dd5ece8c,1,yes,2026-04-29T12:53:41.663661468Z,"LABEL maintainer=Anaconda, Inc"
ghcr.io/argonne-lcf/chemgraph,sha256:2dfe3ae7672ce7e3330ebcec036370015ba17a3153a34ac666b09339dd5ece8c,2,yes,2026-04-29T12:53:41.663661468Z,ENV LANG=C.UTF-8 LC_ALL=C.UTF-8
ghcr.io/argonne-lcf/chemgraph,sha256:2dfe3ae7672ce7e3330ebcec036370015ba17a3153a34ac666b09339dd5ece8c,3,,2026-04-29T12:53:41.663661468Z,RUN /bin/sh -c apt-get update -q &&     apt-get install -q -y --no-install-recommends         bzip2         ca-certificates         git         libglib2.0-0         libsm6         libxext6         libxrender1         mercurial         openssh-client         procps         subversion         wget     && apt-get clean     && rm -rf /var/lib/apt/lists/* # buildkit
ghcr.io/argonne-lcf/chemgraph,sha256:2dfe3ae7672ce7e3330ebcec036370015ba17a3153a34ac666b09339dd5ece8c,4,yes,2026-04-29T12:53:41.663661468Z,ENV PATH=/opt/conda/bin:/usr/local/sbin:/usr/local/bin:/usr/sbin:/usr/bin:/sbin:/bin
ghcr.io/argonne-lcf/chemgraph,sha256:2dfe3ae7672ce7e3330ebcec036370015ba17a3153a34ac666b09339dd5ece8c,5,yes,2026-04-29T12:53:41.663661468Z,"ARG DEPRECATION_MESSAGE=::warning::This image is deprecated.\n\nUpdates to this image will be discontinued after version \`26.7.x\`. The latest Miniconda Docker images are available as \`anaconda/miniconda\`. For more information, visit: https://hub.docker.com/r/anaconda/miniconda\n"
ghcr.io/argonne-lcf/chemgraph,sha256:2dfe3ae7672ce7e3330ebcec036370015ba17a3153a34ac666b09339dd5ece8c,6,,2026-04-29T12:53:41.741146593Z,"RUN |1 DEPRECATION_MESSAGE=::warning::This image is deprecated.\n\nUpdates to this image will be discontinued after version \`26.7.x\`. The latest Miniconda Docker images are available as \`anaconda/miniconda\`. For more information, visit: https://hub.docker.com/r/anaconda/miniconda\n /bin/sh -c printf '#!/bin/bash\nprintf ""'%s'"" >&2\nexec ""$@""\n' ""${DEPRECATION_MESSAGE}""     > /usr/local/bin/docker-entrypoint.sh &&     chmod +x /usr/local/bin/docker-entrypoint.sh # buildkit"
ghcr.io/argonne-lcf/chemgraph,sha256:2dfe3ae7672ce7e3330ebcec036370015ba17a3153a34ac666b09339dd5ece8c,7,yes,2026-04-29T12:53:41.741146593Z,"ENTRYPOINT [""/usr/local/bin/docker-entrypoint.sh""]"
ghcr.io/argonne-lcf/chemgraph,sha256:2dfe3ae7672ce7e3330ebcec036370015ba17a3153a34ac666b09339dd5ece8c,8,yes,2026-04-29T12:53:41.741146593Z,"CMD [""/bin/bash""]"
ghcr.io/argonne-lcf/chemgraph,sha256:2dfe3ae7672ce7e3330ebcec036370015ba17a3153a34ac666b09339dd5ece8c,9,yes,2026-04-29T12:53:41.741146593Z,ARG INSTALLER_URL_LINUX64=https://repo.anaconda.com/miniconda/Miniconda3-py313_26.3.2-2-Linux-x86_64.sh
ghcr.io/argonne-lcf/chemgraph,sha256:2dfe3ae7672ce7e3330ebcec036370015ba17a3153a34ac666b09339dd5ece8c,10,yes,2026-04-29T12:53:41.741146593Z,ARG SHA256SUM_LINUX64=2284bafb7863a23411b19874d216e237964d4b32dd9beb6807fa8b2d84570961
ghcr.io/argonne-lcf/chemgraph,sha256:2dfe3ae7672ce7e3330ebcec036370015ba17a3153a34ac666b09339dd5ece8c,11,yes,2026-04-29T12:53:41.741146593Z,ARG INSTALLER_URL_AARCH64=https://repo.anaconda.com/miniconda/Miniconda3-py313_26.3.2-2-Linux-aarch64.sh
ghcr.io/argonne-lcf/chemgraph,sha256:2dfe3ae7672ce7e3330ebcec036370015ba17a3153a34ac666b09339dd5ece8c,12,yes,2026-04-29T12:53:41.741146593Z,ARG SHA256SUM_AARCH64=81a5e828724478a7a036027a74356ceff0206147d3b1243c8ba32e0cfa187967
ghcr.io/argonne-lcf/chemgraph,sha256:2dfe3ae7672ce7e3330ebcec036370015ba17a3153a34ac666b09339dd5ece8c,13,,2026-04-29T12:53:57.709907734Z,"RUN |5 DEPRECATION_MESSAGE=::warning::This image is deprecated.\n\nUpdates to this image will be discontinued after version \`26.7.x\`. The latest Miniconda Docker images are available as \`anaconda/miniconda\`. For more information, visit: https://hub.docker.com/r/anaconda/miniconda\n INSTALLER_URL_LINUX64=https://repo.anaconda.com/miniconda/Miniconda3-py313_26.3.2-2-Linux-x86_64.sh SHA256SUM_LINUX64=2284bafb7863a23411b19874d216e237964d4b32dd9beb6807fa8b2d84570961 INSTALLER_URL_AARCH64=https://repo.anaconda.com/miniconda/Miniconda3-py313_26.3.2-2-Linux-aarch64.sh SHA256SUM_AARCH64=81a5e828724"
ghcr.io/argonne-lcf/chemgraph,sha256:2dfe3ae7672ce7e3330ebcec036370015ba17a3153a34ac666b09339dd5ece8c,14,,2026-07-07T20:09:49.030289157Z,WORKDIR /app
ghcr.io/argonne-lcf/chemgraph,sha256:2dfe3ae7672ce7e3330ebcec036370015ba17a3153a34ac666b09339dd5ece8c,15,,2026-07-07T20:09:49.087152833Z,COPY . /app # buildkit
ghcr.io/argonne-lcf/chemgraph,sha256:2dfe3ae7672ce7e3330ebcec036370015ba17a3153a34ac666b09339dd5ece8c,16,,2026-07-07T20:10:04.051180307Z,RUN /bin/sh -c apt-get update && apt-get install -y --no-install-recommends     build-essential     gfortran     git     cmake     pkg-config     curl     liblapack-dev     libblas-dev     libx11-xcb1 libxcomposite1 libxcursor1 libxdamage1 libxext6 libxfixes3 libxi6     libxrandr2 libxrender1 libxss1 libxtst6 libnss3 libatk1.0-0 libatk-bridge2.0-0     libcups2 libdrm2 libgbm1 libasound2     && rm -rf /var/lib/apt/lists/* # buildkit
ghcr.io/argonne-lcf/chemgraph,sha256:2dfe3ae7672ce7e3330ebcec036370015ba17a3153a34ac666b09339dd5ece8c,17,,2026-07-07T20:11:15.992047102Z,RUN /bin/sh -c conda install -y -c conda-forge     python=3.11     rdkit     nwchem     && conda clean -afy # buildkit
ghcr.io/argonne-lcf/chemgraph,sha256:2dfe3ae7672ce7e3330ebcec036370015ba17a3153a34ac666b09339dd5ece8c,18,,2026-07-07T20:13:08.103575521Z,RUN /bin/sh -c pip install --no-cache-dir . &&     pip install --no-cache-dir jupyterlab # buildkit
ghcr.io/argonne-lcf/chemgraph,sha256:2dfe3ae7672ce7e3330ebcec036370015ba17a3153a34ac666b09339dd5ece8c,19,,2026-07-07T20:14:13.74194164Z,"RUN /bin/sh -c CFLAGS=""-O2 -fno-tree-vectorize""     FFLAGS=""-O2 -fno-tree-vectorize""     pip install --no-cache-dir --no-binary=tblite --force-reinstall ""tblite==0.4.0"" # buildkit"
ghcr.io/argonne-lcf/chemgraph,sha256:2dfe3ae7672ce7e3330ebcec036370015ba17a3153a34ac666b09339dd5ece8c,20,,2026-07-07T20:14:13.952940074Z,"RUN /bin/sh -c which nwchem && python -c ""from tblite.ase import TBLite"" # buildkit"
ghcr.io/argonne-lcf/chemgraph,sha256:2dfe3ae7672ce7e3330ebcec036370015ba17a3153a34ac666b09339dd5ece8c,21,,2026-07-07T20:14:14.009047658Z,RUN /bin/sh -c git config --system --add safe.directory /app # buildkit
ghcr.io/argonne-lcf/chemgraph,sha256:2dfe3ae7672ce7e3330ebcec036370015ba17a3153a34ac666b09339dd5ece8c,22,yes,2026-07-07T20:14:14.009047658Z,ENV PYTHONUNBUFFERED=1 PIP_NO_CACHE_DIR=1
ghcr.io/argonne-lcf/chemgraph,sha256:2dfe3ae7672ce7e3330ebcec036370015ba17a3153a34ac666b09339dd5ece8c,23,yes,2026-07-07T20:14:14.009047658Z,EXPOSE [8501/tcp 8888/tcp 9003/tcp]
ghcr.io/argonne-lcf/chemgraph,sha256:2dfe3ae7672ce7e3330ebcec036370015ba17a3153a34ac666b09339dd5ece8c,24,yes,2026-07-07T20:14:14.009047658Z,"CMD [""jupyter"" ""lab"" ""--ip=0.0.0.0"" ""--port=8888"" ""--no-browser"" ""--allow-root"" ""--LabApp.token=""]"
ghcr.io/sooperset/mcp-atlassian,sha256:288251e6b2f67352d1955d0762a1e60ac33ffca1ceb878e4f617406d87a5a5e8,0,,2026-06-16T00:01:29.967161902Z,ADD alpine-minirootfs-3.24.1-x86_64.tar.gz / # buildkit
ghcr.io/sooperset/mcp-atlassian,sha256:288251e6b2f67352d1955d0762a1e60ac33ffca1ceb878e4f617406d87a5a5e8,1,yes,2026-06-16T00:01:29.967161902Z,"CMD [""/bin/sh""]"
ghcr.io/sooperset/mcp-atlassian,sha256:288251e6b2f67352d1955d0762a1e60ac33ffca1ceb878e4f617406d87a5a5e8,2,yes,2026-06-16T00:20:06.714793134Z,ENV PATH=/usr/local/bin:/usr/local/sbin:/usr/local/bin:/usr/sbin:/usr/bin:/sbin:/bin
ghcr.io/sooperset/mcp-atlassian,sha256:288251e6b2f67352d1955d0762a1e60ac33ffca1ceb878e4f617406d87a5a5e8,3,,2026-06-16T00:20:06.714793134Z,RUN /bin/sh -c set -eux; 	apk add --no-cache 		ca-certificates 		tzdata 	; # buildkit
ghcr.io/sooperset/mcp-atlassian,sha256:288251e6b2f67352d1955d0762a1e60ac33ffca1ceb878e4f617406d87a5a5e8,4,yes,2026-06-16T00:20:06.714793134Z,ENV GPG_KEY=7169605F62C751356D054A26A821E680E5FA6305
ghcr.io/sooperset/mcp-atlassian,sha256:288251e6b2f67352d1955d0762a1e60ac33ffca1ceb878e4f617406d87a5a5e8,5,yes,2026-06-16T00:20:06.714793134Z,ENV PYTHON_VERSION=3.13.14
ghcr.io/sooperset/mcp-atlassian,sha256:288251e6b2f67352d1955d0762a1e60ac33ffca1ceb878e4f617406d87a5a5e8,6,yes,2026-06-16T00:20:06.714793134Z,ENV PYTHON_SHA256=639e43243c620a308f968213df9e00f2f8f62332f7adbaa7a7eeb9783057c690
ghcr.io/sooperset/mcp-atlassian,sha256:288251e6b2f67352d1955d0762a1e60ac33ffca1ceb878e4f617406d87a5a5e8,7,,2026-06-16T00:25:55.598748044Z,"RUN /bin/sh -c set -eux; 		apk add --no-cache --virtual .build-deps 		bluez-dev 		bzip2-dev 		dpkg-dev dpkg 		findutils 		gcc 		gdbm-dev 		gnupg 		libc-dev 		libffi-dev 		libnsl-dev 		libtirpc-dev 		linux-headers 		make 		ncurses-dev 		openssl-dev 		pax-utils 		readline-dev 		sqlite-dev 		tar 		tcl-dev 		tk 		tk-dev 		util-linux-dev 		xz 		xz-dev 		zlib-dev 	; 		wget -O python.tar.xz ""https://www.python.org/ftp/python/${PYTHON_VERSION%%[a-z]*}/Python-$PYTHON_VERSION.tar.xz""; 	echo ""$PYTHON_SHA256 *python.tar.xz"" | sha256sum -c -; 	wget -O python.tar.xz.asc ""https://www.python.org/ftp/python/${"
ghcr.io/sooperset/mcp-atlassian,sha256:288251e6b2f67352d1955d0762a1e60ac33ffca1ceb878e4f617406d87a5a5e8,8,,2026-06-16T00:25:55.706932917Z,"RUN /bin/sh -c set -eux; 	for src in idle3 pip3 pydoc3 python3 python3-config; do 		dst=""$(echo ""$src"" | tr -d 3)""; 		[ -s ""/usr/local/bin/$src"" ]; 		[ ! -e ""/usr/local/bin/$dst"" ]; 		ln -svT ""$src"" ""/usr/local/bin/$dst""; 	done # buildkit"
ghcr.io/sooperset/mcp-atlassian,sha256:288251e6b2f67352d1955d0762a1e60ac33ffca1ceb878e4f617406d87a5a5e8,9,yes,2026-06-16T00:25:55.706932917Z,"CMD [""python3""]"
ghcr.io/sooperset/mcp-atlassian,sha256:288251e6b2f67352d1955d0762a1e60ac33ffca1ceb878e4f617406d87a5a5e8,10,,2026-07-11T04:29:25.005824321Z,RUN /bin/sh -c adduser -D -h /home/app -s /bin/sh app # buildkit
ghcr.io/sooperset/mcp-atlassian,sha256:288251e6b2f67352d1955d0762a1e60ac33ffca1ceb878e4f617406d87a5a5e8,11,,2026-07-11T04:29:25.030949312Z,WORKDIR /app
ghcr.io/sooperset/mcp-atlassian,sha256:288251e6b2f67352d1955d0762a1e60ac33ffca1ceb878e4f617406d87a5a5e8,12,yes,2026-07-11T04:29:37.800659729Z,USER app
ghcr.io/sooperset/mcp-atlassian,sha256:288251e6b2f67352d1955d0762a1e60ac33ffca1ceb878e4f617406d87a5a5e8,13,,2026-07-11T04:29:37.800659729Z,COPY --chown=app:app /app/.venv /app/.venv # buildkit
ghcr.io/sooperset/mcp-atlassian,sha256:288251e6b2f67352d1955d0762a1e60ac33ffca1ceb878e4f617406d87a5a5e8,14,yes,2026-07-11T04:29:37.800659729Z,ENV PATH=/app/.venv/bin:/usr/local/bin:/usr/local/sbin:/usr/local/bin:/usr/sbin:/usr/bin:/sbin:/bin
ghcr.io/sooperset/mcp-atlassian,sha256:288251e6b2f67352d1955d0762a1e60ac33ffca1ceb878e4f617406d87a5a5e8,15,yes,2026-07-11T04:29:37.800659729Z,ENV PYTHONUNBUFFERED=1
ghcr.io/sooperset/mcp-atlassian,sha256:288251e6b2f67352d1955d0762a1e60ac33ffca1ceb878e4f617406d87a5a5e8,16,yes,2026-07-11T04:29:37.800659729Z,"ENTRYPOINT [""mcp-atlassian""]"
public.ecr.aws/mcp-proxy-for-aws/mcp-proxy-for-aws,sha256:001e8dc7c6a067d2d26f76e5ba6cbe2b76f556a67f32f673989196f0b2a5178f,0,,2026-05-15T01:52:20.423376327Z,ADD al2023-container-raw-2023.11.20260514.0-amd64.tar.xz / # buildkit
public.ecr.aws/mcp-proxy-for-aws/mcp-proxy-for-aws,sha256:001e8dc7c6a067d2d26f76e5ba6cbe2b76f556a67f32f673989196f0b2a5178f,1,yes,2026-05-15T01:52:20.423376327Z,"CMD [""/bin/bash""]"
public.ecr.aws/mcp-proxy-for-aws/mcp-proxy-for-aws,sha256:001e8dc7c6a067d2d26f76e5ba6cbe2b76f556a67f32f673989196f0b2a5178f,2,yes,2026-05-22T11:46:26.982949999Z,ENV PYTHONUNBUFFERED=1 PIP_NO_CACHE_DIR=1 PIP_DISABLE_PIP_VERSION_CHECK=1
public.ecr.aws/mcp-proxy-for-aws/mcp-proxy-for-aws,sha256:001e8dc7c6a067d2d26f76e5ba6cbe2b76f556a67f32f673989196f0b2a5178f,3,,2026-05-22T11:46:26.982949999Z,RUN /bin/sh -c yum update -y &&     yum install -y         python3.13         python3.13-pip         ca-certificates         shadow-utils         lsof &&     yum clean all &&     update-ca-trust &&     groupadd -r app &&     useradd -r -g app -d /app app # buildkit
public.ecr.aws/mcp-proxy-for-aws/mcp-proxy-for-aws,sha256:001e8dc7c6a067d2d26f76e5ba6cbe2b76f556a67f32f673989196f0b2a5178f,4,,2026-05-22T11:46:40.795787293Z,RUN /bin/sh -c python3.13 -m pip install mcp-proxy-for-aws # buildkit
public.ecr.aws/mcp-proxy-for-aws/mcp-proxy-for-aws,sha256:001e8dc7c6a067d2d26f76e5ba6cbe2b76f556a67f32f673989196f0b2a5178f,5,,2026-05-22T11:46:40.888909313Z,COPY ./docker-healthcheck.sh /usr/local/bin/docker-healthcheck.sh # buildkit
public.ecr.aws/mcp-proxy-for-aws/mcp-proxy-for-aws,sha256:001e8dc7c6a067d2d26f76e5ba6cbe2b76f556a67f32f673989196f0b2a5178f,6,yes,2026-05-22T11:46:40.888909313Z,USER app
public.ecr.aws/mcp-proxy-for-aws/mcp-proxy-for-aws,sha256:001e8dc7c6a067d2d26f76e5ba6cbe2b76f556a67f32f673989196f0b2a5178f,7,yes,2026-05-22T11:46:40.888909313Z,HEALTHCHECK {Test:[CMD docker-healthcheck.sh] Interval:1m0s Timeout:10s StartPeriod:10s StartInterval:0s Retries:3}
public.ecr.aws/mcp-proxy-for-aws/mcp-proxy-for-aws,sha256:001e8dc7c6a067d2d26f76e5ba6cbe2b76f556a67f32f673989196f0b2a5178f,8,yes,2026-05-22T11:46:40.888909313Z,"ENTRYPOINT [""mcp-proxy-for-aws""]"
ghcr.io/dhyansraj/mcp-mesh/python-runtime,sha256:c927f159aa50cbdec86e568ac8f196727bee795e2a66572e98f9451a9da3822b,0,,2026-05-18T00:00:00Z,# debian.sh --arch 'amd64' out/ 'trixie' '@1779062400'
ghcr.io/dhyansraj/mcp-mesh/python-runtime,sha256:c927f159aa50cbdec86e568ac8f196727bee795e2a66572e98f9451a9da3822b,1,yes,2026-05-19T23:43:52.900305759Z,ENV PATH=/usr/local/bin:/usr/local/sbin:/usr/local/bin:/usr/sbin:/usr/bin:/sbin:/bin
ghcr.io/dhyansraj/mcp-mesh/python-runtime,sha256:c927f159aa50cbdec86e568ac8f196727bee795e2a66572e98f9451a9da3822b,2,yes,2026-05-19T23:43:52.900305759Z,ENV LANG=C.UTF-8
ghcr.io/dhyansraj/mcp-mesh/python-runtime,sha256:c927f159aa50cbdec86e568ac8f196727bee795e2a66572e98f9451a9da3822b,3,,2026-05-19T23:43:52.900305759Z,RUN /bin/sh -c set -eux; 	apt-get update; 	apt-get install -y --no-install-recommends 		ca-certificates 		netbase 		tzdata 	; 	apt-get dist-clean # buildkit
ghcr.io/dhyansraj/mcp-mesh/python-runtime,sha256:c927f159aa50cbdec86e568ac8f196727bee795e2a66572e98f9451a9da3822b,4,yes,2026-05-19T23:43:52.900305759Z,ENV GPG_KEY=A035C8C19219BA821ECEA86B64E628F8D684696D
ghcr.io/dhyansraj/mcp-mesh/python-runtime,sha256:c927f159aa50cbdec86e568ac8f196727bee795e2a66572e98f9451a9da3822b,5,yes,2026-05-19T23:43:52.900305759Z,ENV PYTHON_VERSION=3.11.15
ghcr.io/dhyansraj/mcp-mesh/python-runtime,sha256:c927f159aa50cbdec86e568ac8f196727bee795e2a66572e98f9451a9da3822b,6,yes,2026-05-19T23:43:52.900305759Z,ENV PYTHON_SHA256=272179ddd9a2e41a0fc8e42e33dfbdca0b3711aa5abf372d3f2d51543d09b625
ghcr.io/dhyansraj/mcp-mesh/python-runtime,sha256:c927f159aa50cbdec86e568ac8f196727bee795e2a66572e98f9451a9da3822b,7,,2026-05-19T23:52:06.637283537Z,"RUN /bin/sh -c set -eux; 		savedAptMark=""$(apt-mark showmanual)""; 	apt-get update; 	apt-get install -y --no-install-recommends 		dpkg-dev 		gcc 		gnupg 		libbluetooth-dev 		libbz2-dev 		libc6-dev 		libdb-dev 		libffi-dev 		libgdbm-dev 		liblzma-dev 		libncursesw5-dev 		libreadline-dev 		libsqlite3-dev 		libssl-dev 		make 		tk-dev 		uuid-dev 		wget 		xz-utils 		zlib1g-dev 	; 		wget -O python.tar.xz ""https://www.python.org/ftp/python/${PYTHON_VERSION%%[a-z]*}/Python-$PYTHON_VERSION.tar.xz""; 	echo ""$PYTHON_SHA256 *python.tar.xz"" | sha256sum -c -; 	wget -O python.tar.xz.asc ""https://www.python.org"
ghcr.io/dhyansraj/mcp-mesh/python-runtime,sha256:c927f159aa50cbdec86e568ac8f196727bee795e2a66572e98f9451a9da3822b,8,,2026-05-19T23:52:06.753979707Z,"RUN /bin/sh -c set -eux; 	for src in idle3 pip3 pydoc3 python3 python3-config; do 		dst=""$(echo ""$src"" | tr -d 3)""; 		[ -s ""/usr/local/bin/$src"" ]; 		[ ! -e ""/usr/local/bin/$dst"" ]; 		ln -svT ""$src"" ""/usr/local/bin/$dst""; 	done # buildkit"
ghcr.io/dhyansraj/mcp-mesh/python-runtime,sha256:c927f159aa50cbdec86e568ac8f196727bee795e2a66572e98f9451a9da3822b,9,yes,2026-05-19T23:52:06.753979707Z,"CMD [""python3""]"
ghcr.io/dhyansraj/mcp-mesh/python-runtime,sha256:c927f159aa50cbdec86e568ac8f196727bee795e2a66572e98f9451a9da3822b,10,yes,2026-05-21T12:26:03.929871016Z,ARG VERSION=2.2.4
ghcr.io/dhyansraj/mcp-mesh/python-runtime,sha256:c927f159aa50cbdec86e568ac8f196727bee795e2a66572e98f9451a9da3822b,11,,2026-05-21T12:26:03.929871016Z,RUN |1 VERSION=2.2.4 /bin/sh -c apt-get update && apt-get install -y     curl     wget     && rm -rf /var/lib/apt/lists/*     && groupadd -r mcp-mesh     && useradd -r -g mcp-mesh mcp-mesh # buildkit
ghcr.io/dhyansraj/mcp-mesh/python-runtime,sha256:c927f159aa50cbdec86e568ac8f196727bee795e2a66572e98f9451a9da3822b,12,,2026-05-21T12:26:40.518223091Z,"RUN |1 VERSION=2.2.4 /bin/sh -c if [ -z ""$VERSION"" ]; then echo ""VERSION build arg is required"" && exit 1; fi &&     echo ""Installing mcp-mesh==${VERSION} from PyPI"" &&     pip install --no-cache-dir mcp-mesh==${VERSION} # buildkit"
ghcr.io/dhyansraj/mcp-mesh/python-runtime,sha256:c927f159aa50cbdec86e568ac8f196727bee795e2a66572e98f9451a9da3822b,13,,2026-05-21T12:26:40.791725109Z,RUN |1 VERSION=2.2.4 /bin/sh -c mkdir -p /app && chown mcp-mesh:mcp-mesh /app # buildkit
ghcr.io/dhyansraj/mcp-mesh/python-runtime,sha256:c927f159aa50cbdec86e568ac8f196727bee795e2a66572e98f9451a9da3822b,14,yes,2026-05-21T12:26:40.791725109Z,USER mcp-mesh
ghcr.io/dhyansraj/mcp-mesh/python-runtime,sha256:c927f159aa50cbdec86e568ac8f196727bee795e2a66572e98f9451a9da3822b,15,,2026-05-21T12:26:40.80133072Z,WORKDIR /app
ghcr.io/dhyansraj/mcp-mesh/python-runtime,sha256:c927f159aa50cbdec86e568ac8f196727bee795e2a66572e98f9451a9da3822b,16,yes,2026-05-21T12:26:40.80133072Z,"HEALTHCHECK {Test:[CMD-SHELL python -c ""import requests; requests.get('http://localhost:8080/health', timeout=2)"" || exit 1] Interval:30s Timeout:3s StartPeriod:10s StartInterval:0s Retries:3}"
ghcr.io/dhyansraj/mcp-mesh/python-runtime,sha256:c927f159aa50cbdec86e568ac8f196727bee795e2a66572e98f9451a9da3822b,17,yes,2026-05-21T12:26:40.80133072Z,EXPOSE [8080/tcp]
ghcr.io/dhyansraj/mcp-mesh/python-runtime,sha256:c927f159aa50cbdec86e568ac8f196727bee795e2a66572e98f9451a9da3822b,18,yes,2026-05-21T12:26:40.80133072Z,"ENTRYPOINT [""python""]"
ghcr.io/dhyansraj/mcp-mesh/python-runtime,sha256:5ee27358a7ad38cd7d3c8d089d1163e016e04ecae5fa83e94aa258e1ab7cf8e6,0,,2026-06-23T00:00:00Z,# debian.sh --arch 'amd64' out/ 'trixie' '@1782172800'
ghcr.io/dhyansraj/mcp-mesh/python-runtime,sha256:5ee27358a7ad38cd7d3c8d089d1163e016e04ecae5fa83e94aa258e1ab7cf8e6,1,yes,2026-07-06T21:42:21.535170925Z,ENV PATH=/usr/local/bin:/usr/local/sbin:/usr/local/bin:/usr/sbin:/usr/bin:/sbin:/bin
ghcr.io/dhyansraj/mcp-mesh/python-runtime,sha256:5ee27358a7ad38cd7d3c8d089d1163e016e04ecae5fa83e94aa258e1ab7cf8e6,2,yes,2026-07-06T21:42:21.535170925Z,ENV LANG=C.UTF-8
ghcr.io/dhyansraj/mcp-mesh/python-runtime,sha256:5ee27358a7ad38cd7d3c8d089d1163e016e04ecae5fa83e94aa258e1ab7cf8e6,3,,2026-07-06T21:42:21.535170925Z,RUN /bin/sh -c set -eux; 	apt-get update; 	apt-get install -y --no-install-recommends 		ca-certificates 		netbase 		tzdata 	; 	apt-get dist-clean # buildkit
ghcr.io/dhyansraj/mcp-mesh/python-runtime,sha256:5ee27358a7ad38cd7d3c8d089d1163e016e04ecae5fa83e94aa258e1ab7cf8e6,4,yes,2026-07-06T21:42:21.535170925Z,ENV GPG_KEY=A035C8C19219BA821ECEA86B64E628F8D684696D
ghcr.io/dhyansraj/mcp-mesh/python-runtime,sha256:5ee27358a7ad38cd7d3c8d089d1163e016e04ecae5fa83e94aa258e1ab7cf8e6,5,yes,2026-07-06T21:42:21.535170925Z,ENV PYTHON_VERSION=3.11.15
ghcr.io/dhyansraj/mcp-mesh/python-runtime,sha256:5ee27358a7ad38cd7d3c8d089d1163e016e04ecae5fa83e94aa258e1ab7cf8e6,6,yes,2026-07-06T21:42:21.535170925Z,ENV PYTHON_SHA256=272179ddd9a2e41a0fc8e42e33dfbdca0b3711aa5abf372d3f2d51543d09b625
ghcr.io/dhyansraj/mcp-mesh/python-runtime,sha256:5ee27358a7ad38cd7d3c8d089d1163e016e04ecae5fa83e94aa258e1ab7cf8e6,7,,2026-07-06T21:49:56.185214545Z,"RUN /bin/sh -c set -eux; 		savedAptMark=""$(apt-mark showmanual)""; 	apt-get update; 	apt-get install -y --no-install-recommends 		dpkg-dev 		gcc 		gnupg 		libbluetooth-dev 		libbz2-dev 		libc6-dev 		libdb-dev 		libffi-dev 		libgdbm-dev 		liblzma-dev 		libncursesw5-dev 		libreadline-dev 		libsqlite3-dev 		libssl-dev 		make 		tk-dev 		uuid-dev 		wget 		xz-utils 		zlib1g-dev 	; 		wget -O python.tar.xz ""https://www.python.org/ftp/python/${PYTHON_VERSION%%[a-z]*}/Python-$PYTHON_VERSION.tar.xz""; 	echo ""$PYTHON_SHA256 *python.tar.xz"" | sha256sum -c -; 	wget -O python.tar.xz.asc ""https://www.python.org"
ghcr.io/dhyansraj/mcp-mesh/python-runtime,sha256:5ee27358a7ad38cd7d3c8d089d1163e016e04ecae5fa83e94aa258e1ab7cf8e6,8,,2026-07-06T21:49:56.295660256Z,"RUN /bin/sh -c set -eux; 	for src in idle3 pip3 pydoc3 python3 python3-config; do 		dst=""$(echo ""$src"" | tr -d 3)""; 		[ -s ""/usr/local/bin/$src"" ]; 		[ ! -e ""/usr/local/bin/$dst"" ]; 		ln -svT ""$src"" ""/usr/local/bin/$dst""; 	done # buildkit"
ghcr.io/dhyansraj/mcp-mesh/python-runtime,sha256:5ee27358a7ad38cd7d3c8d089d1163e016e04ecae5fa83e94aa258e1ab7cf8e6,9,yes,2026-07-06T21:49:56.295660256Z,"CMD [""python3""]"
ghcr.io/dhyansraj/mcp-mesh/python-runtime,sha256:5ee27358a7ad38cd7d3c8d089d1163e016e04ecae5fa83e94aa258e1ab7cf8e6,10,yes,2026-07-08T17:03:30.724939493Z,ARG VERSION=3.1.0
ghcr.io/dhyansraj/mcp-mesh/python-runtime,sha256:5ee27358a7ad38cd7d3c8d089d1163e016e04ecae5fa83e94aa258e1ab7cf8e6,11,,2026-07-08T17:03:30.724939493Z,RUN |1 VERSION=3.1.0 /bin/sh -c apt-get update && apt-get install -y     curl     wget     && rm -rf /var/lib/apt/lists/*     && groupadd -r -g 999 mcp-mesh     && useradd -r -u 999 -g mcp-mesh mcp-mesh # buildkit
ghcr.io/dhyansraj/mcp-mesh/python-runtime,sha256:5ee27358a7ad38cd7d3c8d089d1163e016e04ecae5fa83e94aa258e1ab7cf8e6,12,,2026-07-08T17:04:00.925119643Z,"RUN |1 VERSION=3.1.0 /bin/sh -c if [ -z ""$VERSION"" ]; then echo ""VERSION build arg is required"" && exit 1; fi &&     echo ""Installing mcp-mesh==${VERSION} from PyPI"" &&     pip install --no-cache-dir mcp-mesh==${VERSION} # buildkit"
ghcr.io/dhyansraj/mcp-mesh/python-runtime,sha256:5ee27358a7ad38cd7d3c8d089d1163e016e04ecae5fa83e94aa258e1ab7cf8e6,13,,2026-07-08T17:04:01.150303103Z,RUN |1 VERSION=3.1.0 /bin/sh -c mkdir -p /app && chown mcp-mesh:mcp-mesh /app # buildkit
ghcr.io/dhyansraj/mcp-mesh/python-runtime,sha256:5ee27358a7ad38cd7d3c8d089d1163e016e04ecae5fa83e94aa258e1ab7cf8e6,14,yes,2026-07-08T17:04:01.150303103Z,USER mcp-mesh
ghcr.io/dhyansraj/mcp-mesh/python-runtime,sha256:5ee27358a7ad38cd7d3c8d089d1163e016e04ecae5fa83e94aa258e1ab7cf8e6,15,,2026-07-08T17:04:01.162705125Z,WORKDIR /app
ghcr.io/dhyansraj/mcp-mesh/python-runtime,sha256:5ee27358a7ad38cd7d3c8d089d1163e016e04ecae5fa83e94aa258e1ab7cf8e6,16,yes,2026-07-08T17:04:01.162705125Z,"HEALTHCHECK {Test:[CMD-SHELL python -c ""import requests; requests.get('http://localhost:8080/health', timeout=2)"" || exit 1] Interval:30s Timeout:3s StartPeriod:10s StartInterval:0s Retries:3}"
ghcr.io/dhyansraj/mcp-mesh/python-runtime,sha256:5ee27358a7ad38cd7d3c8d089d1163e016e04ecae5fa83e94aa258e1ab7cf8e6,17,yes,2026-07-08T17:04:01.162705125Z,EXPOSE [8080/tcp]
ghcr.io/dhyansraj/mcp-mesh/python-runtime,sha256:5ee27358a7ad38cd7d3c8d089d1163e016e04ecae5fa83e94aa258e1ab7cf8e6,18,yes,2026-07-08T17:04:01.162705125Z,"ENTRYPOINT [""python""]"
ghcr.io/oraios/serena,sha256:50fea153ccf96bbe75ac135c76816e5bc876daeafe242665fe248f5cbe5d20f4,0,,2026-05-18T00:00:00Z,# debian.sh --arch 'amd64' out/ 'trixie' '@1779062400'
ghcr.io/oraios/serena,sha256:50fea153ccf96bbe75ac135c76816e5bc876daeafe242665fe248f5cbe5d20f4,1,yes,2026-05-19T23:43:52.900305759Z,ENV PATH=/usr/local/bin:/usr/local/sbin:/usr/local/bin:/usr/sbin:/usr/bin:/sbin:/bin
ghcr.io/oraios/serena,sha256:50fea153ccf96bbe75ac135c76816e5bc876daeafe242665fe248f5cbe5d20f4,2,yes,2026-05-19T23:43:52.900305759Z,ENV LANG=C.UTF-8
ghcr.io/oraios/serena,sha256:50fea153ccf96bbe75ac135c76816e5bc876daeafe242665fe248f5cbe5d20f4,3,,2026-05-19T23:43:52.900305759Z,RUN /bin/sh -c set -eux; 	apt-get update; 	apt-get install -y --no-install-recommends 		ca-certificates 		netbase 		tzdata 	; 	apt-get dist-clean # buildkit
ghcr.io/oraios/serena,sha256:50fea153ccf96bbe75ac135c76816e5bc876daeafe242665fe248f5cbe5d20f4,4,yes,2026-05-19T23:43:52.900305759Z,ENV GPG_KEY=A035C8C19219BA821ECEA86B64E628F8D684696D
ghcr.io/oraios/serena,sha256:50fea153ccf96bbe75ac135c76816e5bc876daeafe242665fe248f5cbe5d20f4,5,yes,2026-05-19T23:43:52.900305759Z,ENV PYTHON_VERSION=3.11.15
ghcr.io/oraios/serena,sha256:50fea153ccf96bbe75ac135c76816e5bc876daeafe242665fe248f5cbe5d20f4,6,yes,2026-05-19T23:43:52.900305759Z,ENV PYTHON_SHA256=272179ddd9a2e41a0fc8e42e33dfbdca0b3711aa5abf372d3f2d51543d09b625
ghcr.io/oraios/serena,sha256:50fea153ccf96bbe75ac135c76816e5bc876daeafe242665fe248f5cbe5d20f4,7,,2026-05-19T23:52:06.637283537Z,"RUN /bin/sh -c set -eux; 		savedAptMark=""$(apt-mark showmanual)""; 	apt-get update; 	apt-get install -y --no-install-recommends 		dpkg-dev 		gcc 		gnupg 		libbluetooth-dev 		libbz2-dev 		libc6-dev 		libdb-dev 		libffi-dev 		libgdbm-dev 		liblzma-dev 		libncursesw5-dev 		libreadline-dev 		libsqlite3-dev 		libssl-dev 		make 		tk-dev 		uuid-dev 		wget 		xz-utils 		zlib1g-dev 	; 		wget -O python.tar.xz ""https://www.python.org/ftp/python/${PYTHON_VERSION%%[a-z]*}/Python-$PYTHON_VERSION.tar.xz""; 	echo ""$PYTHON_SHA256 *python.tar.xz"" | sha256sum -c -; 	wget -O python.tar.xz.asc ""https://www.python.org"
ghcr.io/oraios/serena,sha256:50fea153ccf96bbe75ac135c76816e5bc876daeafe242665fe248f5cbe5d20f4,8,,2026-05-19T23:52:06.753979707Z,"RUN /bin/sh -c set -eux; 	for src in idle3 pip3 pydoc3 python3 python3-config; do 		dst=""$(echo ""$src"" | tr -d 3)""; 		[ -s ""/usr/local/bin/$src"" ]; 		[ ! -e ""/usr/local/bin/$dst"" ]; 		ln -svT ""$src"" ""/usr/local/bin/$dst""; 	done # buildkit"
ghcr.io/oraios/serena,sha256:50fea153ccf96bbe75ac135c76816e5bc876daeafe242665fe248f5cbe5d20f4,9,yes,2026-05-19T23:52:06.753979707Z,"CMD [""python3""]"
ghcr.io/oraios/serena,sha256:50fea153ccf96bbe75ac135c76816e5bc876daeafe242665fe248f5cbe5d20f4,10,yes,2026-05-20T12:09:14.190917901Z,SHELL [/bin/bash -c]
ghcr.io/oraios/serena,sha256:50fea153ccf96bbe75ac135c76816e5bc876daeafe242665fe248f5cbe5d20f4,11,yes,2026-05-20T12:09:14.190917901Z,ENV PYTHONUNBUFFERED=1
ghcr.io/oraios/serena,sha256:50fea153ccf96bbe75ac135c76816e5bc876daeafe242665fe248f5cbe5d20f4,12,yes,2026-05-20T12:09:14.190917901Z,ENV PYTHONDONTWRITEBYTECODE=1
ghcr.io/oraios/serena,sha256:50fea153ccf96bbe75ac135c76816e5bc876daeafe242665fe248f5cbe5d20f4,13,,2026-05-20T12:09:14.190917901Z,RUN /bin/bash -c apt-get update && apt-get install -y --no-install-recommends     curl     build-essential     git     ssh     sudo     wget     zip     unzip     git     && rm -rf /var/lib/apt/lists/* # buildkit
ghcr.io/oraios/serena,sha256:50fea153ccf96bbe75ac135c76816e5bc876daeafe242665fe248f5cbe5d20f4,14,,2026-05-20T12:09:17.072257925Z,RUN /bin/bash -c python3 -m pip install --no-cache-dir pipx     && pipx ensurepath # buildkit
ghcr.io/oraios/serena,sha256:50fea153ccf96bbe75ac135c76816e5bc876daeafe242665fe248f5cbe5d20f4,15,yes,2026-05-20T12:09:17.072257925Z,ENV NVM_VERSION=0.40.3
ghcr.io/oraios/serena,sha256:50fea153ccf96bbe75ac135c76816e5bc876daeafe242665fe248f5cbe5d20f4,16,yes,2026-05-20T12:09:17.072257925Z,ENV NODE_VERSION=22.18.0
ghcr.io/oraios/serena,sha256:50fea153ccf96bbe75ac135c76816e5bc876daeafe242665fe248f5cbe5d20f4,17,,2026-05-20T12:09:22.20698843Z,RUN /bin/bash -c curl -o- https://raw.githubusercontent.com/nvm-sh/nvm/v${NVM_VERSION}/install.sh | bash # buildkit
ghcr.io/oraios/serena,sha256:50fea153ccf96bbe75ac135c76816e5bc876daeafe242665fe248f5cbe5d20f4,18,yes,2026-05-20T12:09:22.20698843Z,ENV NVM_DIR=/root/.nvm
ghcr.io/oraios/serena,sha256:50fea153ccf96bbe75ac135c76816e5bc876daeafe242665fe248f5cbe5d20f4,19,,2026-05-20T12:09:23.078421198Z,"RUN /bin/bash -c . ""$NVM_DIR/nvm.sh"" && nvm install ${NODE_VERSION} # buildkit"
ghcr.io/oraios/serena,sha256:50fea153ccf96bbe75ac135c76816e5bc876daeafe242665fe248f5cbe5d20f4,20,,2026-05-26T14:44:42.974343289Z,"RUN /bin/bash -c . ""$NVM_DIR/nvm.sh"" && nvm use v${NODE_VERSION} # buildkit"
ghcr.io/oraios/serena,sha256:50fea153ccf96bbe75ac135c76816e5bc876daeafe242665fe248f5cbe5d20f4,21,,2026-05-20T12:09:23.761349602Z,"RUN /bin/bash -c . ""$NVM_DIR/nvm.sh"" && nvm alias default v${NODE_VERSION} # buildkit"
ghcr.io/oraios/serena,sha256:50fea153ccf96bbe75ac135c76816e5bc876daeafe242665fe248f5cbe5d20f4,22,yes,2026-05-20T12:09:23.761349602Z,ENV PATH=/root/.nvm/versions/node/v22.18.0/bin/:/usr/local/bin:/usr/local/sbin:/usr/local/bin:/usr/sbin:/usr/bin:/sbin:/bin
ghcr.io/oraios/serena,sha256:50fea153ccf96bbe75ac135c76816e5bc876daeafe242665fe248f5cbe5d20f4,23,yes,2026-05-20T12:09:23.761349602Z,ENV PATH=/root/.nvm/versions/node/v22.18.0/bin/:/usr/local/bin:/usr/local/sbin:/usr/local/bin:/usr/sbin:/usr/bin:/sbin:/bin:/root/.local/bin
ghcr.io/oraios/serena,sha256:50fea153ccf96bbe75ac135c76816e5bc876daeafe242665fe248f5cbe5d20f4,24,,2026-05-20T12:09:24.973488649Z,RUN /bin/bash -c curl -LsSf https://astral.sh/uv/install.sh | sh # buildkit
ghcr.io/oraios/serena,sha256:50fea153ccf96bbe75ac135c76816e5bc876daeafe242665fe248f5cbe5d20f4,25,yes,2026-05-20T12:09:24.973488649Z,ENV RUSTUP_HOME=/usr/local/rustup
ghcr.io/oraios/serena,sha256:50fea153ccf96bbe75ac135c76816e5bc876daeafe242665fe248f5cbe5d20f4,26,yes,2026-05-20T12:09:24.973488649Z,ENV CARGO_HOME=/usr/local/cargo
ghcr.io/oraios/serena,sha256:50fea153ccf96bbe75ac135c76816e5bc876daeafe242665fe248f5cbe5d20f4,27,yes,2026-05-20T12:09:24.973488649Z,ENV PATH=/usr/local/cargo/bin:/root/.nvm/versions/node/v22.18.0/bin/:/usr/local/bin:/usr/local/sbin:/usr/local/bin:/usr/sbin:/usr/bin:/sbin:/bin:/root/.local/bin
ghcr.io/oraios/serena,sha256:50fea153ccf96bbe75ac135c76816e5bc876daeafe242665fe248f5cbe5d20f4,28,,2026-05-20T12:09:37.441109247Z,RUN /bin/bash -c curl --proto '=https' --tlsv1.2 -sSf https://sh.rustup.rs | sh -s -- -y     --default-toolchain stable     --profile minimal     && rustup component add rust-analyzer # buildkit
ghcr.io/oraios/serena,sha256:50fea153ccf96bbe75ac135c76816e5bc876daeafe242665fe248f5cbe5d20f4,29,,2026-05-20T12:09:37.450051137Z,WORKDIR /workspaces/serena
ghcr.io/oraios/serena,sha256:50fea153ccf96bbe75ac135c76816e5bc876daeafe242665fe248f5cbe5d20f4,30,,2026-05-26T15:06:50.051972421Z,COPY . /workspaces/serena/ # buildkit
ghcr.io/oraios/serena,sha256:50fea153ccf96bbe75ac135c76816e5bc876daeafe242665fe248f5cbe5d20f4,31,,2026-05-26T15:06:52.54443058Z,RUN /bin/bash -c apt-get update && apt-get install -y sed # buildkit
ghcr.io/oraios/serena,sha256:50fea153ccf96bbe75ac135c76816e5bc876daeafe242665fe248f5cbe5d20f4,32,yes,2026-05-26T15:06:52.54443058Z,ENV SERENA_HOME=/workspaces/serena/config
ghcr.io/oraios/serena,sha256:50fea153ccf96bbe75ac135c76816e5bc876daeafe242665fe248f5cbe5d20f4,33,,2026-05-26T15:06:52.62888913Z,RUN /bin/bash -c mkdir -p $SERENA_HOME # buildkit
ghcr.io/oraios/serena,sha256:50fea153ccf96bbe75ac135c76816e5bc876daeafe242665fe248f5cbe5d20f4,34,,2026-05-26T15:06:52.682543077Z,RUN /bin/bash -c cp src/serena/resources/serena_config.template.yml $SERENA_HOME/serena_config.yml # buildkit
ghcr.io/oraios/serena,sha256:50fea153ccf96bbe75ac135c76816e5bc876daeafe242665fe248f5cbe5d20f4,35,,2026-05-26T15:06:52.740717643Z,RUN /bin/bash -c sed -i 's/^gui_log_window: .*/gui_log_window: False/' $SERENA_HOME/serena_config.yml # buildkit
ghcr.io/oraios/serena,sha256:50fea153ccf96bbe75ac135c76816e5bc876daeafe242665fe248f5cbe5d20f4,36,,2026-05-26T15:06:52.956682614Z,RUN /bin/bash -c sed -i 's/^web_dashboard_listen_address: .*/web_dashboard_listen_address: 0.0.0.0/' $SERENA_HOME/serena_config.yml # buildkit
ghcr.io/oraios/serena,sha256:50fea153ccf96bbe75ac135c76816e5bc876daeafe242665fe248f5cbe5d20f4,37,,2026-05-26T15:06:53.047209352Z,RUN /bin/bash -c sed -i 's/^web_dashboard_open_on_launch: .*/web_dashboard_open_on_launch: False/' $SERENA_HOME/serena_config.yml # buildkit
ghcr.io/oraios/serena,sha256:50fea153ccf96bbe75ac135c76816e5bc876daeafe242665fe248f5cbe5d20f4,38,,2026-05-26T15:06:53.231214488Z,RUN /bin/bash -c uv venv # buildkit
ghcr.io/oraios/serena,sha256:50fea153ccf96bbe75ac135c76816e5bc876daeafe242665fe248f5cbe5d20f4,39,,2026-05-26T15:06:53.302609662Z,RUN /bin/bash -c . .venv/bin/activate # buildkit
ghcr.io/oraios/serena,sha256:50fea153ccf96bbe75ac135c76816e5bc876daeafe242665fe248f5cbe5d20f4,40,,2026-05-26T15:06:56.651470866Z,RUN /bin/bash -c uv pip install -r pyproject.toml -e . # buildkit
ghcr.io/oraios/serena,sha256:50fea153ccf96bbe75ac135c76816e5bc876daeafe242665fe248f5cbe5d20f4,41,yes,2026-05-26T15:06:56.651470866Z,ENV PATH=/workspaces/serena/.venv/bin:/usr/local/cargo/bin:/root/.nvm/versions/node/v22.18.0/bin/:/usr/local/bin:/usr/local/sbin:/usr/local/bin:/usr/sbin:/usr/bin:/sbin:/bin:/root/.local/bin
ghcr.io/oraios/serena,sha256:50fea153ccf96bbe75ac135c76816e5bc876daeafe242665fe248f5cbe5d20f4,42,yes,2026-05-26T15:06:56.651470866Z,"ENTRYPOINT [""/bin/bash"" ""-c"" ""source .venv/bin/activate && $0 $@""]"
ghcr.io/the-openroad-project/openroad-mcp,sha256:f2d97eb2af52bd140389757a69cc4a6c0d2ba920d974c78db511f9d43c56cbd3,0,yes,2026-02-10T17:40:06.784916222Z,/bin/sh -c #(nop)  ARG RELEASE
ghcr.io/the-openroad-project/openroad-mcp,sha256:f2d97eb2af52bd140389757a69cc4a6c0d2ba920d974c78db511f9d43c56cbd3,1,yes,2026-02-10T17:40:06.833163186Z,/bin/sh -c #(nop)  ARG LAUNCHPAD_BUILD_ARCH
ghcr.io/the-openroad-project/openroad-mcp,sha256:f2d97eb2af52bd140389757a69cc4a6c0d2ba920d974c78db511f9d43c56cbd3,2,yes,2026-02-10T17:40:06.875605404Z,/bin/sh -c #(nop)  LABEL org.opencontainers.image.ref.name=ubuntu
ghcr.io/the-openroad-project/openroad-mcp,sha256:f2d97eb2af52bd140389757a69cc4a6c0d2ba920d974c78db511f9d43c56cbd3,3,yes,2026-02-10T17:40:06.903799821Z,/bin/sh -c #(nop)  LABEL org.opencontainers.image.version=22.04
ghcr.io/the-openroad-project/openroad-mcp,sha256:f2d97eb2af52bd140389757a69cc4a6c0d2ba920d974c78db511f9d43c56cbd3,4,,2026-02-10T17:40:09.053421328Z,/bin/sh -c #(nop) ADD file:52c0e467fa2e92f101018df01a0ff56580c752b7553fbe6df88e16b02af6d4ee in / 
ghcr.io/the-openroad-project/openroad-mcp,sha256:f2d97eb2af52bd140389757a69cc4a6c0d2ba920d974c78db511f9d43c56cbd3,5,yes,2026-02-10T17:40:09.53215364Z,"/bin/sh -c #(nop)  CMD [""/bin/bash""]"
ghcr.io/the-openroad-project/openroad-mcp,sha256:f2d97eb2af52bd140389757a69cc4a6c0d2ba920d974c78db511f9d43c56cbd3,6,,2026-02-23T15:24:32.520812531Z,WORKDIR /tmp/installer/etc
ghcr.io/the-openroad-project/openroad-mcp,sha256:f2d97eb2af52bd140389757a69cc4a6c0d2ba920d974c78db511f9d43c56cbd3,7,,2026-02-23T15:24:32.551294986Z,COPY DependencyInstaller.sh . # buildkit
ghcr.io/the-openroad-project/openroad-mcp,sha256:f2d97eb2af52bd140389757a69cc4a6c0d2ba920d974c78db511f9d43c56cbd3,8,,2026-02-23T15:24:32.578380143Z,COPY InstallerOpenROAD.sh /tmp/installer/tools/OpenROAD/etc/DependencyInstaller.sh # buildkit
ghcr.io/the-openroad-project/openroad-mcp,sha256:f2d97eb2af52bd140389757a69cc4a6c0d2ba920d974c78db511f9d43c56cbd3,9,yes,2026-02-23T15:24:32.86127948Z,ARG options=-ci -yosys-ver=v0.62
ghcr.io/the-openroad-project/openroad-mcp,sha256:f2d97eb2af52bd140389757a69cc4a6c0d2ba920d974c78db511f9d43c56cbd3,10,yes,2026-02-23T15:24:32.86127948Z,ARG constantBuildDir=-constant-build-dir
ghcr.io/the-openroad-project/openroad-mcp,sha256:f2d97eb2af52bd140389757a69cc4a6c0d2ba920d974c78db511f9d43c56cbd3,11,,2026-02-23T15:24:32.86127948Z,"RUN |2 options=-ci -yosys-ver=v0.62 constantBuildDir=-constant-build-dir /bin/sh -c mkdir -p /usr/local/bin/wrapped-cc &&     echo '#!/bin/sh' > /usr/local/bin/wrapped-cc/gcc &&     echo 'exec /usr/bin/gcc -D__TIME__=""\""0\"""" -D__DATE__=""\""0\"""" -D__TIMESTAMP__=""\""0\"""" -Wno-builtin-macro-redefined ""$@""' >> /usr/local/bin/wrapped-cc/gcc &&     chmod +x /usr/local/bin/wrapped-cc/gcc &&     ln -sf /usr/local/bin/wrapped-cc/gcc /usr/local/bin/wrapped-cc/cc &&     echo '#!/bin/sh' > /usr/local/bin/wrapped-cc/g++ &&     echo 'exec /usr/bin/g++ -D__TIME__=""\""0\"""" -D__DATE__=""\""0\"""" -D__TIMESTAMP__=""\""0"
ghcr.io/the-openroad-project/openroad-mcp,sha256:f2d97eb2af52bd140389757a69cc4a6c0d2ba920d974c78db511f9d43c56cbd3,12,yes,2026-02-23T15:24:32.86127948Z,ENV PATH=/usr/local/bin/wrapped-cc:/usr/local/sbin:/usr/local/bin:/usr/sbin:/usr/bin:/sbin:/bin
ghcr.io/the-openroad-project/openroad-mcp,sha256:f2d97eb2af52bd140389757a69cc4a6c0d2ba920d974c78db511f9d43c56cbd3,13,,2026-02-23T15:32:17.649317109Z,RUN |2 options=-ci -yosys-ver=v0.62 constantBuildDir=-constant-build-dir /bin/sh -c ./DependencyInstaller.sh -base $options $constantBuildDir     && ./DependencyInstaller.sh -common $options $constantBuildDir     && rm -rf /tmp/installer /tmp/* /var/tmp/* /var/lib/apt/lists/* # buildkit
ghcr.io/the-openroad-project/openroad-mcp,sha256:f2d97eb2af52bd140389757a69cc4a6c0d2ba920d974c78db511f9d43c56cbd3,14,yes,2026-02-23T15:32:17.649317109Z,ARG fromImage=ubuntu:22.04
ghcr.io/the-openroad-project/openroad-mcp,sha256:f2d97eb2af52bd140389757a69cc4a6c0d2ba920d974c78db511f9d43c56cbd3,15,,2026-02-23T15:32:18.611454925Z,"RUN |3 options=-ci -yosys-ver=v0.62 constantBuildDir=-constant-build-dir fromImage=ubuntu:22.04 /bin/sh -c echo ""$fromImage"" | grep -q ""ubuntu"" &&     strip --remove-section=.note.ABI-tag /usr/lib/x86_64-linux-gnu/libQt5Core.so ||     echo ""Skipping strip command as fromImage does not contain 'ubuntu'"" # buildkit"
ghcr.io/the-openroad-project/openroad-mcp,sha256:f2d97eb2af52bd140389757a69cc4a6c0d2ba920d974c78db511f9d43c56cbd3,16,,2026-03-07T21:43:52.408179243Z,WORKDIR /OpenROAD-flow-scripts
ghcr.io/the-openroad-project/openroad-mcp,sha256:f2d97eb2af52bd140389757a69cc4a6c0d2ba920d974c78db511f9d43c56cbd3,17,,2026-03-07T21:43:22.188954839Z,COPY dev_env.sh dev_env.sh # buildkit
ghcr.io/the-openroad-project/openroad-mcp,sha256:f2d97eb2af52bd140389757a69cc4a6c0d2ba920d974c78db511f9d43c56cbd3,18,,2026-03-07T21:43:22.140041906Z,COPY build_openroad.sh build_openroad.sh # buildkit
ghcr.io/the-openroad-project/openroad-mcp,sha256:f2d97eb2af52bd140389757a69cc4a6c0d2ba920d974c78db511f9d43c56cbd3,19,,2026-03-07T21:43:22.183854636Z,COPY docker docker # buildkit
ghcr.io/the-openroad-project/openroad-mcp,sha256:f2d97eb2af52bd140389757a69cc4a6c0d2ba920d974c78db511f9d43c56cbd3,20,,2026-03-07T21:43:22.177512241Z,COPY flow/tutorials flow/tutorials # buildkit
ghcr.io/the-openroad-project/openroad-mcp,sha256:f2d97eb2af52bd140389757a69cc4a6c0d2ba920d974c78db511f9d43c56cbd3,21,,2026-03-07T21:43:22.136620558Z,COPY docs docs # buildkit
ghcr.io/the-openroad-project/openroad-mcp,sha256:f2d97eb2af52bd140389757a69cc4a6c0d2ba920d974c78db511f9d43c56cbd3,22,,2026-03-07T21:43:22.179325128Z,COPY flow/test flow/test # buildkit
ghcr.io/the-openroad-project/openroad-mcp,sha256:f2d97eb2af52bd140389757a69cc4a6c0d2ba920d974c78db511f9d43c56cbd3,23,,2026-03-07T21:43:22.3723606Z,COPY flow/platforms flow/platforms # buildkit
ghcr.io/the-openroad-project/openroad-mcp,sha256:f2d97eb2af52bd140389757a69cc4a6c0d2ba920d974c78db511f9d43c56cbd3,24,,2026-03-07T21:43:22.176031652Z,COPY flow/util flow/util # buildkit
ghcr.io/the-openroad-project/openroad-mcp,sha256:f2d97eb2af52bd140389757a69cc4a6c0d2ba920d974c78db511f9d43c56cbd3,25,,2026-03-07T21:43:22.044998499Z,COPY flow/scripts flow/scripts # buildkit
ghcr.io/the-openroad-project/openroad-mcp,sha256:f2d97eb2af52bd140389757a69cc4a6c0d2ba920d974c78db511f9d43c56cbd3,26,,2026-03-07T21:43:22.268991746Z,COPY flow/designs flow/designs # buildkit
ghcr.io/the-openroad-project/openroad-mcp,sha256:f2d97eb2af52bd140389757a69cc4a6c0d2ba920d974c78db511f9d43c56cbd3,27,,2026-03-07T21:43:22.138520496Z,COPY tools/AutoTuner tools/AutoTuner # buildkit
ghcr.io/the-openroad-project/openroad-mcp,sha256:f2d97eb2af52bd140389757a69cc4a6c0d2ba920d974c78db511f9d43c56cbd3,28,,2026-03-07T21:54:01.508615489Z,COPY /OpenROAD-flow-scripts/tools/install tools/install # buildkit
ghcr.io/the-openroad-project/openroad-mcp,sha256:f2d97eb2af52bd140389757a69cc4a6c0d2ba920d974c78db511f9d43c56cbd3,29,,2026-03-07T21:43:22.219478394Z,COPY . ./ # buildkit
ghcr.io/the-openroad-project/openroad-mcp,sha256:f2d97eb2af52bd140389757a69cc4a6c0d2ba920d974c78db511f9d43c56cbd3,30,,2026-06-09T15:27:17.240920734Z,RUN /bin/sh -c useradd --create-home --shell /bin/bash --uid 1000 --no-log-init appuser # buildkit
ghcr.io/the-openroad-project/openroad-mcp,sha256:f2d97eb2af52bd140389757a69cc4a6c0d2ba920d974c78db511f9d43c56cbd3,31,,2026-06-09T15:27:17.259409204Z,WORKDIR /app
ghcr.io/the-openroad-project/openroad-mcp,sha256:f2d97eb2af52bd140389757a69cc4a6c0d2ba920d974c78db511f9d43c56cbd3,32,,2026-06-09T15:27:22.009802553Z,COPY --chown=appuser:appuser /app/.venv /app/.venv # buildkit
ghcr.io/the-openroad-project/openroad-mcp,sha256:f2d97eb2af52bd140389757a69cc4a6c0d2ba920d974c78db511f9d43c56cbd3,33,,2026-06-09T15:27:22.624787319Z,COPY --chown=appuser:appuser /opt/python /opt/python # buildkit
ghcr.io/the-openroad-project/openroad-mcp,sha256:f2d97eb2af52bd140389757a69cc4a6c0d2ba920d974c78db511f9d43c56cbd3,34,yes,2026-06-09T15:27:25.261361226Z,LABEL io.modelcontextprotocol.server.name=io.github.luarss/openroad-mcp
ghcr.io/the-openroad-project/openroad-mcp,sha256:f2d97eb2af52bd140389757a69cc4a6c0d2ba920d974c78db511f9d43c56cbd3,35,yes,2026-06-09T15:27:25.261361226Z,USER appuser
ghcr.io/the-openroad-project/openroad-mcp,sha256:f2d97eb2af52bd140389757a69cc4a6c0d2ba920d974c78db511f9d43c56cbd3,36,yes,2026-06-09T15:27:25.261361226Z,ENV PATH=/app/.venv/bin:/OpenROAD-flow-scripts/tools/install/OpenROAD/bin:/OpenROAD-flow-scripts/tools/install/yosys/bin:/usr/local/bin/wrapped-cc:/usr/local/sbin:/usr/local/bin:/usr/sbin:/usr/bin:/sbin:/bin PYTHONUNBUFFERED=1 PYTHONDONTWRITEBYTECODE=1 ORFS_FLOW_PATH=/OpenROAD-flow-scripts/flow
ghcr.io/the-openroad-project/openroad-mcp,sha256:f2d97eb2af52bd140389757a69cc4a6c0d2ba920d974c78db511f9d43c56cbd3,37,,2026-06-09T15:27:25.261361226Z,"RUN /bin/sh -c /app/.venv/bin/python -c ""import openroad_mcp; print(openroad_mcp.__file__)"" &&     openroad-mcp --help > /dev/null &&     test -d ""${ORFS_FLOW_PATH}"" || (echo ""ERROR: ORFS_FLOW_PATH=${ORFS_FLOW_PATH} not found"" && exit 1) # buildkit"
ghcr.io/the-openroad-project/openroad-mcp,sha256:f2d97eb2af52bd140389757a69cc4a6c0d2ba920d974c78db511f9d43c56cbd3,38,yes,2026-06-09T15:27:25.261361226Z,"ENTRYPOINT [""openroad-mcp""]"
ghcr.io/n24q02m/better-telegram-mcp,sha256:7d7a134037f16c213dd87c01740204b39842eef97cc60803b149537b82619bb1,0,,2026-05-18T00:00:00Z,# debian.sh --arch 'amd64' out/ 'bookworm' '@1779062400'
ghcr.io/n24q02m/better-telegram-mcp,sha256:7d7a134037f16c213dd87c01740204b39842eef97cc60803b149537b82619bb1,1,yes,2026-05-19T23:41:15.345436787Z,ENV PATH=/usr/local/bin:/usr/local/sbin:/usr/local/bin:/usr/sbin:/usr/bin:/sbin:/bin
ghcr.io/n24q02m/better-telegram-mcp,sha256:7d7a134037f16c213dd87c01740204b39842eef97cc60803b149537b82619bb1,2,,2026-05-19T23:41:15.345436787Z,RUN /bin/sh -c set -eux; 	apt-get update; 	apt-get install -y --no-install-recommends 		ca-certificates 		netbase 		tzdata 	; 	rm -rf /var/lib/apt/lists/* # buildkit
ghcr.io/n24q02m/better-telegram-mcp,sha256:7d7a134037f16c213dd87c01740204b39842eef97cc60803b149537b82619bb1,3,yes,2026-05-19T23:41:15.345436787Z,ENV GPG_KEY=7169605F62C751356D054A26A821E680E5FA6305
ghcr.io/n24q02m/better-telegram-mcp,sha256:7d7a134037f16c213dd87c01740204b39842eef97cc60803b149537b82619bb1,4,yes,2026-05-19T23:41:15.345436787Z,ENV PYTHON_VERSION=3.13.13
ghcr.io/n24q02m/better-telegram-mcp,sha256:7d7a134037f16c213dd87c01740204b39842eef97cc60803b149537b82619bb1,5,yes,2026-05-19T23:41:15.345436787Z,ENV PYTHON_SHA256=2ab91ff401783ccca64f75d10c882e957bdfd60e2bf5a72f8421793729b78a71
ghcr.io/n24q02m/better-telegram-mcp,sha256:7d7a134037f16c213dd87c01740204b39842eef97cc60803b149537b82619bb1,6,,2026-05-19T23:50:49.547151305Z,"RUN /bin/sh -c set -eux; 		savedAptMark=""$(apt-mark showmanual)""; 	apt-get update; 	apt-get install -y --no-install-recommends 		dpkg-dev 		gcc 		gnupg 		libbluetooth-dev 		libbz2-dev 		libc6-dev 		libdb-dev 		libffi-dev 		libgdbm-dev 		liblzma-dev 		libncursesw5-dev 		libreadline-dev 		libsqlite3-dev 		libssl-dev 		make 		tk-dev 		uuid-dev 		wget 		xz-utils 		zlib1g-dev 	; 		wget -O python.tar.xz ""https://www.python.org/ftp/python/${PYTHON_VERSION%%[a-z]*}/Python-$PYTHON_VERSION.tar.xz""; 	echo ""$PYTHON_SHA256 *python.tar.xz"" | sha256sum -c -; 	wget -O python.tar.xz.asc ""https://www.python.org"
ghcr.io/n24q02m/better-telegram-mcp,sha256:7d7a134037f16c213dd87c01740204b39842eef97cc60803b149537b82619bb1,7,,2026-05-19T23:50:49.63535933Z,"RUN /bin/sh -c set -eux; 	for src in idle3 pip3 pydoc3 python3 python3-config; do 		dst=""$(echo ""$src"" | tr -d 3)""; 		[ -s ""/usr/local/bin/$src"" ]; 		[ ! -e ""/usr/local/bin/$dst"" ]; 		ln -svT ""$src"" ""/usr/local/bin/$dst""; 	done # buildkit"
ghcr.io/n24q02m/better-telegram-mcp,sha256:7d7a134037f16c213dd87c01740204b39842eef97cc60803b149537b82619bb1,8,yes,2026-05-19T23:50:49.63535933Z,"CMD [""python3""]"
ghcr.io/n24q02m/better-telegram-mcp,sha256:7d7a134037f16c213dd87c01740204b39842eef97cc60803b149537b82619bb1,9,yes,2026-05-24T10:39:51.227970278Z,LABEL org.opencontainers.image.source=https://github.com/n24q02m/better-telegram-mcp
ghcr.io/n24q02m/better-telegram-mcp,sha256:7d7a134037f16c213dd87c01740204b39842eef97cc60803b149537b82619bb1,10,yes,2026-05-24T10:39:51.227970278Z,LABEL io.modelcontextprotocol.server.name=io.github.n24q02m/better-telegram-mcp
ghcr.io/n24q02m/better-telegram-mcp,sha256:7d7a134037f16c213dd87c01740204b39842eef97cc60803b149537b82619bb1,11,,2026-05-24T10:39:51.227970278Z,WORKDIR /app
ghcr.io/n24q02m/better-telegram-mcp,sha256:7d7a134037f16c213dd87c01740204b39842eef97cc60803b149537b82619bb1,12,,2026-06-01T06:52:16.444302821Z,COPY /app/.venv /app/.venv # buildkit
ghcr.io/n24q02m/better-telegram-mcp,sha256:7d7a134037f16c213dd87c01740204b39842eef97cc60803b149537b82619bb1,13,,2026-06-01T06:52:16.535756108Z,COPY /app/src /app/src # buildkit
ghcr.io/n24q02m/better-telegram-mcp,sha256:7d7a134037f16c213dd87c01740204b39842eef97cc60803b149537b82619bb1,14,yes,2026-06-01T06:52:16.535756108Z,ENV PATH=/app/.venv/bin:/usr/local/bin:/usr/local/sbin:/usr/local/bin:/usr/sbin:/usr/bin:/sbin:/bin PYTHONPATH=/app/src PYTHONUNBUFFERED=1 TELEGRAM_DATA_DIR=/data HOST=0.0.0.0
ghcr.io/n24q02m/better-telegram-mcp,sha256:7d7a134037f16c213dd87c01740204b39842eef97cc60803b149537b82619bb1,15,,2026-06-01T06:52:19.819653051Z,RUN /bin/sh -c groupadd -r appuser && useradd -r -g appuser -d /home/appuser -m appuser     && mkdir -p /data     && chown -R appuser:appuser /app /data /home/appuser # buildkit
ghcr.io/n24q02m/better-telegram-mcp,sha256:7d7a134037f16c213dd87c01740204b39842eef97cc60803b149537b82619bb1,16,yes,2026-06-01T06:52:19.819653051Z,VOLUME [/data]
ghcr.io/n24q02m/better-telegram-mcp,sha256:7d7a134037f16c213dd87c01740204b39842eef97cc60803b149537b82619bb1,17,yes,2026-06-01T06:52:19.819653051Z,USER appuser
ghcr.io/n24q02m/better-telegram-mcp,sha256:7d7a134037f16c213dd87c01740204b39842eef97cc60803b149537b82619bb1,18,yes,2026-06-01T06:52:19.819653051Z,ENV MCP_TRANSPORT=http MCP_PORT=8080
ghcr.io/n24q02m/better-telegram-mcp,sha256:7d7a134037f16c213dd87c01740204b39842eef97cc60803b149537b82619bb1,19,yes,2026-06-01T06:52:19.819653051Z,EXPOSE [8080/tcp]
ghcr.io/n24q02m/better-telegram-mcp,sha256:7d7a134037f16c213dd87c01740204b39842eef97cc60803b149537b82619bb1,20,yes,2026-06-01T06:52:19.819653051Z,"ENTRYPOINT [""python"" ""-m"" ""better_telegram_mcp""]"
ghcr.io/n24q02m/better-telegram-mcp,sha256:7f061c8b9028ff17fef038a6bd7da6de175aedcf19d70a04f44e44c833477c47,0,,2026-06-10T00:00:00Z,# debian.sh --arch 'amd64' out/ 'bookworm' '@1781049600'
ghcr.io/n24q02m/better-telegram-mcp,sha256:7f061c8b9028ff17fef038a6bd7da6de175aedcf19d70a04f44e44c833477c47,1,yes,2026-06-11T00:59:34.808802569Z,ENV PATH=/usr/local/bin:/usr/local/sbin:/usr/local/bin:/usr/sbin:/usr/bin:/sbin:/bin
ghcr.io/n24q02m/better-telegram-mcp,sha256:7f061c8b9028ff17fef038a6bd7da6de175aedcf19d70a04f44e44c833477c47,2,,2026-06-11T00:59:34.808802569Z,RUN /bin/sh -c set -eux; 	apt-get update; 	apt-get install -y --no-install-recommends 		ca-certificates 		netbase 		tzdata 	; 	rm -rf /var/lib/apt/lists/* # buildkit
ghcr.io/n24q02m/better-telegram-mcp,sha256:7f061c8b9028ff17fef038a6bd7da6de175aedcf19d70a04f44e44c833477c47,3,yes,2026-06-11T00:59:34.808802569Z,ENV GPG_KEY=7169605F62C751356D054A26A821E680E5FA6305
ghcr.io/n24q02m/better-telegram-mcp,sha256:7f061c8b9028ff17fef038a6bd7da6de175aedcf19d70a04f44e44c833477c47,4,yes,2026-06-11T00:59:34.808802569Z,ENV PYTHON_VERSION=3.13.14
ghcr.io/n24q02m/better-telegram-mcp,sha256:7f061c8b9028ff17fef038a6bd7da6de175aedcf19d70a04f44e44c833477c47,5,yes,2026-06-11T00:59:34.808802569Z,ENV PYTHON_SHA256=639e43243c620a308f968213df9e00f2f8f62332f7adbaa7a7eeb9783057c690
ghcr.io/n24q02m/better-telegram-mcp,sha256:7f061c8b9028ff17fef038a6bd7da6de175aedcf19d70a04f44e44c833477c47,6,,2026-06-11T01:10:22.580065975Z,"RUN /bin/sh -c set -eux; 		savedAptMark=""$(apt-mark showmanual)""; 	apt-get update; 	apt-get install -y --no-install-recommends 		dpkg-dev 		gcc 		gnupg 		libbluetooth-dev 		libbz2-dev 		libc6-dev 		libdb-dev 		libffi-dev 		libgdbm-dev 		liblzma-dev 		libncursesw5-dev 		libreadline-dev 		libsqlite3-dev 		libssl-dev 		make 		tk-dev 		uuid-dev 		wget 		xz-utils 		zlib1g-dev 	; 		wget -O python.tar.xz ""https://www.python.org/ftp/python/${PYTHON_VERSION%%[a-z]*}/Python-$PYTHON_VERSION.tar.xz""; 	echo ""$PYTHON_SHA256 *python.tar.xz"" | sha256sum -c -; 	wget -O python.tar.xz.asc ""https://www.python.org"
ghcr.io/n24q02m/better-telegram-mcp,sha256:7f061c8b9028ff17fef038a6bd7da6de175aedcf19d70a04f44e44c833477c47,7,,2026-06-11T01:10:22.679729125Z,"RUN /bin/sh -c set -eux; 	for src in idle3 pip3 pydoc3 python3 python3-config; do 		dst=""$(echo ""$src"" | tr -d 3)""; 		[ -s ""/usr/local/bin/$src"" ]; 		[ ! -e ""/usr/local/bin/$dst"" ]; 		ln -svT ""$src"" ""/usr/local/bin/$dst""; 	done # buildkit"
ghcr.io/n24q02m/better-telegram-mcp,sha256:7f061c8b9028ff17fef038a6bd7da6de175aedcf19d70a04f44e44c833477c47,8,yes,2026-06-11T01:10:22.679729125Z,"CMD [""python3""]"
ghcr.io/n24q02m/better-telegram-mcp,sha256:7f061c8b9028ff17fef038a6bd7da6de175aedcf19d70a04f44e44c833477c47,9,yes,2026-06-18T08:01:45.923510517Z,LABEL org.opencontainers.image.source=https://github.com/n24q02m/better-telegram-mcp
ghcr.io/n24q02m/better-telegram-mcp,sha256:7f061c8b9028ff17fef038a6bd7da6de175aedcf19d70a04f44e44c833477c47,10,yes,2026-06-18T08:01:45.923510517Z,LABEL io.modelcontextprotocol.server.name=io.github.n24q02m/better-telegram-mcp
ghcr.io/n24q02m/better-telegram-mcp,sha256:7f061c8b9028ff17fef038a6bd7da6de175aedcf19d70a04f44e44c833477c47,11,,2026-06-18T08:01:45.923510517Z,WORKDIR /app
ghcr.io/n24q02m/better-telegram-mcp,sha256:7f061c8b9028ff17fef038a6bd7da6de175aedcf19d70a04f44e44c833477c47,12,,2026-06-22T13:31:21.794392443Z,COPY /app/.venv /app/.venv # buildkit
ghcr.io/n24q02m/better-telegram-mcp,sha256:7f061c8b9028ff17fef038a6bd7da6de175aedcf19d70a04f44e44c833477c47,13,,2026-06-22T13:31:21.881837397Z,COPY /app/src /app/src # buildkit
ghcr.io/n24q02m/better-telegram-mcp,sha256:7f061c8b9028ff17fef038a6bd7da6de175aedcf19d70a04f44e44c833477c47,14,yes,2026-06-22T13:31:21.881837397Z,ENV PATH=/app/.venv/bin:/usr/local/bin:/usr/local/sbin:/usr/local/bin:/usr/sbin:/usr/bin:/sbin:/bin PYTHONPATH=/app/src PYTHONUNBUFFERED=1 TELEGRAM_DATA_DIR=/data HOST=0.0.0.0
ghcr.io/n24q02m/better-telegram-mcp,sha256:7f061c8b9028ff17fef038a6bd7da6de175aedcf19d70a04f44e44c833477c47,15,,2026-06-22T13:31:26.045248098Z,RUN /bin/sh -c groupadd -r appuser && useradd -r -g appuser -d /home/appuser -m appuser     && mkdir -p /data     && chown -R appuser:appuser /app /data /home/appuser # buildkit
ghcr.io/n24q02m/better-telegram-mcp,sha256:7f061c8b9028ff17fef038a6bd7da6de175aedcf19d70a04f44e44c833477c47,16,yes,2026-06-22T13:31:26.045248098Z,VOLUME [/data]
ghcr.io/n24q02m/better-telegram-mcp,sha256:7f061c8b9028ff17fef038a6bd7da6de175aedcf19d70a04f44e44c833477c47,17,yes,2026-06-22T13:31:26.045248098Z,USER appuser
ghcr.io/n24q02m/better-telegram-mcp,sha256:7f061c8b9028ff17fef038a6bd7da6de175aedcf19d70a04f44e44c833477c47,18,yes,2026-06-22T13:31:26.045248098Z,ENV MCP_TRANSPORT=http MCP_PORT=8080
ghcr.io/n24q02m/better-telegram-mcp,sha256:7f061c8b9028ff17fef038a6bd7da6de175aedcf19d70a04f44e44c833477c47,19,yes,2026-06-22T13:31:26.045248098Z,EXPOSE [8080/tcp]
ghcr.io/n24q02m/better-telegram-mcp,sha256:7f061c8b9028ff17fef038a6bd7da6de175aedcf19d70a04f44e44c833477c47,20,yes,2026-06-22T13:31:26.045248098Z,"ENTRYPOINT [""python"" ""-m"" ""better_telegram_mcp""]"
ghcr.io/n24q02m/better-telegram-mcp,sha256:65e07d31ece40ddfee7601bc3f003e3f1020c795ec3d10c7ed64ddf9879c35f0,0,,2026-06-23T00:00:00Z,# debian.sh --arch 'amd64' out/ 'bookworm' '@1782172800'
ghcr.io/n24q02m/better-telegram-mcp,sha256:65e07d31ece40ddfee7601bc3f003e3f1020c795ec3d10c7ed64ddf9879c35f0,1,yes,2026-06-24T01:59:00.388369698Z,ENV PATH=/usr/local/bin:/usr/local/sbin:/usr/local/bin:/usr/sbin:/usr/bin:/sbin:/bin
ghcr.io/n24q02m/better-telegram-mcp,sha256:65e07d31ece40ddfee7601bc3f003e3f1020c795ec3d10c7ed64ddf9879c35f0,2,,2026-06-24T01:59:00.388369698Z,RUN /bin/sh -c set -eux; 	apt-get update; 	apt-get install -y --no-install-recommends 		ca-certificates 		netbase 		tzdata 	; 	rm -rf /var/lib/apt/lists/* # buildkit
ghcr.io/n24q02m/better-telegram-mcp,sha256:65e07d31ece40ddfee7601bc3f003e3f1020c795ec3d10c7ed64ddf9879c35f0,3,yes,2026-06-24T01:59:00.388369698Z,ENV GPG_KEY=7169605F62C751356D054A26A821E680E5FA6305
ghcr.io/n24q02m/better-telegram-mcp,sha256:65e07d31ece40ddfee7601bc3f003e3f1020c795ec3d10c7ed64ddf9879c35f0,4,yes,2026-06-24T01:59:00.388369698Z,ENV PYTHON_VERSION=3.13.14
ghcr.io/n24q02m/better-telegram-mcp,sha256:65e07d31ece40ddfee7601bc3f003e3f1020c795ec3d10c7ed64ddf9879c35f0,5,yes,2026-06-24T01:59:00.388369698Z,ENV PYTHON_SHA256=639e43243c620a308f968213df9e00f2f8f62332f7adbaa7a7eeb9783057c690
ghcr.io/n24q02m/better-telegram-mcp,sha256:65e07d31ece40ddfee7601bc3f003e3f1020c795ec3d10c7ed64ddf9879c35f0,6,,2026-06-24T02:10:55.699777861Z,"RUN /bin/sh -c set -eux; 		savedAptMark=""$(apt-mark showmanual)""; 	apt-get update; 	apt-get install -y --no-install-recommends 		dpkg-dev 		gcc 		gnupg 		libbluetooth-dev 		libbz2-dev 		libc6-dev 		libdb-dev 		libffi-dev 		libgdbm-dev 		liblzma-dev 		libncursesw5-dev 		libreadline-dev 		libsqlite3-dev 		libssl-dev 		make 		tk-dev 		uuid-dev 		wget 		xz-utils 		zlib1g-dev 	; 		wget -O python.tar.xz ""https://www.python.org/ftp/python/${PYTHON_VERSION%%[a-z]*}/Python-$PYTHON_VERSION.tar.xz""; 	echo ""$PYTHON_SHA256 *python.tar.xz"" | sha256sum -c -; 	wget -O python.tar.xz.asc ""https://www.python.org"
ghcr.io/n24q02m/better-telegram-mcp,sha256:65e07d31ece40ddfee7601bc3f003e3f1020c795ec3d10c7ed64ddf9879c35f0,7,,2026-06-24T02:10:55.814895239Z,"RUN /bin/sh -c set -eux; 	for src in idle3 pip3 pydoc3 python3 python3-config; do 		dst=""$(echo ""$src"" | tr -d 3)""; 		[ -s ""/usr/local/bin/$src"" ]; 		[ ! -e ""/usr/local/bin/$dst"" ]; 		ln -svT ""$src"" ""/usr/local/bin/$dst""; 	done # buildkit"
ghcr.io/n24q02m/better-telegram-mcp,sha256:65e07d31ece40ddfee7601bc3f003e3f1020c795ec3d10c7ed64ddf9879c35f0,8,yes,2026-06-24T02:10:55.814895239Z,"CMD [""python3""]"
ghcr.io/n24q02m/better-telegram-mcp,sha256:65e07d31ece40ddfee7601bc3f003e3f1020c795ec3d10c7ed64ddf9879c35f0,9,yes,2026-06-29T12:30:26.930361513Z,LABEL org.opencontainers.image.source=https://github.com/n24q02m/better-telegram-mcp
ghcr.io/n24q02m/better-telegram-mcp,sha256:65e07d31ece40ddfee7601bc3f003e3f1020c795ec3d10c7ed64ddf9879c35f0,10,yes,2026-06-29T12:30:26.930361513Z,LABEL io.modelcontextprotocol.server.name=io.github.n24q02m/better-telegram-mcp
ghcr.io/n24q02m/better-telegram-mcp,sha256:65e07d31ece40ddfee7601bc3f003e3f1020c795ec3d10c7ed64ddf9879c35f0,11,,2026-06-29T12:30:26.930361513Z,WORKDIR /app
ghcr.io/n24q02m/better-telegram-mcp,sha256:65e07d31ece40ddfee7601bc3f003e3f1020c795ec3d10c7ed64ddf9879c35f0,12,,2026-07-01T09:54:30.372115726Z,COPY /app/.venv /app/.venv # buildkit
ghcr.io/n24q02m/better-telegram-mcp,sha256:65e07d31ece40ddfee7601bc3f003e3f1020c795ec3d10c7ed64ddf9879c35f0,13,,2026-07-01T09:54:30.458480993Z,COPY /app/src /app/src # buildkit
ghcr.io/n24q02m/better-telegram-mcp,sha256:65e07d31ece40ddfee7601bc3f003e3f1020c795ec3d10c7ed64ddf9879c35f0,14,yes,2026-07-01T09:54:30.458480993Z,ENV PATH=/app/.venv/bin:/usr/local/bin:/usr/local/sbin:/usr/local/bin:/usr/sbin:/usr/bin:/sbin:/bin PYTHONPATH=/app/src PYTHONUNBUFFERED=1 TELEGRAM_DATA_DIR=/data HOST=0.0.0.0
ghcr.io/n24q02m/better-telegram-mcp,sha256:65e07d31ece40ddfee7601bc3f003e3f1020c795ec3d10c7ed64ddf9879c35f0,15,,2026-07-01T09:54:34.856339938Z,RUN /bin/sh -c groupadd -r appuser && useradd -r -g appuser -d /home/appuser -m appuser     && mkdir -p /data     && chown -R appuser:appuser /app /data /home/appuser # buildkit
ghcr.io/n24q02m/better-telegram-mcp,sha256:65e07d31ece40ddfee7601bc3f003e3f1020c795ec3d10c7ed64ddf9879c35f0,16,yes,2026-07-01T09:54:34.856339938Z,VOLUME [/data]
ghcr.io/n24q02m/better-telegram-mcp,sha256:65e07d31ece40ddfee7601bc3f003e3f1020c795ec3d10c7ed64ddf9879c35f0,17,yes,2026-07-01T09:54:34.856339938Z,USER appuser
ghcr.io/n24q02m/better-telegram-mcp,sha256:65e07d31ece40ddfee7601bc3f003e3f1020c795ec3d10c7ed64ddf9879c35f0,18,yes,2026-07-01T09:54:34.856339938Z,ENV MCP_TRANSPORT=http MCP_PORT=8080
ghcr.io/n24q02m/better-telegram-mcp,sha256:65e07d31ece40ddfee7601bc3f003e3f1020c795ec3d10c7ed64ddf9879c35f0,19,yes,2026-07-01T09:54:34.856339938Z,EXPOSE [8080/tcp]
ghcr.io/n24q02m/better-telegram-mcp,sha256:65e07d31ece40ddfee7601bc3f003e3f1020c795ec3d10c7ed64ddf9879c35f0,20,yes,2026-07-01T09:54:34.856339938Z,"ENTRYPOINT [""python"" ""-m"" ""better_telegram_mcp""]"
ghcr.io/n24q02m/better-telegram-mcp,sha256:3ece322d64f552c45945e81ddfa3cfa567a50efddf54b0353a9e1914169d7fd8,0,,2026-06-23T00:00:00Z,# debian.sh --arch 'amd64' out/ 'bookworm' '@1782172800'
ghcr.io/n24q02m/better-telegram-mcp,sha256:3ece322d64f552c45945e81ddfa3cfa567a50efddf54b0353a9e1914169d7fd8,1,yes,2026-06-24T01:59:00.388369698Z,ENV PATH=/usr/local/bin:/usr/local/sbin:/usr/local/bin:/usr/sbin:/usr/bin:/sbin:/bin
ghcr.io/n24q02m/better-telegram-mcp,sha256:3ece322d64f552c45945e81ddfa3cfa567a50efddf54b0353a9e1914169d7fd8,2,,2026-06-24T01:59:00.388369698Z,RUN /bin/sh -c set -eux; 	apt-get update; 	apt-get install -y --no-install-recommends 		ca-certificates 		netbase 		tzdata 	; 	rm -rf /var/lib/apt/lists/* # buildkit
ghcr.io/n24q02m/better-telegram-mcp,sha256:3ece322d64f552c45945e81ddfa3cfa567a50efddf54b0353a9e1914169d7fd8,3,yes,2026-06-24T01:59:00.388369698Z,ENV GPG_KEY=7169605F62C751356D054A26A821E680E5FA6305
ghcr.io/n24q02m/better-telegram-mcp,sha256:3ece322d64f552c45945e81ddfa3cfa567a50efddf54b0353a9e1914169d7fd8,4,yes,2026-06-24T01:59:00.388369698Z,ENV PYTHON_VERSION=3.13.14
ghcr.io/n24q02m/better-telegram-mcp,sha256:3ece322d64f552c45945e81ddfa3cfa567a50efddf54b0353a9e1914169d7fd8,5,yes,2026-06-24T01:59:00.388369698Z,ENV PYTHON_SHA256=639e43243c620a308f968213df9e00f2f8f62332f7adbaa7a7eeb9783057c690
ghcr.io/n24q02m/better-telegram-mcp,sha256:3ece322d64f552c45945e81ddfa3cfa567a50efddf54b0353a9e1914169d7fd8,6,,2026-06-24T02:10:55.699777861Z,"RUN /bin/sh -c set -eux; 		savedAptMark=""$(apt-mark showmanual)""; 	apt-get update; 	apt-get install -y --no-install-recommends 		dpkg-dev 		gcc 		gnupg 		libbluetooth-dev 		libbz2-dev 		libc6-dev 		libdb-dev 		libffi-dev 		libgdbm-dev 		liblzma-dev 		libncursesw5-dev 		libreadline-dev 		libsqlite3-dev 		libssl-dev 		make 		tk-dev 		uuid-dev 		wget 		xz-utils 		zlib1g-dev 	; 		wget -O python.tar.xz ""https://www.python.org/ftp/python/${PYTHON_VERSION%%[a-z]*}/Python-$PYTHON_VERSION.tar.xz""; 	echo ""$PYTHON_SHA256 *python.tar.xz"" | sha256sum -c -; 	wget -O python.tar.xz.asc ""https://www.python.org"
ghcr.io/n24q02m/better-telegram-mcp,sha256:3ece322d64f552c45945e81ddfa3cfa567a50efddf54b0353a9e1914169d7fd8,7,,2026-06-24T02:10:55.814895239Z,"RUN /bin/sh -c set -eux; 	for src in idle3 pip3 pydoc3 python3 python3-config; do 		dst=""$(echo ""$src"" | tr -d 3)""; 		[ -s ""/usr/local/bin/$src"" ]; 		[ ! -e ""/usr/local/bin/$dst"" ]; 		ln -svT ""$src"" ""/usr/local/bin/$dst""; 	done # buildkit"
ghcr.io/n24q02m/better-telegram-mcp,sha256:3ece322d64f552c45945e81ddfa3cfa567a50efddf54b0353a9e1914169d7fd8,8,yes,2026-06-24T02:10:55.814895239Z,"CMD [""python3""]"
ghcr.io/n24q02m/better-telegram-mcp,sha256:3ece322d64f552c45945e81ddfa3cfa567a50efddf54b0353a9e1914169d7fd8,9,yes,2026-06-29T12:30:26.930361513Z,LABEL org.opencontainers.image.source=https://github.com/n24q02m/better-telegram-mcp
ghcr.io/n24q02m/better-telegram-mcp,sha256:3ece322d64f552c45945e81ddfa3cfa567a50efddf54b0353a9e1914169d7fd8,10,yes,2026-06-29T12:30:26.930361513Z,LABEL io.modelcontextprotocol.server.name=io.github.n24q02m/better-telegram-mcp
ghcr.io/n24q02m/better-telegram-mcp,sha256:3ece322d64f552c45945e81ddfa3cfa567a50efddf54b0353a9e1914169d7fd8,11,,2026-06-29T12:30:26.930361513Z,WORKDIR /app
ghcr.io/n24q02m/better-telegram-mcp,sha256:3ece322d64f552c45945e81ddfa3cfa567a50efddf54b0353a9e1914169d7fd8,12,,2026-07-10T01:05:19.635101639Z,COPY /app/.venv /app/.venv # buildkit
ghcr.io/n24q02m/better-telegram-mcp,sha256:3ece322d64f552c45945e81ddfa3cfa567a50efddf54b0353a9e1914169d7fd8,13,,2026-07-10T01:05:19.723627204Z,COPY /app/src /app/src # buildkit
ghcr.io/n24q02m/better-telegram-mcp,sha256:3ece322d64f552c45945e81ddfa3cfa567a50efddf54b0353a9e1914169d7fd8,14,yes,2026-07-10T01:05:19.723627204Z,ENV PATH=/app/.venv/bin:/usr/local/bin:/usr/local/sbin:/usr/local/bin:/usr/sbin:/usr/bin:/sbin:/bin PYTHONPATH=/app/src PYTHONUNBUFFERED=1 TELEGRAM_DATA_DIR=/data HOST=0.0.0.0
ghcr.io/n24q02m/better-telegram-mcp,sha256:3ece322d64f552c45945e81ddfa3cfa567a50efddf54b0353a9e1914169d7fd8,15,,2026-07-10T01:05:23.995031737Z,RUN /bin/sh -c groupadd -r appuser && useradd -r -g appuser -d /home/appuser -m appuser     && mkdir -p /data     && chown -R appuser:appuser /app /data /home/appuser # buildkit
ghcr.io/n24q02m/better-telegram-mcp,sha256:3ece322d64f552c45945e81ddfa3cfa567a50efddf54b0353a9e1914169d7fd8,16,yes,2026-07-10T01:05:23.995031737Z,VOLUME [/data]
ghcr.io/n24q02m/better-telegram-mcp,sha256:3ece322d64f552c45945e81ddfa3cfa567a50efddf54b0353a9e1914169d7fd8,17,yes,2026-07-10T01:05:23.995031737Z,USER appuser
ghcr.io/n24q02m/better-telegram-mcp,sha256:3ece322d64f552c45945e81ddfa3cfa567a50efddf54b0353a9e1914169d7fd8,18,yes,2026-07-10T01:05:23.995031737Z,ENV MCP_TRANSPORT=http MCP_PORT=8080
ghcr.io/n24q02m/better-telegram-mcp,sha256:3ece322d64f552c45945e81ddfa3cfa567a50efddf54b0353a9e1914169d7fd8,19,yes,2026-07-10T01:05:23.995031737Z,EXPOSE [8080/tcp]
ghcr.io/n24q02m/better-telegram-mcp,sha256:3ece322d64f552c45945e81ddfa3cfa567a50efddf54b0353a9e1914169d7fd8,20,yes,2026-07-10T01:05:23.995031737Z,"ENTRYPOINT [""python"" ""-m"" ""better_telegram_mcp""]"
public.ecr.aws/mcp-proxy-for-aws/mcp-proxy-for-aws,sha256:170777a8611b3aad795a6d8ccb67455cc921dc0f3411940034590a5cc52623e4,0,,2026-05-21T18:55:02.560698968Z,ADD al2023-container-raw-2023.11.20260526.0-amd64.tar.xz / # buildkit
public.ecr.aws/mcp-proxy-for-aws/mcp-proxy-for-aws,sha256:170777a8611b3aad795a6d8ccb67455cc921dc0f3411940034590a5cc52623e4,1,yes,2026-05-21T18:55:02.560698968Z,"CMD [""/bin/bash""]"
public.ecr.aws/mcp-proxy-for-aws/mcp-proxy-for-aws,sha256:170777a8611b3aad795a6d8ccb67455cc921dc0f3411940034590a5cc52623e4,2,yes,2026-05-29T14:51:54.7803731Z,ENV PYTHONUNBUFFERED=1 PIP_NO_CACHE_DIR=1 PIP_DISABLE_PIP_VERSION_CHECK=1
public.ecr.aws/mcp-proxy-for-aws/mcp-proxy-for-aws,sha256:170777a8611b3aad795a6d8ccb67455cc921dc0f3411940034590a5cc52623e4,3,,2026-05-29T14:51:54.7803731Z,RUN /bin/sh -c yum update -y &&     yum install -y         python3.13         python3.13-pip         ca-certificates         shadow-utils         lsof &&     yum clean all &&     update-ca-trust &&     groupadd -r app &&     useradd -r -g app -d /app app # buildkit
public.ecr.aws/mcp-proxy-for-aws/mcp-proxy-for-aws,sha256:170777a8611b3aad795a6d8ccb67455cc921dc0f3411940034590a5cc52623e4,4,,2026-05-29T14:52:10.76770074Z,RUN /bin/sh -c python3.13 -m pip install mcp-proxy-for-aws # buildkit
public.ecr.aws/mcp-proxy-for-aws/mcp-proxy-for-aws,sha256:170777a8611b3aad795a6d8ccb67455cc921dc0f3411940034590a5cc52623e4,5,,2026-05-29T14:52:10.866125287Z,COPY ./docker-healthcheck.sh /usr/local/bin/docker-healthcheck.sh # buildkit
public.ecr.aws/mcp-proxy-for-aws/mcp-proxy-for-aws,sha256:170777a8611b3aad795a6d8ccb67455cc921dc0f3411940034590a5cc52623e4,6,yes,2026-05-29T14:52:10.866125287Z,USER app
public.ecr.aws/mcp-proxy-for-aws/mcp-proxy-for-aws,sha256:170777a8611b3aad795a6d8ccb67455cc921dc0f3411940034590a5cc52623e4,7,yes,2026-05-29T14:52:10.866125287Z,HEALTHCHECK {Test:[CMD docker-healthcheck.sh] Interval:1m0s Timeout:10s StartPeriod:10s StartInterval:0s Retries:3}
public.ecr.aws/mcp-proxy-for-aws/mcp-proxy-for-aws,sha256:170777a8611b3aad795a6d8ccb67455cc921dc0f3411940034590a5cc52623e4,8,yes,2026-05-29T14:52:10.866125287Z,"ENTRYPOINT [""mcp-proxy-for-aws""]"
ghcr.io/dhyansraj/mcp-mesh/python-runtime,sha256:3ff8edf99f4044d883006a4e53e0f6bb7123e7cb3cf91283f0d7f679b950554f,0,,2026-05-18T00:00:00Z,# debian.sh --arch 'amd64' out/ 'trixie' '@1779062400'
ghcr.io/dhyansraj/mcp-mesh/python-runtime,sha256:3ff8edf99f4044d883006a4e53e0f6bb7123e7cb3cf91283f0d7f679b950554f,1,yes,2026-05-19T23:43:52.900305759Z,ENV PATH=/usr/local/bin:/usr/local/sbin:/usr/local/bin:/usr/sbin:/usr/bin:/sbin:/bin
ghcr.io/dhyansraj/mcp-mesh/python-runtime,sha256:3ff8edf99f4044d883006a4e53e0f6bb7123e7cb3cf91283f0d7f679b950554f,2,yes,2026-05-19T23:43:52.900305759Z,ENV LANG=C.UTF-8
ghcr.io/dhyansraj/mcp-mesh/python-runtime,sha256:3ff8edf99f4044d883006a4e53e0f6bb7123e7cb3cf91283f0d7f679b950554f,3,,2026-05-19T23:43:52.900305759Z,RUN /bin/sh -c set -eux; 	apt-get update; 	apt-get install -y --no-install-recommends 		ca-certificates 		netbase 		tzdata 	; 	apt-get dist-clean # buildkit
ghcr.io/dhyansraj/mcp-mesh/python-runtime,sha256:3ff8edf99f4044d883006a4e53e0f6bb7123e7cb3cf91283f0d7f679b950554f,4,yes,2026-05-19T23:43:52.900305759Z,ENV GPG_KEY=A035C8C19219BA821ECEA86B64E628F8D684696D
ghcr.io/dhyansraj/mcp-mesh/python-runtime,sha256:3ff8edf99f4044d883006a4e53e0f6bb7123e7cb3cf91283f0d7f679b950554f,5,yes,2026-05-19T23:43:52.900305759Z,ENV PYTHON_VERSION=3.11.15
ghcr.io/dhyansraj/mcp-mesh/python-runtime,sha256:3ff8edf99f4044d883006a4e53e0f6bb7123e7cb3cf91283f0d7f679b950554f,6,yes,2026-05-19T23:43:52.900305759Z,ENV PYTHON_SHA256=272179ddd9a2e41a0fc8e42e33dfbdca0b3711aa5abf372d3f2d51543d09b625
ghcr.io/dhyansraj/mcp-mesh/python-runtime,sha256:3ff8edf99f4044d883006a4e53e0f6bb7123e7cb3cf91283f0d7f679b950554f,7,,2026-05-19T23:52:06.637283537Z,"RUN /bin/sh -c set -eux; 		savedAptMark=""$(apt-mark showmanual)""; 	apt-get update; 	apt-get install -y --no-install-recommends 		dpkg-dev 		gcc 		gnupg 		libbluetooth-dev 		libbz2-dev 		libc6-dev 		libdb-dev 		libffi-dev 		libgdbm-dev 		liblzma-dev 		libncursesw5-dev 		libreadline-dev 		libsqlite3-dev 		libssl-dev 		make 		tk-dev 		uuid-dev 		wget 		xz-utils 		zlib1g-dev 	; 		wget -O python.tar.xz ""https://www.python.org/ftp/python/${PYTHON_VERSION%%[a-z]*}/Python-$PYTHON_VERSION.tar.xz""; 	echo ""$PYTHON_SHA256 *python.tar.xz"" | sha256sum -c -; 	wget -O python.tar.xz.asc ""https://www.python.org"
ghcr.io/dhyansraj/mcp-mesh/python-runtime,sha256:3ff8edf99f4044d883006a4e53e0f6bb7123e7cb3cf91283f0d7f679b950554f,8,,2026-05-19T23:52:06.753979707Z,"RUN /bin/sh -c set -eux; 	for src in idle3 pip3 pydoc3 python3 python3-config; do 		dst=""$(echo ""$src"" | tr -d 3)""; 		[ -s ""/usr/local/bin/$src"" ]; 		[ ! -e ""/usr/local/bin/$dst"" ]; 		ln -svT ""$src"" ""/usr/local/bin/$dst""; 	done # buildkit"
ghcr.io/dhyansraj/mcp-mesh/python-runtime,sha256:3ff8edf99f4044d883006a4e53e0f6bb7123e7cb3cf91283f0d7f679b950554f,9,yes,2026-05-19T23:52:06.753979707Z,"CMD [""python3""]"
ghcr.io/dhyansraj/mcp-mesh/python-runtime,sha256:3ff8edf99f4044d883006a4e53e0f6bb7123e7cb3cf91283f0d7f679b950554f,10,yes,2026-06-04T13:31:14.811620219Z,ARG VERSION=2.4.0
ghcr.io/dhyansraj/mcp-mesh/python-runtime,sha256:3ff8edf99f4044d883006a4e53e0f6bb7123e7cb3cf91283f0d7f679b950554f,11,,2026-06-04T13:31:14.811620219Z,RUN |1 VERSION=2.4.0 /bin/sh -c apt-get update && apt-get install -y     curl     wget     && rm -rf /var/lib/apt/lists/*     && groupadd -r mcp-mesh     && useradd -r -g mcp-mesh mcp-mesh # buildkit
ghcr.io/dhyansraj/mcp-mesh/python-runtime,sha256:3ff8edf99f4044d883006a4e53e0f6bb7123e7cb3cf91283f0d7f679b950554f,12,,2026-06-04T13:31:41.110024818Z,"RUN |1 VERSION=2.4.0 /bin/sh -c if [ -z ""$VERSION"" ]; then echo ""VERSION build arg is required"" && exit 1; fi &&     echo ""Installing mcp-mesh==${VERSION} from PyPI"" &&     pip install --no-cache-dir mcp-mesh==${VERSION} # buildkit"
ghcr.io/dhyansraj/mcp-mesh/python-runtime,sha256:3ff8edf99f4044d883006a4e53e0f6bb7123e7cb3cf91283f0d7f679b950554f,13,,2026-06-04T13:31:41.261265291Z,RUN |1 VERSION=2.4.0 /bin/sh -c mkdir -p /app && chown mcp-mesh:mcp-mesh /app # buildkit
ghcr.io/dhyansraj/mcp-mesh/python-runtime,sha256:3ff8edf99f4044d883006a4e53e0f6bb7123e7cb3cf91283f0d7f679b950554f,14,yes,2026-06-04T13:31:41.261265291Z,USER mcp-mesh
ghcr.io/dhyansraj/mcp-mesh/python-runtime,sha256:3ff8edf99f4044d883006a4e53e0f6bb7123e7cb3cf91283f0d7f679b950554f,15,,2026-06-04T13:31:41.272977579Z,WORKDIR /app
ghcr.io/dhyansraj/mcp-mesh/python-runtime,sha256:3ff8edf99f4044d883006a4e53e0f6bb7123e7cb3cf91283f0d7f679b950554f,16,yes,2026-06-04T13:31:41.272977579Z,"HEALTHCHECK {Test:[CMD-SHELL python -c ""import requests; requests.get('http://localhost:8080/health', timeout=2)"" || exit 1] Interval:30s Timeout:3s StartPeriod:10s StartInterval:0s Retries:3}"
ghcr.io/dhyansraj/mcp-mesh/python-runtime,sha256:3ff8edf99f4044d883006a4e53e0f6bb7123e7cb3cf91283f0d7f679b950554f,17,yes,2026-06-04T13:31:41.272977579Z,EXPOSE [8080/tcp]
ghcr.io/dhyansraj/mcp-mesh/python-runtime,sha256:3ff8edf99f4044d883006a4e53e0f6bb7123e7cb3cf91283f0d7f679b950554f,18,yes,2026-06-04T13:31:41.272977579Z,"ENTRYPOINT [""python""]"
ghcr.io/dhyansraj/mcp-mesh/python-runtime,sha256:9c19b7fdf56a4ca2fac58b62682ba18cad48a3586624f5fb6d873e2df553c888,0,,2026-06-23T00:00:00Z,# debian.sh --arch 'amd64' out/ 'trixie' '@1782172800'
ghcr.io/dhyansraj/mcp-mesh/python-runtime,sha256:9c19b7fdf56a4ca2fac58b62682ba18cad48a3586624f5fb6d873e2df553c888,1,yes,2026-06-24T02:02:09.882874231Z,ENV PATH=/usr/local/bin:/usr/local/sbin:/usr/local/bin:/usr/sbin:/usr/bin:/sbin:/bin
ghcr.io/dhyansraj/mcp-mesh/python-runtime,sha256:9c19b7fdf56a4ca2fac58b62682ba18cad48a3586624f5fb6d873e2df553c888,2,yes,2026-06-24T02:02:09.882874231Z,ENV LANG=C.UTF-8
ghcr.io/dhyansraj/mcp-mesh/python-runtime,sha256:9c19b7fdf56a4ca2fac58b62682ba18cad48a3586624f5fb6d873e2df553c888,3,,2026-06-24T02:02:09.882874231Z,RUN /bin/sh -c set -eux; 	apt-get update; 	apt-get install -y --no-install-recommends 		ca-certificates 		netbase 		tzdata 	; 	apt-get dist-clean # buildkit
ghcr.io/dhyansraj/mcp-mesh/python-runtime,sha256:9c19b7fdf56a4ca2fac58b62682ba18cad48a3586624f5fb6d873e2df553c888,4,yes,2026-06-24T02:02:09.882874231Z,ENV GPG_KEY=A035C8C19219BA821ECEA86B64E628F8D684696D
ghcr.io/dhyansraj/mcp-mesh/python-runtime,sha256:9c19b7fdf56a4ca2fac58b62682ba18cad48a3586624f5fb6d873e2df553c888,5,yes,2026-06-24T02:02:09.882874231Z,ENV PYTHON_VERSION=3.11.15
ghcr.io/dhyansraj/mcp-mesh/python-runtime,sha256:9c19b7fdf56a4ca2fac58b62682ba18cad48a3586624f5fb6d873e2df553c888,6,yes,2026-06-24T02:02:09.882874231Z,ENV PYTHON_SHA256=272179ddd9a2e41a0fc8e42e33dfbdca0b3711aa5abf372d3f2d51543d09b625
ghcr.io/dhyansraj/mcp-mesh/python-runtime,sha256:9c19b7fdf56a4ca2fac58b62682ba18cad48a3586624f5fb6d873e2df553c888,7,,2026-06-24T02:10:29.678222653Z,"RUN /bin/sh -c set -eux; 		savedAptMark=""$(apt-mark showmanual)""; 	apt-get update; 	apt-get install -y --no-install-recommends 		dpkg-dev 		gcc 		gnupg 		libbluetooth-dev 		libbz2-dev 		libc6-dev 		libdb-dev 		libffi-dev 		libgdbm-dev 		liblzma-dev 		libncursesw5-dev 		libreadline-dev 		libsqlite3-dev 		libssl-dev 		make 		tk-dev 		uuid-dev 		wget 		xz-utils 		zlib1g-dev 	; 		wget -O python.tar.xz ""https://www.python.org/ftp/python/${PYTHON_VERSION%%[a-z]*}/Python-$PYTHON_VERSION.tar.xz""; 	echo ""$PYTHON_SHA256 *python.tar.xz"" | sha256sum -c -; 	wget -O python.tar.xz.asc ""https://www.python.org"
ghcr.io/dhyansraj/mcp-mesh/python-runtime,sha256:9c19b7fdf56a4ca2fac58b62682ba18cad48a3586624f5fb6d873e2df553c888,8,,2026-06-24T02:10:29.787537623Z,"RUN /bin/sh -c set -eux; 	for src in idle3 pip3 pydoc3 python3 python3-config; do 		dst=""$(echo ""$src"" | tr -d 3)""; 		[ -s ""/usr/local/bin/$src"" ]; 		[ ! -e ""/usr/local/bin/$dst"" ]; 		ln -svT ""$src"" ""/usr/local/bin/$dst""; 	done # buildkit"
ghcr.io/dhyansraj/mcp-mesh/python-runtime,sha256:9c19b7fdf56a4ca2fac58b62682ba18cad48a3586624f5fb6d873e2df553c888,9,yes,2026-06-24T02:10:29.787537623Z,"CMD [""python3""]"
ghcr.io/dhyansraj/mcp-mesh/python-runtime,sha256:9c19b7fdf56a4ca2fac58b62682ba18cad48a3586624f5fb6d873e2df553c888,10,yes,2026-07-01T13:24:52.673784044Z,ARG VERSION=2.7.0
ghcr.io/dhyansraj/mcp-mesh/python-runtime,sha256:9c19b7fdf56a4ca2fac58b62682ba18cad48a3586624f5fb6d873e2df553c888,11,,2026-07-01T13:24:52.673784044Z,RUN |1 VERSION=2.7.0 /bin/sh -c apt-get update && apt-get install -y     curl     wget     && rm -rf /var/lib/apt/lists/*     && groupadd -r -g 999 mcp-mesh     && useradd -r -u 999 -g mcp-mesh mcp-mesh # buildkit
ghcr.io/dhyansraj/mcp-mesh/python-runtime,sha256:9c19b7fdf56a4ca2fac58b62682ba18cad48a3586624f5fb6d873e2df553c888,12,,2026-07-01T13:25:20.111268205Z,"RUN |1 VERSION=2.7.0 /bin/sh -c if [ -z ""$VERSION"" ]; then echo ""VERSION build arg is required"" && exit 1; fi &&     echo ""Installing mcp-mesh==${VERSION} from PyPI"" &&     pip install --no-cache-dir mcp-mesh==${VERSION} # buildkit"
ghcr.io/dhyansraj/mcp-mesh/python-runtime,sha256:9c19b7fdf56a4ca2fac58b62682ba18cad48a3586624f5fb6d873e2df553c888,13,,2026-07-01T13:25:20.263449841Z,RUN |1 VERSION=2.7.0 /bin/sh -c mkdir -p /app && chown mcp-mesh:mcp-mesh /app # buildkit
ghcr.io/dhyansraj/mcp-mesh/python-runtime,sha256:9c19b7fdf56a4ca2fac58b62682ba18cad48a3586624f5fb6d873e2df553c888,14,yes,2026-07-01T13:25:20.263449841Z,USER mcp-mesh
ghcr.io/dhyansraj/mcp-mesh/python-runtime,sha256:9c19b7fdf56a4ca2fac58b62682ba18cad48a3586624f5fb6d873e2df553c888,15,,2026-07-01T13:25:20.274204182Z,WORKDIR /app
ghcr.io/dhyansraj/mcp-mesh/python-runtime,sha256:9c19b7fdf56a4ca2fac58b62682ba18cad48a3586624f5fb6d873e2df553c888,16,yes,2026-07-01T13:25:20.274204182Z,"HEALTHCHECK {Test:[CMD-SHELL python -c ""import requests; requests.get('http://localhost:8080/health', timeout=2)"" || exit 1] Interval:30s Timeout:3s StartPeriod:10s StartInterval:0s Retries:3}"
ghcr.io/dhyansraj/mcp-mesh/python-runtime,sha256:9c19b7fdf56a4ca2fac58b62682ba18cad48a3586624f5fb6d873e2df553c888,17,yes,2026-07-01T13:25:20.274204182Z,EXPOSE [8080/tcp]
ghcr.io/dhyansraj/mcp-mesh/python-runtime,sha256:9c19b7fdf56a4ca2fac58b62682ba18cad48a3586624f5fb6d873e2df553c888,18,yes,2026-07-01T13:25:20.274204182Z,"ENTRYPOINT [""python""]"
ghcr.io/dhyansraj/mcp-mesh/python-runtime,sha256:ec7e4eff255947a046feaa80656de3f43cea57329c62b2eb756b0668a98ca838,0,,2026-06-23T00:00:00Z,# debian.sh --arch 'amd64' out/ 'trixie' '@1782172800'
ghcr.io/dhyansraj/mcp-mesh/python-runtime,sha256:ec7e4eff255947a046feaa80656de3f43cea57329c62b2eb756b0668a98ca838,1,yes,2026-07-06T21:42:21.535170925Z,ENV PATH=/usr/local/bin:/usr/local/sbin:/usr/local/bin:/usr/sbin:/usr/bin:/sbin:/bin
ghcr.io/dhyansraj/mcp-mesh/python-runtime,sha256:ec7e4eff255947a046feaa80656de3f43cea57329c62b2eb756b0668a98ca838,2,yes,2026-07-06T21:42:21.535170925Z,ENV LANG=C.UTF-8
ghcr.io/dhyansraj/mcp-mesh/python-runtime,sha256:ec7e4eff255947a046feaa80656de3f43cea57329c62b2eb756b0668a98ca838,3,,2026-07-06T21:42:21.535170925Z,RUN /bin/sh -c set -eux; 	apt-get update; 	apt-get install -y --no-install-recommends 		ca-certificates 		netbase 		tzdata 	; 	apt-get dist-clean # buildkit
ghcr.io/dhyansraj/mcp-mesh/python-runtime,sha256:ec7e4eff255947a046feaa80656de3f43cea57329c62b2eb756b0668a98ca838,4,yes,2026-07-06T21:42:21.535170925Z,ENV GPG_KEY=A035C8C19219BA821ECEA86B64E628F8D684696D
ghcr.io/dhyansraj/mcp-mesh/python-runtime,sha256:ec7e4eff255947a046feaa80656de3f43cea57329c62b2eb756b0668a98ca838,5,yes,2026-07-06T21:42:21.535170925Z,ENV PYTHON_VERSION=3.11.15
ghcr.io/dhyansraj/mcp-mesh/python-runtime,sha256:ec7e4eff255947a046feaa80656de3f43cea57329c62b2eb756b0668a98ca838,6,yes,2026-07-06T21:42:21.535170925Z,ENV PYTHON_SHA256=272179ddd9a2e41a0fc8e42e33dfbdca0b3711aa5abf372d3f2d51543d09b625
ghcr.io/dhyansraj/mcp-mesh/python-runtime,sha256:ec7e4eff255947a046feaa80656de3f43cea57329c62b2eb756b0668a98ca838,7,,2026-07-06T21:49:56.185214545Z,"RUN /bin/sh -c set -eux; 		savedAptMark=""$(apt-mark showmanual)""; 	apt-get update; 	apt-get install -y --no-install-recommends 		dpkg-dev 		gcc 		gnupg 		libbluetooth-dev 		libbz2-dev 		libc6-dev 		libdb-dev 		libffi-dev 		libgdbm-dev 		liblzma-dev 		libncursesw5-dev 		libreadline-dev 		libsqlite3-dev 		libssl-dev 		make 		tk-dev 		uuid-dev 		wget 		xz-utils 		zlib1g-dev 	; 		wget -O python.tar.xz ""https://www.python.org/ftp/python/${PYTHON_VERSION%%[a-z]*}/Python-$PYTHON_VERSION.tar.xz""; 	echo ""$PYTHON_SHA256 *python.tar.xz"" | sha256sum -c -; 	wget -O python.tar.xz.asc ""https://www.python.org"
ghcr.io/dhyansraj/mcp-mesh/python-runtime,sha256:ec7e4eff255947a046feaa80656de3f43cea57329c62b2eb756b0668a98ca838,8,,2026-07-06T21:49:56.295660256Z,"RUN /bin/sh -c set -eux; 	for src in idle3 pip3 pydoc3 python3 python3-config; do 		dst=""$(echo ""$src"" | tr -d 3)""; 		[ -s ""/usr/local/bin/$src"" ]; 		[ ! -e ""/usr/local/bin/$dst"" ]; 		ln -svT ""$src"" ""/usr/local/bin/$dst""; 	done # buildkit"
ghcr.io/dhyansraj/mcp-mesh/python-runtime,sha256:ec7e4eff255947a046feaa80656de3f43cea57329c62b2eb756b0668a98ca838,9,yes,2026-07-06T21:49:56.295660256Z,"CMD [""python3""]"
ghcr.io/dhyansraj/mcp-mesh/python-runtime,sha256:ec7e4eff255947a046feaa80656de3f43cea57329c62b2eb756b0668a98ca838,10,yes,2026-07-07T21:53:36.80336071Z,ARG VERSION=3.0.1
ghcr.io/dhyansraj/mcp-mesh/python-runtime,sha256:ec7e4eff255947a046feaa80656de3f43cea57329c62b2eb756b0668a98ca838,11,,2026-07-07T21:53:36.80336071Z,RUN |1 VERSION=3.0.1 /bin/sh -c apt-get update && apt-get install -y     curl     wget     && rm -rf /var/lib/apt/lists/*     && groupadd -r -g 999 mcp-mesh     && useradd -r -u 999 -g mcp-mesh mcp-mesh # buildkit
ghcr.io/dhyansraj/mcp-mesh/python-runtime,sha256:ec7e4eff255947a046feaa80656de3f43cea57329c62b2eb756b0668a98ca838,12,,2026-07-07T21:54:08.01095403Z,"RUN |1 VERSION=3.0.1 /bin/sh -c if [ -z ""$VERSION"" ]; then echo ""VERSION build arg is required"" && exit 1; fi &&     echo ""Installing mcp-mesh==${VERSION} from PyPI"" &&     pip install --no-cache-dir mcp-mesh==${VERSION} # buildkit"
ghcr.io/dhyansraj/mcp-mesh/python-runtime,sha256:ec7e4eff255947a046feaa80656de3f43cea57329c62b2eb756b0668a98ca838,13,,2026-07-07T21:54:08.305851897Z,RUN |1 VERSION=3.0.1 /bin/sh -c mkdir -p /app && chown mcp-mesh:mcp-mesh /app # buildkit
ghcr.io/dhyansraj/mcp-mesh/python-runtime,sha256:ec7e4eff255947a046feaa80656de3f43cea57329c62b2eb756b0668a98ca838,14,yes,2026-07-07T21:54:08.305851897Z,USER mcp-mesh
ghcr.io/dhyansraj/mcp-mesh/python-runtime,sha256:ec7e4eff255947a046feaa80656de3f43cea57329c62b2eb756b0668a98ca838,15,,2026-07-07T21:54:08.315786519Z,WORKDIR /app
ghcr.io/dhyansraj/mcp-mesh/python-runtime,sha256:ec7e4eff255947a046feaa80656de3f43cea57329c62b2eb756b0668a98ca838,16,yes,2026-07-07T21:54:08.315786519Z,"HEALTHCHECK {Test:[CMD-SHELL python -c ""import requests; requests.get('http://localhost:8080/health', timeout=2)"" || exit 1] Interval:30s Timeout:3s StartPeriod:10s StartInterval:0s Retries:3}"
ghcr.io/dhyansraj/mcp-mesh/python-runtime,sha256:ec7e4eff255947a046feaa80656de3f43cea57329c62b2eb756b0668a98ca838,17,yes,2026-07-07T21:54:08.315786519Z,EXPOSE [8080/tcp]
ghcr.io/dhyansraj/mcp-mesh/python-runtime,sha256:ec7e4eff255947a046feaa80656de3f43cea57329c62b2eb756b0668a98ca838,18,yes,2026-07-07T21:54:08.315786519Z,"ENTRYPOINT [""python""]"
ghcr.io/startreedata/mcp-pinot,sha256:f7ad8db68026ad5730e42e1603a3ddb2ff703523014355b13805fa8cc8f5daba,0,,2026-05-05T00:00:00Z,# debian.sh --arch 'amd64' out/ 'trixie' '@1777939200'
ghcr.io/startreedata/mcp-pinot,sha256:f7ad8db68026ad5730e42e1603a3ddb2ff703523014355b13805fa8cc8f5daba,1,yes,2026-05-08T20:00:51.463174261Z,ENV PATH=/usr/local/bin:/usr/local/sbin:/usr/local/bin:/usr/sbin:/usr/bin:/sbin:/bin
ghcr.io/startreedata/mcp-pinot,sha256:f7ad8db68026ad5730e42e1603a3ddb2ff703523014355b13805fa8cc8f5daba,2,yes,2026-05-08T20:00:51.463174261Z,ENV LANG=C.UTF-8
ghcr.io/startreedata/mcp-pinot,sha256:f7ad8db68026ad5730e42e1603a3ddb2ff703523014355b13805fa8cc8f5daba,3,,2026-05-08T20:00:51.463174261Z,RUN /bin/sh -c set -eux; 	apt-get update; 	apt-get install -y --no-install-recommends 		ca-certificates 		netbase 		tzdata 	; 	apt-get dist-clean # buildkit
ghcr.io/startreedata/mcp-pinot,sha256:f7ad8db68026ad5730e42e1603a3ddb2ff703523014355b13805fa8cc8f5daba,4,yes,2026-05-08T20:00:51.463174261Z,ENV GPG_KEY=7169605F62C751356D054A26A821E680E5FA6305
ghcr.io/startreedata/mcp-pinot,sha256:f7ad8db68026ad5730e42e1603a3ddb2ff703523014355b13805fa8cc8f5daba,5,yes,2026-05-08T20:00:51.463174261Z,ENV PYTHON_VERSION=3.12.13
ghcr.io/startreedata/mcp-pinot,sha256:f7ad8db68026ad5730e42e1603a3ddb2ff703523014355b13805fa8cc8f5daba,6,yes,2026-05-08T20:00:51.463174261Z,ENV PYTHON_SHA256=c08bc65a81971c1dd5783182826503369466c7e67374d1646519adf05207b684
ghcr.io/startreedata/mcp-pinot,sha256:f7ad8db68026ad5730e42e1603a3ddb2ff703523014355b13805fa8cc8f5daba,7,,2026-05-08T20:09:33.069569365Z,"RUN /bin/sh -c set -eux; 		savedAptMark=""$(apt-mark showmanual)""; 	apt-get update; 	apt-get install -y --no-install-recommends 		dpkg-dev 		gcc 		gnupg 		libbluetooth-dev 		libbz2-dev 		libc6-dev 		libdb-dev 		libffi-dev 		libgdbm-dev 		liblzma-dev 		libncursesw5-dev 		libreadline-dev 		libsqlite3-dev 		libssl-dev 		make 		tk-dev 		uuid-dev 		wget 		xz-utils 		zlib1g-dev 	; 		wget -O python.tar.xz ""https://www.python.org/ftp/python/${PYTHON_VERSION%%[a-z]*}/Python-$PYTHON_VERSION.tar.xz""; 	echo ""$PYTHON_SHA256 *python.tar.xz"" | sha256sum -c -; 	wget -O python.tar.xz.asc ""https://www.python.org"
ghcr.io/startreedata/mcp-pinot,sha256:f7ad8db68026ad5730e42e1603a3ddb2ff703523014355b13805fa8cc8f5daba,8,,2026-05-08T20:09:33.164791189Z,"RUN /bin/sh -c set -eux; 	for src in idle3 pip3 pydoc3 python3 python3-config; do 		dst=""$(echo ""$src"" | tr -d 3)""; 		[ -s ""/usr/local/bin/$src"" ]; 		[ ! -e ""/usr/local/bin/$dst"" ]; 		ln -svT ""$src"" ""/usr/local/bin/$dst""; 	done # buildkit"
ghcr.io/startreedata/mcp-pinot,sha256:f7ad8db68026ad5730e42e1603a3ddb2ff703523014355b13805fa8cc8f5daba,9,yes,2026-05-08T20:09:33.164791189Z,"CMD [""python3""]"
ghcr.io/startreedata/mcp-pinot,sha256:f7ad8db68026ad5730e42e1603a3ddb2ff703523014355b13805fa8cc8f5daba,10,,2026-05-18T19:10:42.080437068Z,WORKDIR /app
ghcr.io/startreedata/mcp-pinot,sha256:f7ad8db68026ad5730e42e1603a3ddb2ff703523014355b13805fa8cc8f5daba,11,,2026-05-18T19:10:52.825587161Z,RUN /bin/sh -c apt-get update && apt-get install -y     build-essential     && rm -rf /var/lib/apt/lists/* # buildkit
ghcr.io/startreedata/mcp-pinot,sha256:f7ad8db68026ad5730e42e1603a3ddb2ff703523014355b13805fa8cc8f5daba,12,,2026-05-18T19:10:52.882787826Z,COPY . /app/ # buildkit
ghcr.io/startreedata/mcp-pinot,sha256:f7ad8db68026ad5730e42e1603a3ddb2ff703523014355b13805fa8cc8f5daba,13,,2026-05-18T19:11:11.831563494Z,RUN /bin/sh -c python -m pip install --no-cache-dir --upgrade pip     && python -m pip install --no-cache-dir . # buildkit
ghcr.io/startreedata/mcp-pinot,sha256:f7ad8db68026ad5730e42e1603a3ddb2ff703523014355b13805fa8cc8f5daba,14,yes,2026-05-18T19:11:11.960621398Z,ENV PYTHONUNBUFFERED=1
ghcr.io/startreedata/mcp-pinot,sha256:f7ad8db68026ad5730e42e1603a3ddb2ff703523014355b13805fa8cc8f5daba,15,,2026-05-18T19:11:11.960621398Z,RUN /bin/sh -c groupadd -r -g 1000 appuser && useradd -r -g appuser -u 1000 -m appuser # buildkit
ghcr.io/startreedata/mcp-pinot,sha256:f7ad8db68026ad5730e42e1603a3ddb2ff703523014355b13805fa8cc8f5daba,16,yes,2026-05-18T19:11:11.960621398Z,ENV HOME=/home/appuser
ghcr.io/startreedata/mcp-pinot,sha256:f7ad8db68026ad5730e42e1603a3ddb2ff703523014355b13805fa8cc8f5daba,17,,2026-05-18T19:11:12.022487681Z,RUN /bin/sh -c chmod +x /app/run.sh # buildkit
ghcr.io/startreedata/mcp-pinot,sha256:f7ad8db68026ad5730e42e1603a3ddb2ff703523014355b13805fa8cc8f5daba,18,,2026-05-18T19:11:12.203947031Z,RUN /bin/sh -c chown -R appuser:appuser /app # buildkit
ghcr.io/startreedata/mcp-pinot,sha256:f7ad8db68026ad5730e42e1603a3ddb2ff703523014355b13805fa8cc8f5daba,19,yes,2026-05-18T19:11:12.203947031Z,USER appuser
ghcr.io/startreedata/mcp-pinot,sha256:f7ad8db68026ad5730e42e1603a3ddb2ff703523014355b13805fa8cc8f5daba,20,yes,2026-05-18T19:11:12.203947031Z,"ENTRYPOINT [""/app/run.sh""]"
ghcr.io/startreedata/mcp-pinot,sha256:f51dfc45a197eda5613d0a89e9b15000a5c0999d7b0bf8c78d14d391935b4ba7,0,,2026-07-13T00:00:00Z,# debian.sh --arch 'amd64' out/ 'trixie' '@1783900800'
ghcr.io/startreedata/mcp-pinot,sha256:f51dfc45a197eda5613d0a89e9b15000a5c0999d7b0bf8c78d14d391935b4ba7,1,yes,2026-07-14T02:02:10.365721224Z,ENV PATH=/usr/local/bin:/usr/local/sbin:/usr/local/bin:/usr/sbin:/usr/bin:/sbin:/bin
ghcr.io/startreedata/mcp-pinot,sha256:f51dfc45a197eda5613d0a89e9b15000a5c0999d7b0bf8c78d14d391935b4ba7,2,yes,2026-07-14T02:02:10.365721224Z,ENV LANG=C.UTF-8
ghcr.io/startreedata/mcp-pinot,sha256:f51dfc45a197eda5613d0a89e9b15000a5c0999d7b0bf8c78d14d391935b4ba7,3,,2026-07-14T02:02:10.365721224Z,RUN /bin/sh -c set -eux; 	apt-get update; 	apt-get install -y --no-install-recommends 		ca-certificates 		netbase 		tzdata 	; 	apt-get dist-clean # buildkit
ghcr.io/startreedata/mcp-pinot,sha256:f51dfc45a197eda5613d0a89e9b15000a5c0999d7b0bf8c78d14d391935b4ba7,4,yes,2026-07-14T02:02:10.365721224Z,ENV GPG_KEY=7169605F62C751356D054A26A821E680E5FA6305
ghcr.io/startreedata/mcp-pinot,sha256:f51dfc45a197eda5613d0a89e9b15000a5c0999d7b0bf8c78d14d391935b4ba7,5,yes,2026-07-14T02:02:10.365721224Z,ENV PYTHON_VERSION=3.12.13
ghcr.io/startreedata/mcp-pinot,sha256:f51dfc45a197eda5613d0a89e9b15000a5c0999d7b0bf8c78d14d391935b4ba7,6,yes,2026-07-14T02:02:10.365721224Z,ENV PYTHON_SHA256=c08bc65a81971c1dd5783182826503369466c7e67374d1646519adf05207b684
ghcr.io/startreedata/mcp-pinot,sha256:f51dfc45a197eda5613d0a89e9b15000a5c0999d7b0bf8c78d14d391935b4ba7,7,,2026-07-14T02:11:29.10254015Z,"RUN /bin/sh -c set -eux; 		savedAptMark=""$(apt-mark showmanual)""; 	apt-get update; 	apt-get install -y --no-install-recommends 		dpkg-dev 		gcc 		gnupg 		libbluetooth-dev 		libbz2-dev 		libc6-dev 		libdb-dev 		libffi-dev 		libgdbm-dev 		liblzma-dev 		libncursesw5-dev 		libreadline-dev 		libsqlite3-dev 		libssl-dev 		make 		tk-dev 		uuid-dev 		wget 		xz-utils 		zlib1g-dev 	; 		wget -O python.tar.xz ""https://www.python.org/ftp/python/${PYTHON_VERSION%%[a-z]*}/Python-$PYTHON_VERSION.tar.xz""; 	echo ""$PYTHON_SHA256 *python.tar.xz"" | sha256sum -c -; 	wget -O python.tar.xz.asc ""https://www.python.org"
ghcr.io/startreedata/mcp-pinot,sha256:f51dfc45a197eda5613d0a89e9b15000a5c0999d7b0bf8c78d14d391935b4ba7,8,,2026-07-14T02:11:29.203658501Z,"RUN /bin/sh -c set -eux; 	for src in idle3 pip3 pydoc3 python3 python3-config; do 		dst=""$(echo ""$src"" | tr -d 3)""; 		[ -s ""/usr/local/bin/$src"" ]; 		[ ! -e ""/usr/local/bin/$dst"" ]; 		ln -svT ""$src"" ""/usr/local/bin/$dst""; 	done # buildkit"
ghcr.io/startreedata/mcp-pinot,sha256:f51dfc45a197eda5613d0a89e9b15000a5c0999d7b0bf8c78d14d391935b4ba7,9,yes,2026-07-14T02:11:29.203658501Z,"CMD [""python3""]"
ghcr.io/startreedata/mcp-pinot,sha256:f51dfc45a197eda5613d0a89e9b15000a5c0999d7b0bf8c78d14d391935b4ba7,10,yes,2026-07-27T20:29:27.295008147Z,LABEL io.modelcontextprotocol.server.name=io.github.startreedata/mcp-pinot
ghcr.io/startreedata/mcp-pinot,sha256:f51dfc45a197eda5613d0a89e9b15000a5c0999d7b0bf8c78d14d391935b4ba7,11,yes,2026-07-27T20:29:27.295008147Z,ENV HOME=/tmp PATH=/app/.venv/bin:/usr/local/bin:/usr/local/sbin:/usr/local/bin:/usr/sbin:/usr/bin:/sbin:/bin PYTHONDONTWRITEBYTECODE=1 PYTHONUNBUFFERED=1 XDG_CACHE_HOME=/tmp/.cache XDG_DATA_HOME=/tmp/.local/share
ghcr.io/startreedata/mcp-pinot,sha256:f51dfc45a197eda5613d0a89e9b15000a5c0999d7b0bf8c78d14d391935b4ba7,12,,2026-07-27T20:29:27.295008147Z,WORKDIR /app
ghcr.io/startreedata/mcp-pinot,sha256:f51dfc45a197eda5613d0a89e9b15000a5c0999d7b0bf8c78d14d391935b4ba7,13,,2026-07-27T20:29:27.386769109Z,RUN /bin/sh -c groupadd --gid 1000 appuser     && useradd --uid 1000 --gid 1000 --no-create-home --shell /usr/sbin/nologin appuser     && mkdir -p /app/config     && chown -R 1000:1000 /app # buildkit
ghcr.io/startreedata/mcp-pinot,sha256:f51dfc45a197eda5613d0a89e9b15000a5c0999d7b0bf8c78d14d391935b4ba7,14,,2026-07-27T20:29:35.497466083Z,COPY /app/.venv /app/.venv # buildkit
ghcr.io/startreedata/mcp-pinot,sha256:f51dfc45a197eda5613d0a89e9b15000a5c0999d7b0bf8c78d14d391935b4ba7,15,,2026-07-27T20:29:35.576128693Z,COPY --chmod=0555 run.sh /app/run.sh # buildkit
ghcr.io/startreedata/mcp-pinot,sha256:f51dfc45a197eda5613d0a89e9b15000a5c0999d7b0bf8c78d14d391935b4ba7,16,yes,2026-07-27T20:29:35.576128693Z,USER 1000:1000
ghcr.io/startreedata/mcp-pinot,sha256:f51dfc45a197eda5613d0a89e9b15000a5c0999d7b0bf8c78d14d391935b4ba7,17,yes,2026-07-27T20:29:35.576128693Z,"ENTRYPOINT [""/app/run.sh""]"
ghcr.io/williamzujkowski/mcp-standards-server,sha256:155b84604e8a657fd62ccf287dc1d00a500028529c6f466578c0c7255fb5163f,0,,2025-06-04T00:40:01Z,# debian.sh --arch 'amd64' out/ 'bookworm' '@1751241600'
ghcr.io/williamzujkowski/mcp-standards-server,sha256:155b84604e8a657fd62ccf287dc1d00a500028529c6f466578c0c7255fb5163f,1,yes,2025-06-04T00:40:01Z,ENV PATH=/usr/local/bin:/usr/local/sbin:/usr/local/bin:/usr/sbin:/usr/bin:/sbin:/bin
ghcr.io/williamzujkowski/mcp-standards-server,sha256:155b84604e8a657fd62ccf287dc1d00a500028529c6f466578c0c7255fb5163f,2,yes,2025-06-04T00:40:01Z,ENV LANG=C.UTF-8
ghcr.io/williamzujkowski/mcp-standards-server,sha256:155b84604e8a657fd62ccf287dc1d00a500028529c6f466578c0c7255fb5163f,3,,2025-06-04T00:40:01Z,RUN /bin/sh -c set -eux; 	apt-get update; 	apt-get install -y --no-install-recommends 		ca-certificates 		netbase 		tzdata 	; 	rm -rf /var/lib/apt/lists/* # buildkit
ghcr.io/williamzujkowski/mcp-standards-server,sha256:155b84604e8a657fd62ccf287dc1d00a500028529c6f466578c0c7255fb5163f,4,yes,2025-06-04T00:40:01Z,ENV GPG_KEY=7169605F62C751356D054A26A821E680E5FA6305
ghcr.io/williamzujkowski/mcp-standards-server,sha256:155b84604e8a657fd62ccf287dc1d00a500028529c6f466578c0c7255fb5163f,5,yes,2025-06-04T00:40:01Z,ENV PYTHON_VERSION=3.12.11
ghcr.io/williamzujkowski/mcp-standards-server,sha256:155b84604e8a657fd62ccf287dc1d00a500028529c6f466578c0c7255fb5163f,6,yes,2025-06-04T00:40:01Z,ENV PYTHON_SHA256=c30bb24b7f1e9a19b11b55a546434f74e739bb4c271a3e3a80ff4380d49f7adb
ghcr.io/williamzujkowski/mcp-standards-server,sha256:155b84604e8a657fd62ccf287dc1d00a500028529c6f466578c0c7255fb5163f,7,,2025-06-04T00:40:01Z,"RUN /bin/sh -c set -eux; 		savedAptMark=""$(apt-mark showmanual)""; 	apt-get update; 	apt-get install -y --no-install-recommends 		dpkg-dev 		gcc 		gnupg 		libbluetooth-dev 		libbz2-dev 		libc6-dev 		libdb-dev 		libffi-dev 		libgdbm-dev 		liblzma-dev 		libncursesw5-dev 		libreadline-dev 		libsqlite3-dev 		libssl-dev 		make 		tk-dev 		uuid-dev 		wget 		xz-utils 		zlib1g-dev 	; 		wget -O python.tar.xz ""https://www.python.org/ftp/python/${PYTHON_VERSION%%[a-z]*}/Python-$PYTHON_VERSION.tar.xz""; 	echo ""$PYTHON_SHA256 *python.tar.xz"" | sha256sum -c -; 	wget -O python.tar.xz.asc ""https://www.python.org"
ghcr.io/williamzujkowski/mcp-standards-server,sha256:155b84604e8a657fd62ccf287dc1d00a500028529c6f466578c0c7255fb5163f,8,,2025-06-04T00:40:01Z,"RUN /bin/sh -c set -eux; 	for src in idle3 pip3 pydoc3 python3 python3-config; do 		dst=""$(echo ""$src"" | tr -d 3)""; 		[ -s ""/usr/local/bin/$src"" ]; 		[ ! -e ""/usr/local/bin/$dst"" ]; 		ln -svT ""$src"" ""/usr/local/bin/$dst""; 	done # buildkit"
ghcr.io/williamzujkowski/mcp-standards-server,sha256:155b84604e8a657fd62ccf287dc1d00a500028529c6f466578c0c7255fb5163f,9,yes,2025-06-04T00:40:01Z,"CMD [""python3""]"
ghcr.io/williamzujkowski/mcp-standards-server,sha256:155b84604e8a657fd62ccf287dc1d00a500028529c6f466578c0c7255fb5163f,10,yes,2025-07-16T17:30:00.254865698Z,ENV PYTHONDONTWRITEBYTECODE=1 PYTHONUNBUFFERED=1 PYTHONPATH=/app/src
ghcr.io/williamzujkowski/mcp-standards-server,sha256:155b84604e8a657fd62ccf287dc1d00a500028529c6f466578c0c7255fb5163f,11,,2025-07-16T17:30:00.254865698Z,RUN /bin/sh -c apt-get update && apt-get install -y     curl     && rm -rf /var/lib/apt/lists/* # buildkit
ghcr.io/williamzujkowski/mcp-standards-server,sha256:155b84604e8a657fd62ccf287dc1d00a500028529c6f466578c0c7255fb5163f,12,,2025-07-16T17:30:00.36782322Z,RUN /bin/sh -c groupadd -r mcpuser && useradd -r -g mcpuser mcpuser # buildkit
ghcr.io/williamzujkowski/mcp-standards-server,sha256:155b84604e8a657fd62ccf287dc1d00a500028529c6f466578c0c7255fb5163f,13,,2025-07-16T17:30:00.39136994Z,WORKDIR /app
ghcr.io/williamzujkowski/mcp-standards-server,sha256:155b84604e8a657fd62ccf287dc1d00a500028529c6f466578c0c7255fb5163f,14,,2025-07-16T17:30:00.45097139Z,RUN /bin/sh -c mkdir -p /app/data /app/logs &&     chown -R mcpuser:mcpuser /app # buildkit
ghcr.io/williamzujkowski/mcp-standards-server,sha256:155b84604e8a657fd62ccf287dc1d00a500028529c6f466578c0c7255fb5163f,15,,2025-07-17T02:41:28.163270807Z,COPY /usr/local/lib/python3.12/site-packages /usr/local/lib/python3.12/site-packages # buildkit
ghcr.io/williamzujkowski/mcp-standards-server,sha256:155b84604e8a657fd62ccf287dc1d00a500028529c6f466578c0c7255fb5163f,16,,2025-07-17T02:41:28.489855868Z,COPY /usr/local/bin /usr/local/bin # buildkit
ghcr.io/williamzujkowski/mcp-standards-server,sha256:155b84604e8a657fd62ccf287dc1d00a500028529c6f466578c0c7255fb5163f,17,,2025-07-17T02:41:28.642043757Z,COPY --chown=mcpuser:mcpuser . . # buildkit
ghcr.io/williamzujkowski/mcp-standards-server,sha256:155b84604e8a657fd62ccf287dc1d00a500028529c6f466578c0c7255fb5163f,18,,2025-07-17T02:41:30.895500197Z,"RUN /bin/sh -c python -c ""import nltk; nltk.download('punkt_tab'); nltk.download('punkt'); nltk.download('stopwords'); nltk.download('wordnet')"" || true # buildkit"
ghcr.io/williamzujkowski/mcp-standards-server,sha256:155b84604e8a657fd62ccf287dc1d00a500028529c6f466578c0c7255fb5163f,19,yes,2025-07-17T02:41:30.895500197Z,USER mcpuser
ghcr.io/williamzujkowski/mcp-standards-server,sha256:155b84604e8a657fd62ccf287dc1d00a500028529c6f466578c0c7255fb5163f,20,yes,2025-07-17T02:41:30.895500197Z,EXPOSE map[3000/tcp:{} 8080/tcp:{}]
ghcr.io/williamzujkowski/mcp-standards-server,sha256:155b84604e8a657fd62ccf287dc1d00a500028529c6f466578c0c7255fb5163f,21,yes,2025-07-17T02:41:30.895500197Z,"HEALTHCHECK &{[""CMD-SHELL"" ""curl -f http://localhost:8080/health || exit 1""] ""30s"" ""10s"" ""40s"" ""0s"" '\x03'}"
ghcr.io/williamzujkowski/mcp-standards-server,sha256:155b84604e8a657fd62ccf287dc1d00a500028529c6f466578c0c7255fb5163f,22,yes,2025-07-17T02:41:30.895500197Z,"CMD [""python"" ""-m"" ""src.main""]"
ghcr.io/githubsecuritylab/seclab-taskflow-agent,sha256:a53d5d9806cd6e54ea7af41305340361d47a5f55563c33171d781d3a922c2790,0,,2026-07-13T00:00:00Z,# debian.sh --arch 'amd64' out/ 'trixie' '@1783900800'
ghcr.io/githubsecuritylab/seclab-taskflow-agent,sha256:a53d5d9806cd6e54ea7af41305340361d47a5f55563c33171d781d3a922c2790,1,yes,2026-07-14T02:03:18.495628225Z,ENV PATH=/usr/local/bin:/usr/local/sbin:/usr/local/bin:/usr/sbin:/usr/bin:/sbin:/bin
ghcr.io/githubsecuritylab/seclab-taskflow-agent,sha256:a53d5d9806cd6e54ea7af41305340361d47a5f55563c33171d781d3a922c2790,2,yes,2026-07-14T02:03:18.495628225Z,ENV LANG=C.UTF-8
ghcr.io/githubsecuritylab/seclab-taskflow-agent,sha256:a53d5d9806cd6e54ea7af41305340361d47a5f55563c33171d781d3a922c2790,3,,2026-07-14T02:03:18.495628225Z,RUN /bin/sh -c set -eux; 	apt-get update; 	apt-get install -y --no-install-recommends 		ca-certificates 		netbase 		tzdata 	; 	apt-get dist-clean # buildkit
ghcr.io/githubsecuritylab/seclab-taskflow-agent,sha256:a53d5d9806cd6e54ea7af41305340361d47a5f55563c33171d781d3a922c2790,4,yes,2026-07-14T02:03:18.495628225Z,ENV GPG_KEY=A035C8C19219BA821ECEA86B64E628F8D684696D
ghcr.io/githubsecuritylab/seclab-taskflow-agent,sha256:a53d5d9806cd6e54ea7af41305340361d47a5f55563c33171d781d3a922c2790,5,yes,2026-07-14T02:03:18.495628225Z,ENV PYTHON_VERSION=3.11.15
ghcr.io/githubsecuritylab/seclab-taskflow-agent,sha256:a53d5d9806cd6e54ea7af41305340361d47a5f55563c33171d781d3a922c2790,6,yes,2026-07-14T02:03:18.495628225Z,ENV PYTHON_SHA256=272179ddd9a2e41a0fc8e42e33dfbdca0b3711aa5abf372d3f2d51543d09b625
ghcr.io/githubsecuritylab/seclab-taskflow-agent,sha256:a53d5d9806cd6e54ea7af41305340361d47a5f55563c33171d781d3a922c2790,7,,2026-07-14T02:10:44.760532833Z,"RUN /bin/sh -c set -eux; 		savedAptMark=""$(apt-mark showmanual)""; 	apt-get update; 	apt-get install -y --no-install-recommends 		dpkg-dev 		gcc 		gnupg 		libbluetooth-dev 		libbz2-dev 		libc6-dev 		libdb-dev 		libffi-dev 		libgdbm-dev 		liblzma-dev 		libncursesw5-dev 		libreadline-dev 		libsqlite3-dev 		libssl-dev 		make 		tk-dev 		uuid-dev 		wget 		xz-utils 		zlib1g-dev 	; 		wget -O python.tar.xz ""https://www.python.org/ftp/python/${PYTHON_VERSION%%[a-z]*}/Python-$PYTHON_VERSION.tar.xz""; 	echo ""$PYTHON_SHA256 *python.tar.xz"" | sha256sum -c -; 	wget -O python.tar.xz.asc ""https://www.python.org"
ghcr.io/githubsecuritylab/seclab-taskflow-agent,sha256:a53d5d9806cd6e54ea7af41305340361d47a5f55563c33171d781d3a922c2790,8,,2026-07-14T02:10:44.878599843Z,"RUN /bin/sh -c set -eux; 	for src in idle3 pip3 pydoc3 python3 python3-config; do 		dst=""$(echo ""$src"" | tr -d 3)""; 		[ -s ""/usr/local/bin/$src"" ]; 		[ ! -e ""/usr/local/bin/$dst"" ]; 		ln -svT ""$src"" ""/usr/local/bin/$dst""; 	done # buildkit"
ghcr.io/githubsecuritylab/seclab-taskflow-agent,sha256:a53d5d9806cd6e54ea7af41305340361d47a5f55563c33171d781d3a922c2790,9,yes,2026-07-14T02:10:44.878599843Z,"CMD [""python3""]"
ghcr.io/githubsecuritylab/seclab-taskflow-agent,sha256:a53d5d9806cd6e54ea7af41305340361d47a5f55563c33171d781d3a922c2790,10,,2026-07-20T15:10:20.570132581Z,WORKDIR /app
ghcr.io/githubsecuritylab/seclab-taskflow-agent,sha256:a53d5d9806cd6e54ea7af41305340361d47a5f55563c33171d781d3a922c2790,11,,2026-07-20T15:10:26.955890699Z,RUN /bin/sh -c apt-get update && apt-get install -y     curl     unzip     git     ca-certificates     && rm -rf /var/lib/apt/lists/* # buildkit
ghcr.io/githubsecuritylab/seclab-taskflow-agent,sha256:a53d5d9806cd6e54ea7af41305340361d47a5f55563c33171d781d3a922c2790,12,,2026-07-20T15:10:31.944732342Z,"RUN /bin/sh -c apt-get update     && install -m 0755 -d /etc/apt/keyrings     && curl -fsSL https://download.docker.com/linux/debian/gpg -o /etc/apt/keyrings/docker.asc     && chmod a+r /etc/apt/keyrings/docker.asc     && echo     ""deb [arch=$(dpkg --print-architecture) signed-by=/etc/apt/keyrings/docker.asc] https://download.docker.com/linux/debian     $(. /etc/os-release && echo ""$VERSION_CODENAME"") stable"" |     tee /etc/apt/sources.list.d/docker.list > /dev/null     && apt-get update && apt-get install -y docker-ce-cli     && rm -rf /var/lib/apt/lists/* # buildkit"
ghcr.io/githubsecuritylab/seclab-taskflow-agent,sha256:a53d5d9806cd6e54ea7af41305340361d47a5f55563c33171d781d3a922c2790,13,,2026-07-20T15:10:35.29162293Z,"RUN /bin/sh -c curl -fsSL https://cli.github.com/packages/githubcli-archive-keyring.gpg | dd of=/usr/share/keyrings/githubcli-archive-keyring.gpg     && chmod go+r /usr/share/keyrings/githubcli-archive-keyring.gpg     && echo ""deb [arch=$(dpkg --print-architecture) signed-by=/usr/share/keyrings/githubcli-archive-keyring.gpg] https://cli.github.com/packages stable main"" | tee /etc/apt/sources.list.d/github-cli.list > /dev/null     && apt-get update     && apt-get install -y gh     && rm -rf /var/lib/apt/lists/* # buildkit"
ghcr.io/githubsecuritylab/seclab-taskflow-agent,sha256:a53d5d9806cd6e54ea7af41305340361d47a5f55563c33171d781d3a922c2790,14,,2026-07-20T15:10:48.100266801Z,RUN /bin/sh -c curl -Ls -o /tmp/codeql.zip https://github.com/github/codeql-cli-binaries/releases/latest/download/codeql-linux64.zip     && unzip /tmp/codeql.zip -d /opt     && mv /opt/codeql /opt/codeql-cli     && ln -s /opt/codeql-cli/codeql /usr/local/bin/codeql     && rm /tmp/codeql.zip # buildkit
ghcr.io/githubsecuritylab/seclab-taskflow-agent,sha256:a53d5d9806cd6e54ea7af41305340361d47a5f55563c33171d781d3a922c2790,15,,2026-07-20T15:11:12.547158991Z,RUN /bin/sh -c pip install seclab-taskflow-agent # buildkit
ghcr.io/githubsecuritylab/seclab-taskflow-agent,sha256:a53d5d9806cd6e54ea7af41305340361d47a5f55563c33171d781d3a922c2790,16,,2026-07-20T15:11:35.931792879Z,RUN /bin/sh -c export SECLAB_TASKFLOW_AGENT=$(python -c 'import seclab_taskflow_agent as x; print(x.__path__[0])') &&     codeql pack install $SECLAB_TASKFLOW_AGENT/mcp_servers/codeql/queries/mcp-cpp &&     codeql pack install $SECLAB_TASKFLOW_AGENT/mcp_servers/codeql/queries/mcp-js # buildkit
ghcr.io/githubsecuritylab/seclab-taskflow-agent,sha256:a53d5d9806cd6e54ea7af41305340361d47a5f55563c33171d781d3a922c2790,17,yes,2026-07-20T15:11:35.931792879Z,"ENTRYPOINT [""python"" ""-m"" ""seclab_taskflow_agent""]"
ghcr.io/n24q02m/better-telegram-mcp,sha256:e059314803184e237811ca8fafa3e4fd8c0d2aa5ea1f00739b7d0f67cfdaec7e,0,,2026-04-21T00:00:00Z,# debian.sh --arch 'amd64' out/ 'bookworm' '@1776729600'
ghcr.io/n24q02m/better-telegram-mcp,sha256:e059314803184e237811ca8fafa3e4fd8c0d2aa5ea1f00739b7d0f67cfdaec7e,1,yes,2026-04-22T02:00:21.02838512Z,ENV PATH=/usr/local/bin:/usr/local/sbin:/usr/local/bin:/usr/sbin:/usr/bin:/sbin:/bin
ghcr.io/n24q02m/better-telegram-mcp,sha256:e059314803184e237811ca8fafa3e4fd8c0d2aa5ea1f00739b7d0f67cfdaec7e,2,,2026-04-22T02:00:21.02838512Z,RUN /bin/sh -c set -eux; 	apt-get update; 	apt-get install -y --no-install-recommends 		ca-certificates 		netbase 		tzdata 	; 	rm -rf /var/lib/apt/lists/* # buildkit
ghcr.io/n24q02m/better-telegram-mcp,sha256:e059314803184e237811ca8fafa3e4fd8c0d2aa5ea1f00739b7d0f67cfdaec7e,3,yes,2026-04-22T02:00:21.02838512Z,ENV GPG_KEY=7169605F62C751356D054A26A821E680E5FA6305
ghcr.io/n24q02m/better-telegram-mcp,sha256:e059314803184e237811ca8fafa3e4fd8c0d2aa5ea1f00739b7d0f67cfdaec7e,4,yes,2026-04-22T02:00:21.02838512Z,ENV PYTHON_VERSION=3.13.13
ghcr.io/n24q02m/better-telegram-mcp,sha256:e059314803184e237811ca8fafa3e4fd8c0d2aa5ea1f00739b7d0f67cfdaec7e,5,yes,2026-04-22T02:00:21.02838512Z,ENV PYTHON_SHA256=2ab91ff401783ccca64f75d10c882e957bdfd60e2bf5a72f8421793729b78a71
ghcr.io/n24q02m/better-telegram-mcp,sha256:e059314803184e237811ca8fafa3e4fd8c0d2aa5ea1f00739b7d0f67cfdaec7e,6,,2026-04-22T02:10:21.620263514Z,"RUN /bin/sh -c set -eux; 		savedAptMark=""$(apt-mark showmanual)""; 	apt-get update; 	apt-get install -y --no-install-recommends 		dpkg-dev 		gcc 		gnupg 		libbluetooth-dev 		libbz2-dev 		libc6-dev 		libdb-dev 		libffi-dev 		libgdbm-dev 		liblzma-dev 		libncursesw5-dev 		libreadline-dev 		libsqlite3-dev 		libssl-dev 		make 		tk-dev 		uuid-dev 		wget 		xz-utils 		zlib1g-dev 	; 		wget -O python.tar.xz ""https://www.python.org/ftp/python/${PYTHON_VERSION%%[a-z]*}/Python-$PYTHON_VERSION.tar.xz""; 	echo ""$PYTHON_SHA256 *python.tar.xz"" | sha256sum -c -; 	wget -O python.tar.xz.asc ""https://www.python.org"
ghcr.io/n24q02m/better-telegram-mcp,sha256:e059314803184e237811ca8fafa3e4fd8c0d2aa5ea1f00739b7d0f67cfdaec7e,7,,2026-04-22T02:10:21.716292198Z,"RUN /bin/sh -c set -eux; 	for src in idle3 pip3 pydoc3 python3 python3-config; do 		dst=""$(echo ""$src"" | tr -d 3)""; 		[ -s ""/usr/local/bin/$src"" ]; 		[ ! -e ""/usr/local/bin/$dst"" ]; 		ln -svT ""$src"" ""/usr/local/bin/$dst""; 	done # buildkit"
ghcr.io/n24q02m/better-telegram-mcp,sha256:e059314803184e237811ca8fafa3e4fd8c0d2aa5ea1f00739b7d0f67cfdaec7e,8,yes,2026-04-22T02:10:21.716292198Z,"CMD [""python3""]"
ghcr.io/n24q02m/better-telegram-mcp,sha256:e059314803184e237811ca8fafa3e4fd8c0d2aa5ea1f00739b7d0f67cfdaec7e,9,yes,2026-04-24T11:14:20.188447877Z,LABEL org.opencontainers.image.source=https://github.com/n24q02m/better-telegram-mcp
ghcr.io/n24q02m/better-telegram-mcp,sha256:e059314803184e237811ca8fafa3e4fd8c0d2aa5ea1f00739b7d0f67cfdaec7e,10,yes,2026-04-24T11:14:20.188447877Z,LABEL io.modelcontextprotocol.server.name=io.github.n24q02m/better-telegram-mcp
ghcr.io/n24q02m/better-telegram-mcp,sha256:e059314803184e237811ca8fafa3e4fd8c0d2aa5ea1f00739b7d0f67cfdaec7e,11,,2026-04-24T11:14:20.188447877Z,WORKDIR /app
ghcr.io/n24q02m/better-telegram-mcp,sha256:e059314803184e237811ca8fafa3e4fd8c0d2aa5ea1f00739b7d0f67cfdaec7e,12,,2026-05-09T06:45:54.200140592Z,COPY /app/.venv /app/.venv # buildkit
ghcr.io/n24q02m/better-telegram-mcp,sha256:e059314803184e237811ca8fafa3e4fd8c0d2aa5ea1f00739b7d0f67cfdaec7e,13,,2026-05-09T06:45:54.28909699Z,COPY /app/src /app/src # buildkit
ghcr.io/n24q02m/better-telegram-mcp,sha256:e059314803184e237811ca8fafa3e4fd8c0d2aa5ea1f00739b7d0f67cfdaec7e,14,yes,2026-05-09T06:45:54.28909699Z,ENV PATH=/app/.venv/bin:/usr/local/bin:/usr/local/sbin:/usr/local/bin:/usr/sbin:/usr/bin:/sbin:/bin PYTHONPATH=/app/src PYTHONUNBUFFERED=1 TELEGRAM_DATA_DIR=/data HOST=0.0.0.0
ghcr.io/n24q02m/better-telegram-mcp,sha256:e059314803184e237811ca8fafa3e4fd8c0d2aa5ea1f00739b7d0f67cfdaec7e,15,,2026-05-09T06:46:01.377570421Z,RUN /bin/sh -c groupadd -r appuser && useradd -r -g appuser -d /home/appuser -m appuser     && mkdir -p /data     && chown -R appuser:appuser /app /data /home/appuser # buildkit
ghcr.io/n24q02m/better-telegram-mcp,sha256:e059314803184e237811ca8fafa3e4fd8c0d2aa5ea1f00739b7d0f67cfdaec7e,16,yes,2026-05-09T06:46:01.377570421Z,VOLUME [/data]
ghcr.io/n24q02m/better-telegram-mcp,sha256:e059314803184e237811ca8fafa3e4fd8c0d2aa5ea1f00739b7d0f67cfdaec7e,17,yes,2026-05-09T06:46:01.377570421Z,USER appuser
ghcr.io/n24q02m/better-telegram-mcp,sha256:e059314803184e237811ca8fafa3e4fd8c0d2aa5ea1f00739b7d0f67cfdaec7e,18,yes,2026-05-09T06:46:01.377570421Z,ENV MCP_TRANSPORT=http MCP_PORT=8080
ghcr.io/n24q02m/better-telegram-mcp,sha256:e059314803184e237811ca8fafa3e4fd8c0d2aa5ea1f00739b7d0f67cfdaec7e,19,yes,2026-05-09T06:46:01.377570421Z,EXPOSE [8080/tcp]
ghcr.io/n24q02m/better-telegram-mcp,sha256:e059314803184e237811ca8fafa3e4fd8c0d2aa5ea1f00739b7d0f67cfdaec7e,20,yes,2026-05-09T06:46:01.377570421Z,"ENTRYPOINT [""python"" ""-m"" ""better_telegram_mcp""]"
ghcr.io/n24q02m/better-telegram-mcp,sha256:6469f3a840288cfd1b59c40de16c52a556c8d4a0a0962591212366d47f9264b7,0,,2026-06-23T00:00:00Z,# debian.sh --arch 'amd64' out/ 'bookworm' '@1782172800'
ghcr.io/n24q02m/better-telegram-mcp,sha256:6469f3a840288cfd1b59c40de16c52a556c8d4a0a0962591212366d47f9264b7,1,yes,2026-06-24T01:59:00.388369698Z,ENV PATH=/usr/local/bin:/usr/local/sbin:/usr/local/bin:/usr/sbin:/usr/bin:/sbin:/bin
ghcr.io/n24q02m/better-telegram-mcp,sha256:6469f3a840288cfd1b59c40de16c52a556c8d4a0a0962591212366d47f9264b7,2,,2026-06-24T01:59:00.388369698Z,RUN /bin/sh -c set -eux; 	apt-get update; 	apt-get install -y --no-install-recommends 		ca-certificates 		netbase 		tzdata 	; 	rm -rf /var/lib/apt/lists/* # buildkit
ghcr.io/n24q02m/better-telegram-mcp,sha256:6469f3a840288cfd1b59c40de16c52a556c8d4a0a0962591212366d47f9264b7,3,yes,2026-06-24T01:59:00.388369698Z,ENV GPG_KEY=7169605F62C751356D054A26A821E680E5FA6305
ghcr.io/n24q02m/better-telegram-mcp,sha256:6469f3a840288cfd1b59c40de16c52a556c8d4a0a0962591212366d47f9264b7,4,yes,2026-06-24T01:59:00.388369698Z,ENV PYTHON_VERSION=3.13.14
ghcr.io/n24q02m/better-telegram-mcp,sha256:6469f3a840288cfd1b59c40de16c52a556c8d4a0a0962591212366d47f9264b7,5,yes,2026-06-24T01:59:00.388369698Z,ENV PYTHON_SHA256=639e43243c620a308f968213df9e00f2f8f62332f7adbaa7a7eeb9783057c690
ghcr.io/n24q02m/better-telegram-mcp,sha256:6469f3a840288cfd1b59c40de16c52a556c8d4a0a0962591212366d47f9264b7,6,,2026-06-24T02:10:55.699777861Z,"RUN /bin/sh -c set -eux; 		savedAptMark=""$(apt-mark showmanual)""; 	apt-get update; 	apt-get install -y --no-install-recommends 		dpkg-dev 		gcc 		gnupg 		libbluetooth-dev 		libbz2-dev 		libc6-dev 		libdb-dev 		libffi-dev 		libgdbm-dev 		liblzma-dev 		libncursesw5-dev 		libreadline-dev 		libsqlite3-dev 		libssl-dev 		make 		tk-dev 		uuid-dev 		wget 		xz-utils 		zlib1g-dev 	; 		wget -O python.tar.xz ""https://www.python.org/ftp/python/${PYTHON_VERSION%%[a-z]*}/Python-$PYTHON_VERSION.tar.xz""; 	echo ""$PYTHON_SHA256 *python.tar.xz"" | sha256sum -c -; 	wget -O python.tar.xz.asc ""https://www.python.org"
ghcr.io/n24q02m/better-telegram-mcp,sha256:6469f3a840288cfd1b59c40de16c52a556c8d4a0a0962591212366d47f9264b7,7,,2026-06-24T02:10:55.814895239Z,"RUN /bin/sh -c set -eux; 	for src in idle3 pip3 pydoc3 python3 python3-config; do 		dst=""$(echo ""$src"" | tr -d 3)""; 		[ -s ""/usr/local/bin/$src"" ]; 		[ ! -e ""/usr/local/bin/$dst"" ]; 		ln -svT ""$src"" ""/usr/local/bin/$dst""; 	done # buildkit"
ghcr.io/n24q02m/better-telegram-mcp,sha256:6469f3a840288cfd1b59c40de16c52a556c8d4a0a0962591212366d47f9264b7,8,yes,2026-06-24T02:10:55.814895239Z,"CMD [""python3""]"
ghcr.io/n24q02m/better-telegram-mcp,sha256:6469f3a840288cfd1b59c40de16c52a556c8d4a0a0962591212366d47f9264b7,9,yes,2026-06-29T12:30:26.930361513Z,LABEL org.opencontainers.image.source=https://github.com/n24q02m/better-telegram-mcp
ghcr.io/n24q02m/better-telegram-mcp,sha256:6469f3a840288cfd1b59c40de16c52a556c8d4a0a0962591212366d47f9264b7,10,yes,2026-06-29T12:30:26.930361513Z,LABEL io.modelcontextprotocol.server.name=io.github.n24q02m/better-telegram-mcp
ghcr.io/n24q02m/better-telegram-mcp,sha256:6469f3a840288cfd1b59c40de16c52a556c8d4a0a0962591212366d47f9264b7,11,,2026-06-29T12:30:26.930361513Z,WORKDIR /app
ghcr.io/n24q02m/better-telegram-mcp,sha256:6469f3a840288cfd1b59c40de16c52a556c8d4a0a0962591212366d47f9264b7,12,,2026-07-18T00:52:35.536527626Z,COPY /app/.venv /app/.venv # buildkit
ghcr.io/n24q02m/better-telegram-mcp,sha256:6469f3a840288cfd1b59c40de16c52a556c8d4a0a0962591212366d47f9264b7,13,,2026-07-18T00:52:35.630293756Z,COPY /app/src /app/src # buildkit
ghcr.io/n24q02m/better-telegram-mcp,sha256:6469f3a840288cfd1b59c40de16c52a556c8d4a0a0962591212366d47f9264b7,14,yes,2026-07-18T00:52:35.630293756Z,ENV PATH=/app/.venv/bin:/usr/local/bin:/usr/local/sbin:/usr/local/bin:/usr/sbin:/usr/bin:/sbin:/bin PYTHONPATH=/app/src PYTHONUNBUFFERED=1 TELEGRAM_DATA_DIR=/data HOST=0.0.0.0
ghcr.io/n24q02m/better-telegram-mcp,sha256:6469f3a840288cfd1b59c40de16c52a556c8d4a0a0962591212366d47f9264b7,15,,2026-07-18T00:52:38.872561627Z,RUN /bin/sh -c groupadd -r appuser && useradd -r -g appuser -d /home/appuser -m appuser     && mkdir -p /data     && chown -R appuser:appuser /app /data /home/appuser # buildkit
ghcr.io/n24q02m/better-telegram-mcp,sha256:6469f3a840288cfd1b59c40de16c52a556c8d4a0a0962591212366d47f9264b7,16,yes,2026-07-18T00:52:38.872561627Z,VOLUME [/data]
ghcr.io/n24q02m/better-telegram-mcp,sha256:6469f3a840288cfd1b59c40de16c52a556c8d4a0a0962591212366d47f9264b7,17,yes,2026-07-18T00:52:38.872561627Z,USER appuser
ghcr.io/n24q02m/better-telegram-mcp,sha256:6469f3a840288cfd1b59c40de16c52a556c8d4a0a0962591212366d47f9264b7,18,yes,2026-07-18T00:52:38.872561627Z,ENV MCP_TRANSPORT=http MCP_PORT=8080
ghcr.io/n24q02m/better-telegram-mcp,sha256:6469f3a840288cfd1b59c40de16c52a556c8d4a0a0962591212366d47f9264b7,19,yes,2026-07-18T00:52:38.872561627Z,EXPOSE [8080/tcp]
ghcr.io/n24q02m/better-telegram-mcp,sha256:6469f3a840288cfd1b59c40de16c52a556c8d4a0a0962591212366d47f9264b7,20,yes,2026-07-18T00:52:38.872561627Z,"ENTRYPOINT [""python"" ""-m"" ""better_telegram_mcp""]"
ghcr.io/gradion-ai/hybrid-groups,sha256:c71cfe7bd13c68f28f11c77324bb0a3a356ef2512d39a2f6ee269937c055f87a,0,yes,2026-01-09T07:01:41.875388728Z,/bin/sh -c #(nop)  ARG RELEASE
ghcr.io/gradion-ai/hybrid-groups,sha256:c71cfe7bd13c68f28f11c77324bb0a3a356ef2512d39a2f6ee269937c055f87a,1,yes,2026-01-09T07:01:41.904222011Z,/bin/sh -c #(nop)  ARG LAUNCHPAD_BUILD_ARCH
ghcr.io/gradion-ai/hybrid-groups,sha256:c71cfe7bd13c68f28f11c77324bb0a3a356ef2512d39a2f6ee269937c055f87a,2,yes,2026-01-09T07:01:41.930116128Z,/bin/sh -c #(nop)  LABEL org.opencontainers.image.ref.name=ubuntu
ghcr.io/gradion-ai/hybrid-groups,sha256:c71cfe7bd13c68f28f11c77324bb0a3a356ef2512d39a2f6ee269937c055f87a,3,yes,2026-01-09T07:01:41.959592294Z,/bin/sh -c #(nop)  LABEL org.opencontainers.image.version=22.04
ghcr.io/gradion-ai/hybrid-groups,sha256:c71cfe7bd13c68f28f11c77324bb0a3a356ef2512d39a2f6ee269937c055f87a,4,,2026-01-09T07:01:44.086160867Z,/bin/sh -c #(nop) ADD file:b499000226bd9a7c562ffa8eeb86e2d170f2a563310db6c2d79562ab53e5cb6e in / 
ghcr.io/gradion-ai/hybrid-groups,sha256:c71cfe7bd13c68f28f11c77324bb0a3a356ef2512d39a2f6ee269937c055f87a,5,yes,2026-01-09T07:01:44.545761589Z,"/bin/sh -c #(nop)  CMD [""/bin/bash""]"
ghcr.io/gradion-ai/hybrid-groups,sha256:c71cfe7bd13c68f28f11c77324bb0a3a356ef2512d39a2f6ee269937c055f87a,6,,2026-01-19T16:49:48.6216158Z,RUN /bin/sh -c apt-get update && apt-get install -y     curl     wget     ca-certificates     gnupg     && rm -rf /var/lib/apt/lists/* # buildkit
ghcr.io/gradion-ai/hybrid-groups,sha256:c71cfe7bd13c68f28f11c77324bb0a3a356ef2512d39a2f6ee269937c055f87a,7,,2026-01-19T16:50:03.878912283Z,RUN /bin/sh -c curl -fsSL https://deb.nodesource.com/setup_22.x | bash -     && apt-get install -y nodejs     && rm -rf /var/lib/apt/lists/* # buildkit
ghcr.io/gradion-ai/hybrid-groups,sha256:c71cfe7bd13c68f28f11c77324bb0a3a356ef2512d39a2f6ee269937c055f87a,8,,2026-01-19T16:50:03.991931119Z,COPY /uv /uvx /bin/ # buildkit
ghcr.io/gradion-ai/hybrid-groups,sha256:c71cfe7bd13c68f28f11c77324bb0a3a356ef2512d39a2f6ee269937c055f87a,9,,2026-01-19T16:50:04.854711861Z,RUN /bin/sh -c npm install -g smee-client # buildkit
ghcr.io/gradion-ai/hybrid-groups,sha256:c71cfe7bd13c68f28f11c77324bb0a3a356ef2512d39a2f6ee269937c055f87a,10,,2026-01-19T16:50:04.868385101Z,WORKDIR /app
ghcr.io/gradion-ai/hybrid-groups,sha256:c71cfe7bd13c68f28f11c77324bb0a3a356ef2512d39a2f6ee269937c055f87a,11,,2026-02-05T12:44:02.373896484Z,COPY pyproject.toml uv.lock /app/ # buildkit
ghcr.io/gradion-ai/hybrid-groups,sha256:c71cfe7bd13c68f28f11c77324bb0a3a356ef2512d39a2f6ee269937c055f87a,12,,2026-02-05T12:44:11.410180367Z,RUN /bin/sh -c uv sync --locked --no-dev --no-install-project # buildkit
ghcr.io/gradion-ai/hybrid-groups,sha256:c71cfe7bd13c68f28f11c77324bb0a3a356ef2512d39a2f6ee269937c055f87a,13,,2026-02-05T12:44:11.921440903Z,COPY hygroup /app/hygroup # buildkit
ghcr.io/gradion-ai/hybrid-groups,sha256:c71cfe7bd13c68f28f11c77324bb0a3a356ef2512d39a2f6ee269937c055f87a,14,,2026-02-05T12:44:11.934070145Z,COPY docker/setup.sh /app/ # buildkit
ghcr.io/gradion-ai/hybrid-groups,sha256:c71cfe7bd13c68f28f11c77324bb0a3a356ef2512d39a2f6ee269937c055f87a,15,,2026-02-05T12:44:11.942087459Z,COPY docker/server.sh /app/ # buildkit
ghcr.io/gradion-ai/hybrid-groups,sha256:c71cfe7bd13c68f28f11c77324bb0a3a356ef2512d39a2f6ee269937c055f87a,16,,2026-02-05T12:44:11.950007357Z,COPY docker/entrypoint.sh /app/ # buildkit
ghcr.io/gradion-ai/hybrid-groups,sha256:c71cfe7bd13c68f28f11c77324bb0a3a356ef2512d39a2f6ee269937c055f87a,17,,2026-02-05T12:44:12.001099911Z,RUN /bin/sh -c chmod +x /app/setup.sh /app/server.sh /app/entrypoint.sh # buildkit
ghcr.io/gradion-ai/hybrid-groups,sha256:c71cfe7bd13c68f28f11c77324bb0a3a356ef2512d39a2f6ee269937c055f87a,18,yes,2026-02-05T12:44:12.001099911Z,EXPOSE [8000/tcp]
ghcr.io/gradion-ai/hybrid-groups,sha256:c71cfe7bd13c68f28f11c77324bb0a3a356ef2512d39a2f6ee269937c055f87a,19,yes,2026-02-05T12:44:12.001099911Z,EXPOSE [8801/tcp]
ghcr.io/gradion-ai/hybrid-groups,sha256:c71cfe7bd13c68f28f11c77324bb0a3a356ef2512d39a2f6ee269937c055f87a,20,yes,2026-02-05T12:44:12.001099911Z,"ENTRYPOINT [""/bin/bash"" ""-c"" ""source /app/.venv/bin/activate && /app/entrypoint.sh \""$@\"""" ""--""]"
ghcr.io/gradion-ai/hybrid-groups,sha256:f96416f09b7d5fb9fff3cc256a8a486abe239aff3fd908fc27904644e5c4727c,0,yes,2026-06-29T11:07:30.075670368Z,/bin/sh -c #(nop)  ARG RELEASE
ghcr.io/gradion-ai/hybrid-groups,sha256:f96416f09b7d5fb9fff3cc256a8a486abe239aff3fd908fc27904644e5c4727c,1,yes,2026-06-29T11:07:30.124498175Z,/bin/sh -c #(nop)  ARG LAUNCHPAD_BUILD_ARCH
ghcr.io/gradion-ai/hybrid-groups,sha256:f96416f09b7d5fb9fff3cc256a8a486abe239aff3fd908fc27904644e5c4727c,2,yes,2026-06-29T11:07:30.165387069Z,/bin/sh -c #(nop)  LABEL org.opencontainers.image.version=22.04
ghcr.io/gradion-ai/hybrid-groups,sha256:f96416f09b7d5fb9fff3cc256a8a486abe239aff3fd908fc27904644e5c4727c,3,,2026-06-29T11:07:32.264317551Z,/bin/sh -c #(nop) ADD file:c5143b228eb55f19ed4d3b653ad68ec7afe54ded0247e090ce3afb9e5484adfb in / 
ghcr.io/gradion-ai/hybrid-groups,sha256:f96416f09b7d5fb9fff3cc256a8a486abe239aff3fd908fc27904644e5c4727c,4,yes,2026-06-29T11:07:32.771054874Z,"/bin/sh -c #(nop)  CMD [""/bin/bash""]"
ghcr.io/gradion-ai/hybrid-groups,sha256:f96416f09b7d5fb9fff3cc256a8a486abe239aff3fd908fc27904644e5c4727c,5,,2026-07-22T16:58:50.296430862Z,RUN /bin/sh -c apt-get update && apt-get install -y     curl     wget     ca-certificates     gnupg     && rm -rf /var/lib/apt/lists/* # buildkit
ghcr.io/gradion-ai/hybrid-groups,sha256:f96416f09b7d5fb9fff3cc256a8a486abe239aff3fd908fc27904644e5c4727c,6,,2026-07-22T17:05:04.049851045Z,RUN /bin/sh -c curl -fsSL https://deb.nodesource.com/setup_22.x | bash -     && apt-get install -y nodejs     && rm -rf /var/lib/apt/lists/* # buildkit
ghcr.io/gradion-ai/hybrid-groups,sha256:f96416f09b7d5fb9fff3cc256a8a486abe239aff3fd908fc27904644e5c4727c,7,,2026-07-22T17:05:04.149734446Z,COPY /uv /uvx /bin/ # buildkit
ghcr.io/gradion-ai/hybrid-groups,sha256:f96416f09b7d5fb9fff3cc256a8a486abe239aff3fd908fc27904644e5c4727c,8,,2026-07-22T17:05:04.971980512Z,RUN /bin/sh -c npm install -g smee-client # buildkit
ghcr.io/gradion-ai/hybrid-groups,sha256:f96416f09b7d5fb9fff3cc256a8a486abe239aff3fd908fc27904644e5c4727c,9,,2026-07-22T17:05:04.986651119Z,WORKDIR /app
ghcr.io/gradion-ai/hybrid-groups,sha256:f96416f09b7d5fb9fff3cc256a8a486abe239aff3fd908fc27904644e5c4727c,10,,2026-07-22T17:05:04.996936517Z,COPY pyproject.toml uv.lock /app/ # buildkit
ghcr.io/gradion-ai/hybrid-groups,sha256:f96416f09b7d5fb9fff3cc256a8a486abe239aff3fd908fc27904644e5c4727c,11,,2026-07-22T17:05:14.314725443Z,RUN /bin/sh -c uv sync --locked --no-dev --no-install-project # buildkit
ghcr.io/gradion-ai/hybrid-groups,sha256:f96416f09b7d5fb9fff3cc256a8a486abe239aff3fd908fc27904644e5c4727c,12,,2026-07-22T17:05:14.817135074Z,COPY hygroup /app/hygroup # buildkit
ghcr.io/gradion-ai/hybrid-groups,sha256:f96416f09b7d5fb9fff3cc256a8a486abe239aff3fd908fc27904644e5c4727c,13,,2026-07-22T17:05:14.827135527Z,COPY docker/setup.sh /app/ # buildkit
ghcr.io/gradion-ai/hybrid-groups,sha256:f96416f09b7d5fb9fff3cc256a8a486abe239aff3fd908fc27904644e5c4727c,14,,2026-07-22T17:05:14.836532401Z,COPY docker/server.sh /app/ # buildkit
ghcr.io/gradion-ai/hybrid-groups,sha256:f96416f09b7d5fb9fff3cc256a8a486abe239aff3fd908fc27904644e5c4727c,15,,2026-07-22T17:05:14.848110938Z,COPY docker/entrypoint.sh /app/ # buildkit
ghcr.io/gradion-ai/hybrid-groups,sha256:f96416f09b7d5fb9fff3cc256a8a486abe239aff3fd908fc27904644e5c4727c,16,,2026-07-22T17:05:14.901535933Z,RUN /bin/sh -c chmod +x /app/setup.sh /app/server.sh /app/entrypoint.sh # buildkit
ghcr.io/gradion-ai/hybrid-groups,sha256:f96416f09b7d5fb9fff3cc256a8a486abe239aff3fd908fc27904644e5c4727c,17,yes,2026-07-22T17:05:14.901535933Z,EXPOSE [8000/tcp]
ghcr.io/gradion-ai/hybrid-groups,sha256:f96416f09b7d5fb9fff3cc256a8a486abe239aff3fd908fc27904644e5c4727c,18,yes,2026-07-22T17:05:14.901535933Z,EXPOSE [8801/tcp]
ghcr.io/gradion-ai/hybrid-groups,sha256:f96416f09b7d5fb9fff3cc256a8a486abe239aff3fd908fc27904644e5c4727c,19,yes,2026-07-22T17:05:14.901535933Z,"ENTRYPOINT [""/bin/bash"" ""-c"" ""source /app/.venv/bin/activate && /app/entrypoint.sh \""$@\"""" ""--""]"
ghcr.io/sooperset/mcp-atlassian,sha256:60c3126b196feea01d29d25f0e6957268b97e5305c84d2f5a7b1c16a2f5af45b,0,,2026-01-28T01:18:04.977843834Z,ADD alpine-minirootfs-3.23.3-x86_64.tar.gz / # buildkit
ghcr.io/sooperset/mcp-atlassian,sha256:60c3126b196feea01d29d25f0e6957268b97e5305c84d2f5a7b1c16a2f5af45b,1,yes,2026-01-28T01:18:04.977843834Z,"CMD [""/bin/sh""]"
ghcr.io/sooperset/mcp-atlassian,sha256:60c3126b196feea01d29d25f0e6957268b97e5305c84d2f5a7b1c16a2f5af45b,2,yes,2026-04-08T17:42:32.731168369Z,ENV PATH=/usr/local/bin:/usr/local/sbin:/usr/local/bin:/usr/sbin:/usr/bin:/sbin:/bin
ghcr.io/sooperset/mcp-atlassian,sha256:60c3126b196feea01d29d25f0e6957268b97e5305c84d2f5a7b1c16a2f5af45b,3,,2026-04-08T17:42:32.731168369Z,RUN /bin/sh -c set -eux; 	apk add --no-cache 		ca-certificates 		tzdata 	; # buildkit
ghcr.io/sooperset/mcp-atlassian,sha256:60c3126b196feea01d29d25f0e6957268b97e5305c84d2f5a7b1c16a2f5af45b,4,yes,2026-04-08T17:42:32.731168369Z,ENV GPG_KEY=7169605F62C751356D054A26A821E680E5FA6305
ghcr.io/sooperset/mcp-atlassian,sha256:60c3126b196feea01d29d25f0e6957268b97e5305c84d2f5a7b1c16a2f5af45b,5,yes,2026-04-08T17:42:32.731168369Z,ENV PYTHON_VERSION=3.13.13
ghcr.io/sooperset/mcp-atlassian,sha256:60c3126b196feea01d29d25f0e6957268b97e5305c84d2f5a7b1c16a2f5af45b,6,yes,2026-04-08T17:42:32.731168369Z,ENV PYTHON_SHA256=2ab91ff401783ccca64f75d10c882e957bdfd60e2bf5a72f8421793729b78a71
ghcr.io/sooperset/mcp-atlassian,sha256:60c3126b196feea01d29d25f0e6957268b97e5305c84d2f5a7b1c16a2f5af45b,7,,2026-04-08T17:48:34.530459939Z,"RUN /bin/sh -c set -eux; 		apk add --no-cache --virtual .build-deps 		bluez-dev 		bzip2-dev 		dpkg-dev dpkg 		findutils 		gcc 		gdbm-dev 		gnupg 		libc-dev 		libffi-dev 		libnsl-dev 		libtirpc-dev 		linux-headers 		make 		ncurses-dev 		openssl-dev 		pax-utils 		readline-dev 		sqlite-dev 		tar 		tcl-dev 		tk 		tk-dev 		util-linux-dev 		xz 		xz-dev 		zlib-dev 	; 		wget -O python.tar.xz ""https://www.python.org/ftp/python/${PYTHON_VERSION%%[a-z]*}/Python-$PYTHON_VERSION.tar.xz""; 	echo ""$PYTHON_SHA256 *python.tar.xz"" | sha256sum -c -; 	wget -O python.tar.xz.asc ""https://www.python.org/ftp/python/${"
ghcr.io/sooperset/mcp-atlassian,sha256:60c3126b196feea01d29d25f0e6957268b97e5305c84d2f5a7b1c16a2f5af45b,8,,2026-04-08T17:48:34.672834766Z,"RUN /bin/sh -c set -eux; 	for src in idle3 pip3 pydoc3 python3 python3-config; do 		dst=""$(echo ""$src"" | tr -d 3)""; 		[ -s ""/usr/local/bin/$src"" ]; 		[ ! -e ""/usr/local/bin/$dst"" ]; 		ln -svT ""$src"" ""/usr/local/bin/$dst""; 	done # buildkit"
ghcr.io/sooperset/mcp-atlassian,sha256:60c3126b196feea01d29d25f0e6957268b97e5305c84d2f5a7b1c16a2f5af45b,9,yes,2026-04-08T17:48:34.672834766Z,"CMD [""python3""]"
ghcr.io/sooperset/mcp-atlassian,sha256:60c3126b196feea01d29d25f0e6957268b97e5305c84d2f5a7b1c16a2f5af45b,10,,2026-04-10T07:32:11.792055429Z,RUN /bin/sh -c adduser -D -h /home/app -s /bin/sh app # buildkit
ghcr.io/sooperset/mcp-atlassian,sha256:60c3126b196feea01d29d25f0e6957268b97e5305c84d2f5a7b1c16a2f5af45b,11,,2026-04-10T07:32:11.803580427Z,WORKDIR /app
ghcr.io/sooperset/mcp-atlassian,sha256:60c3126b196feea01d29d25f0e6957268b97e5305c84d2f5a7b1c16a2f5af45b,12,yes,2026-04-10T07:32:24.156621536Z,USER app
ghcr.io/sooperset/mcp-atlassian,sha256:60c3126b196feea01d29d25f0e6957268b97e5305c84d2f5a7b1c16a2f5af45b,13,,2026-04-10T07:32:24.156621536Z,COPY --chown=app:app /app/.venv /app/.venv # buildkit
ghcr.io/sooperset/mcp-atlassian,sha256:60c3126b196feea01d29d25f0e6957268b97e5305c84d2f5a7b1c16a2f5af45b,14,yes,2026-04-10T07:32:24.156621536Z,ENV PATH=/app/.venv/bin:/usr/local/bin:/usr/local/sbin:/usr/local/bin:/usr/sbin:/usr/bin:/sbin:/bin
ghcr.io/sooperset/mcp-atlassian,sha256:60c3126b196feea01d29d25f0e6957268b97e5305c84d2f5a7b1c16a2f5af45b,15,yes,2026-04-10T07:32:24.156621536Z,ENV PYTHONUNBUFFERED=1
ghcr.io/sooperset/mcp-atlassian,sha256:60c3126b196feea01d29d25f0e6957268b97e5305c84d2f5a7b1c16a2f5af45b,16,yes,2026-04-10T07:32:24.156621536Z,"ENTRYPOINT [""mcp-atlassian""]"
ghcr.io/sooperset/mcp-atlassian,sha256:d2bb29af785bc44bbb16eee4e577eceabe208cdbe1bcac80c4be9915864de45d,0,,2026-06-16T00:01:29.967161902Z,ADD alpine-minirootfs-3.24.1-x86_64.tar.gz / # buildkit
ghcr.io/sooperset/mcp-atlassian,sha256:d2bb29af785bc44bbb16eee4e577eceabe208cdbe1bcac80c4be9915864de45d,1,yes,2026-06-16T00:01:29.967161902Z,"CMD [""/bin/sh""]"
ghcr.io/sooperset/mcp-atlassian,sha256:d2bb29af785bc44bbb16eee4e577eceabe208cdbe1bcac80c4be9915864de45d,2,yes,2026-06-16T00:20:06.714793134Z,ENV PATH=/usr/local/bin:/usr/local/sbin:/usr/local/bin:/usr/sbin:/usr/bin:/sbin:/bin
ghcr.io/sooperset/mcp-atlassian,sha256:d2bb29af785bc44bbb16eee4e577eceabe208cdbe1bcac80c4be9915864de45d,3,,2026-06-16T00:20:06.714793134Z,RUN /bin/sh -c set -eux; 	apk add --no-cache 		ca-certificates 		tzdata 	; # buildkit
ghcr.io/sooperset/mcp-atlassian,sha256:d2bb29af785bc44bbb16eee4e577eceabe208cdbe1bcac80c4be9915864de45d,4,yes,2026-06-16T00:20:06.714793134Z,ENV GPG_KEY=7169605F62C751356D054A26A821E680E5FA6305
ghcr.io/sooperset/mcp-atlassian,sha256:d2bb29af785bc44bbb16eee4e577eceabe208cdbe1bcac80c4be9915864de45d,5,yes,2026-06-16T00:20:06.714793134Z,ENV PYTHON_VERSION=3.13.14
ghcr.io/sooperset/mcp-atlassian,sha256:d2bb29af785bc44bbb16eee4e577eceabe208cdbe1bcac80c4be9915864de45d,6,yes,2026-06-16T00:20:06.714793134Z,ENV PYTHON_SHA256=639e43243c620a308f968213df9e00f2f8f62332f7adbaa7a7eeb9783057c690
ghcr.io/sooperset/mcp-atlassian,sha256:d2bb29af785bc44bbb16eee4e577eceabe208cdbe1bcac80c4be9915864de45d,7,,2026-06-16T00:25:55.598748044Z,"RUN /bin/sh -c set -eux; 		apk add --no-cache --virtual .build-deps 		bluez-dev 		bzip2-dev 		dpkg-dev dpkg 		findutils 		gcc 		gdbm-dev 		gnupg 		libc-dev 		libffi-dev 		libnsl-dev 		libtirpc-dev 		linux-headers 		make 		ncurses-dev 		openssl-dev 		pax-utils 		readline-dev 		sqlite-dev 		tar 		tcl-dev 		tk 		tk-dev 		util-linux-dev 		xz 		xz-dev 		zlib-dev 	; 		wget -O python.tar.xz ""https://www.python.org/ftp/python/${PYTHON_VERSION%%[a-z]*}/Python-$PYTHON_VERSION.tar.xz""; 	echo ""$PYTHON_SHA256 *python.tar.xz"" | sha256sum -c -; 	wget -O python.tar.xz.asc ""https://www.python.org/ftp/python/${"
ghcr.io/sooperset/mcp-atlassian,sha256:d2bb29af785bc44bbb16eee4e577eceabe208cdbe1bcac80c4be9915864de45d,8,,2026-06-16T00:25:55.706932917Z,"RUN /bin/sh -c set -eux; 	for src in idle3 pip3 pydoc3 python3 python3-config; do 		dst=""$(echo ""$src"" | tr -d 3)""; 		[ -s ""/usr/local/bin/$src"" ]; 		[ ! -e ""/usr/local/bin/$dst"" ]; 		ln -svT ""$src"" ""/usr/local/bin/$dst""; 	done # buildkit"
ghcr.io/sooperset/mcp-atlassian,sha256:d2bb29af785bc44bbb16eee4e577eceabe208cdbe1bcac80c4be9915864de45d,9,yes,2026-06-16T00:25:55.706932917Z,"CMD [""python3""]"
ghcr.io/sooperset/mcp-atlassian,sha256:d2bb29af785bc44bbb16eee4e577eceabe208cdbe1bcac80c4be9915864de45d,10,,2026-07-18T00:34:55.178138427Z,RUN /bin/sh -c adduser -D -h /home/app -s /bin/sh app # buildkit
ghcr.io/sooperset/mcp-atlassian,sha256:d2bb29af785bc44bbb16eee4e577eceabe208cdbe1bcac80c4be9915864de45d,11,,2026-07-18T00:34:55.241046875Z,WORKDIR /app
ghcr.io/sooperset/mcp-atlassian,sha256:d2bb29af785bc44bbb16eee4e577eceabe208cdbe1bcac80c4be9915864de45d,12,yes,2026-07-18T00:35:10.901536131Z,USER app
ghcr.io/sooperset/mcp-atlassian,sha256:d2bb29af785bc44bbb16eee4e577eceabe208cdbe1bcac80c4be9915864de45d,13,,2026-07-18T00:35:10.901536131Z,COPY --chown=app:app /app/.venv /app/.venv # buildkit
ghcr.io/sooperset/mcp-atlassian,sha256:d2bb29af785bc44bbb16eee4e577eceabe208cdbe1bcac80c4be9915864de45d,14,yes,2026-07-18T00:35:10.901536131Z,ENV PATH=/app/.venv/bin:/usr/local/bin:/usr/local/sbin:/usr/local/bin:/usr/sbin:/usr/bin:/sbin:/bin
ghcr.io/sooperset/mcp-atlassian,sha256:d2bb29af785bc44bbb16eee4e577eceabe208cdbe1bcac80c4be9915864de45d,15,yes,2026-07-18T00:35:10.901536131Z,ENV PYTHONUNBUFFERED=1
ghcr.io/sooperset/mcp-atlassian,sha256:d2bb29af785bc44bbb16eee4e577eceabe208cdbe1bcac80c4be9915864de45d,16,yes,2026-07-18T00:35:10.901536131Z,"ENTRYPOINT [""mcp-atlassian""]"
public.ecr.aws/mcp-proxy-for-aws/mcp-proxy-for-aws,sha256:09a9597d3966a04fd40cd80fd90c24d5f49d75fc80f92dea0360d07130c1cd93,0,,2026-04-10T17:22:21.121489691Z,ADD al2023-container-raw-2023.11.20260413.0-amd64.tar.xz / # buildkit
public.ecr.aws/mcp-proxy-for-aws/mcp-proxy-for-aws,sha256:09a9597d3966a04fd40cd80fd90c24d5f49d75fc80f92dea0360d07130c1cd93,1,yes,2026-04-10T17:22:21.121489691Z,"CMD [""/bin/bash""]"
public.ecr.aws/mcp-proxy-for-aws/mcp-proxy-for-aws,sha256:09a9597d3966a04fd40cd80fd90c24d5f49d75fc80f92dea0360d07130c1cd93,2,yes,2026-04-29T10:57:26.113057181Z,ENV PYTHONUNBUFFERED=1 PIP_NO_CACHE_DIR=1 PIP_DISABLE_PIP_VERSION_CHECK=1
public.ecr.aws/mcp-proxy-for-aws/mcp-proxy-for-aws,sha256:09a9597d3966a04fd40cd80fd90c24d5f49d75fc80f92dea0360d07130c1cd93,3,,2026-04-29T10:57:26.113057181Z,RUN /bin/sh -c yum update -y &&     yum install -y         python3.13         python3.13-pip         ca-certificates         shadow-utils         lsof &&     yum clean all &&     update-ca-trust &&     groupadd -r app &&     useradd -r -g app -d /app app # buildkit
public.ecr.aws/mcp-proxy-for-aws/mcp-proxy-for-aws,sha256:09a9597d3966a04fd40cd80fd90c24d5f49d75fc80f92dea0360d07130c1cd93,4,,2026-04-29T10:57:38.962677672Z,RUN /bin/sh -c python3.13 -m pip install mcp-proxy-for-aws # buildkit
public.ecr.aws/mcp-proxy-for-aws/mcp-proxy-for-aws,sha256:09a9597d3966a04fd40cd80fd90c24d5f49d75fc80f92dea0360d07130c1cd93,5,,2026-04-29T10:57:39.06033332Z,COPY ./docker-healthcheck.sh /usr/local/bin/docker-healthcheck.sh # buildkit
public.ecr.aws/mcp-proxy-for-aws/mcp-proxy-for-aws,sha256:09a9597d3966a04fd40cd80fd90c24d5f49d75fc80f92dea0360d07130c1cd93,6,yes,2026-04-29T10:57:39.06033332Z,USER app
public.ecr.aws/mcp-proxy-for-aws/mcp-proxy-for-aws,sha256:09a9597d3966a04fd40cd80fd90c24d5f49d75fc80f92dea0360d07130c1cd93,7,yes,2026-04-29T10:57:39.06033332Z,"HEALTHCHECK &{[""CMD"" ""docker-healthcheck.sh""] ""1m0s"" ""10s"" ""10s"" ""0s"" '\x03'}"
public.ecr.aws/mcp-proxy-for-aws/mcp-proxy-for-aws,sha256:09a9597d3966a04fd40cd80fd90c24d5f49d75fc80f92dea0360d07130c1cd93,8,yes,2026-04-29T10:57:39.06033332Z,"ENTRYPOINT [""mcp-proxy-for-aws""]"
public.ecr.aws/mcp-proxy-for-aws/mcp-proxy-for-aws,sha256:2397f64e8c8604a57b92532fc74e1ab67a31cec2287d6db32f1844a8de9511e4,0,,2026-07-10T06:14:39.029156056Z,ADD al2023-container-raw-2023.12.20260710.0-amd64.tar.xz / # buildkit
public.ecr.aws/mcp-proxy-for-aws/mcp-proxy-for-aws,sha256:2397f64e8c8604a57b92532fc74e1ab67a31cec2287d6db32f1844a8de9511e4,1,yes,2026-07-10T06:14:39.029156056Z,"CMD [""/bin/bash""]"
public.ecr.aws/mcp-proxy-for-aws/mcp-proxy-for-aws,sha256:2397f64e8c8604a57b92532fc74e1ab67a31cec2287d6db32f1844a8de9511e4,2,yes,2026-07-20T15:16:44.924910423Z,ENV PYTHONUNBUFFERED=1 PIP_NO_CACHE_DIR=1 PIP_DISABLE_PIP_VERSION_CHECK=1
public.ecr.aws/mcp-proxy-for-aws/mcp-proxy-for-aws,sha256:2397f64e8c8604a57b92532fc74e1ab67a31cec2287d6db32f1844a8de9511e4,3,,2026-07-20T15:16:44.924910423Z,RUN /bin/sh -c yum update -y &&     yum install -y         python3.13         python3.13-pip         ca-certificates         shadow-utils         lsof &&     yum clean all &&     update-ca-trust &&     groupadd -r app &&     useradd -r -g app -d /app app # buildkit
public.ecr.aws/mcp-proxy-for-aws/mcp-proxy-for-aws,sha256:2397f64e8c8604a57b92532fc74e1ab67a31cec2287d6db32f1844a8de9511e4,4,,2026-07-20T15:17:01.09130634Z,RUN /bin/sh -c python3.13 -m pip install mcp-proxy-for-aws # buildkit
public.ecr.aws/mcp-proxy-for-aws/mcp-proxy-for-aws,sha256:2397f64e8c8604a57b92532fc74e1ab67a31cec2287d6db32f1844a8de9511e4,5,,2026-07-20T15:17:01.191754391Z,COPY ./docker-healthcheck.sh /usr/local/bin/docker-healthcheck.sh # buildkit
public.ecr.aws/mcp-proxy-for-aws/mcp-proxy-for-aws,sha256:2397f64e8c8604a57b92532fc74e1ab67a31cec2287d6db32f1844a8de9511e4,6,yes,2026-07-20T15:17:01.191754391Z,USER app
public.ecr.aws/mcp-proxy-for-aws/mcp-proxy-for-aws,sha256:2397f64e8c8604a57b92532fc74e1ab67a31cec2287d6db32f1844a8de9511e4,7,yes,2026-07-20T15:17:01.191754391Z,HEALTHCHECK {Test:[CMD docker-healthcheck.sh] Interval:1m0s Timeout:10s StartPeriod:10s StartInterval:0s Retries:3}
public.ecr.aws/mcp-proxy-for-aws/mcp-proxy-for-aws,sha256:2397f64e8c8604a57b92532fc74e1ab67a31cec2287d6db32f1844a8de9511e4,8,yes,2026-07-20T15:17:01.191754391Z,"ENTRYPOINT [""mcp-proxy-for-aws""]"
ghcr.io/alation/alation-ai-agent-sdk/alation-mcp-server,sha256:f6741717360bdeada6a4e7b728f2fdbb038c8c1b0fcfda0d507c98f926e5890f,0,,2026-01-12T00:00:00Z,# debian.sh --arch 'amd64' out/ 'bookworm' '@1768176000'
ghcr.io/alation/alation-ai-agent-sdk/alation-mcp-server,sha256:f6741717360bdeada6a4e7b728f2fdbb038c8c1b0fcfda0d507c98f926e5890f,1,yes,2026-01-13T03:10:34.246549223Z,ENV PATH=/usr/local/bin:/usr/local/sbin:/usr/local/bin:/usr/sbin:/usr/bin:/sbin:/bin
ghcr.io/alation/alation-ai-agent-sdk/alation-mcp-server,sha256:f6741717360bdeada6a4e7b728f2fdbb038c8c1b0fcfda0d507c98f926e5890f,2,yes,2026-01-13T03:10:34.246549223Z,ENV LANG=C.UTF-8
ghcr.io/alation/alation-ai-agent-sdk/alation-mcp-server,sha256:f6741717360bdeada6a4e7b728f2fdbb038c8c1b0fcfda0d507c98f926e5890f,3,,2026-01-13T03:10:34.246549223Z,RUN /bin/sh -c set -eux; 	apt-get update; 	apt-get install -y --no-install-recommends 		ca-certificates 		netbase 		tzdata 	; 	rm -rf /var/lib/apt/lists/* # buildkit
ghcr.io/alation/alation-ai-agent-sdk/alation-mcp-server,sha256:f6741717360bdeada6a4e7b728f2fdbb038c8c1b0fcfda0d507c98f926e5890f,4,yes,2026-01-13T03:10:34.246549223Z,ENV GPG_KEY=A035C8C19219BA821ECEA86B64E628F8D684696D
ghcr.io/alation/alation-ai-agent-sdk/alation-mcp-server,sha256:f6741717360bdeada6a4e7b728f2fdbb038c8c1b0fcfda0d507c98f926e5890f,5,yes,2026-01-13T03:10:34.246549223Z,ENV PYTHON_VERSION=3.10.19
ghcr.io/alation/alation-ai-agent-sdk/alation-mcp-server,sha256:f6741717360bdeada6a4e7b728f2fdbb038c8c1b0fcfda0d507c98f926e5890f,6,yes,2026-01-13T03:10:34.246549223Z,ENV PYTHON_SHA256=c8f4a596572201d81dd7df91f70e177e19a70f1d489968b54b5fbbf29a97c076
ghcr.io/alation/alation-ai-agent-sdk/alation-mcp-server,sha256:f6741717360bdeada6a4e7b728f2fdbb038c8c1b0fcfda0d507c98f926e5890f,7,,2026-01-13T03:17:17.236208427Z,"RUN /bin/sh -c set -eux; 		savedAptMark=""$(apt-mark showmanual)""; 	apt-get update; 	apt-get install -y --no-install-recommends 		dpkg-dev 		gcc 		gnupg 		libbluetooth-dev 		libbz2-dev 		libc6-dev 		libdb-dev 		libffi-dev 		libgdbm-dev 		liblzma-dev 		libncursesw5-dev 		libreadline-dev 		libsqlite3-dev 		libssl-dev 		make 		tk-dev 		uuid-dev 		wget 		xz-utils 		zlib1g-dev 	; 		wget -O python.tar.xz ""https://www.python.org/ftp/python/${PYTHON_VERSION%%[a-z]*}/Python-$PYTHON_VERSION.tar.xz""; 	echo ""$PYTHON_SHA256 *python.tar.xz"" | sha256sum -c -; 	wget -O python.tar.xz.asc ""https://www.python.org"
ghcr.io/alation/alation-ai-agent-sdk/alation-mcp-server,sha256:f6741717360bdeada6a4e7b728f2fdbb038c8c1b0fcfda0d507c98f926e5890f,8,,2026-01-13T03:17:17.364590267Z,"RUN /bin/sh -c set -eux; 	for src in idle3 pip3 pydoc3 python3 python3-config; do 		dst=""$(echo ""$src"" | tr -d 3)""; 		[ -s ""/usr/local/bin/$src"" ]; 		[ ! -e ""/usr/local/bin/$dst"" ]; 		ln -svT ""$src"" ""/usr/local/bin/$dst""; 	done # buildkit"
ghcr.io/alation/alation-ai-agent-sdk/alation-mcp-server,sha256:f6741717360bdeada6a4e7b728f2fdbb038c8c1b0fcfda0d507c98f926e5890f,9,yes,2026-01-13T03:17:17.364590267Z,"CMD [""python3""]"
ghcr.io/alation/alation-ai-agent-sdk/alation-mcp-server,sha256:f6741717360bdeada6a4e7b728f2fdbb038c8c1b0fcfda0d507c98f926e5890f,10,yes,2026-01-31T22:48:54.56429137Z,ARG VERSION=v1.0.0rc3
ghcr.io/alation/alation-ai-agent-sdk/alation-mcp-server,sha256:f6741717360bdeada6a4e7b728f2fdbb038c8c1b0fcfda0d507c98f926e5890f,11,yes,2026-01-31T22:48:54.56429137Z,LABEL org.opencontainers.image.title=Alation MCP Server org.opencontainers.image.description=Alation AI Agent SDK with Model Context Protocol (MCP) support for both STDIO and HTTP transport modes org.opencontainers.image.version=v1.0.0rc3 org.opencontainers.image.vendor=Alation org.opencontainers.image.authors=Alation Team<<e-mail address removed>> org.opencontainers.image.maintainer=Alation Team<<e-mail address removed>> org.opencontainers.image.url=https://github.com/Alation/alation-ai-agent-sdk org.opencontainers.image.source=https://github.com/Alation/alation-ai-agent-sdk org.opencontainer
ghcr.io/alation/alation-ai-agent-sdk/alation-mcp-server,sha256:f6741717360bdeada6a4e7b728f2fdbb038c8c1b0fcfda0d507c98f926e5890f,12,,2026-01-31T22:48:54.56429137Z,WORKDIR /app
ghcr.io/alation/alation-ai-agent-sdk/alation-mcp-server,sha256:f6741717360bdeada6a4e7b728f2fdbb038c8c1b0fcfda0d507c98f926e5890f,13,yes,2026-01-31T22:48:54.56429137Z,ARG APP_USER_UID=10001
ghcr.io/alation/alation-ai-agent-sdk/alation-mcp-server,sha256:f6741717360bdeada6a4e7b728f2fdbb038c8c1b0fcfda0d507c98f926e5890f,14,,2026-01-31T22:48:54.767167971Z,RUN |2 VERSION=v1.0.0rc3 APP_USER_UID=10001 /bin/sh -c useradd --uid ${APP_USER_UID} --user-group --system --create-home --home-dir /app --shell /sbin/nologin appuser # buildkit
ghcr.io/alation/alation-ai-agent-sdk/alation-mcp-server,sha256:f6741717360bdeada6a4e7b728f2fdbb038c8c1b0fcfda0d507c98f926e5890f,15,,2026-01-31T22:49:12.707635602Z,COPY --chown=appuser:appuser /app/.venv ./.venv # buildkit
ghcr.io/alation/alation-ai-agent-sdk/alation-mcp-server,sha256:f6741717360bdeada6a4e7b728f2fdbb038c8c1b0fcfda0d507c98f926e5890f,16,,2026-01-31T22:49:12.729230114Z,COPY --chown=appuser:appuser /app/alation_ai_agent_mcp ./alation_ai_agent_mcp/ # buildkit
ghcr.io/alation/alation-ai-agent-sdk/alation-mcp-server,sha256:f6741717360bdeada6a4e7b728f2fdbb038c8c1b0fcfda0d507c98f926e5890f,17,yes,2026-01-31T22:49:12.729230114Z,ENV PATH=/app/.venv/bin:/usr/local/bin:/usr/local/sbin:/usr/local/bin:/usr/sbin:/usr/bin:/sbin:/bin
ghcr.io/alation/alation-ai-agent-sdk/alation-mcp-server,sha256:f6741717360bdeada6a4e7b728f2fdbb038c8c1b0fcfda0d507c98f926e5890f,18,yes,2026-01-31T22:49:12.729230114Z,ENV VIRTUAL_ENV=/app/.venv
ghcr.io/alation/alation-ai-agent-sdk/alation-mcp-server,sha256:f6741717360bdeada6a4e7b728f2fdbb038c8c1b0fcfda0d507c98f926e5890f,19,yes,2026-01-31T22:49:12.729230114Z,ENV PYTHONPATH=/app
ghcr.io/alation/alation-ai-agent-sdk/alation-mcp-server,sha256:f6741717360bdeada6a4e7b728f2fdbb038c8c1b0fcfda0d507c98f926e5890f,20,yes,2026-01-31T22:49:12.729230114Z,ENV PYTHONDONTWRITEBYTECODE=1
ghcr.io/alation/alation-ai-agent-sdk/alation-mcp-server,sha256:f6741717360bdeada6a4e7b728f2fdbb038c8c1b0fcfda0d507c98f926e5890f,21,yes,2026-01-31T22:49:12.729230114Z,ENV PYTHONUNBUFFERED=1
ghcr.io/alation/alation-ai-agent-sdk/alation-mcp-server,sha256:f6741717360bdeada6a4e7b728f2fdbb038c8c1b0fcfda0d507c98f926e5890f,22,yes,2026-01-31T22:49:12.729230114Z,USER appuser
ghcr.io/alation/alation-ai-agent-sdk/alation-mcp-server,sha256:f6741717360bdeada6a4e7b728f2fdbb038c8c1b0fcfda0d507c98f926e5890f,23,yes,2026-01-31T22:49:12.729230114Z,EXPOSE map[8000/tcp:{}]
ghcr.io/alation/alation-ai-agent-sdk/alation-mcp-server,sha256:f6741717360bdeada6a4e7b728f2fdbb038c8c1b0fcfda0d507c98f926e5890f,24,yes,2026-01-31T22:49:12.729230114Z,"ENTRYPOINT [""start-alation-mcp-server""]"
ghcr.io/dhyansraj/mcp-mesh/python-runtime,sha256:11f2f2c7c1d16b6b85b222459f5475fcb3ae1932c6372d3f3b2099fd94b1d5e8,0,,2026-05-05T00:00:00Z,# debian.sh --arch 'amd64' out/ 'trixie' '@1777939200'
ghcr.io/dhyansraj/mcp-mesh/python-runtime,sha256:11f2f2c7c1d16b6b85b222459f5475fcb3ae1932c6372d3f3b2099fd94b1d5e8,1,yes,2026-05-08T20:01:41.95510187Z,ENV PATH=/usr/local/bin:/usr/local/sbin:/usr/local/bin:/usr/sbin:/usr/bin:/sbin:/bin
ghcr.io/dhyansraj/mcp-mesh/python-runtime,sha256:11f2f2c7c1d16b6b85b222459f5475fcb3ae1932c6372d3f3b2099fd94b1d5e8,2,yes,2026-05-08T20:01:41.95510187Z,ENV LANG=C.UTF-8
ghcr.io/dhyansraj/mcp-mesh/python-runtime,sha256:11f2f2c7c1d16b6b85b222459f5475fcb3ae1932c6372d3f3b2099fd94b1d5e8,3,,2026-05-08T20:01:41.95510187Z,RUN /bin/sh -c set -eux; 	apt-get update; 	apt-get install -y --no-install-recommends 		ca-certificates 		netbase 		tzdata 	; 	apt-get dist-clean # buildkit
ghcr.io/dhyansraj/mcp-mesh/python-runtime,sha256:11f2f2c7c1d16b6b85b222459f5475fcb3ae1932c6372d3f3b2099fd94b1d5e8,4,yes,2026-05-08T20:01:41.95510187Z,ENV GPG_KEY=A035C8C19219BA821ECEA86B64E628F8D684696D
ghcr.io/dhyansraj/mcp-mesh/python-runtime,sha256:11f2f2c7c1d16b6b85b222459f5475fcb3ae1932c6372d3f3b2099fd94b1d5e8,5,yes,2026-05-08T20:01:41.95510187Z,ENV PYTHON_VERSION=3.11.15
ghcr.io/dhyansraj/mcp-mesh/python-runtime,sha256:11f2f2c7c1d16b6b85b222459f5475fcb3ae1932c6372d3f3b2099fd94b1d5e8,6,yes,2026-05-08T20:01:41.95510187Z,ENV PYTHON_SHA256=272179ddd9a2e41a0fc8e42e33dfbdca0b3711aa5abf372d3f2d51543d09b625
ghcr.io/dhyansraj/mcp-mesh/python-runtime,sha256:11f2f2c7c1d16b6b85b222459f5475fcb3ae1932c6372d3f3b2099fd94b1d5e8,7,,2026-05-08T20:09:58.698817223Z,"RUN /bin/sh -c set -eux; 		savedAptMark=""$(apt-mark showmanual)""; 	apt-get update; 	apt-get install -y --no-install-recommends 		dpkg-dev 		gcc 		gnupg 		libbluetooth-dev 		libbz2-dev 		libc6-dev 		libdb-dev 		libffi-dev 		libgdbm-dev 		liblzma-dev 		libncursesw5-dev 		libreadline-dev 		libsqlite3-dev 		libssl-dev 		make 		tk-dev 		uuid-dev 		wget 		xz-utils 		zlib1g-dev 	; 		wget -O python.tar.xz ""https://www.python.org/ftp/python/${PYTHON_VERSION%%[a-z]*}/Python-$PYTHON_VERSION.tar.xz""; 	echo ""$PYTHON_SHA256 *python.tar.xz"" | sha256sum -c -; 	wget -O python.tar.xz.asc ""https://www.python.org"
ghcr.io/dhyansraj/mcp-mesh/python-runtime,sha256:11f2f2c7c1d16b6b85b222459f5475fcb3ae1932c6372d3f3b2099fd94b1d5e8,8,,2026-05-08T20:09:58.829108366Z,"RUN /bin/sh -c set -eux; 	for src in idle3 pip3 pydoc3 python3 python3-config; do 		dst=""$(echo ""$src"" | tr -d 3)""; 		[ -s ""/usr/local/bin/$src"" ]; 		[ ! -e ""/usr/local/bin/$dst"" ]; 		ln -svT ""$src"" ""/usr/local/bin/$dst""; 	done # buildkit"
ghcr.io/dhyansraj/mcp-mesh/python-runtime,sha256:11f2f2c7c1d16b6b85b222459f5475fcb3ae1932c6372d3f3b2099fd94b1d5e8,9,yes,2026-05-08T20:09:58.829108366Z,"CMD [""python3""]"
ghcr.io/dhyansraj/mcp-mesh/python-runtime,sha256:11f2f2c7c1d16b6b85b222459f5475fcb3ae1932c6372d3f3b2099fd94b1d5e8,10,yes,2026-05-19T20:07:28.567347112Z,ARG VERSION=2.2.0
ghcr.io/dhyansraj/mcp-mesh/python-runtime,sha256:11f2f2c7c1d16b6b85b222459f5475fcb3ae1932c6372d3f3b2099fd94b1d5e8,11,,2026-05-19T20:07:28.567347112Z,RUN |1 VERSION=2.2.0 /bin/sh -c apt-get update && apt-get install -y     curl     wget     && rm -rf /var/lib/apt/lists/*     && groupadd -r mcp-mesh     && useradd -r -g mcp-mesh mcp-mesh # buildkit
ghcr.io/dhyansraj/mcp-mesh/python-runtime,sha256:11f2f2c7c1d16b6b85b222459f5475fcb3ae1932c6372d3f3b2099fd94b1d5e8,12,,2026-05-19T20:08:00.117994136Z,"RUN |1 VERSION=2.2.0 /bin/sh -c if [ -z ""$VERSION"" ]; then echo ""VERSION build arg is required"" && exit 1; fi &&     echo ""Installing mcp-mesh==${VERSION} from PyPI"" &&     pip install --no-cache-dir mcp-mesh==${VERSION} # buildkit"
ghcr.io/dhyansraj/mcp-mesh/python-runtime,sha256:11f2f2c7c1d16b6b85b222459f5475fcb3ae1932c6372d3f3b2099fd94b1d5e8,13,,2026-05-19T20:08:00.378333429Z,RUN |1 VERSION=2.2.0 /bin/sh -c mkdir -p /app && chown mcp-mesh:mcp-mesh /app # buildkit
ghcr.io/dhyansraj/mcp-mesh/python-runtime,sha256:11f2f2c7c1d16b6b85b222459f5475fcb3ae1932c6372d3f3b2099fd94b1d5e8,14,yes,2026-05-19T20:08:00.378333429Z,USER mcp-mesh
ghcr.io/dhyansraj/mcp-mesh/python-runtime,sha256:11f2f2c7c1d16b6b85b222459f5475fcb3ae1932c6372d3f3b2099fd94b1d5e8,15,,2026-05-19T20:08:00.391212334Z,WORKDIR /app
ghcr.io/dhyansraj/mcp-mesh/python-runtime,sha256:11f2f2c7c1d16b6b85b222459f5475fcb3ae1932c6372d3f3b2099fd94b1d5e8,16,yes,2026-05-19T20:08:00.391212334Z,"HEALTHCHECK &{[""CMD-SHELL"" ""python -c \""import requests; requests.get('http://localhost:8080/health', timeout=2)\"" || exit 1""] ""30s"" ""3s"" ""10s"" ""0s"" '\x03'}"
ghcr.io/dhyansraj/mcp-mesh/python-runtime,sha256:11f2f2c7c1d16b6b85b222459f5475fcb3ae1932c6372d3f3b2099fd94b1d5e8,17,yes,2026-05-19T20:08:00.391212334Z,EXPOSE [8080/tcp]
ghcr.io/dhyansraj/mcp-mesh/python-runtime,sha256:11f2f2c7c1d16b6b85b222459f5475fcb3ae1932c6372d3f3b2099fd94b1d5e8,18,yes,2026-05-19T20:08:00.391212334Z,"ENTRYPOINT [""python""]"
ghcr.io/oraios/serena,sha256:def8331b67c511e06c64c90c99d50a60abe74a4d79a4c7708671516580a5045d,0,,2026-05-05T00:00:00Z,# debian.sh --arch 'amd64' out/ 'trixie' '@1777939200'
ghcr.io/oraios/serena,sha256:def8331b67c511e06c64c90c99d50a60abe74a4d79a4c7708671516580a5045d,1,yes,2026-05-08T20:01:41.95510187Z,ENV PATH=/usr/local/bin:/usr/local/sbin:/usr/local/bin:/usr/sbin:/usr/bin:/sbin:/bin
ghcr.io/oraios/serena,sha256:def8331b67c511e06c64c90c99d50a60abe74a4d79a4c7708671516580a5045d,2,yes,2026-05-08T20:01:41.95510187Z,ENV LANG=C.UTF-8
ghcr.io/oraios/serena,sha256:def8331b67c511e06c64c90c99d50a60abe74a4d79a4c7708671516580a5045d,3,,2026-05-08T20:01:41.95510187Z,RUN /bin/sh -c set -eux; 	apt-get update; 	apt-get install -y --no-install-recommends 		ca-certificates 		netbase 		tzdata 	; 	apt-get dist-clean # buildkit
ghcr.io/oraios/serena,sha256:def8331b67c511e06c64c90c99d50a60abe74a4d79a4c7708671516580a5045d,4,yes,2026-05-08T20:01:41.95510187Z,ENV GPG_KEY=A035C8C19219BA821ECEA86B64E628F8D684696D
ghcr.io/oraios/serena,sha256:def8331b67c511e06c64c90c99d50a60abe74a4d79a4c7708671516580a5045d,5,yes,2026-05-08T20:01:41.95510187Z,ENV PYTHON_VERSION=3.11.15
ghcr.io/oraios/serena,sha256:def8331b67c511e06c64c90c99d50a60abe74a4d79a4c7708671516580a5045d,6,yes,2026-05-08T20:01:41.95510187Z,ENV PYTHON_SHA256=272179ddd9a2e41a0fc8e42e33dfbdca0b3711aa5abf372d3f2d51543d09b625
ghcr.io/oraios/serena,sha256:def8331b67c511e06c64c90c99d50a60abe74a4d79a4c7708671516580a5045d,7,,2026-05-08T20:09:58.698817223Z,"RUN /bin/sh -c set -eux; 		savedAptMark=""$(apt-mark showmanual)""; 	apt-get update; 	apt-get install -y --no-install-recommends 		dpkg-dev 		gcc 		gnupg 		libbluetooth-dev 		libbz2-dev 		libc6-dev 		libdb-dev 		libffi-dev 		libgdbm-dev 		liblzma-dev 		libncursesw5-dev 		libreadline-dev 		libsqlite3-dev 		libssl-dev 		make 		tk-dev 		uuid-dev 		wget 		xz-utils 		zlib1g-dev 	; 		wget -O python.tar.xz ""https://www.python.org/ftp/python/${PYTHON_VERSION%%[a-z]*}/Python-$PYTHON_VERSION.tar.xz""; 	echo ""$PYTHON_SHA256 *python.tar.xz"" | sha256sum -c -; 	wget -O python.tar.xz.asc ""https://www.python.org"
ghcr.io/oraios/serena,sha256:def8331b67c511e06c64c90c99d50a60abe74a4d79a4c7708671516580a5045d,8,,2026-05-08T20:09:58.829108366Z,"RUN /bin/sh -c set -eux; 	for src in idle3 pip3 pydoc3 python3 python3-config; do 		dst=""$(echo ""$src"" | tr -d 3)""; 		[ -s ""/usr/local/bin/$src"" ]; 		[ ! -e ""/usr/local/bin/$dst"" ]; 		ln -svT ""$src"" ""/usr/local/bin/$dst""; 	done # buildkit"
ghcr.io/oraios/serena,sha256:def8331b67c511e06c64c90c99d50a60abe74a4d79a4c7708671516580a5045d,9,yes,2026-05-08T20:09:58.829108366Z,"CMD [""python3""]"
ghcr.io/oraios/serena,sha256:def8331b67c511e06c64c90c99d50a60abe74a4d79a4c7708671516580a5045d,10,yes,2026-05-09T15:49:48.935566402Z,SHELL [/bin/bash -c]
ghcr.io/oraios/serena,sha256:def8331b67c511e06c64c90c99d50a60abe74a4d79a4c7708671516580a5045d,11,yes,2026-05-09T15:49:48.935566402Z,ENV PYTHONUNBUFFERED=1
ghcr.io/oraios/serena,sha256:def8331b67c511e06c64c90c99d50a60abe74a4d79a4c7708671516580a5045d,12,yes,2026-05-09T15:49:48.935566402Z,ENV PYTHONDONTWRITEBYTECODE=1
ghcr.io/oraios/serena,sha256:def8331b67c511e06c64c90c99d50a60abe74a4d79a4c7708671516580a5045d,13,,2026-05-09T15:49:48.935566402Z,RUN /bin/bash -c apt-get update && apt-get install -y --no-install-recommends     curl     build-essential     git     ssh     sudo     wget     zip     unzip     git     && rm -rf /var/lib/apt/lists/* # buildkit
ghcr.io/oraios/serena,sha256:def8331b67c511e06c64c90c99d50a60abe74a4d79a4c7708671516580a5045d,14,,2026-05-09T15:49:51.838754122Z,RUN /bin/bash -c python3 -m pip install --no-cache-dir pipx     && pipx ensurepath # buildkit
ghcr.io/oraios/serena,sha256:def8331b67c511e06c64c90c99d50a60abe74a4d79a4c7708671516580a5045d,15,yes,2026-05-09T15:49:51.838754122Z,ENV NVM_VERSION=0.40.3
ghcr.io/oraios/serena,sha256:def8331b67c511e06c64c90c99d50a60abe74a4d79a4c7708671516580a5045d,16,yes,2026-05-09T15:49:51.838754122Z,ENV NODE_VERSION=22.18.0
ghcr.io/oraios/serena,sha256:def8331b67c511e06c64c90c99d50a60abe74a4d79a4c7708671516580a5045d,17,,2026-05-09T15:49:56.455051551Z,RUN /bin/bash -c curl -o- https://raw.githubusercontent.com/nvm-sh/nvm/v${NVM_VERSION}/install.sh | bash # buildkit
ghcr.io/oraios/serena,sha256:def8331b67c511e06c64c90c99d50a60abe74a4d79a4c7708671516580a5045d,18,yes,2026-05-09T15:49:56.455051551Z,ENV NVM_DIR=/root/.nvm
ghcr.io/oraios/serena,sha256:def8331b67c511e06c64c90c99d50a60abe74a4d79a4c7708671516580a5045d,19,,2026-05-09T15:49:57.362278005Z,"RUN /bin/bash -c . ""$NVM_DIR/nvm.sh"" && nvm install ${NODE_VERSION} # buildkit"
ghcr.io/oraios/serena,sha256:def8331b67c511e06c64c90c99d50a60abe74a4d79a4c7708671516580a5045d,20,,2026-05-18T20:13:56.383709041Z,"RUN /bin/bash -c . ""$NVM_DIR/nvm.sh"" && nvm use v${NODE_VERSION} # buildkit"
ghcr.io/oraios/serena,sha256:def8331b67c511e06c64c90c99d50a60abe74a4d79a4c7708671516580a5045d,21,,2026-05-09T15:49:58.07396609Z,"RUN /bin/bash -c . ""$NVM_DIR/nvm.sh"" && nvm alias default v${NODE_VERSION} # buildkit"
ghcr.io/oraios/serena,sha256:def8331b67c511e06c64c90c99d50a60abe74a4d79a4c7708671516580a5045d,22,yes,2026-05-09T15:49:58.07396609Z,ENV PATH=/root/.nvm/versions/node/v22.18.0/bin/:/usr/local/bin:/usr/local/sbin:/usr/local/bin:/usr/sbin:/usr/bin:/sbin:/bin
ghcr.io/oraios/serena,sha256:def8331b67c511e06c64c90c99d50a60abe74a4d79a4c7708671516580a5045d,23,yes,2026-05-09T15:49:58.07396609Z,ENV PATH=/root/.nvm/versions/node/v22.18.0/bin/:/usr/local/bin:/usr/local/sbin:/usr/local/bin:/usr/sbin:/usr/bin:/sbin:/bin:/root/.local/bin
ghcr.io/oraios/serena,sha256:def8331b67c511e06c64c90c99d50a60abe74a4d79a4c7708671516580a5045d,24,,2026-05-09T15:49:59.239399973Z,RUN /bin/bash -c curl -LsSf https://astral.sh/uv/install.sh | sh # buildkit
ghcr.io/oraios/serena,sha256:def8331b67c511e06c64c90c99d50a60abe74a4d79a4c7708671516580a5045d,25,yes,2026-05-09T15:49:59.239399973Z,ENV RUSTUP_HOME=/usr/local/rustup
ghcr.io/oraios/serena,sha256:def8331b67c511e06c64c90c99d50a60abe74a4d79a4c7708671516580a5045d,26,yes,2026-05-09T15:49:59.239399973Z,ENV CARGO_HOME=/usr/local/cargo
ghcr.io/oraios/serena,sha256:def8331b67c511e06c64c90c99d50a60abe74a4d79a4c7708671516580a5045d,27,yes,2026-05-09T15:49:59.239399973Z,ENV PATH=/usr/local/cargo/bin:/root/.nvm/versions/node/v22.18.0/bin/:/usr/local/bin:/usr/local/sbin:/usr/local/bin:/usr/sbin:/usr/bin:/sbin:/bin:/root/.local/bin
ghcr.io/oraios/serena,sha256:def8331b67c511e06c64c90c99d50a60abe74a4d79a4c7708671516580a5045d,28,,2026-05-09T15:50:11.130054862Z,RUN /bin/bash -c curl --proto '=https' --tlsv1.2 -sSf https://sh.rustup.rs | sh -s -- -y     --default-toolchain stable     --profile minimal     && rustup component add rust-analyzer # buildkit
ghcr.io/oraios/serena,sha256:def8331b67c511e06c64c90c99d50a60abe74a4d79a4c7708671516580a5045d,29,,2026-05-09T15:50:11.140662167Z,WORKDIR /workspaces/serena
ghcr.io/oraios/serena,sha256:def8331b67c511e06c64c90c99d50a60abe74a4d79a4c7708671516580a5045d,30,,2026-05-18T20:16:22.1983861Z,COPY . /workspaces/serena/ # buildkit
ghcr.io/oraios/serena,sha256:def8331b67c511e06c64c90c99d50a60abe74a4d79a4c7708671516580a5045d,31,,2026-05-18T20:16:24.968943114Z,RUN /bin/bash -c apt-get update && apt-get install -y sed # buildkit
ghcr.io/oraios/serena,sha256:def8331b67c511e06c64c90c99d50a60abe74a4d79a4c7708671516580a5045d,32,yes,2026-05-18T20:16:24.968943114Z,ENV SERENA_HOME=/workspaces/serena/config
ghcr.io/oraios/serena,sha256:def8331b67c511e06c64c90c99d50a60abe74a4d79a4c7708671516580a5045d,33,,2026-05-18T20:16:25.030559865Z,RUN /bin/bash -c mkdir -p $SERENA_HOME # buildkit
ghcr.io/oraios/serena,sha256:def8331b67c511e06c64c90c99d50a60abe74a4d79a4c7708671516580a5045d,34,,2026-05-18T20:16:25.092117438Z,RUN /bin/bash -c cp src/serena/resources/serena_config.template.yml $SERENA_HOME/serena_config.yml # buildkit
ghcr.io/oraios/serena,sha256:def8331b67c511e06c64c90c99d50a60abe74a4d79a4c7708671516580a5045d,35,,2026-05-18T20:16:25.152097777Z,RUN /bin/bash -c sed -i 's/^gui_log_window: .*/gui_log_window: False/' $SERENA_HOME/serena_config.yml # buildkit
ghcr.io/oraios/serena,sha256:def8331b67c511e06c64c90c99d50a60abe74a4d79a4c7708671516580a5045d,36,,2026-05-18T20:16:25.218400161Z,RUN /bin/bash -c sed -i 's/^web_dashboard_listen_address: .*/web_dashboard_listen_address: 0.0.0.0/' $SERENA_HOME/serena_config.yml # buildkit
ghcr.io/oraios/serena,sha256:def8331b67c511e06c64c90c99d50a60abe74a4d79a4c7708671516580a5045d,37,,2026-05-18T20:16:25.278001696Z,RUN /bin/bash -c sed -i 's/^web_dashboard_open_on_launch: .*/web_dashboard_open_on_launch: False/' $SERENA_HOME/serena_config.yml # buildkit
ghcr.io/oraios/serena,sha256:def8331b67c511e06c64c90c99d50a60abe74a4d79a4c7708671516580a5045d,38,,2026-05-18T20:16:25.511178351Z,RUN /bin/bash -c uv venv # buildkit
ghcr.io/oraios/serena,sha256:def8331b67c511e06c64c90c99d50a60abe74a4d79a4c7708671516580a5045d,39,,2026-05-18T20:16:25.572475591Z,RUN /bin/bash -c . .venv/bin/activate # buildkit
ghcr.io/oraios/serena,sha256:def8331b67c511e06c64c90c99d50a60abe74a4d79a4c7708671516580a5045d,40,,2026-05-18T20:16:29.331520124Z,RUN /bin/bash -c uv pip install -r pyproject.toml -e . # buildkit
ghcr.io/oraios/serena,sha256:def8331b67c511e06c64c90c99d50a60abe74a4d79a4c7708671516580a5045d,41,yes,2026-05-18T20:16:29.331520124Z,ENV PATH=/workspaces/serena/.venv/bin:/usr/local/cargo/bin:/root/.nvm/versions/node/v22.18.0/bin/:/usr/local/bin:/usr/local/sbin:/usr/local/bin:/usr/sbin:/usr/bin:/sbin:/bin:/root/.local/bin
ghcr.io/oraios/serena,sha256:def8331b67c511e06c64c90c99d50a60abe74a4d79a4c7708671516580a5045d,42,yes,2026-05-18T20:16:29.331520124Z,"ENTRYPOINT [""/bin/bash"" ""-c"" ""source .venv/bin/activate && $0 $@""]"
ghcr.io/oraios/serena,sha256:97d194d3d6ec8a3b5fe0e99f83bc23e05b413987907a56dabf1b19e27fdb1eee,0,,2026-07-13T00:00:00Z,# debian.sh --arch 'amd64' out/ 'trixie' '@1783900800'
ghcr.io/oraios/serena,sha256:97d194d3d6ec8a3b5fe0e99f83bc23e05b413987907a56dabf1b19e27fdb1eee,1,yes,2026-07-14T02:03:18.495628225Z,ENV PATH=/usr/local/bin:/usr/local/sbin:/usr/local/bin:/usr/sbin:/usr/bin:/sbin:/bin
ghcr.io/oraios/serena,sha256:97d194d3d6ec8a3b5fe0e99f83bc23e05b413987907a56dabf1b19e27fdb1eee,2,yes,2026-07-14T02:03:18.495628225Z,ENV LANG=C.UTF-8
ghcr.io/oraios/serena,sha256:97d194d3d6ec8a3b5fe0e99f83bc23e05b413987907a56dabf1b19e27fdb1eee,3,,2026-07-14T02:03:18.495628225Z,RUN /bin/sh -c set -eux; 	apt-get update; 	apt-get install -y --no-install-recommends 		ca-certificates 		netbase 		tzdata 	; 	apt-get dist-clean # buildkit
ghcr.io/oraios/serena,sha256:97d194d3d6ec8a3b5fe0e99f83bc23e05b413987907a56dabf1b19e27fdb1eee,4,yes,2026-07-14T02:03:18.495628225Z,ENV GPG_KEY=A035C8C19219BA821ECEA86B64E628F8D684696D
ghcr.io/oraios/serena,sha256:97d194d3d6ec8a3b5fe0e99f83bc23e05b413987907a56dabf1b19e27fdb1eee,5,yes,2026-07-14T02:03:18.495628225Z,ENV PYTHON_VERSION=3.11.15
ghcr.io/oraios/serena,sha256:97d194d3d6ec8a3b5fe0e99f83bc23e05b413987907a56dabf1b19e27fdb1eee,6,yes,2026-07-14T02:03:18.495628225Z,ENV PYTHON_SHA256=272179ddd9a2e41a0fc8e42e33dfbdca0b3711aa5abf372d3f2d51543d09b625
ghcr.io/oraios/serena,sha256:97d194d3d6ec8a3b5fe0e99f83bc23e05b413987907a56dabf1b19e27fdb1eee,7,,2026-07-14T02:10:44.760532833Z,"RUN /bin/sh -c set -eux; 		savedAptMark=""$(apt-mark showmanual)""; 	apt-get update; 	apt-get install -y --no-install-recommends 		dpkg-dev 		gcc 		gnupg 		libbluetooth-dev 		libbz2-dev 		libc6-dev 		libdb-dev 		libffi-dev 		libgdbm-dev 		liblzma-dev 		libncursesw5-dev 		libreadline-dev 		libsqlite3-dev 		libssl-dev 		make 		tk-dev 		uuid-dev 		wget 		xz-utils 		zlib1g-dev 	; 		wget -O python.tar.xz ""https://www.python.org/ftp/python/${PYTHON_VERSION%%[a-z]*}/Python-$PYTHON_VERSION.tar.xz""; 	echo ""$PYTHON_SHA256 *python.tar.xz"" | sha256sum -c -; 	wget -O python.tar.xz.asc ""https://www.python.org"
ghcr.io/oraios/serena,sha256:97d194d3d6ec8a3b5fe0e99f83bc23e05b413987907a56dabf1b19e27fdb1eee,8,,2026-07-14T02:10:44.878599843Z,"RUN /bin/sh -c set -eux; 	for src in idle3 pip3 pydoc3 python3 python3-config; do 		dst=""$(echo ""$src"" | tr -d 3)""; 		[ -s ""/usr/local/bin/$src"" ]; 		[ ! -e ""/usr/local/bin/$dst"" ]; 		ln -svT ""$src"" ""/usr/local/bin/$dst""; 	done # buildkit"
ghcr.io/oraios/serena,sha256:97d194d3d6ec8a3b5fe0e99f83bc23e05b413987907a56dabf1b19e27fdb1eee,9,yes,2026-07-14T02:10:44.878599843Z,"CMD [""python3""]"
ghcr.io/oraios/serena,sha256:97d194d3d6ec8a3b5fe0e99f83bc23e05b413987907a56dabf1b19e27fdb1eee,10,yes,2026-07-16T08:36:00.831055001Z,SHELL [/bin/bash -c]
ghcr.io/oraios/serena,sha256:97d194d3d6ec8a3b5fe0e99f83bc23e05b413987907a56dabf1b19e27fdb1eee,11,yes,2026-07-16T08:36:00.831055001Z,ENV PYTHONUNBUFFERED=1
ghcr.io/oraios/serena,sha256:97d194d3d6ec8a3b5fe0e99f83bc23e05b413987907a56dabf1b19e27fdb1eee,12,yes,2026-07-16T08:36:00.831055001Z,ENV PYTHONDONTWRITEBYTECODE=1
ghcr.io/oraios/serena,sha256:97d194d3d6ec8a3b5fe0e99f83bc23e05b413987907a56dabf1b19e27fdb1eee,13,,2026-07-16T08:36:00.831055001Z,RUN /bin/bash -c apt-get update && apt-get install -y --no-install-recommends     curl     build-essential     git     ssh     sudo     wget     zip     unzip     git     && rm -rf /var/lib/apt/lists/* # buildkit
ghcr.io/oraios/serena,sha256:97d194d3d6ec8a3b5fe0e99f83bc23e05b413987907a56dabf1b19e27fdb1eee,14,,2026-07-16T08:36:03.450293503Z,RUN /bin/bash -c python3 -m pip install --no-cache-dir pipx     && pipx ensurepath # buildkit
ghcr.io/oraios/serena,sha256:97d194d3d6ec8a3b5fe0e99f83bc23e05b413987907a56dabf1b19e27fdb1eee,15,yes,2026-07-16T08:36:03.450293503Z,ENV NVM_VERSION=0.40.3
ghcr.io/oraios/serena,sha256:97d194d3d6ec8a3b5fe0e99f83bc23e05b413987907a56dabf1b19e27fdb1eee,16,yes,2026-07-16T08:36:03.450293503Z,ENV NODE_VERSION=22.18.0
ghcr.io/oraios/serena,sha256:97d194d3d6ec8a3b5fe0e99f83bc23e05b413987907a56dabf1b19e27fdb1eee,17,,2026-07-16T08:36:06.938097468Z,RUN /bin/bash -c curl -o- https://raw.githubusercontent.com/nvm-sh/nvm/v${NVM_VERSION}/install.sh | bash # buildkit
ghcr.io/oraios/serena,sha256:97d194d3d6ec8a3b5fe0e99f83bc23e05b413987907a56dabf1b19e27fdb1eee,18,yes,2026-07-16T08:36:06.938097468Z,ENV NVM_DIR=/root/.nvm
ghcr.io/oraios/serena,sha256:97d194d3d6ec8a3b5fe0e99f83bc23e05b413987907a56dabf1b19e27fdb1eee,19,,2026-07-16T08:36:07.700344107Z,"RUN /bin/bash -c . ""$NVM_DIR/nvm.sh"" && nvm install ${NODE_VERSION} # buildkit"
ghcr.io/oraios/serena,sha256:97d194d3d6ec8a3b5fe0e99f83bc23e05b413987907a56dabf1b19e27fdb1eee,20,,2026-07-16T08:40:54.002389235Z,"RUN /bin/bash -c . ""$NVM_DIR/nvm.sh"" && nvm use v${NODE_VERSION} # buildkit"
ghcr.io/oraios/serena,sha256:97d194d3d6ec8a3b5fe0e99f83bc23e05b413987907a56dabf1b19e27fdb1eee,21,,2026-07-16T08:36:08.357644889Z,"RUN /bin/bash -c . ""$NVM_DIR/nvm.sh"" && nvm alias default v${NODE_VERSION} # buildkit"
ghcr.io/oraios/serena,sha256:97d194d3d6ec8a3b5fe0e99f83bc23e05b413987907a56dabf1b19e27fdb1eee,22,yes,2026-07-16T08:36:08.357644889Z,ENV PATH=/root/.nvm/versions/node/v22.18.0/bin/:/usr/local/bin:/usr/local/sbin:/usr/local/bin:/usr/sbin:/usr/bin:/sbin:/bin
ghcr.io/oraios/serena,sha256:97d194d3d6ec8a3b5fe0e99f83bc23e05b413987907a56dabf1b19e27fdb1eee,23,yes,2026-07-16T08:36:08.357644889Z,ENV PATH=/root/.nvm/versions/node/v22.18.0/bin/:/usr/local/bin:/usr/local/sbin:/usr/local/bin:/usr/sbin:/usr/bin:/sbin:/bin:/root/.local/bin
ghcr.io/oraios/serena,sha256:97d194d3d6ec8a3b5fe0e99f83bc23e05b413987907a56dabf1b19e27fdb1eee,24,,2026-07-16T08:36:09.218721564Z,RUN /bin/bash -c curl -LsSf https://astral.sh/uv/install.sh | sh # buildkit
ghcr.io/oraios/serena,sha256:97d194d3d6ec8a3b5fe0e99f83bc23e05b413987907a56dabf1b19e27fdb1eee,25,yes,2026-07-16T08:36:09.218721564Z,ENV RUSTUP_HOME=/usr/local/rustup
ghcr.io/oraios/serena,sha256:97d194d3d6ec8a3b5fe0e99f83bc23e05b413987907a56dabf1b19e27fdb1eee,26,yes,2026-07-16T08:36:09.218721564Z,ENV CARGO_HOME=/usr/local/cargo
ghcr.io/oraios/serena,sha256:97d194d3d6ec8a3b5fe0e99f83bc23e05b413987907a56dabf1b19e27fdb1eee,27,yes,2026-07-16T08:36:09.218721564Z,ENV PATH=/usr/local/cargo/bin:/root/.nvm/versions/node/v22.18.0/bin/:/usr/local/bin:/usr/local/sbin:/usr/local/bin:/usr/sbin:/usr/bin:/sbin:/bin:/root/.local/bin
ghcr.io/oraios/serena,sha256:97d194d3d6ec8a3b5fe0e99f83bc23e05b413987907a56dabf1b19e27fdb1eee,28,,2026-07-16T08:36:20.030451796Z,RUN /bin/bash -c curl --proto '=https' --tlsv1.2 -sSf https://sh.rustup.rs | sh -s -- -y     --default-toolchain stable     --profile minimal     && rustup component add rust-analyzer # buildkit
ghcr.io/oraios/serena,sha256:97d194d3d6ec8a3b5fe0e99f83bc23e05b413987907a56dabf1b19e27fdb1eee,29,,2026-07-16T08:36:20.040584095Z,WORKDIR /workspaces/serena
ghcr.io/oraios/serena,sha256:97d194d3d6ec8a3b5fe0e99f83bc23e05b413987907a56dabf1b19e27fdb1eee,30,,2026-07-16T09:05:19.979483429Z,COPY . /workspaces/serena/ # buildkit
ghcr.io/oraios/serena,sha256:97d194d3d6ec8a3b5fe0e99f83bc23e05b413987907a56dabf1b19e27fdb1eee,31,,2026-07-16T09:05:22.060081888Z,RUN /bin/bash -c apt-get update && apt-get install -y sed # buildkit
ghcr.io/oraios/serena,sha256:97d194d3d6ec8a3b5fe0e99f83bc23e05b413987907a56dabf1b19e27fdb1eee,32,yes,2026-07-16T09:05:22.060081888Z,ENV SERENA_HOME=/workspaces/serena/config
ghcr.io/oraios/serena,sha256:97d194d3d6ec8a3b5fe0e99f83bc23e05b413987907a56dabf1b19e27fdb1eee,33,,2026-07-16T09:05:22.133004944Z,RUN /bin/bash -c mkdir -p $SERENA_HOME # buildkit
ghcr.io/oraios/serena,sha256:97d194d3d6ec8a3b5fe0e99f83bc23e05b413987907a56dabf1b19e27fdb1eee,34,,2026-07-16T09:05:22.2012653Z,RUN /bin/bash -c cp src/serena/resources/serena_config.template.yml $SERENA_HOME/serena_config.yml # buildkit
ghcr.io/oraios/serena,sha256:97d194d3d6ec8a3b5fe0e99f83bc23e05b413987907a56dabf1b19e27fdb1eee,35,,2026-07-16T09:05:22.270393015Z,RUN /bin/bash -c sed -i 's/^gui_log_window: .*/gui_log_window: False/' $SERENA_HOME/serena_config.yml # buildkit
ghcr.io/oraios/serena,sha256:97d194d3d6ec8a3b5fe0e99f83bc23e05b413987907a56dabf1b19e27fdb1eee,36,,2026-07-16T09:05:22.334197103Z,RUN /bin/bash -c sed -i 's/^web_dashboard_listen_address: .*/web_dashboard_listen_address: 0.0.0.0/' $SERENA_HOME/serena_config.yml # buildkit
ghcr.io/oraios/serena,sha256:97d194d3d6ec8a3b5fe0e99f83bc23e05b413987907a56dabf1b19e27fdb1eee,37,,2026-07-16T09:05:22.395282183Z,RUN /bin/bash -c sed -i 's/^web_dashboard_open_on_launch: .*/web_dashboard_open_on_launch: False/' $SERENA_HOME/serena_config.yml # buildkit
ghcr.io/oraios/serena,sha256:97d194d3d6ec8a3b5fe0e99f83bc23e05b413987907a56dabf1b19e27fdb1eee,38,,2026-07-16T09:05:22.604128718Z,RUN /bin/bash -c uv venv # buildkit
ghcr.io/oraios/serena,sha256:97d194d3d6ec8a3b5fe0e99f83bc23e05b413987907a56dabf1b19e27fdb1eee,39,,2026-07-16T09:05:22.665019706Z,RUN /bin/bash -c . .venv/bin/activate # buildkit
ghcr.io/oraios/serena,sha256:97d194d3d6ec8a3b5fe0e99f83bc23e05b413987907a56dabf1b19e27fdb1eee,40,,2026-07-16T09:05:26.062743816Z,RUN /bin/bash -c uv pip install -r pyproject.toml -e . # buildkit
ghcr.io/oraios/serena,sha256:97d194d3d6ec8a3b5fe0e99f83bc23e05b413987907a56dabf1b19e27fdb1eee,41,yes,2026-07-16T09:05:26.062743816Z,ENV PATH=/workspaces/serena/.venv/bin:/usr/local/cargo/bin:/root/.nvm/versions/node/v22.18.0/bin/:/usr/local/bin:/usr/local/sbin:/usr/local/bin:/usr/sbin:/usr/bin:/sbin:/bin:/root/.local/bin
ghcr.io/oraios/serena,sha256:97d194d3d6ec8a3b5fe0e99f83bc23e05b413987907a56dabf1b19e27fdb1eee,42,yes,2026-07-16T09:05:26.062743816Z,"ENTRYPOINT [""/bin/bash"" ""-c"" ""source .venv/bin/activate && $0 $@""]"
ghcr.io/the-openroad-project/openroad-mcp,sha256:627703e3d94148a674cc7360c4b9b09a6619c400dbe58ea947c48d17de2838e7,0,yes,2026-02-10T17:40:06.784916222Z,/bin/sh -c #(nop)  ARG RELEASE
ghcr.io/the-openroad-project/openroad-mcp,sha256:627703e3d94148a674cc7360c4b9b09a6619c400dbe58ea947c48d17de2838e7,1,yes,2026-02-10T17:40:06.833163186Z,/bin/sh -c #(nop)  ARG LAUNCHPAD_BUILD_ARCH
ghcr.io/the-openroad-project/openroad-mcp,sha256:627703e3d94148a674cc7360c4b9b09a6619c400dbe58ea947c48d17de2838e7,2,yes,2026-02-10T17:40:06.875605404Z,/bin/sh -c #(nop)  LABEL org.opencontainers.image.ref.name=ubuntu
ghcr.io/the-openroad-project/openroad-mcp,sha256:627703e3d94148a674cc7360c4b9b09a6619c400dbe58ea947c48d17de2838e7,3,yes,2026-02-10T17:40:06.903799821Z,/bin/sh -c #(nop)  LABEL org.opencontainers.image.version=22.04
ghcr.io/the-openroad-project/openroad-mcp,sha256:627703e3d94148a674cc7360c4b9b09a6619c400dbe58ea947c48d17de2838e7,4,,2026-02-10T17:40:09.053421328Z,/bin/sh -c #(nop) ADD file:52c0e467fa2e92f101018df01a0ff56580c752b7553fbe6df88e16b02af6d4ee in / 
ghcr.io/the-openroad-project/openroad-mcp,sha256:627703e3d94148a674cc7360c4b9b09a6619c400dbe58ea947c48d17de2838e7,5,yes,2026-02-10T17:40:09.53215364Z,"/bin/sh -c #(nop)  CMD [""/bin/bash""]"
ghcr.io/the-openroad-project/openroad-mcp,sha256:627703e3d94148a674cc7360c4b9b09a6619c400dbe58ea947c48d17de2838e7,6,,2026-02-23T15:24:32.520812531Z,WORKDIR /tmp/installer/etc
ghcr.io/the-openroad-project/openroad-mcp,sha256:627703e3d94148a674cc7360c4b9b09a6619c400dbe58ea947c48d17de2838e7,7,,2026-02-23T15:24:32.551294986Z,COPY DependencyInstaller.sh . # buildkit
ghcr.io/the-openroad-project/openroad-mcp,sha256:627703e3d94148a674cc7360c4b9b09a6619c400dbe58ea947c48d17de2838e7,8,,2026-02-23T15:24:32.578380143Z,COPY InstallerOpenROAD.sh /tmp/installer/tools/OpenROAD/etc/DependencyInstaller.sh # buildkit
ghcr.io/the-openroad-project/openroad-mcp,sha256:627703e3d94148a674cc7360c4b9b09a6619c400dbe58ea947c48d17de2838e7,9,yes,2026-02-23T15:24:32.86127948Z,ARG options=-ci -yosys-ver=v0.62
ghcr.io/the-openroad-project/openroad-mcp,sha256:627703e3d94148a674cc7360c4b9b09a6619c400dbe58ea947c48d17de2838e7,10,yes,2026-02-23T15:24:32.86127948Z,ARG constantBuildDir=-constant-build-dir
ghcr.io/the-openroad-project/openroad-mcp,sha256:627703e3d94148a674cc7360c4b9b09a6619c400dbe58ea947c48d17de2838e7,11,,2026-02-23T15:24:32.86127948Z,"RUN |2 options=-ci -yosys-ver=v0.62 constantBuildDir=-constant-build-dir /bin/sh -c mkdir -p /usr/local/bin/wrapped-cc &&     echo '#!/bin/sh' > /usr/local/bin/wrapped-cc/gcc &&     echo 'exec /usr/bin/gcc -D__TIME__=""\""0\"""" -D__DATE__=""\""0\"""" -D__TIMESTAMP__=""\""0\"""" -Wno-builtin-macro-redefined ""$@""' >> /usr/local/bin/wrapped-cc/gcc &&     chmod +x /usr/local/bin/wrapped-cc/gcc &&     ln -sf /usr/local/bin/wrapped-cc/gcc /usr/local/bin/wrapped-cc/cc &&     echo '#!/bin/sh' > /usr/local/bin/wrapped-cc/g++ &&     echo 'exec /usr/bin/g++ -D__TIME__=""\""0\"""" -D__DATE__=""\""0\"""" -D__TIMESTAMP__=""\""0"
ghcr.io/the-openroad-project/openroad-mcp,sha256:627703e3d94148a674cc7360c4b9b09a6619c400dbe58ea947c48d17de2838e7,12,yes,2026-02-23T15:24:32.86127948Z,ENV PATH=/usr/local/bin/wrapped-cc:/usr/local/sbin:/usr/local/bin:/usr/sbin:/usr/bin:/sbin:/bin
ghcr.io/the-openroad-project/openroad-mcp,sha256:627703e3d94148a674cc7360c4b9b09a6619c400dbe58ea947c48d17de2838e7,13,,2026-02-23T15:32:17.649317109Z,RUN |2 options=-ci -yosys-ver=v0.62 constantBuildDir=-constant-build-dir /bin/sh -c ./DependencyInstaller.sh -base $options $constantBuildDir     && ./DependencyInstaller.sh -common $options $constantBuildDir     && rm -rf /tmp/installer /tmp/* /var/tmp/* /var/lib/apt/lists/* # buildkit
ghcr.io/the-openroad-project/openroad-mcp,sha256:627703e3d94148a674cc7360c4b9b09a6619c400dbe58ea947c48d17de2838e7,14,yes,2026-02-23T15:32:17.649317109Z,ARG fromImage=ubuntu:22.04
ghcr.io/the-openroad-project/openroad-mcp,sha256:627703e3d94148a674cc7360c4b9b09a6619c400dbe58ea947c48d17de2838e7,15,,2026-02-23T15:32:18.611454925Z,"RUN |3 options=-ci -yosys-ver=v0.62 constantBuildDir=-constant-build-dir fromImage=ubuntu:22.04 /bin/sh -c echo ""$fromImage"" | grep -q ""ubuntu"" &&     strip --remove-section=.note.ABI-tag /usr/lib/x86_64-linux-gnu/libQt5Core.so ||     echo ""Skipping strip command as fromImage does not contain 'ubuntu'"" # buildkit"
ghcr.io/the-openroad-project/openroad-mcp,sha256:627703e3d94148a674cc7360c4b9b09a6619c400dbe58ea947c48d17de2838e7,16,,2026-03-07T21:43:52.408179243Z,WORKDIR /OpenROAD-flow-scripts
ghcr.io/the-openroad-project/openroad-mcp,sha256:627703e3d94148a674cc7360c4b9b09a6619c400dbe58ea947c48d17de2838e7,17,,2026-03-07T21:43:22.188954839Z,COPY dev_env.sh dev_env.sh # buildkit
ghcr.io/the-openroad-project/openroad-mcp,sha256:627703e3d94148a674cc7360c4b9b09a6619c400dbe58ea947c48d17de2838e7,18,,2026-03-07T21:43:22.140041906Z,COPY build_openroad.sh build_openroad.sh # buildkit
ghcr.io/the-openroad-project/openroad-mcp,sha256:627703e3d94148a674cc7360c4b9b09a6619c400dbe58ea947c48d17de2838e7,19,,2026-03-07T21:43:22.183854636Z,COPY docker docker # buildkit
ghcr.io/the-openroad-project/openroad-mcp,sha256:627703e3d94148a674cc7360c4b9b09a6619c400dbe58ea947c48d17de2838e7,20,,2026-03-07T21:43:22.177512241Z,COPY flow/tutorials flow/tutorials # buildkit
ghcr.io/the-openroad-project/openroad-mcp,sha256:627703e3d94148a674cc7360c4b9b09a6619c400dbe58ea947c48d17de2838e7,21,,2026-03-07T21:43:22.136620558Z,COPY docs docs # buildkit
ghcr.io/the-openroad-project/openroad-mcp,sha256:627703e3d94148a674cc7360c4b9b09a6619c400dbe58ea947c48d17de2838e7,22,,2026-03-07T21:43:22.179325128Z,COPY flow/test flow/test # buildkit
ghcr.io/the-openroad-project/openroad-mcp,sha256:627703e3d94148a674cc7360c4b9b09a6619c400dbe58ea947c48d17de2838e7,23,,2026-03-07T21:43:22.3723606Z,COPY flow/platforms flow/platforms # buildkit
ghcr.io/the-openroad-project/openroad-mcp,sha256:627703e3d94148a674cc7360c4b9b09a6619c400dbe58ea947c48d17de2838e7,24,,2026-03-07T21:43:22.176031652Z,COPY flow/util flow/util # buildkit
ghcr.io/the-openroad-project/openroad-mcp,sha256:627703e3d94148a674cc7360c4b9b09a6619c400dbe58ea947c48d17de2838e7,25,,2026-03-07T21:43:22.044998499Z,COPY flow/scripts flow/scripts # buildkit
ghcr.io/the-openroad-project/openroad-mcp,sha256:627703e3d94148a674cc7360c4b9b09a6619c400dbe58ea947c48d17de2838e7,26,,2026-03-07T21:43:22.268991746Z,COPY flow/designs flow/designs # buildkit
ghcr.io/the-openroad-project/openroad-mcp,sha256:627703e3d94148a674cc7360c4b9b09a6619c400dbe58ea947c48d17de2838e7,27,,2026-03-07T21:43:22.138520496Z,COPY tools/AutoTuner tools/AutoTuner # buildkit
ghcr.io/the-openroad-project/openroad-mcp,sha256:627703e3d94148a674cc7360c4b9b09a6619c400dbe58ea947c48d17de2838e7,28,,2026-03-07T21:54:01.508615489Z,COPY /OpenROAD-flow-scripts/tools/install tools/install # buildkit
ghcr.io/the-openroad-project/openroad-mcp,sha256:627703e3d94148a674cc7360c4b9b09a6619c400dbe58ea947c48d17de2838e7,29,,2026-03-07T21:43:22.219478394Z,COPY . ./ # buildkit
ghcr.io/the-openroad-project/openroad-mcp,sha256:627703e3d94148a674cc7360c4b9b09a6619c400dbe58ea947c48d17de2838e7,30,,2026-07-28T01:07:05.464317437Z,RUN /bin/sh -c useradd --create-home --shell /bin/bash --uid 1000 --no-log-init appuser # buildkit
ghcr.io/the-openroad-project/openroad-mcp,sha256:627703e3d94148a674cc7360c4b9b09a6619c400dbe58ea947c48d17de2838e7,31,,2026-07-28T01:07:05.480854687Z,WORKDIR /app
ghcr.io/the-openroad-project/openroad-mcp,sha256:627703e3d94148a674cc7360c4b9b09a6619c400dbe58ea947c48d17de2838e7,32,,2026-07-28T01:07:10.618837076Z,COPY --chown=appuser:appuser /app/.venv /app/.venv # buildkit
ghcr.io/the-openroad-project/openroad-mcp,sha256:627703e3d94148a674cc7360c4b9b09a6619c400dbe58ea947c48d17de2838e7,33,,2026-07-28T01:07:11.266511697Z,COPY --chown=appuser:appuser /opt/python /opt/python # buildkit
ghcr.io/the-openroad-project/openroad-mcp,sha256:627703e3d94148a674cc7360c4b9b09a6619c400dbe58ea947c48d17de2838e7,34,yes,2026-07-28T01:07:13.802716548Z,LABEL io.modelcontextprotocol.server.name=io.github.luarss/openroad-mcp
ghcr.io/the-openroad-project/openroad-mcp,sha256:627703e3d94148a674cc7360c4b9b09a6619c400dbe58ea947c48d17de2838e7,35,yes,2026-07-28T01:07:13.802716548Z,USER appuser
ghcr.io/the-openroad-project/openroad-mcp,sha256:627703e3d94148a674cc7360c4b9b09a6619c400dbe58ea947c48d17de2838e7,36,yes,2026-07-28T01:07:13.802716548Z,ENV PATH=/app/.venv/bin:/OpenROAD-flow-scripts/tools/install/OpenROAD/bin:/OpenROAD-flow-scripts/tools/install/yosys/bin:/usr/local/bin/wrapped-cc:/usr/local/sbin:/usr/local/bin:/usr/sbin:/usr/bin:/sbin:/bin PYTHONUNBUFFERED=1 PYTHONDONTWRITEBYTECODE=1 ORFS_FLOW_PATH=/OpenROAD-flow-scripts/flow
ghcr.io/the-openroad-project/openroad-mcp,sha256:627703e3d94148a674cc7360c4b9b09a6619c400dbe58ea947c48d17de2838e7,37,,2026-07-28T01:07:13.802716548Z,"RUN /bin/sh -c /app/.venv/bin/python -c ""import openroad_mcp; print(openroad_mcp.__file__)"" &&     openroad-mcp --help > /dev/null &&     test -d ""${ORFS_FLOW_PATH}"" || (echo ""ERROR: ORFS_FLOW_PATH=${ORFS_FLOW_PATH} not found"" && exit 1) # buildkit"
ghcr.io/the-openroad-project/openroad-mcp,sha256:627703e3d94148a674cc7360c4b9b09a6619c400dbe58ea947c48d17de2838e7,38,yes,2026-07-28T01:07:13.802716548Z,"ENTRYPOINT [""openroad-mcp""]"
ghcr.io/aurapro-official/aurapro-webui,sha256:3dc858260e2e8f5aebe4f43e7f12bf582f5f734db141bd9021a7a3b065dd004d,0,,2026-07-13T00:00:00Z,# debian.sh --arch 'amd64' out/ 'bookworm' '@1783900800'
ghcr.io/aurapro-official/aurapro-webui,sha256:3dc858260e2e8f5aebe4f43e7f12bf582f5f734db141bd9021a7a3b065dd004d,1,yes,2026-07-14T02:03:56.708115366Z,ENV PATH=/usr/local/bin:/usr/local/sbin:/usr/local/bin:/usr/sbin:/usr/bin:/sbin:/bin
ghcr.io/aurapro-official/aurapro-webui,sha256:3dc858260e2e8f5aebe4f43e7f12bf582f5f734db141bd9021a7a3b065dd004d,2,yes,2026-07-14T02:03:56.708115366Z,ENV LANG=C.UTF-8
ghcr.io/aurapro-official/aurapro-webui,sha256:3dc858260e2e8f5aebe4f43e7f12bf582f5f734db141bd9021a7a3b065dd004d,3,,2026-07-14T02:03:56.708115366Z,RUN /bin/sh -c set -eux; 	apt-get update; 	apt-get install -y --no-install-recommends 		ca-certificates 		netbase 		tzdata 	; 	rm -rf /var/lib/apt/lists/* # buildkit
ghcr.io/aurapro-official/aurapro-webui,sha256:3dc858260e2e8f5aebe4f43e7f12bf582f5f734db141bd9021a7a3b065dd004d,4,yes,2026-07-14T02:03:56.708115366Z,ENV GPG_KEY=A035C8C19219BA821ECEA86B64E628F8D684696D
ghcr.io/aurapro-official/aurapro-webui,sha256:3dc858260e2e8f5aebe4f43e7f12bf582f5f734db141bd9021a7a3b065dd004d,5,yes,2026-07-14T02:03:56.708115366Z,ENV PYTHON_VERSION=3.11.15
ghcr.io/aurapro-official/aurapro-webui,sha256:3dc858260e2e8f5aebe4f43e7f12bf582f5f734db141bd9021a7a3b065dd004d,6,yes,2026-07-14T02:03:56.708115366Z,ENV PYTHON_SHA256=272179ddd9a2e41a0fc8e42e33dfbdca0b3711aa5abf372d3f2d51543d09b625
ghcr.io/aurapro-official/aurapro-webui,sha256:3dc858260e2e8f5aebe4f43e7f12bf582f5f734db141bd9021a7a3b065dd004d,7,,2026-07-14T02:13:14.397024037Z,"RUN /bin/sh -c set -eux; 		savedAptMark=""$(apt-mark showmanual)""; 	apt-get update; 	apt-get install -y --no-install-recommends 		dpkg-dev 		gcc 		gnupg 		libbluetooth-dev 		libbz2-dev 		libc6-dev 		libdb-dev 		libffi-dev 		libgdbm-dev 		liblzma-dev 		libncursesw5-dev 		libreadline-dev 		libsqlite3-dev 		libssl-dev 		make 		tk-dev 		uuid-dev 		wget 		xz-utils 		zlib1g-dev 	; 		wget -O python.tar.xz ""https://www.python.org/ftp/python/${PYTHON_VERSION%%[a-z]*}/Python-$PYTHON_VERSION.tar.xz""; 	echo ""$PYTHON_SHA256 *python.tar.xz"" | sha256sum -c -; 	wget -O python.tar.xz.asc ""https://www.python.org"
ghcr.io/aurapro-official/aurapro-webui,sha256:3dc858260e2e8f5aebe4f43e7f12bf582f5f734db141bd9021a7a3b065dd004d,8,,2026-07-14T02:13:14.531056736Z,"RUN /bin/sh -c set -eux; 	for src in idle3 pip3 pydoc3 python3 python3-config; do 		dst=""$(echo ""$src"" | tr -d 3)""; 		[ -s ""/usr/local/bin/$src"" ]; 		[ ! -e ""/usr/local/bin/$dst"" ]; 		ln -svT ""$src"" ""/usr/local/bin/$dst""; 	done # buildkit"
ghcr.io/aurapro-official/aurapro-webui,sha256:3dc858260e2e8f5aebe4f43e7f12bf582f5f734db141bd9021a7a3b065dd004d,9,yes,2026-07-14T02:13:14.531056736Z,"CMD [""python3""]"
ghcr.io/aurapro-official/aurapro-webui,sha256:3dc858260e2e8f5aebe4f43e7f12bf582f5f734db141bd9021a7a3b065dd004d,10,yes,2026-07-27T01:27:22.242101637Z,ARG USE_CUDA=false
ghcr.io/aurapro-official/aurapro-webui,sha256:3dc858260e2e8f5aebe4f43e7f12bf582f5f734db141bd9021a7a3b065dd004d,11,yes,2026-07-27T01:27:22.242101637Z,ARG USE_OLLAMA=false
ghcr.io/aurapro-official/aurapro-webui,sha256:3dc858260e2e8f5aebe4f43e7f12bf582f5f734db141bd9021a7a3b065dd004d,12,yes,2026-07-27T01:27:22.242101637Z,ARG USE_CUDA_VER=cu128
ghcr.io/aurapro-official/aurapro-webui,sha256:3dc858260e2e8f5aebe4f43e7f12bf582f5f734db141bd9021a7a3b065dd004d,13,yes,2026-07-27T01:27:22.242101637Z,ARG USE_SLIM=true
ghcr.io/aurapro-official/aurapro-webui,sha256:3dc858260e2e8f5aebe4f43e7f12bf582f5f734db141bd9021a7a3b065dd004d,14,yes,2026-07-27T01:27:22.242101637Z,ARG USE_PERMISSION_HARDENING=false
ghcr.io/aurapro-official/aurapro-webui,sha256:3dc858260e2e8f5aebe4f43e7f12bf582f5f734db141bd9021a7a3b065dd004d,15,yes,2026-07-27T01:27:22.242101637Z,ARG USE_EMBEDDING_MODEL=sentence-transformers/all-MiniLM-L6-v2
ghcr.io/aurapro-official/aurapro-webui,sha256:3dc858260e2e8f5aebe4f43e7f12bf582f5f734db141bd9021a7a3b065dd004d,16,yes,2026-07-27T01:27:22.242101637Z,ARG USE_RERANKING_MODEL=
ghcr.io/aurapro-official/aurapro-webui,sha256:3dc858260e2e8f5aebe4f43e7f12bf582f5f734db141bd9021a7a3b065dd004d,17,yes,2026-07-27T01:27:22.242101637Z,ARG USE_AUXILIARY_EMBEDDING_MODEL=TaylorAI/bge-micro-v2
ghcr.io/aurapro-official/aurapro-webui,sha256:3dc858260e2e8f5aebe4f43e7f12bf582f5f734db141bd9021a7a3b065dd004d,18,yes,2026-07-27T01:27:22.242101637Z,ARG UID=0
ghcr.io/aurapro-official/aurapro-webui,sha256:3dc858260e2e8f5aebe4f43e7f12bf582f5f734db141bd9021a7a3b065dd004d,19,yes,2026-07-27T01:27:22.242101637Z,ARG GID=0
ghcr.io/aurapro-official/aurapro-webui,sha256:3dc858260e2e8f5aebe4f43e7f12bf582f5f734db141bd9021a7a3b065dd004d,20,yes,2026-07-27T01:27:22.242101637Z,ENV PYTHONUNBUFFERED=1
ghcr.io/aurapro-official/aurapro-webui,sha256:3dc858260e2e8f5aebe4f43e7f12bf582f5f734db141bd9021a7a3b065dd004d,21,yes,2026-07-27T01:27:22.242101637Z,ENV ENV=prod PORT=8080 USE_OLLAMA_DOCKER=false USE_CUDA_DOCKER=false USE_SLIM_DOCKER=true USE_CUDA_DOCKER_VER=cu128 USE_EMBEDDING_MODEL_DOCKER=sentence-transformers/all-MiniLM-L6-v2 USE_RERANKING_MODEL_DOCKER= USE_AUXILIARY_EMBEDDING_MODEL_DOCKER=TaylorAI/bge-micro-v2
ghcr.io/aurapro-official/aurapro-webui,sha256:3dc858260e2e8f5aebe4f43e7f12bf582f5f734db141bd9021a7a3b065dd004d,22,yes,2026-07-27T01:27:22.242101637Z,ENV OLLAMA_BASE_URL=/ollama OPENAI_API_BASE_URL=
ghcr.io/aurapro-official/aurapro-webui,sha256:3dc858260e2e8f5aebe4f43e7f12bf582f5f734db141bd9021a7a3b065dd004d,23,yes,2026-07-27T01:27:22.242101637Z,ENV OPENAI_API_KEY= WEBUI_SECRET_KEY= SCARF_NO_ANALYTICS=true DO_NOT_TRACK=true ANONYMIZED_TELEMETRY=false
ghcr.io/aurapro-official/aurapro-webui,sha256:3dc858260e2e8f5aebe4f43e7f12bf582f5f734db141bd9021a7a3b065dd004d,24,yes,2026-07-27T01:27:22.242101637Z,ENV WHISPER_MODEL=base WHISPER_MODEL_DIR=/app/backend/data/cache/whisper/models
ghcr.io/aurapro-official/aurapro-webui,sha256:3dc858260e2e8f5aebe4f43e7f12bf582f5f734db141bd9021a7a3b065dd004d,25,yes,2026-07-27T01:27:22.242101637Z,ENV RAG_EMBEDDING_MODEL=sentence-transformers/all-MiniLM-L6-v2 RAG_RERANKING_MODEL= AUXILIARY_EMBEDDING_MODEL=TaylorAI/bge-micro-v2 SENTENCE_TRANSFORMERS_HOME=/app/backend/data/cache/embedding/models
ghcr.io/aurapro-official/aurapro-webui,sha256:3dc858260e2e8f5aebe4f43e7f12bf582f5f734db141bd9021a7a3b065dd004d,26,yes,2026-07-27T01:27:22.242101637Z,ENV TIKTOKEN_ENCODING_NAME=cl100k_base TIKTOKEN_CACHE_DIR=/app/backend/data/cache/tiktoken
ghcr.io/aurapro-official/aurapro-webui,sha256:3dc858260e2e8f5aebe4f43e7f12bf582f5f734db141bd9021a7a3b065dd004d,27,yes,2026-07-27T01:27:22.242101637Z,ENV HF_HOME=/app/backend/data/cache/embedding/models
ghcr.io/aurapro-official/aurapro-webui,sha256:3dc858260e2e8f5aebe4f43e7f12bf582f5f734db141bd9021a7a3b065dd004d,28,,2026-07-27T01:27:22.242101637Z,WORKDIR /app/backend
ghcr.io/aurapro-official/aurapro-webui,sha256:3dc858260e2e8f5aebe4f43e7f12bf582f5f734db141bd9021a7a3b065dd004d,29,yes,2026-07-27T01:27:22.242101637Z,ENV HOME=/root
ghcr.io/aurapro-official/aurapro-webui,sha256:3dc858260e2e8f5aebe4f43e7f12bf582f5f734db141bd9021a7a3b065dd004d,30,,2026-07-27T01:27:22.313067373Z,RUN |10 USE_CUDA=false USE_OLLAMA=false USE_CUDA_VER=cu128 USE_SLIM=true USE_PERMISSION_HARDENING=false USE_EMBEDDING_MODEL=sentence-transformers/all-MiniLM-L6-v2 USE_RERANKING_MODEL= USE_AUXILIARY_EMBEDDING_MODEL=TaylorAI/bge-micro-v2 UID=0 GID=0 /bin/sh -c if [ $UID -ne 0 ]; then     if [ $GID -ne 0 ]; then     addgroup --gid $GID app;     fi;     adduser --uid $UID --gid $GID --home $HOME --disabled-password --no-create-home app;     fi # buildkit
ghcr.io/aurapro-official/aurapro-webui,sha256:3dc858260e2e8f5aebe4f43e7f12bf582f5f734db141bd9021a7a3b065dd004d,31,,2026-07-27T01:27:22.358828815Z,RUN |10 USE_CUDA=false USE_OLLAMA=false USE_CUDA_VER=cu128 USE_SLIM=true USE_PERMISSION_HARDENING=false USE_EMBEDDING_MODEL=sentence-transformers/all-MiniLM-L6-v2 USE_RERANKING_MODEL= USE_AUXILIARY_EMBEDDING_MODEL=TaylorAI/bge-micro-v2 UID=0 GID=0 /bin/sh -c mkdir -p $HOME/.cache/chroma # buildkit
ghcr.io/aurapro-official/aurapro-webui,sha256:3dc858260e2e8f5aebe4f43e7f12bf582f5f734db141bd9021a7a3b065dd004d,32,,2026-07-27T01:27:22.404628626Z,RUN |10 USE_CUDA=false USE_OLLAMA=false USE_CUDA_VER=cu128 USE_SLIM=true USE_PERMISSION_HARDENING=false USE_EMBEDDING_MODEL=sentence-transformers/all-MiniLM-L6-v2 USE_RERANKING_MODEL= USE_AUXILIARY_EMBEDDING_MODEL=TaylorAI/bge-micro-v2 UID=0 GID=0 /bin/sh -c echo -n 00000000-0000-0000-0000-000000000000 > $HOME/.cache/chroma/telemetry_user_id # buildkit
ghcr.io/aurapro-official/aurapro-webui,sha256:3dc858260e2e8f5aebe4f43e7f12bf582f5f734db141bd9021a7a3b065dd004d,33,,2026-07-27T01:27:22.454218642Z,RUN |10 USE_CUDA=false USE_OLLAMA=false USE_CUDA_VER=cu128 USE_SLIM=true USE_PERMISSION_HARDENING=false USE_EMBEDDING_MODEL=sentence-transformers/all-MiniLM-L6-v2 USE_RERANKING_MODEL= USE_AUXILIARY_EMBEDDING_MODEL=TaylorAI/bge-micro-v2 UID=0 GID=0 /bin/sh -c chown -R $UID:$GID /app $HOME # buildkit
ghcr.io/aurapro-official/aurapro-webui,sha256:3dc858260e2e8f5aebe4f43e7f12bf582f5f734db141bd9021a7a3b065dd004d,34,,2026-07-27T01:28:11.599828786Z,RUN |10 USE_CUDA=false USE_OLLAMA=false USE_CUDA_VER=cu128 USE_SLIM=true USE_PERMISSION_HARDENING=false USE_EMBEDDING_MODEL=sentence-transformers/all-MiniLM-L6-v2 USE_RERANKING_MODEL= USE_AUXILIARY_EMBEDDING_MODEL=TaylorAI/bge-micro-v2 UID=0 GID=0 /bin/sh -c apt-get update &&     apt-get install -y --no-install-recommends     git build-essential pandoc gcc netcat-openbsd curl jq ca-certificates     libmariadb-dev     python3-dev     ffmpeg libsm6 libxext6 zstd     && rm -rf /var/lib/apt/lists/* # buildkit
ghcr.io/aurapro-official/aurapro-webui,sha256:3dc858260e2e8f5aebe4f43e7f12bf582f5f734db141bd9021a7a3b065dd004d,35,,2026-07-27T01:28:11.708377919Z,COPY --chown=0:0 ./backend/requirements.txt ./requirements.txt # buildkit
ghcr.io/aurapro-official/aurapro-webui,sha256:3dc858260e2e8f5aebe4f43e7f12bf582f5f734db141bd9021a7a3b065dd004d,36,yes,2026-07-27T01:28:11.708377919Z,ENV UV_LINK_MODE=copy
ghcr.io/aurapro-official/aurapro-webui,sha256:3dc858260e2e8f5aebe4f43e7f12bf582f5f734db141bd9021a7a3b065dd004d,37,,2026-07-27T01:29:04.612680274Z,"RUN |10 USE_CUDA=false USE_OLLAMA=false USE_CUDA_VER=cu128 USE_SLIM=true USE_PERMISSION_HARDENING=false USE_EMBEDDING_MODEL=sentence-transformers/all-MiniLM-L6-v2 USE_RERANKING_MODEL= USE_AUXILIARY_EMBEDDING_MODEL=TaylorAI/bge-micro-v2 UID=0 GID=0 /bin/sh -c set -e;     pip3 install --no-cache-dir uv;     if [ ""$USE_CUDA"" = ""true"" ]; then     pip3 install 'torch<=2.9.1' torchvision torchaudio --index-url https://download.pytorch.org/whl/$USE_CUDA_DOCKER_VER --no-cache-dir;     uv pip install --system -r requirements.txt --no-cache-dir;     python -c ""import os; from sentence_transformers impor"
ghcr.io/aurapro-official/aurapro-webui,sha256:3dc858260e2e8f5aebe4f43e7f12bf582f5f734db141bd9021a7a3b065dd004d,38,,2026-07-27T01:29:05.123834822Z,"RUN |10 USE_CUDA=false USE_OLLAMA=false USE_CUDA_VER=cu128 USE_SLIM=true USE_PERMISSION_HARDENING=false USE_EMBEDDING_MODEL=sentence-transformers/all-MiniLM-L6-v2 USE_RERANKING_MODEL= USE_AUXILIARY_EMBEDDING_MODEL=TaylorAI/bge-micro-v2 UID=0 GID=0 /bin/sh -c if [ ""$USE_OLLAMA"" = ""true"" ]; then     date +%s > /tmp/ollama_build_hash &&     echo ""Cache broken at timestamp: `cat /tmp/ollama_build_hash`"" &&     curl -fsSL https://ollama.com/install.sh | sh &&     rm -rf /var/lib/apt/lists/*;     fi # buildkit"
ghcr.io/aurapro-official/aurapro-webui,sha256:3dc858260e2e8f5aebe4f43e7f12bf582f5f734db141bd9021a7a3b065dd004d,39,,2026-07-27T01:29:38.73967843Z,COPY --chown=0:0 /app/build /app/build # buildkit
ghcr.io/aurapro-official/aurapro-webui,sha256:3dc858260e2e8f5aebe4f43e7f12bf582f5f734db141bd9021a7a3b065dd004d,40,,2026-07-27T01:29:38.768243816Z,COPY --chown=0:0 /app/CHANGELOG.md /app/CHANGELOG.md # buildkit
ghcr.io/aurapro-official/aurapro-webui,sha256:3dc858260e2e8f5aebe4f43e7f12bf582f5f734db141bd9021a7a3b065dd004d,41,,2026-07-27T01:29:38.7764048Z,COPY --chown=0:0 /app/package.json /app/package.json # buildkit
ghcr.io/aurapro-official/aurapro-webui,sha256:3dc858260e2e8f5aebe4f43e7f12bf582f5f734db141bd9021a7a3b065dd004d,42,,2026-07-27T01:29:39.155150796Z,COPY --chown=0:0 ./backend . # buildkit
ghcr.io/aurapro-official/aurapro-webui,sha256:3dc858260e2e8f5aebe4f43e7f12bf582f5f734db141bd9021a7a3b065dd004d,43,yes,2026-07-27T01:29:39.155150796Z,EXPOSE [8080/tcp]
ghcr.io/aurapro-official/aurapro-webui,sha256:3dc858260e2e8f5aebe4f43e7f12bf582f5f734db141bd9021a7a3b065dd004d,44,yes,2026-07-27T01:29:39.155150796Z,HEALTHCHECK {Test:[CMD-SHELL curl --silent --fail http://localhost:${PORT:-8080}/health | jq -ne 'input.status == true' || exit 1] Interval:0s Timeout:0s StartPeriod:0s StartInterval:0s Retries:0}
ghcr.io/aurapro-official/aurapro-webui,sha256:3dc858260e2e8f5aebe4f43e7f12bf582f5f734db141bd9021a7a3b065dd004d,45,,2026-07-27T01:29:39.202110041Z,"RUN |10 USE_CUDA=false USE_OLLAMA=false USE_CUDA_VER=cu128 USE_SLIM=true USE_PERMISSION_HARDENING=false USE_EMBEDDING_MODEL=sentence-transformers/all-MiniLM-L6-v2 USE_RERANKING_MODEL= USE_AUXILIARY_EMBEDDING_MODEL=TaylorAI/bge-micro-v2 UID=0 GID=0 /bin/sh -c if [ ""$USE_PERMISSION_HARDENING"" = ""true"" ]; then     set -eux;     chgrp -R 0 /app /root || true;     chmod -R g+rwX /app /root || true;     find /app -type d -exec chmod g+s {} + || true;     find /root -type d -exec chmod g+s {} + || true;     fi # buildkit"
ghcr.io/aurapro-official/aurapro-webui,sha256:3dc858260e2e8f5aebe4f43e7f12bf582f5f734db141bd9021a7a3b065dd004d,46,yes,2026-07-27T01:29:39.202110041Z,USER 0:0
ghcr.io/aurapro-official/aurapro-webui,sha256:3dc858260e2e8f5aebe4f43e7f12bf582f5f734db141bd9021a7a3b065dd004d,47,yes,2026-07-27T01:29:39.202110041Z,ARG BUILD_HASH=c98fc727b7f2f5a88e775a148354a00526b1dcd3
ghcr.io/aurapro-official/aurapro-webui,sha256:3dc858260e2e8f5aebe4f43e7f12bf582f5f734db141bd9021a7a3b065dd004d,48,yes,2026-07-27T01:29:39.202110041Z,ENV WEBUI_BUILD_VERSION=c98fc727b7f2f5a88e775a148354a00526b1dcd3
ghcr.io/aurapro-official/aurapro-webui,sha256:3dc858260e2e8f5aebe4f43e7f12bf582f5f734db141bd9021a7a3b065dd004d,49,yes,2026-07-27T01:29:39.202110041Z,ENV DOCKER=true
ghcr.io/aurapro-official/aurapro-webui,sha256:3dc858260e2e8f5aebe4f43e7f12bf582f5f734db141bd9021a7a3b065dd004d,50,yes,2026-07-27T01:29:39.202110041Z,"CMD [""bash"" ""start.sh""]"
docker.io/langflowai/langflow,sha256:3ec67ddf344b3f2393b4961aa4f87e8928798f33772fdfdc6d348bfd54f58bf0,0,,2026-05-18T00:00:00Z,# debian.sh --arch 'amd64' out/ 'trixie' '@1779062400'
docker.io/langflowai/langflow,sha256:3ec67ddf344b3f2393b4961aa4f87e8928798f33772fdfdc6d348bfd54f58bf0,1,yes,2026-05-19T23:39:58.17915116Z,ENV PATH=/usr/local/bin:/usr/local/sbin:/usr/local/bin:/usr/sbin:/usr/bin:/sbin:/bin
docker.io/langflowai/langflow,sha256:3ec67ddf344b3f2393b4961aa4f87e8928798f33772fdfdc6d348bfd54f58bf0,2,,2026-05-19T23:39:58.17915116Z,RUN /bin/sh -c set -eux; 	apt-get update; 	apt-get install -y --no-install-recommends 		ca-certificates 		netbase 		tzdata 	; 	apt-get dist-clean # buildkit
docker.io/langflowai/langflow,sha256:3ec67ddf344b3f2393b4961aa4f87e8928798f33772fdfdc6d348bfd54f58bf0,3,yes,2026-05-19T23:39:58.17915116Z,ENV PYTHON_VERSION=3.14.5
docker.io/langflowai/langflow,sha256:3ec67ddf344b3f2393b4961aa4f87e8928798f33772fdfdc6d348bfd54f58bf0,4,yes,2026-05-19T23:39:58.17915116Z,ENV PYTHON_SHA256=7e32597b99e5d9a39abed35de4693fa169df3e5850d4c334337ffd6a19a36db6
docker.io/langflowai/langflow,sha256:3ec67ddf344b3f2393b4961aa4f87e8928798f33772fdfdc6d348bfd54f58bf0,5,,2026-05-19T23:47:22.175943306Z,"RUN /bin/sh -c set -eux; 		savedAptMark=""$(apt-mark showmanual)""; 	apt-get update; 	apt-get install -y --no-install-recommends 		dpkg-dev 		gcc 		gnupg 		libbluetooth-dev 		libbz2-dev 		libc6-dev 		libdb-dev 		libffi-dev 		libgdbm-dev 		liblzma-dev 		libncursesw5-dev 		libreadline-dev 		libsqlite3-dev 		libssl-dev 		libzstd-dev 		make 		tk-dev 		uuid-dev 		wget 		xz-utils 		zlib1g-dev 	; 		wget -O python.tar.xz ""https://www.python.org/ftp/python/${PYTHON_VERSION%%[a-z]*}/Python-$PYTHON_VERSION.tar.xz""; 	echo ""$PYTHON_SHA256 *python.tar.xz"" | sha256sum -c -; 	mkdir -p /usr/src/python; 	tar --ex"
docker.io/langflowai/langflow,sha256:3ec67ddf344b3f2393b4961aa4f87e8928798f33772fdfdc6d348bfd54f58bf0,6,,2026-05-19T23:47:22.287882867Z,"RUN /bin/sh -c set -eux; 	for src in idle3 pip3 pydoc3 python3 python3-config; do 		dst=""$(echo ""$src"" | tr -d 3)""; 		[ -s ""/usr/local/bin/$src"" ]; 		[ ! -e ""/usr/local/bin/$dst"" ]; 		ln -svT ""$src"" ""/usr/local/bin/$dst""; 	done # buildkit"
docker.io/langflowai/langflow,sha256:3ec67ddf344b3f2393b4961aa4f87e8928798f33772fdfdc6d348bfd54f58bf0,7,yes,2026-05-19T23:47:22.287882867Z,"CMD [""python3""]"
docker.io/langflowai/langflow,sha256:3ec67ddf344b3f2393b4961aa4f87e8928798f33772fdfdc6d348bfd54f58bf0,8,,2026-06-09T15:40:24.524934333Z,RUN /bin/sh -c apt-get update     && apt-get upgrade -y     && apt-get install --no-install-recommends -y curl git libpq5 gnupg xz-utils     && apt-get clean     && rm -rf /var/lib/apt/lists/* # buildkit
docker.io/langflowai/langflow,sha256:3ec67ddf344b3f2393b4961aa4f87e8928798f33772fdfdc6d348bfd54f58bf0,9,,2026-06-09T15:43:33.636535103Z,COPY /usr/local/bin/uv /usr/local/bin/uv # buildkit
docker.io/langflowai/langflow,sha256:3ec67ddf344b3f2393b4961aa4f87e8928798f33772fdfdc6d348bfd54f58bf0,10,,2026-06-09T15:43:33.648607736Z,COPY /usr/local/bin/uvx /usr/local/bin/uvx # buildkit
docker.io/langflowai/langflow,sha256:3ec67ddf344b3f2393b4961aa4f87e8928798f33772fdfdc6d348bfd54f58bf0,11,,2026-06-09T18:58:04.254273231Z,"RUN /bin/sh -c ARCH=$(dpkg --print-architecture)     && if [ ""$ARCH"" = ""amd64"" ]; then NODE_ARCH=""x64"";        elif [ ""$ARCH"" = ""arm64"" ]; then NODE_ARCH=""arm64"";        else NODE_ARCH=""$ARCH""; fi     && NODE_VERSION=$(curl -fsSL https://nodejs.org/dist/latest-v22.x/                     | sed -nE ""s/.*node-v([0-9]+\.[0-9]+\.[0-9]+)-linux-${NODE_ARCH}\.tar\.xz.*/\1/p""                     | head -1)     && if [ -z ""$NODE_VERSION"" ]; then echo ""ERROR: Could not determine Node.js version"" && exit 1; fi     && curl -fsSL ""https://nodejs.org/dist/v${NODE_VERSION}/node-v${NODE_VERSION}-linux-${NODE_A"
docker.io/langflowai/langflow,sha256:3ec67ddf344b3f2393b4961aa4f87e8928798f33772fdfdc6d348bfd54f58bf0,12,,2026-06-09T18:58:04.38069126Z,RUN /bin/sh -c useradd user -u 1000 -g 0 --no-create-home --home-dir /app/data # buildkit
docker.io/langflowai/langflow,sha256:3ec67ddf344b3f2393b4961aa4f87e8928798f33772fdfdc6d348bfd54f58bf0,13,,2026-06-09T18:58:26.187654286Z,COPY --chown=1000 /app/.venv /app/.venv # buildkit
docker.io/langflowai/langflow,sha256:3ec67ddf344b3f2393b4961aa4f87e8928798f33772fdfdc6d348bfd54f58bf0,14,yes,2026-06-09T18:58:27.358959718Z,ENV PATH=/app/.venv/bin:/usr/local/bin:/usr/local/sbin:/usr/local/bin:/usr/sbin:/usr/bin:/sbin:/bin
docker.io/langflowai/langflow,sha256:3ec67ddf344b3f2393b4961aa4f87e8928798f33772fdfdc6d348bfd54f58bf0,15,,2026-06-09T18:58:27.358959718Z,RUN /bin/sh -c mkdir -p /app/langflow && chown -R 1000:0 /app/langflow && chmod -R g+rwX /app/langflow # buildkit
docker.io/langflowai/langflow,sha256:3ec67ddf344b3f2393b4961aa4f87e8928798f33772fdfdc6d348bfd54f58bf0,16,yes,2026-06-09T18:58:27.358959718Z,LABEL org.opencontainers.image.title=langflow
docker.io/langflowai/langflow,sha256:3ec67ddf344b3f2393b4961aa4f87e8928798f33772fdfdc6d348bfd54f58bf0,17,yes,2026-06-09T18:58:27.358959718Z,LABEL org.opencontainers.image.authors=[Langflow]
docker.io/langflowai/langflow,sha256:3ec67ddf344b3f2393b4961aa4f87e8928798f33772fdfdc6d348bfd54f58bf0,18,yes,2026-06-09T18:58:27.358959718Z,LABEL org.opencontainers.image.licenses=MIT
docker.io/langflowai/langflow,sha256:3ec67ddf344b3f2393b4961aa4f87e8928798f33772fdfdc6d348bfd54f58bf0,19,yes,2026-06-09T18:58:27.358959718Z,LABEL org.opencontainers.image.url=https://github.com/langflow-ai/langflow
docker.io/langflowai/langflow,sha256:3ec67ddf344b3f2393b4961aa4f87e8928798f33772fdfdc6d348bfd54f58bf0,20,yes,2026-06-09T18:58:27.358959718Z,LABEL org.opencontainers.image.source=https://github.com/langflow-ai/langflow
docker.io/langflowai/langflow,sha256:3ec67ddf344b3f2393b4961aa4f87e8928798f33772fdfdc6d348bfd54f58bf0,21,yes,2026-06-09T18:58:27.358959718Z,USER user
docker.io/langflowai/langflow,sha256:3ec67ddf344b3f2393b4961aa4f87e8928798f33772fdfdc6d348bfd54f58bf0,22,,2026-06-09T18:58:27.368089488Z,WORKDIR /app
docker.io/langflowai/langflow,sha256:3ec67ddf344b3f2393b4961aa4f87e8928798f33772fdfdc6d348bfd54f58bf0,23,yes,2026-06-09T18:58:27.368089488Z,ENV LANGFLOW_HOST=0.0.0.0
docker.io/langflowai/langflow,sha256:3ec67ddf344b3f2393b4961aa4f87e8928798f33772fdfdc6d348bfd54f58bf0,24,yes,2026-06-09T18:58:27.368089488Z,ENV LANGFLOW_PORT=7860
docker.io/langflowai/langflow,sha256:3ec67ddf344b3f2393b4961aa4f87e8928798f33772fdfdc6d348bfd54f58bf0,25,yes,2026-06-09T18:58:27.368089488Z,"CMD [""langflow"" ""run""]"
docker.io/browseruse/browseruse,sha256:357f347a5134ce5f0e4be5db0944d28a16bad311e33c0a95a087841da7a8d8eb,0,,2026-06-10T00:00:00Z,# debian.sh --arch 'amd64' out/ 'trixie' '@1781049600'
docker.io/browseruse/browseruse,sha256:357f347a5134ce5f0e4be5db0944d28a16bad311e33c0a95a087841da7a8d8eb,1,yes,2026-06-11T01:02:10.61867927Z,ENV PATH=/usr/local/bin:/usr/local/sbin:/usr/local/bin:/usr/sbin:/usr/bin:/sbin:/bin
docker.io/browseruse/browseruse,sha256:357f347a5134ce5f0e4be5db0944d28a16bad311e33c0a95a087841da7a8d8eb,2,yes,2026-06-11T01:02:10.61867927Z,ENV LANG=C.UTF-8
docker.io/browseruse/browseruse,sha256:357f347a5134ce5f0e4be5db0944d28a16bad311e33c0a95a087841da7a8d8eb,3,,2026-06-11T01:02:10.61867927Z,RUN /bin/sh -c set -eux; 	apt-get update; 	apt-get install -y --no-install-recommends 		ca-certificates 		netbase 		tzdata 	; 	apt-get dist-clean # buildkit
docker.io/browseruse/browseruse,sha256:357f347a5134ce5f0e4be5db0944d28a16bad311e33c0a95a087841da7a8d8eb,4,yes,2026-06-11T01:02:10.61867927Z,ENV GPG_KEY=7169605F62C751356D054A26A821E680E5FA6305
docker.io/browseruse/browseruse,sha256:357f347a5134ce5f0e4be5db0944d28a16bad311e33c0a95a087841da7a8d8eb,5,yes,2026-06-11T01:02:10.61867927Z,ENV PYTHON_VERSION=3.12.13
docker.io/browseruse/browseruse,sha256:357f347a5134ce5f0e4be5db0944d28a16bad311e33c0a95a087841da7a8d8eb,6,yes,2026-06-11T01:02:10.61867927Z,ENV PYTHON_SHA256=c08bc65a81971c1dd5783182826503369466c7e67374d1646519adf05207b684
docker.io/browseruse/browseruse,sha256:357f347a5134ce5f0e4be5db0944d28a16bad311e33c0a95a087841da7a8d8eb,7,,2026-06-11T01:11:27.01764997Z,"RUN /bin/sh -c set -eux; 		savedAptMark=""$(apt-mark showmanual)""; 	apt-get update; 	apt-get install -y --no-install-recommends 		dpkg-dev 		gcc 		gnupg 		libbluetooth-dev 		libbz2-dev 		libc6-dev 		libdb-dev 		libffi-dev 		libgdbm-dev 		liblzma-dev 		libncursesw5-dev 		libreadline-dev 		libsqlite3-dev 		libssl-dev 		make 		tk-dev 		uuid-dev 		wget 		xz-utils 		zlib1g-dev 	; 		wget -O python.tar.xz ""https://www.python.org/ftp/python/${PYTHON_VERSION%%[a-z]*}/Python-$PYTHON_VERSION.tar.xz""; 	echo ""$PYTHON_SHA256 *python.tar.xz"" | sha256sum -c -; 	wget -O python.tar.xz.asc ""https://www.python.org"
docker.io/browseruse/browseruse,sha256:357f347a5134ce5f0e4be5db0944d28a16bad311e33c0a95a087841da7a8d8eb,8,,2026-06-11T01:11:27.127963937Z,"RUN /bin/sh -c set -eux; 	for src in idle3 pip3 pydoc3 python3 python3-config; do 		dst=""$(echo ""$src"" | tr -d 3)""; 		[ -s ""/usr/local/bin/$src"" ]; 		[ ! -e ""/usr/local/bin/$dst"" ]; 		ln -svT ""$src"" ""/usr/local/bin/$dst""; 	done # buildkit"
docker.io/browseruse/browseruse,sha256:357f347a5134ce5f0e4be5db0944d28a16bad311e33c0a95a087841da7a8d8eb,9,yes,2026-06-11T01:11:27.127963937Z,"CMD [""python3""]"
docker.io/browseruse/browseruse,sha256:357f347a5134ce5f0e4be5db0944d28a16bad311e33c0a95a087841da7a8d8eb,10,yes,2026-06-11T11:12:53.619830633Z,LABEL name=browseruse maintainer=Nick Sweeting <<e-mail address removed>> description=Make websites accessible for AI agents. Automate tasks online with ease. homepage=https://github.com/browser-use/browser-use documentation=https://docs.browser-use.com org.opencontainers.image.title=browseruse org.opencontainers.image.vendor=browseruse org.opencontainers.image.description=Make websites accessible for AI agents. Automate tasks online with ease. org.opencontainers.image.source=https://github.com/browser-use/browser-use com.docker.image.source.entrypoint=Dockerfile com.docker.desktop.extension
docker.io/browseruse/browseruse,sha256:357f347a5134ce5f0e4be5db0944d28a16bad311e33c0a95a087841da7a8d8eb,11,yes,2026-06-11T11:12:53.619830633Z,ARG TARGETPLATFORM=linux/amd64
docker.io/browseruse/browseruse,sha256:357f347a5134ce5f0e4be5db0944d28a16bad311e33c0a95a087841da7a8d8eb,12,yes,2026-06-11T11:12:53.619830633Z,ARG TARGETOS=linux
docker.io/browseruse/browseruse,sha256:357f347a5134ce5f0e4be5db0944d28a16bad311e33c0a95a087841da7a8d8eb,13,yes,2026-06-11T11:12:53.619830633Z,ARG TARGETARCH=amd64
docker.io/browseruse/browseruse,sha256:357f347a5134ce5f0e4be5db0944d28a16bad311e33c0a95a087841da7a8d8eb,14,yes,2026-06-11T11:12:53.619830633Z,ARG TARGETVARIANT=
docker.io/browseruse/browseruse,sha256:357f347a5134ce5f0e4be5db0944d28a16bad311e33c0a95a087841da7a8d8eb,15,yes,2026-06-11T11:12:53.619830633Z,ENV TZ=UTC LANGUAGE=en_US:en LC_ALL=C.UTF-8 LANG=C.UTF-8 DEBIAN_FRONTEND=noninteractive APT_KEY_DONT_WARN_ON_DANGEROUS_USAGE=1 PYTHONIOENCODING=UTF-8 PYTHONUNBUFFERED=1 PIP_DISABLE_PIP_VERSION_CHECK=1 UV_CACHE_DIR=/root/.cache/uv UV_LINK_MODE=copy UV_COMPILE_BYTECODE=1 UV_PYTHON_PREFERENCE=only-system npm_config_loglevel=error IN_DOCKER=True
docker.io/browseruse/browseruse,sha256:357f347a5134ce5f0e4be5db0944d28a16bad311e33c0a95a087841da7a8d8eb,16,yes,2026-06-11T11:12:53.619830633Z,ENV BROWSERUSE_USER=browseruse DEFAULT_PUID=911 DEFAULT_PGID=911
docker.io/browseruse/browseruse,sha256:357f347a5134ce5f0e4be5db0944d28a16bad311e33c0a95a087841da7a8d8eb,17,yes,2026-06-11T11:12:53.619830633Z,ENV CODE_DIR=/app DATA_DIR=/data VENV_DIR=/app/.venv PATH=/app/.venv/bin:/usr/local/bin:/usr/local/sbin:/usr/local/bin:/usr/sbin:/usr/bin:/sbin:/bin
docker.io/browseruse/browseruse,sha256:357f347a5134ce5f0e4be5db0944d28a16bad311e33c0a95a087841da7a8d8eb,18,yes,2026-06-11T11:12:53.619830633Z,SHELL [/bin/bash -o pipefail -o errexit -o errtrace -o nounset -c]
docker.io/browseruse/browseruse,sha256:357f347a5134ce5f0e4be5db0944d28a16bad311e33c0a95a087841da7a8d8eb,19,,2026-06-11T11:12:53.619830633Z,"RUN |4 TARGETPLATFORM=linux/amd64 TARGETOS=linux TARGETARCH=amd64 TARGETVARIANT= /bin/bash -o pipefail -o errexit -o errtrace -o nounset -c echo 'Binary::apt::APT::Keep-Downloaded-Packages ""1"";' > /etc/apt/apt.conf.d/99keep-cache     && echo 'APT::Install-Recommends ""0"";' > /etc/apt/apt.conf.d/99no-intall-recommends     && echo 'APT::Install-Suggests ""0"";' > /etc/apt/apt.conf.d/99no-intall-suggests     && rm -f /etc/apt/apt.conf.d/docker-clean # buildkit"
docker.io/browseruse/browseruse,sha256:357f347a5134ce5f0e4be5db0944d28a16bad311e33c0a95a087841da7a8d8eb,20,,2026-06-11T11:12:54.649871982Z,"RUN |4 TARGETPLATFORM=linux/amd64 TARGETOS=linux TARGETARCH=amd64 TARGETVARIANT= /bin/bash -o pipefail -o errexit -o errtrace -o nounset -c (echo ""[i] Docker build for Browser Use $(cat /VERSION.txt) starting...""     && echo ""PLATFORM=${TARGETPLATFORM} ARCH=$(uname -m) ($(uname -s) ${TARGETARCH} ${TARGETVARIANT})""     && echo ""BUILD_START_TIME=$(date +""%Y-%m-%d %H:%M:%S %s"") TZ=${TZ} LANG=${LANG}""     && echo     && echo ""CODE_DIR=${CODE_DIR} DATA_DIR=${DATA_DIR} PATH=${PATH}""     && echo     && uname -a     && cat /etc/os-release | head -n7     && which bash && bash --version | head -n1     &"
docker.io/browseruse/browseruse,sha256:357f347a5134ce5f0e4be5db0944d28a16bad311e33c0a95a087841da7a8d8eb,21,,2026-06-11T11:12:54.759491635Z,"RUN |4 TARGETPLATFORM=linux/amd64 TARGETOS=linux TARGETARCH=amd64 TARGETVARIANT= /bin/bash -o pipefail -o errexit -o errtrace -o nounset -c echo ""[*] Setting up $BROWSERUSE_USER user uid=${DEFAULT_PUID}...""     && groupadd --system $BROWSERUSE_USER     && useradd --system --create-home --gid $BROWSERUSE_USER --groups audio,video $BROWSERUSE_USER     && usermod -u ""$DEFAULT_PUID"" ""$BROWSERUSE_USER""     && groupmod -g ""$DEFAULT_PGID"" ""$BROWSERUSE_USER""     && mkdir -p /data     && mkdir -p /home/$BROWSERUSE_USER/.config     && chown -R $BROWSERUSE_USER:$BROWSERUSE_USER /home/$BROWSERUSE_USER    "
docker.io/browseruse/browseruse,sha256:357f347a5134ce5f0e4be5db0944d28a16bad311e33c0a95a087841da7a8d8eb,22,,2026-06-11T11:12:59.453724243Z,"RUN |4 TARGETPLATFORM=linux/amd64 TARGETOS=linux TARGETARCH=amd64 TARGETVARIANT= /bin/bash -o pipefail -o errexit -o errtrace -o nounset -c echo ""[+] Installing APT base system dependencies for $TARGETPLATFORM...""     && mkdir -p /etc/apt/keyrings     && apt-get update -qq     && apt-get install -qq -y --no-install-recommends         apt-transport-https ca-certificates apt-utils gnupg2 unzip curl wget grep         nano iputils-ping dnsutils jq      && rm -rf /var/lib/apt/lists/* # buildkit"
docker.io/browseruse/browseruse,sha256:357f347a5134ce5f0e4be5db0944d28a16bad311e33c0a95a087841da7a8d8eb,23,,2026-06-12T03:06:57.336457781Z,COPY /uv /uvx /bin/ # buildkit
docker.io/browseruse/browseruse,sha256:357f347a5134ce5f0e4be5db0944d28a16bad311e33c0a95a087841da7a8d8eb,24,,2026-06-12T03:06:57.348948304Z,WORKDIR /app
docker.io/browseruse/browseruse,sha256:357f347a5134ce5f0e4be5db0944d28a16bad311e33c0a95a087841da7a8d8eb,25,,2026-06-12T22:45:37.493642577Z,COPY pyproject.toml uv.lock* /app/ # buildkit
docker.io/browseruse/browseruse,sha256:357f347a5134ce5f0e4be5db0944d28a16bad311e33c0a95a087841da7a8d8eb,26,,2026-06-12T22:45:37.627671069Z,"RUN |4 TARGETPLATFORM=linux/amd64 TARGETOS=linux TARGETARCH=amd64 TARGETVARIANT= /bin/bash -o pipefail -o errexit -o errtrace -o nounset -c echo ""[+] Setting up venv using uv in $VENV_DIR...""     && (      which uv && uv --version      && uv venv      && which python | grep ""$VENV_DIR""      && python --version     ) | tee -a /VERSION.txt # buildkit"
docker.io/browseruse/browseruse,sha256:357f347a5134ce5f0e4be5db0944d28a16bad311e33c0a95a087841da7a8d8eb,27,,2026-06-12T22:45:56.402278483Z,"RUN |4 TARGETPLATFORM=linux/amd64 TARGETOS=linux TARGETARCH=amd64 TARGETVARIANT= /bin/bash -o pipefail -o errexit -o errtrace -o nounset -c echo ""[+] Installing chromium browser from system packages...""     && apt-get update -qq     && apt-get install -y --no-install-recommends         chromium         fonts-unifont         fonts-liberation         fonts-dejavu-core         fonts-freefont-ttf         fonts-noto-core     && rm -rf /var/lib/apt/lists/*     && ln -s /usr/bin/chromium /usr/bin/chromium-browser     && ln -s /usr/bin/chromium /app/chromium-browser     && mkdir -p ""/home/${BROWSERUSE"
docker.io/browseruse/browseruse,sha256:357f347a5134ce5f0e4be5db0944d28a16bad311e33c0a95a087841da7a8d8eb,28,,2026-06-12T22:46:28.950847547Z,"RUN |4 TARGETPLATFORM=linux/amd64 TARGETOS=linux TARGETARCH=amd64 TARGETVARIANT= /bin/bash -o pipefail -o errexit -o errtrace -o nounset -c echo ""[+] Installing browser-use pip sub-dependencies...""      && (         uv sync --all-extras --no-dev --no-install-project         && echo -e '\n\n'      ) | tee -a /VERSION.txt # buildkit"
docker.io/browseruse/browseruse,sha256:357f347a5134ce5f0e4be5db0944d28a16bad311e33c0a95a087841da7a8d8eb,29,,2026-06-13T21:09:09.184714335Z,COPY . /app # buildkit
docker.io/browseruse/browseruse,sha256:357f347a5134ce5f0e4be5db0944d28a16bad311e33c0a95a087841da7a8d8eb,30,,2026-06-13T21:09:11.726631777Z,"RUN |4 TARGETPLATFORM=linux/amd64 TARGETOS=linux TARGETARCH=amd64 TARGETVARIANT= /bin/bash -o pipefail -o errexit -o errtrace -o nounset -c echo ""[+] Installing browser-use pip library from source...""      && (         uv sync --all-extras --locked --no-dev         && python -c ""import browser_use; print('browser-use installed successfully')""         && echo -e '\n\n'      ) | tee -a /VERSION.txt # buildkit"
docker.io/browseruse/browseruse,sha256:357f347a5134ce5f0e4be5db0944d28a16bad311e33c0a95a087841da7a8d8eb,31,,2026-06-13T21:09:11.791092019Z,"RUN |4 TARGETPLATFORM=linux/amd64 TARGETOS=linux TARGETARCH=amd64 TARGETVARIANT= /bin/bash -o pipefail -o errexit -o errtrace -o nounset -c mkdir -p ""$DATA_DIR/profiles/default""     && chown -R $BROWSERUSE_USER:$BROWSERUSE_USER ""$DATA_DIR"" ""$DATA_DIR""/*     && (         echo -e ""\n\n[√] Finished Docker build successfully. Saving build summary in: /VERSION.txt""         && echo -e ""PLATFORM=${TARGETPLATFORM} ARCH=$(uname -m) ($(uname -s) ${TARGETARCH} ${TARGETVARIANT})\n""         && echo -e ""BUILD_END_TIME=$(date +""%Y-%m-%d %H:%M:%S %s"")\n\n""     ) | tee -a /VERSION.txt # buildkit"
docker.io/browseruse/browseruse,sha256:357f347a5134ce5f0e4be5db0944d28a16bad311e33c0a95a087841da7a8d8eb,32,yes,2026-06-13T21:09:11.791092019Z,USER browseruse
docker.io/browseruse/browseruse,sha256:357f347a5134ce5f0e4be5db0944d28a16bad311e33c0a95a087841da7a8d8eb,33,yes,2026-06-13T21:09:11.791092019Z,VOLUME [/data]
docker.io/browseruse/browseruse,sha256:357f347a5134ce5f0e4be5db0944d28a16bad311e33c0a95a087841da7a8d8eb,34,yes,2026-06-13T21:09:11.791092019Z,EXPOSE [9242/tcp]
docker.io/browseruse/browseruse,sha256:357f347a5134ce5f0e4be5db0944d28a16bad311e33c0a95a087841da7a8d8eb,35,yes,2026-06-13T21:09:11.791092019Z,EXPOSE [9222/tcp]
docker.io/browseruse/browseruse,sha256:357f347a5134ce5f0e4be5db0944d28a16bad311e33c0a95a087841da7a8d8eb,36,yes,2026-06-13T21:09:11.791092019Z,"ENTRYPOINT [""browser-use""]"
docker.io/browseruse/browseruse,sha256:347b6ebf763be570bcfe285dda8634286a87f05f0287c514cb55193df4087cf8,0,,2026-06-10T00:00:00Z,# debian.sh --arch 'amd64' out/ 'trixie' '@1781049600'
docker.io/browseruse/browseruse,sha256:347b6ebf763be570bcfe285dda8634286a87f05f0287c514cb55193df4087cf8,1,yes,2026-06-11T01:02:10.61867927Z,ENV PATH=/usr/local/bin:/usr/local/sbin:/usr/local/bin:/usr/sbin:/usr/bin:/sbin:/bin
docker.io/browseruse/browseruse,sha256:347b6ebf763be570bcfe285dda8634286a87f05f0287c514cb55193df4087cf8,2,yes,2026-06-11T01:02:10.61867927Z,ENV LANG=C.UTF-8
docker.io/browseruse/browseruse,sha256:347b6ebf763be570bcfe285dda8634286a87f05f0287c514cb55193df4087cf8,3,,2026-06-11T01:02:10.61867927Z,RUN /bin/sh -c set -eux; 	apt-get update; 	apt-get install -y --no-install-recommends 		ca-certificates 		netbase 		tzdata 	; 	apt-get dist-clean # buildkit
docker.io/browseruse/browseruse,sha256:347b6ebf763be570bcfe285dda8634286a87f05f0287c514cb55193df4087cf8,4,yes,2026-06-11T01:02:10.61867927Z,ENV GPG_KEY=7169605F62C751356D054A26A821E680E5FA6305
docker.io/browseruse/browseruse,sha256:347b6ebf763be570bcfe285dda8634286a87f05f0287c514cb55193df4087cf8,5,yes,2026-06-11T01:02:10.61867927Z,ENV PYTHON_VERSION=3.12.13
docker.io/browseruse/browseruse,sha256:347b6ebf763be570bcfe285dda8634286a87f05f0287c514cb55193df4087cf8,6,yes,2026-06-11T01:02:10.61867927Z,ENV PYTHON_SHA256=c08bc65a81971c1dd5783182826503369466c7e67374d1646519adf05207b684
docker.io/browseruse/browseruse,sha256:347b6ebf763be570bcfe285dda8634286a87f05f0287c514cb55193df4087cf8,7,,2026-06-11T01:11:27.01764997Z,"RUN /bin/sh -c set -eux; 		savedAptMark=""$(apt-mark showmanual)""; 	apt-get update; 	apt-get install -y --no-install-recommends 		dpkg-dev 		gcc 		gnupg 		libbluetooth-dev 		libbz2-dev 		libc6-dev 		libdb-dev 		libffi-dev 		libgdbm-dev 		liblzma-dev 		libncursesw5-dev 		libreadline-dev 		libsqlite3-dev 		libssl-dev 		make 		tk-dev 		uuid-dev 		wget 		xz-utils 		zlib1g-dev 	; 		wget -O python.tar.xz ""https://www.python.org/ftp/python/${PYTHON_VERSION%%[a-z]*}/Python-$PYTHON_VERSION.tar.xz""; 	echo ""$PYTHON_SHA256 *python.tar.xz"" | sha256sum -c -; 	wget -O python.tar.xz.asc ""https://www.python.org"
docker.io/browseruse/browseruse,sha256:347b6ebf763be570bcfe285dda8634286a87f05f0287c514cb55193df4087cf8,8,,2026-06-11T01:11:27.127963937Z,"RUN /bin/sh -c set -eux; 	for src in idle3 pip3 pydoc3 python3 python3-config; do 		dst=""$(echo ""$src"" | tr -d 3)""; 		[ -s ""/usr/local/bin/$src"" ]; 		[ ! -e ""/usr/local/bin/$dst"" ]; 		ln -svT ""$src"" ""/usr/local/bin/$dst""; 	done # buildkit"
docker.io/browseruse/browseruse,sha256:347b6ebf763be570bcfe285dda8634286a87f05f0287c514cb55193df4087cf8,9,yes,2026-06-11T01:11:27.127963937Z,"CMD [""python3""]"
docker.io/browseruse/browseruse,sha256:347b6ebf763be570bcfe285dda8634286a87f05f0287c514cb55193df4087cf8,10,yes,2026-06-11T11:12:53.619830633Z,LABEL name=browseruse maintainer=Nick Sweeting <<e-mail address removed>> description=Make websites accessible for AI agents. Automate tasks online with ease. homepage=https://github.com/browser-use/browser-use documentation=https://docs.browser-use.com org.opencontainers.image.title=browseruse org.opencontainers.image.vendor=browseruse org.opencontainers.image.description=Make websites accessible for AI agents. Automate tasks online with ease. org.opencontainers.image.source=https://github.com/browser-use/browser-use com.docker.image.source.entrypoint=Dockerfile com.docker.desktop.extension
docker.io/browseruse/browseruse,sha256:347b6ebf763be570bcfe285dda8634286a87f05f0287c514cb55193df4087cf8,11,yes,2026-06-11T11:12:53.619830633Z,ARG TARGETPLATFORM=linux/amd64
docker.io/browseruse/browseruse,sha256:347b6ebf763be570bcfe285dda8634286a87f05f0287c514cb55193df4087cf8,12,yes,2026-06-11T11:12:53.619830633Z,ARG TARGETOS=linux
docker.io/browseruse/browseruse,sha256:347b6ebf763be570bcfe285dda8634286a87f05f0287c514cb55193df4087cf8,13,yes,2026-06-11T11:12:53.619830633Z,ARG TARGETARCH=amd64
docker.io/browseruse/browseruse,sha256:347b6ebf763be570bcfe285dda8634286a87f05f0287c514cb55193df4087cf8,14,yes,2026-06-11T11:12:53.619830633Z,ARG TARGETVARIANT=
docker.io/browseruse/browseruse,sha256:347b6ebf763be570bcfe285dda8634286a87f05f0287c514cb55193df4087cf8,15,yes,2026-06-11T11:12:53.619830633Z,ENV TZ=UTC LANGUAGE=en_US:en LC_ALL=C.UTF-8 LANG=C.UTF-8 DEBIAN_FRONTEND=noninteractive APT_KEY_DONT_WARN_ON_DANGEROUS_USAGE=1 PYTHONIOENCODING=UTF-8 PYTHONUNBUFFERED=1 PIP_DISABLE_PIP_VERSION_CHECK=1 UV_CACHE_DIR=/root/.cache/uv UV_LINK_MODE=copy UV_COMPILE_BYTECODE=1 UV_PYTHON_PREFERENCE=only-system npm_config_loglevel=error IN_DOCKER=True
docker.io/browseruse/browseruse,sha256:347b6ebf763be570bcfe285dda8634286a87f05f0287c514cb55193df4087cf8,16,yes,2026-06-11T11:12:53.619830633Z,ENV BROWSERUSE_USER=browseruse DEFAULT_PUID=911 DEFAULT_PGID=911
docker.io/browseruse/browseruse,sha256:347b6ebf763be570bcfe285dda8634286a87f05f0287c514cb55193df4087cf8,17,yes,2026-06-11T11:12:53.619830633Z,ENV CODE_DIR=/app DATA_DIR=/data VENV_DIR=/app/.venv PATH=/app/.venv/bin:/usr/local/bin:/usr/local/sbin:/usr/local/bin:/usr/sbin:/usr/bin:/sbin:/bin
docker.io/browseruse/browseruse,sha256:347b6ebf763be570bcfe285dda8634286a87f05f0287c514cb55193df4087cf8,18,yes,2026-06-11T11:12:53.619830633Z,SHELL [/bin/bash -o pipefail -o errexit -o errtrace -o nounset -c]
docker.io/browseruse/browseruse,sha256:347b6ebf763be570bcfe285dda8634286a87f05f0287c514cb55193df4087cf8,19,,2026-06-11T11:12:53.619830633Z,"RUN |4 TARGETPLATFORM=linux/amd64 TARGETOS=linux TARGETARCH=amd64 TARGETVARIANT= /bin/bash -o pipefail -o errexit -o errtrace -o nounset -c echo 'Binary::apt::APT::Keep-Downloaded-Packages ""1"";' > /etc/apt/apt.conf.d/99keep-cache     && echo 'APT::Install-Recommends ""0"";' > /etc/apt/apt.conf.d/99no-intall-recommends     && echo 'APT::Install-Suggests ""0"";' > /etc/apt/apt.conf.d/99no-intall-suggests     && rm -f /etc/apt/apt.conf.d/docker-clean # buildkit"
docker.io/browseruse/browseruse,sha256:347b6ebf763be570bcfe285dda8634286a87f05f0287c514cb55193df4087cf8,20,,2026-06-11T11:12:54.649871982Z,"RUN |4 TARGETPLATFORM=linux/amd64 TARGETOS=linux TARGETARCH=amd64 TARGETVARIANT= /bin/bash -o pipefail -o errexit -o errtrace -o nounset -c (echo ""[i] Docker build for Browser Use $(cat /VERSION.txt) starting...""     && echo ""PLATFORM=${TARGETPLATFORM} ARCH=$(uname -m) ($(uname -s) ${TARGETARCH} ${TARGETVARIANT})""     && echo ""BUILD_START_TIME=$(date +""%Y-%m-%d %H:%M:%S %s"") TZ=${TZ} LANG=${LANG}""     && echo     && echo ""CODE_DIR=${CODE_DIR} DATA_DIR=${DATA_DIR} PATH=${PATH}""     && echo     && uname -a     && cat /etc/os-release | head -n7     && which bash && bash --version | head -n1     &"
docker.io/browseruse/browseruse,sha256:347b6ebf763be570bcfe285dda8634286a87f05f0287c514cb55193df4087cf8,21,,2026-06-11T11:12:54.759491635Z,"RUN |4 TARGETPLATFORM=linux/amd64 TARGETOS=linux TARGETARCH=amd64 TARGETVARIANT= /bin/bash -o pipefail -o errexit -o errtrace -o nounset -c echo ""[*] Setting up $BROWSERUSE_USER user uid=${DEFAULT_PUID}...""     && groupadd --system $BROWSERUSE_USER     && useradd --system --create-home --gid $BROWSERUSE_USER --groups audio,video $BROWSERUSE_USER     && usermod -u ""$DEFAULT_PUID"" ""$BROWSERUSE_USER""     && groupmod -g ""$DEFAULT_PGID"" ""$BROWSERUSE_USER""     && mkdir -p /data     && mkdir -p /home/$BROWSERUSE_USER/.config     && chown -R $BROWSERUSE_USER:$BROWSERUSE_USER /home/$BROWSERUSE_USER    "
docker.io/browseruse/browseruse,sha256:347b6ebf763be570bcfe285dda8634286a87f05f0287c514cb55193df4087cf8,22,,2026-06-11T11:12:59.453724243Z,"RUN |4 TARGETPLATFORM=linux/amd64 TARGETOS=linux TARGETARCH=amd64 TARGETVARIANT= /bin/bash -o pipefail -o errexit -o errtrace -o nounset -c echo ""[+] Installing APT base system dependencies for $TARGETPLATFORM...""     && mkdir -p /etc/apt/keyrings     && apt-get update -qq     && apt-get install -qq -y --no-install-recommends         apt-transport-https ca-certificates apt-utils gnupg2 unzip curl wget grep         nano iputils-ping dnsutils jq      && rm -rf /var/lib/apt/lists/* # buildkit"
docker.io/browseruse/browseruse,sha256:347b6ebf763be570bcfe285dda8634286a87f05f0287c514cb55193df4087cf8,23,,2026-06-20T18:22:11.212298938Z,COPY /uv /uvx /bin/ # buildkit
docker.io/browseruse/browseruse,sha256:347b6ebf763be570bcfe285dda8634286a87f05f0287c514cb55193df4087cf8,24,,2026-06-20T18:22:11.222288485Z,WORKDIR /app
docker.io/browseruse/browseruse,sha256:347b6ebf763be570bcfe285dda8634286a87f05f0287c514cb55193df4087cf8,25,,2026-06-20T18:22:11.242180888Z,COPY pyproject.toml uv.lock* /app/ # buildkit
docker.io/browseruse/browseruse,sha256:347b6ebf763be570bcfe285dda8634286a87f05f0287c514cb55193df4087cf8,26,,2026-06-20T18:22:11.507422489Z,"RUN |4 TARGETPLATFORM=linux/amd64 TARGETOS=linux TARGETARCH=amd64 TARGETVARIANT= /bin/bash -o pipefail -o errexit -o errtrace -o nounset -c echo ""[+] Setting up venv using uv in $VENV_DIR...""     && (      which uv && uv --version      && uv venv      && which python | grep ""$VENV_DIR""      && python --version     ) | tee -a /VERSION.txt # buildkit"
docker.io/browseruse/browseruse,sha256:347b6ebf763be570bcfe285dda8634286a87f05f0287c514cb55193df4087cf8,27,,2026-06-20T18:22:40.057339459Z,"RUN |4 TARGETPLATFORM=linux/amd64 TARGETOS=linux TARGETARCH=amd64 TARGETVARIANT= /bin/bash -o pipefail -o errexit -o errtrace -o nounset -c echo ""[+] Installing chromium browser from system packages...""     && apt-get update -qq     && apt-get install -y --no-install-recommends         chromium         fonts-unifont         fonts-liberation         fonts-dejavu-core         fonts-freefont-ttf         fonts-noto-core     && rm -rf /var/lib/apt/lists/*     && ln -s /usr/bin/chromium /usr/bin/chromium-browser     && ln -s /usr/bin/chromium /app/chromium-browser     && mkdir -p ""/home/${BROWSERUSE"
docker.io/browseruse/browseruse,sha256:347b6ebf763be570bcfe285dda8634286a87f05f0287c514cb55193df4087cf8,28,,2026-06-20T18:23:15.622843064Z,"RUN |4 TARGETPLATFORM=linux/amd64 TARGETOS=linux TARGETARCH=amd64 TARGETVARIANT= /bin/bash -o pipefail -o errexit -o errtrace -o nounset -c echo ""[+] Installing browser-use pip sub-dependencies...""      && (         uv sync --all-extras --no-dev --no-install-project         && echo -e '\n\n'      ) | tee -a /VERSION.txt # buildkit"
docker.io/browseruse/browseruse,sha256:347b6ebf763be570bcfe285dda8634286a87f05f0287c514cb55193df4087cf8,29,,2026-06-20T18:23:16.244402221Z,COPY . /app # buildkit
docker.io/browseruse/browseruse,sha256:347b6ebf763be570bcfe285dda8634286a87f05f0287c514cb55193df4087cf8,30,,2026-06-20T18:23:18.128292677Z,"RUN |4 TARGETPLATFORM=linux/amd64 TARGETOS=linux TARGETARCH=amd64 TARGETVARIANT= /bin/bash -o pipefail -o errexit -o errtrace -o nounset -c echo ""[+] Installing browser-use pip library from source...""      && (         uv sync --all-extras --locked --no-dev         && python -c ""import browser_use; print('browser-use installed successfully')""         && echo -e '\n\n'      ) | tee -a /VERSION.txt # buildkit"
docker.io/browseruse/browseruse,sha256:347b6ebf763be570bcfe285dda8634286a87f05f0287c514cb55193df4087cf8,31,,2026-06-20T18:23:18.218009183Z,"RUN |4 TARGETPLATFORM=linux/amd64 TARGETOS=linux TARGETARCH=amd64 TARGETVARIANT= /bin/bash -o pipefail -o errexit -o errtrace -o nounset -c mkdir -p ""$DATA_DIR/profiles/default""     && chown -R $BROWSERUSE_USER:$BROWSERUSE_USER ""$DATA_DIR"" ""$DATA_DIR""/*     && (         echo -e ""\n\n[√] Finished Docker build successfully. Saving build summary in: /VERSION.txt""         && echo -e ""PLATFORM=${TARGETPLATFORM} ARCH=$(uname -m) ($(uname -s) ${TARGETARCH} ${TARGETVARIANT})\n""         && echo -e ""BUILD_END_TIME=$(date +""%Y-%m-%d %H:%M:%S %s"")\n\n""     ) | tee -a /VERSION.txt # buildkit"
docker.io/browseruse/browseruse,sha256:347b6ebf763be570bcfe285dda8634286a87f05f0287c514cb55193df4087cf8,32,yes,2026-06-20T18:23:18.218009183Z,USER browseruse
docker.io/browseruse/browseruse,sha256:347b6ebf763be570bcfe285dda8634286a87f05f0287c514cb55193df4087cf8,33,yes,2026-06-20T18:23:18.218009183Z,VOLUME [/data]
docker.io/browseruse/browseruse,sha256:347b6ebf763be570bcfe285dda8634286a87f05f0287c514cb55193df4087cf8,34,yes,2026-06-20T18:23:18.218009183Z,EXPOSE [9242/tcp]
docker.io/browseruse/browseruse,sha256:347b6ebf763be570bcfe285dda8634286a87f05f0287c514cb55193df4087cf8,35,yes,2026-06-20T18:23:18.218009183Z,EXPOSE [9222/tcp]
docker.io/browseruse/browseruse,sha256:347b6ebf763be570bcfe285dda8634286a87f05f0287c514cb55193df4087cf8,36,yes,2026-06-20T18:23:18.218009183Z,"ENTRYPOINT [""browser-use""]"
docker.io/salehmir/jesse,sha256:55aef56b0ea4134d1e41f84d61421e1f2ce1d95dffb254eee373a921ee011f62,0,,2025-06-03T23:02:53Z,# debian.sh --arch 'amd64' out/ 'bullseye' '@1753056000'
docker.io/salehmir/jesse,sha256:55aef56b0ea4134d1e41f84d61421e1f2ce1d95dffb254eee373a921ee011f62,1,yes,2025-06-03T23:02:53Z,ENV PATH=/usr/local/bin:/usr/local/sbin:/usr/local/bin:/usr/sbin:/usr/bin:/sbin:/bin
docker.io/salehmir/jesse,sha256:55aef56b0ea4134d1e41f84d61421e1f2ce1d95dffb254eee373a921ee011f62,2,yes,2025-06-03T23:02:53Z,ENV LANG=C.UTF-8
docker.io/salehmir/jesse,sha256:55aef56b0ea4134d1e41f84d61421e1f2ce1d95dffb254eee373a921ee011f62,3,,2025-06-03T23:02:53Z,RUN /bin/sh -c set -eux; 	apt-get update; 	apt-get install -y --no-install-recommends 		ca-certificates 		netbase 		tzdata 	; 	rm -rf /var/lib/apt/lists/* # buildkit
docker.io/salehmir/jesse,sha256:55aef56b0ea4134d1e41f84d61421e1f2ce1d95dffb254eee373a921ee011f62,4,yes,2025-06-03T23:02:53Z,ENV GPG_KEY=A035C8C19219BA821ECEA86B64E628F8D684696D
docker.io/salehmir/jesse,sha256:55aef56b0ea4134d1e41f84d61421e1f2ce1d95dffb254eee373a921ee011f62,5,yes,2025-06-03T23:02:53Z,ENV PYTHON_VERSION=3.11.13
docker.io/salehmir/jesse,sha256:55aef56b0ea4134d1e41f84d61421e1f2ce1d95dffb254eee373a921ee011f62,6,yes,2025-06-03T23:02:53Z,ENV PYTHON_SHA256=8fb5f9fbc7609fa822cb31549884575db7fd9657cbffb89510b5d7975963a83a
docker.io/salehmir/jesse,sha256:55aef56b0ea4134d1e41f84d61421e1f2ce1d95dffb254eee373a921ee011f62,7,,2025-06-03T23:02:53Z,"RUN /bin/sh -c set -eux; 		savedAptMark=""$(apt-mark showmanual)""; 	apt-get update; 	apt-get install -y --no-install-recommends 		dpkg-dev 		gcc 		gnupg 		libbluetooth-dev 		libbz2-dev 		libc6-dev 		libdb-dev 		libffi-dev 		libgdbm-dev 		liblzma-dev 		libncursesw5-dev 		libreadline-dev 		libsqlite3-dev 		libssl-dev 		make 		tk-dev 		uuid-dev 		wget 		xz-utils 		zlib1g-dev 	; 		wget -O python.tar.xz ""https://www.python.org/ftp/python/${PYTHON_VERSION%%[a-z]*}/Python-$PYTHON_VERSION.tar.xz""; 	echo ""$PYTHON_SHA256 *python.tar.xz"" | sha256sum -c -; 	wget -O python.tar.xz.asc ""https://www.python.org"
docker.io/salehmir/jesse,sha256:55aef56b0ea4134d1e41f84d61421e1f2ce1d95dffb254eee373a921ee011f62,8,,2025-06-03T23:02:53Z,"RUN /bin/sh -c set -eux; 	for src in idle3 pip3 pydoc3 python3 python3-config; do 		dst=""$(echo ""$src"" | tr -d 3)""; 		[ -s ""/usr/local/bin/$src"" ]; 		[ ! -e ""/usr/local/bin/$dst"" ]; 		ln -svT ""$src"" ""/usr/local/bin/$dst""; 	done # buildkit"
docker.io/salehmir/jesse,sha256:55aef56b0ea4134d1e41f84d61421e1f2ce1d95dffb254eee373a921ee011f62,9,yes,2025-06-03T23:02:53Z,"CMD [""python3""]"
docker.io/salehmir/jesse,sha256:55aef56b0ea4134d1e41f84d61421e1f2ce1d95dffb254eee373a921ee011f62,10,yes,2026-06-15T16:47:07.380855541Z,ENV PYTHONUNBUFFERED=1
docker.io/salehmir/jesse,sha256:55aef56b0ea4134d1e41f84d61421e1f2ce1d95dffb254eee373a921ee011f62,11,,2026-06-15T16:47:07.380855541Z,RUN /bin/sh -c apt-get update     && apt-get -y install git build-essential libssl-dev     && apt-get clean     && pip install --upgrade pip # buildkit
docker.io/salehmir/jesse,sha256:55aef56b0ea4134d1e41f84d61421e1f2ce1d95dffb254eee373a921ee011f62,12,,2026-06-15T16:47:10.865246134Z,RUN /bin/sh -c pip3 install Cython numpy # buildkit
docker.io/salehmir/jesse,sha256:55aef56b0ea4134d1e41f84d61421e1f2ce1d95dffb254eee373a921ee011f62,13,,2026-06-15T16:47:10.932576963Z,RUN /bin/sh -c mkdir /jesse-docker # buildkit
docker.io/salehmir/jesse,sha256:55aef56b0ea4134d1e41f84d61421e1f2ce1d95dffb254eee373a921ee011f62,14,,2026-06-15T16:47:10.941516713Z,WORKDIR /jesse-docker
docker.io/salehmir/jesse,sha256:55aef56b0ea4134d1e41f84d61421e1f2ce1d95dffb254eee373a921ee011f62,15,,2026-06-15T16:47:10.950098772Z,COPY requirements.txt /jesse-docker # buildkit
docker.io/salehmir/jesse,sha256:55aef56b0ea4134d1e41f84d61421e1f2ce1d95dffb254eee373a921ee011f62,16,,2026-06-15T16:47:56.232987645Z,RUN /bin/sh -c pip3 install -r requirements.txt # buildkit
docker.io/salehmir/jesse,sha256:55aef56b0ea4134d1e41f84d61421e1f2ce1d95dffb254eee373a921ee011f62,17,,2026-06-15T16:47:56.865910449Z,COPY . /jesse-docker # buildkit
docker.io/salehmir/jesse,sha256:55aef56b0ea4134d1e41f84d61421e1f2ce1d95dffb254eee373a921ee011f62,18,,2026-06-15T16:47:59.51303492Z,RUN /bin/sh -c pip3 install -e . # buildkit
docker.io/salehmir/jesse,sha256:55aef56b0ea4134d1e41f84d61421e1f2ce1d95dffb254eee373a921ee011f62,19,,2026-06-15T16:47:59.523609149Z,WORKDIR /home
docker.io/salehmir/jesse,sha256:e0a14d67b45c7b5bc507a34f44c057ef7f9cdbe508f2d3c3ad9fc1855801d43b,0,,2025-06-03T23:02:53Z,# debian.sh --arch 'amd64' out/ 'bullseye' '@1753056000'
docker.io/salehmir/jesse,sha256:e0a14d67b45c7b5bc507a34f44c057ef7f9cdbe508f2d3c3ad9fc1855801d43b,1,yes,2025-06-03T23:02:53Z,ENV PATH=/usr/local/bin:/usr/local/sbin:/usr/local/bin:/usr/sbin:/usr/bin:/sbin:/bin
docker.io/salehmir/jesse,sha256:e0a14d67b45c7b5bc507a34f44c057ef7f9cdbe508f2d3c3ad9fc1855801d43b,2,yes,2025-06-03T23:02:53Z,ENV LANG=C.UTF-8
docker.io/salehmir/jesse,sha256:e0a14d67b45c7b5bc507a34f44c057ef7f9cdbe508f2d3c3ad9fc1855801d43b,3,,2025-06-03T23:02:53Z,RUN /bin/sh -c set -eux; 	apt-get update; 	apt-get install -y --no-install-recommends 		ca-certificates 		netbase 		tzdata 	; 	rm -rf /var/lib/apt/lists/* # buildkit
docker.io/salehmir/jesse,sha256:e0a14d67b45c7b5bc507a34f44c057ef7f9cdbe508f2d3c3ad9fc1855801d43b,4,yes,2025-06-03T23:02:53Z,ENV GPG_KEY=A035C8C19219BA821ECEA86B64E628F8D684696D
docker.io/salehmir/jesse,sha256:e0a14d67b45c7b5bc507a34f44c057ef7f9cdbe508f2d3c3ad9fc1855801d43b,5,yes,2025-06-03T23:02:53Z,ENV PYTHON_VERSION=3.11.13
docker.io/salehmir/jesse,sha256:e0a14d67b45c7b5bc507a34f44c057ef7f9cdbe508f2d3c3ad9fc1855801d43b,6,yes,2025-06-03T23:02:53Z,ENV PYTHON_SHA256=8fb5f9fbc7609fa822cb31549884575db7fd9657cbffb89510b5d7975963a83a
docker.io/salehmir/jesse,sha256:e0a14d67b45c7b5bc507a34f44c057ef7f9cdbe508f2d3c3ad9fc1855801d43b,7,,2025-06-03T23:02:53Z,"RUN /bin/sh -c set -eux; 		savedAptMark=""$(apt-mark showmanual)""; 	apt-get update; 	apt-get install -y --no-install-recommends 		dpkg-dev 		gcc 		gnupg 		libbluetooth-dev 		libbz2-dev 		libc6-dev 		libdb-dev 		libffi-dev 		libgdbm-dev 		liblzma-dev 		libncursesw5-dev 		libreadline-dev 		libsqlite3-dev 		libssl-dev 		make 		tk-dev 		uuid-dev 		wget 		xz-utils 		zlib1g-dev 	; 		wget -O python.tar.xz ""https://www.python.org/ftp/python/${PYTHON_VERSION%%[a-z]*}/Python-$PYTHON_VERSION.tar.xz""; 	echo ""$PYTHON_SHA256 *python.tar.xz"" | sha256sum -c -; 	wget -O python.tar.xz.asc ""https://www.python.org"
docker.io/salehmir/jesse,sha256:e0a14d67b45c7b5bc507a34f44c057ef7f9cdbe508f2d3c3ad9fc1855801d43b,8,,2025-06-03T23:02:53Z,"RUN /bin/sh -c set -eux; 	for src in idle3 pip3 pydoc3 python3 python3-config; do 		dst=""$(echo ""$src"" | tr -d 3)""; 		[ -s ""/usr/local/bin/$src"" ]; 		[ ! -e ""/usr/local/bin/$dst"" ]; 		ln -svT ""$src"" ""/usr/local/bin/$dst""; 	done # buildkit"
docker.io/salehmir/jesse,sha256:e0a14d67b45c7b5bc507a34f44c057ef7f9cdbe508f2d3c3ad9fc1855801d43b,9,yes,2025-06-03T23:02:53Z,"CMD [""python3""]"
docker.io/salehmir/jesse,sha256:e0a14d67b45c7b5bc507a34f44c057ef7f9cdbe508f2d3c3ad9fc1855801d43b,10,yes,2026-06-29T15:55:55.168312596Z,ENV PYTHONUNBUFFERED=1
docker.io/salehmir/jesse,sha256:e0a14d67b45c7b5bc507a34f44c057ef7f9cdbe508f2d3c3ad9fc1855801d43b,11,,2026-06-29T15:55:55.168312596Z,RUN /bin/sh -c apt-get update     && apt-get -y install git build-essential libssl-dev     && apt-get clean     && pip install --upgrade pip # buildkit
docker.io/salehmir/jesse,sha256:e0a14d67b45c7b5bc507a34f44c057ef7f9cdbe508f2d3c3ad9fc1855801d43b,12,,2026-06-29T15:55:58.502214805Z,RUN /bin/sh -c pip3 install Cython numpy # buildkit
docker.io/salehmir/jesse,sha256:e0a14d67b45c7b5bc507a34f44c057ef7f9cdbe508f2d3c3ad9fc1855801d43b,13,,2026-06-29T15:55:58.571760661Z,RUN /bin/sh -c mkdir /jesse-docker # buildkit
docker.io/salehmir/jesse,sha256:e0a14d67b45c7b5bc507a34f44c057ef7f9cdbe508f2d3c3ad9fc1855801d43b,14,,2026-06-29T15:55:58.580693536Z,WORKDIR /jesse-docker
docker.io/salehmir/jesse,sha256:e0a14d67b45c7b5bc507a34f44c057ef7f9cdbe508f2d3c3ad9fc1855801d43b,15,,2026-06-29T15:55:58.589124918Z,COPY requirements.txt /jesse-docker # buildkit
docker.io/salehmir/jesse,sha256:e0a14d67b45c7b5bc507a34f44c057ef7f9cdbe508f2d3c3ad9fc1855801d43b,16,,2026-06-29T15:56:39.913916611Z,RUN /bin/sh -c pip3 install -r requirements.txt # buildkit
docker.io/salehmir/jesse,sha256:e0a14d67b45c7b5bc507a34f44c057ef7f9cdbe508f2d3c3ad9fc1855801d43b,17,,2026-06-29T15:56:40.54565124Z,COPY . /jesse-docker # buildkit
docker.io/salehmir/jesse,sha256:e0a14d67b45c7b5bc507a34f44c057ef7f9cdbe508f2d3c3ad9fc1855801d43b,18,,2026-06-29T15:56:43.102471435Z,RUN /bin/sh -c pip3 install -e . # buildkit
docker.io/salehmir/jesse,sha256:e0a14d67b45c7b5bc507a34f44c057ef7f9cdbe508f2d3c3ad9fc1855801d43b,19,,2026-06-29T15:56:43.11231879Z,WORKDIR /home
docker.io/langflowai/langflow-nightly,sha256:52797801cdcd1eabcd03f09e875541e16328bdd3d1836997e6d75d0331326299,0,,2026-06-10T00:00:00Z,# debian.sh --arch 'amd64' out/ 'trixie' '@1781049600'
docker.io/langflowai/langflow-nightly,sha256:52797801cdcd1eabcd03f09e875541e16328bdd3d1836997e6d75d0331326299,1,yes,2026-06-11T00:59:09.939892115Z,ENV PATH=/usr/local/bin:/usr/local/sbin:/usr/local/bin:/usr/sbin:/usr/bin:/sbin:/bin
docker.io/langflowai/langflow-nightly,sha256:52797801cdcd1eabcd03f09e875541e16328bdd3d1836997e6d75d0331326299,2,,2026-06-11T00:59:09.939892115Z,RUN /bin/sh -c set -eux; 	apt-get update; 	apt-get install -y --no-install-recommends 		ca-certificates 		netbase 		tzdata 	; 	apt-get dist-clean # buildkit
docker.io/langflowai/langflow-nightly,sha256:52797801cdcd1eabcd03f09e875541e16328bdd3d1836997e6d75d0331326299,3,yes,2026-06-11T00:59:09.939892115Z,ENV PYTHON_VERSION=3.14.6
docker.io/langflowai/langflow-nightly,sha256:52797801cdcd1eabcd03f09e875541e16328bdd3d1836997e6d75d0331326299,4,yes,2026-06-11T00:59:09.939892115Z,ENV PYTHON_SHA256=143b1dddefaec3bd2e21e3b839b34a2b7fb9842272883c576420d605e9f30c63
docker.io/langflowai/langflow-nightly,sha256:52797801cdcd1eabcd03f09e875541e16328bdd3d1836997e6d75d0331326299,5,,2026-06-11T01:07:14.806354797Z,"RUN /bin/sh -c set -eux; 		savedAptMark=""$(apt-mark showmanual)""; 	apt-get update; 	apt-get install -y --no-install-recommends 		dpkg-dev 		gcc 		gnupg 		libbluetooth-dev 		libbz2-dev 		libc6-dev 		libdb-dev 		libffi-dev 		libgdbm-dev 		liblzma-dev 		libncursesw5-dev 		libreadline-dev 		libsqlite3-dev 		libssl-dev 		libzstd-dev 		make 		tk-dev 		uuid-dev 		wget 		xz-utils 		zlib1g-dev 	; 		wget -O python.tar.xz ""https://www.python.org/ftp/python/${PYTHON_VERSION%%[a-z]*}/Python-$PYTHON_VERSION.tar.xz""; 	echo ""$PYTHON_SHA256 *python.tar.xz"" | sha256sum -c -; 	mkdir -p /usr/src/python; 	tar --ex"
docker.io/langflowai/langflow-nightly,sha256:52797801cdcd1eabcd03f09e875541e16328bdd3d1836997e6d75d0331326299,6,,2026-06-11T01:07:14.920019643Z,"RUN /bin/sh -c set -eux; 	for src in idle3 pip3 pydoc3 python3 python3-config; do 		dst=""$(echo ""$src"" | tr -d 3)""; 		[ -s ""/usr/local/bin/$src"" ]; 		[ ! -e ""/usr/local/bin/$dst"" ]; 		ln -svT ""$src"" ""/usr/local/bin/$dst""; 	done # buildkit"
docker.io/langflowai/langflow-nightly,sha256:52797801cdcd1eabcd03f09e875541e16328bdd3d1836997e6d75d0331326299,7,yes,2026-06-11T01:07:14.920019643Z,"CMD [""python3""]"
docker.io/langflowai/langflow-nightly,sha256:52797801cdcd1eabcd03f09e875541e16328bdd3d1836997e6d75d0331326299,8,,2026-06-16T02:40:36.106815698Z,RUN /bin/sh -c apt-get update     && apt-get upgrade -y     && apt-get install --no-install-recommends -y curl git libpq5 gnupg xz-utils     && apt-get clean     && rm -rf /var/lib/apt/lists/* # buildkit
docker.io/langflowai/langflow-nightly,sha256:52797801cdcd1eabcd03f09e875541e16328bdd3d1836997e6d75d0331326299,9,,2026-06-16T02:43:44.498506302Z,COPY /usr/local/bin/uv /usr/local/bin/uv # buildkit
docker.io/langflowai/langflow-nightly,sha256:52797801cdcd1eabcd03f09e875541e16328bdd3d1836997e6d75d0331326299,10,,2026-06-16T02:43:44.507612068Z,COPY /usr/local/bin/uvx /usr/local/bin/uvx # buildkit
docker.io/langflowai/langflow-nightly,sha256:52797801cdcd1eabcd03f09e875541e16328bdd3d1836997e6d75d0331326299,11,,2026-06-16T02:43:50.52183238Z,"RUN /bin/sh -c ARCH=$(dpkg --print-architecture)     && if [ ""$ARCH"" = ""amd64"" ]; then NODE_ARCH=""x64"";        elif [ ""$ARCH"" = ""arm64"" ]; then NODE_ARCH=""arm64"";        else NODE_ARCH=""$ARCH""; fi     && NODE_VERSION=$(curl -fsSL https://nodejs.org/dist/latest-v22.x/                     | sed -nE ""s/.*node-v([0-9]+\.[0-9]+\.[0-9]+)-linux-${NODE_ARCH}\.tar\.xz.*/\1/p""                     | head -1)     && if [ -z ""$NODE_VERSION"" ]; then echo ""ERROR: Could not determine Node.js version"" && exit 1; fi     && curl -fsSL ""https://nodejs.org/dist/v${NODE_VERSION}/node-v${NODE_VERSION}-linux-${NODE_A"
docker.io/langflowai/langflow-nightly,sha256:52797801cdcd1eabcd03f09e875541e16328bdd3d1836997e6d75d0331326299,12,,2026-06-16T02:43:50.640450433Z,RUN /bin/sh -c useradd user -u 1000 -g 0 --no-create-home --home-dir /app/data # buildkit
docker.io/langflowai/langflow-nightly,sha256:52797801cdcd1eabcd03f09e875541e16328bdd3d1836997e6d75d0331326299,13,,2026-06-16T02:44:15.686868832Z,COPY --chown=1000 /app/.venv /app/.venv # buildkit
docker.io/langflowai/langflow-nightly,sha256:52797801cdcd1eabcd03f09e875541e16328bdd3d1836997e6d75d0331326299,14,yes,2026-06-16T02:44:16.89125478Z,ENV PATH=/app/.venv/bin:/usr/local/bin:/usr/local/sbin:/usr/local/bin:/usr/sbin:/usr/bin:/sbin:/bin
docker.io/langflowai/langflow-nightly,sha256:52797801cdcd1eabcd03f09e875541e16328bdd3d1836997e6d75d0331326299,15,,2026-06-16T02:44:16.89125478Z,RUN /bin/sh -c mkdir -p /app/langflow && chown -R 1000:0 /app/langflow && chmod -R g+rwX /app/langflow # buildkit
docker.io/langflowai/langflow-nightly,sha256:52797801cdcd1eabcd03f09e875541e16328bdd3d1836997e6d75d0331326299,16,yes,2026-06-16T02:44:16.89125478Z,LABEL org.opencontainers.image.title=langflow
docker.io/langflowai/langflow-nightly,sha256:52797801cdcd1eabcd03f09e875541e16328bdd3d1836997e6d75d0331326299,17,yes,2026-06-16T02:44:16.89125478Z,LABEL org.opencontainers.image.authors=[Langflow]
docker.io/langflowai/langflow-nightly,sha256:52797801cdcd1eabcd03f09e875541e16328bdd3d1836997e6d75d0331326299,18,yes,2026-06-16T02:44:16.89125478Z,LABEL org.opencontainers.image.licenses=MIT
docker.io/langflowai/langflow-nightly,sha256:52797801cdcd1eabcd03f09e875541e16328bdd3d1836997e6d75d0331326299,19,yes,2026-06-16T02:44:16.89125478Z,LABEL org.opencontainers.image.url=https://github.com/langflow-ai/langflow
docker.io/langflowai/langflow-nightly,sha256:52797801cdcd1eabcd03f09e875541e16328bdd3d1836997e6d75d0331326299,20,yes,2026-06-16T02:44:16.89125478Z,LABEL org.opencontainers.image.source=https://github.com/langflow-ai/langflow
docker.io/langflowai/langflow-nightly,sha256:52797801cdcd1eabcd03f09e875541e16328bdd3d1836997e6d75d0331326299,21,yes,2026-06-16T02:44:16.89125478Z,USER user
docker.io/langflowai/langflow-nightly,sha256:52797801cdcd1eabcd03f09e875541e16328bdd3d1836997e6d75d0331326299,22,,2026-06-16T02:44:16.899388936Z,WORKDIR /app
docker.io/langflowai/langflow-nightly,sha256:52797801cdcd1eabcd03f09e875541e16328bdd3d1836997e6d75d0331326299,23,yes,2026-06-16T02:44:16.899388936Z,ENV LANGFLOW_HOST=0.0.0.0
docker.io/langflowai/langflow-nightly,sha256:52797801cdcd1eabcd03f09e875541e16328bdd3d1836997e6d75d0331326299,24,yes,2026-06-16T02:44:16.899388936Z,ENV LANGFLOW_PORT=7860
docker.io/langflowai/langflow-nightly,sha256:52797801cdcd1eabcd03f09e875541e16328bdd3d1836997e6d75d0331326299,25,yes,2026-06-16T02:44:16.899388936Z,"CMD [""langflow"" ""run""]"
docker.io/langflowai/langflow-nightly,sha256:af297b5f9813a742535f6726be611758b46a01e43d9e440f3b76cc76d954ea45,0,,2026-06-10T00:00:00Z,# debian.sh --arch 'amd64' out/ 'trixie' '@1781049600'
docker.io/langflowai/langflow-nightly,sha256:af297b5f9813a742535f6726be611758b46a01e43d9e440f3b76cc76d954ea45,1,yes,2026-06-11T00:59:09.939892115Z,ENV PATH=/usr/local/bin:/usr/local/sbin:/usr/local/bin:/usr/sbin:/usr/bin:/sbin:/bin
docker.io/langflowai/langflow-nightly,sha256:af297b5f9813a742535f6726be611758b46a01e43d9e440f3b76cc76d954ea45,2,,2026-06-11T00:59:09.939892115Z,RUN /bin/sh -c set -eux; 	apt-get update; 	apt-get install -y --no-install-recommends 		ca-certificates 		netbase 		tzdata 	; 	apt-get dist-clean # buildkit
docker.io/langflowai/langflow-nightly,sha256:af297b5f9813a742535f6726be611758b46a01e43d9e440f3b76cc76d954ea45,3,yes,2026-06-11T00:59:09.939892115Z,ENV PYTHON_VERSION=3.14.6
docker.io/langflowai/langflow-nightly,sha256:af297b5f9813a742535f6726be611758b46a01e43d9e440f3b76cc76d954ea45,4,yes,2026-06-11T00:59:09.939892115Z,ENV PYTHON_SHA256=143b1dddefaec3bd2e21e3b839b34a2b7fb9842272883c576420d605e9f30c63
docker.io/langflowai/langflow-nightly,sha256:af297b5f9813a742535f6726be611758b46a01e43d9e440f3b76cc76d954ea45,5,,2026-06-11T01:07:14.806354797Z,"RUN /bin/sh -c set -eux; 		savedAptMark=""$(apt-mark showmanual)""; 	apt-get update; 	apt-get install -y --no-install-recommends 		dpkg-dev 		gcc 		gnupg 		libbluetooth-dev 		libbz2-dev 		libc6-dev 		libdb-dev 		libffi-dev 		libgdbm-dev 		liblzma-dev 		libncursesw5-dev 		libreadline-dev 		libsqlite3-dev 		libssl-dev 		libzstd-dev 		make 		tk-dev 		uuid-dev 		wget 		xz-utils 		zlib1g-dev 	; 		wget -O python.tar.xz ""https://www.python.org/ftp/python/${PYTHON_VERSION%%[a-z]*}/Python-$PYTHON_VERSION.tar.xz""; 	echo ""$PYTHON_SHA256 *python.tar.xz"" | sha256sum -c -; 	mkdir -p /usr/src/python; 	tar --ex"
docker.io/langflowai/langflow-nightly,sha256:af297b5f9813a742535f6726be611758b46a01e43d9e440f3b76cc76d954ea45,6,,2026-06-11T01:07:14.920019643Z,"RUN /bin/sh -c set -eux; 	for src in idle3 pip3 pydoc3 python3 python3-config; do 		dst=""$(echo ""$src"" | tr -d 3)""; 		[ -s ""/usr/local/bin/$src"" ]; 		[ ! -e ""/usr/local/bin/$dst"" ]; 		ln -svT ""$src"" ""/usr/local/bin/$dst""; 	done # buildkit"
docker.io/langflowai/langflow-nightly,sha256:af297b5f9813a742535f6726be611758b46a01e43d9e440f3b76cc76d954ea45,7,yes,2026-06-11T01:07:14.920019643Z,"CMD [""python3""]"
docker.io/langflowai/langflow-nightly,sha256:af297b5f9813a742535f6726be611758b46a01e43d9e440f3b76cc76d954ea45,8,,2026-06-17T02:15:10.647180129Z,RUN /bin/sh -c apt-get update     && apt-get upgrade -y     && apt-get install --no-install-recommends -y curl git libpq5 gnupg xz-utils     && apt-get clean     && rm -rf /var/lib/apt/lists/* # buildkit
docker.io/langflowai/langflow-nightly,sha256:af297b5f9813a742535f6726be611758b46a01e43d9e440f3b76cc76d954ea45,9,,2026-06-17T02:17:48.590612092Z,COPY /usr/local/bin/uv /usr/local/bin/uv # buildkit
docker.io/langflowai/langflow-nightly,sha256:af297b5f9813a742535f6726be611758b46a01e43d9e440f3b76cc76d954ea45,10,,2026-06-17T02:17:48.60236582Z,COPY /usr/local/bin/uvx /usr/local/bin/uvx # buildkit
docker.io/langflowai/langflow-nightly,sha256:af297b5f9813a742535f6726be611758b46a01e43d9e440f3b76cc76d954ea45,11,,2026-06-17T02:17:50.524367667Z,"RUN /bin/sh -c ARCH=$(dpkg --print-architecture)     && if [ ""$ARCH"" = ""amd64"" ]; then NODE_ARCH=""x64"";        elif [ ""$ARCH"" = ""arm64"" ]; then NODE_ARCH=""arm64"";        else NODE_ARCH=""$ARCH""; fi     && NODE_VERSION=$(curl -fsSL https://nodejs.org/dist/latest-v22.x/                     | sed -nE ""s/.*node-v([0-9]+\.[0-9]+\.[0-9]+)-linux-${NODE_ARCH}\.tar\.xz.*/\1/p""                     | head -1)     && if [ -z ""$NODE_VERSION"" ]; then echo ""ERROR: Could not determine Node.js version"" && exit 1; fi     && curl -fsSL ""https://nodejs.org/dist/v${NODE_VERSION}/node-v${NODE_VERSION}-linux-${NODE_A"
docker.io/langflowai/langflow-nightly,sha256:af297b5f9813a742535f6726be611758b46a01e43d9e440f3b76cc76d954ea45,12,,2026-06-17T02:17:50.647158363Z,RUN /bin/sh -c useradd user -u 1000 -g 0 --no-create-home --home-dir /app/data # buildkit
docker.io/langflowai/langflow-nightly,sha256:af297b5f9813a742535f6726be611758b46a01e43d9e440f3b76cc76d954ea45,13,,2026-06-17T02:17:59.729707059Z,COPY --chown=1000 /app/.venv /app/.venv # buildkit
docker.io/langflowai/langflow-nightly,sha256:af297b5f9813a742535f6726be611758b46a01e43d9e440f3b76cc76d954ea45,14,yes,2026-06-17T02:18:00.168007436Z,ENV PATH=/app/.venv/bin:/usr/local/bin:/usr/local/sbin:/usr/local/bin:/usr/sbin:/usr/bin:/sbin:/bin
docker.io/langflowai/langflow-nightly,sha256:af297b5f9813a742535f6726be611758b46a01e43d9e440f3b76cc76d954ea45,15,,2026-06-17T02:18:00.168007436Z,RUN /bin/sh -c mkdir -p /app/langflow && chown -R 1000:0 /app/langflow && chmod -R g+rwX /app/langflow # buildkit
docker.io/langflowai/langflow-nightly,sha256:af297b5f9813a742535f6726be611758b46a01e43d9e440f3b76cc76d954ea45,16,yes,2026-06-17T02:18:00.168007436Z,LABEL org.opencontainers.image.title=langflow
docker.io/langflowai/langflow-nightly,sha256:af297b5f9813a742535f6726be611758b46a01e43d9e440f3b76cc76d954ea45,17,yes,2026-06-17T02:18:00.168007436Z,LABEL org.opencontainers.image.authors=[Langflow]
docker.io/langflowai/langflow-nightly,sha256:af297b5f9813a742535f6726be611758b46a01e43d9e440f3b76cc76d954ea45,18,yes,2026-06-17T02:18:00.168007436Z,LABEL org.opencontainers.image.licenses=MIT
docker.io/langflowai/langflow-nightly,sha256:af297b5f9813a742535f6726be611758b46a01e43d9e440f3b76cc76d954ea45,19,yes,2026-06-17T02:18:00.168007436Z,LABEL org.opencontainers.image.url=https://github.com/langflow-ai/langflow
docker.io/langflowai/langflow-nightly,sha256:af297b5f9813a742535f6726be611758b46a01e43d9e440f3b76cc76d954ea45,20,yes,2026-06-17T02:18:00.168007436Z,LABEL org.opencontainers.image.source=https://github.com/langflow-ai/langflow
docker.io/langflowai/langflow-nightly,sha256:af297b5f9813a742535f6726be611758b46a01e43d9e440f3b76cc76d954ea45,21,yes,2026-06-17T02:18:00.168007436Z,USER user
docker.io/langflowai/langflow-nightly,sha256:af297b5f9813a742535f6726be611758b46a01e43d9e440f3b76cc76d954ea45,22,,2026-06-17T02:18:00.181829103Z,WORKDIR /app
docker.io/langflowai/langflow-nightly,sha256:af297b5f9813a742535f6726be611758b46a01e43d9e440f3b76cc76d954ea45,23,yes,2026-06-17T02:18:00.181829103Z,ENV LANGFLOW_HOST=0.0.0.0
docker.io/langflowai/langflow-nightly,sha256:af297b5f9813a742535f6726be611758b46a01e43d9e440f3b76cc76d954ea45,24,yes,2026-06-17T02:18:00.181829103Z,ENV LANGFLOW_PORT=7860
docker.io/langflowai/langflow-nightly,sha256:af297b5f9813a742535f6726be611758b46a01e43d9e440f3b76cc76d954ea45,25,yes,2026-06-17T02:18:00.181829103Z,"CMD [""langflow-base"" ""run""]"
docker.io/cloudsmith/cloudsmith-cli,sha256:fdd2c0ef46632a6174569c422be4800742fc996e3944da4dcb22bec02ec6b9f7,0,,2026-06-09T20:11:31.67032355Z,ADD alpine-minirootfs-3.24.0-x86_64.tar.gz / # buildkit
docker.io/cloudsmith/cloudsmith-cli,sha256:fdd2c0ef46632a6174569c422be4800742fc996e3944da4dcb22bec02ec6b9f7,1,yes,2026-06-09T20:11:31.67032355Z,"CMD [""/bin/sh""]"
docker.io/cloudsmith/cloudsmith-cli,sha256:fdd2c0ef46632a6174569c422be4800742fc996e3944da4dcb22bec02ec6b9f7,2,yes,2026-06-10T20:45:14.157080528Z,ENV PATH=/usr/local/bin:/usr/local/sbin:/usr/local/bin:/usr/sbin:/usr/bin:/sbin:/bin
docker.io/cloudsmith/cloudsmith-cli,sha256:fdd2c0ef46632a6174569c422be4800742fc996e3944da4dcb22bec02ec6b9f7,3,yes,2026-06-10T20:45:14.157080528Z,ENV LANG=C.UTF-8
docker.io/cloudsmith/cloudsmith-cli,sha256:fdd2c0ef46632a6174569c422be4800742fc996e3944da4dcb22bec02ec6b9f7,4,,2026-06-10T20:45:14.157080528Z,RUN /bin/sh -c set -eux; 	apk add --no-cache 		ca-certificates 		tzdata 	; # buildkit
docker.io/cloudsmith/cloudsmith-cli,sha256:fdd2c0ef46632a6174569c422be4800742fc996e3944da4dcb22bec02ec6b9f7,5,yes,2026-06-10T20:45:14.157080528Z,ENV GPG_KEY=7169605F62C751356D054A26A821E680E5FA6305
docker.io/cloudsmith/cloudsmith-cli,sha256:fdd2c0ef46632a6174569c422be4800742fc996e3944da4dcb22bec02ec6b9f7,6,yes,2026-06-10T20:45:14.157080528Z,ENV PYTHON_VERSION=3.12.13
docker.io/cloudsmith/cloudsmith-cli,sha256:fdd2c0ef46632a6174569c422be4800742fc996e3944da4dcb22bec02ec6b9f7,7,yes,2026-06-10T20:45:14.157080528Z,ENV PYTHON_SHA256=c08bc65a81971c1dd5783182826503369466c7e67374d1646519adf05207b684
docker.io/cloudsmith/cloudsmith-cli,sha256:fdd2c0ef46632a6174569c422be4800742fc996e3944da4dcb22bec02ec6b9f7,8,,2026-06-10T20:49:52.947240495Z,"RUN /bin/sh -c set -eux; 		apk add --no-cache --virtual .build-deps 		bluez-dev 		bzip2-dev 		dpkg-dev dpkg 		findutils 		gcc 		gdbm-dev 		gnupg 		libc-dev 		libffi-dev 		libnsl-dev 		libtirpc-dev 		linux-headers 		make 		ncurses-dev 		openssl-dev 		pax-utils 		readline-dev 		sqlite-dev 		tar 		tcl-dev 		tk 		tk-dev 		util-linux-dev 		xz 		xz-dev 		zlib-dev 	; 		wget -O python.tar.xz ""https://www.python.org/ftp/python/${PYTHON_VERSION%%[a-z]*}/Python-$PYTHON_VERSION.tar.xz""; 	echo ""$PYTHON_SHA256 *python.tar.xz"" | sha256sum -c -; 	wget -O python.tar.xz.asc ""https://www.python.org/ftp/python/${"
docker.io/cloudsmith/cloudsmith-cli,sha256:fdd2c0ef46632a6174569c422be4800742fc996e3944da4dcb22bec02ec6b9f7,9,,2026-06-10T20:49:53.045910138Z,"RUN /bin/sh -c set -eux; 	for src in idle3 pip3 pydoc3 python3 python3-config; do 		dst=""$(echo ""$src"" | tr -d 3)""; 		[ -s ""/usr/local/bin/$src"" ]; 		[ ! -e ""/usr/local/bin/$dst"" ]; 		ln -svT ""$src"" ""/usr/local/bin/$dst""; 	done # buildkit"
docker.io/cloudsmith/cloudsmith-cli,sha256:fdd2c0ef46632a6174569c422be4800742fc996e3944da4dcb22bec02ec6b9f7,10,yes,2026-06-10T20:49:53.045910138Z,"CMD [""python3""]"
docker.io/cloudsmith/cloudsmith-cli,sha256:fdd2c0ef46632a6174569c422be4800742fc996e3944da4dcb22bec02ec6b9f7,11,yes,2026-06-11T10:38:52.623710043Z,LABEL maintainer=<e-mail address removed>
docker.io/cloudsmith/cloudsmith-cli,sha256:fdd2c0ef46632a6174569c422be4800742fc996e3944da4dcb22bec02ec6b9f7,12,yes,2026-06-11T10:38:52.623710043Z,"LABEL description=Official Cloudsmith CLI, now served in a handy container"
docker.io/cloudsmith/cloudsmith-cli,sha256:fdd2c0ef46632a6174569c422be4800742fc996e3944da4dcb22bec02ec6b9f7,13,yes,2026-06-11T10:38:52.623710043Z,ENV PYTHONDONTWRITEBYTECODE=1 PIP_NO_CACHE_DIR=1 PATH=/opt/cloudsmith:/usr/local/bin:/usr/local/sbin:/usr/local/bin:/usr/sbin:/usr/bin:/sbin:/bin
docker.io/cloudsmith/cloudsmith-cli,sha256:fdd2c0ef46632a6174569c422be4800742fc996e3944da4dcb22bec02ec6b9f7,14,,2026-06-11T10:38:52.623710043Z,RUN /bin/sh -c apk add --no-cache curl bash ca-certificates # buildkit
docker.io/cloudsmith/cloudsmith-cli,sha256:fdd2c0ef46632a6174569c422be4800742fc996e3944da4dcb22bec02ec6b9f7,15,yes,2026-06-11T10:38:52.623710043Z,ARG CLOUDSMITH_CLI_VERSION=1.19.0
docker.io/cloudsmith/cloudsmith-cli,sha256:fdd2c0ef46632a6174569c422be4800742fc996e3944da4dcb22bec02ec6b9f7,16,yes,2026-06-11T10:38:52.623710043Z,ARG CLOUDSMITH_NAMESPACE=cloudsmith
docker.io/cloudsmith/cloudsmith-cli,sha256:fdd2c0ef46632a6174569c422be4800742fc996e3944da4dcb22bec02ec6b9f7,17,yes,2026-06-11T10:38:52.623710043Z,ARG CLOUDSMITH_REPO=cli-zipapp
docker.io/cloudsmith/cloudsmith-cli,sha256:fdd2c0ef46632a6174569c422be4800742fc996e3944da4dcb22bec02ec6b9f7,18,,2026-06-11T10:39:00.509222617Z,"RUN |3 CLOUDSMITH_CLI_VERSION=1.19.0 CLOUDSMITH_NAMESPACE=cloudsmith CLOUDSMITH_REPO=cli-zipapp /bin/sh -c mkdir -p /opt/cloudsmith  && curl -1sLf -o /opt/cloudsmith/cloudsmith ""https://dl.cloudsmith.io/public/${CLOUDSMITH_NAMESPACE}/${CLOUDSMITH_REPO}/raw/names/cloudsmith-cli/versions/${CLOUDSMITH_CLI_VERSION}/cloudsmith.pyz""  && chmod +x /opt/cloudsmith/cloudsmith # buildkit"
docker.io/cloudsmith/cloudsmith-cli,sha256:fdd2c0ef46632a6174569c422be4800742fc996e3944da4dcb22bec02ec6b9f7,19,,2026-06-11T10:39:00.572830138Z,RUN |3 CLOUDSMITH_CLI_VERSION=1.19.0 CLOUDSMITH_NAMESPACE=cloudsmith CLOUDSMITH_REPO=cli-zipapp /bin/sh -c adduser -D -u 1000 cloudsmith # buildkit
docker.io/cloudsmith/cloudsmith-cli,sha256:fdd2c0ef46632a6174569c422be4800742fc996e3944da4dcb22bec02ec6b9f7,20,yes,2026-06-11T10:39:00.572830138Z,USER cloudsmith
docker.io/cloudsmith/cloudsmith-cli,sha256:fdd2c0ef46632a6174569c422be4800742fc996e3944da4dcb22bec02ec6b9f7,21,yes,2026-06-11T10:39:00.572830138Z,"ENTRYPOINT [""cloudsmith""]"
docker.io/omicsdatascience/modulector,sha256:316b7d04cb22cdb23cc1a8f2f87ca4667f8977588b556472a59d10784031faeb,0,,2026-06-10T00:00:00Z,# debian.sh --arch 'amd64' out/ 'bookworm' '@1781049600'
docker.io/omicsdatascience/modulector,sha256:316b7d04cb22cdb23cc1a8f2f87ca4667f8977588b556472a59d10784031faeb,1,yes,2026-06-11T01:03:03.699885473Z,ENV PATH=/usr/local/bin:/usr/local/sbin:/usr/local/bin:/usr/sbin:/usr/bin:/sbin:/bin
docker.io/omicsdatascience/modulector,sha256:316b7d04cb22cdb23cc1a8f2f87ca4667f8977588b556472a59d10784031faeb,2,yes,2026-06-11T01:03:03.699885473Z,ENV LANG=C.UTF-8
docker.io/omicsdatascience/modulector,sha256:316b7d04cb22cdb23cc1a8f2f87ca4667f8977588b556472a59d10784031faeb,3,,2026-06-11T01:03:03.699885473Z,RUN /bin/sh -c set -eux; 	apt-get update; 	apt-get install -y --no-install-recommends 		ca-certificates 		netbase 		tzdata 	; 	rm -rf /var/lib/apt/lists/* # buildkit
docker.io/omicsdatascience/modulector,sha256:316b7d04cb22cdb23cc1a8f2f87ca4667f8977588b556472a59d10784031faeb,4,yes,2026-06-11T01:03:03.699885473Z,ENV GPG_KEY=7169605F62C751356D054A26A821E680E5FA6305
docker.io/omicsdatascience/modulector,sha256:316b7d04cb22cdb23cc1a8f2f87ca4667f8977588b556472a59d10784031faeb,5,yes,2026-06-11T01:03:03.699885473Z,ENV PYTHON_VERSION=3.12.13
docker.io/omicsdatascience/modulector,sha256:316b7d04cb22cdb23cc1a8f2f87ca4667f8977588b556472a59d10784031faeb,6,yes,2026-06-11T01:03:03.699885473Z,ENV PYTHON_SHA256=c08bc65a81971c1dd5783182826503369466c7e67374d1646519adf05207b684
docker.io/omicsdatascience/modulector,sha256:316b7d04cb22cdb23cc1a8f2f87ca4667f8977588b556472a59d10784031faeb,7,,2026-06-11T01:12:13.560220833Z,"RUN /bin/sh -c set -eux; 		savedAptMark=""$(apt-mark showmanual)""; 	apt-get update; 	apt-get install -y --no-install-recommends 		dpkg-dev 		gcc 		gnupg 		libbluetooth-dev 		libbz2-dev 		libc6-dev 		libdb-dev 		libffi-dev 		libgdbm-dev 		liblzma-dev 		libncursesw5-dev 		libreadline-dev 		libsqlite3-dev 		libssl-dev 		make 		tk-dev 		uuid-dev 		wget 		xz-utils 		zlib1g-dev 	; 		wget -O python.tar.xz ""https://www.python.org/ftp/python/${PYTHON_VERSION%%[a-z]*}/Python-$PYTHON_VERSION.tar.xz""; 	echo ""$PYTHON_SHA256 *python.tar.xz"" | sha256sum -c -; 	wget -O python.tar.xz.asc ""https://www.python.org"
docker.io/omicsdatascience/modulector,sha256:316b7d04cb22cdb23cc1a8f2f87ca4667f8977588b556472a59d10784031faeb,8,,2026-06-11T01:12:13.656395015Z,"RUN /bin/sh -c set -eux; 	for src in idle3 pip3 pydoc3 python3 python3-config; do 		dst=""$(echo ""$src"" | tr -d 3)""; 		[ -s ""/usr/local/bin/$src"" ]; 		[ ! -e ""/usr/local/bin/$dst"" ]; 		ln -svT ""$src"" ""/usr/local/bin/$dst""; 	done # buildkit"
docker.io/omicsdatascience/modulector,sha256:316b7d04cb22cdb23cc1a8f2f87ca4667f8977588b556472a59d10784031faeb,9,yes,2026-06-11T01:12:13.656395015Z,"CMD [""python3""]"
docker.io/omicsdatascience/modulector,sha256:316b7d04cb22cdb23cc1a8f2f87ca4667f8977588b556472a59d10784031faeb,10,,2026-06-13T20:09:37.579756904Z,COPY /uv /uvx /bin/ # buildkit
docker.io/omicsdatascience/modulector,sha256:316b7d04cb22cdb23cc1a8f2f87ca4667f8977588b556472a59d10784031faeb,11,yes,2026-06-13T20:09:37.635542137Z,ENV POSTGRES_USERNAME=modulector
docker.io/omicsdatascience/modulector,sha256:316b7d04cb22cdb23cc1a8f2f87ca4667f8977588b556472a59d10784031faeb,12,yes,2026-06-13T20:09:37.635542137Z,ENV POSTGRES_PASSWORD=modulector
docker.io/omicsdatascience/modulector,sha256:316b7d04cb22cdb23cc1a8f2f87ca4667f8977588b556472a59d10784031faeb,13,yes,2026-06-13T20:09:37.635542137Z,ENV POSTGRES_PORT=5432
docker.io/omicsdatascience/modulector,sha256:316b7d04cb22cdb23cc1a8f2f87ca4667f8977588b556472a59d10784031faeb,14,yes,2026-06-13T20:09:37.635542137Z,ENV POSTGRES_DB=modulector
docker.io/omicsdatascience/modulector,sha256:316b7d04cb22cdb23cc1a8f2f87ca4667f8977588b556472a59d10784031faeb,15,,2026-06-13T20:09:37.635542137Z,RUN /bin/sh -c mkdir /src # buildkit
docker.io/omicsdatascience/modulector,sha256:316b7d04cb22cdb23cc1a8f2f87ca4667f8977588b556472a59d10784031faeb,16,,2026-06-13T20:09:37.644725185Z,WORKDIR /src/
docker.io/omicsdatascience/modulector,sha256:316b7d04cb22cdb23cc1a8f2f87ca4667f8977588b556472a59d10784031faeb,17,yes,2026-06-13T20:09:37.644725185Z,ENV BASEDIR=/src
docker.io/omicsdatascience/modulector,sha256:316b7d04cb22cdb23cc1a8f2f87ca4667f8977588b556472a59d10784031faeb,18,yes,2026-06-13T20:09:37.644725185Z,ENV PATH=/src/.venv/bin:/usr/local/bin:/usr/local/sbin:/usr/local/bin:/usr/sbin:/usr/bin:/sbin:/bin
docker.io/omicsdatascience/modulector,sha256:316b7d04cb22cdb23cc1a8f2f87ca4667f8977588b556472a59d10784031faeb,19,yes,2026-06-13T20:09:37.644725185Z,ENV UV_COMPILE_BYTECODE=1
docker.io/omicsdatascience/modulector,sha256:316b7d04cb22cdb23cc1a8f2f87ca4667f8977588b556472a59d10784031faeb,20,yes,2026-06-13T20:09:37.644725185Z,ENV UV_LINK_MODE=copy
docker.io/omicsdatascience/modulector,sha256:316b7d04cb22cdb23cc1a8f2f87ca4667f8977588b556472a59d10784031faeb,21,,2026-06-13T20:09:37.654511877Z,COPY pyproject.toml uv.lock ./ # buildkit
docker.io/omicsdatascience/modulector,sha256:316b7d04cb22cdb23cc1a8f2f87ca4667f8977588b556472a59d10784031faeb,22,,2026-06-13T20:09:47.472894662Z,RUN /bin/sh -c uv sync --locked --no-dev --no-install-project # buildkit
docker.io/omicsdatascience/modulector,sha256:316b7d04cb22cdb23cc1a8f2f87ca4667f8977588b556472a59d10784031faeb,23,,2026-06-13T20:09:47.807658364Z,COPY . . # buildkit
docker.io/omicsdatascience/modulector,sha256:316b7d04cb22cdb23cc1a8f2f87ca4667f8977588b556472a59d10784031faeb,24,,2026-06-13T20:09:47.859451579Z,RUN /bin/sh -c echo 0 > tools/healthcheck/tries.txt # buildkit
docker.io/omicsdatascience/modulector,sha256:316b7d04cb22cdb23cc1a8f2f87ca4667f8977588b556472a59d10784031faeb,25,yes,2026-06-13T20:09:47.859451579Z,HEALTHCHECK {Test:[CMD-SHELL python tools/healthcheck/check.py] Interval:0s Timeout:0s StartPeriod:0s StartInterval:0s Retries:0}
docker.io/omicsdatascience/modulector,sha256:316b7d04cb22cdb23cc1a8f2f87ca4667f8977588b556472a59d10784031faeb,26,,2026-06-13T20:09:48.023859345Z,RUN /bin/sh -c chmod +x tools/run.sh # buildkit
docker.io/omicsdatascience/modulector,sha256:316b7d04cb22cdb23cc1a8f2f87ca4667f8977588b556472a59d10784031faeb,27,yes,2026-06-13T20:09:48.023859345Z,"CMD [""/bin/bash"" ""-c"" ""tools/run.sh""]"
docker.io/omicsdatascience/modulector,sha256:316b7d04cb22cdb23cc1a8f2f87ca4667f8977588b556472a59d10784031faeb,28,yes,2026-06-13T20:09:48.023859345Z,EXPOSE [8000/tcp]
docker.io/omicsdatascience/modulector,sha256:f4c1ab07bd8faf4702a90ab5aa4df4ddbca44c836fa610dd2a9769b35bdc97da,0,,2026-06-23T00:00:00Z,# debian.sh --arch 'amd64' out/ 'bookworm' '@1782172800'
docker.io/omicsdatascience/modulector,sha256:f4c1ab07bd8faf4702a90ab5aa4df4ddbca44c836fa610dd2a9769b35bdc97da,1,yes,2026-06-24T02:02:04.518868367Z,ENV PATH=/usr/local/bin:/usr/local/sbin:/usr/local/bin:/usr/sbin:/usr/bin:/sbin:/bin
docker.io/omicsdatascience/modulector,sha256:f4c1ab07bd8faf4702a90ab5aa4df4ddbca44c836fa610dd2a9769b35bdc97da,2,yes,2026-06-24T02:02:04.518868367Z,ENV LANG=C.UTF-8
docker.io/omicsdatascience/modulector,sha256:f4c1ab07bd8faf4702a90ab5aa4df4ddbca44c836fa610dd2a9769b35bdc97da,3,,2026-06-24T02:02:04.518868367Z,RUN /bin/sh -c set -eux; 	apt-get update; 	apt-get install -y --no-install-recommends 		ca-certificates 		netbase 		tzdata 	; 	rm -rf /var/lib/apt/lists/* # buildkit
docker.io/omicsdatascience/modulector,sha256:f4c1ab07bd8faf4702a90ab5aa4df4ddbca44c836fa610dd2a9769b35bdc97da,4,yes,2026-06-24T02:02:04.518868367Z,ENV GPG_KEY=7169605F62C751356D054A26A821E680E5FA6305
docker.io/omicsdatascience/modulector,sha256:f4c1ab07bd8faf4702a90ab5aa4df4ddbca44c836fa610dd2a9769b35bdc97da,5,yes,2026-06-24T02:02:04.518868367Z,ENV PYTHON_VERSION=3.12.13
docker.io/omicsdatascience/modulector,sha256:f4c1ab07bd8faf4702a90ab5aa4df4ddbca44c836fa610dd2a9769b35bdc97da,6,yes,2026-06-24T02:02:04.518868367Z,ENV PYTHON_SHA256=c08bc65a81971c1dd5783182826503369466c7e67374d1646519adf05207b684
docker.io/omicsdatascience/modulector,sha256:f4c1ab07bd8faf4702a90ab5aa4df4ddbca44c836fa610dd2a9769b35bdc97da,7,,2026-06-24T02:11:39.758699698Z,"RUN /bin/sh -c set -eux; 		savedAptMark=""$(apt-mark showmanual)""; 	apt-get update; 	apt-get install -y --no-install-recommends 		dpkg-dev 		gcc 		gnupg 		libbluetooth-dev 		libbz2-dev 		libc6-dev 		libdb-dev 		libffi-dev 		libgdbm-dev 		liblzma-dev 		libncursesw5-dev 		libreadline-dev 		libsqlite3-dev 		libssl-dev 		make 		tk-dev 		uuid-dev 		wget 		xz-utils 		zlib1g-dev 	; 		wget -O python.tar.xz ""https://www.python.org/ftp/python/${PYTHON_VERSION%%[a-z]*}/Python-$PYTHON_VERSION.tar.xz""; 	echo ""$PYTHON_SHA256 *python.tar.xz"" | sha256sum -c -; 	wget -O python.tar.xz.asc ""https://www.python.org"
docker.io/omicsdatascience/modulector,sha256:f4c1ab07bd8faf4702a90ab5aa4df4ddbca44c836fa610dd2a9769b35bdc97da,8,,2026-06-24T02:11:39.862627326Z,"RUN /bin/sh -c set -eux; 	for src in idle3 pip3 pydoc3 python3 python3-config; do 		dst=""$(echo ""$src"" | tr -d 3)""; 		[ -s ""/usr/local/bin/$src"" ]; 		[ ! -e ""/usr/local/bin/$dst"" ]; 		ln -svT ""$src"" ""/usr/local/bin/$dst""; 	done # buildkit"
docker.io/omicsdatascience/modulector,sha256:f4c1ab07bd8faf4702a90ab5aa4df4ddbca44c836fa610dd2a9769b35bdc97da,9,yes,2026-06-24T02:11:39.862627326Z,"CMD [""python3""]"
docker.io/omicsdatascience/modulector,sha256:f4c1ab07bd8faf4702a90ab5aa4df4ddbca44c836fa610dd2a9769b35bdc97da,10,,2026-07-03T18:45:53.366691057Z,COPY /uv /uvx /bin/ # buildkit
docker.io/omicsdatascience/modulector,sha256:f4c1ab07bd8faf4702a90ab5aa4df4ddbca44c836fa610dd2a9769b35bdc97da,11,yes,2026-07-03T18:45:53.426606131Z,ENV POSTGRES_USERNAME=modulector
docker.io/omicsdatascience/modulector,sha256:f4c1ab07bd8faf4702a90ab5aa4df4ddbca44c836fa610dd2a9769b35bdc97da,12,yes,2026-07-03T18:45:53.426606131Z,ENV POSTGRES_PASSWORD=modulector
docker.io/omicsdatascience/modulector,sha256:f4c1ab07bd8faf4702a90ab5aa4df4ddbca44c836fa610dd2a9769b35bdc97da,13,yes,2026-07-03T18:45:53.426606131Z,ENV POSTGRES_PORT=5432
docker.io/omicsdatascience/modulector,sha256:f4c1ab07bd8faf4702a90ab5aa4df4ddbca44c836fa610dd2a9769b35bdc97da,14,yes,2026-07-03T18:45:53.426606131Z,ENV POSTGRES_DB=modulector
docker.io/omicsdatascience/modulector,sha256:f4c1ab07bd8faf4702a90ab5aa4df4ddbca44c836fa610dd2a9769b35bdc97da,15,,2026-07-03T18:45:53.426606131Z,RUN /bin/sh -c mkdir /src # buildkit
docker.io/omicsdatascience/modulector,sha256:f4c1ab07bd8faf4702a90ab5aa4df4ddbca44c836fa610dd2a9769b35bdc97da,16,,2026-07-03T18:45:53.437398089Z,WORKDIR /src/
docker.io/omicsdatascience/modulector,sha256:f4c1ab07bd8faf4702a90ab5aa4df4ddbca44c836fa610dd2a9769b35bdc97da,17,yes,2026-07-03T18:45:53.437398089Z,ENV BASEDIR=/src
docker.io/omicsdatascience/modulector,sha256:f4c1ab07bd8faf4702a90ab5aa4df4ddbca44c836fa610dd2a9769b35bdc97da,18,yes,2026-07-03T18:45:53.437398089Z,ENV PATH=/src/.venv/bin:/usr/local/bin:/usr/local/sbin:/usr/local/bin:/usr/sbin:/usr/bin:/sbin:/bin
docker.io/omicsdatascience/modulector,sha256:f4c1ab07bd8faf4702a90ab5aa4df4ddbca44c836fa610dd2a9769b35bdc97da,19,yes,2026-07-03T18:45:53.437398089Z,ENV UV_COMPILE_BYTECODE=1
docker.io/omicsdatascience/modulector,sha256:f4c1ab07bd8faf4702a90ab5aa4df4ddbca44c836fa610dd2a9769b35bdc97da,20,yes,2026-07-03T18:45:53.437398089Z,ENV UV_LINK_MODE=copy
docker.io/omicsdatascience/modulector,sha256:f4c1ab07bd8faf4702a90ab5aa4df4ddbca44c836fa610dd2a9769b35bdc97da,21,,2026-07-03T18:45:53.450631043Z,COPY pyproject.toml uv.lock ./ # buildkit
docker.io/omicsdatascience/modulector,sha256:f4c1ab07bd8faf4702a90ab5aa4df4ddbca44c836fa610dd2a9769b35bdc97da,22,,2026-07-03T18:46:03.704853859Z,RUN /bin/sh -c uv sync --locked --no-dev --no-install-project # buildkit
docker.io/omicsdatascience/modulector,sha256:f4c1ab07bd8faf4702a90ab5aa4df4ddbca44c836fa610dd2a9769b35bdc97da,23,,2026-07-03T18:46:04.052870346Z,COPY . . # buildkit
docker.io/omicsdatascience/modulector,sha256:f4c1ab07bd8faf4702a90ab5aa4df4ddbca44c836fa610dd2a9769b35bdc97da,24,,2026-07-03T18:46:04.105930488Z,RUN /bin/sh -c echo 0 > tools/healthcheck/tries.txt # buildkit
docker.io/omicsdatascience/modulector,sha256:f4c1ab07bd8faf4702a90ab5aa4df4ddbca44c836fa610dd2a9769b35bdc97da,25,yes,2026-07-03T18:46:04.105930488Z,HEALTHCHECK {Test:[CMD-SHELL python tools/healthcheck/check.py] Interval:0s Timeout:0s StartPeriod:0s StartInterval:0s Retries:0}
docker.io/omicsdatascience/modulector,sha256:f4c1ab07bd8faf4702a90ab5aa4df4ddbca44c836fa610dd2a9769b35bdc97da,26,,2026-07-03T18:46:04.172751405Z,RUN /bin/sh -c chmod +x tools/run.sh # buildkit
docker.io/omicsdatascience/modulector,sha256:f4c1ab07bd8faf4702a90ab5aa4df4ddbca44c836fa610dd2a9769b35bdc97da,27,yes,2026-07-03T18:46:04.172751405Z,"CMD [""/bin/bash"" ""-c"" ""tools/run.sh""]"
docker.io/omicsdatascience/modulector,sha256:f4c1ab07bd8faf4702a90ab5aa4df4ddbca44c836fa610dd2a9769b35bdc97da,28,yes,2026-07-03T18:46:04.172751405Z,EXPOSE [8000/tcp 8001/tcp]
docker.io/langflowai/langflow,sha256:88301a422498eaacaa520b425a7c80b0b7a6ca0d55a3f370837403699ffa83d5,0,yes,2026-06-30T05:58:20.98612305Z,"/bin/sh -c #(nop) LABEL maintainer=""Red Hat, Inc."""
docker.io/langflowai/langflow,sha256:88301a422498eaacaa520b425a7c80b0b7a6ca0d55a3f370837403699ffa83d5,1,yes,2026-06-30T05:58:20.997166332Z,"/bin/sh -c #(nop) LABEL vendor=""Red Hat, Inc."""
docker.io/langflowai/langflow,sha256:88301a422498eaacaa520b425a7c80b0b7a6ca0d55a3f370837403699ffa83d5,2,yes,2026-06-30T05:58:21.008710166Z,"/bin/sh -c #(nop) LABEL url=""https://catalog.redhat.com/en/search?searchType=containers"""
docker.io/langflowai/langflow,sha256:88301a422498eaacaa520b425a7c80b0b7a6ca0d55a3f370837403699ffa83d5,3,yes,2026-06-30T05:58:21.021702173Z,"/bin/sh -c #(nop) LABEL com.redhat.component=""ubi10-minimal-container""       name=""ubi10/ubi-minimal""       version=""10.2""       cpe=""cpe:/o:redhat:enterprise_linux:10.2""       distribution-scope=""public"""
docker.io/langflowai/langflow,sha256:88301a422498eaacaa520b425a7c80b0b7a6ca0d55a3f370837403699ffa83d5,4,yes,2026-06-30T05:58:21.033682737Z,"/bin/sh -c #(nop) LABEL com.redhat.license_terms=""https://www.redhat.com/en/about/red-hat-end-user-license-agreements#UBI"""
docker.io/langflowai/langflow,sha256:88301a422498eaacaa520b425a7c80b0b7a6ca0d55a3f370837403699ffa83d5,5,yes,2026-06-30T05:58:21.046716875Z,"/bin/sh -c #(nop) LABEL summary=""Provides the latest release of the minimal Red Hat Universal Base Image 10."""
docker.io/langflowai/langflow,sha256:88301a422498eaacaa520b425a7c80b0b7a6ca0d55a3f370837403699ffa83d5,6,yes,2026-06-30T05:58:21.059285722Z,"/bin/sh -c #(nop) LABEL description=""The Universal Base Image Minimal is a stripped down image that uses microdnf as a package manager. This base image is freely redistributable, but Red Hat only supports Red Hat technologies through subscriptions for Red Hat products. This image is maintained by Red Hat and updated regularly."""
docker.io/langflowai/langflow,sha256:88301a422498eaacaa520b425a7c80b0b7a6ca0d55a3f370837403699ffa83d5,7,yes,2026-06-30T05:58:21.072049134Z,"/bin/sh -c #(nop) LABEL io.k8s.description=""The Universal Base Image Minimal is a stripped down image that uses microdnf as a package manager. This base image is freely redistributable, but Red Hat only supports Red Hat technologies through subscriptions for Red Hat products. This image is maintained by Red Hat and updated regularly."""
docker.io/langflowai/langflow,sha256:88301a422498eaacaa520b425a7c80b0b7a6ca0d55a3f370837403699ffa83d5,8,yes,2026-06-30T05:58:21.084431367Z,"/bin/sh -c #(nop) LABEL io.k8s.display-name=""Red Hat Universal Base Image 10 Minimal"""
docker.io/langflowai/langflow,sha256:88301a422498eaacaa520b425a7c80b0b7a6ca0d55a3f370837403699ffa83d5,9,yes,2026-06-30T05:58:21.097068376Z,"/bin/sh -c #(nop) LABEL io.openshift.expose-services="""""
docker.io/langflowai/langflow,sha256:88301a422498eaacaa520b425a7c80b0b7a6ca0d55a3f370837403699ffa83d5,10,yes,2026-06-30T05:58:21.109229094Z,"/bin/sh -c #(nop) LABEL io.openshift.tags=""minimal rhel10"""
docker.io/langflowai/langflow,sha256:88301a422498eaacaa520b425a7c80b0b7a6ca0d55a3f370837403699ffa83d5,11,yes,2026-06-30T05:58:21.121551456Z,/bin/sh -c #(nop) ENV container oci
docker.io/langflowai/langflow,sha256:88301a422498eaacaa520b425a7c80b0b7a6ca0d55a3f370837403699ffa83d5,12,yes,2026-06-30T05:58:21.588971893Z,/bin/sh -c #(nop) COPY dir:826a40ace3907e1f9970d5a08955d5b6fa6c723fcffac174d9cae163b2ae817c in /      
docker.io/langflowai/langflow,sha256:88301a422498eaacaa520b425a7c80b0b7a6ca0d55a3f370837403699ffa83d5,13,yes,2026-06-30T05:58:21.655475244Z,/bin/sh -c #(nop) COPY file:5de33b5fc08b00635bccf9134a18978dba13e2250aa51838f9969515a3957847 in /etc/yum.repos.d/.      
docker.io/langflowai/langflow,sha256:88301a422498eaacaa520b425a7c80b0b7a6ca0d55a3f370837403699ffa83d5,14,yes,2026-06-30T05:58:21.670669451Z,"/bin/sh -c #(nop) CMD [""/bin/bash""]"
docker.io/langflowai/langflow,sha256:88301a422498eaacaa520b425a7c80b0b7a6ca0d55a3f370837403699ffa83d5,15,yes,2026-06-30T05:58:21.734283876Z,/bin/sh -c #(nop) COPY dir:0284359278ca147ec570006b2f73ec9a3496d218bf3cc370592f0c400a985228 in /usr/share/buildinfo/      
docker.io/langflowai/langflow,sha256:88301a422498eaacaa520b425a7c80b0b7a6ca0d55a3f370837403699ffa83d5,16,yes,2026-06-30T05:58:21.799912237Z,/bin/sh -c #(nop) COPY dir:0284359278ca147ec570006b2f73ec9a3496d218bf3cc370592f0c400a985228 in /root/buildinfo/      
docker.io/langflowai/langflow,sha256:88301a422498eaacaa520b425a7c80b0b7a6ca0d55a3f370837403699ffa83d5,17,,2026-06-30T05:58:22.078427474Z,"/bin/sh -c #(nop) LABEL ""org.opencontainers.image.created""=""2026-06-30T05:58:02Z"" ""org.opencontainers.image.revision""=""44f0ddba4a090cf20869fe52250e95ba0eca806d"" ""build-date""=""2026-06-30T05:58:02Z"" ""architecture""=""x86_64"" ""vcs-ref""=""44f0ddba4a090cf20869fe52250e95ba0eca806d"" ""vcs-type""=""git"" ""release""=""1782798957""org.opencontainers.image.created=2026-06-30T05:58:02Z,org.opencontainers.image.revision=44f0ddba4a090cf20869fe52250e95ba0eca806d"
docker.io/langflowai/langflow,sha256:88301a422498eaacaa520b425a7c80b0b7a6ca0d55a3f370837403699ffa83d5,18,yes,2026-07-08T04:38:27.16733316Z,/bin/sh -c #(nop) EXPOSE 8080
docker.io/langflowai/langflow,sha256:88301a422498eaacaa520b425a7c80b0b7a6ca0d55a3f370837403699ffa83d5,19,yes,2026-07-08T04:38:27.178485812Z,"/bin/sh -c #(nop) ENV PYTHON_VERSION=3.14     PYTHONUNBUFFERED=1     PYTHONIOENCODING=UTF-8     LC_ALL=en_US.UTF-8     LANG=en_US.UTF-8     CNB_STACK_ID=com.redhat.stacks.ubi10-python-314     CNB_USER_ID=1001     CNB_GROUP_ID=0     PIP_NO_CACHE_DIR=off     STI_SCRIPTS_PATH=/usr/libexec/s2i     APP_ROOT=/opt/app-root     HOME=/opt/app-root/src     PLATFORM=""el10"""
docker.io/langflowai/langflow,sha256:88301a422498eaacaa520b425a7c80b0b7a6ca0d55a3f370837403699ffa83d5,20,yes,2026-07-08T04:38:27.190101912Z,/bin/sh -c #(nop) ENV PATH=$APP_ROOT/bin:$HOME/bin:$HOME/.local/bin:$PATH
docker.io/langflowai/langflow,sha256:88301a422498eaacaa520b425a7c80b0b7a6ca0d55a3f370837403699ffa83d5,21,yes,2026-07-08T04:38:27.201563553Z,"/bin/sh -c #(nop) ENV BASH_ENV=${APP_ROOT}/bin/activate     ENV=${APP_ROOT}/bin/activate     PROMPT_COMMAND="". ${APP_ROOT}/bin/activate"""
docker.io/langflowai/langflow,sha256:88301a422498eaacaa520b425a7c80b0b7a6ca0d55a3f370837403699ffa83d5,22,yes,2026-07-08T04:38:27.214399896Z,"/bin/sh -c #(nop) ENV SUMMARY=""Minimal platform for building and running Python $PYTHON_VERSION applications""     DESCRIPTION=""Python $PYTHON_VERSION available as container is a base platform for building and running various Python $PYTHON_VERSION applications and frameworks. Python is an easy to learn, powerful programming language. It has efficient high-level data structures and a simple but effective approach to object-oriented programming. Python's elegant syntax and dynamic typing, together with its interpreted nature, make it an ideal language for scripting and rapid application developm"
docker.io/langflowai/langflow,sha256:88301a422498eaacaa520b425a7c80b0b7a6ca0d55a3f370837403699ffa83d5,23,yes,2026-07-08T04:38:27.225690747Z,"/bin/sh -c #(nop) LABEL summary=""$SUMMARY""       description=""$DESCRIPTION""       io.k8s.description=""$DESCRIPTION""       io.k8s.display-name=""Python 3.14""       io.openshift.expose-services=""8080:http""       io.openshift.tags=""builder,python,python314,python-314,rh-python314""       com.redhat.component=""python-314-container""       name=""ubi10/python-314-minimal""       usage=""s2i build https://github.com/sclorg/s2i-python-container.git --context-dir=3.14-minimal/test/setup-test-app/ ubi10/python-314-minimal python-sample-app""       com.redhat.license_terms=""https://www.redhat.com/en/about/red-"
docker.io/langflowai/langflow,sha256:88301a422498eaacaa520b425a7c80b0b7a6ca0d55a3f370837403699ffa83d5,24,yes,2026-07-08T04:38:28.648556411Z,"/bin/sh -c INSTALL_PKGS=""python3.14 glibc-langpack-en findutils nss_wrapper-libs"" &&     microdnf -y --setopt=tsflags=nodocs --setopt=install_weak_deps=0 install $INSTALL_PKGS &&     microdnf -y clean all --enablerepo='*'"
docker.io/langflowai/langflow,sha256:88301a422498eaacaa520b425a7c80b0b7a6ca0d55a3f370837403699ffa83d5,25,yes,2026-07-08T04:38:28.70611512Z,/bin/sh -c #(nop) COPY dir:14b52e5b4dba2b5d78794253f3905f7c69773c0fbaad2ef4f5997fc407dbb3c3 in $STI_SCRIPTS_PATH      
docker.io/langflowai/langflow,sha256:88301a422498eaacaa520b425a7c80b0b7a6ca0d55a3f370837403699ffa83d5,26,yes,2026-07-08T04:38:28.766976747Z,/bin/sh -c #(nop) COPY dir:0e0aa0f5272905534917e11b52428147aefc961d770ef17b2d3ec9f7ec09cf1d in /      
docker.io/langflowai/langflow,sha256:88301a422498eaacaa520b425a7c80b0b7a6ca0d55a3f370837403699ffa83d5,27,yes,2026-07-08T04:38:28.825381557Z,/bin/sh -c #(nop) COPY dir:208155bc9054883784c7146928dd201221f759e227e3fb517c26e7336c745994 in /opt/wheels      
docker.io/langflowai/langflow,sha256:88301a422498eaacaa520b425a7c80b0b7a6ca0d55a3f370837403699ffa83d5,28,yes,2026-07-08T04:38:28.837155046Z,/bin/sh -c #(nop) WORKDIR ${HOME}
docker.io/langflowai/langflow,sha256:88301a422498eaacaa520b425a7c80b0b7a6ca0d55a3f370837403699ffa83d5,29,yes,2026-07-08T04:38:33.503920053Z,/bin/sh -c     python3.14 -m venv ${APP_ROOT} &&     ${APP_ROOT}/bin/pip install /opt/wheels/pip-* &&     rm -r /opt/wheels &&     chown -R 1001:0 ${APP_ROOT} &&     fix-permissions ${APP_ROOT} -P &&     rpm-file-permissions
docker.io/langflowai/langflow,sha256:88301a422498eaacaa520b425a7c80b0b7a6ca0d55a3f370837403699ffa83d5,30,yes,2026-07-08T04:38:33.518432596Z,/bin/sh -c #(nop) USER 1001
docker.io/langflowai/langflow,sha256:88301a422498eaacaa520b425a7c80b0b7a6ca0d55a3f370837403699ffa83d5,31,yes,2026-07-08T04:38:33.530222145Z,/bin/sh -c #(nop) CMD $STI_SCRIPTS_PATH/usage
docker.io/langflowai/langflow,sha256:88301a422498eaacaa520b425a7c80b0b7a6ca0d55a3f370837403699ffa83d5,32,yes,2026-07-08T04:38:33.586321079Z,/bin/sh -c #(nop) COPY dir:8c522e535baa2478534d89b8ed2692e7b3132bd494fbafd225a7d94aab555cfe in /usr/share/buildinfo/      
docker.io/langflowai/langflow,sha256:88301a422498eaacaa520b425a7c80b0b7a6ca0d55a3f370837403699ffa83d5,33,yes,2026-07-08T04:38:33.651851181Z,/bin/sh -c #(nop) COPY dir:8c522e535baa2478534d89b8ed2692e7b3132bd494fbafd225a7d94aab555cfe in /root/buildinfo/      
docker.io/langflowai/langflow,sha256:88301a422498eaacaa520b425a7c80b0b7a6ca0d55a3f370837403699ffa83d5,34,,2026-07-08T04:38:34.521956908Z,"/bin/sh -c #(nop) LABEL ""org.opencontainers.image.created""=""2026-07-08T04:38:22Z"" ""org.opencontainers.image.revision""=""dc55323b09a3a1620d325c98f365f577834cbbfb"" ""build-date""=""2026-07-08T04:38:22Z"" ""architecture""=""x86_64"" ""vcs-ref""=""dc55323b09a3a1620d325c98f365f577834cbbfb"" ""vcs-type""=""git"" ""release""=""1783485471""org.opencontainers.image.created=2026-07-08T04:38:22Z,org.opencontainers.image.revision=dc55323b09a3a1620d325c98f365f577834cbbfb"
docker.io/langflowai/langflow,sha256:88301a422498eaacaa520b425a7c80b0b7a6ca0d55a3f370837403699ffa83d5,35,yes,2026-07-14T04:15:47.988577326Z,USER root
docker.io/langflowai/langflow,sha256:88301a422498eaacaa520b425a7c80b0b7a6ca0d55a3f370837403699ffa83d5,36,,2026-07-14T04:15:47.988577326Z,RUN /bin/sh -c microdnf update -y     && microdnf install -y curl git libpq gnupg xz tar shadow-utils     && microdnf clean all # buildkit
docker.io/langflowai/langflow,sha256:88301a422498eaacaa520b425a7c80b0b7a6ca0d55a3f370837403699ffa83d5,37,,2026-07-14T04:17:53.839012705Z,COPY /usr/local/bin/uv /usr/local/bin/uv # buildkit
docker.io/langflowai/langflow,sha256:88301a422498eaacaa520b425a7c80b0b7a6ca0d55a3f370837403699ffa83d5,38,,2026-07-14T04:17:53.849052049Z,COPY /usr/local/bin/uvx /usr/local/bin/uvx # buildkit
docker.io/langflowai/langflow,sha256:88301a422498eaacaa520b425a7c80b0b7a6ca0d55a3f370837403699ffa83d5,39,,2026-07-14T04:17:55.945362942Z,"RUN /bin/sh -c ARCH=$(uname -m)     && if [ ""$ARCH"" = ""x86_64"" ]; then NODE_ARCH=""x64"";        elif [ ""$ARCH"" = ""aarch64"" ]; then NODE_ARCH=""arm64"";        else NODE_ARCH=""$ARCH""; fi     && NODE_VERSION=$(curl -fsSL https://nodejs.org/dist/latest-v22.x/                     | sed -nE ""s/.*node-v([0-9]+\.[0-9]+\.[0-9]+)-linux-${NODE_ARCH}\.tar\.xz.*/\1/p""                     | head -1)     && if [ -z ""$NODE_VERSION"" ]; then echo ""ERROR: Could not determine Node.js version"" && exit 1; fi     && curl -fsSL ""https://nodejs.org/dist/v${NODE_VERSION}/node-v${NODE_VERSION}-linux-${NODE_ARCH}.tar.xz""  "
docker.io/langflowai/langflow,sha256:88301a422498eaacaa520b425a7c80b0b7a6ca0d55a3f370837403699ffa83d5,40,,2026-07-14T04:17:56.062745288Z,RUN /bin/sh -c useradd user -u 1000 -g 0 --no-create-home --home-dir /app/data # buildkit
docker.io/langflowai/langflow,sha256:88301a422498eaacaa520b425a7c80b0b7a6ca0d55a3f370837403699ffa83d5,41,,2026-07-14T04:18:14.992443013Z,COPY --chown=1000 /app/.venv /app/.venv # buildkit
docker.io/langflowai/langflow,sha256:88301a422498eaacaa520b425a7c80b0b7a6ca0d55a3f370837403699ffa83d5,42,yes,2026-07-14T04:18:14.992443013Z,ENV PATH=/app/.venv/bin:/opt/app-root/bin:/opt/app-root/src/bin:/opt/app-root/src/.local/bin:/usr/local/sbin:/usr/local/bin:/usr/sbin:/usr/bin:/sbin:/bin
docker.io/langflowai/langflow,sha256:88301a422498eaacaa520b425a7c80b0b7a6ca0d55a3f370837403699ffa83d5,43,yes,2026-07-14T04:18:14.992443013Z,ENV BASH_ENV= ENV= PROMPT_COMMAND=
docker.io/langflowai/langflow,sha256:88301a422498eaacaa520b425a7c80b0b7a6ca0d55a3f370837403699ffa83d5,44,,2026-07-14T04:18:15.711404024Z,RUN /bin/sh -c mkdir -p /app/langflow && chown -R 1000:0 /app/langflow && chmod -R g+rwX /app/langflow # buildkit
docker.io/langflowai/langflow,sha256:88301a422498eaacaa520b425a7c80b0b7a6ca0d55a3f370837403699ffa83d5,45,yes,2026-07-14T04:18:15.711404024Z,ENV NPM_CONFIG_CACHE=/app/.npm
docker.io/langflowai/langflow,sha256:88301a422498eaacaa520b425a7c80b0b7a6ca0d55a3f370837403699ffa83d5,46,,2026-07-14T04:18:15.783384052Z,RUN /bin/sh -c mkdir -p /app/.npm /opt/app-root/src/.npm     && chown -R 1000:0 /app/.npm /opt/app-root/src/.npm     && chmod -R g+rwX /app/.npm /opt/app-root/src/.npm # buildkit
docker.io/langflowai/langflow,sha256:88301a422498eaacaa520b425a7c80b0b7a6ca0d55a3f370837403699ffa83d5,47,yes,2026-07-14T04:18:15.783384052Z,LABEL org.opencontainers.image.title=langflow
docker.io/langflowai/langflow,sha256:88301a422498eaacaa520b425a7c80b0b7a6ca0d55a3f370837403699ffa83d5,48,yes,2026-07-14T04:18:15.783384052Z,LABEL org.opencontainers.image.authors=[Langflow]
docker.io/langflowai/langflow,sha256:88301a422498eaacaa520b425a7c80b0b7a6ca0d55a3f370837403699ffa83d5,49,yes,2026-07-14T04:18:15.783384052Z,LABEL org.opencontainers.image.licenses=MIT
docker.io/langflowai/langflow,sha256:88301a422498eaacaa520b425a7c80b0b7a6ca0d55a3f370837403699ffa83d5,50,yes,2026-07-14T04:18:15.783384052Z,LABEL org.opencontainers.image.url=https://github.com/langflow-ai/langflow
docker.io/langflowai/langflow,sha256:88301a422498eaacaa520b425a7c80b0b7a6ca0d55a3f370837403699ffa83d5,51,yes,2026-07-14T04:18:15.783384052Z,LABEL org.opencontainers.image.source=https://github.com/langflow-ai/langflow
docker.io/langflowai/langflow,sha256:88301a422498eaacaa520b425a7c80b0b7a6ca0d55a3f370837403699ffa83d5,52,yes,2026-07-14T04:18:15.783384052Z,USER user
docker.io/langflowai/langflow,sha256:88301a422498eaacaa520b425a7c80b0b7a6ca0d55a3f370837403699ffa83d5,53,,2026-07-14T04:18:15.794351317Z,WORKDIR /app
docker.io/langflowai/langflow,sha256:88301a422498eaacaa520b425a7c80b0b7a6ca0d55a3f370837403699ffa83d5,54,yes,2026-07-14T04:18:15.794351317Z,ENV LANGFLOW_HOST=0.0.0.0
docker.io/langflowai/langflow,sha256:88301a422498eaacaa520b425a7c80b0b7a6ca0d55a3f370837403699ffa83d5,55,yes,2026-07-14T04:18:15.794351317Z,ENV LANGFLOW_PORT=7860
docker.io/langflowai/langflow,sha256:88301a422498eaacaa520b425a7c80b0b7a6ca0d55a3f370837403699ffa83d5,56,yes,2026-07-14T04:18:15.794351317Z,ENV LANGFLOW_AUTO_LOGIN=false
docker.io/langflowai/langflow,sha256:88301a422498eaacaa520b425a7c80b0b7a6ca0d55a3f370837403699ffa83d5,57,yes,2026-07-14T04:18:15.794351317Z,ENV LANGFLOW_ALLOW_CUSTOM_COMPONENTS=false
docker.io/langflowai/langflow,sha256:88301a422498eaacaa520b425a7c80b0b7a6ca0d55a3f370837403699ffa83d5,58,yes,2026-07-14T04:18:15.794351317Z,ENV LANGFLOW_BLOCK_CODE_INTERPRETER_COMPONENTS=true
docker.io/langflowai/langflow,sha256:88301a422498eaacaa520b425a7c80b0b7a6ca0d55a3f370837403699ffa83d5,59,yes,2026-07-14T04:18:15.794351317Z,ENV LANGFLOW_RESTRICT_LOCAL_FILE_ACCESS=true
docker.io/langflowai/langflow,sha256:88301a422498eaacaa520b425a7c80b0b7a6ca0d55a3f370837403699ffa83d5,60,yes,2026-07-14T04:18:15.794351317Z,ENV LANGFLOW_MCP_SERVER_DOCKER_HARDENING=true
docker.io/langflowai/langflow,sha256:88301a422498eaacaa520b425a7c80b0b7a6ca0d55a3f370837403699ffa83d5,61,yes,2026-07-14T04:18:15.794351317Z,ENV LANGFLOW_MCP_SERVER_INTERPRETER_HARDENING=true
docker.io/langflowai/langflow,sha256:88301a422498eaacaa520b425a7c80b0b7a6ca0d55a3f370837403699ffa83d5,62,yes,2026-07-14T04:18:15.794351317Z,"ENV LANGFLOW_MCP_SERVER_ALLOWED_PACKAGES=mcp-proxy,lfx"
docker.io/langflowai/langflow,sha256:88301a422498eaacaa520b425a7c80b0b7a6ca0d55a3f370837403699ffa83d5,63,yes,2026-07-14T04:18:15.794351317Z,"CMD [""langflow"" ""run""]"
docker.io/browseruse/browseruse,sha256:e20708fbeb979a707507fbac75b5504bbdf8a448f24069064a1f5c9480814191,0,,2026-05-18T00:00:00Z,# debian.sh --arch 'amd64' out/ 'trixie' '@1779062400'
docker.io/browseruse/browseruse,sha256:e20708fbeb979a707507fbac75b5504bbdf8a448f24069064a1f5c9480814191,1,yes,2026-05-19T23:42:40.234278553Z,ENV PATH=/usr/local/bin:/usr/local/sbin:/usr/local/bin:/usr/sbin:/usr/bin:/sbin:/bin
docker.io/browseruse/browseruse,sha256:e20708fbeb979a707507fbac75b5504bbdf8a448f24069064a1f5c9480814191,2,yes,2026-05-19T23:42:40.234278553Z,ENV LANG=C.UTF-8
docker.io/browseruse/browseruse,sha256:e20708fbeb979a707507fbac75b5504bbdf8a448f24069064a1f5c9480814191,3,,2026-05-19T23:42:40.234278553Z,RUN /bin/sh -c set -eux; 	apt-get update; 	apt-get install -y --no-install-recommends 		ca-certificates 		netbase 		tzdata 	; 	apt-get dist-clean # buildkit
docker.io/browseruse/browseruse,sha256:e20708fbeb979a707507fbac75b5504bbdf8a448f24069064a1f5c9480814191,4,yes,2026-05-19T23:42:40.234278553Z,ENV GPG_KEY=7169605F62C751356D054A26A821E680E5FA6305
docker.io/browseruse/browseruse,sha256:e20708fbeb979a707507fbac75b5504bbdf8a448f24069064a1f5c9480814191,5,yes,2026-05-19T23:42:40.234278553Z,ENV PYTHON_VERSION=3.12.13
docker.io/browseruse/browseruse,sha256:e20708fbeb979a707507fbac75b5504bbdf8a448f24069064a1f5c9480814191,6,yes,2026-05-19T23:42:40.234278553Z,ENV PYTHON_SHA256=c08bc65a81971c1dd5783182826503369466c7e67374d1646519adf05207b684
docker.io/browseruse/browseruse,sha256:e20708fbeb979a707507fbac75b5504bbdf8a448f24069064a1f5c9480814191,7,,2026-05-19T23:50:55.41770734Z,"RUN /bin/sh -c set -eux; 		savedAptMark=""$(apt-mark showmanual)""; 	apt-get update; 	apt-get install -y --no-install-recommends 		dpkg-dev 		gcc 		gnupg 		libbluetooth-dev 		libbz2-dev 		libc6-dev 		libdb-dev 		libffi-dev 		libgdbm-dev 		liblzma-dev 		libncursesw5-dev 		libreadline-dev 		libsqlite3-dev 		libssl-dev 		make 		tk-dev 		uuid-dev 		wget 		xz-utils 		zlib1g-dev 	; 		wget -O python.tar.xz ""https://www.python.org/ftp/python/${PYTHON_VERSION%%[a-z]*}/Python-$PYTHON_VERSION.tar.xz""; 	echo ""$PYTHON_SHA256 *python.tar.xz"" | sha256sum -c -; 	wget -O python.tar.xz.asc ""https://www.python.org"
docker.io/browseruse/browseruse,sha256:e20708fbeb979a707507fbac75b5504bbdf8a448f24069064a1f5c9480814191,8,,2026-05-19T23:50:55.52769964Z,"RUN /bin/sh -c set -eux; 	for src in idle3 pip3 pydoc3 python3 python3-config; do 		dst=""$(echo ""$src"" | tr -d 3)""; 		[ -s ""/usr/local/bin/$src"" ]; 		[ ! -e ""/usr/local/bin/$dst"" ]; 		ln -svT ""$src"" ""/usr/local/bin/$dst""; 	done # buildkit"
docker.io/browseruse/browseruse,sha256:e20708fbeb979a707507fbac75b5504bbdf8a448f24069064a1f5c9480814191,9,yes,2026-05-19T23:50:55.52769964Z,"CMD [""python3""]"
docker.io/browseruse/browseruse,sha256:e20708fbeb979a707507fbac75b5504bbdf8a448f24069064a1f5c9480814191,10,yes,2026-05-20T03:53:54.087644999Z,LABEL name=browseruse maintainer=Nick Sweeting <<e-mail address removed>> description=Make websites accessible for AI agents. Automate tasks online with ease. homepage=https://github.com/browser-use/browser-use documentation=https://docs.browser-use.com org.opencontainers.image.title=browseruse org.opencontainers.image.vendor=browseruse org.opencontainers.image.description=Make websites accessible for AI agents. Automate tasks online with ease. org.opencontainers.image.source=https://github.com/browser-use/browser-use com.docker.image.source.entrypoint=Dockerfile com.docker.desktop.extension
docker.io/browseruse/browseruse,sha256:e20708fbeb979a707507fbac75b5504bbdf8a448f24069064a1f5c9480814191,11,yes,2026-05-20T03:53:54.087644999Z,ARG TARGETPLATFORM=linux/amd64
docker.io/browseruse/browseruse,sha256:e20708fbeb979a707507fbac75b5504bbdf8a448f24069064a1f5c9480814191,12,yes,2026-05-20T03:53:54.087644999Z,ARG TARGETOS=linux
docker.io/browseruse/browseruse,sha256:e20708fbeb979a707507fbac75b5504bbdf8a448f24069064a1f5c9480814191,13,yes,2026-05-20T03:53:54.087644999Z,ARG TARGETARCH=amd64
docker.io/browseruse/browseruse,sha256:e20708fbeb979a707507fbac75b5504bbdf8a448f24069064a1f5c9480814191,14,yes,2026-05-20T03:53:54.087644999Z,ARG TARGETVARIANT=
docker.io/browseruse/browseruse,sha256:e20708fbeb979a707507fbac75b5504bbdf8a448f24069064a1f5c9480814191,15,yes,2026-05-20T03:53:54.087644999Z,ENV TZ=UTC LANGUAGE=en_US:en LC_ALL=C.UTF-8 LANG=C.UTF-8 DEBIAN_FRONTEND=noninteractive APT_KEY_DONT_WARN_ON_DANGEROUS_USAGE=1 PYTHONIOENCODING=UTF-8 PYTHONUNBUFFERED=1 PIP_DISABLE_PIP_VERSION_CHECK=1 UV_CACHE_DIR=/root/.cache/uv UV_LINK_MODE=copy UV_COMPILE_BYTECODE=1 UV_PYTHON_PREFERENCE=only-system npm_config_loglevel=error IN_DOCKER=True
docker.io/browseruse/browseruse,sha256:e20708fbeb979a707507fbac75b5504bbdf8a448f24069064a1f5c9480814191,16,yes,2026-05-20T03:53:54.087644999Z,ENV BROWSERUSE_USER=browseruse DEFAULT_PUID=911 DEFAULT_PGID=911
docker.io/browseruse/browseruse,sha256:e20708fbeb979a707507fbac75b5504bbdf8a448f24069064a1f5c9480814191,17,yes,2026-05-20T03:53:54.087644999Z,ENV CODE_DIR=/app DATA_DIR=/data VENV_DIR=/app/.venv PATH=/app/.venv/bin:/usr/local/bin:/usr/local/sbin:/usr/local/bin:/usr/sbin:/usr/bin:/sbin:/bin
docker.io/browseruse/browseruse,sha256:e20708fbeb979a707507fbac75b5504bbdf8a448f24069064a1f5c9480814191,18,yes,2026-05-20T03:53:54.087644999Z,SHELL [/bin/bash -o pipefail -o errexit -o errtrace -o nounset -c]
docker.io/browseruse/browseruse,sha256:e20708fbeb979a707507fbac75b5504bbdf8a448f24069064a1f5c9480814191,19,,2026-05-20T03:53:54.087644999Z,"RUN |4 TARGETPLATFORM=linux/amd64 TARGETOS=linux TARGETARCH=amd64 TARGETVARIANT= /bin/bash -o pipefail -o errexit -o errtrace -o nounset -c echo 'Binary::apt::APT::Keep-Downloaded-Packages ""1"";' > /etc/apt/apt.conf.d/99keep-cache     && echo 'APT::Install-Recommends ""0"";' > /etc/apt/apt.conf.d/99no-intall-recommends     && echo 'APT::Install-Suggests ""0"";' > /etc/apt/apt.conf.d/99no-intall-suggests     && rm -f /etc/apt/apt.conf.d/docker-clean # buildkit"
docker.io/browseruse/browseruse,sha256:e20708fbeb979a707507fbac75b5504bbdf8a448f24069064a1f5c9480814191,20,,2026-05-20T03:53:55.061955789Z,"RUN |4 TARGETPLATFORM=linux/amd64 TARGETOS=linux TARGETARCH=amd64 TARGETVARIANT= /bin/bash -o pipefail -o errexit -o errtrace -o nounset -c (echo ""[i] Docker build for Browser Use $(cat /VERSION.txt) starting...""     && echo ""PLATFORM=${TARGETPLATFORM} ARCH=$(uname -m) ($(uname -s) ${TARGETARCH} ${TARGETVARIANT})""     && echo ""BUILD_START_TIME=$(date +""%Y-%m-%d %H:%M:%S %s"") TZ=${TZ} LANG=${LANG}""     && echo     && echo ""CODE_DIR=${CODE_DIR} DATA_DIR=${DATA_DIR} PATH=${PATH}""     && echo     && uname -a     && cat /etc/os-release | head -n7     && which bash && bash --version | head -n1     &"
docker.io/browseruse/browseruse,sha256:e20708fbeb979a707507fbac75b5504bbdf8a448f24069064a1f5c9480814191,21,,2026-05-20T03:53:55.167724492Z,"RUN |4 TARGETPLATFORM=linux/amd64 TARGETOS=linux TARGETARCH=amd64 TARGETVARIANT= /bin/bash -o pipefail -o errexit -o errtrace -o nounset -c echo ""[*] Setting up $BROWSERUSE_USER user uid=${DEFAULT_PUID}...""     && groupadd --system $BROWSERUSE_USER     && useradd --system --create-home --gid $BROWSERUSE_USER --groups audio,video $BROWSERUSE_USER     && usermod -u ""$DEFAULT_PUID"" ""$BROWSERUSE_USER""     && groupmod -g ""$DEFAULT_PGID"" ""$BROWSERUSE_USER""     && mkdir -p /data     && mkdir -p /home/$BROWSERUSE_USER/.config     && chown -R $BROWSERUSE_USER:$BROWSERUSE_USER /home/$BROWSERUSE_USER    "
docker.io/browseruse/browseruse,sha256:e20708fbeb979a707507fbac75b5504bbdf8a448f24069064a1f5c9480814191,22,,2026-05-20T03:53:59.832549513Z,"RUN |4 TARGETPLATFORM=linux/amd64 TARGETOS=linux TARGETARCH=amd64 TARGETVARIANT= /bin/bash -o pipefail -o errexit -o errtrace -o nounset -c echo ""[+] Installing APT base system dependencies for $TARGETPLATFORM...""     && mkdir -p /etc/apt/keyrings     && apt-get update -qq     && apt-get install -qq -y --no-install-recommends         apt-transport-https ca-certificates apt-utils gnupg2 unzip curl wget grep         nano iputils-ping dnsutils jq      && rm -rf /var/lib/apt/lists/* # buildkit"
docker.io/browseruse/browseruse,sha256:e20708fbeb979a707507fbac75b5504bbdf8a448f24069064a1f5c9480814191,23,,2026-05-20T03:53:59.932989794Z,COPY /uv /uvx /bin/ # buildkit
docker.io/browseruse/browseruse,sha256:e20708fbeb979a707507fbac75b5504bbdf8a448f24069064a1f5c9480814191,24,,2026-05-20T03:53:59.941845558Z,WORKDIR /app
docker.io/browseruse/browseruse,sha256:e20708fbeb979a707507fbac75b5504bbdf8a448f24069064a1f5c9480814191,25,,2026-05-20T03:53:59.955674026Z,COPY pyproject.toml uv.lock* /app/ # buildkit
docker.io/browseruse/browseruse,sha256:e20708fbeb979a707507fbac75b5504bbdf8a448f24069064a1f5c9480814191,26,,2026-05-20T03:54:00.096283446Z,"RUN |4 TARGETPLATFORM=linux/amd64 TARGETOS=linux TARGETARCH=amd64 TARGETVARIANT= /bin/bash -o pipefail -o errexit -o errtrace -o nounset -c echo ""[+] Setting up venv using uv in $VENV_DIR...""     && (      which uv && uv --version      && uv venv      && which python | grep ""$VENV_DIR""      && python --version     ) | tee -a /VERSION.txt # buildkit"
docker.io/browseruse/browseruse,sha256:e20708fbeb979a707507fbac75b5504bbdf8a448f24069064a1f5c9480814191,27,,2026-05-20T03:54:17.609174196Z,"RUN |4 TARGETPLATFORM=linux/amd64 TARGETOS=linux TARGETARCH=amd64 TARGETVARIANT= /bin/bash -o pipefail -o errexit -o errtrace -o nounset -c echo ""[+] Installing chromium browser from system packages...""     && apt-get update -qq     && apt-get install -y --no-install-recommends         chromium         fonts-unifont         fonts-liberation         fonts-dejavu-core         fonts-freefont-ttf         fonts-noto-core     && rm -rf /var/lib/apt/lists/*     && ln -s /usr/bin/chromium /usr/bin/chromium-browser     && ln -s /usr/bin/chromium /app/chromium-browser     && mkdir -p ""/home/${BROWSERUSE"
docker.io/browseruse/browseruse,sha256:e20708fbeb979a707507fbac75b5504bbdf8a448f24069064a1f5c9480814191,28,,2026-05-20T03:54:46.13248867Z,"RUN |4 TARGETPLATFORM=linux/amd64 TARGETOS=linux TARGETARCH=amd64 TARGETVARIANT= /bin/bash -o pipefail -o errexit -o errtrace -o nounset -c echo ""[+] Installing browser-use pip sub-dependencies...""      && (         uv sync --all-extras --no-dev --no-install-project         && echo -e '\n\n'      ) | tee -a /VERSION.txt # buildkit"
docker.io/browseruse/browseruse,sha256:e20708fbeb979a707507fbac75b5504bbdf8a448f24069064a1f5c9480814191,29,,2026-05-20T03:54:46.590981863Z,COPY . /app # buildkit
docker.io/browseruse/browseruse,sha256:e20708fbeb979a707507fbac75b5504bbdf8a448f24069064a1f5c9480814191,30,,2026-05-20T03:54:48.980997628Z,"RUN |4 TARGETPLATFORM=linux/amd64 TARGETOS=linux TARGETARCH=amd64 TARGETVARIANT= /bin/bash -o pipefail -o errexit -o errtrace -o nounset -c echo ""[+] Installing browser-use pip library from source...""      && (         uv sync --all-extras --locked --no-dev         && python -c ""import browser_use; print('browser-use installed successfully')""         && echo -e '\n\n'      ) | tee -a /VERSION.txt # buildkit"
docker.io/browseruse/browseruse,sha256:e20708fbeb979a707507fbac75b5504bbdf8a448f24069064a1f5c9480814191,31,,2026-05-20T03:54:49.042896846Z,"RUN |4 TARGETPLATFORM=linux/amd64 TARGETOS=linux TARGETARCH=amd64 TARGETVARIANT= /bin/bash -o pipefail -o errexit -o errtrace -o nounset -c mkdir -p ""$DATA_DIR/profiles/default""     && chown -R $BROWSERUSE_USER:$BROWSERUSE_USER ""$DATA_DIR"" ""$DATA_DIR""/*     && (         echo -e ""\n\n[√] Finished Docker build successfully. Saving build summary in: /VERSION.txt""         && echo -e ""PLATFORM=${TARGETPLATFORM} ARCH=$(uname -m) ($(uname -s) ${TARGETARCH} ${TARGETVARIANT})\n""         && echo -e ""BUILD_END_TIME=$(date +""%Y-%m-%d %H:%M:%S %s"")\n\n""     ) | tee -a /VERSION.txt # buildkit"
docker.io/browseruse/browseruse,sha256:e20708fbeb979a707507fbac75b5504bbdf8a448f24069064a1f5c9480814191,32,yes,2026-05-20T03:54:49.042896846Z,USER browseruse
docker.io/browseruse/browseruse,sha256:e20708fbeb979a707507fbac75b5504bbdf8a448f24069064a1f5c9480814191,33,yes,2026-05-20T03:54:49.042896846Z,VOLUME [/data]
docker.io/browseruse/browseruse,sha256:e20708fbeb979a707507fbac75b5504bbdf8a448f24069064a1f5c9480814191,34,yes,2026-05-20T03:54:49.042896846Z,EXPOSE [9242/tcp]
docker.io/browseruse/browseruse,sha256:e20708fbeb979a707507fbac75b5504bbdf8a448f24069064a1f5c9480814191,35,yes,2026-05-20T03:54:49.042896846Z,EXPOSE [9222/tcp]
docker.io/browseruse/browseruse,sha256:e20708fbeb979a707507fbac75b5504bbdf8a448f24069064a1f5c9480814191,36,yes,2026-05-20T03:54:49.042896846Z,"ENTRYPOINT [""browser-use""]"
docker.io/browseruse/browseruse,sha256:00831e874ef58187ba91f6d93a61f8e003c4a13153d47771436c7ec3701f8a5c,0,,2026-06-23T00:00:00Z,# debian.sh --arch 'amd64' out/ 'trixie' '@1782172800'
docker.io/browseruse/browseruse,sha256:00831e874ef58187ba91f6d93a61f8e003c4a13153d47771436c7ec3701f8a5c,1,yes,2026-06-24T02:01:30.196097531Z,ENV PATH=/usr/local/bin:/usr/local/sbin:/usr/local/bin:/usr/sbin:/usr/bin:/sbin:/bin
docker.io/browseruse/browseruse,sha256:00831e874ef58187ba91f6d93a61f8e003c4a13153d47771436c7ec3701f8a5c,2,yes,2026-06-24T02:01:30.196097531Z,ENV LANG=C.UTF-8
docker.io/browseruse/browseruse,sha256:00831e874ef58187ba91f6d93a61f8e003c4a13153d47771436c7ec3701f8a5c,3,,2026-06-24T02:01:30.196097531Z,RUN /bin/sh -c set -eux; 	apt-get update; 	apt-get install -y --no-install-recommends 		ca-certificates 		netbase 		tzdata 	; 	apt-get dist-clean # buildkit
docker.io/browseruse/browseruse,sha256:00831e874ef58187ba91f6d93a61f8e003c4a13153d47771436c7ec3701f8a5c,4,yes,2026-06-24T02:01:30.196097531Z,ENV GPG_KEY=7169605F62C751356D054A26A821E680E5FA6305
docker.io/browseruse/browseruse,sha256:00831e874ef58187ba91f6d93a61f8e003c4a13153d47771436c7ec3701f8a5c,5,yes,2026-06-24T02:01:30.196097531Z,ENV PYTHON_VERSION=3.12.13
docker.io/browseruse/browseruse,sha256:00831e874ef58187ba91f6d93a61f8e003c4a13153d47771436c7ec3701f8a5c,6,yes,2026-06-24T02:01:30.196097531Z,ENV PYTHON_SHA256=c08bc65a81971c1dd5783182826503369466c7e67374d1646519adf05207b684
docker.io/browseruse/browseruse,sha256:00831e874ef58187ba91f6d93a61f8e003c4a13153d47771436c7ec3701f8a5c,7,,2026-06-24T02:10:24.407263012Z,"RUN /bin/sh -c set -eux; 		savedAptMark=""$(apt-mark showmanual)""; 	apt-get update; 	apt-get install -y --no-install-recommends 		dpkg-dev 		gcc 		gnupg 		libbluetooth-dev 		libbz2-dev 		libc6-dev 		libdb-dev 		libffi-dev 		libgdbm-dev 		liblzma-dev 		libncursesw5-dev 		libreadline-dev 		libsqlite3-dev 		libssl-dev 		make 		tk-dev 		uuid-dev 		wget 		xz-utils 		zlib1g-dev 	; 		wget -O python.tar.xz ""https://www.python.org/ftp/python/${PYTHON_VERSION%%[a-z]*}/Python-$PYTHON_VERSION.tar.xz""; 	echo ""$PYTHON_SHA256 *python.tar.xz"" | sha256sum -c -; 	wget -O python.tar.xz.asc ""https://www.python.org"
docker.io/browseruse/browseruse,sha256:00831e874ef58187ba91f6d93a61f8e003c4a13153d47771436c7ec3701f8a5c,8,,2026-06-24T02:10:24.522489311Z,"RUN /bin/sh -c set -eux; 	for src in idle3 pip3 pydoc3 python3 python3-config; do 		dst=""$(echo ""$src"" | tr -d 3)""; 		[ -s ""/usr/local/bin/$src"" ]; 		[ ! -e ""/usr/local/bin/$dst"" ]; 		ln -svT ""$src"" ""/usr/local/bin/$dst""; 	done # buildkit"
docker.io/browseruse/browseruse,sha256:00831e874ef58187ba91f6d93a61f8e003c4a13153d47771436c7ec3701f8a5c,9,yes,2026-06-24T02:10:24.522489311Z,"CMD [""python3""]"
docker.io/browseruse/browseruse,sha256:00831e874ef58187ba91f6d93a61f8e003c4a13153d47771436c7ec3701f8a5c,10,yes,2026-06-26T04:21:54.499890152Z,LABEL name=browseruse maintainer=Nick Sweeting <<e-mail address removed>> description=Make websites accessible for AI agents. Automate tasks online with ease. homepage=https://github.com/browser-use/browser-use documentation=https://docs.browser-use.com org.opencontainers.image.title=browseruse org.opencontainers.image.vendor=browseruse org.opencontainers.image.description=Make websites accessible for AI agents. Automate tasks online with ease. org.opencontainers.image.source=https://github.com/browser-use/browser-use com.docker.image.source.entrypoint=Dockerfile com.docker.desktop.extension
docker.io/browseruse/browseruse,sha256:00831e874ef58187ba91f6d93a61f8e003c4a13153d47771436c7ec3701f8a5c,11,yes,2026-06-26T04:21:54.499890152Z,ARG TARGETPLATFORM=linux/amd64
docker.io/browseruse/browseruse,sha256:00831e874ef58187ba91f6d93a61f8e003c4a13153d47771436c7ec3701f8a5c,12,yes,2026-06-26T04:21:54.499890152Z,ARG TARGETOS=linux
docker.io/browseruse/browseruse,sha256:00831e874ef58187ba91f6d93a61f8e003c4a13153d47771436c7ec3701f8a5c,13,yes,2026-06-26T04:21:54.499890152Z,ARG TARGETARCH=amd64
docker.io/browseruse/browseruse,sha256:00831e874ef58187ba91f6d93a61f8e003c4a13153d47771436c7ec3701f8a5c,14,yes,2026-06-26T04:21:54.499890152Z,ARG TARGETVARIANT=
docker.io/browseruse/browseruse,sha256:00831e874ef58187ba91f6d93a61f8e003c4a13153d47771436c7ec3701f8a5c,15,yes,2026-06-26T04:21:54.499890152Z,ENV TZ=UTC LANGUAGE=en_US:en LC_ALL=C.UTF-8 LANG=C.UTF-8 DEBIAN_FRONTEND=noninteractive APT_KEY_DONT_WARN_ON_DANGEROUS_USAGE=1 PYTHONIOENCODING=UTF-8 PYTHONUNBUFFERED=1 PIP_DISABLE_PIP_VERSION_CHECK=1 UV_CACHE_DIR=/root/.cache/uv UV_LINK_MODE=copy UV_COMPILE_BYTECODE=1 UV_PYTHON_PREFERENCE=only-system npm_config_loglevel=error IN_DOCKER=True
docker.io/browseruse/browseruse,sha256:00831e874ef58187ba91f6d93a61f8e003c4a13153d47771436c7ec3701f8a5c,16,yes,2026-06-26T04:21:54.499890152Z,ENV BROWSERUSE_USER=browseruse DEFAULT_PUID=911 DEFAULT_PGID=911
docker.io/browseruse/browseruse,sha256:00831e874ef58187ba91f6d93a61f8e003c4a13153d47771436c7ec3701f8a5c,17,yes,2026-06-26T04:21:54.499890152Z,ENV CODE_DIR=/app DATA_DIR=/data VENV_DIR=/app/.venv PATH=/app/.venv/bin:/usr/local/bin:/usr/local/sbin:/usr/local/bin:/usr/sbin:/usr/bin:/sbin:/bin
docker.io/browseruse/browseruse,sha256:00831e874ef58187ba91f6d93a61f8e003c4a13153d47771436c7ec3701f8a5c,18,yes,2026-06-26T04:21:54.499890152Z,SHELL [/bin/bash -o pipefail -o errexit -o errtrace -o nounset -c]
docker.io/browseruse/browseruse,sha256:00831e874ef58187ba91f6d93a61f8e003c4a13153d47771436c7ec3701f8a5c,19,,2026-06-26T04:21:54.499890152Z,"RUN |4 TARGETPLATFORM=linux/amd64 TARGETOS=linux TARGETARCH=amd64 TARGETVARIANT= /bin/bash -o pipefail -o errexit -o errtrace -o nounset -c echo 'Binary::apt::APT::Keep-Downloaded-Packages ""1"";' > /etc/apt/apt.conf.d/99keep-cache     && echo 'APT::Install-Recommends ""0"";' > /etc/apt/apt.conf.d/99no-intall-recommends     && echo 'APT::Install-Suggests ""0"";' > /etc/apt/apt.conf.d/99no-intall-suggests     && rm -f /etc/apt/apt.conf.d/docker-clean # buildkit"
docker.io/browseruse/browseruse,sha256:00831e874ef58187ba91f6d93a61f8e003c4a13153d47771436c7ec3701f8a5c,20,,2026-06-26T04:21:55.566501095Z,"RUN |4 TARGETPLATFORM=linux/amd64 TARGETOS=linux TARGETARCH=amd64 TARGETVARIANT= /bin/bash -o pipefail -o errexit -o errtrace -o nounset -c (echo ""[i] Docker build for Browser Use $(cat /VERSION.txt) starting...""     && echo ""PLATFORM=${TARGETPLATFORM} ARCH=$(uname -m) ($(uname -s) ${TARGETARCH} ${TARGETVARIANT})""     && echo ""BUILD_START_TIME=$(date +""%Y-%m-%d %H:%M:%S %s"") TZ=${TZ} LANG=${LANG}""     && echo     && echo ""CODE_DIR=${CODE_DIR} DATA_DIR=${DATA_DIR} PATH=${PATH}""     && echo     && uname -a     && cat /etc/os-release | head -n7     && which bash && bash --version | head -n1     &"
docker.io/browseruse/browseruse,sha256:00831e874ef58187ba91f6d93a61f8e003c4a13153d47771436c7ec3701f8a5c,21,,2026-06-26T04:21:55.664189575Z,"RUN |4 TARGETPLATFORM=linux/amd64 TARGETOS=linux TARGETARCH=amd64 TARGETVARIANT= /bin/bash -o pipefail -o errexit -o errtrace -o nounset -c echo ""[*] Setting up $BROWSERUSE_USER user uid=${DEFAULT_PUID}...""     && groupadd --system $BROWSERUSE_USER     && useradd --system --create-home --gid $BROWSERUSE_USER --groups audio,video $BROWSERUSE_USER     && usermod -u ""$DEFAULT_PUID"" ""$BROWSERUSE_USER""     && groupmod -g ""$DEFAULT_PGID"" ""$BROWSERUSE_USER""     && mkdir -p /data     && mkdir -p /home/$BROWSERUSE_USER/.config     && chown -R $BROWSERUSE_USER:$BROWSERUSE_USER /home/$BROWSERUSE_USER    "
docker.io/browseruse/browseruse,sha256:00831e874ef58187ba91f6d93a61f8e003c4a13153d47771436c7ec3701f8a5c,22,,2026-06-26T04:22:00.403418152Z,"RUN |4 TARGETPLATFORM=linux/amd64 TARGETOS=linux TARGETARCH=amd64 TARGETVARIANT= /bin/bash -o pipefail -o errexit -o errtrace -o nounset -c echo ""[+] Installing APT base system dependencies for $TARGETPLATFORM...""     && mkdir -p /etc/apt/keyrings     && apt-get update -qq     && apt-get install -qq -y --no-install-recommends         apt-transport-https ca-certificates apt-utils gnupg2 unzip curl wget grep         nano iputils-ping dnsutils jq      && rm -rf /var/lib/apt/lists/* # buildkit"
docker.io/browseruse/browseruse,sha256:00831e874ef58187ba91f6d93a61f8e003c4a13153d47771436c7ec3701f8a5c,23,,2026-07-07T23:24:04.436074856Z,COPY /uv /uvx /bin/ # buildkit
docker.io/browseruse/browseruse,sha256:00831e874ef58187ba91f6d93a61f8e003c4a13153d47771436c7ec3701f8a5c,24,,2026-07-07T23:24:04.445476195Z,WORKDIR /app
docker.io/browseruse/browseruse,sha256:00831e874ef58187ba91f6d93a61f8e003c4a13153d47771436c7ec3701f8a5c,25,,2026-07-11T00:47:48.593382149Z,COPY pyproject.toml uv.lock* /app/ # buildkit
docker.io/browseruse/browseruse,sha256:00831e874ef58187ba91f6d93a61f8e003c4a13153d47771436c7ec3701f8a5c,26,,2026-07-11T00:47:48.73696035Z,"RUN |4 TARGETPLATFORM=linux/amd64 TARGETOS=linux TARGETARCH=amd64 TARGETVARIANT= /bin/bash -o pipefail -o errexit -o errtrace -o nounset -c echo ""[+] Setting up venv using uv in $VENV_DIR...""     && (      which uv && uv --version      && uv venv      && which python | grep ""$VENV_DIR""      && python --version     ) | tee -a /VERSION.txt # buildkit"
docker.io/browseruse/browseruse,sha256:00831e874ef58187ba91f6d93a61f8e003c4a13153d47771436c7ec3701f8a5c,27,,2026-07-11T00:48:37.988724502Z,"RUN |4 TARGETPLATFORM=linux/amd64 TARGETOS=linux TARGETARCH=amd64 TARGETVARIANT= /bin/bash -o pipefail -o errexit -o errtrace -o nounset -c echo ""[+] Installing chromium browser from system packages...""     && apt-get update -qq     && apt-get install -y --no-install-recommends         chromium         fonts-unifont         fonts-liberation         fonts-dejavu-core         fonts-freefont-ttf         fonts-noto-core     && rm -rf /var/lib/apt/lists/*     && ln -s /usr/bin/chromium /usr/bin/chromium-browser     && ln -s /usr/bin/chromium /app/chromium-browser     && mkdir -p ""/home/${BROWSERUSE"
docker.io/browseruse/browseruse,sha256:00831e874ef58187ba91f6d93a61f8e003c4a13153d47771436c7ec3701f8a5c,28,,2026-07-11T00:49:11.947498123Z,"RUN |4 TARGETPLATFORM=linux/amd64 TARGETOS=linux TARGETARCH=amd64 TARGETVARIANT= /bin/bash -o pipefail -o errexit -o errtrace -o nounset -c echo ""[+] Installing browser-use pip sub-dependencies...""      && (         uv sync --all-extras --no-dev --no-install-project         && echo -e '\n\n'      ) | tee -a /VERSION.txt # buildkit"
docker.io/browseruse/browseruse,sha256:00831e874ef58187ba91f6d93a61f8e003c4a13153d47771436c7ec3701f8a5c,29,,2026-07-13T04:42:50.985261405Z,COPY . /app # buildkit
docker.io/browseruse/browseruse,sha256:00831e874ef58187ba91f6d93a61f8e003c4a13153d47771436c7ec3701f8a5c,30,,2026-07-13T04:42:53.606646355Z,"RUN |4 TARGETPLATFORM=linux/amd64 TARGETOS=linux TARGETARCH=amd64 TARGETVARIANT= /bin/bash -o pipefail -o errexit -o errtrace -o nounset -c echo ""[+] Installing browser-use pip library from source...""      && (         uv sync --all-extras --locked --no-dev         && python -c ""import browser_use; print('browser-use installed successfully')""         && echo -e '\n\n'      ) | tee -a /VERSION.txt # buildkit"
docker.io/browseruse/browseruse,sha256:00831e874ef58187ba91f6d93a61f8e003c4a13153d47771436c7ec3701f8a5c,31,,2026-07-13T04:42:53.671438194Z,"RUN |4 TARGETPLATFORM=linux/amd64 TARGETOS=linux TARGETARCH=amd64 TARGETVARIANT= /bin/bash -o pipefail -o errexit -o errtrace -o nounset -c mkdir -p ""$DATA_DIR/profiles/default""     && chown -R $BROWSERUSE_USER:$BROWSERUSE_USER ""$DATA_DIR"" ""$DATA_DIR""/*     && (         echo -e ""\n\n[√] Finished Docker build successfully. Saving build summary in: /VERSION.txt""         && echo -e ""PLATFORM=${TARGETPLATFORM} ARCH=$(uname -m) ($(uname -s) ${TARGETARCH} ${TARGETVARIANT})\n""         && echo -e ""BUILD_END_TIME=$(date +""%Y-%m-%d %H:%M:%S %s"")\n\n""     ) | tee -a /VERSION.txt # buildkit"
docker.io/browseruse/browseruse,sha256:00831e874ef58187ba91f6d93a61f8e003c4a13153d47771436c7ec3701f8a5c,32,yes,2026-07-13T04:42:53.671438194Z,USER browseruse
docker.io/browseruse/browseruse,sha256:00831e874ef58187ba91f6d93a61f8e003c4a13153d47771436c7ec3701f8a5c,33,yes,2026-07-13T04:42:53.671438194Z,VOLUME [/data]
docker.io/browseruse/browseruse,sha256:00831e874ef58187ba91f6d93a61f8e003c4a13153d47771436c7ec3701f8a5c,34,yes,2026-07-13T04:42:53.671438194Z,EXPOSE [9242/tcp]
docker.io/browseruse/browseruse,sha256:00831e874ef58187ba91f6d93a61f8e003c4a13153d47771436c7ec3701f8a5c,35,yes,2026-07-13T04:42:53.671438194Z,EXPOSE [9222/tcp]
docker.io/browseruse/browseruse,sha256:00831e874ef58187ba91f6d93a61f8e003c4a13153d47771436c7ec3701f8a5c,36,yes,2026-07-13T04:42:53.671438194Z,"ENTRYPOINT [""browser-use""]"
docker.io/salehmir/jesse,sha256:8492fab76f7d45387d3d6cdb0a0825f1a97ac69fc65acca61cb04bc2c3651c0c,0,,2024-07-23T05:24:37.7839332Z,/bin/sh -c #(nop) ADD file:258da966e49fd81eb3befac4ebcc023feb92794e891d5c9ca9b61084c7a209d5 in / 
docker.io/salehmir/jesse,sha256:8492fab76f7d45387d3d6cdb0a0825f1a97ac69fc65acca61cb04bc2c3651c0c,1,yes,2024-07-23T05:24:38.098531622Z,"/bin/sh -c #(nop)  CMD [""bash""]"
docker.io/salehmir/jesse,sha256:8492fab76f7d45387d3d6cdb0a0825f1a97ac69fc65acca61cb04bc2c3651c0c,2,yes,2024-07-29T05:02:13Z,ENV PATH=/usr/local/bin:/usr/local/sbin:/usr/local/bin:/usr/sbin:/usr/bin:/sbin:/bin
docker.io/salehmir/jesse,sha256:8492fab76f7d45387d3d6cdb0a0825f1a97ac69fc65acca61cb04bc2c3651c0c,3,yes,2024-07-29T05:02:13Z,ENV LANG=C.UTF-8
docker.io/salehmir/jesse,sha256:8492fab76f7d45387d3d6cdb0a0825f1a97ac69fc65acca61cb04bc2c3651c0c,4,,2024-07-29T05:02:13Z,RUN /bin/sh -c set -eux; 	apt-get update; 	apt-get install -y --no-install-recommends 		ca-certificates 		netbase 		tzdata 	; 	rm -rf /var/lib/apt/lists/* # buildkit
docker.io/salehmir/jesse,sha256:8492fab76f7d45387d3d6cdb0a0825f1a97ac69fc65acca61cb04bc2c3651c0c,5,yes,2024-07-29T05:02:13Z,ENV GPG_KEY=A035C8C19219BA821ECEA86B64E628F8D684696D
docker.io/salehmir/jesse,sha256:8492fab76f7d45387d3d6cdb0a0825f1a97ac69fc65acca61cb04bc2c3651c0c,6,yes,2024-07-29T05:02:13Z,ENV PYTHON_VERSION=3.11.9
docker.io/salehmir/jesse,sha256:8492fab76f7d45387d3d6cdb0a0825f1a97ac69fc65acca61cb04bc2c3651c0c,7,,2024-07-29T05:02:13Z,"RUN /bin/sh -c set -eux; 		savedAptMark=""$(apt-mark showmanual)""; 	apt-get update; 	apt-get install -y --no-install-recommends 		dpkg-dev 		gcc 		gnupg 		libbluetooth-dev 		libbz2-dev 		libc6-dev 		libdb-dev 		libexpat1-dev 		libffi-dev 		libgdbm-dev 		liblzma-dev 		libncursesw5-dev 		libreadline-dev 		libsqlite3-dev 		libssl-dev 		make 		tk-dev 		uuid-dev 		wget 		xz-utils 		zlib1g-dev 	; 		wget -O python.tar.xz ""https://www.python.org/ftp/python/${PYTHON_VERSION%%[a-z]*}/Python-$PYTHON_VERSION.tar.xz""; 	wget -O python.tar.xz.asc ""https://www.python.org/ftp/python/${PYTHON_VERSION%%[a-z]*}/Py"
docker.io/salehmir/jesse,sha256:8492fab76f7d45387d3d6cdb0a0825f1a97ac69fc65acca61cb04bc2c3651c0c,8,,2024-07-29T05:02:13Z,"RUN /bin/sh -c set -eux; 	for src in idle3 pydoc3 python3 python3-config; do 		dst=""$(echo ""$src"" | tr -d 3)""; 		[ -s ""/usr/local/bin/$src"" ]; 		[ ! -e ""/usr/local/bin/$dst"" ]; 		ln -svT ""$src"" ""/usr/local/bin/$dst""; 	done # buildkit"
docker.io/salehmir/jesse,sha256:8492fab76f7d45387d3d6cdb0a0825f1a97ac69fc65acca61cb04bc2c3651c0c,9,yes,2024-07-29T05:02:13Z,ENV PYTHON_PIP_VERSION=24.0
docker.io/salehmir/jesse,sha256:8492fab76f7d45387d3d6cdb0a0825f1a97ac69fc65acca61cb04bc2c3651c0c,10,yes,2024-07-29T05:02:13Z,ENV PYTHON_SETUPTOOLS_VERSION=65.5.1
docker.io/salehmir/jesse,sha256:8492fab76f7d45387d3d6cdb0a0825f1a97ac69fc65acca61cb04bc2c3651c0c,11,yes,2024-07-29T05:02:13Z,ENV PYTHON_GET_PIP_URL=https://github.com/pypa/get-pip/raw/66d8a0f637083e2c3ddffc0cb1e65ce126afb856/public/get-pip.py
docker.io/salehmir/jesse,sha256:8492fab76f7d45387d3d6cdb0a0825f1a97ac69fc65acca61cb04bc2c3651c0c,12,yes,2024-07-29T05:02:13Z,ENV PYTHON_GET_PIP_SHA256=6fb7b781206356f45ad79efbb19322caa6c2a5ad39092d0d44d0fec94117e118
docker.io/salehmir/jesse,sha256:8492fab76f7d45387d3d6cdb0a0825f1a97ac69fc65acca61cb04bc2c3651c0c,13,,2024-07-29T05:02:13Z,"RUN /bin/sh -c set -eux; 		savedAptMark=""$(apt-mark showmanual)""; 	apt-get update; 	apt-get install -y --no-install-recommends wget; 		wget -O get-pip.py ""$PYTHON_GET_PIP_URL""; 	echo ""$PYTHON_GET_PIP_SHA256 *get-pip.py"" | sha256sum -c -; 		apt-mark auto '.*' > /dev/null; 	[ -z ""$savedAptMark"" ] || apt-mark manual $savedAptMark > /dev/null; 	apt-get purge -y --auto-remove -o APT::AutoRemove::RecommendsImportant=false; 	rm -rf /var/lib/apt/lists/*; 		export PYTHONDONTWRITEBYTECODE=1; 		python get-pip.py 		--disable-pip-version-check 		--no-cache-dir 		--no-compile 		""pip==$PYTHON_PIP_VERSION"" 		"
docker.io/salehmir/jesse,sha256:8492fab76f7d45387d3d6cdb0a0825f1a97ac69fc65acca61cb04bc2c3651c0c,14,yes,2024-07-29T05:02:13Z,"CMD [""python3""]"
docker.io/salehmir/jesse,sha256:8492fab76f7d45387d3d6cdb0a0825f1a97ac69fc65acca61cb04bc2c3651c0c,15,yes,2024-08-07T18:31:41.720913166Z,/bin/sh -c #(nop)  ENV PYTHONUNBUFFERED=1
docker.io/salehmir/jesse,sha256:8492fab76f7d45387d3d6cdb0a0825f1a97ac69fc65acca61cb04bc2c3651c0c,16,,2024-08-07T18:32:26.260231887Z,/bin/sh -c apt-get update     && apt-get -y install git build-essential libssl-dev     && apt-get clean     && pip install --upgrade pip
docker.io/salehmir/jesse,sha256:8492fab76f7d45387d3d6cdb0a0825f1a97ac69fc65acca61cb04bc2c3651c0c,17,,2024-08-07T18:32:37.071309938Z,/bin/sh -c pip3 install Cython numpy
docker.io/salehmir/jesse,sha256:8492fab76f7d45387d3d6cdb0a0825f1a97ac69fc65acca61cb04bc2c3651c0c,18,,2024-08-07T18:32:38.22034889Z,/bin/sh -c mkdir /jesse-docker
docker.io/salehmir/jesse,sha256:8492fab76f7d45387d3d6cdb0a0825f1a97ac69fc65acca61cb04bc2c3651c0c,19,yes,2024-08-07T18:32:38.41360374Z,/bin/sh -c #(nop) WORKDIR /jesse-docker
docker.io/salehmir/jesse,sha256:8492fab76f7d45387d3d6cdb0a0825f1a97ac69fc65acca61cb04bc2c3651c0c,20,,2026-05-20T18:58:59.22904673Z,/bin/sh -c #(nop) COPY file:848bd7b9256496b5643fb40ffea85046ed725904114d28ddbe0236ab6e815003 in /jesse-docker 
docker.io/salehmir/jesse,sha256:8492fab76f7d45387d3d6cdb0a0825f1a97ac69fc65acca61cb04bc2c3651c0c,21,,2026-05-20T19:01:03.419615685Z,/bin/sh -c pip3 install -r requirements.txt
docker.io/salehmir/jesse,sha256:8492fab76f7d45387d3d6cdb0a0825f1a97ac69fc65acca61cb04bc2c3651c0c,22,,2026-05-20T19:01:07.399882761Z,/bin/sh -c #(nop) COPY dir:602d5f791a47c88706ec412e55bfec709530926ed1263c816535e4b195548b1a in /jesse-docker 
docker.io/salehmir/jesse,sha256:8492fab76f7d45387d3d6cdb0a0825f1a97ac69fc65acca61cb04bc2c3651c0c,23,,2026-05-20T19:01:12.381773002Z,/bin/sh -c pip3 install -e .
docker.io/salehmir/jesse,sha256:8492fab76f7d45387d3d6cdb0a0825f1a97ac69fc65acca61cb04bc2c3651c0c,24,yes,2026-05-20T19:01:12.658400218Z,/bin/sh -c #(nop) WORKDIR /home
docker.io/salehmir/jesse,sha256:9d36e2d6f0178d7856095b06963815539890f966fc0f179d5ca2be0fed10852e,0,,2025-06-03T23:02:53Z,# debian.sh --arch 'amd64' out/ 'bullseye' '@1753056000'
docker.io/salehmir/jesse,sha256:9d36e2d6f0178d7856095b06963815539890f966fc0f179d5ca2be0fed10852e,1,yes,2025-06-03T23:02:53Z,ENV PATH=/usr/local/bin:/usr/local/sbin:/usr/local/bin:/usr/sbin:/usr/bin:/sbin:/bin
docker.io/salehmir/jesse,sha256:9d36e2d6f0178d7856095b06963815539890f966fc0f179d5ca2be0fed10852e,2,yes,2025-06-03T23:02:53Z,ENV LANG=C.UTF-8
docker.io/salehmir/jesse,sha256:9d36e2d6f0178d7856095b06963815539890f966fc0f179d5ca2be0fed10852e,3,,2025-06-03T23:02:53Z,RUN /bin/sh -c set -eux; 	apt-get update; 	apt-get install -y --no-install-recommends 		ca-certificates 		netbase 		tzdata 	; 	rm -rf /var/lib/apt/lists/* # buildkit
docker.io/salehmir/jesse,sha256:9d36e2d6f0178d7856095b06963815539890f966fc0f179d5ca2be0fed10852e,4,yes,2025-06-03T23:02:53Z,ENV GPG_KEY=A035C8C19219BA821ECEA86B64E628F8D684696D
docker.io/salehmir/jesse,sha256:9d36e2d6f0178d7856095b06963815539890f966fc0f179d5ca2be0fed10852e,5,yes,2025-06-03T23:02:53Z,ENV PYTHON_VERSION=3.11.13
docker.io/salehmir/jesse,sha256:9d36e2d6f0178d7856095b06963815539890f966fc0f179d5ca2be0fed10852e,6,yes,2025-06-03T23:02:53Z,ENV PYTHON_SHA256=8fb5f9fbc7609fa822cb31549884575db7fd9657cbffb89510b5d7975963a83a
docker.io/salehmir/jesse,sha256:9d36e2d6f0178d7856095b06963815539890f966fc0f179d5ca2be0fed10852e,7,,2025-06-03T23:02:53Z,"RUN /bin/sh -c set -eux; 		savedAptMark=""$(apt-mark showmanual)""; 	apt-get update; 	apt-get install -y --no-install-recommends 		dpkg-dev 		gcc 		gnupg 		libbluetooth-dev 		libbz2-dev 		libc6-dev 		libdb-dev 		libffi-dev 		libgdbm-dev 		liblzma-dev 		libncursesw5-dev 		libreadline-dev 		libsqlite3-dev 		libssl-dev 		make 		tk-dev 		uuid-dev 		wget 		xz-utils 		zlib1g-dev 	; 		wget -O python.tar.xz ""https://www.python.org/ftp/python/${PYTHON_VERSION%%[a-z]*}/Python-$PYTHON_VERSION.tar.xz""; 	echo ""$PYTHON_SHA256 *python.tar.xz"" | sha256sum -c -; 	wget -O python.tar.xz.asc ""https://www.python.org"
docker.io/salehmir/jesse,sha256:9d36e2d6f0178d7856095b06963815539890f966fc0f179d5ca2be0fed10852e,8,,2025-06-03T23:02:53Z,"RUN /bin/sh -c set -eux; 	for src in idle3 pip3 pydoc3 python3 python3-config; do 		dst=""$(echo ""$src"" | tr -d 3)""; 		[ -s ""/usr/local/bin/$src"" ]; 		[ ! -e ""/usr/local/bin/$dst"" ]; 		ln -svT ""$src"" ""/usr/local/bin/$dst""; 	done # buildkit"
docker.io/salehmir/jesse,sha256:9d36e2d6f0178d7856095b06963815539890f966fc0f179d5ca2be0fed10852e,9,yes,2025-06-03T23:02:53Z,"CMD [""python3""]"
docker.io/salehmir/jesse,sha256:9d36e2d6f0178d7856095b06963815539890f966fc0f179d5ca2be0fed10852e,10,yes,2026-07-07T14:28:17.378371663Z,ENV PYTHONUNBUFFERED=1
docker.io/salehmir/jesse,sha256:9d36e2d6f0178d7856095b06963815539890f966fc0f179d5ca2be0fed10852e,11,,2026-07-07T14:28:17.378371663Z,RUN /bin/sh -c apt-get update     && apt-get -y install git build-essential libssl-dev     && apt-get clean     && pip install --upgrade pip # buildkit
docker.io/salehmir/jesse,sha256:9d36e2d6f0178d7856095b06963815539890f966fc0f179d5ca2be0fed10852e,12,,2026-07-07T14:28:20.775112633Z,RUN /bin/sh -c pip3 install Cython numpy # buildkit
docker.io/salehmir/jesse,sha256:9d36e2d6f0178d7856095b06963815539890f966fc0f179d5ca2be0fed10852e,13,,2026-07-07T14:28:20.846424676Z,RUN /bin/sh -c mkdir /jesse-docker # buildkit
docker.io/salehmir/jesse,sha256:9d36e2d6f0178d7856095b06963815539890f966fc0f179d5ca2be0fed10852e,14,,2026-07-07T14:28:20.854010798Z,WORKDIR /jesse-docker
docker.io/salehmir/jesse,sha256:9d36e2d6f0178d7856095b06963815539890f966fc0f179d5ca2be0fed10852e,15,,2026-07-07T14:28:20.864956069Z,COPY requirements.txt /jesse-docker # buildkit
docker.io/salehmir/jesse,sha256:9d36e2d6f0178d7856095b06963815539890f966fc0f179d5ca2be0fed10852e,16,,2026-07-07T14:29:04.338398399Z,RUN /bin/sh -c pip3 install -r requirements.txt # buildkit
docker.io/salehmir/jesse,sha256:9d36e2d6f0178d7856095b06963815539890f966fc0f179d5ca2be0fed10852e,17,,2026-07-07T14:29:04.954732576Z,COPY . /jesse-docker # buildkit
docker.io/salehmir/jesse,sha256:9d36e2d6f0178d7856095b06963815539890f966fc0f179d5ca2be0fed10852e,18,,2026-07-07T14:29:07.508114629Z,RUN /bin/sh -c pip3 install -e . # buildkit
docker.io/salehmir/jesse,sha256:9d36e2d6f0178d7856095b06963815539890f966fc0f179d5ca2be0fed10852e,19,,2026-07-07T14:29:07.517366827Z,WORKDIR /home
docker.io/langflowai/langflow-nightly,sha256:041059e81fb8919ca0861e7ef17b2f6bc064224023d41841b9d322a95628cd4b,0,,2026-05-05T00:00:00Z,# debian.sh --arch 'amd64' out/ 'trixie' '@1777939200'
docker.io/langflowai/langflow-nightly,sha256:041059e81fb8919ca0861e7ef17b2f6bc064224023d41841b9d322a95628cd4b,1,yes,2026-05-11T23:06:38.827813544Z,ENV PATH=/usr/local/bin:/usr/local/sbin:/usr/local/bin:/usr/sbin:/usr/bin:/sbin:/bin
docker.io/langflowai/langflow-nightly,sha256:041059e81fb8919ca0861e7ef17b2f6bc064224023d41841b9d322a95628cd4b,2,,2026-05-11T23:06:38.827813544Z,RUN /bin/sh -c set -eux; 	apt-get update; 	apt-get install -y --no-install-recommends 		ca-certificates 		netbase 		tzdata 	; 	apt-get dist-clean # buildkit
docker.io/langflowai/langflow-nightly,sha256:041059e81fb8919ca0861e7ef17b2f6bc064224023d41841b9d322a95628cd4b,3,yes,2026-05-11T23:06:38.827813544Z,ENV PYTHON_VERSION=3.14.5
docker.io/langflowai/langflow-nightly,sha256:041059e81fb8919ca0861e7ef17b2f6bc064224023d41841b9d322a95628cd4b,4,yes,2026-05-11T23:06:38.827813544Z,ENV PYTHON_SHA256=7e32597b99e5d9a39abed35de4693fa169df3e5850d4c334337ffd6a19a36db6
docker.io/langflowai/langflow-nightly,sha256:041059e81fb8919ca0861e7ef17b2f6bc064224023d41841b9d322a95628cd4b,5,,2026-05-11T23:14:50.558399143Z,"RUN /bin/sh -c set -eux; 		savedAptMark=""$(apt-mark showmanual)""; 	apt-get update; 	apt-get install -y --no-install-recommends 		dpkg-dev 		gcc 		gnupg 		libbluetooth-dev 		libbz2-dev 		libc6-dev 		libdb-dev 		libffi-dev 		libgdbm-dev 		liblzma-dev 		libncursesw5-dev 		libreadline-dev 		libsqlite3-dev 		libssl-dev 		libzstd-dev 		make 		tk-dev 		uuid-dev 		wget 		xz-utils 		zlib1g-dev 	; 		wget -O python.tar.xz ""https://www.python.org/ftp/python/${PYTHON_VERSION%%[a-z]*}/Python-$PYTHON_VERSION.tar.xz""; 	echo ""$PYTHON_SHA256 *python.tar.xz"" | sha256sum -c -; 	mkdir -p /usr/src/python; 	tar --ex"
docker.io/langflowai/langflow-nightly,sha256:041059e81fb8919ca0861e7ef17b2f6bc064224023d41841b9d322a95628cd4b,6,,2026-05-11T23:14:50.658726759Z,"RUN /bin/sh -c set -eux; 	for src in idle3 pip3 pydoc3 python3 python3-config; do 		dst=""$(echo ""$src"" | tr -d 3)""; 		[ -s ""/usr/local/bin/$src"" ]; 		[ ! -e ""/usr/local/bin/$dst"" ]; 		ln -svT ""$src"" ""/usr/local/bin/$dst""; 	done # buildkit"
docker.io/langflowai/langflow-nightly,sha256:041059e81fb8919ca0861e7ef17b2f6bc064224023d41841b9d322a95628cd4b,7,yes,2026-05-11T23:14:50.658726759Z,"CMD [""python3""]"
docker.io/langflowai/langflow-nightly,sha256:041059e81fb8919ca0861e7ef17b2f6bc064224023d41841b9d322a95628cd4b,8,,2026-05-20T02:05:50.971114099Z,RUN /bin/sh -c apt-get update     && apt-get upgrade -y     && apt-get install --no-install-recommends -y curl git libpq5 gnupg xz-utils     && apt-get clean     && rm -rf /var/lib/apt/lists/* # buildkit
docker.io/langflowai/langflow-nightly,sha256:041059e81fb8919ca0861e7ef17b2f6bc064224023d41841b9d322a95628cd4b,9,,2026-05-20T02:10:27.227553879Z,COPY /usr/local/bin/uv /usr/local/bin/uv # buildkit
docker.io/langflowai/langflow-nightly,sha256:041059e81fb8919ca0861e7ef17b2f6bc064224023d41841b9d322a95628cd4b,10,,2026-05-20T02:10:27.237482253Z,COPY /usr/local/bin/uvx /usr/local/bin/uvx # buildkit
docker.io/langflowai/langflow-nightly,sha256:041059e81fb8919ca0861e7ef17b2f6bc064224023d41841b9d322a95628cd4b,11,,2026-05-20T02:10:29.432241457Z,"RUN /bin/sh -c ARCH=$(dpkg --print-architecture)     && if [ ""$ARCH"" = ""amd64"" ]; then NODE_ARCH=""x64"";        elif [ ""$ARCH"" = ""arm64"" ]; then NODE_ARCH=""arm64"";        else NODE_ARCH=""$ARCH""; fi     && NODE_VERSION=$(curl -fsSL https://nodejs.org/dist/latest-v22.x/                     | sed -nE ""s/.*node-v([0-9]+\.[0-9]+\.[0-9]+)-linux-${NODE_ARCH}\.tar\.xz.*/\1/p""                     | head -1)     && if [ -z ""$NODE_VERSION"" ]; then echo ""ERROR: Could not determine Node.js version"" && exit 1; fi     && curl -fsSL ""https://nodejs.org/dist/v${NODE_VERSION}/node-v${NODE_VERSION}-linux-${NODE_A"
docker.io/langflowai/langflow-nightly,sha256:041059e81fb8919ca0861e7ef17b2f6bc064224023d41841b9d322a95628cd4b,12,,2026-05-20T02:10:29.552716911Z,RUN /bin/sh -c useradd user -u 1000 -g 0 --no-create-home --home-dir /app/data # buildkit
docker.io/langflowai/langflow-nightly,sha256:041059e81fb8919ca0861e7ef17b2f6bc064224023d41841b9d322a95628cd4b,13,,2026-05-20T02:10:37.484740509Z,COPY --chown=1000 /app/.venv /app/.venv # buildkit
docker.io/langflowai/langflow-nightly,sha256:041059e81fb8919ca0861e7ef17b2f6bc064224023d41841b9d322a95628cd4b,14,yes,2026-05-20T02:10:37.836215897Z,ENV PATH=/app/.venv/bin:/usr/local/bin:/usr/local/sbin:/usr/local/bin:/usr/sbin:/usr/bin:/sbin:/bin
docker.io/langflowai/langflow-nightly,sha256:041059e81fb8919ca0861e7ef17b2f6bc064224023d41841b9d322a95628cd4b,15,yes,2026-05-20T02:10:37.836215897Z,LABEL org.opencontainers.image.title=langflow
docker.io/langflowai/langflow-nightly,sha256:041059e81fb8919ca0861e7ef17b2f6bc064224023d41841b9d322a95628cd4b,16,yes,2026-05-20T02:10:37.836215897Z,LABEL org.opencontainers.image.authors=[Langflow]
docker.io/langflowai/langflow-nightly,sha256:041059e81fb8919ca0861e7ef17b2f6bc064224023d41841b9d322a95628cd4b,17,yes,2026-05-20T02:10:37.836215897Z,LABEL org.opencontainers.image.licenses=MIT
docker.io/langflowai/langflow-nightly,sha256:041059e81fb8919ca0861e7ef17b2f6bc064224023d41841b9d322a95628cd4b,18,yes,2026-05-20T02:10:37.836215897Z,LABEL org.opencontainers.image.url=https://github.com/langflow-ai/langflow
docker.io/langflowai/langflow-nightly,sha256:041059e81fb8919ca0861e7ef17b2f6bc064224023d41841b9d322a95628cd4b,19,yes,2026-05-20T02:10:37.836215897Z,LABEL org.opencontainers.image.source=https://github.com/langflow-ai/langflow
docker.io/langflowai/langflow-nightly,sha256:041059e81fb8919ca0861e7ef17b2f6bc064224023d41841b9d322a95628cd4b,20,yes,2026-05-20T02:10:37.836215897Z,USER user
docker.io/langflowai/langflow-nightly,sha256:041059e81fb8919ca0861e7ef17b2f6bc064224023d41841b9d322a95628cd4b,21,,2026-05-20T02:10:37.836215897Z,WORKDIR /app
docker.io/langflowai/langflow-nightly,sha256:041059e81fb8919ca0861e7ef17b2f6bc064224023d41841b9d322a95628cd4b,22,yes,2026-05-20T02:10:37.836215897Z,ENV LANGFLOW_HOST=0.0.0.0
docker.io/langflowai/langflow-nightly,sha256:041059e81fb8919ca0861e7ef17b2f6bc064224023d41841b9d322a95628cd4b,23,yes,2026-05-20T02:10:37.836215897Z,ENV LANGFLOW_PORT=7860
docker.io/langflowai/langflow-nightly,sha256:041059e81fb8919ca0861e7ef17b2f6bc064224023d41841b9d322a95628cd4b,24,yes,2026-05-20T02:10:37.836215897Z,"CMD [""langflow-base"" ""run""]"
docker.io/langflowai/langflow-nightly,sha256:88301a422498eaacaa520b425a7c80b0b7a6ca0d55a3f370837403699ffa83d5,0,yes,2026-06-30T05:58:20.98612305Z,"/bin/sh -c #(nop) LABEL maintainer=""Red Hat, Inc."""
docker.io/langflowai/langflow-nightly,sha256:88301a422498eaacaa520b425a7c80b0b7a6ca0d55a3f370837403699ffa83d5,1,yes,2026-06-30T05:58:20.997166332Z,"/bin/sh -c #(nop) LABEL vendor=""Red Hat, Inc."""
docker.io/langflowai/langflow-nightly,sha256:88301a422498eaacaa520b425a7c80b0b7a6ca0d55a3f370837403699ffa83d5,2,yes,2026-06-30T05:58:21.008710166Z,"/bin/sh -c #(nop) LABEL url=""https://catalog.redhat.com/en/search?searchType=containers"""
docker.io/langflowai/langflow-nightly,sha256:88301a422498eaacaa520b425a7c80b0b7a6ca0d55a3f370837403699ffa83d5,3,yes,2026-06-30T05:58:21.021702173Z,"/bin/sh -c #(nop) LABEL com.redhat.component=""ubi10-minimal-container""       name=""ubi10/ubi-minimal""       version=""10.2""       cpe=""cpe:/o:redhat:enterprise_linux:10.2""       distribution-scope=""public"""
docker.io/langflowai/langflow-nightly,sha256:88301a422498eaacaa520b425a7c80b0b7a6ca0d55a3f370837403699ffa83d5,4,yes,2026-06-30T05:58:21.033682737Z,"/bin/sh -c #(nop) LABEL com.redhat.license_terms=""https://www.redhat.com/en/about/red-hat-end-user-license-agreements#UBI"""
docker.io/langflowai/langflow-nightly,sha256:88301a422498eaacaa520b425a7c80b0b7a6ca0d55a3f370837403699ffa83d5,5,yes,2026-06-30T05:58:21.046716875Z,"/bin/sh -c #(nop) LABEL summary=""Provides the latest release of the minimal Red Hat Universal Base Image 10."""
docker.io/langflowai/langflow-nightly,sha256:88301a422498eaacaa520b425a7c80b0b7a6ca0d55a3f370837403699ffa83d5,6,yes,2026-06-30T05:58:21.059285722Z,"/bin/sh -c #(nop) LABEL description=""The Universal Base Image Minimal is a stripped down image that uses microdnf as a package manager. This base image is freely redistributable, but Red Hat only supports Red Hat technologies through subscriptions for Red Hat products. This image is maintained by Red Hat and updated regularly."""
docker.io/langflowai/langflow-nightly,sha256:88301a422498eaacaa520b425a7c80b0b7a6ca0d55a3f370837403699ffa83d5,7,yes,2026-06-30T05:58:21.072049134Z,"/bin/sh -c #(nop) LABEL io.k8s.description=""The Universal Base Image Minimal is a stripped down image that uses microdnf as a package manager. This base image is freely redistributable, but Red Hat only supports Red Hat technologies through subscriptions for Red Hat products. This image is maintained by Red Hat and updated regularly."""
docker.io/langflowai/langflow-nightly,sha256:88301a422498eaacaa520b425a7c80b0b7a6ca0d55a3f370837403699ffa83d5,8,yes,2026-06-30T05:58:21.084431367Z,"/bin/sh -c #(nop) LABEL io.k8s.display-name=""Red Hat Universal Base Image 10 Minimal"""
docker.io/langflowai/langflow-nightly,sha256:88301a422498eaacaa520b425a7c80b0b7a6ca0d55a3f370837403699ffa83d5,9,yes,2026-06-30T05:58:21.097068376Z,"/bin/sh -c #(nop) LABEL io.openshift.expose-services="""""
docker.io/langflowai/langflow-nightly,sha256:88301a422498eaacaa520b425a7c80b0b7a6ca0d55a3f370837403699ffa83d5,10,yes,2026-06-30T05:58:21.109229094Z,"/bin/sh -c #(nop) LABEL io.openshift.tags=""minimal rhel10"""
docker.io/langflowai/langflow-nightly,sha256:88301a422498eaacaa520b425a7c80b0b7a6ca0d55a3f370837403699ffa83d5,11,yes,2026-06-30T05:58:21.121551456Z,/bin/sh -c #(nop) ENV container oci
docker.io/langflowai/langflow-nightly,sha256:88301a422498eaacaa520b425a7c80b0b7a6ca0d55a3f370837403699ffa83d5,12,yes,2026-06-30T05:58:21.588971893Z,/bin/sh -c #(nop) COPY dir:826a40ace3907e1f9970d5a08955d5b6fa6c723fcffac174d9cae163b2ae817c in /      
docker.io/langflowai/langflow-nightly,sha256:88301a422498eaacaa520b425a7c80b0b7a6ca0d55a3f370837403699ffa83d5,13,yes,2026-06-30T05:58:21.655475244Z,/bin/sh -c #(nop) COPY file:5de33b5fc08b00635bccf9134a18978dba13e2250aa51838f9969515a3957847 in /etc/yum.repos.d/.      
docker.io/langflowai/langflow-nightly,sha256:88301a422498eaacaa520b425a7c80b0b7a6ca0d55a3f370837403699ffa83d5,14,yes,2026-06-30T05:58:21.670669451Z,"/bin/sh -c #(nop) CMD [""/bin/bash""]"
docker.io/langflowai/langflow-nightly,sha256:88301a422498eaacaa520b425a7c80b0b7a6ca0d55a3f370837403699ffa83d5,15,yes,2026-06-30T05:58:21.734283876Z,/bin/sh -c #(nop) COPY dir:0284359278ca147ec570006b2f73ec9a3496d218bf3cc370592f0c400a985228 in /usr/share/buildinfo/      
docker.io/langflowai/langflow-nightly,sha256:88301a422498eaacaa520b425a7c80b0b7a6ca0d55a3f370837403699ffa83d5,16,yes,2026-06-30T05:58:21.799912237Z,/bin/sh -c #(nop) COPY dir:0284359278ca147ec570006b2f73ec9a3496d218bf3cc370592f0c400a985228 in /root/buildinfo/      
docker.io/langflowai/langflow-nightly,sha256:88301a422498eaacaa520b425a7c80b0b7a6ca0d55a3f370837403699ffa83d5,17,,2026-06-30T05:58:22.078427474Z,"/bin/sh -c #(nop) LABEL ""org.opencontainers.image.created""=""2026-06-30T05:58:02Z"" ""org.opencontainers.image.revision""=""44f0ddba4a090cf20869fe52250e95ba0eca806d"" ""build-date""=""2026-06-30T05:58:02Z"" ""architecture""=""x86_64"" ""vcs-ref""=""44f0ddba4a090cf20869fe52250e95ba0eca806d"" ""vcs-type""=""git"" ""release""=""1782798957""org.opencontainers.image.created=2026-06-30T05:58:02Z,org.opencontainers.image.revision=44f0ddba4a090cf20869fe52250e95ba0eca806d"
docker.io/langflowai/langflow-nightly,sha256:88301a422498eaacaa520b425a7c80b0b7a6ca0d55a3f370837403699ffa83d5,18,yes,2026-07-08T04:38:27.16733316Z,/bin/sh -c #(nop) EXPOSE 8080
docker.io/langflowai/langflow-nightly,sha256:88301a422498eaacaa520b425a7c80b0b7a6ca0d55a3f370837403699ffa83d5,19,yes,2026-07-08T04:38:27.178485812Z,"/bin/sh -c #(nop) ENV PYTHON_VERSION=3.14     PYTHONUNBUFFERED=1     PYTHONIOENCODING=UTF-8     LC_ALL=en_US.UTF-8     LANG=en_US.UTF-8     CNB_STACK_ID=com.redhat.stacks.ubi10-python-314     CNB_USER_ID=1001     CNB_GROUP_ID=0     PIP_NO_CACHE_DIR=off     STI_SCRIPTS_PATH=/usr/libexec/s2i     APP_ROOT=/opt/app-root     HOME=/opt/app-root/src     PLATFORM=""el10"""
docker.io/langflowai/langflow-nightly,sha256:88301a422498eaacaa520b425a7c80b0b7a6ca0d55a3f370837403699ffa83d5,20,yes,2026-07-08T04:38:27.190101912Z,/bin/sh -c #(nop) ENV PATH=$APP_ROOT/bin:$HOME/bin:$HOME/.local/bin:$PATH
docker.io/langflowai/langflow-nightly,sha256:88301a422498eaacaa520b425a7c80b0b7a6ca0d55a3f370837403699ffa83d5,21,yes,2026-07-08T04:38:27.201563553Z,"/bin/sh -c #(nop) ENV BASH_ENV=${APP_ROOT}/bin/activate     ENV=${APP_ROOT}/bin/activate     PROMPT_COMMAND="". ${APP_ROOT}/bin/activate"""
docker.io/langflowai/langflow-nightly,sha256:88301a422498eaacaa520b425a7c80b0b7a6ca0d55a3f370837403699ffa83d5,22,yes,2026-07-08T04:38:27.214399896Z,"/bin/sh -c #(nop) ENV SUMMARY=""Minimal platform for building and running Python $PYTHON_VERSION applications""     DESCRIPTION=""Python $PYTHON_VERSION available as container is a base platform for building and running various Python $PYTHON_VERSION applications and frameworks. Python is an easy to learn, powerful programming language. It has efficient high-level data structures and a simple but effective approach to object-oriented programming. Python's elegant syntax and dynamic typing, together with its interpreted nature, make it an ideal language for scripting and rapid application developm"
docker.io/langflowai/langflow-nightly,sha256:88301a422498eaacaa520b425a7c80b0b7a6ca0d55a3f370837403699ffa83d5,23,yes,2026-07-08T04:38:27.225690747Z,"/bin/sh -c #(nop) LABEL summary=""$SUMMARY""       description=""$DESCRIPTION""       io.k8s.description=""$DESCRIPTION""       io.k8s.display-name=""Python 3.14""       io.openshift.expose-services=""8080:http""       io.openshift.tags=""builder,python,python314,python-314,rh-python314""       com.redhat.component=""python-314-container""       name=""ubi10/python-314-minimal""       usage=""s2i build https://github.com/sclorg/s2i-python-container.git --context-dir=3.14-minimal/test/setup-test-app/ ubi10/python-314-minimal python-sample-app""       com.redhat.license_terms=""https://www.redhat.com/en/about/red-"
docker.io/langflowai/langflow-nightly,sha256:88301a422498eaacaa520b425a7c80b0b7a6ca0d55a3f370837403699ffa83d5,24,yes,2026-07-08T04:38:28.648556411Z,"/bin/sh -c INSTALL_PKGS=""python3.14 glibc-langpack-en findutils nss_wrapper-libs"" &&     microdnf -y --setopt=tsflags=nodocs --setopt=install_weak_deps=0 install $INSTALL_PKGS &&     microdnf -y clean all --enablerepo='*'"
docker.io/langflowai/langflow-nightly,sha256:88301a422498eaacaa520b425a7c80b0b7a6ca0d55a3f370837403699ffa83d5,25,yes,2026-07-08T04:38:28.70611512Z,/bin/sh -c #(nop) COPY dir:14b52e5b4dba2b5d78794253f3905f7c69773c0fbaad2ef4f5997fc407dbb3c3 in $STI_SCRIPTS_PATH      
docker.io/langflowai/langflow-nightly,sha256:88301a422498eaacaa520b425a7c80b0b7a6ca0d55a3f370837403699ffa83d5,26,yes,2026-07-08T04:38:28.766976747Z,/bin/sh -c #(nop) COPY dir:0e0aa0f5272905534917e11b52428147aefc961d770ef17b2d3ec9f7ec09cf1d in /      
docker.io/langflowai/langflow-nightly,sha256:88301a422498eaacaa520b425a7c80b0b7a6ca0d55a3f370837403699ffa83d5,27,yes,2026-07-08T04:38:28.825381557Z,/bin/sh -c #(nop) COPY dir:208155bc9054883784c7146928dd201221f759e227e3fb517c26e7336c745994 in /opt/wheels      
docker.io/langflowai/langflow-nightly,sha256:88301a422498eaacaa520b425a7c80b0b7a6ca0d55a3f370837403699ffa83d5,28,yes,2026-07-08T04:38:28.837155046Z,/bin/sh -c #(nop) WORKDIR ${HOME}
docker.io/langflowai/langflow-nightly,sha256:88301a422498eaacaa520b425a7c80b0b7a6ca0d55a3f370837403699ffa83d5,29,yes,2026-07-08T04:38:33.503920053Z,/bin/sh -c     python3.14 -m venv ${APP_ROOT} &&     ${APP_ROOT}/bin/pip install /opt/wheels/pip-* &&     rm -r /opt/wheels &&     chown -R 1001:0 ${APP_ROOT} &&     fix-permissions ${APP_ROOT} -P &&     rpm-file-permissions
docker.io/langflowai/langflow-nightly,sha256:88301a422498eaacaa520b425a7c80b0b7a6ca0d55a3f370837403699ffa83d5,30,yes,2026-07-08T04:38:33.518432596Z,/bin/sh -c #(nop) USER 1001
docker.io/langflowai/langflow-nightly,sha256:88301a422498eaacaa520b425a7c80b0b7a6ca0d55a3f370837403699ffa83d5,31,yes,2026-07-08T04:38:33.530222145Z,/bin/sh -c #(nop) CMD $STI_SCRIPTS_PATH/usage
docker.io/langflowai/langflow-nightly,sha256:88301a422498eaacaa520b425a7c80b0b7a6ca0d55a3f370837403699ffa83d5,32,yes,2026-07-08T04:38:33.586321079Z,/bin/sh -c #(nop) COPY dir:8c522e535baa2478534d89b8ed2692e7b3132bd494fbafd225a7d94aab555cfe in /usr/share/buildinfo/      
docker.io/langflowai/langflow-nightly,sha256:88301a422498eaacaa520b425a7c80b0b7a6ca0d55a3f370837403699ffa83d5,33,yes,2026-07-08T04:38:33.651851181Z,/bin/sh -c #(nop) COPY dir:8c522e535baa2478534d89b8ed2692e7b3132bd494fbafd225a7d94aab555cfe in /root/buildinfo/      
docker.io/langflowai/langflow-nightly,sha256:88301a422498eaacaa520b425a7c80b0b7a6ca0d55a3f370837403699ffa83d5,34,,2026-07-08T04:38:34.521956908Z,"/bin/sh -c #(nop) LABEL ""org.opencontainers.image.created""=""2026-07-08T04:38:22Z"" ""org.opencontainers.image.revision""=""dc55323b09a3a1620d325c98f365f577834cbbfb"" ""build-date""=""2026-07-08T04:38:22Z"" ""architecture""=""x86_64"" ""vcs-ref""=""dc55323b09a3a1620d325c98f365f577834cbbfb"" ""vcs-type""=""git"" ""release""=""1783485471""org.opencontainers.image.created=2026-07-08T04:38:22Z,org.opencontainers.image.revision=dc55323b09a3a1620d325c98f365f577834cbbfb"
docker.io/langflowai/langflow-nightly,sha256:88301a422498eaacaa520b425a7c80b0b7a6ca0d55a3f370837403699ffa83d5,35,yes,2026-07-14T04:15:47.988577326Z,USER root
docker.io/langflowai/langflow-nightly,sha256:88301a422498eaacaa520b425a7c80b0b7a6ca0d55a3f370837403699ffa83d5,36,,2026-07-14T04:15:47.988577326Z,RUN /bin/sh -c microdnf update -y     && microdnf install -y curl git libpq gnupg xz tar shadow-utils     && microdnf clean all # buildkit
docker.io/langflowai/langflow-nightly,sha256:88301a422498eaacaa520b425a7c80b0b7a6ca0d55a3f370837403699ffa83d5,37,,2026-07-14T04:17:53.839012705Z,COPY /usr/local/bin/uv /usr/local/bin/uv # buildkit
docker.io/langflowai/langflow-nightly,sha256:88301a422498eaacaa520b425a7c80b0b7a6ca0d55a3f370837403699ffa83d5,38,,2026-07-14T04:17:53.849052049Z,COPY /usr/local/bin/uvx /usr/local/bin/uvx # buildkit
docker.io/langflowai/langflow-nightly,sha256:88301a422498eaacaa520b425a7c80b0b7a6ca0d55a3f370837403699ffa83d5,39,,2026-07-14T04:17:55.945362942Z,"RUN /bin/sh -c ARCH=$(uname -m)     && if [ ""$ARCH"" = ""x86_64"" ]; then NODE_ARCH=""x64"";        elif [ ""$ARCH"" = ""aarch64"" ]; then NODE_ARCH=""arm64"";        else NODE_ARCH=""$ARCH""; fi     && NODE_VERSION=$(curl -fsSL https://nodejs.org/dist/latest-v22.x/                     | sed -nE ""s/.*node-v([0-9]+\.[0-9]+\.[0-9]+)-linux-${NODE_ARCH}\.tar\.xz.*/\1/p""                     | head -1)     && if [ -z ""$NODE_VERSION"" ]; then echo ""ERROR: Could not determine Node.js version"" && exit 1; fi     && curl -fsSL ""https://nodejs.org/dist/v${NODE_VERSION}/node-v${NODE_VERSION}-linux-${NODE_ARCH}.tar.xz""  "
docker.io/langflowai/langflow-nightly,sha256:88301a422498eaacaa520b425a7c80b0b7a6ca0d55a3f370837403699ffa83d5,40,,2026-07-14T04:17:56.062745288Z,RUN /bin/sh -c useradd user -u 1000 -g 0 --no-create-home --home-dir /app/data # buildkit
docker.io/langflowai/langflow-nightly,sha256:88301a422498eaacaa520b425a7c80b0b7a6ca0d55a3f370837403699ffa83d5,41,,2026-07-14T04:18:14.992443013Z,COPY --chown=1000 /app/.venv /app/.venv # buildkit
docker.io/langflowai/langflow-nightly,sha256:88301a422498eaacaa520b425a7c80b0b7a6ca0d55a3f370837403699ffa83d5,42,yes,2026-07-14T04:18:14.992443013Z,ENV PATH=/app/.venv/bin:/opt/app-root/bin:/opt/app-root/src/bin:/opt/app-root/src/.local/bin:/usr/local/sbin:/usr/local/bin:/usr/sbin:/usr/bin:/sbin:/bin
docker.io/langflowai/langflow-nightly,sha256:88301a422498eaacaa520b425a7c80b0b7a6ca0d55a3f370837403699ffa83d5,43,yes,2026-07-14T04:18:14.992443013Z,ENV BASH_ENV= ENV= PROMPT_COMMAND=
docker.io/langflowai/langflow-nightly,sha256:88301a422498eaacaa520b425a7c80b0b7a6ca0d55a3f370837403699ffa83d5,44,,2026-07-14T04:18:15.711404024Z,RUN /bin/sh -c mkdir -p /app/langflow && chown -R 1000:0 /app/langflow && chmod -R g+rwX /app/langflow # buildkit
docker.io/langflowai/langflow-nightly,sha256:88301a422498eaacaa520b425a7c80b0b7a6ca0d55a3f370837403699ffa83d5,45,yes,2026-07-14T04:18:15.711404024Z,ENV NPM_CONFIG_CACHE=/app/.npm
docker.io/langflowai/langflow-nightly,sha256:88301a422498eaacaa520b425a7c80b0b7a6ca0d55a3f370837403699ffa83d5,46,,2026-07-14T04:18:15.783384052Z,RUN /bin/sh -c mkdir -p /app/.npm /opt/app-root/src/.npm     && chown -R 1000:0 /app/.npm /opt/app-root/src/.npm     && chmod -R g+rwX /app/.npm /opt/app-root/src/.npm # buildkit
docker.io/langflowai/langflow-nightly,sha256:88301a422498eaacaa520b425a7c80b0b7a6ca0d55a3f370837403699ffa83d5,47,yes,2026-07-14T04:18:15.783384052Z,LABEL org.opencontainers.image.title=langflow
docker.io/langflowai/langflow-nightly,sha256:88301a422498eaacaa520b425a7c80b0b7a6ca0d55a3f370837403699ffa83d5,48,yes,2026-07-14T04:18:15.783384052Z,LABEL org.opencontainers.image.authors=[Langflow]
docker.io/langflowai/langflow-nightly,sha256:88301a422498eaacaa520b425a7c80b0b7a6ca0d55a3f370837403699ffa83d5,49,yes,2026-07-14T04:18:15.783384052Z,LABEL org.opencontainers.image.licenses=MIT
docker.io/langflowai/langflow-nightly,sha256:88301a422498eaacaa520b425a7c80b0b7a6ca0d55a3f370837403699ffa83d5,50,yes,2026-07-14T04:18:15.783384052Z,LABEL org.opencontainers.image.url=https://github.com/langflow-ai/langflow
docker.io/langflowai/langflow-nightly,sha256:88301a422498eaacaa520b425a7c80b0b7a6ca0d55a3f370837403699ffa83d5,51,yes,2026-07-14T04:18:15.783384052Z,LABEL org.opencontainers.image.source=https://github.com/langflow-ai/langflow
docker.io/langflowai/langflow-nightly,sha256:88301a422498eaacaa520b425a7c80b0b7a6ca0d55a3f370837403699ffa83d5,52,yes,2026-07-14T04:18:15.783384052Z,USER user
docker.io/langflowai/langflow-nightly,sha256:88301a422498eaacaa520b425a7c80b0b7a6ca0d55a3f370837403699ffa83d5,53,,2026-07-14T04:18:15.794351317Z,WORKDIR /app
docker.io/langflowai/langflow-nightly,sha256:88301a422498eaacaa520b425a7c80b0b7a6ca0d55a3f370837403699ffa83d5,54,yes,2026-07-14T04:18:15.794351317Z,ENV LANGFLOW_HOST=0.0.0.0
docker.io/langflowai/langflow-nightly,sha256:88301a422498eaacaa520b425a7c80b0b7a6ca0d55a3f370837403699ffa83d5,55,yes,2026-07-14T04:18:15.794351317Z,ENV LANGFLOW_PORT=7860
docker.io/langflowai/langflow-nightly,sha256:88301a422498eaacaa520b425a7c80b0b7a6ca0d55a3f370837403699ffa83d5,56,yes,2026-07-14T04:18:15.794351317Z,ENV LANGFLOW_AUTO_LOGIN=false
docker.io/langflowai/langflow-nightly,sha256:88301a422498eaacaa520b425a7c80b0b7a6ca0d55a3f370837403699ffa83d5,57,yes,2026-07-14T04:18:15.794351317Z,ENV LANGFLOW_ALLOW_CUSTOM_COMPONENTS=false
docker.io/langflowai/langflow-nightly,sha256:88301a422498eaacaa520b425a7c80b0b7a6ca0d55a3f370837403699ffa83d5,58,yes,2026-07-14T04:18:15.794351317Z,ENV LANGFLOW_BLOCK_CODE_INTERPRETER_COMPONENTS=true
docker.io/langflowai/langflow-nightly,sha256:88301a422498eaacaa520b425a7c80b0b7a6ca0d55a3f370837403699ffa83d5,59,yes,2026-07-14T04:18:15.794351317Z,ENV LANGFLOW_RESTRICT_LOCAL_FILE_ACCESS=true
docker.io/langflowai/langflow-nightly,sha256:88301a422498eaacaa520b425a7c80b0b7a6ca0d55a3f370837403699ffa83d5,60,yes,2026-07-14T04:18:15.794351317Z,ENV LANGFLOW_MCP_SERVER_DOCKER_HARDENING=true
docker.io/langflowai/langflow-nightly,sha256:88301a422498eaacaa520b425a7c80b0b7a6ca0d55a3f370837403699ffa83d5,61,yes,2026-07-14T04:18:15.794351317Z,ENV LANGFLOW_MCP_SERVER_INTERPRETER_HARDENING=true
docker.io/langflowai/langflow-nightly,sha256:88301a422498eaacaa520b425a7c80b0b7a6ca0d55a3f370837403699ffa83d5,62,yes,2026-07-14T04:18:15.794351317Z,"ENV LANGFLOW_MCP_SERVER_ALLOWED_PACKAGES=mcp-proxy,lfx"
docker.io/langflowai/langflow-nightly,sha256:88301a422498eaacaa520b425a7c80b0b7a6ca0d55a3f370837403699ffa83d5,63,yes,2026-07-14T04:18:15.794351317Z,"CMD [""langflow"" ""run""]"
docker.io/cloudsmith/cloudsmith-cli,sha256:70f4807d615ffb9087b9b39edae44c344646a5dfbc7f68fbc91703440f77ab78,0,,2026-04-15T20:01:40.139676757Z,ADD alpine-minirootfs-3.23.4-x86_64.tar.gz / # buildkit
docker.io/cloudsmith/cloudsmith-cli,sha256:70f4807d615ffb9087b9b39edae44c344646a5dfbc7f68fbc91703440f77ab78,1,yes,2026-04-15T20:01:40.139676757Z,"CMD [""/bin/sh""]"
docker.io/cloudsmith/cloudsmith-cli,sha256:70f4807d615ffb9087b9b39edae44c344646a5dfbc7f68fbc91703440f77ab78,2,yes,2026-04-15T20:47:04.440165757Z,ENV PATH=/usr/local/bin:/usr/local/sbin:/usr/local/bin:/usr/sbin:/usr/bin:/sbin:/bin
docker.io/cloudsmith/cloudsmith-cli,sha256:70f4807d615ffb9087b9b39edae44c344646a5dfbc7f68fbc91703440f77ab78,3,yes,2026-04-15T20:47:04.440165757Z,ENV LANG=C.UTF-8
docker.io/cloudsmith/cloudsmith-cli,sha256:70f4807d615ffb9087b9b39edae44c344646a5dfbc7f68fbc91703440f77ab78,4,,2026-04-15T20:47:04.440165757Z,RUN /bin/sh -c set -eux; 	apk add --no-cache 		ca-certificates 		tzdata 	; # buildkit
docker.io/cloudsmith/cloudsmith-cli,sha256:70f4807d615ffb9087b9b39edae44c344646a5dfbc7f68fbc91703440f77ab78,5,yes,2026-04-15T20:47:04.440165757Z,ENV GPG_KEY=7169605F62C751356D054A26A821E680E5FA6305
docker.io/cloudsmith/cloudsmith-cli,sha256:70f4807d615ffb9087b9b39edae44c344646a5dfbc7f68fbc91703440f77ab78,6,yes,2026-04-15T20:47:04.440165757Z,ENV PYTHON_VERSION=3.12.13
docker.io/cloudsmith/cloudsmith-cli,sha256:70f4807d615ffb9087b9b39edae44c344646a5dfbc7f68fbc91703440f77ab78,7,yes,2026-04-15T20:47:04.440165757Z,ENV PYTHON_SHA256=c08bc65a81971c1dd5783182826503369466c7e67374d1646519adf05207b684
docker.io/cloudsmith/cloudsmith-cli,sha256:70f4807d615ffb9087b9b39edae44c344646a5dfbc7f68fbc91703440f77ab78,8,,2026-04-15T20:52:17.81405629Z,"RUN /bin/sh -c set -eux; 		apk add --no-cache --virtual .build-deps 		bluez-dev 		bzip2-dev 		dpkg-dev dpkg 		findutils 		gcc 		gdbm-dev 		gnupg 		libc-dev 		libffi-dev 		libnsl-dev 		libtirpc-dev 		linux-headers 		make 		ncurses-dev 		openssl-dev 		pax-utils 		readline-dev 		sqlite-dev 		tar 		tcl-dev 		tk 		tk-dev 		util-linux-dev 		xz 		xz-dev 		zlib-dev 	; 		wget -O python.tar.xz ""https://www.python.org/ftp/python/${PYTHON_VERSION%%[a-z]*}/Python-$PYTHON_VERSION.tar.xz""; 	echo ""$PYTHON_SHA256 *python.tar.xz"" | sha256sum -c -; 	wget -O python.tar.xz.asc ""https://www.python.org/ftp/python/${"
docker.io/cloudsmith/cloudsmith-cli,sha256:70f4807d615ffb9087b9b39edae44c344646a5dfbc7f68fbc91703440f77ab78,9,,2026-04-15T20:52:17.918046753Z,"RUN /bin/sh -c set -eux; 	for src in idle3 pip3 pydoc3 python3 python3-config; do 		dst=""$(echo ""$src"" | tr -d 3)""; 		[ -s ""/usr/local/bin/$src"" ]; 		[ ! -e ""/usr/local/bin/$dst"" ]; 		ln -svT ""$src"" ""/usr/local/bin/$dst""; 	done # buildkit"
docker.io/cloudsmith/cloudsmith-cli,sha256:70f4807d615ffb9087b9b39edae44c344646a5dfbc7f68fbc91703440f77ab78,10,yes,2026-04-15T20:52:17.918046753Z,"CMD [""python3""]"
docker.io/cloudsmith/cloudsmith-cli,sha256:70f4807d615ffb9087b9b39edae44c344646a5dfbc7f68fbc91703440f77ab78,11,yes,2026-06-09T10:05:09.147367032Z,LABEL maintainer=<e-mail address removed>
docker.io/cloudsmith/cloudsmith-cli,sha256:70f4807d615ffb9087b9b39edae44c344646a5dfbc7f68fbc91703440f77ab78,12,yes,2026-06-09T10:05:09.147367032Z,"LABEL description=Official Cloudsmith CLI, now served in a handy container"
docker.io/cloudsmith/cloudsmith-cli,sha256:70f4807d615ffb9087b9b39edae44c344646a5dfbc7f68fbc91703440f77ab78,13,yes,2026-06-09T10:05:09.147367032Z,ENV PYTHONDONTWRITEBYTECODE=1 PIP_NO_CACHE_DIR=1 PATH=/opt/cloudsmith:/usr/local/bin:/usr/local/sbin:/usr/local/bin:/usr/sbin:/usr/bin:/sbin:/bin
docker.io/cloudsmith/cloudsmith-cli,sha256:70f4807d615ffb9087b9b39edae44c344646a5dfbc7f68fbc91703440f77ab78,14,,2026-06-09T10:05:09.147367032Z,RUN /bin/sh -c apk add --no-cache curl bash ca-certificates # buildkit
docker.io/cloudsmith/cloudsmith-cli,sha256:70f4807d615ffb9087b9b39edae44c344646a5dfbc7f68fbc91703440f77ab78,15,yes,2026-06-09T10:05:09.147367032Z,ARG CLOUDSMITH_CLI_VERSION=1.18.0
docker.io/cloudsmith/cloudsmith-cli,sha256:70f4807d615ffb9087b9b39edae44c344646a5dfbc7f68fbc91703440f77ab78,16,yes,2026-06-09T10:05:09.147367032Z,ARG CLOUDSMITH_NAMESPACE=cloudsmith
docker.io/cloudsmith/cloudsmith-cli,sha256:70f4807d615ffb9087b9b39edae44c344646a5dfbc7f68fbc91703440f77ab78,17,yes,2026-06-09T10:05:09.147367032Z,ARG CLOUDSMITH_REPO=cli-zipapp
docker.io/cloudsmith/cloudsmith-cli,sha256:70f4807d615ffb9087b9b39edae44c344646a5dfbc7f68fbc91703440f77ab78,18,,2026-06-09T10:05:12.176091068Z,"RUN |3 CLOUDSMITH_CLI_VERSION=1.18.0 CLOUDSMITH_NAMESPACE=cloudsmith CLOUDSMITH_REPO=cli-zipapp /bin/sh -c mkdir -p /opt/cloudsmith  && curl -1sLf -o /opt/cloudsmith/cloudsmith ""https://dl.cloudsmith.io/public/${CLOUDSMITH_NAMESPACE}/${CLOUDSMITH_REPO}/raw/names/cloudsmith-cli/versions/${CLOUDSMITH_CLI_VERSION}/cloudsmith.pyz""  && chmod +x /opt/cloudsmith/cloudsmith # buildkit"
docker.io/cloudsmith/cloudsmith-cli,sha256:70f4807d615ffb9087b9b39edae44c344646a5dfbc7f68fbc91703440f77ab78,19,yes,2026-06-09T10:05:12.176091068Z,"ENTRYPOINT [""cloudsmith""]"
docker.io/omicsdatascience/modulector,sha256:86a841a527b33ace5ade7677999bfa5d879ed66a583aaed15e3582a66d226e9e,0,,2026-05-18T00:00:00Z,# debian.sh --arch 'amd64' out/ 'bookworm' '@1779062400'
docker.io/omicsdatascience/modulector,sha256:86a841a527b33ace5ade7677999bfa5d879ed66a583aaed15e3582a66d226e9e,1,yes,2026-05-19T23:43:33.206568049Z,ENV PATH=/usr/local/bin:/usr/local/sbin:/usr/local/bin:/usr/sbin:/usr/bin:/sbin:/bin
docker.io/omicsdatascience/modulector,sha256:86a841a527b33ace5ade7677999bfa5d879ed66a583aaed15e3582a66d226e9e,2,yes,2026-05-19T23:43:33.206568049Z,ENV LANG=C.UTF-8
docker.io/omicsdatascience/modulector,sha256:86a841a527b33ace5ade7677999bfa5d879ed66a583aaed15e3582a66d226e9e,3,,2026-05-19T23:43:33.206568049Z,RUN /bin/sh -c set -eux; 	apt-get update; 	apt-get install -y --no-install-recommends 		ca-certificates 		netbase 		tzdata 	; 	rm -rf /var/lib/apt/lists/* # buildkit
docker.io/omicsdatascience/modulector,sha256:86a841a527b33ace5ade7677999bfa5d879ed66a583aaed15e3582a66d226e9e,4,yes,2026-05-19T23:43:33.206568049Z,ENV GPG_KEY=7169605F62C751356D054A26A821E680E5FA6305
docker.io/omicsdatascience/modulector,sha256:86a841a527b33ace5ade7677999bfa5d879ed66a583aaed15e3582a66d226e9e,5,yes,2026-05-19T23:43:33.206568049Z,ENV PYTHON_VERSION=3.12.13
docker.io/omicsdatascience/modulector,sha256:86a841a527b33ace5ade7677999bfa5d879ed66a583aaed15e3582a66d226e9e,6,yes,2026-05-19T23:43:33.206568049Z,ENV PYTHON_SHA256=c08bc65a81971c1dd5783182826503369466c7e67374d1646519adf05207b684
docker.io/omicsdatascience/modulector,sha256:86a841a527b33ace5ade7677999bfa5d879ed66a583aaed15e3582a66d226e9e,7,,2026-05-19T23:52:20.495231323Z,"RUN /bin/sh -c set -eux; 		savedAptMark=""$(apt-mark showmanual)""; 	apt-get update; 	apt-get install -y --no-install-recommends 		dpkg-dev 		gcc 		gnupg 		libbluetooth-dev 		libbz2-dev 		libc6-dev 		libdb-dev 		libffi-dev 		libgdbm-dev 		liblzma-dev 		libncursesw5-dev 		libreadline-dev 		libsqlite3-dev 		libssl-dev 		make 		tk-dev 		uuid-dev 		wget 		xz-utils 		zlib1g-dev 	; 		wget -O python.tar.xz ""https://www.python.org/ftp/python/${PYTHON_VERSION%%[a-z]*}/Python-$PYTHON_VERSION.tar.xz""; 	echo ""$PYTHON_SHA256 *python.tar.xz"" | sha256sum -c -; 	wget -O python.tar.xz.asc ""https://www.python.org"
docker.io/omicsdatascience/modulector,sha256:86a841a527b33ace5ade7677999bfa5d879ed66a583aaed15e3582a66d226e9e,8,,2026-05-19T23:52:20.609605742Z,"RUN /bin/sh -c set -eux; 	for src in idle3 pip3 pydoc3 python3 python3-config; do 		dst=""$(echo ""$src"" | tr -d 3)""; 		[ -s ""/usr/local/bin/$src"" ]; 		[ ! -e ""/usr/local/bin/$dst"" ]; 		ln -svT ""$src"" ""/usr/local/bin/$dst""; 	done # buildkit"
docker.io/omicsdatascience/modulector,sha256:86a841a527b33ace5ade7677999bfa5d879ed66a583aaed15e3582a66d226e9e,9,yes,2026-05-19T23:52:20.609605742Z,"CMD [""python3""]"
docker.io/omicsdatascience/modulector,sha256:86a841a527b33ace5ade7677999bfa5d879ed66a583aaed15e3582a66d226e9e,10,yes,2026-06-04T21:22:34.816524445Z,ENV POSTGRES_USERNAME=modulector
docker.io/omicsdatascience/modulector,sha256:86a841a527b33ace5ade7677999bfa5d879ed66a583aaed15e3582a66d226e9e,11,yes,2026-06-04T21:22:34.816524445Z,ENV POSTGRES_PASSWORD=modulector
docker.io/omicsdatascience/modulector,sha256:86a841a527b33ace5ade7677999bfa5d879ed66a583aaed15e3582a66d226e9e,12,yes,2026-06-04T21:22:34.816524445Z,ENV POSTGRES_PORT=5432
docker.io/omicsdatascience/modulector,sha256:86a841a527b33ace5ade7677999bfa5d879ed66a583aaed15e3582a66d226e9e,13,yes,2026-06-04T21:22:34.816524445Z,ENV POSTGRES_DB=modulector
docker.io/omicsdatascience/modulector,sha256:86a841a527b33ace5ade7677999bfa5d879ed66a583aaed15e3582a66d226e9e,14,,2026-06-04T21:22:34.816524445Z,RUN /bin/sh -c mkdir /src # buildkit
docker.io/omicsdatascience/modulector,sha256:86a841a527b33ace5ade7677999bfa5d879ed66a583aaed15e3582a66d226e9e,15,,2026-06-04T21:22:34.82259364Z,WORKDIR /src/
docker.io/omicsdatascience/modulector,sha256:86a841a527b33ace5ade7677999bfa5d879ed66a583aaed15e3582a66d226e9e,16,yes,2026-06-04T21:22:34.82259364Z,ENV BASEDIR=/src
docker.io/omicsdatascience/modulector,sha256:86a841a527b33ace5ade7677999bfa5d879ed66a583aaed15e3582a66d226e9e,17,,2026-06-04T21:22:34.829406805Z,ADD config/requirements.txt /config/ # buildkit
docker.io/omicsdatascience/modulector,sha256:86a841a527b33ace5ade7677999bfa5d879ed66a583aaed15e3582a66d226e9e,18,,2026-06-04T21:23:00.86421789Z,RUN /bin/sh -c pip3 install -r /config/requirements.txt # buildkit
docker.io/omicsdatascience/modulector,sha256:86a841a527b33ace5ade7677999bfa5d879ed66a583aaed15e3582a66d226e9e,19,,2026-06-04T21:23:01.112564247Z,COPY . . # buildkit
docker.io/omicsdatascience/modulector,sha256:86a841a527b33ace5ade7677999bfa5d879ed66a583aaed15e3582a66d226e9e,20,,2026-06-04T21:23:01.165144764Z,RUN /bin/sh -c echo 0 > tools/healthcheck/tries.txt # buildkit
docker.io/omicsdatascience/modulector,sha256:86a841a527b33ace5ade7677999bfa5d879ed66a583aaed15e3582a66d226e9e,21,yes,2026-06-04T21:23:01.165144764Z,HEALTHCHECK {Test:[CMD-SHELL python tools/healthcheck/check.py] Interval:0s Timeout:0s StartPeriod:0s StartInterval:0s Retries:0}
docker.io/omicsdatascience/modulector,sha256:86a841a527b33ace5ade7677999bfa5d879ed66a583aaed15e3582a66d226e9e,22,,2026-06-04T21:23:01.235503454Z,RUN /bin/sh -c chmod +x tools/run.sh # buildkit
docker.io/omicsdatascience/modulector,sha256:86a841a527b33ace5ade7677999bfa5d879ed66a583aaed15e3582a66d226e9e,23,yes,2026-06-04T21:23:01.235503454Z,"CMD [""/bin/bash"" ""-c"" ""tools/run.sh""]"
docker.io/omicsdatascience/modulector,sha256:86a841a527b33ace5ade7677999bfa5d879ed66a583aaed15e3582a66d226e9e,24,yes,2026-06-04T21:23:01.235503454Z,EXPOSE [8000/tcp]
docker.io/omicsdatascience/modulector,sha256:7f57aa0e7466b83c2c4e80b83aa0be0f2df09849374ce8cd2da4e3014ec44c36,0,,2026-06-23T00:00:00Z,# debian.sh --arch 'amd64' out/ 'bookworm' '@1782172800'
docker.io/omicsdatascience/modulector,sha256:7f57aa0e7466b83c2c4e80b83aa0be0f2df09849374ce8cd2da4e3014ec44c36,1,yes,2026-06-24T02:02:04.518868367Z,ENV PATH=/usr/local/bin:/usr/local/sbin:/usr/local/bin:/usr/sbin:/usr/bin:/sbin:/bin
docker.io/omicsdatascience/modulector,sha256:7f57aa0e7466b83c2c4e80b83aa0be0f2df09849374ce8cd2da4e3014ec44c36,2,yes,2026-06-24T02:02:04.518868367Z,ENV LANG=C.UTF-8
docker.io/omicsdatascience/modulector,sha256:7f57aa0e7466b83c2c4e80b83aa0be0f2df09849374ce8cd2da4e3014ec44c36,3,,2026-06-24T02:02:04.518868367Z,RUN /bin/sh -c set -eux; 	apt-get update; 	apt-get install -y --no-install-recommends 		ca-certificates 		netbase 		tzdata 	; 	rm -rf /var/lib/apt/lists/* # buildkit
docker.io/omicsdatascience/modulector,sha256:7f57aa0e7466b83c2c4e80b83aa0be0f2df09849374ce8cd2da4e3014ec44c36,4,yes,2026-06-24T02:02:04.518868367Z,ENV GPG_KEY=7169605F62C751356D054A26A821E680E5FA6305
docker.io/omicsdatascience/modulector,sha256:7f57aa0e7466b83c2c4e80b83aa0be0f2df09849374ce8cd2da4e3014ec44c36,5,yes,2026-06-24T02:02:04.518868367Z,ENV PYTHON_VERSION=3.12.13
docker.io/omicsdatascience/modulector,sha256:7f57aa0e7466b83c2c4e80b83aa0be0f2df09849374ce8cd2da4e3014ec44c36,6,yes,2026-06-24T02:02:04.518868367Z,ENV PYTHON_SHA256=c08bc65a81971c1dd5783182826503369466c7e67374d1646519adf05207b684
docker.io/omicsdatascience/modulector,sha256:7f57aa0e7466b83c2c4e80b83aa0be0f2df09849374ce8cd2da4e3014ec44c36,7,,2026-06-24T02:11:39.758699698Z,"RUN /bin/sh -c set -eux; 		savedAptMark=""$(apt-mark showmanual)""; 	apt-get update; 	apt-get install -y --no-install-recommends 		dpkg-dev 		gcc 		gnupg 		libbluetooth-dev 		libbz2-dev 		libc6-dev 		libdb-dev 		libffi-dev 		libgdbm-dev 		liblzma-dev 		libncursesw5-dev 		libreadline-dev 		libsqlite3-dev 		libssl-dev 		make 		tk-dev 		uuid-dev 		wget 		xz-utils 		zlib1g-dev 	; 		wget -O python.tar.xz ""https://www.python.org/ftp/python/${PYTHON_VERSION%%[a-z]*}/Python-$PYTHON_VERSION.tar.xz""; 	echo ""$PYTHON_SHA256 *python.tar.xz"" | sha256sum -c -; 	wget -O python.tar.xz.asc ""https://www.python.org"
docker.io/omicsdatascience/modulector,sha256:7f57aa0e7466b83c2c4e80b83aa0be0f2df09849374ce8cd2da4e3014ec44c36,8,,2026-06-24T02:11:39.862627326Z,"RUN /bin/sh -c set -eux; 	for src in idle3 pip3 pydoc3 python3 python3-config; do 		dst=""$(echo ""$src"" | tr -d 3)""; 		[ -s ""/usr/local/bin/$src"" ]; 		[ ! -e ""/usr/local/bin/$dst"" ]; 		ln -svT ""$src"" ""/usr/local/bin/$dst""; 	done # buildkit"
docker.io/omicsdatascience/modulector,sha256:7f57aa0e7466b83c2c4e80b83aa0be0f2df09849374ce8cd2da4e3014ec44c36,9,yes,2026-06-24T02:11:39.862627326Z,"CMD [""python3""]"
docker.io/omicsdatascience/modulector,sha256:7f57aa0e7466b83c2c4e80b83aa0be0f2df09849374ce8cd2da4e3014ec44c36,10,,2026-07-11T14:12:22.691971138Z,COPY /uv /uvx /bin/ # buildkit
docker.io/omicsdatascience/modulector,sha256:7f57aa0e7466b83c2c4e80b83aa0be0f2df09849374ce8cd2da4e3014ec44c36,11,,2026-07-11T14:12:25.662112793Z,RUN /bin/sh -c apt-get update     && apt-get install --no-install-recommends -y curl     && rm -rf /var/lib/apt/lists/* # buildkit
docker.io/omicsdatascience/modulector,sha256:7f57aa0e7466b83c2c4e80b83aa0be0f2df09849374ce8cd2da4e3014ec44c36,12,yes,2026-07-11T14:12:25.718710716Z,ENV POSTGRES_USERNAME=modulector
docker.io/omicsdatascience/modulector,sha256:7f57aa0e7466b83c2c4e80b83aa0be0f2df09849374ce8cd2da4e3014ec44c36,13,yes,2026-07-11T14:12:25.718710716Z,ENV POSTGRES_PASSWORD=modulector
docker.io/omicsdatascience/modulector,sha256:7f57aa0e7466b83c2c4e80b83aa0be0f2df09849374ce8cd2da4e3014ec44c36,14,yes,2026-07-11T14:12:25.718710716Z,ENV POSTGRES_PORT=5432
docker.io/omicsdatascience/modulector,sha256:7f57aa0e7466b83c2c4e80b83aa0be0f2df09849374ce8cd2da4e3014ec44c36,15,yes,2026-07-11T14:12:25.718710716Z,ENV POSTGRES_DB=modulector
docker.io/omicsdatascience/modulector,sha256:7f57aa0e7466b83c2c4e80b83aa0be0f2df09849374ce8cd2da4e3014ec44c36,16,,2026-07-11T14:12:25.718710716Z,RUN /bin/sh -c mkdir /src # buildkit
docker.io/omicsdatascience/modulector,sha256:7f57aa0e7466b83c2c4e80b83aa0be0f2df09849374ce8cd2da4e3014ec44c36,17,,2026-07-11T14:12:25.727630719Z,WORKDIR /src/
docker.io/omicsdatascience/modulector,sha256:7f57aa0e7466b83c2c4e80b83aa0be0f2df09849374ce8cd2da4e3014ec44c36,18,yes,2026-07-11T14:12:25.727630719Z,ENV BASEDIR=/src
docker.io/omicsdatascience/modulector,sha256:7f57aa0e7466b83c2c4e80b83aa0be0f2df09849374ce8cd2da4e3014ec44c36,19,yes,2026-07-11T14:12:25.727630719Z,ENV PATH=/src/.venv/bin:/usr/local/bin:/usr/local/sbin:/usr/local/bin:/usr/sbin:/usr/bin:/sbin:/bin
docker.io/omicsdatascience/modulector,sha256:7f57aa0e7466b83c2c4e80b83aa0be0f2df09849374ce8cd2da4e3014ec44c36,20,yes,2026-07-11T14:12:25.727630719Z,ENV UV_COMPILE_BYTECODE=1
docker.io/omicsdatascience/modulector,sha256:7f57aa0e7466b83c2c4e80b83aa0be0f2df09849374ce8cd2da4e3014ec44c36,21,yes,2026-07-11T14:12:25.727630719Z,ENV UV_LINK_MODE=copy
docker.io/omicsdatascience/modulector,sha256:7f57aa0e7466b83c2c4e80b83aa0be0f2df09849374ce8cd2da4e3014ec44c36,22,,2026-07-11T14:12:25.736224987Z,COPY pyproject.toml uv.lock ./ # buildkit
docker.io/omicsdatascience/modulector,sha256:7f57aa0e7466b83c2c4e80b83aa0be0f2df09849374ce8cd2da4e3014ec44c36,23,,2026-07-11T14:12:34.701575277Z,RUN /bin/sh -c uv sync --locked --no-dev --no-install-project # buildkit
docker.io/omicsdatascience/modulector,sha256:7f57aa0e7466b83c2c4e80b83aa0be0f2df09849374ce8cd2da4e3014ec44c36,24,,2026-07-11T14:12:36.274090713Z,COPY . . # buildkit
docker.io/omicsdatascience/modulector,sha256:7f57aa0e7466b83c2c4e80b83aa0be0f2df09849374ce8cd2da4e3014ec44c36,25,,2026-07-11T14:12:36.333616359Z,RUN /bin/sh -c chmod +x tools/run.sh # buildkit
docker.io/omicsdatascience/modulector,sha256:7f57aa0e7466b83c2c4e80b83aa0be0f2df09849374ce8cd2da4e3014ec44c36,26,yes,2026-07-11T14:12:36.333616359Z,"CMD [""/bin/bash"" ""-c"" ""tools/run.sh""]"
docker.io/omicsdatascience/modulector,sha256:7f57aa0e7466b83c2c4e80b83aa0be0f2df09849374ce8cd2da4e3014ec44c36,27,yes,2026-07-11T14:12:36.333616359Z,EXPOSE [8000/tcp 8001/tcp]
docker.io/langflowai/langflow,sha256:bc004d30ec7ffb64b55323ee3f87d76e9b50d114cb7a959608535420417abd2a,0,,2026-05-18T00:00:00Z,# debian.sh --arch 'amd64' out/ 'trixie' '@1779062400'
docker.io/langflowai/langflow,sha256:bc004d30ec7ffb64b55323ee3f87d76e9b50d114cb7a959608535420417abd2a,1,yes,2026-05-19T23:39:58.17915116Z,ENV PATH=/usr/local/bin:/usr/local/sbin:/usr/local/bin:/usr/sbin:/usr/bin:/sbin:/bin
docker.io/langflowai/langflow,sha256:bc004d30ec7ffb64b55323ee3f87d76e9b50d114cb7a959608535420417abd2a,2,,2026-05-19T23:39:58.17915116Z,RUN /bin/sh -c set -eux; 	apt-get update; 	apt-get install -y --no-install-recommends 		ca-certificates 		netbase 		tzdata 	; 	apt-get dist-clean # buildkit
docker.io/langflowai/langflow,sha256:bc004d30ec7ffb64b55323ee3f87d76e9b50d114cb7a959608535420417abd2a,3,yes,2026-05-19T23:39:58.17915116Z,ENV PYTHON_VERSION=3.14.5
docker.io/langflowai/langflow,sha256:bc004d30ec7ffb64b55323ee3f87d76e9b50d114cb7a959608535420417abd2a,4,yes,2026-05-19T23:39:58.17915116Z,ENV PYTHON_SHA256=7e32597b99e5d9a39abed35de4693fa169df3e5850d4c334337ffd6a19a36db6
docker.io/langflowai/langflow,sha256:bc004d30ec7ffb64b55323ee3f87d76e9b50d114cb7a959608535420417abd2a,5,,2026-05-19T23:47:22.175943306Z,"RUN /bin/sh -c set -eux; 		savedAptMark=""$(apt-mark showmanual)""; 	apt-get update; 	apt-get install -y --no-install-recommends 		dpkg-dev 		gcc 		gnupg 		libbluetooth-dev 		libbz2-dev 		libc6-dev 		libdb-dev 		libffi-dev 		libgdbm-dev 		liblzma-dev 		libncursesw5-dev 		libreadline-dev 		libsqlite3-dev 		libssl-dev 		libzstd-dev 		make 		tk-dev 		uuid-dev 		wget 		xz-utils 		zlib1g-dev 	; 		wget -O python.tar.xz ""https://www.python.org/ftp/python/${PYTHON_VERSION%%[a-z]*}/Python-$PYTHON_VERSION.tar.xz""; 	echo ""$PYTHON_SHA256 *python.tar.xz"" | sha256sum -c -; 	mkdir -p /usr/src/python; 	tar --ex"
docker.io/langflowai/langflow,sha256:bc004d30ec7ffb64b55323ee3f87d76e9b50d114cb7a959608535420417abd2a,6,,2026-05-19T23:47:22.287882867Z,"RUN /bin/sh -c set -eux; 	for src in idle3 pip3 pydoc3 python3 python3-config; do 		dst=""$(echo ""$src"" | tr -d 3)""; 		[ -s ""/usr/local/bin/$src"" ]; 		[ ! -e ""/usr/local/bin/$dst"" ]; 		ln -svT ""$src"" ""/usr/local/bin/$dst""; 	done # buildkit"
docker.io/langflowai/langflow,sha256:bc004d30ec7ffb64b55323ee3f87d76e9b50d114cb7a959608535420417abd2a,7,yes,2026-05-19T23:47:22.287882867Z,"CMD [""python3""]"
docker.io/langflowai/langflow,sha256:bc004d30ec7ffb64b55323ee3f87d76e9b50d114cb7a959608535420417abd2a,8,,2026-06-02T16:43:52.087737867Z,RUN /bin/sh -c apt-get update     && apt-get upgrade -y     && apt-get install --no-install-recommends -y curl git libpq5 gnupg xz-utils     && apt-get clean     && rm -rf /var/lib/apt/lists/* # buildkit
docker.io/langflowai/langflow,sha256:bc004d30ec7ffb64b55323ee3f87d76e9b50d114cb7a959608535420417abd2a,9,,2026-06-02T16:46:22.731026379Z,COPY /usr/local/bin/uv /usr/local/bin/uv # buildkit
docker.io/langflowai/langflow,sha256:bc004d30ec7ffb64b55323ee3f87d76e9b50d114cb7a959608535420417abd2a,10,,2026-06-02T16:46:22.738724884Z,COPY /usr/local/bin/uvx /usr/local/bin/uvx # buildkit
docker.io/langflowai/langflow,sha256:bc004d30ec7ffb64b55323ee3f87d76e9b50d114cb7a959608535420417abd2a,11,,2026-06-02T16:46:28.390014134Z,"RUN /bin/sh -c ARCH=$(dpkg --print-architecture)     && if [ ""$ARCH"" = ""amd64"" ]; then NODE_ARCH=""x64"";        elif [ ""$ARCH"" = ""arm64"" ]; then NODE_ARCH=""arm64"";        else NODE_ARCH=""$ARCH""; fi     && NODE_VERSION=$(curl -fsSL https://nodejs.org/dist/latest-v22.x/                     | sed -nE ""s/.*node-v([0-9]+\.[0-9]+\.[0-9]+)-linux-${NODE_ARCH}\.tar\.xz.*/\1/p""                     | head -1)     && if [ -z ""$NODE_VERSION"" ]; then echo ""ERROR: Could not determine Node.js version"" && exit 1; fi     && curl -fsSL ""https://nodejs.org/dist/v${NODE_VERSION}/node-v${NODE_VERSION}-linux-${NODE_A"
docker.io/langflowai/langflow,sha256:bc004d30ec7ffb64b55323ee3f87d76e9b50d114cb7a959608535420417abd2a,12,,2026-06-02T16:46:28.519609189Z,RUN /bin/sh -c useradd user -u 1000 -g 0 --no-create-home --home-dir /app/data # buildkit
docker.io/langflowai/langflow,sha256:bc004d30ec7ffb64b55323ee3f87d76e9b50d114cb7a959608535420417abd2a,13,,2026-06-02T16:46:52.452476142Z,COPY --chown=1000 /app/.venv /app/.venv # buildkit
docker.io/langflowai/langflow,sha256:bc004d30ec7ffb64b55323ee3f87d76e9b50d114cb7a959608535420417abd2a,14,yes,2026-06-02T16:46:53.601930443Z,ENV PATH=/app/.venv/bin:/usr/local/bin:/usr/local/sbin:/usr/local/bin:/usr/sbin:/usr/bin:/sbin:/bin
docker.io/langflowai/langflow,sha256:bc004d30ec7ffb64b55323ee3f87d76e9b50d114cb7a959608535420417abd2a,15,,2026-06-02T16:46:53.601930443Z,RUN /bin/sh -c mkdir -p /app/langflow && chown -R 1000:0 /app/langflow && chmod -R g+rwX /app/langflow # buildkit
docker.io/langflowai/langflow,sha256:bc004d30ec7ffb64b55323ee3f87d76e9b50d114cb7a959608535420417abd2a,16,yes,2026-06-02T16:46:53.601930443Z,LABEL org.opencontainers.image.title=langflow
docker.io/langflowai/langflow,sha256:bc004d30ec7ffb64b55323ee3f87d76e9b50d114cb7a959608535420417abd2a,17,yes,2026-06-02T16:46:53.601930443Z,LABEL org.opencontainers.image.authors=[Langflow]
docker.io/langflowai/langflow,sha256:bc004d30ec7ffb64b55323ee3f87d76e9b50d114cb7a959608535420417abd2a,18,yes,2026-06-02T16:46:53.601930443Z,LABEL org.opencontainers.image.licenses=MIT
docker.io/langflowai/langflow,sha256:bc004d30ec7ffb64b55323ee3f87d76e9b50d114cb7a959608535420417abd2a,19,yes,2026-06-02T16:46:53.601930443Z,LABEL org.opencontainers.image.url=https://github.com/langflow-ai/langflow
docker.io/langflowai/langflow,sha256:bc004d30ec7ffb64b55323ee3f87d76e9b50d114cb7a959608535420417abd2a,20,yes,2026-06-02T16:46:53.601930443Z,LABEL org.opencontainers.image.source=https://github.com/langflow-ai/langflow
docker.io/langflowai/langflow,sha256:bc004d30ec7ffb64b55323ee3f87d76e9b50d114cb7a959608535420417abd2a,21,yes,2026-06-02T16:46:53.601930443Z,USER user
docker.io/langflowai/langflow,sha256:bc004d30ec7ffb64b55323ee3f87d76e9b50d114cb7a959608535420417abd2a,22,,2026-06-02T16:46:53.609839864Z,WORKDIR /app
docker.io/langflowai/langflow,sha256:bc004d30ec7ffb64b55323ee3f87d76e9b50d114cb7a959608535420417abd2a,23,yes,2026-06-02T16:46:53.609839864Z,ENV LANGFLOW_HOST=0.0.0.0
docker.io/langflowai/langflow,sha256:bc004d30ec7ffb64b55323ee3f87d76e9b50d114cb7a959608535420417abd2a,24,yes,2026-06-02T16:46:53.609839864Z,ENV LANGFLOW_PORT=7860
docker.io/langflowai/langflow,sha256:bc004d30ec7ffb64b55323ee3f87d76e9b50d114cb7a959608535420417abd2a,25,yes,2026-06-02T16:46:53.609839864Z,"CMD [""langflow"" ""run""]"
docker.io/langflowai/langflow,sha256:04254eeccefd8c29decd1b5c4556add81bfcdab9e903ccb8cfc2cc193fb32043,0,,2026-06-10T00:00:00Z,# debian.sh --arch 'amd64' out/ 'trixie' '@1781049600'
docker.io/langflowai/langflow,sha256:04254eeccefd8c29decd1b5c4556add81bfcdab9e903ccb8cfc2cc193fb32043,1,yes,2026-06-11T00:59:09.939892115Z,ENV PATH=/usr/local/bin:/usr/local/sbin:/usr/local/bin:/usr/sbin:/usr/bin:/sbin:/bin
docker.io/langflowai/langflow,sha256:04254eeccefd8c29decd1b5c4556add81bfcdab9e903ccb8cfc2cc193fb32043,2,,2026-06-11T00:59:09.939892115Z,RUN /bin/sh -c set -eux; 	apt-get update; 	apt-get install -y --no-install-recommends 		ca-certificates 		netbase 		tzdata 	; 	apt-get dist-clean # buildkit
docker.io/langflowai/langflow,sha256:04254eeccefd8c29decd1b5c4556add81bfcdab9e903ccb8cfc2cc193fb32043,3,yes,2026-06-11T00:59:09.939892115Z,ENV PYTHON_VERSION=3.14.6
docker.io/langflowai/langflow,sha256:04254eeccefd8c29decd1b5c4556add81bfcdab9e903ccb8cfc2cc193fb32043,4,yes,2026-06-11T00:59:09.939892115Z,ENV PYTHON_SHA256=143b1dddefaec3bd2e21e3b839b34a2b7fb9842272883c576420d605e9f30c63
docker.io/langflowai/langflow,sha256:04254eeccefd8c29decd1b5c4556add81bfcdab9e903ccb8cfc2cc193fb32043,5,,2026-06-11T01:07:14.806354797Z,"RUN /bin/sh -c set -eux; 		savedAptMark=""$(apt-mark showmanual)""; 	apt-get update; 	apt-get install -y --no-install-recommends 		dpkg-dev 		gcc 		gnupg 		libbluetooth-dev 		libbz2-dev 		libc6-dev 		libdb-dev 		libffi-dev 		libgdbm-dev 		liblzma-dev 		libncursesw5-dev 		libreadline-dev 		libsqlite3-dev 		libssl-dev 		libzstd-dev 		make 		tk-dev 		uuid-dev 		wget 		xz-utils 		zlib1g-dev 	; 		wget -O python.tar.xz ""https://www.python.org/ftp/python/${PYTHON_VERSION%%[a-z]*}/Python-$PYTHON_VERSION.tar.xz""; 	echo ""$PYTHON_SHA256 *python.tar.xz"" | sha256sum -c -; 	mkdir -p /usr/src/python; 	tar --ex"
docker.io/langflowai/langflow,sha256:04254eeccefd8c29decd1b5c4556add81bfcdab9e903ccb8cfc2cc193fb32043,6,,2026-06-11T01:07:14.920019643Z,"RUN /bin/sh -c set -eux; 	for src in idle3 pip3 pydoc3 python3 python3-config; do 		dst=""$(echo ""$src"" | tr -d 3)""; 		[ -s ""/usr/local/bin/$src"" ]; 		[ ! -e ""/usr/local/bin/$dst"" ]; 		ln -svT ""$src"" ""/usr/local/bin/$dst""; 	done # buildkit"
docker.io/langflowai/langflow,sha256:04254eeccefd8c29decd1b5c4556add81bfcdab9e903ccb8cfc2cc193fb32043,7,yes,2026-06-11T01:07:14.920019643Z,"CMD [""python3""]"
docker.io/langflowai/langflow,sha256:04254eeccefd8c29decd1b5c4556add81bfcdab9e903ccb8cfc2cc193fb32043,8,,2026-06-23T23:49:49.164621449Z,RUN /bin/sh -c apt-get update     && apt-get upgrade -y     && apt-get install --no-install-recommends -y curl git libpq5 gnupg xz-utils     && apt-get clean     && rm -rf /var/lib/apt/lists/* # buildkit
docker.io/langflowai/langflow,sha256:04254eeccefd8c29decd1b5c4556add81bfcdab9e903ccb8cfc2cc193fb32043,9,,2026-06-23T23:52:18.671513569Z,COPY /usr/local/bin/uv /usr/local/bin/uv # buildkit
docker.io/langflowai/langflow,sha256:04254eeccefd8c29decd1b5c4556add81bfcdab9e903ccb8cfc2cc193fb32043,10,,2026-06-23T23:52:18.681103822Z,COPY /usr/local/bin/uvx /usr/local/bin/uvx # buildkit
docker.io/langflowai/langflow,sha256:04254eeccefd8c29decd1b5c4556add81bfcdab9e903ccb8cfc2cc193fb32043,11,,2026-06-23T23:52:20.65031133Z,"RUN /bin/sh -c ARCH=$(dpkg --print-architecture)     && if [ ""$ARCH"" = ""amd64"" ]; then NODE_ARCH=""x64"";        elif [ ""$ARCH"" = ""arm64"" ]; then NODE_ARCH=""arm64"";        else NODE_ARCH=""$ARCH""; fi     && NODE_VERSION=$(curl -fsSL https://nodejs.org/dist/latest-v22.x/                     | sed -nE ""s/.*node-v([0-9]+\.[0-9]+\.[0-9]+)-linux-${NODE_ARCH}\.tar\.xz.*/\1/p""                     | head -1)     && if [ -z ""$NODE_VERSION"" ]; then echo ""ERROR: Could not determine Node.js version"" && exit 1; fi     && curl -fsSL ""https://nodejs.org/dist/v${NODE_VERSION}/node-v${NODE_VERSION}-linux-${NODE_A"
docker.io/langflowai/langflow,sha256:04254eeccefd8c29decd1b5c4556add81bfcdab9e903ccb8cfc2cc193fb32043,12,,2026-06-23T23:52:20.768717769Z,RUN /bin/sh -c useradd user -u 1000 -g 0 --no-create-home --home-dir /app/data # buildkit
docker.io/langflowai/langflow,sha256:04254eeccefd8c29decd1b5c4556add81bfcdab9e903ccb8cfc2cc193fb32043,13,,2026-06-23T23:52:29.854133838Z,COPY --chown=1000 /app/.venv /app/.venv # buildkit
docker.io/langflowai/langflow,sha256:04254eeccefd8c29decd1b5c4556add81bfcdab9e903ccb8cfc2cc193fb32043,14,yes,2026-06-23T23:52:30.280506545Z,ENV PATH=/app/.venv/bin:/usr/local/bin:/usr/local/sbin:/usr/local/bin:/usr/sbin:/usr/bin:/sbin:/bin
docker.io/langflowai/langflow,sha256:04254eeccefd8c29decd1b5c4556add81bfcdab9e903ccb8cfc2cc193fb32043,15,,2026-06-23T23:52:30.280506545Z,RUN /bin/sh -c mkdir -p /app/langflow && chown -R 1000:0 /app/langflow && chmod -R g+rwX /app/langflow # buildkit
docker.io/langflowai/langflow,sha256:04254eeccefd8c29decd1b5c4556add81bfcdab9e903ccb8cfc2cc193fb32043,16,yes,2026-06-23T23:52:30.280506545Z,LABEL org.opencontainers.image.title=langflow
docker.io/langflowai/langflow,sha256:04254eeccefd8c29decd1b5c4556add81bfcdab9e903ccb8cfc2cc193fb32043,17,yes,2026-06-23T23:52:30.280506545Z,LABEL org.opencontainers.image.authors=[Langflow]
docker.io/langflowai/langflow,sha256:04254eeccefd8c29decd1b5c4556add81bfcdab9e903ccb8cfc2cc193fb32043,18,yes,2026-06-23T23:52:30.280506545Z,LABEL org.opencontainers.image.licenses=MIT
docker.io/langflowai/langflow,sha256:04254eeccefd8c29decd1b5c4556add81bfcdab9e903ccb8cfc2cc193fb32043,19,yes,2026-06-23T23:52:30.280506545Z,LABEL org.opencontainers.image.url=https://github.com/langflow-ai/langflow
docker.io/langflowai/langflow,sha256:04254eeccefd8c29decd1b5c4556add81bfcdab9e903ccb8cfc2cc193fb32043,20,yes,2026-06-23T23:52:30.280506545Z,LABEL org.opencontainers.image.source=https://github.com/langflow-ai/langflow
docker.io/langflowai/langflow,sha256:04254eeccefd8c29decd1b5c4556add81bfcdab9e903ccb8cfc2cc193fb32043,21,yes,2026-06-23T23:52:30.280506545Z,USER user
docker.io/langflowai/langflow,sha256:04254eeccefd8c29decd1b5c4556add81bfcdab9e903ccb8cfc2cc193fb32043,22,,2026-06-23T23:52:30.290098735Z,WORKDIR /app
docker.io/langflowai/langflow,sha256:04254eeccefd8c29decd1b5c4556add81bfcdab9e903ccb8cfc2cc193fb32043,23,yes,2026-06-23T23:52:30.290098735Z,ENV LANGFLOW_HOST=0.0.0.0
docker.io/langflowai/langflow,sha256:04254eeccefd8c29decd1b5c4556add81bfcdab9e903ccb8cfc2cc193fb32043,24,yes,2026-06-23T23:52:30.290098735Z,ENV LANGFLOW_PORT=7860
docker.io/langflowai/langflow,sha256:04254eeccefd8c29decd1b5c4556add81bfcdab9e903ccb8cfc2cc193fb32043,25,yes,2026-06-23T23:52:30.290098735Z,"CMD [""langflow-base"" ""run""]"
docker.io/langflowai/langflow,sha256:376ce871185222cdde905d4d77d22b7662ae76062f01ccae29279f0ba83620e0,0,yes,2026-06-30T05:58:20.98612305Z,"/bin/sh -c #(nop) LABEL maintainer=""Red Hat, Inc."""
docker.io/langflowai/langflow,sha256:376ce871185222cdde905d4d77d22b7662ae76062f01ccae29279f0ba83620e0,1,yes,2026-06-30T05:58:20.997166332Z,"/bin/sh -c #(nop) LABEL vendor=""Red Hat, Inc."""
docker.io/langflowai/langflow,sha256:376ce871185222cdde905d4d77d22b7662ae76062f01ccae29279f0ba83620e0,2,yes,2026-06-30T05:58:21.008710166Z,"/bin/sh -c #(nop) LABEL url=""https://catalog.redhat.com/en/search?searchType=containers"""
docker.io/langflowai/langflow,sha256:376ce871185222cdde905d4d77d22b7662ae76062f01ccae29279f0ba83620e0,3,yes,2026-06-30T05:58:21.021702173Z,"/bin/sh -c #(nop) LABEL com.redhat.component=""ubi10-minimal-container""       name=""ubi10/ubi-minimal""       version=""10.2""       cpe=""cpe:/o:redhat:enterprise_linux:10.2""       distribution-scope=""public"""
docker.io/langflowai/langflow,sha256:376ce871185222cdde905d4d77d22b7662ae76062f01ccae29279f0ba83620e0,4,yes,2026-06-30T05:58:21.033682737Z,"/bin/sh -c #(nop) LABEL com.redhat.license_terms=""https://www.redhat.com/en/about/red-hat-end-user-license-agreements#UBI"""
docker.io/langflowai/langflow,sha256:376ce871185222cdde905d4d77d22b7662ae76062f01ccae29279f0ba83620e0,5,yes,2026-06-30T05:58:21.046716875Z,"/bin/sh -c #(nop) LABEL summary=""Provides the latest release of the minimal Red Hat Universal Base Image 10."""
docker.io/langflowai/langflow,sha256:376ce871185222cdde905d4d77d22b7662ae76062f01ccae29279f0ba83620e0,6,yes,2026-06-30T05:58:21.059285722Z,"/bin/sh -c #(nop) LABEL description=""The Universal Base Image Minimal is a stripped down image that uses microdnf as a package manager. This base image is freely redistributable, but Red Hat only supports Red Hat technologies through subscriptions for Red Hat products. This image is maintained by Red Hat and updated regularly."""
docker.io/langflowai/langflow,sha256:376ce871185222cdde905d4d77d22b7662ae76062f01ccae29279f0ba83620e0,7,yes,2026-06-30T05:58:21.072049134Z,"/bin/sh -c #(nop) LABEL io.k8s.description=""The Universal Base Image Minimal is a stripped down image that uses microdnf as a package manager. This base image is freely redistributable, but Red Hat only supports Red Hat technologies through subscriptions for Red Hat products. This image is maintained by Red Hat and updated regularly."""
docker.io/langflowai/langflow,sha256:376ce871185222cdde905d4d77d22b7662ae76062f01ccae29279f0ba83620e0,8,yes,2026-06-30T05:58:21.084431367Z,"/bin/sh -c #(nop) LABEL io.k8s.display-name=""Red Hat Universal Base Image 10 Minimal"""
docker.io/langflowai/langflow,sha256:376ce871185222cdde905d4d77d22b7662ae76062f01ccae29279f0ba83620e0,9,yes,2026-06-30T05:58:21.097068376Z,"/bin/sh -c #(nop) LABEL io.openshift.expose-services="""""
docker.io/langflowai/langflow,sha256:376ce871185222cdde905d4d77d22b7662ae76062f01ccae29279f0ba83620e0,10,yes,2026-06-30T05:58:21.109229094Z,"/bin/sh -c #(nop) LABEL io.openshift.tags=""minimal rhel10"""
docker.io/langflowai/langflow,sha256:376ce871185222cdde905d4d77d22b7662ae76062f01ccae29279f0ba83620e0,11,yes,2026-06-30T05:58:21.121551456Z,/bin/sh -c #(nop) ENV container oci
docker.io/langflowai/langflow,sha256:376ce871185222cdde905d4d77d22b7662ae76062f01ccae29279f0ba83620e0,12,yes,2026-06-30T05:58:21.588971893Z,/bin/sh -c #(nop) COPY dir:826a40ace3907e1f9970d5a08955d5b6fa6c723fcffac174d9cae163b2ae817c in /      
docker.io/langflowai/langflow,sha256:376ce871185222cdde905d4d77d22b7662ae76062f01ccae29279f0ba83620e0,13,yes,2026-06-30T05:58:21.655475244Z,/bin/sh -c #(nop) COPY file:5de33b5fc08b00635bccf9134a18978dba13e2250aa51838f9969515a3957847 in /etc/yum.repos.d/.      
docker.io/langflowai/langflow,sha256:376ce871185222cdde905d4d77d22b7662ae76062f01ccae29279f0ba83620e0,14,yes,2026-06-30T05:58:21.670669451Z,"/bin/sh -c #(nop) CMD [""/bin/bash""]"
docker.io/langflowai/langflow,sha256:376ce871185222cdde905d4d77d22b7662ae76062f01ccae29279f0ba83620e0,15,yes,2026-06-30T05:58:21.734283876Z,/bin/sh -c #(nop) COPY dir:0284359278ca147ec570006b2f73ec9a3496d218bf3cc370592f0c400a985228 in /usr/share/buildinfo/      
docker.io/langflowai/langflow,sha256:376ce871185222cdde905d4d77d22b7662ae76062f01ccae29279f0ba83620e0,16,yes,2026-06-30T05:58:21.799912237Z,/bin/sh -c #(nop) COPY dir:0284359278ca147ec570006b2f73ec9a3496d218bf3cc370592f0c400a985228 in /root/buildinfo/      
docker.io/langflowai/langflow,sha256:376ce871185222cdde905d4d77d22b7662ae76062f01ccae29279f0ba83620e0,17,,2026-06-30T05:58:22.078427474Z,"/bin/sh -c #(nop) LABEL ""org.opencontainers.image.created""=""2026-06-30T05:58:02Z"" ""org.opencontainers.image.revision""=""44f0ddba4a090cf20869fe52250e95ba0eca806d"" ""build-date""=""2026-06-30T05:58:02Z"" ""architecture""=""x86_64"" ""vcs-ref""=""44f0ddba4a090cf20869fe52250e95ba0eca806d"" ""vcs-type""=""git"" ""release""=""1782798957""org.opencontainers.image.created=2026-06-30T05:58:02Z,org.opencontainers.image.revision=44f0ddba4a090cf20869fe52250e95ba0eca806d"
docker.io/langflowai/langflow,sha256:376ce871185222cdde905d4d77d22b7662ae76062f01ccae29279f0ba83620e0,18,yes,2026-06-30T13:52:14.438820695Z,/bin/sh -c #(nop) EXPOSE 8080
docker.io/langflowai/langflow,sha256:376ce871185222cdde905d4d77d22b7662ae76062f01ccae29279f0ba83620e0,19,yes,2026-06-30T13:52:14.463122933Z,"/bin/sh -c #(nop) ENV PYTHON_VERSION=3.14     PYTHONUNBUFFERED=1     PYTHONIOENCODING=UTF-8     LC_ALL=en_US.UTF-8     LANG=en_US.UTF-8     CNB_STACK_ID=com.redhat.stacks.ubi10-python-314     CNB_USER_ID=1001     CNB_GROUP_ID=0     PIP_NO_CACHE_DIR=off     STI_SCRIPTS_PATH=/usr/libexec/s2i     APP_ROOT=/opt/app-root     HOME=/opt/app-root/src     PLATFORM=""el10"""
docker.io/langflowai/langflow,sha256:376ce871185222cdde905d4d77d22b7662ae76062f01ccae29279f0ba83620e0,20,yes,2026-06-30T13:52:14.481861977Z,/bin/sh -c #(nop) ENV PATH=$APP_ROOT/bin:$HOME/bin:$HOME/.local/bin:$PATH
docker.io/langflowai/langflow,sha256:376ce871185222cdde905d4d77d22b7662ae76062f01ccae29279f0ba83620e0,21,yes,2026-06-30T13:52:14.494406954Z,"/bin/sh -c #(nop) ENV BASH_ENV=${APP_ROOT}/bin/activate     ENV=${APP_ROOT}/bin/activate     PROMPT_COMMAND="". ${APP_ROOT}/bin/activate"""
docker.io/langflowai/langflow,sha256:376ce871185222cdde905d4d77d22b7662ae76062f01ccae29279f0ba83620e0,22,yes,2026-06-30T13:52:14.506107633Z,"/bin/sh -c #(nop) ENV SUMMARY=""Minimal platform for building and running Python $PYTHON_VERSION applications""     DESCRIPTION=""Python $PYTHON_VERSION available as container is a base platform for building and running various Python $PYTHON_VERSION applications and frameworks. Python is an easy to learn, powerful programming language. It has efficient high-level data structures and a simple but effective approach to object-oriented programming. Python's elegant syntax and dynamic typing, together with its interpreted nature, make it an ideal language for scripting and rapid application developm"
docker.io/langflowai/langflow,sha256:376ce871185222cdde905d4d77d22b7662ae76062f01ccae29279f0ba83620e0,23,yes,2026-06-30T13:52:14.517631579Z,"/bin/sh -c #(nop) LABEL summary=""$SUMMARY""       description=""$DESCRIPTION""       io.k8s.description=""$DESCRIPTION""       io.k8s.display-name=""Python 3.14""       io.openshift.expose-services=""8080:http""       io.openshift.tags=""builder,python,python314,python-314,rh-python314""       com.redhat.component=""python-314-container""       name=""ubi10/python-314-minimal""       usage=""s2i build https://github.com/sclorg/s2i-python-container.git --context-dir=3.14-minimal/test/setup-test-app/ ubi10/python-314-minimal python-sample-app""       com.redhat.license_terms=""https://www.redhat.com/en/about/red-"
docker.io/langflowai/langflow,sha256:376ce871185222cdde905d4d77d22b7662ae76062f01ccae29279f0ba83620e0,24,yes,2026-06-30T13:52:16.004449469Z,"/bin/sh -c INSTALL_PKGS=""python3.14 glibc-langpack-en findutils nss_wrapper-libs"" &&     microdnf -y --setopt=tsflags=nodocs --setopt=install_weak_deps=0 install $INSTALL_PKGS &&     microdnf -y clean all --enablerepo='*'"
docker.io/langflowai/langflow,sha256:376ce871185222cdde905d4d77d22b7662ae76062f01ccae29279f0ba83620e0,25,yes,2026-06-30T13:52:16.069575444Z,/bin/sh -c #(nop) COPY dir:14b52e5b4dba2b5d78794253f3905f7c69773c0fbaad2ef4f5997fc407dbb3c3 in $STI_SCRIPTS_PATH      
docker.io/langflowai/langflow,sha256:376ce871185222cdde905d4d77d22b7662ae76062f01ccae29279f0ba83620e0,26,yes,2026-06-30T13:52:16.135034705Z,/bin/sh -c #(nop) COPY dir:0e0aa0f5272905534917e11b52428147aefc961d770ef17b2d3ec9f7ec09cf1d in /      
docker.io/langflowai/langflow,sha256:376ce871185222cdde905d4d77d22b7662ae76062f01ccae29279f0ba83620e0,27,yes,2026-06-30T13:52:16.200313932Z,/bin/sh -c #(nop) COPY dir:208155bc9054883784c7146928dd201221f759e227e3fb517c26e7336c745994 in /opt/wheels      
docker.io/langflowai/langflow,sha256:376ce871185222cdde905d4d77d22b7662ae76062f01ccae29279f0ba83620e0,28,yes,2026-06-30T13:52:16.212082943Z,/bin/sh -c #(nop) WORKDIR ${HOME}
docker.io/langflowai/langflow,sha256:376ce871185222cdde905d4d77d22b7662ae76062f01ccae29279f0ba83620e0,29,yes,2026-06-30T13:52:21.366744866Z,/bin/sh -c     python3.14 -m venv ${APP_ROOT} &&     ${APP_ROOT}/bin/pip install /opt/wheels/pip-* &&     rm -r /opt/wheels &&     chown -R 1001:0 ${APP_ROOT} &&     fix-permissions ${APP_ROOT} -P &&     rpm-file-permissions
docker.io/langflowai/langflow,sha256:376ce871185222cdde905d4d77d22b7662ae76062f01ccae29279f0ba83620e0,30,yes,2026-06-30T13:52:21.382035579Z,/bin/sh -c #(nop) USER 1001
docker.io/langflowai/langflow,sha256:376ce871185222cdde905d4d77d22b7662ae76062f01ccae29279f0ba83620e0,31,yes,2026-06-30T13:52:21.397398254Z,/bin/sh -c #(nop) CMD $STI_SCRIPTS_PATH/usage
docker.io/langflowai/langflow,sha256:376ce871185222cdde905d4d77d22b7662ae76062f01ccae29279f0ba83620e0,32,yes,2026-06-30T13:52:21.474017773Z,/bin/sh -c #(nop) COPY dir:83f4224907f64a11dd142772d1ad21be7d99773c4ce185446ae9179d8f1c9258 in /usr/share/buildinfo/      
docker.io/langflowai/langflow,sha256:376ce871185222cdde905d4d77d22b7662ae76062f01ccae29279f0ba83620e0,33,yes,2026-06-30T13:52:21.54514191Z,/bin/sh -c #(nop) COPY dir:83f4224907f64a11dd142772d1ad21be7d99773c4ce185446ae9179d8f1c9258 in /root/buildinfo/      
docker.io/langflowai/langflow,sha256:376ce871185222cdde905d4d77d22b7662ae76062f01ccae29279f0ba83620e0,34,,2026-06-30T13:52:22.507544056Z,"/bin/sh -c #(nop) LABEL ""org.opencontainers.image.created""=""2026-06-30T13:51:51Z"" ""org.opencontainers.image.revision""=""e47f64fefa143e1b07f5471b8288413c67584a84"" ""build-date""=""2026-06-30T13:51:51Z"" ""architecture""=""x86_64"" ""vcs-ref""=""e47f64fefa143e1b07f5471b8288413c67584a84"" ""vcs-type""=""git"" ""release""=""1782827458""org.opencontainers.image.created=2026-06-30T13:51:51Z,org.opencontainers.image.revision=e47f64fefa143e1b07f5471b8288413c67584a84"
docker.io/langflowai/langflow,sha256:376ce871185222cdde905d4d77d22b7662ae76062f01ccae29279f0ba83620e0,35,yes,2026-07-01T13:24:32.268286802Z,USER root
docker.io/langflowai/langflow,sha256:376ce871185222cdde905d4d77d22b7662ae76062f01ccae29279f0ba83620e0,36,,2026-07-01T13:24:32.268286802Z,RUN /bin/sh -c microdnf update -y     && microdnf install -y curl git libpq gnupg xz tar shadow-utils     && microdnf clean all # buildkit
docker.io/langflowai/langflow,sha256:376ce871185222cdde905d4d77d22b7662ae76062f01ccae29279f0ba83620e0,37,,2026-07-01T13:26:39.169426004Z,COPY /usr/local/bin/uv /usr/local/bin/uv # buildkit
docker.io/langflowai/langflow,sha256:376ce871185222cdde905d4d77d22b7662ae76062f01ccae29279f0ba83620e0,38,,2026-07-01T13:26:39.1780897Z,COPY /usr/local/bin/uvx /usr/local/bin/uvx # buildkit
docker.io/langflowai/langflow,sha256:376ce871185222cdde905d4d77d22b7662ae76062f01ccae29279f0ba83620e0,39,,2026-07-01T13:26:41.120755835Z,"RUN /bin/sh -c ARCH=$(uname -m)     && if [ ""$ARCH"" = ""x86_64"" ]; then NODE_ARCH=""x64"";        elif [ ""$ARCH"" = ""aarch64"" ]; then NODE_ARCH=""arm64"";        else NODE_ARCH=""$ARCH""; fi     && NODE_VERSION=$(curl -fsSL https://nodejs.org/dist/latest-v22.x/                     | sed -nE ""s/.*node-v([0-9]+\.[0-9]+\.[0-9]+)-linux-${NODE_ARCH}\.tar\.xz.*/\1/p""                     | head -1)     && if [ -z ""$NODE_VERSION"" ]; then echo ""ERROR: Could not determine Node.js version"" && exit 1; fi     && curl -fsSL ""https://nodejs.org/dist/v${NODE_VERSION}/node-v${NODE_VERSION}-linux-${NODE_ARCH}.tar.xz""  "
docker.io/langflowai/langflow,sha256:376ce871185222cdde905d4d77d22b7662ae76062f01ccae29279f0ba83620e0,40,,2026-07-01T13:26:41.241480134Z,RUN /bin/sh -c useradd user -u 1000 -g 0 --no-create-home --home-dir /app/data # buildkit
docker.io/langflowai/langflow,sha256:376ce871185222cdde905d4d77d22b7662ae76062f01ccae29279f0ba83620e0,41,,2026-07-01T13:26:48.541838255Z,COPY --chown=1000 /app/.venv /app/.venv # buildkit
docker.io/langflowai/langflow,sha256:376ce871185222cdde905d4d77d22b7662ae76062f01ccae29279f0ba83620e0,42,yes,2026-07-01T13:26:48.541838255Z,ENV PATH=/app/.venv/bin:/opt/app-root/bin:/opt/app-root/src/bin:/opt/app-root/src/.local/bin:/usr/local/sbin:/usr/local/bin:/usr/sbin:/usr/bin:/sbin:/bin
docker.io/langflowai/langflow,sha256:376ce871185222cdde905d4d77d22b7662ae76062f01ccae29279f0ba83620e0,43,yes,2026-07-01T13:26:48.541838255Z,ENV BASH_ENV= ENV= PROMPT_COMMAND=
docker.io/langflowai/langflow,sha256:376ce871185222cdde905d4d77d22b7662ae76062f01ccae29279f0ba83620e0,44,,2026-07-01T13:26:49.01023024Z,RUN /bin/sh -c mkdir -p /app/langflow && chown -R 1000:0 /app/langflow && chmod -R g+rwX /app/langflow # buildkit
docker.io/langflowai/langflow,sha256:376ce871185222cdde905d4d77d22b7662ae76062f01ccae29279f0ba83620e0,45,yes,2026-07-01T13:26:49.01023024Z,LABEL org.opencontainers.image.title=langflow
docker.io/langflowai/langflow,sha256:376ce871185222cdde905d4d77d22b7662ae76062f01ccae29279f0ba83620e0,46,yes,2026-07-01T13:26:49.01023024Z,LABEL org.opencontainers.image.authors=[Langflow]
docker.io/langflowai/langflow,sha256:376ce871185222cdde905d4d77d22b7662ae76062f01ccae29279f0ba83620e0,47,yes,2026-07-01T13:26:49.01023024Z,LABEL org.opencontainers.image.licenses=MIT
docker.io/langflowai/langflow,sha256:376ce871185222cdde905d4d77d22b7662ae76062f01ccae29279f0ba83620e0,48,yes,2026-07-01T13:26:49.01023024Z,LABEL org.opencontainers.image.url=https://github.com/langflow-ai/langflow
docker.io/langflowai/langflow,sha256:376ce871185222cdde905d4d77d22b7662ae76062f01ccae29279f0ba83620e0,49,yes,2026-07-01T13:26:49.01023024Z,LABEL org.opencontainers.image.source=https://github.com/langflow-ai/langflow
docker.io/langflowai/langflow,sha256:376ce871185222cdde905d4d77d22b7662ae76062f01ccae29279f0ba83620e0,50,yes,2026-07-01T13:26:49.01023024Z,USER user
docker.io/langflowai/langflow,sha256:376ce871185222cdde905d4d77d22b7662ae76062f01ccae29279f0ba83620e0,51,,2026-07-01T13:26:49.020762643Z,WORKDIR /app
docker.io/langflowai/langflow,sha256:376ce871185222cdde905d4d77d22b7662ae76062f01ccae29279f0ba83620e0,52,yes,2026-07-01T13:26:49.020762643Z,ENV LANGFLOW_HOST=0.0.0.0
docker.io/langflowai/langflow,sha256:376ce871185222cdde905d4d77d22b7662ae76062f01ccae29279f0ba83620e0,53,yes,2026-07-01T13:26:49.020762643Z,ENV LANGFLOW_PORT=7860
docker.io/langflowai/langflow,sha256:376ce871185222cdde905d4d77d22b7662ae76062f01ccae29279f0ba83620e0,54,yes,2026-07-01T13:26:49.020762643Z,ENV LANGFLOW_AUTO_LOGIN=false
docker.io/langflowai/langflow,sha256:376ce871185222cdde905d4d77d22b7662ae76062f01ccae29279f0ba83620e0,55,yes,2026-07-01T13:26:49.020762643Z,"CMD [""langflow-base"" ""run""]"
docker.io/langflowai/langflow,sha256:ae6f9afd03bc032dc2989ece49791fcf83871230aff9d6e485c8e1ebada1e70f,0,,2026-06-23T00:00:00Z,# debian.sh --arch 'amd64' out/ 'trixie' '@1782172800'
docker.io/langflowai/langflow,sha256:ae6f9afd03bc032dc2989ece49791fcf83871230aff9d6e485c8e1ebada1e70f,1,yes,2026-06-24T01:58:04.101945604Z,ENV PATH=/usr/local/bin:/usr/local/sbin:/usr/local/bin:/usr/sbin:/usr/bin:/sbin:/bin
docker.io/langflowai/langflow,sha256:ae6f9afd03bc032dc2989ece49791fcf83871230aff9d6e485c8e1ebada1e70f,2,,2026-06-24T01:58:04.101945604Z,RUN /bin/sh -c set -eux; 	apt-get update; 	apt-get install -y --no-install-recommends 		ca-certificates 		netbase 		tzdata 	; 	apt-get dist-clean # buildkit
docker.io/langflowai/langflow,sha256:ae6f9afd03bc032dc2989ece49791fcf83871230aff9d6e485c8e1ebada1e70f,3,yes,2026-06-24T01:58:04.101945604Z,ENV PYTHON_VERSION=3.14.6
docker.io/langflowai/langflow,sha256:ae6f9afd03bc032dc2989ece49791fcf83871230aff9d6e485c8e1ebada1e70f,4,yes,2026-06-24T01:58:04.101945604Z,ENV PYTHON_SHA256=143b1dddefaec3bd2e21e3b839b34a2b7fb9842272883c576420d605e9f30c63
docker.io/langflowai/langflow,sha256:ae6f9afd03bc032dc2989ece49791fcf83871230aff9d6e485c8e1ebada1e70f,5,,2026-06-24T02:05:13.718008254Z,"RUN /bin/sh -c set -eux; 		savedAptMark=""$(apt-mark showmanual)""; 	apt-get update; 	apt-get install -y --no-install-recommends 		dpkg-dev 		gcc 		gnupg 		libbluetooth-dev 		libbz2-dev 		libc6-dev 		libdb-dev 		libffi-dev 		libgdbm-dev 		liblzma-dev 		libncursesw5-dev 		libreadline-dev 		libsqlite3-dev 		libssl-dev 		libzstd-dev 		make 		tk-dev 		uuid-dev 		wget 		xz-utils 		zlib1g-dev 	; 		wget -O python.tar.xz ""https://www.python.org/ftp/python/${PYTHON_VERSION%%[a-z]*}/Python-$PYTHON_VERSION.tar.xz""; 	echo ""$PYTHON_SHA256 *python.tar.xz"" | sha256sum -c -; 	mkdir -p /usr/src/python; 	tar --ex"
docker.io/langflowai/langflow,sha256:ae6f9afd03bc032dc2989ece49791fcf83871230aff9d6e485c8e1ebada1e70f,6,,2026-06-24T02:05:13.847433586Z,"RUN /bin/sh -c set -eux; 	for src in idle3 pip3 pydoc3 python3 python3-config; do 		dst=""$(echo ""$src"" | tr -d 3)""; 		[ -s ""/usr/local/bin/$src"" ]; 		[ ! -e ""/usr/local/bin/$dst"" ]; 		ln -svT ""$src"" ""/usr/local/bin/$dst""; 	done # buildkit"
docker.io/langflowai/langflow,sha256:ae6f9afd03bc032dc2989ece49791fcf83871230aff9d6e485c8e1ebada1e70f,7,yes,2026-06-24T02:05:13.847433586Z,"CMD [""python3""]"
docker.io/langflowai/langflow,sha256:ae6f9afd03bc032dc2989ece49791fcf83871230aff9d6e485c8e1ebada1e70f,8,,2026-07-07T20:41:27.239952228Z,RUN /bin/sh -c apt-get update     && apt-get upgrade -y     && apt-get install --no-install-recommends -y curl git libpq5 gnupg xz-utils     && apt-get clean     && rm -rf /var/lib/apt/lists/* # buildkit
docker.io/langflowai/langflow,sha256:ae6f9afd03bc032dc2989ece49791fcf83871230aff9d6e485c8e1ebada1e70f,9,,2026-07-07T20:44:35.33491441Z,COPY /usr/local/bin/uv /usr/local/bin/uv # buildkit
docker.io/langflowai/langflow,sha256:ae6f9afd03bc032dc2989ece49791fcf83871230aff9d6e485c8e1ebada1e70f,10,,2026-07-07T20:44:35.352794756Z,COPY /usr/local/bin/uvx /usr/local/bin/uvx # buildkit
docker.io/langflowai/langflow,sha256:ae6f9afd03bc032dc2989ece49791fcf83871230aff9d6e485c8e1ebada1e70f,11,,2026-07-07T20:55:24.086666082Z,"RUN /bin/sh -c ARCH=$(dpkg --print-architecture)     && if [ ""$ARCH"" = ""amd64"" ]; then NODE_ARCH=""x64"";        elif [ ""$ARCH"" = ""arm64"" ]; then NODE_ARCH=""arm64"";        else NODE_ARCH=""$ARCH""; fi     && NODE_VERSION=$(curl -fsSL https://nodejs.org/dist/latest-v22.x/                     | sed -nE ""s/.*node-v([0-9]+\.[0-9]+\.[0-9]+)-linux-${NODE_ARCH}\.tar\.xz.*/\1/p""                     | head -1)     && if [ -z ""$NODE_VERSION"" ]; then echo ""ERROR: Could not determine Node.js version"" && exit 1; fi     && curl -fsSL ""https://nodejs.org/dist/v${NODE_VERSION}/node-v${NODE_VERSION}-linux-${NODE_A"
docker.io/langflowai/langflow,sha256:ae6f9afd03bc032dc2989ece49791fcf83871230aff9d6e485c8e1ebada1e70f,12,,2026-07-07T20:55:24.235842256Z,RUN /bin/sh -c useradd user -u 1000 -g 0 --no-create-home --home-dir /app/data # buildkit
docker.io/langflowai/langflow,sha256:ae6f9afd03bc032dc2989ece49791fcf83871230aff9d6e485c8e1ebada1e70f,13,,2026-07-07T20:55:43.184677866Z,COPY --chown=1000 /app/.venv /app/.venv # buildkit
docker.io/langflowai/langflow,sha256:ae6f9afd03bc032dc2989ece49791fcf83871230aff9d6e485c8e1ebada1e70f,14,yes,2026-07-07T20:55:44.178758973Z,ENV PATH=/app/.venv/bin:/usr/local/bin:/usr/local/sbin:/usr/local/bin:/usr/sbin:/usr/bin:/sbin:/bin
docker.io/langflowai/langflow,sha256:ae6f9afd03bc032dc2989ece49791fcf83871230aff9d6e485c8e1ebada1e70f,15,,2026-07-07T20:55:44.178758973Z,RUN /bin/sh -c mkdir -p /app/langflow && chown -R 1000:0 /app/langflow && chmod -R g+rwX /app/langflow # buildkit
docker.io/langflowai/langflow,sha256:ae6f9afd03bc032dc2989ece49791fcf83871230aff9d6e485c8e1ebada1e70f,16,yes,2026-07-07T20:55:44.178758973Z,LABEL org.opencontainers.image.title=langflow
docker.io/langflowai/langflow,sha256:ae6f9afd03bc032dc2989ece49791fcf83871230aff9d6e485c8e1ebada1e70f,17,yes,2026-07-07T20:55:44.178758973Z,LABEL org.opencontainers.image.authors=[Langflow]
docker.io/langflowai/langflow,sha256:ae6f9afd03bc032dc2989ece49791fcf83871230aff9d6e485c8e1ebada1e70f,18,yes,2026-07-07T20:55:44.178758973Z,LABEL org.opencontainers.image.licenses=MIT
docker.io/langflowai/langflow,sha256:ae6f9afd03bc032dc2989ece49791fcf83871230aff9d6e485c8e1ebada1e70f,19,yes,2026-07-07T20:55:44.178758973Z,LABEL org.opencontainers.image.url=https://github.com/langflow-ai/langflow
docker.io/langflowai/langflow,sha256:ae6f9afd03bc032dc2989ece49791fcf83871230aff9d6e485c8e1ebada1e70f,20,yes,2026-07-07T20:55:44.178758973Z,LABEL org.opencontainers.image.source=https://github.com/langflow-ai/langflow
docker.io/langflowai/langflow,sha256:ae6f9afd03bc032dc2989ece49791fcf83871230aff9d6e485c8e1ebada1e70f,21,yes,2026-07-07T20:55:44.178758973Z,USER user
docker.io/langflowai/langflow,sha256:ae6f9afd03bc032dc2989ece49791fcf83871230aff9d6e485c8e1ebada1e70f,22,,2026-07-07T20:55:44.189758675Z,WORKDIR /app
docker.io/langflowai/langflow,sha256:ae6f9afd03bc032dc2989ece49791fcf83871230aff9d6e485c8e1ebada1e70f,23,yes,2026-07-07T20:55:44.189758675Z,ENV LANGFLOW_HOST=0.0.0.0
docker.io/langflowai/langflow,sha256:ae6f9afd03bc032dc2989ece49791fcf83871230aff9d6e485c8e1ebada1e70f,24,yes,2026-07-07T20:55:44.189758675Z,ENV LANGFLOW_PORT=7860
docker.io/langflowai/langflow,sha256:ae6f9afd03bc032dc2989ece49791fcf83871230aff9d6e485c8e1ebada1e70f,25,yes,2026-07-07T20:55:44.189758675Z,ENV LANGFLOW_AUTO_LOGIN=false
docker.io/langflowai/langflow,sha256:ae6f9afd03bc032dc2989ece49791fcf83871230aff9d6e485c8e1ebada1e70f,26,yes,2026-07-07T20:55:44.189758675Z,"CMD [""langflow"" ""run""]"
docker.io/browseruse/browseruse,sha256:d5b681b75e5efc343aaf7e397a522eb5b17152e8b6449a872c767744485d23c3,0,,2026-05-18T00:00:00Z,# debian.sh --arch 'amd64' out/ 'trixie' '@1779062400'
docker.io/browseruse/browseruse,sha256:d5b681b75e5efc343aaf7e397a522eb5b17152e8b6449a872c767744485d23c3,1,yes,2026-05-19T23:42:40.234278553Z,ENV PATH=/usr/local/bin:/usr/local/sbin:/usr/local/bin:/usr/sbin:/usr/bin:/sbin:/bin
docker.io/browseruse/browseruse,sha256:d5b681b75e5efc343aaf7e397a522eb5b17152e8b6449a872c767744485d23c3,2,yes,2026-05-19T23:42:40.234278553Z,ENV LANG=C.UTF-8
docker.io/browseruse/browseruse,sha256:d5b681b75e5efc343aaf7e397a522eb5b17152e8b6449a872c767744485d23c3,3,,2026-05-19T23:42:40.234278553Z,RUN /bin/sh -c set -eux; 	apt-get update; 	apt-get install -y --no-install-recommends 		ca-certificates 		netbase 		tzdata 	; 	apt-get dist-clean # buildkit
docker.io/browseruse/browseruse,sha256:d5b681b75e5efc343aaf7e397a522eb5b17152e8b6449a872c767744485d23c3,4,yes,2026-05-19T23:42:40.234278553Z,ENV GPG_KEY=7169605F62C751356D054A26A821E680E5FA6305
docker.io/browseruse/browseruse,sha256:d5b681b75e5efc343aaf7e397a522eb5b17152e8b6449a872c767744485d23c3,5,yes,2026-05-19T23:42:40.234278553Z,ENV PYTHON_VERSION=3.12.13
docker.io/browseruse/browseruse,sha256:d5b681b75e5efc343aaf7e397a522eb5b17152e8b6449a872c767744485d23c3,6,yes,2026-05-19T23:42:40.234278553Z,ENV PYTHON_SHA256=c08bc65a81971c1dd5783182826503369466c7e67374d1646519adf05207b684
docker.io/browseruse/browseruse,sha256:d5b681b75e5efc343aaf7e397a522eb5b17152e8b6449a872c767744485d23c3,7,,2026-05-19T23:50:55.41770734Z,"RUN /bin/sh -c set -eux; 		savedAptMark=""$(apt-mark showmanual)""; 	apt-get update; 	apt-get install -y --no-install-recommends 		dpkg-dev 		gcc 		gnupg 		libbluetooth-dev 		libbz2-dev 		libc6-dev 		libdb-dev 		libffi-dev 		libgdbm-dev 		liblzma-dev 		libncursesw5-dev 		libreadline-dev 		libsqlite3-dev 		libssl-dev 		make 		tk-dev 		uuid-dev 		wget 		xz-utils 		zlib1g-dev 	; 		wget -O python.tar.xz ""https://www.python.org/ftp/python/${PYTHON_VERSION%%[a-z]*}/Python-$PYTHON_VERSION.tar.xz""; 	echo ""$PYTHON_SHA256 *python.tar.xz"" | sha256sum -c -; 	wget -O python.tar.xz.asc ""https://www.python.org"
docker.io/browseruse/browseruse,sha256:d5b681b75e5efc343aaf7e397a522eb5b17152e8b6449a872c767744485d23c3,8,,2026-05-19T23:50:55.52769964Z,"RUN /bin/sh -c set -eux; 	for src in idle3 pip3 pydoc3 python3 python3-config; do 		dst=""$(echo ""$src"" | tr -d 3)""; 		[ -s ""/usr/local/bin/$src"" ]; 		[ ! -e ""/usr/local/bin/$dst"" ]; 		ln -svT ""$src"" ""/usr/local/bin/$dst""; 	done # buildkit"
docker.io/browseruse/browseruse,sha256:d5b681b75e5efc343aaf7e397a522eb5b17152e8b6449a872c767744485d23c3,9,yes,2026-05-19T23:50:55.52769964Z,"CMD [""python3""]"
docker.io/browseruse/browseruse,sha256:d5b681b75e5efc343aaf7e397a522eb5b17152e8b6449a872c767744485d23c3,10,yes,2026-05-20T03:53:54.088252394Z,LABEL name=browseruse maintainer=Nick Sweeting <<e-mail address removed>> description=Make websites accessible for AI agents. Automate tasks online with ease. homepage=https://github.com/browser-use/browser-use documentation=https://docs.browser-use.com org.opencontainers.image.title=browseruse org.opencontainers.image.vendor=browseruse org.opencontainers.image.description=Make websites accessible for AI agents. Automate tasks online with ease. org.opencontainers.image.source=https://github.com/browser-use/browser-use com.docker.image.source.entrypoint=Dockerfile com.docker.desktop.extension
docker.io/browseruse/browseruse,sha256:d5b681b75e5efc343aaf7e397a522eb5b17152e8b6449a872c767744485d23c3,11,yes,2026-05-20T03:53:54.088252394Z,ARG TARGETPLATFORM=linux/amd64
docker.io/browseruse/browseruse,sha256:d5b681b75e5efc343aaf7e397a522eb5b17152e8b6449a872c767744485d23c3,12,yes,2026-05-20T03:53:54.088252394Z,ARG TARGETOS=linux
docker.io/browseruse/browseruse,sha256:d5b681b75e5efc343aaf7e397a522eb5b17152e8b6449a872c767744485d23c3,13,yes,2026-05-20T03:53:54.088252394Z,ARG TARGETARCH=amd64
docker.io/browseruse/browseruse,sha256:d5b681b75e5efc343aaf7e397a522eb5b17152e8b6449a872c767744485d23c3,14,yes,2026-05-20T03:53:54.088252394Z,ARG TARGETVARIANT=
docker.io/browseruse/browseruse,sha256:d5b681b75e5efc343aaf7e397a522eb5b17152e8b6449a872c767744485d23c3,15,yes,2026-05-20T03:53:54.088252394Z,ENV TZ=UTC LANGUAGE=en_US:en LC_ALL=C.UTF-8 LANG=C.UTF-8 DEBIAN_FRONTEND=noninteractive APT_KEY_DONT_WARN_ON_DANGEROUS_USAGE=1 PYTHONIOENCODING=UTF-8 PYTHONUNBUFFERED=1 PIP_DISABLE_PIP_VERSION_CHECK=1 UV_CACHE_DIR=/root/.cache/uv UV_LINK_MODE=copy UV_COMPILE_BYTECODE=1 UV_PYTHON_PREFERENCE=only-system npm_config_loglevel=error IN_DOCKER=True
docker.io/browseruse/browseruse,sha256:d5b681b75e5efc343aaf7e397a522eb5b17152e8b6449a872c767744485d23c3,16,yes,2026-05-20T03:53:54.088252394Z,ENV BROWSERUSE_USER=browseruse DEFAULT_PUID=911 DEFAULT_PGID=911
docker.io/browseruse/browseruse,sha256:d5b681b75e5efc343aaf7e397a522eb5b17152e8b6449a872c767744485d23c3,17,yes,2026-05-20T03:53:54.088252394Z,ENV CODE_DIR=/app DATA_DIR=/data VENV_DIR=/app/.venv PATH=/app/.venv/bin:/usr/local/bin:/usr/local/sbin:/usr/local/bin:/usr/sbin:/usr/bin:/sbin:/bin
docker.io/browseruse/browseruse,sha256:d5b681b75e5efc343aaf7e397a522eb5b17152e8b6449a872c767744485d23c3,18,yes,2026-05-20T03:53:54.088252394Z,SHELL [/bin/bash -o pipefail -o errexit -o errtrace -o nounset -c]
docker.io/browseruse/browseruse,sha256:d5b681b75e5efc343aaf7e397a522eb5b17152e8b6449a872c767744485d23c3,19,,2026-05-20T03:53:54.088252394Z,"RUN |4 TARGETPLATFORM=linux/amd64 TARGETOS=linux TARGETARCH=amd64 TARGETVARIANT= /bin/bash -o pipefail -o errexit -o errtrace -o nounset -c echo 'Binary::apt::APT::Keep-Downloaded-Packages ""1"";' > /etc/apt/apt.conf.d/99keep-cache     && echo 'APT::Install-Recommends ""0"";' > /etc/apt/apt.conf.d/99no-intall-recommends     && echo 'APT::Install-Suggests ""0"";' > /etc/apt/apt.conf.d/99no-intall-suggests     && rm -f /etc/apt/apt.conf.d/docker-clean # buildkit"
docker.io/browseruse/browseruse,sha256:d5b681b75e5efc343aaf7e397a522eb5b17152e8b6449a872c767744485d23c3,20,,2026-05-20T03:53:55.061955789Z,"RUN |4 TARGETPLATFORM=linux/amd64 TARGETOS=linux TARGETARCH=amd64 TARGETVARIANT= /bin/bash -o pipefail -o errexit -o errtrace -o nounset -c (echo ""[i] Docker build for Browser Use $(cat /VERSION.txt) starting...""     && echo ""PLATFORM=${TARGETPLATFORM} ARCH=$(uname -m) ($(uname -s) ${TARGETARCH} ${TARGETVARIANT})""     && echo ""BUILD_START_TIME=$(date +""%Y-%m-%d %H:%M:%S %s"") TZ=${TZ} LANG=${LANG}""     && echo     && echo ""CODE_DIR=${CODE_DIR} DATA_DIR=${DATA_DIR} PATH=${PATH}""     && echo     && uname -a     && cat /etc/os-release | head -n7     && which bash && bash --version | head -n1     &"
docker.io/browseruse/browseruse,sha256:d5b681b75e5efc343aaf7e397a522eb5b17152e8b6449a872c767744485d23c3,21,,2026-05-20T03:53:55.167724492Z,"RUN |4 TARGETPLATFORM=linux/amd64 TARGETOS=linux TARGETARCH=amd64 TARGETVARIANT= /bin/bash -o pipefail -o errexit -o errtrace -o nounset -c echo ""[*] Setting up $BROWSERUSE_USER user uid=${DEFAULT_PUID}...""     && groupadd --system $BROWSERUSE_USER     && useradd --system --create-home --gid $BROWSERUSE_USER --groups audio,video $BROWSERUSE_USER     && usermod -u ""$DEFAULT_PUID"" ""$BROWSERUSE_USER""     && groupmod -g ""$DEFAULT_PGID"" ""$BROWSERUSE_USER""     && mkdir -p /data     && mkdir -p /home/$BROWSERUSE_USER/.config     && chown -R $BROWSERUSE_USER:$BROWSERUSE_USER /home/$BROWSERUSE_USER    "
docker.io/browseruse/browseruse,sha256:d5b681b75e5efc343aaf7e397a522eb5b17152e8b6449a872c767744485d23c3,22,,2026-05-20T03:53:59.832549513Z,"RUN |4 TARGETPLATFORM=linux/amd64 TARGETOS=linux TARGETARCH=amd64 TARGETVARIANT= /bin/bash -o pipefail -o errexit -o errtrace -o nounset -c echo ""[+] Installing APT base system dependencies for $TARGETPLATFORM...""     && mkdir -p /etc/apt/keyrings     && apt-get update -qq     && apt-get install -qq -y --no-install-recommends         apt-transport-https ca-certificates apt-utils gnupg2 unzip curl wget grep         nano iputils-ping dnsutils jq      && rm -rf /var/lib/apt/lists/* # buildkit"
docker.io/browseruse/browseruse,sha256:d5b681b75e5efc343aaf7e397a522eb5b17152e8b6449a872c767744485d23c3,23,,2026-06-01T18:40:30.937607528Z,COPY /uv /uvx /bin/ # buildkit
docker.io/browseruse/browseruse,sha256:d5b681b75e5efc343aaf7e397a522eb5b17152e8b6449a872c767744485d23c3,24,,2026-06-01T18:40:30.947245185Z,WORKDIR /app
docker.io/browseruse/browseruse,sha256:d5b681b75e5efc343aaf7e397a522eb5b17152e8b6449a872c767744485d23c3,25,,2026-06-01T18:40:30.962854188Z,COPY pyproject.toml uv.lock* /app/ # buildkit
docker.io/browseruse/browseruse,sha256:d5b681b75e5efc343aaf7e397a522eb5b17152e8b6449a872c767744485d23c3,26,,2026-06-01T18:40:31.10905268Z,"RUN |4 TARGETPLATFORM=linux/amd64 TARGETOS=linux TARGETARCH=amd64 TARGETVARIANT= /bin/bash -o pipefail -o errexit -o errtrace -o nounset -c echo ""[+] Setting up venv using uv in $VENV_DIR...""     && (      which uv && uv --version      && uv venv      && which python | grep ""$VENV_DIR""      && python --version     ) | tee -a /VERSION.txt # buildkit"
docker.io/browseruse/browseruse,sha256:d5b681b75e5efc343aaf7e397a522eb5b17152e8b6449a872c767744485d23c3,27,,2026-06-01T18:40:50.036559929Z,"RUN |4 TARGETPLATFORM=linux/amd64 TARGETOS=linux TARGETARCH=amd64 TARGETVARIANT= /bin/bash -o pipefail -o errexit -o errtrace -o nounset -c echo ""[+] Installing chromium browser from system packages...""     && apt-get update -qq     && apt-get install -y --no-install-recommends         chromium         fonts-unifont         fonts-liberation         fonts-dejavu-core         fonts-freefont-ttf         fonts-noto-core     && rm -rf /var/lib/apt/lists/*     && ln -s /usr/bin/chromium /usr/bin/chromium-browser     && ln -s /usr/bin/chromium /app/chromium-browser     && mkdir -p ""/home/${BROWSERUSE"
docker.io/browseruse/browseruse,sha256:d5b681b75e5efc343aaf7e397a522eb5b17152e8b6449a872c767744485d23c3,28,,2026-06-01T18:41:19.790633822Z,"RUN |4 TARGETPLATFORM=linux/amd64 TARGETOS=linux TARGETARCH=amd64 TARGETVARIANT= /bin/bash -o pipefail -o errexit -o errtrace -o nounset -c echo ""[+] Installing browser-use pip sub-dependencies...""      && (         uv sync --all-extras --no-dev --no-install-project         && echo -e '\n\n'      ) | tee -a /VERSION.txt # buildkit"
docker.io/browseruse/browseruse,sha256:d5b681b75e5efc343aaf7e397a522eb5b17152e8b6449a872c767744485d23c3,29,,2026-06-01T18:50:39.245087044Z,COPY . /app # buildkit
docker.io/browseruse/browseruse,sha256:d5b681b75e5efc343aaf7e397a522eb5b17152e8b6449a872c767744485d23c3,30,,2026-06-01T18:50:41.497584195Z,"RUN |4 TARGETPLATFORM=linux/amd64 TARGETOS=linux TARGETARCH=amd64 TARGETVARIANT= /bin/bash -o pipefail -o errexit -o errtrace -o nounset -c echo ""[+] Installing browser-use pip library from source...""      && (         uv sync --all-extras --locked --no-dev         && python -c ""import browser_use; print('browser-use installed successfully')""         && echo -e '\n\n'      ) | tee -a /VERSION.txt # buildkit"
docker.io/browseruse/browseruse,sha256:d5b681b75e5efc343aaf7e397a522eb5b17152e8b6449a872c767744485d23c3,31,,2026-06-01T18:50:41.570410112Z,"RUN |4 TARGETPLATFORM=linux/amd64 TARGETOS=linux TARGETARCH=amd64 TARGETVARIANT= /bin/bash -o pipefail -o errexit -o errtrace -o nounset -c mkdir -p ""$DATA_DIR/profiles/default""     && chown -R $BROWSERUSE_USER:$BROWSERUSE_USER ""$DATA_DIR"" ""$DATA_DIR""/*     && (         echo -e ""\n\n[√] Finished Docker build successfully. Saving build summary in: /VERSION.txt""         && echo -e ""PLATFORM=${TARGETPLATFORM} ARCH=$(uname -m) ($(uname -s) ${TARGETARCH} ${TARGETVARIANT})\n""         && echo -e ""BUILD_END_TIME=$(date +""%Y-%m-%d %H:%M:%S %s"")\n\n""     ) | tee -a /VERSION.txt # buildkit"
docker.io/browseruse/browseruse,sha256:d5b681b75e5efc343aaf7e397a522eb5b17152e8b6449a872c767744485d23c3,32,yes,2026-06-01T18:50:41.570410112Z,USER browseruse
docker.io/browseruse/browseruse,sha256:d5b681b75e5efc343aaf7e397a522eb5b17152e8b6449a872c767744485d23c3,33,yes,2026-06-01T18:50:41.570410112Z,VOLUME [/data]
docker.io/browseruse/browseruse,sha256:d5b681b75e5efc343aaf7e397a522eb5b17152e8b6449a872c767744485d23c3,34,yes,2026-06-01T18:50:41.570410112Z,EXPOSE [9242/tcp]
docker.io/browseruse/browseruse,sha256:d5b681b75e5efc343aaf7e397a522eb5b17152e8b6449a872c767744485d23c3,35,yes,2026-06-01T18:50:41.570410112Z,EXPOSE [9222/tcp]
docker.io/browseruse/browseruse,sha256:d5b681b75e5efc343aaf7e397a522eb5b17152e8b6449a872c767744485d23c3,36,yes,2026-06-01T18:50:41.570410112Z,"ENTRYPOINT [""browser-use""]"
