repo,commit,query,path,result
bitbucket.org/atlassian/sovereign,d367d1dc0f27,exists,,yes
bitbucket.org/atlassian/sovereign,d367d1dc0f27,exists,pyproject.toml,yes
bitbucket.org/atlassian/sovereign,d367d1dc0f27,exists,uv.lock,yes
bitbucket.org/atlassian/sovereign,d367d1dc0f27,exists,GNUmakefile,no
bitbucket.org/atlassian/sovereign,d367d1dc0f27,exists,makefile,no
bitbucket.org/atlassian/sovereign,d367d1dc0f27,exists,Makefile,yes
github.com/360solutionsbe/bc-mcp-proxy,7b5bd77471f3,exists,,yes
github.com/360solutionsbe/bc-mcp-proxy,7b5bd77471f3,exists,pyproject.toml,yes
github.com/360solutionsbe/bc-mcp-proxy,7b5bd77471f3,exists,setup.py,no
github.com/360solutionsbe/bc-mcp-proxy,7b5bd77471f3,exists,setup.cfg,no
github.com/360solutionsbe/bc-mcp-proxy,7b5bd77471f3,exists,dxt/build.sh,yes
github.com/360solutionsbe/bc-mcp-proxy,7b5bd77471f3,exists,dxt/requirements.txt,yes
github.com/abe404/root_painter,b3f376ebae80,exists,painter/requirements.txt,yes
github.com/abe404/root_painter,b3f376ebae80,exists,painter/src/build/make_deb_file.sh,yes
github.com/abe404/root_painter,b3f376ebae80,exists,build_workstation_mac.sh,yes
github.com/abe404/root_painter,b3f376ebae80,exists,trainer/requirements.txt,yes
github.com/abe404/root_painter,b3f376ebae80,exists,build_workstation_ubuntu_cuda128.sh,yes
github.com/abe404/root_painter,b3f376ebae80,exists,trainer/requirements_base_no_torch.txt,yes
github.com/abe404/root_painter,b3f376ebae80,exists,trainer/requirements_torch_cu128_broad.txt,yes
github.com/abka012/async-media-agents,54b59c776277,exists,requirements.txt,yes
github.com/aboutcode-org/scancode.io,904373abf472,exists,GNUmakefile,no
github.com/aboutcode-org/scancode.io,904373abf472,exists,makefile,no
github.com/aboutcode-org/scancode.io,904373abf472,exists,Makefile,yes
github.com/aboutcode-org/scancode.io,904373abf472,exists,,yes
github.com/aboutcode-org/scancode.io,904373abf472,exists,pyproject.toml,yes
github.com/aboutcode-org/scancode.io,904373abf472,exists,setup.py,no
github.com/aboutcode-org/scancode.io,904373abf472,exists,setup.cfg,no
github.com/aboutcode-org/scancode.io,7424073216db,exists,GNUmakefile,no
github.com/aboutcode-org/scancode.io,7424073216db,exists,makefile,no
github.com/aboutcode-org/scancode.io,7424073216db,exists,Makefile,yes
github.com/aboutcode-org/scancode.io,7424073216db,exists,,yes
github.com/aboutcode-org/scancode.io,7424073216db,exists,pyproject.toml,yes
github.com/aboutcode-org/scancode.io,7424073216db,exists,setup.py,no
github.com/aboutcode-org/scancode.io,7424073216db,exists,setup.cfg,no
github.com/acecjm/sgithidownloader,b069eb76064f,exists,,yes
github.com/acecjm/sgithidownloader,b069eb76064f,exists,pyproject.toml,yes
github.com/acecjm/sgithidownloader,b069eb76064f,exists,setup.py,no
github.com/acecjm/sgithidownloader,b069eb76064f,exists,setup.cfg,no
github.com/ahron-maslin/blfs-automation,2cdb8c7fad07,exists,requirements.txt,yes
github.com/aider-ai/aider,2dd40fce4442,exists,,yes
github.com/aider-ai/aider,2dd40fce4442,exists,pyproject.toml,yes
github.com/aider-ai/aider,2dd40fce4442,exists,setup.py,no
github.com/aider-ai/aider,2dd40fce4442,exists,setup.cfg,no
github.com/aider-ai/aider,2dd40fce4442,exists,requirements.txt,yes
github.com/aider-ai/aider,2dd40fce4442,exists,requirements/requirements-dev.txt,yes
github.com/aider-ai/aider,2dd40fce4442,exists,requirements-dev.txt,no
github.com/aider-ai/aider,edfe0c801b49,exists,,yes
github.com/aider-ai/aider,edfe0c801b49,exists,pyproject.toml,yes
github.com/aider-ai/aider,edfe0c801b49,exists,setup.py,no
github.com/aider-ai/aider,edfe0c801b49,exists,setup.cfg,no
github.com/aider-ai/aider,edfe0c801b49,exists,requirements.txt,yes
github.com/aider-ai/aider,edfe0c801b49,exists,requirements/requirements-dev.txt,yes
github.com/aider-ai/aider,edfe0c801b49,exists,requirements-dev.txt,no
github.com/aider-ai/aider,bdb4d9ff8ef8,exists,,yes
github.com/aider-ai/aider,bdb4d9ff8ef8,exists,pyproject.toml,yes
github.com/aider-ai/aider,bdb4d9ff8ef8,exists,setup.py,no
github.com/aider-ai/aider,bdb4d9ff8ef8,exists,setup.cfg,no
github.com/aider-ai/aider,bdb4d9ff8ef8,exists,requirements.txt,yes
github.com/aider-ai/aider,bdb4d9ff8ef8,exists,requirements/requirements-dev.txt,yes
github.com/aider-ai/aider,bdb4d9ff8ef8,exists,requirements-dev.txt,no
github.com/aider-ai/aider,928bb49c4b5f,exists,,yes
github.com/aider-ai/aider,928bb49c4b5f,exists,pyproject.toml,yes
github.com/aider-ai/aider,928bb49c4b5f,exists,setup.py,no
github.com/aider-ai/aider,928bb49c4b5f,exists,setup.cfg,no
github.com/aider-ai/aider,928bb49c4b5f,exists,requirements.txt,yes
github.com/aider-ai/aider,928bb49c4b5f,exists,requirements/requirements-dev.txt,yes
github.com/aider-ai/aider,928bb49c4b5f,exists,requirements-dev.txt,no
github.com/aider-ai/aider,3ec8ec5a7d69,exists,,yes
github.com/aider-ai/aider,3ec8ec5a7d69,exists,pyproject.toml,yes
github.com/aider-ai/aider,3ec8ec5a7d69,exists,setup.py,no
github.com/aider-ai/aider,3ec8ec5a7d69,exists,setup.cfg,no
github.com/aider-ai/aider,3ec8ec5a7d69,exists,requirements.txt,yes
github.com/aider-ai/aider,3ec8ec5a7d69,exists,requirements/requirements-dev.txt,yes
github.com/aider-ai/aider,3ec8ec5a7d69,exists,requirements-dev.txt,no
github.com/aider-ai/aider,5dc9490bb35f,exists,,yes
github.com/aider-ai/aider,5dc9490bb35f,exists,pyproject.toml,yes
github.com/aider-ai/aider,5dc9490bb35f,exists,setup.py,no
github.com/aider-ai/aider,5dc9490bb35f,exists,setup.cfg,no
github.com/aider-ai/aider,5dc9490bb35f,exists,requirements.txt,yes
github.com/aider-ai/aider,5dc9490bb35f,exists,requirements/requirements-dev.txt,yes
github.com/aider-ai/aider,5dc9490bb35f,exists,requirements-dev.txt,no
github.com/alan-turing-institute/data-safe-haven,ff8dcae658e2,exists,,yes
github.com/alan-turing-institute/data-safe-haven,ff8dcae658e2,exists,pyproject.toml,yes
github.com/alan-turing-institute/data-safe-haven,ff8dcae658e2,exists,hatch.toml,no
github.com/alan-turing-institute/data-safe-haven,ff8dcae658e2,exists,.github/scripts/expand_mustache.sh,yes
github.com/alan-turing-institute/data-safe-haven,ff8dcae658e2,exists,.github/scripts/requirements.txt,yes
github.com/alan-turing-institute/data-safe-haven,6b8904c36120,exists,,yes
github.com/alan-turing-institute/data-safe-haven,6b8904c36120,exists,pyproject.toml,yes
github.com/alan-turing-institute/data-safe-haven,6b8904c36120,exists,hatch.toml,no
github.com/alan-turing-institute/data-safe-haven,6b8904c36120,exists,.github/scripts/expand_mustache.sh,yes
github.com/alan-turing-institute/data-safe-haven,6b8904c36120,exists,.github/scripts/requirements.txt,yes
github.com/alex-oleshkevich/starception,b091e0c82881,exists,,yes
github.com/alex-oleshkevich/starception,b091e0c82881,exists,pyproject.toml,yes
github.com/alex-oleshkevich/starception,b091e0c82881,exists,uv.lock,yes
github.com/alex-oleshkevich/starception,b091e0c82881,exists,poetry.lock,no
github.com/alex-oleshkevich/starsessions,f2942f9be1eb,exists,,yes
github.com/alex-oleshkevich/starsessions,f2942f9be1eb,exists,pyproject.toml,yes
github.com/alex-oleshkevich/starsessions,f2942f9be1eb,exists,uv.lock,yes
github.com/allora-network/allora-sdk-py,ffdb8cb142fd,exists,,yes
github.com/allora-network/allora-sdk-py,ffdb8cb142fd,exists,tox.ini,no
github.com/allora-network/allora-sdk-py,ffdb8cb142fd,exists,tox.toml,yes
github.com/allora-network/allora-sdk-py,ffdb8cb142fd,exists,pyproject.toml,yes
github.com/allora-network/allora-sdk-py,ffdb8cb142fd,exists,setup.py,no
github.com/allora-network/allora-sdk-py,ffdb8cb142fd,exists,setup.cfg,no
github.com/alpha-unito/streamflow,e98b0b1c1d71,exists,cwl-conformance-test.sh,yes
github.com/alpha-unito/streamflow,e98b0b1c1d71,exists,,yes
github.com/alpha-unito/streamflow,e98b0b1c1d71,exists,pyproject.toml,yes
github.com/alpha-unito/streamflow,e98b0b1c1d71,exists,uv.lock,yes
github.com/alpha-unito/streamflow,e98b0b1c1d71,exists,setup.py,no
github.com/alpha-unito/streamflow,e98b0b1c1d71,exists,setup.cfg,no
github.com/alpha-unito/streamflow,e98b0b1c1d71,exists,tox.ini,yes
github.com/alpha-unito/streamflow,e98b0b1c1d71,exists,GNUmakefile,no
github.com/alpha-unito/streamflow,e98b0b1c1d71,exists,makefile,no
github.com/alpha-unito/streamflow,e98b0b1c1d71,exists,Makefile,yes
github.com/amsterdam/apikeyserv,9e1bf5cb39b6,exists,server/requirements_dev.txt,yes
github.com/amsterdam/apikeyserv,9e1bf5cb39b6,exists,apikeyclient,yes
github.com/amsterdam/apikeyserv,9e1bf5cb39b6,exists,apikeyclient/pyproject.toml,yes
github.com/amsterdam/apikeyserv,9e1bf5cb39b6,exists,apikeyclient/setup.py,no
github.com/amsterdam/apikeyserv,9e1bf5cb39b6,exists,apikeyclient/setup.cfg,no
github.com/amsterdam/apikeyserv,9e1bf5cb39b6,exists,GNUmakefile,no
github.com/amsterdam/apikeyserv,9e1bf5cb39b6,exists,makefile,no
github.com/amsterdam/apikeyserv,9e1bf5cb39b6,exists,Makefile,no
github.com/amsterdam/apikeyserv,9e1bf5cb39b6,exists,requirements.txt,no
github.com/anirbanbasu/frankfurtermcp,a86b8ef21ec1,exists,,yes
github.com/anirbanbasu/frankfurtermcp,a86b8ef21ec1,exists,pyproject.toml,yes
github.com/anirbanbasu/frankfurtermcp,a86b8ef21ec1,exists,uv.lock,yes
github.com/ankitects/anki,5a9b54e9380c,exists,.github/actions/setup-anki/action.yml,yes
github.com/ankitects/anki,5a9b54e9380c,exists,justfile,yes
github.com/ankitects/anki,5a9b54e9380c,exists,run,yes
github.com/ankitects/anki,5a9b54e9380c,exists,ninja,yes
github.com/ankitects/anki,5a9b54e9380c,exists,.github/scripts/setup_apple_signing.sh,yes
github.com/ankitects/anki,5a9b54e9380c,exists,tools/build-installer,yes
github.com/ankitects/anki,5a9b54e9380c,exists,tools/build-arm-lin,yes
github.com/ansys/pre-commit-hooks,ee95b36305ae,exists,,yes
github.com/ansys/pre-commit-hooks,ee95b36305ae,exists,pyproject.toml,yes
github.com/ansys/pre-commit-hooks,ee95b36305ae,exists,setup.py,yes
github.com/ansys/pre-commit-hooks,ee95b36305ae,exists,setup.cfg,no
github.com/ansys/pre-commit-hooks,ee95b36305ae,exists,tox.ini,yes
github.com/ansys/pre-commit-hooks,ee95b36305ae,exists,doc/GNUmakefile,no
github.com/ansys/pre-commit-hooks,ee95b36305ae,exists,doc/makefile,no
github.com/ansys/pre-commit-hooks,ee95b36305ae,exists,doc/Makefile,yes
github.com/ansys/pre-commit-hooks,a0aaaa6fcc38,exists,,yes
github.com/ansys/pre-commit-hooks,a0aaaa6fcc38,exists,pyproject.toml,yes
github.com/ansys/pre-commit-hooks,a0aaaa6fcc38,exists,setup.py,yes
github.com/ansys/pre-commit-hooks,a0aaaa6fcc38,exists,setup.cfg,no
github.com/ansys/pre-commit-hooks,a0aaaa6fcc38,exists,tox.ini,yes
github.com/ansys/pre-commit-hooks,a0aaaa6fcc38,exists,doc/GNUmakefile,no
github.com/ansys/pre-commit-hooks,a0aaaa6fcc38,exists,doc/makefile,no
github.com/ansys/pre-commit-hooks,a0aaaa6fcc38,exists,doc/Makefile,yes
github.com/apache/airflow,aaf1bee38a2a,exists,.github/actions/breeze/action.yml,yes
github.com/apache/airflow,aaf1bee38a2a,exists,.github/actions/prepare_breeze_and_image/action.yml,yes
github.com/apache/airflow,aaf1bee38a2a,exists,.github/actions/install-pre-commit/action.yml,yes
github.com/apache/airflow,aaf1bee38a2a,exists,.github/actions/prepare_all_ci_images/action.yml,yes
github.com/apache/airflow,aaf1bee38a2a,exists,.github/actions/post_tests_success/action.yml,yes
github.com/apache/airflow,aaf1bee38a2a,exists,.github/actions/post_tests_failure/action.yml,yes
github.com/apache/airflow,aaf1bee38a2a,exists,.github/actions/migration_tests/action.yml,yes
github.com/apache/airflow,aaf1bee38a2a,exists,scripts/ci/cleanup_docker.sh,yes
github.com/apache/airflow,aaf1bee38a2a,exists,scripts/ci/install_breeze.sh,yes
github.com/apache/airflow,aaf1bee38a2a,exists,docker-tests,yes
github.com/apache/airflow,aaf1bee38a2a,exists,docker-tests/pyproject.toml,yes
github.com/apache/airflow,aaf1bee38a2a,exists,pyproject.toml,yes
github.com/apache/airflow,aaf1bee38a2a,exists,uv.lock,no
github.com/apache/airflow,aaf1bee38a2a,exists,scripts/ci/testing/run_breeze_command_with_retries.sh,yes
github.com/apache/airflow,aaf1bee38a2a,exists,scripts/ci/constraints/ci_branch_constraints.sh,yes
github.com/apache/airflow,aaf1bee38a2a,exists,scripts/tools/free_up_disk_space.sh,yes
github.com/apache/airflow,aaf1bee38a2a,exists,dev/sign.sh,yes
github.com/apache/airflow,aaf1bee38a2a,exists,scripts/ci/testing/run_integration_tests_with_retry.sh,yes
github.com/apache/airflow,aaf1bee38a2a,exists,scripts/ci/testing/run_system_tests.sh,yes
github.com/apache/airflow,aaf1bee38a2a,exists,,yes
github.com/apache/airflow,aaf1bee38a2a,exists,scripts/ci/testing/run_unit_tests.sh,yes
github.com/aristanetworks/cloudvision-python,39db5a8cc8a3,exists,requirements.txt,yes
github.com/aristanetworks/cloudvision-python,39db5a8cc8a3,exists,requirements-dev.txt,yes
github.com/aristanetworks/cloudvision-python,39db5a8cc8a3,exists,,yes
github.com/aristanetworks/cloudvision-python,39db5a8cc8a3,exists,pyproject.toml,yes
github.com/aristanetworks/cloudvision-python,39db5a8cc8a3,exists,setup.py,yes
github.com/aristanetworks/cloudvision-python,39db5a8cc8a3,exists,setup.cfg,no
github.com/aristanetworks/cloudvision-python,39db5a8cc8a3,exists,check_copyright.sh,yes
github.com/ashesh808/z8ter,f982a98c85ee,exists,,yes
github.com/ashesh808/z8ter,f982a98c85ee,exists,pyproject.toml,yes
github.com/ashesh808/z8ter,f982a98c85ee,exists,uv.lock,no
github.com/ashesh808/z8ter,f982a98c85ee,exists,requirements.txt,no
github.com/ashlesh-t/cognirepo,f787323dd4f8,exists,,yes
github.com/ashlesh-t/cognirepo,f787323dd4f8,exists,pyproject.toml,yes
github.com/ashlesh-t/cognirepo,f787323dd4f8,exists,setup.py,no
github.com/ashlesh-t/cognirepo,f787323dd4f8,exists,setup.cfg,no
github.com/ashlesh-t/cognirepo,f787323dd4f8,exists,scripts/check_wheel.sh,yes
github.com/asozialesnetzwerk/an-website,e7c0708e149d,exists,.github/actions/install_dart_sass/action.yml,yes
github.com/asozialesnetzwerk/an-website,e7c0708e149d,exists,.github/actions/check_deployment/action.yml,yes
github.com/asozialesnetzwerk/an-website,e7c0708e149d,exists,pip-requirements.txt,yes
github.com/asozialesnetzwerk/an-website,e7c0708e149d,exists,pip-constraints.txt,yes
github.com/asozialesnetzwerk/an-website,e7c0708e149d,exists,0.50.1,no
github.com/asozialesnetzwerk/an-website,e7c0708e149d,exists,justfile,no
github.com/asozialesnetzwerk/an-website,e7c0708e149d,exists,Justfile,yes
github.com/asozialesnetzwerk/an-website,e7c0708e149d,exists,,yes
github.com/asozialesnetzwerk/an-website,e7c0708e149d,exists,pyproject.toml,yes
github.com/asozialesnetzwerk/an-website,e7c0708e149d,exists,setup.py,yes
github.com/asozialesnetzwerk/an-website,e7c0708e149d,exists,setup.cfg,no
github.com/asozialesnetzwerk/an-website,e7c0708e149d,exists,generate-badge.sh,yes
github.com/asozialesnetzwerk/an-website,d0ff5122f7de,exists,.github/actions/install_dart_sass/action.yml,yes
github.com/asozialesnetzwerk/an-website,d0ff5122f7de,exists,.github/actions/check_deployment/action.yml,yes
github.com/asozialesnetzwerk/an-website,d0ff5122f7de,exists,pip-requirements.txt,yes
github.com/asozialesnetzwerk/an-website,d0ff5122f7de,exists,pip-constraints.txt,yes
github.com/asozialesnetzwerk/an-website,d0ff5122f7de,exists,0.50.1,no
github.com/asozialesnetzwerk/an-website,d0ff5122f7de,exists,justfile,no
github.com/asozialesnetzwerk/an-website,d0ff5122f7de,exists,Justfile,yes
github.com/asozialesnetzwerk/an-website,d0ff5122f7de,exists,,yes
github.com/asozialesnetzwerk/an-website,d0ff5122f7de,exists,pyproject.toml,yes
github.com/asozialesnetzwerk/an-website,d0ff5122f7de,exists,setup.py,yes
github.com/asozialesnetzwerk/an-website,d0ff5122f7de,exists,setup.cfg,no
github.com/asozialesnetzwerk/an-website,d0ff5122f7de,exists,generate-badge.sh,yes
github.com/asozialesnetzwerk/an-website,7a5038611dad,exists,.github/actions/install_dart_sass/action.yml,yes
github.com/asozialesnetzwerk/an-website,7a5038611dad,exists,.github/actions/check_deployment/action.yml,yes
github.com/asozialesnetzwerk/an-website,7a5038611dad,exists,pip-requirements.txt,yes
github.com/asozialesnetzwerk/an-website,7a5038611dad,exists,pip-constraints.txt,yes
github.com/asozialesnetzwerk/an-website,7a5038611dad,exists,0.50.1,no
github.com/asozialesnetzwerk/an-website,7a5038611dad,exists,justfile,no
github.com/asozialesnetzwerk/an-website,7a5038611dad,exists,Justfile,yes
github.com/asozialesnetzwerk/an-website,7a5038611dad,exists,scripts/build-zipapp.sh,yes
github.com/asozialesnetzwerk/an-website,7a5038611dad,exists,,yes
github.com/asozialesnetzwerk/an-website,7a5038611dad,exists,pyproject.toml,yes
github.com/asozialesnetzwerk/an-website,7a5038611dad,exists,setup.py,yes
github.com/asozialesnetzwerk/an-website,7a5038611dad,exists,setup.cfg,no
github.com/asozialesnetzwerk/an-website,7a5038611dad,exists,generate-badge.sh,yes
github.com/asozialesnetzwerk/an-website,1389088b9c4c,exists,.github/actions/install_dart_sass/action.yml,yes
github.com/asozialesnetzwerk/an-website,1389088b9c4c,exists,.github/actions/start_wrong_quotes_api/action.yml,yes
github.com/asozialesnetzwerk/an-website,1389088b9c4c,exists,.github/actions/check_deployment/action.yml,yes
github.com/asozialesnetzwerk/an-website,1389088b9c4c,exists,pip-requirements.txt,yes
github.com/asozialesnetzwerk/an-website,1389088b9c4c,exists,pip-constraints.txt,yes
github.com/asozialesnetzwerk/an-website,1389088b9c4c,exists,0.50.1,no
github.com/asozialesnetzwerk/an-website,1389088b9c4c,exists,justfile,no
github.com/asozialesnetzwerk/an-website,1389088b9c4c,exists,Justfile,yes
github.com/asozialesnetzwerk/an-website,1389088b9c4c,exists,scripts/build-zipapp.sh,yes
github.com/asozialesnetzwerk/an-website,1389088b9c4c,exists,,yes
github.com/asozialesnetzwerk/an-website,1389088b9c4c,exists,pyproject.toml,yes
github.com/asozialesnetzwerk/an-website,1389088b9c4c,exists,setup.py,yes
github.com/asozialesnetzwerk/an-website,1389088b9c4c,exists,setup.cfg,no
github.com/asozialesnetzwerk/an-website,1389088b9c4c,exists,TESTDEPS.TXT,no
github.com/asozialesnetzwerk/an-website,1389088b9c4c,exists,generate-badge.sh,yes
github.com/asozialesnetzwerk/an-website,d58d85413d27,exists,.github/actions/install_dart_sass/action.yml,yes
github.com/asozialesnetzwerk/an-website,d58d85413d27,exists,.github/actions/update_dash/action.yml,yes
github.com/asozialesnetzwerk/an-website,d58d85413d27,exists,.github/actions/start_wrong_quotes_api/action.yml,yes
github.com/asozialesnetzwerk/an-website,d58d85413d27,exists,.github/actions/check_deployment/action.yml,yes
github.com/asozialesnetzwerk/an-website,d58d85413d27,exists,pip-requirements.txt,yes
github.com/asozialesnetzwerk/an-website,d58d85413d27,exists,pip-constraints.txt,yes
github.com/asozialesnetzwerk/an-website,d58d85413d27,exists,0.50.1,no
github.com/asozialesnetzwerk/an-website,d58d85413d27,exists,justfile,no
github.com/asozialesnetzwerk/an-website,d58d85413d27,exists,Justfile,yes
github.com/asozialesnetzwerk/an-website,d58d85413d27,exists,scripts/build-zipapp.sh,yes
github.com/asozialesnetzwerk/an-website,d58d85413d27,exists,scripts/build-source-tarball.sh,yes
github.com/asozialesnetzwerk/an-website,d58d85413d27,exists,,yes
github.com/asozialesnetzwerk/an-website,d58d85413d27,exists,pyproject.toml,yes
github.com/asozialesnetzwerk/an-website,d58d85413d27,exists,setup.py,yes
github.com/asozialesnetzwerk/an-website,d58d85413d27,exists,setup.cfg,no
github.com/asozialesnetzwerk/an-website,d58d85413d27,exists,TESTDEPS.TXT,no
github.com/asozialesnetzwerk/an-website,d58d85413d27,exists,generate-badge.sh,yes
github.com/asozialesnetzwerk/an-website,d58d85413d27,exists,scripts/verify-release.sh,yes
github.com/asozialesnetzwerk/an-website,5bb5e75ec951,exists,.github/actions/install_dart_sass/action.yml,yes
github.com/asozialesnetzwerk/an-website,5bb5e75ec951,exists,.github/actions/update_dash/action.yml,yes
github.com/asozialesnetzwerk/an-website,5bb5e75ec951,exists,.github/actions/start_wrong_quotes_api/action.yml,yes
github.com/asozialesnetzwerk/an-website,5bb5e75ec951,exists,.github/actions/check_deployment/action.yml,yes
github.com/asozialesnetzwerk/an-website,5bb5e75ec951,exists,pip-requirements.txt,yes
github.com/asozialesnetzwerk/an-website,5bb5e75ec951,exists,pip-constraints.txt,yes
github.com/asozialesnetzwerk/an-website,5bb5e75ec951,exists,0.50.1,no
github.com/asozialesnetzwerk/an-website,5bb5e75ec951,exists,justfile,no
github.com/asozialesnetzwerk/an-website,5bb5e75ec951,exists,Justfile,yes
github.com/asozialesnetzwerk/an-website,5bb5e75ec951,exists,scripts/build-zipapp.sh,yes
github.com/asozialesnetzwerk/an-website,5bb5e75ec951,exists,scripts/build-source-tarball.sh,yes
github.com/asozialesnetzwerk/an-website,5bb5e75ec951,exists,,yes
github.com/asozialesnetzwerk/an-website,5bb5e75ec951,exists,pyproject.toml,yes
github.com/asozialesnetzwerk/an-website,5bb5e75ec951,exists,setup.py,yes
github.com/asozialesnetzwerk/an-website,5bb5e75ec951,exists,setup.cfg,no
github.com/asozialesnetzwerk/an-website,5bb5e75ec951,exists,TESTDEPS.TXT,no
github.com/asozialesnetzwerk/an-website,5bb5e75ec951,exists,generate-badge.sh,yes
github.com/asozialesnetzwerk/an-website,5bb5e75ec951,exists,scripts/verify-release.sh,yes
github.com/atlassian-labs/mcp-compressor,93e91426e5d7,exists,.github/actions/setup-python-env/action.yml,yes
github.com/atlassian-labs/mcp-compressor,93e91426e5d7,exists,,yes
github.com/atlassian-labs/mcp-compressor,93e91426e5d7,exists,pyproject.toml,yes
github.com/atlassian-labs/mcp-compressor,93e91426e5d7,exists,uv.lock,yes
github.com/atlassian-labs/mcp-compressor,93e91426e5d7,exists,GNUmakefile,no
github.com/atlassian-labs/mcp-compressor,93e91426e5d7,exists,makefile,no
github.com/atlassian-labs/mcp-compressor,93e91426e5d7,exists,Makefile,yes
github.com/atlassian-labs/mcp-compressor,93e91426e5d7,exists,tox.ini,yes
github.com/atlassian-labs/mcp-compressor,93e91426e5d7,exists,setup.py,no
github.com/atlassian-labs/mcp-compressor,93e91426e5d7,exists,setup.cfg,no
github.com/atsign-foundation/at_python,13510f3b7bfc,exists,,yes
github.com/atsign-foundation/at_python,13510f3b7bfc,exists,pyproject.toml,yes
github.com/atsign-foundation/at_python,13510f3b7bfc,exists,poetry.lock,yes
github.com/atsign-foundation/at_python,13510f3b7bfc,exists,requirements.txt,no
github.com/atsign-foundation/at_python,13510f3b7bfc,exists,setup.py,no
github.com/atsign-foundation/at_python,13510f3b7bfc,exists,setup.cfg,yes
github.com/atsign-foundation/at_python,f63cddf495af,exists,,yes
github.com/atsign-foundation/at_python,f63cddf495af,exists,pyproject.toml,yes
github.com/atsign-foundation/at_python,f63cddf495af,exists,poetry.lock,yes
github.com/atsign-foundation/at_python,f63cddf495af,exists,requirements.txt,no
github.com/atsign-foundation/at_python,f63cddf495af,exists,setup.py,no
github.com/atsign-foundation/at_python,f63cddf495af,exists,setup.cfg,yes
github.com/atsign-foundation/at_python,84cb43f589a3,exists,,yes
github.com/atsign-foundation/at_python,84cb43f589a3,exists,pyproject.toml,yes
github.com/atsign-foundation/at_python,84cb43f589a3,exists,poetry.lock,yes
github.com/atsign-foundation/at_python,84cb43f589a3,exists,requirements.txt,no
github.com/atsign-foundation/at_python,84cb43f589a3,exists,setup.py,no
github.com/atsign-foundation/at_python,84cb43f589a3,exists,setup.cfg,yes
github.com/auditize/auditize,ac6ccbb3171d,exists,backend,yes
github.com/auditize/auditize,ac6ccbb3171d,exists,backend/pyproject.toml,yes
github.com/auditize/auditize,ac6ccbb3171d,exists,pyproject.toml,no
github.com/auditize/auditize,ac6ccbb3171d,exists,backend/uv.lock,yes
github.com/auditize/auditize,ac6ccbb3171d,exists,doc,yes
github.com/auditize/auditize,ac6ccbb3171d,exists,doc/pyproject.toml,no
github.com/auditize/auditize,77712f1306ab,exists,backend,yes
github.com/auditize/auditize,77712f1306ab,exists,backend/pyproject.toml,yes
github.com/auditize/auditize,77712f1306ab,exists,pyproject.toml,no
github.com/auditize/auditize,77712f1306ab,exists,backend/uv.lock,yes
github.com/auditize/auditize,77712f1306ab,exists,doc,yes
github.com/auditize/auditize,77712f1306ab,exists,doc/pyproject.toml,no
github.com/awslabs/mcp,19b1d8cf6029,exists,.github/actions/build-and-push-container-image/action.yml,yes
github.com/awslabs/mcp,19b1d8cf6029,exists,src/aws-api-mcp-server,yes
github.com/awslabs/mcp,19b1d8cf6029,exists,src/aws-api-mcp-server/pyproject.toml,yes
github.com/awslabs/mcp,19b1d8cf6029,exists,src/pyproject.toml,no
github.com/awslabs/mcp,19b1d8cf6029,exists,pyproject.toml,no
github.com/awslabs/mcp,19b1d8cf6029,exists,src/aws-api-mcp-server/uv.lock,yes
github.com/awslabs/mcp,19b1d8cf6029,exists,.github/workflows/pre-commit-requirements.txt,yes
github.com/awslabs/mcp,19b1d8cf6029,exists,.github/workflows/bandit-requirements.txt,yes
github.com/awslabs/mcp,19b1d8cf6029,exists,.github/workflows/detect-secrets-requirements.txt,yes
github.com/awslabs/mcp,19b1d8cf6029,exists,.github/workflows/semgrep-requirements.txt,yes
github.com/bancolombia/devsecops-engine-tools,f45c95c1f527,exists,tools/requirements_test.txt,yes
github.com/bancolombia/devsecops-engine-tools,f45c95c1f527,exists,tools/requirements.txt,yes
github.com/bancolombia/devsecops-engine-tools,f45c95c1f527,exists,ide_extension/intellij/gradlew,yes
github.com/bancolombia/devsecops-engine-tools,a4e683292016,exists,tools/requirements_test.txt,yes
github.com/bancolombia/devsecops-engine-tools,a4e683292016,exists,tools/requirements.txt,yes
github.com/bancolombia/devsecops-engine-tools,a4e683292016,exists,ide_extension/intellij/gradlew,yes
github.com/barun-saha/slide-deck-ai,4d3249f6e0ca,exists,requirements.txt,yes
github.com/big-dig-data/celus-pycounter,c3a854b107a8,exists,,yes
github.com/big-dig-data/celus-pycounter,c3a854b107a8,exists,pyproject.toml,yes
github.com/big-dig-data/celus-pycounter,c3a854b107a8,exists,setup.py,no
github.com/big-dig-data/celus-pycounter,c3a854b107a8,exists,setup.cfg,no
github.com/billkishore/ai-evals,e7dc6492462e,exists,,yes
github.com/billkishore/ai-evals,e7dc6492462e,exists,pyproject.toml,yes
github.com/billkishore/ai-evals,e7dc6492462e,exists,setup.py,no
github.com/billkishore/ai-evals,e7dc6492462e,exists,setup.cfg,no
github.com/blacklanternsecurity/bbot,d57a125e5286,exists,,yes
github.com/blacklanternsecurity/bbot,d57a125e5286,exists,pyproject.toml,yes
github.com/blacklanternsecurity/bbot,d57a125e5286,exists,poetry.lock,yes
github.com/bmosoluciones/coati-payroll,2014c4ed4f88,exists,test.txt,yes
github.com/bmosoluciones/coati-payroll,2014c4ed4f88,exists,requirements.txt,yes
github.com/bmosoluciones/coati-payroll,2014c4ed4f88,exists,,yes
github.com/bmosoluciones/coati-payroll,2014c4ed4f88,exists,pyproject.toml,yes
github.com/bmosoluciones/coati-payroll,2014c4ed4f88,exists,setup.py,no
github.com/bmosoluciones/coati-payroll,2014c4ed4f88,exists,setup.cfg,no
github.com/bmosoluciones/coati-payroll,2014c4ed4f88,exists,docs.txt,yes
github.com/bmosoluciones/coati-payroll,2014c4ed4f88,exists,development.txt,yes
github.com/bmosoluciones/now-lms,6fadd46f5bbe,exists,test.txt,yes
github.com/bmosoluciones/now-lms,6fadd46f5bbe,exists,requirements.txt,yes
github.com/bmosoluciones/now-lms,6fadd46f5bbe,exists,,yes
github.com/bmosoluciones/now-lms,6fadd46f5bbe,exists,pyproject.toml,yes
github.com/bmosoluciones/now-lms,6fadd46f5bbe,exists,setup.py,no
github.com/bmosoluciones/now-lms,6fadd46f5bbe,exists,setup.cfg,no
github.com/bmosoluciones/now-lms,69701d131705,exists,test.txt,yes
github.com/bmosoluciones/now-lms,69701d131705,exists,requirements.txt,yes
github.com/bmosoluciones/now-lms,69701d131705,exists,,yes
github.com/bmosoluciones/now-lms,69701d131705,exists,pyproject.toml,yes
github.com/bmosoluciones/now-lms,69701d131705,exists,setup.py,no
github.com/bmosoluciones/now-lms,69701d131705,exists,setup.cfg,no
github.com/bolajiwahab/pgrubic,e54a83490888,exists,,yes
github.com/bolajiwahab/pgrubic,e54a83490888,exists,tox.ini,no
github.com/bolajiwahab/pgrubic,e54a83490888,exists,tox.toml,no
github.com/bolajiwahab/pgrubic,e54a83490888,exists,pyproject.toml,yes
github.com/bolajiwahab/pgrubic,e54a83490888,exists,setup.py,no
github.com/bolajiwahab/pgrubic,e54a83490888,exists,setup.cfg,no
github.com/bolajiwahab/pgrubic,e54a83490888,exists,tools/ensure_up_to_date_docs.sh,yes
github.com/boneio-eu/app_bbb,65a1c13c5af4,exists,,yes
github.com/boneio-eu/app_bbb,65a1c13c5af4,exists,pyproject.toml,yes
github.com/boneio-eu/app_bbb,65a1c13c5af4,exists,setup.py,yes
github.com/boneio-eu/app_bbb,65a1c13c5af4,exists,setup.cfg,yes
github.com/brandenc40/groupme-bot,54b797641d82,exists,requirements.txt,no
github.com/brightsparklabs/appcli,21661d3af73d,exists,GNUmakefile,no
github.com/brightsparklabs/appcli,21661d3af73d,exists,makefile,no
github.com/brightsparklabs/appcli,21661d3af73d,exists,Makefile,yes
github.com/browser-use/browser-use,0bef817574bc,exists,,yes
github.com/browser-use/browser-use,0bef817574bc,exists,pyproject.toml,yes
github.com/browser-use/browser-use,0bef817574bc,exists,uv.lock,no
github.com/browser-use/browser-use,0bef817574bc,exists,browser_use/skill_cli/install.sh,yes
github.com/browser-use/browser-use,0bef817574bc,exists,setup.py,no
github.com/browser-use/browser-use,0bef817574bc,exists,setup.cfg,no
github.com/browser-use/browser-use,0bef817574bc,exists,3.12,no
github.com/browser-use/browser-use,eee98ff27257,exists,,yes
github.com/browser-use/browser-use,eee98ff27257,exists,pyproject.toml,yes
github.com/browser-use/browser-use,eee98ff27257,exists,uv.lock,no
github.com/browser-use/browser-use,eee98ff27257,exists,browser_use/skill_cli/install.sh,yes
github.com/browser-use/browser-use,eee98ff27257,exists,setup.py,no
github.com/browser-use/browser-use,eee98ff27257,exists,setup.cfg,no
github.com/browser-use/browser-use,eee98ff27257,exists,3.12,no
github.com/browser-use/browser-use,e026a51fd34d,exists,,yes
github.com/browser-use/browser-use,e026a51fd34d,exists,pyproject.toml,yes
github.com/browser-use/browser-use,e026a51fd34d,exists,uv.lock,no
github.com/browser-use/browser-use,e026a51fd34d,exists,browser_use/skill_cli/install.sh,yes
github.com/browser-use/browser-use,e026a51fd34d,exists,setup.py,no
github.com/browser-use/browser-use,e026a51fd34d,exists,setup.cfg,no
github.com/browser-use/browser-use,e026a51fd34d,exists,3.12,no
github.com/bugsec-official/atomicshop,f65f679ea13d,exists,,yes
github.com/bugsec-official/atomicshop,f65f679ea13d,exists,pyproject.toml,yes
github.com/bugsec-official/atomicshop,f65f679ea13d,exists,setup.py,no
github.com/bugsec-official/atomicshop,f65f679ea13d,exists,setup.cfg,no
github.com/buvis/mkdocs-zettelkasten,b96272d381ad,exists,,yes
github.com/buvis/mkdocs-zettelkasten,b96272d381ad,exists,pyproject.toml,yes
github.com/buvis/mkdocs-zettelkasten,b96272d381ad,exists,uv.lock,yes
github.com/buvis/mkdocs-zettelkasten,b96272d381ad,exists,GNUmakefile,no
github.com/buvis/mkdocs-zettelkasten,b96272d381ad,exists,makefile,no
github.com/buvis/mkdocs-zettelkasten,b96272d381ad,exists,Makefile,yes
github.com/calebevans/cordon,d9a8c02a45bd,exists,,yes
github.com/calebevans/cordon,d9a8c02a45bd,exists,pyproject.toml,yes
github.com/calebevans/cordon,d9a8c02a45bd,exists,setup.py,no
github.com/calebevans/cordon,d9a8c02a45bd,exists,setup.cfg,no
github.com/calebevans/cordon,d9a8c02a45bd,exists,GNUmakefile,no
github.com/calebevans/cordon,d9a8c02a45bd,exists,makefile,no
github.com/calebevans/cordon,d9a8c02a45bd,exists,Makefile,yes
github.com/camptocamp/c2cciutils,7cd85a0946fd,exists,requirements.txt,yes
github.com/camptocamp/c2cciutils,7cd85a0946fd,exists,,yes
github.com/camptocamp/c2cciutils,7cd85a0946fd,exists,pyproject.toml,yes
github.com/camptocamp/c2cciutils,7cd85a0946fd,exists,setup.py,no
github.com/camptocamp/c2cciutils,7cd85a0946fd,exists,setup.cfg,no
github.com/camptocamp/c2cciutils,7cd85a0946fd,exists,GNUmakefile,no
github.com/camptocamp/c2cciutils,7cd85a0946fd,exists,makefile,no
github.com/camptocamp/c2cciutils,7cd85a0946fd,exists,Makefile,yes
github.com/camptocamp/c2cciutils,7cd85a0946fd,exists,example-project/GNUmakefile,no
github.com/camptocamp/c2cciutils,7cd85a0946fd,exists,example-project/makefile,no
github.com/camptocamp/c2cciutils,7cd85a0946fd,exists,example-project/Makefile,yes
github.com/camptocamp/c2cciutils,26024ddde533,exists,requirements.txt,yes
github.com/camptocamp/c2cciutils,26024ddde533,exists,,yes
github.com/camptocamp/c2cciutils,26024ddde533,exists,pyproject.toml,yes
github.com/camptocamp/c2cciutils,26024ddde533,exists,setup.py,no
github.com/camptocamp/c2cciutils,26024ddde533,exists,setup.cfg,no
github.com/camptocamp/c2cciutils,26024ddde533,exists,GNUmakefile,no
github.com/camptocamp/c2cciutils,26024ddde533,exists,makefile,no
github.com/camptocamp/c2cciutils,26024ddde533,exists,Makefile,yes
github.com/camptocamp/c2cciutils,26024ddde533,exists,example-project/GNUmakefile,no
github.com/camptocamp/c2cciutils,26024ddde533,exists,example-project/makefile,no
github.com/camptocamp/c2cciutils,26024ddde533,exists,example-project/Makefile,yes
github.com/cboin1996/songbird,60ed6343815e,exists,GNUmakefile,no
github.com/cboin1996/songbird,60ed6343815e,exists,makefile,no
github.com/cboin1996/songbird,60ed6343815e,exists,Makefile,yes
github.com/cboin1996/songbird,60ed6343815e,exists,,yes
github.com/cboin1996/songbird,60ed6343815e,exists,pyproject.toml,yes
github.com/cboin1996/songbird,60ed6343815e,exists,uv.lock,yes
github.com/cboin1996/songbirdcore,0e7c8d7ffced,exists,GNUmakefile,no
github.com/cboin1996/songbirdcore,0e7c8d7ffced,exists,makefile,no
github.com/cboin1996/songbirdcore,0e7c8d7ffced,exists,Makefile,yes
github.com/cboin1996/songbirdcore,0e7c8d7ffced,exists,,yes
github.com/cboin1996/songbirdcore,0e7c8d7ffced,exists,pyproject.toml,yes
github.com/cboin1996/songbirdcore,0e7c8d7ffced,exists,uv.lock,yes
github.com/cedadev/nlds,53b1d6276c5e,exists,requirements.txt,yes
github.com/cedadev/nlds,53b1d6276c5e,exists,tests/requirements.txt,yes
github.com/cedadev/nlds,53b1d6276c5e,exists,,yes
github.com/cedadev/nlds,53b1d6276c5e,exists,pyproject.toml,no
github.com/cedadev/nlds,53b1d6276c5e,exists,setup.py,yes
github.com/cedadev/nlds,53b1d6276c5e,exists,setup.cfg,no
github.com/cgoldberg/githubtakeout,e6aa6b802336,exists,,yes
github.com/cgoldberg/githubtakeout,e6aa6b802336,exists,pyproject.toml,yes
github.com/cgoldberg/githubtakeout,e6aa6b802336,exists,setup.py,no
github.com/cgoldberg/githubtakeout,e6aa6b802336,exists,setup.cfg,no
github.com/cgwire/zou,e0cd18a35842,exists,requirements.txt,yes
github.com/cgwire/zou,e0cd18a35842,exists,,yes
github.com/cgwire/zou,e0cd18a35842,exists,pyproject.toml,yes
github.com/cgwire/zou,e0cd18a35842,exists,setup.py,yes
github.com/cgwire/zou,e0cd18a35842,exists,setup.cfg,yes
github.com/chaoss/grimoirelab,d1f039bb596c,exists,,yes
github.com/chaoss/grimoirelab,d1f039bb596c,exists,pyproject.toml,yes
github.com/chaoss/grimoirelab,d1f039bb596c,exists,src/grimoirelab-toolkit,yes
github.com/chaoss/grimoirelab,d1f039bb596c,exists,src/grimoirelab-toolkit/pyproject.toml,no
github.com/chaoss/grimoirelab,d1f039bb596c,exists,src/pyproject.toml,no
github.com/chaoss/grimoirelab,d1f039bb596c,exists,src/grimoirelab-kidash,yes
github.com/chaoss/grimoirelab,d1f039bb596c,exists,src/grimoirelab-kidash/pyproject.toml,no
github.com/chaoss/grimoirelab,d1f039bb596c,exists,src/grimoirelab-sortinghat,yes
github.com/chaoss/grimoirelab,d1f039bb596c,exists,src/grimoirelab-sortinghat/pyproject.toml,no
github.com/chaoss/grimoirelab,d1f039bb596c,exists,src/grimoirelab-cereslib,yes
github.com/chaoss/grimoirelab,d1f039bb596c,exists,src/grimoirelab-cereslib/pyproject.toml,no
github.com/chaoss/grimoirelab,d1f039bb596c,exists,src/grimoirelab-sigils,yes
github.com/chaoss/grimoirelab,d1f039bb596c,exists,src/grimoirelab-sigils/pyproject.toml,no
github.com/chaoss/grimoirelab,d1f039bb596c,exists,src/grimoirelab-perceval,yes
github.com/chaoss/grimoirelab,d1f039bb596c,exists,src/grimoirelab-perceval/pyproject.toml,no
github.com/chaoss/grimoirelab,d1f039bb596c,exists,src/grimoirelab-perceval-mozilla,yes
github.com/chaoss/grimoirelab,d1f039bb596c,exists,src/grimoirelab-perceval-mozilla/pyproject.toml,no
github.com/chaoss/grimoirelab,d1f039bb596c,exists,src/grimoirelab-perceval-opnfv,yes
github.com/chaoss/grimoirelab,d1f039bb596c,exists,src/grimoirelab-perceval-opnfv/pyproject.toml,no
github.com/chaoss/grimoirelab,d1f039bb596c,exists,src/grimoirelab-perceval-puppet,yes
github.com/chaoss/grimoirelab,d1f039bb596c,exists,src/grimoirelab-perceval-puppet/pyproject.toml,no
github.com/chaoss/grimoirelab,d1f039bb596c,exists,src/grimoirelab-perceval-weblate,yes
github.com/chaoss/grimoirelab,d1f039bb596c,exists,src/grimoirelab-perceval-weblate/pyproject.toml,no
github.com/chaoss/grimoirelab,d1f039bb596c,exists,src/grimoirelab-graal,yes
github.com/chaoss/grimoirelab,d1f039bb596c,exists,src/grimoirelab-graal/pyproject.toml,no
github.com/chaoss/grimoirelab,d1f039bb596c,exists,src/grimoirelab-elk,yes
github.com/chaoss/grimoirelab,d1f039bb596c,exists,src/grimoirelab-elk/pyproject.toml,no
github.com/chaoss/grimoirelab,d1f039bb596c,exists,src/grimoirelab-sirmordred,yes
github.com/chaoss/grimoirelab,d1f039bb596c,exists,src/grimoirelab-sirmordred/pyproject.toml,no
github.com/chaoss/grimoirelab,ec8739916528,exists,,yes
github.com/chaoss/grimoirelab,ec8739916528,exists,pyproject.toml,yes
github.com/chaoss/grimoirelab,ec8739916528,exists,src/grimoirelab-toolkit,yes
github.com/chaoss/grimoirelab,ec8739916528,exists,src/grimoirelab-toolkit/pyproject.toml,no
github.com/chaoss/grimoirelab,ec8739916528,exists,src/pyproject.toml,no
github.com/chaoss/grimoirelab,ec8739916528,exists,src/grimoirelab-kidash,yes
github.com/chaoss/grimoirelab,ec8739916528,exists,src/grimoirelab-kidash/pyproject.toml,no
github.com/chaoss/grimoirelab,ec8739916528,exists,src/grimoirelab-sortinghat,yes
github.com/chaoss/grimoirelab,ec8739916528,exists,src/grimoirelab-sortinghat/pyproject.toml,no
github.com/chaoss/grimoirelab,ec8739916528,exists,src/grimoirelab-cereslib,yes
github.com/chaoss/grimoirelab,ec8739916528,exists,src/grimoirelab-cereslib/pyproject.toml,no
github.com/chaoss/grimoirelab,ec8739916528,exists,src/grimoirelab-sigils,yes
github.com/chaoss/grimoirelab,ec8739916528,exists,src/grimoirelab-sigils/pyproject.toml,no
github.com/chaoss/grimoirelab,ec8739916528,exists,src/grimoirelab-perceval,yes
github.com/chaoss/grimoirelab,ec8739916528,exists,src/grimoirelab-perceval/pyproject.toml,no
github.com/chaoss/grimoirelab,ec8739916528,exists,src/grimoirelab-perceval-mozilla,yes
github.com/chaoss/grimoirelab,ec8739916528,exists,src/grimoirelab-perceval-mozilla/pyproject.toml,no
github.com/chaoss/grimoirelab,ec8739916528,exists,src/grimoirelab-perceval-opnfv,yes
github.com/chaoss/grimoirelab,ec8739916528,exists,src/grimoirelab-perceval-opnfv/pyproject.toml,no
github.com/chaoss/grimoirelab,ec8739916528,exists,src/grimoirelab-perceval-puppet,yes
github.com/chaoss/grimoirelab,ec8739916528,exists,src/grimoirelab-perceval-puppet/pyproject.toml,no
github.com/chaoss/grimoirelab,ec8739916528,exists,src/grimoirelab-perceval-weblate,yes
github.com/chaoss/grimoirelab,ec8739916528,exists,src/grimoirelab-perceval-weblate/pyproject.toml,no
github.com/chaoss/grimoirelab,ec8739916528,exists,src/grimoirelab-graal,yes
github.com/chaoss/grimoirelab,ec8739916528,exists,src/grimoirelab-graal/pyproject.toml,no
github.com/chaoss/grimoirelab,ec8739916528,exists,src/grimoirelab-elk,yes
github.com/chaoss/grimoirelab,ec8739916528,exists,src/grimoirelab-elk/pyproject.toml,no
github.com/chaoss/grimoirelab,ec8739916528,exists,src/grimoirelab-sirmordred,yes
github.com/chaoss/grimoirelab,ec8739916528,exists,src/grimoirelab-sirmordred/pyproject.toml,no
github.com/chaoss/grimoirelab,40876fffa809,exists,,yes
github.com/chaoss/grimoirelab,40876fffa809,exists,pyproject.toml,yes
github.com/chaoss/grimoirelab,40876fffa809,exists,src/grimoirelab-toolkit,yes
github.com/chaoss/grimoirelab,40876fffa809,exists,src/grimoirelab-toolkit/pyproject.toml,no
github.com/chaoss/grimoirelab,40876fffa809,exists,src/pyproject.toml,no
github.com/chaoss/grimoirelab,40876fffa809,exists,src/grimoirelab-kidash,yes
github.com/chaoss/grimoirelab,40876fffa809,exists,src/grimoirelab-kidash/pyproject.toml,no
github.com/chaoss/grimoirelab,40876fffa809,exists,src/grimoirelab-sortinghat,yes
github.com/chaoss/grimoirelab,40876fffa809,exists,src/grimoirelab-sortinghat/pyproject.toml,no
github.com/chaoss/grimoirelab,40876fffa809,exists,src/grimoirelab-cereslib,yes
github.com/chaoss/grimoirelab,40876fffa809,exists,src/grimoirelab-cereslib/pyproject.toml,no
github.com/chaoss/grimoirelab,40876fffa809,exists,src/grimoirelab-sigils,yes
github.com/chaoss/grimoirelab,40876fffa809,exists,src/grimoirelab-sigils/pyproject.toml,no
github.com/chaoss/grimoirelab,40876fffa809,exists,src/grimoirelab-perceval,yes
github.com/chaoss/grimoirelab,40876fffa809,exists,src/grimoirelab-perceval/pyproject.toml,no
github.com/chaoss/grimoirelab,40876fffa809,exists,src/grimoirelab-perceval-mozilla,yes
github.com/chaoss/grimoirelab,40876fffa809,exists,src/grimoirelab-perceval-mozilla/pyproject.toml,no
github.com/chaoss/grimoirelab,40876fffa809,exists,src/grimoirelab-perceval-opnfv,yes
github.com/chaoss/grimoirelab,40876fffa809,exists,src/grimoirelab-perceval-opnfv/pyproject.toml,no
github.com/chaoss/grimoirelab,40876fffa809,exists,src/grimoirelab-perceval-puppet,yes
github.com/chaoss/grimoirelab,40876fffa809,exists,src/grimoirelab-perceval-puppet/pyproject.toml,no
github.com/chaoss/grimoirelab,40876fffa809,exists,src/grimoirelab-perceval-weblate,yes
github.com/chaoss/grimoirelab,40876fffa809,exists,src/grimoirelab-perceval-weblate/pyproject.toml,no
github.com/chaoss/grimoirelab,40876fffa809,exists,src/grimoirelab-graal,yes
github.com/chaoss/grimoirelab,40876fffa809,exists,src/grimoirelab-graal/pyproject.toml,no
github.com/chaoss/grimoirelab,40876fffa809,exists,src/grimoirelab-elk,yes
github.com/chaoss/grimoirelab,40876fffa809,exists,src/grimoirelab-elk/pyproject.toml,no
github.com/chaoss/grimoirelab,40876fffa809,exists,src/grimoirelab-sirmordred,yes
github.com/chaoss/grimoirelab,40876fffa809,exists,src/grimoirelab-sirmordred/pyproject.toml,no
github.com/chaoss/grimoirelab,7b52eba56a76,exists,,yes
github.com/chaoss/grimoirelab,7b52eba56a76,exists,pyproject.toml,yes
github.com/chaoss/grimoirelab,7b52eba56a76,exists,src/grimoirelab-toolkit,yes
github.com/chaoss/grimoirelab,7b52eba56a76,exists,src/grimoirelab-toolkit/pyproject.toml,no
github.com/chaoss/grimoirelab,7b52eba56a76,exists,src/pyproject.toml,no
github.com/chaoss/grimoirelab,7b52eba56a76,exists,src/grimoirelab-kidash,yes
github.com/chaoss/grimoirelab,7b52eba56a76,exists,src/grimoirelab-kidash/pyproject.toml,no
github.com/chaoss/grimoirelab,7b52eba56a76,exists,src/grimoirelab-sortinghat,yes
github.com/chaoss/grimoirelab,7b52eba56a76,exists,src/grimoirelab-sortinghat/pyproject.toml,no
github.com/chaoss/grimoirelab,7b52eba56a76,exists,src/grimoirelab-cereslib,yes
github.com/chaoss/grimoirelab,7b52eba56a76,exists,src/grimoirelab-cereslib/pyproject.toml,no
github.com/chaoss/grimoirelab,7b52eba56a76,exists,src/grimoirelab-sigils,yes
github.com/chaoss/grimoirelab,7b52eba56a76,exists,src/grimoirelab-sigils/pyproject.toml,no
github.com/chaoss/grimoirelab,7b52eba56a76,exists,src/grimoirelab-perceval,yes
github.com/chaoss/grimoirelab,7b52eba56a76,exists,src/grimoirelab-perceval/pyproject.toml,no
github.com/chaoss/grimoirelab,7b52eba56a76,exists,src/grimoirelab-perceval-mozilla,yes
github.com/chaoss/grimoirelab,7b52eba56a76,exists,src/grimoirelab-perceval-mozilla/pyproject.toml,no
github.com/chaoss/grimoirelab,7b52eba56a76,exists,src/grimoirelab-perceval-opnfv,yes
github.com/chaoss/grimoirelab,7b52eba56a76,exists,src/grimoirelab-perceval-opnfv/pyproject.toml,no
github.com/chaoss/grimoirelab,7b52eba56a76,exists,src/grimoirelab-perceval-puppet,yes
github.com/chaoss/grimoirelab,7b52eba56a76,exists,src/grimoirelab-perceval-puppet/pyproject.toml,no
github.com/chaoss/grimoirelab,7b52eba56a76,exists,src/grimoirelab-perceval-weblate,yes
github.com/chaoss/grimoirelab,7b52eba56a76,exists,src/grimoirelab-perceval-weblate/pyproject.toml,no
github.com/chaoss/grimoirelab,7b52eba56a76,exists,src/grimoirelab-graal,yes
github.com/chaoss/grimoirelab,7b52eba56a76,exists,src/grimoirelab-graal/pyproject.toml,no
github.com/chaoss/grimoirelab,7b52eba56a76,exists,src/grimoirelab-elk,yes
github.com/chaoss/grimoirelab,7b52eba56a76,exists,src/grimoirelab-elk/pyproject.toml,no
github.com/chaoss/grimoirelab,7b52eba56a76,exists,src/grimoirelab-sirmordred,yes
github.com/chaoss/grimoirelab,7b52eba56a76,exists,src/grimoirelab-sirmordred/pyproject.toml,no
github.com/chaoss/grimoirelab,bb5ddfbf0344,exists,,yes
github.com/chaoss/grimoirelab,bb5ddfbf0344,exists,pyproject.toml,yes
github.com/chaoss/grimoirelab,bb5ddfbf0344,exists,src/grimoirelab-toolkit,yes
github.com/chaoss/grimoirelab,bb5ddfbf0344,exists,src/grimoirelab-toolkit/pyproject.toml,no
github.com/chaoss/grimoirelab,bb5ddfbf0344,exists,src/pyproject.toml,no
github.com/chaoss/grimoirelab,bb5ddfbf0344,exists,src/grimoirelab-kidash,yes
github.com/chaoss/grimoirelab,bb5ddfbf0344,exists,src/grimoirelab-kidash/pyproject.toml,no
github.com/chaoss/grimoirelab,bb5ddfbf0344,exists,src/grimoirelab-sortinghat,yes
github.com/chaoss/grimoirelab,bb5ddfbf0344,exists,src/grimoirelab-sortinghat/pyproject.toml,no
github.com/chaoss/grimoirelab,bb5ddfbf0344,exists,src/grimoirelab-cereslib,yes
github.com/chaoss/grimoirelab,bb5ddfbf0344,exists,src/grimoirelab-cereslib/pyproject.toml,no
github.com/chaoss/grimoirelab,bb5ddfbf0344,exists,src/grimoirelab-sigils,yes
github.com/chaoss/grimoirelab,bb5ddfbf0344,exists,src/grimoirelab-sigils/pyproject.toml,no
github.com/chaoss/grimoirelab,bb5ddfbf0344,exists,src/grimoirelab-perceval,yes
github.com/chaoss/grimoirelab,bb5ddfbf0344,exists,src/grimoirelab-perceval/pyproject.toml,no
github.com/chaoss/grimoirelab,bb5ddfbf0344,exists,src/grimoirelab-perceval-mozilla,yes
github.com/chaoss/grimoirelab,bb5ddfbf0344,exists,src/grimoirelab-perceval-mozilla/pyproject.toml,no
github.com/chaoss/grimoirelab,bb5ddfbf0344,exists,src/grimoirelab-perceval-opnfv,yes
github.com/chaoss/grimoirelab,bb5ddfbf0344,exists,src/grimoirelab-perceval-opnfv/pyproject.toml,no
github.com/chaoss/grimoirelab,bb5ddfbf0344,exists,src/grimoirelab-perceval-puppet,yes
github.com/chaoss/grimoirelab,bb5ddfbf0344,exists,src/grimoirelab-perceval-puppet/pyproject.toml,no
github.com/chaoss/grimoirelab,bb5ddfbf0344,exists,src/grimoirelab-perceval-weblate,yes
github.com/chaoss/grimoirelab,bb5ddfbf0344,exists,src/grimoirelab-perceval-weblate/pyproject.toml,no
github.com/chaoss/grimoirelab,bb5ddfbf0344,exists,src/grimoirelab-graal,yes
github.com/chaoss/grimoirelab,bb5ddfbf0344,exists,src/grimoirelab-graal/pyproject.toml,no
github.com/chaoss/grimoirelab,bb5ddfbf0344,exists,src/grimoirelab-elk,yes
github.com/chaoss/grimoirelab,bb5ddfbf0344,exists,src/grimoirelab-elk/pyproject.toml,no
github.com/chaoss/grimoirelab,bb5ddfbf0344,exists,src/grimoirelab-sirmordred,yes
github.com/chaoss/grimoirelab,bb5ddfbf0344,exists,src/grimoirelab-sirmordred/pyproject.toml,no
github.com/chaoss/grimoirelab,04ac551c8886,exists,,yes
github.com/chaoss/grimoirelab,04ac551c8886,exists,pyproject.toml,yes
github.com/chaoss/grimoirelab,04ac551c8886,exists,src/grimoirelab-toolkit,yes
github.com/chaoss/grimoirelab,04ac551c8886,exists,src/grimoirelab-toolkit/pyproject.toml,no
github.com/chaoss/grimoirelab,04ac551c8886,exists,src/pyproject.toml,no
github.com/chaoss/grimoirelab,04ac551c8886,exists,src/grimoirelab-kidash,yes
github.com/chaoss/grimoirelab,04ac551c8886,exists,src/grimoirelab-kidash/pyproject.toml,no
github.com/chaoss/grimoirelab,04ac551c8886,exists,src/grimoirelab-sortinghat,yes
github.com/chaoss/grimoirelab,04ac551c8886,exists,src/grimoirelab-sortinghat/pyproject.toml,no
github.com/chaoss/grimoirelab,04ac551c8886,exists,src/grimoirelab-cereslib,yes
github.com/chaoss/grimoirelab,04ac551c8886,exists,src/grimoirelab-cereslib/pyproject.toml,no
github.com/chaoss/grimoirelab,04ac551c8886,exists,src/grimoirelab-sigils,yes
github.com/chaoss/grimoirelab,04ac551c8886,exists,src/grimoirelab-sigils/pyproject.toml,no
github.com/chaoss/grimoirelab,04ac551c8886,exists,src/grimoirelab-perceval,yes
github.com/chaoss/grimoirelab,04ac551c8886,exists,src/grimoirelab-perceval/pyproject.toml,no
github.com/chaoss/grimoirelab,04ac551c8886,exists,src/grimoirelab-perceval-mozilla,yes
github.com/chaoss/grimoirelab,04ac551c8886,exists,src/grimoirelab-perceval-mozilla/pyproject.toml,no
github.com/chaoss/grimoirelab,04ac551c8886,exists,src/grimoirelab-perceval-opnfv,yes
github.com/chaoss/grimoirelab,04ac551c8886,exists,src/grimoirelab-perceval-opnfv/pyproject.toml,no
github.com/chaoss/grimoirelab,04ac551c8886,exists,src/grimoirelab-perceval-puppet,yes
github.com/chaoss/grimoirelab,04ac551c8886,exists,src/grimoirelab-perceval-puppet/pyproject.toml,no
github.com/chaoss/grimoirelab,04ac551c8886,exists,src/grimoirelab-perceval-weblate,yes
github.com/chaoss/grimoirelab,04ac551c8886,exists,src/grimoirelab-perceval-weblate/pyproject.toml,no
github.com/chaoss/grimoirelab,04ac551c8886,exists,src/grimoirelab-graal,yes
github.com/chaoss/grimoirelab,04ac551c8886,exists,src/grimoirelab-graal/pyproject.toml,no
github.com/chaoss/grimoirelab,04ac551c8886,exists,src/grimoirelab-elk,yes
github.com/chaoss/grimoirelab,04ac551c8886,exists,src/grimoirelab-elk/pyproject.toml,no
github.com/chaoss/grimoirelab,04ac551c8886,exists,src/grimoirelab-sirmordred,yes
github.com/chaoss/grimoirelab,04ac551c8886,exists,src/grimoirelab-sirmordred/pyproject.toml,no
github.com/charles-001/dolphie,af4e21fae151,exists,,yes
github.com/charles-001/dolphie,af4e21fae151,exists,pyproject.toml,yes
github.com/charles-001/dolphie,af4e21fae151,exists,poetry.lock,yes
github.com/chenglinpoly/multi-level-agent,ac97e4661597,exists,,yes
github.com/chenglinpoly/multi-level-agent,ac97e4661597,exists,pyproject.toml,yes
github.com/chenglinpoly/multi-level-agent,ac97e4661597,exists,setup.py,yes
github.com/chenglinpoly/multi-level-agent,ac97e4661597,exists,setup.cfg,no
github.com/cloud-custodian/cloud-custodian,4f993c341361,exists,.github/composites/install/action.yml,no
github.com/cloud-custodian/cloud-custodian,4f993c341361,exists,.github/composites/install/action.yaml,yes
github.com/cloud-custodian/cloud-custodian,4f993c341361,exists,.github/composites/docs-publish/action.yml,no
github.com/cloud-custodian/cloud-custodian,4f993c341361,exists,.github/composites/docs-publish/action.yaml,yes
github.com/cloud-custodian/cloud-custodian,4f993c341361,exists,.github/composites/docker-build-push/action.yml,no
github.com/cloud-custodian/cloud-custodian,4f993c341361,exists,.github/composites/docker-build-push/action.yaml,yes
github.com/cloud-custodian/cloud-custodian,4f993c341361,exists,,yes
github.com/cloud-custodian/cloud-custodian,4f993c341361,exists,pyproject.toml,yes
github.com/cloud-custodian/cloud-custodian,4f993c341361,exists,uv.lock,yes
github.com/cloud-custodian/cloud-custodian,4f993c341361,exists,GNUmakefile,no
github.com/cloud-custodian/cloud-custodian,4f993c341361,exists,makefile,no
github.com/cloud-custodian/cloud-custodian,4f993c341361,exists,Makefile,yes
github.com/cloud-custodian/cloud-custodian,4f993c341361,exists,<(,no
github.com/cloud-custodian/cloud-custodian,4f993c341361,exists,actionlint,no
github.com/cloud-custodian/cloud-custodian,4f993c341361,exists,docs/Makefile.sphinx,yes
github.com/cloud-custodian/cloud-custodian,4f993c341361,exists,tools/dev/staging-auth.sh,yes
github.com/cloud-custodian/cloud-custodian,4f993c341361,exists,wheels-manifest.txt,no
github.com/cloud-custodian/cloud-custodian,d3b885e57a0d,exists,.github/composites/install/action.yml,no
github.com/cloud-custodian/cloud-custodian,d3b885e57a0d,exists,.github/composites/install/action.yaml,yes
github.com/cloud-custodian/cloud-custodian,d3b885e57a0d,exists,.github/composites/docs-publish/action.yml,no
github.com/cloud-custodian/cloud-custodian,d3b885e57a0d,exists,.github/composites/docs-publish/action.yaml,yes
github.com/cloud-custodian/cloud-custodian,d3b885e57a0d,exists,.github/composites/docker-build-push/action.yml,no
github.com/cloud-custodian/cloud-custodian,d3b885e57a0d,exists,.github/composites/docker-build-push/action.yaml,yes
github.com/cloud-custodian/cloud-custodian,d3b885e57a0d,exists,,yes
github.com/cloud-custodian/cloud-custodian,d3b885e57a0d,exists,pyproject.toml,yes
github.com/cloud-custodian/cloud-custodian,d3b885e57a0d,exists,uv.lock,yes
github.com/cloud-custodian/cloud-custodian,d3b885e57a0d,exists,GNUmakefile,no
github.com/cloud-custodian/cloud-custodian,d3b885e57a0d,exists,makefile,no
github.com/cloud-custodian/cloud-custodian,d3b885e57a0d,exists,Makefile,yes
github.com/cloud-custodian/cloud-custodian,d3b885e57a0d,exists,<(,no
github.com/cloud-custodian/cloud-custodian,d3b885e57a0d,exists,actionlint,no
github.com/cloud-custodian/cloud-custodian,d3b885e57a0d,exists,docs/Makefile.sphinx,yes
github.com/cloud-custodian/cloud-custodian,d3b885e57a0d,exists,tools/dev/staging-auth.sh,yes
github.com/cloud-custodian/cloud-custodian,d3b885e57a0d,exists,wheels-manifest.txt,no
github.com/cloud-custodian/cloud-custodian,cdd88529d6ec,exists,.github/composites/install/action.yml,no
github.com/cloud-custodian/cloud-custodian,cdd88529d6ec,exists,.github/composites/install/action.yaml,yes
github.com/cloud-custodian/cloud-custodian,cdd88529d6ec,exists,.github/composites/docs-publish/action.yml,no
github.com/cloud-custodian/cloud-custodian,cdd88529d6ec,exists,.github/composites/docs-publish/action.yaml,yes
github.com/cloud-custodian/cloud-custodian,cdd88529d6ec,exists,.github/composites/docker-build-push/action.yml,no
github.com/cloud-custodian/cloud-custodian,cdd88529d6ec,exists,.github/composites/docker-build-push/action.yaml,yes
github.com/cloud-custodian/cloud-custodian,cdd88529d6ec,exists,,yes
github.com/cloud-custodian/cloud-custodian,cdd88529d6ec,exists,pyproject.toml,yes
github.com/cloud-custodian/cloud-custodian,cdd88529d6ec,exists,uv.lock,yes
github.com/cloud-custodian/cloud-custodian,cdd88529d6ec,exists,GNUmakefile,no
github.com/cloud-custodian/cloud-custodian,cdd88529d6ec,exists,makefile,no
github.com/cloud-custodian/cloud-custodian,cdd88529d6ec,exists,Makefile,yes
github.com/cloud-custodian/cloud-custodian,cdd88529d6ec,exists,<(,no
github.com/cloud-custodian/cloud-custodian,cdd88529d6ec,exists,actionlint,no
github.com/cloud-custodian/cloud-custodian,cdd88529d6ec,exists,tools/c7n_awscc,yes
github.com/cloud-custodian/cloud-custodian,cdd88529d6ec,exists,tools/c7n_awscc/pyproject.toml,yes
github.com/cloud-custodian/cloud-custodian,cdd88529d6ec,exists,tools/pyproject.toml,no
github.com/cloud-custodian/cloud-custodian,cdd88529d6ec,exists,docs/Makefile.sphinx,yes
github.com/cloud-custodian/cloud-custodian,cdd88529d6ec,exists,tools/dev/staging-auth.sh,yes
github.com/cloud-custodian/cloud-custodian,cdd88529d6ec,exists,wheels-manifest.txt,no
github.com/codelibs/recotem,b4d6b95a1c41,exists,,yes
github.com/codelibs/recotem,b4d6b95a1c41,exists,pyproject.toml,yes
github.com/codelibs/recotem,b4d6b95a1c41,exists,uv.lock,yes
github.com/codelibs/recotem,b4d6b95a1c41,exists,setup.py,no
github.com/codelibs/recotem,b4d6b95a1c41,exists,setup.cfg,no
github.com/codenerix/codenerix-lib,644c1114757f,exists,GNUmakefile,no
github.com/codenerix/codenerix-lib,644c1114757f,exists,makefile,no
github.com/codenerix/codenerix-lib,644c1114757f,exists,Makefile,yes
github.com/codenerix/codenerix-lib,644c1114757f,exists,requirements-dev.txt,yes
github.com/control-hub/python-package,7e55905886d7,exists,requirements.txt,yes
github.com/cowofevil/flask-ligand,ad1b73f9655c,exists,,yes
github.com/cowofevil/flask-ligand,ad1b73f9655c,exists,pyproject.toml,yes
github.com/cowofevil/flask-ligand,ad1b73f9655c,exists,hatch.toml,no
github.com/cowofevil/flask-ligand,ad1b73f9655c,exists,setup.py,no
github.com/cowofevil/flask-ligand,ad1b73f9655c,exists,setup.cfg,no
github.com/cowofevil/flask-ligand,ad1b73f9655c,exists,tox.ini,no
github.com/cowofevil/flask-ligand,ad1b73f9655c,exists,tox.toml,no
github.com/cowrie/cowrie,5e930f9181ea,exists,,yes
github.com/cowrie/cowrie,5e930f9181ea,exists,pyproject.toml,yes
github.com/cowrie/cowrie,5e930f9181ea,exists,setup.py,no
github.com/cowrie/cowrie,5e930f9181ea,exists,setup.cfg,no
github.com/cowrie/cowrie,5e930f9181ea,exists,tox.ini,no
github.com/cowrie/cowrie,5e930f9181ea,exists,tox.toml,no
github.com/cowrie/cowrie,5e930f9181ea,exists,docs,yes
github.com/cowrie/cowrie,5e930f9181ea,exists,docs/pyproject.toml,no
github.com/cowrie/cowrie,5e930f9181ea,exists,docs/setup.py,no
github.com/cowrie/cowrie,5e930f9181ea,exists,docs/setup.cfg,no
github.com/cowrie/cowrie,5e930f9181ea,exists,GNUmakefile,no
github.com/cowrie/cowrie,5e930f9181ea,exists,makefile,no
github.com/cowrie/cowrie,5e930f9181ea,exists,Makefile,yes
github.com/cubert-hyperspectral/cuvis-ai,02b63ac2a7f8,exists,,yes
github.com/cubert-hyperspectral/cuvis-ai,02b63ac2a7f8,exists,pyproject.toml,yes
github.com/cubert-hyperspectral/cuvis-ai,02b63ac2a7f8,exists,uv.lock,yes
github.com/cyberbuff/atomic-red-team-mcp,8411aba60b26,exists,,yes
github.com/cyberbuff/atomic-red-team-mcp,8411aba60b26,exists,pyproject.toml,yes
github.com/cyberbuff/atomic-red-team-mcp,8411aba60b26,exists,uv.lock,yes
github.com/cyberbuff/atomic-red-team-mcp,8411aba60b26,exists,setup.py,no
github.com/cyberbuff/atomic-red-team-mcp,8411aba60b26,exists,setup.cfg,no
github.com/cytomine/cytomine,a7606a557c53,exists,.github/actions/load-versions/action.yml,no
github.com/cytomine/cytomine,a7606a557c53,exists,.github/actions/load-versions/action.yaml,yes
github.com/cytomine/cytomine,a7606a557c53,exists,cbir,yes
github.com/cytomine/cytomine,a7606a557c53,exists,cbir/pyproject.toml,yes
github.com/cytomine/cytomine,a7606a557c53,exists,pyproject.toml,yes
github.com/cytomine/cytomine,a7606a557c53,exists,cbir/uv.lock,yes
github.com/cytomine/cytomine,a7606a557c53,exists,pims,yes
github.com/cytomine/cytomine,a7606a557c53,exists,pims/pyproject.toml,yes
github.com/cytomine/cytomine,a7606a557c53,exists,pims/uv.lock,yes
github.com/cytomine/cytomine,a7606a557c53,exists,sam,yes
github.com/cytomine/cytomine,a7606a557c53,exists,sam/pyproject.toml,yes
github.com/cytomine/cytomine,a7606a557c53,exists,sam/uv.lock,yes
github.com/cytomine/cytomine,a7606a557c53,exists,GNUmakefile,no
github.com/cytomine/cytomine,a7606a557c53,exists,makefile,no
github.com/cytomine/cytomine,a7606a557c53,exists,Makefile,yes
github.com/dais-project/dais-sdk,803c042200db,exists,,yes
github.com/dais-project/dais-sdk,803c042200db,exists,pyproject.toml,yes
github.com/dais-project/dais-sdk,803c042200db,exists,uv.lock,yes
github.com/dana-id/dana-python,00dd30a56e9e,exists,requirements.txt,yes
github.com/dana-id/dana-python,00dd30a56e9e,exists,test-requirements.txt,yes
github.com/dana-id/dana-python,00dd30a56e9e,exists,,yes
github.com/dana-id/dana-python,00dd30a56e9e,exists,pyproject.toml,yes
github.com/dana-id/dana-python,00dd30a56e9e,exists,poetry.lock,no
github.com/databiosphere/terra-scientific-pipelines-service-cli,a62d7c14debd,exists,.github/actions/bump-skip/action.yml,yes
github.com/databiosphere/terra-scientific-pipelines-service-cli,a62d7c14debd,exists,.github/actions/create-bee/action.yml,yes
github.com/databiosphere/terra-scientific-pipelines-service-cli,a62d7c14debd,exists,,yes
github.com/databiosphere/terra-scientific-pipelines-service-cli,a62d7c14debd,exists,pyproject.toml,yes
github.com/databiosphere/terra-scientific-pipelines-service-cli,a62d7c14debd,exists,poetry.lock,yes
github.com/dbsmedya/dbs-vector,522fccecdd73,exists,,yes
github.com/dbsmedya/dbs-vector,522fccecdd73,exists,pyproject.toml,yes
github.com/dbsmedya/dbs-vector,522fccecdd73,exists,uv.lock,yes
github.com/dbt-labs/dbt-mcp,df1e8ea1a115,exists,.github/actions/setup-python/action.yml,yes
github.com/dbt-labs/dbt-mcp,df1e8ea1a115,exists,.github/actions/setup-mcpb/action.yml,yes
github.com/dbt-labs/dbt-mcp,df1e8ea1a115,exists,,yes
github.com/dbt-labs/dbt-mcp,df1e8ea1a115,exists,pyproject.toml,yes
github.com/dbt-labs/dbt-mcp,df1e8ea1a115,exists,uv.lock,yes
github.com/ddeutils/ddeutil-observe,ee7c2f68cfb1,exists,,yes
github.com/ddeutils/ddeutil-observe,ee7c2f68cfb1,exists,pyproject.toml,yes
github.com/ddeutils/ddeutil-observe,ee7c2f68cfb1,exists,setup.py,no
github.com/ddeutils/ddeutil-observe,ee7c2f68cfb1,exists,setup.cfg,no
github.com/deepsense-ai/ragbits,9432ffdc3bb0,exists,,yes
github.com/deepsense-ai/ragbits,9432ffdc3bb0,exists,pyproject.toml,yes
github.com/deepsense-ai/ragbits,9432ffdc3bb0,exists,uv.lock,yes
github.com/deepsense-ai/ragbits,9432ffdc3bb0,exists,.github/scripts/check_changelog_update.sh,yes
github.com/deepsense-ai/ragbits,9432ffdc3bb0,exists,.github/scripts/check_source_changes.sh,yes
github.com/deepsense-ai/ragbits,9432ffdc3bb0,exists,.github/scripts/list_examples.sh,yes
github.com/deepsense-ai/ragbits,9432ffdc3bb0,exists,.github/scripts/example_cache.sh,yes
github.com/deepsense-ai/ragbits,9432ffdc3bb0,exists,.github/scripts/run_single_example.sh,yes
github.com/deepsense-ai/ragbits,9432ffdc3bb0,exists,.github/scripts/check_examples.sh,yes
github.com/derwenai/strwythura,2b57f856aa37,exists,,yes
github.com/derwenai/strwythura,2b57f856aa37,exists,pyproject.toml,yes
github.com/derwenai/strwythura,2b57f856aa37,exists,poetry.lock,yes
github.com/devinosolutions/stealth-chrome-devtools-mcp,64a822a54e22,exists,,yes
github.com/devinosolutions/stealth-chrome-devtools-mcp,64a822a54e22,exists,pyproject.toml,yes
github.com/devinosolutions/stealth-chrome-devtools-mcp,64a822a54e22,exists,uv.lock,yes
github.com/devinosolutions/stealth-chrome-devtools-mcp,dd04fd0d104d,exists,,yes
github.com/devinosolutions/stealth-chrome-devtools-mcp,dd04fd0d104d,exists,pyproject.toml,yes
github.com/devinosolutions/stealth-chrome-devtools-mcp,dd04fd0d104d,exists,uv.lock,yes
github.com/e2e-test-quest/uuv,870783abbca8,exists,.github/actions/nx-run-many/action.yml,yes
github.com/e2e-test-quest/uuv,870783abbca8,exists,.github/actions/nx-test-web-runner/action.yml,yes
github.com/e2e-test-quest/uuv,870783abbca8,exists,.github/actions/nx-test-flutter-runner/action.yml,yes
github.com/e2e-test-quest/uuv,870783abbca8,exists,tests/integration/integration-tests-runner-cypress.sh,yes
github.com/e2e-test-quest/uuv,870783abbca8,exists,tests/integration/functions.sh,yes
github.com/e2e-test-quest/uuv,870783abbca8,exists,tests/integration/integration-tests-runner-playwright.sh,yes
github.com/e2e-test-quest/uuv,ededde954f4e,exists,.github/actions/nx-run-many/action.yml,yes
github.com/e2e-test-quest/uuv,ededde954f4e,exists,.github/actions/nx-test-web-runner/action.yml,yes
github.com/e2e-test-quest/uuv,ededde954f4e,exists,.github/actions/nx-test-flutter-runner/action.yml,yes
github.com/e2e-test-quest/uuv,ededde954f4e,exists,tests/integration/integration-tests-runner-cypress.sh,yes
github.com/e2e-test-quest/uuv,ededde954f4e,exists,tests/integration/functions.sh,yes
github.com/e2e-test-quest/uuv,ededde954f4e,exists,tests/integration/integration-tests-runner-playwright.sh,yes
github.com/e2e-test-quest/uuv,ff614049a23c,exists,.github/actions/nx-run-many/action.yml,yes
github.com/e2e-test-quest/uuv,ff614049a23c,exists,.github/actions/nx-test-web-runner/action.yml,yes
github.com/e2e-test-quest/uuv,ff614049a23c,exists,.github/actions/nx-test-flutter-runner/action.yml,yes
github.com/e2e-test-quest/uuv,ff614049a23c,exists,tests/integration/integration-tests-runner-cypress.sh,yes
github.com/e2e-test-quest/uuv,ff614049a23c,exists,tests/integration/functions.sh,yes
github.com/e2e-test-quest/uuv,ff614049a23c,exists,tests/integration/integration-tests-runner-playwright.sh,yes
github.com/ed-fi-exchange-oss/lms-toolkit,b1266b721cba,exists,src/canvas-extractor,yes
github.com/ed-fi-exchange-oss/lms-toolkit,b1266b721cba,exists,src/canvas-extractor/pyproject.toml,yes
github.com/ed-fi-exchange-oss/lms-toolkit,b1266b721cba,exists,src/canvas-extractor/poetry.lock,yes
github.com/ed-fi-exchange-oss/lms-toolkit,b1266b721cba,exists,src/extractor-lib,yes
github.com/ed-fi-exchange-oss/lms-toolkit,b1266b721cba,exists,src/extractor-lib/pyproject.toml,yes
github.com/ed-fi-exchange-oss/lms-toolkit,b1266b721cba,exists,src/extractor-lib/poetry.lock,yes
github.com/ed-fi-exchange-oss/lms-toolkit,b1266b721cba,exists,src/file-utils,yes
github.com/ed-fi-exchange-oss/lms-toolkit,b1266b721cba,exists,src/file-utils/pyproject.toml,yes
github.com/ed-fi-exchange-oss/lms-toolkit,b1266b721cba,exists,src/file-utils/poetry.lock,yes
github.com/ed-fi-exchange-oss/lms-toolkit,b1266b721cba,exists,src/google-classroom-extractor,yes
github.com/ed-fi-exchange-oss/lms-toolkit,b1266b721cba,exists,src/google-classroom-extractor/pyproject.toml,yes
github.com/ed-fi-exchange-oss/lms-toolkit,b1266b721cba,exists,src/google-classroom-extractor/poetry.lock,yes
github.com/ed-fi-exchange-oss/lms-toolkit,b1266b721cba,exists,src/lms-ds-loader,yes
github.com/ed-fi-exchange-oss/lms-toolkit,b1266b721cba,exists,src/lms-ds-loader/pyproject.toml,yes
github.com/ed-fi-exchange-oss/lms-toolkit,b1266b721cba,exists,src/lms-ds-loader/poetry.lock,yes
github.com/ed-fi-exchange-oss/lms-toolkit,b1266b721cba,exists,src/lms-harmonizer,yes
github.com/ed-fi-exchange-oss/lms-toolkit,b1266b721cba,exists,src/lms-harmonizer/pyproject.toml,yes
github.com/ed-fi-exchange-oss/lms-toolkit,b1266b721cba,exists,src/lms-harmonizer/poetry.lock,yes
github.com/ed-fi-exchange-oss/lms-toolkit,b1266b721cba,exists,src/schoology-extractor,yes
github.com/ed-fi-exchange-oss/lms-toolkit,b1266b721cba,exists,src/schoology-extractor/pyproject.toml,yes
github.com/ed-fi-exchange-oss/lms-toolkit,b1266b721cba,exists,src/schoology-extractor/poetry.lock,yes
github.com/ed-fi-exchange-oss/lms-toolkit,b1266b721cba,exists,src/sql-adapter,yes
github.com/ed-fi-exchange-oss/lms-toolkit,b1266b721cba,exists,src/sql-adapter/pyproject.toml,yes
github.com/ed-fi-exchange-oss/lms-toolkit,b1266b721cba,exists,src/sql-adapter/poetry.lock,yes
github.com/edalita/chameleoniq,690407dec159,exists,,yes
github.com/edalita/chameleoniq,690407dec159,exists,tox.ini,yes
github.com/edalita/chameleoniq,690407dec159,exists,requirements_dev.txt,yes
github.com/edalita/chameleoniq,690407dec159,exists,pyproject.toml,yes
github.com/edalita/chameleoniq,690407dec159,exists,setup.py,yes
github.com/edalita/chameleoniq,690407dec159,exists,setup.cfg,yes
github.com/edumfa/edumfa,2d58e085c6c6,exists,,yes
github.com/edumfa/edumfa,2d58e085c6c6,exists,pyproject.toml,yes
github.com/edumfa/edumfa,2d58e085c6c6,exists,uv.lock,yes
github.com/edumfa/edumfa,2d58e085c6c6,exists,doc/GNUmakefile,no
github.com/edumfa/edumfa,2d58e085c6c6,exists,doc/makefile,no
github.com/edumfa/edumfa,2d58e085c6c6,exists,doc/Makefile,yes
github.com/edumfa/edumfa,2d58e085c6c6,exists,doc,yes
github.com/edumfa/edumfa,2d58e085c6c6,exists,doc/pyproject.toml,no
github.com/edumfa/edumfa,2d58e085c6c6,exists,doc/_build/html,no
github.com/edumfa/edumfa,2d58e085c6c6,exists,GNUmakefile,no
github.com/edumfa/edumfa,2d58e085c6c6,exists,makefile,no
github.com/edumfa/edumfa,2d58e085c6c6,exists,Makefile,yes
github.com/edumfa/edumfa,2d58e085c6c6,exists,edumfa,yes
github.com/edumfa/edumfa,2d58e085c6c6,exists,edumfa/pyproject.toml,no
github.com/eeems/remarkable-update-image,41c4479c93f1,exists,GNUmakefile,no
github.com/eeems/remarkable-update-image,41c4479c93f1,exists,makefile,no
github.com/eeems/remarkable-update-image,41c4479c93f1,exists,Makefile,yes
github.com/eeems/remarkable-update-image,41c4479c93f1,exists,requirements.txt,yes
github.com/eeems/remarkable-update-image,6589fc9d80aa,exists,GNUmakefile,no
github.com/eeems/remarkable-update-image,6589fc9d80aa,exists,makefile,no
github.com/eeems/remarkable-update-image,6589fc9d80aa,exists,Makefile,yes
github.com/egnyte/cloudimized,4ab9e9e85187,exists,,yes
github.com/egnyte/cloudimized,4ab9e9e85187,exists,pyproject.toml,no
github.com/egnyte/cloudimized,4ab9e9e85187,exists,setup.py,yes
github.com/egnyte/cloudimized,4ab9e9e85187,exists,setup.cfg,yes
github.com/emcek/dcspy,b3f1a0d9e602,exists,.github/actions/setup-python/action.yml,no
github.com/emcek/dcspy,b3f1a0d9e602,exists,.github/actions/setup-python/action.yaml,yes
github.com/emcek/dcspy,b3f1a0d9e602,exists,,yes
github.com/emcek/dcspy,b3f1a0d9e602,exists,pyproject.toml,yes
github.com/emcek/dcspy,b3f1a0d9e602,exists,uv.lock,no
github.com/emcek/dcspy,746f63d8821a,exists,.github/actions/setup-python/action.yml,no
github.com/emcek/dcspy,746f63d8821a,exists,.github/actions/setup-python/action.yaml,yes
github.com/emcek/dcspy,746f63d8821a,exists,,yes
github.com/emcek/dcspy,746f63d8821a,exists,pyproject.toml,yes
github.com/emcek/dcspy,746f63d8821a,exists,uv.lock,no
github.com/emilien-mipt/spam_classifier,a409dcc50b7e,exists,,yes
github.com/emilien-mipt/spam_classifier,a409dcc50b7e,exists,pyproject.toml,yes
github.com/emilien-mipt/spam_classifier,a409dcc50b7e,exists,setup.py,no
github.com/emilien-mipt/spam_classifier,a409dcc50b7e,exists,setup.cfg,no
github.com/emilien-mipt/spam_classifier,a409dcc50b7e,exists,uv.lock,yes
github.com/emilien-mipt/spam_classifier,a409dcc50b7e,exists,GNUmakefile,no
github.com/emilien-mipt/spam_classifier,a409dcc50b7e,exists,makefile,no
github.com/emilien-mipt/spam_classifier,a409dcc50b7e,exists,Makefile,yes
github.com/entelecheia/intronlp-2024,946f3b37e7ad,exists,.github/scripts/free-disk-space.sh,yes
github.com/entelecheia/intronlp-2024,946f3b37e7ad,exists,,yes
github.com/entelecheia/intronlp-2024,946f3b37e7ad,exists,pyproject.toml,yes
github.com/entelecheia/intronlp-2024,946f3b37e7ad,exists,setup.py,no
github.com/entelecheia/intronlp-2024,946f3b37e7ad,exists,setup.cfg,no
github.com/entelecheia/intronlp-2024,946f3b37e7ad,exists,book/requirements.txt,yes
github.com/entelecheia/intronlp-2024,946f3b37e7ad,exists,book/_scripts/build.sh,yes
github.com/entelecheia/intronlp-2024,946f3b37e7ad,exists,book/_scripts/preprocessing.sh,yes
github.com/entelecheia/intronlp-2024,946f3b37e7ad,exists,book/_scripts/postprocessing.sh,yes
github.com/entelecheia/intronlp-2024,946f3b37e7ad,exists,GNUmakefile,no
github.com/entelecheia/intronlp-2024,946f3b37e7ad,exists,makefile,no
github.com/entelecheia/intronlp-2024,946f3b37e7ad,exists,Makefile,yes
github.com/eputnam77/docreview360,c5147e2e1445,exists,,yes
github.com/eputnam77/docreview360,c5147e2e1445,exists,pyproject.toml,yes
github.com/eputnam77/docreview360,c5147e2e1445,exists,poetry.lock,yes
github.com/eputnam77/docreview360,c5147e2e1445,exists,setup.py,yes
github.com/eputnam77/docreview360,c5147e2e1445,exists,setup.cfg,no
github.com/eputnam77/docreview360,b8fc1a7a7f39,exists,,yes
github.com/eputnam77/docreview360,b8fc1a7a7f39,exists,pyproject.toml,yes
github.com/eputnam77/docreview360,b8fc1a7a7f39,exists,poetry.lock,yes
github.com/eputnam77/docreview360,b8fc1a7a7f39,exists,setup.py,yes
github.com/eputnam77/docreview360,b8fc1a7a7f39,exists,setup.cfg,no
github.com/eputnam77/docreview360,4b42b90133fd,exists,,yes
github.com/eputnam77/docreview360,4b42b90133fd,exists,pyproject.toml,yes
github.com/eputnam77/docreview360,4b42b90133fd,exists,poetry.lock,yes
github.com/eputnam77/docreview360,4b42b90133fd,exists,setup.py,yes
github.com/eputnam77/docreview360,4b42b90133fd,exists,setup.cfg,no
github.com/esphome/esphome,30c8c6870383,exists,.github/actions/restore-python/action.yml,yes
github.com/esphome/esphome,30c8c6870383,exists,.github/actions/build-image/action.yml,no
github.com/esphome/esphome,30c8c6870383,exists,.github/actions/build-image/action.yaml,yes
github.com/esphome/esphome,30c8c6870383,exists,requirements_dev.txt,yes
github.com/esphome/esphome,30c8c6870383,exists,requirements.txt,yes
github.com/esphome/esphome,30c8c6870383,exists,requirements_test.txt,yes
github.com/esphome/esphome,30c8c6870383,exists,,yes
github.com/esphome/esphome,30c8c6870383,exists,pyproject.toml,yes
github.com/esphome/esphome,30c8c6870383,exists,setup.py,no
github.com/esphome/esphome,30c8c6870383,exists,setup.cfg,no
github.com/esphome/esphome,30c8c6870383,exists,lib/home-assistant,no
github.com/esphome/esphome,a075f63b59c6,exists,.github/actions/restore-python/action.yml,yes
github.com/esphome/esphome,a075f63b59c6,exists,.github/actions/build-image/action.yml,no
github.com/esphome/esphome,a075f63b59c6,exists,.github/actions/build-image/action.yaml,yes
github.com/esphome/esphome,a075f63b59c6,exists,requirements_dev.txt,yes
github.com/esphome/esphome,a075f63b59c6,exists,requirements.txt,yes
github.com/esphome/esphome,a075f63b59c6,exists,requirements_test.txt,yes
github.com/esphome/esphome,a075f63b59c6,exists,,yes
github.com/esphome/esphome,a075f63b59c6,exists,pyproject.toml,yes
github.com/esphome/esphome,a075f63b59c6,exists,setup.py,no
github.com/esphome/esphome,a075f63b59c6,exists,setup.cfg,no
github.com/esphome/esphome,a075f63b59c6,exists,lib/home-assistant,no
github.com/esphome/esphome,fbfb5d401f99,exists,.github/actions/restore-python/action.yml,yes
github.com/esphome/esphome,fbfb5d401f99,exists,.github/actions/build-image/action.yml,no
github.com/esphome/esphome,fbfb5d401f99,exists,.github/actions/build-image/action.yaml,yes
github.com/esphome/esphome,fbfb5d401f99,exists,requirements_dev.txt,yes
github.com/esphome/esphome,fbfb5d401f99,exists,requirements.txt,yes
github.com/esphome/esphome,fbfb5d401f99,exists,requirements_test.txt,yes
github.com/esphome/esphome,fbfb5d401f99,exists,,yes
github.com/esphome/esphome,fbfb5d401f99,exists,pyproject.toml,yes
github.com/esphome/esphome,fbfb5d401f99,exists,setup.py,no
github.com/esphome/esphome,fbfb5d401f99,exists,setup.cfg,no
github.com/esphome/esphome,fbfb5d401f99,exists,lib/home-assistant,no
github.com/esphome/esphome,7533835e044a,exists,.github/actions/restore-python/action.yml,yes
github.com/esphome/esphome,7533835e044a,exists,.github/actions/cache-esp-idf/action.yml,yes
github.com/esphome/esphome,7533835e044a,exists,.github/actions/build-image/action.yml,no
github.com/esphome/esphome,7533835e044a,exists,.github/actions/build-image/action.yaml,yes
github.com/esphome/esphome,7533835e044a,exists,requirements_dev.txt,yes
github.com/esphome/esphome,7533835e044a,exists,requirements.txt,yes
github.com/esphome/esphome,7533835e044a,exists,requirements_test.txt,yes
github.com/esphome/esphome,7533835e044a,exists,,yes
github.com/esphome/esphome,7533835e044a,exists,pyproject.toml,yes
github.com/esphome/esphome,7533835e044a,exists,setup.py,no
github.com/esphome/esphome,7533835e044a,exists,setup.cfg,no
github.com/esphome/esphome,7533835e044a,exists,lib/home-assistant,no
github.com/eth-brownie/brownie,f566ce3bbd44,exists,requirements.txt,yes
github.com/eth-brownie/brownie,f566ce3bbd44,exists,requirements-windows.txt,yes
github.com/eth-brownie/brownie,f566ce3bbd44,exists,requirements-windows.in,yes
github.com/eth-brownie/brownie,f566ce3bbd44,exists,requirements-dev.txt,yes
github.com/eth-brownie/brownie,f566ce3bbd44,exists,requirements-dev.in,yes
github.com/eth-brownie/brownie,f566ce3bbd44,exists,requirements-docs.txt,yes
github.com/eth-brownie/brownie,f566ce3bbd44,exists,requirements-docs.in,yes
github.com/eth-brownie/brownie,f566ce3bbd44,exists,,yes
github.com/eth-brownie/brownie,f566ce3bbd44,exists,pyproject.toml,yes
github.com/eth-brownie/brownie,f566ce3bbd44,exists,setup.py,yes
github.com/eth-brownie/brownie,f566ce3bbd44,exists,setup.cfg,yes
github.com/ethyca/fides,c59d98bf48cc,exists,.github/workflows/cache_docker_image.yml/action.yml,no
github.com/ethyca/fides,c59d98bf48cc,exists,.github/workflows/cache_docker_image.yml/action.yaml,no
github.com/ethyca/fides,c59d98bf48cc,exists,,yes
github.com/ethyca/fides,c59d98bf48cc,exists,pyproject.toml,yes
github.com/ethyca/fides,c59d98bf48cc,exists,uv.lock,yes
github.com/ethyca/fides,c59d98bf48cc,exists,noxfile.py,yes
github.com/ethyca/fides,c59d98bf48cc,exists,docs/fides/requirements.txt,yes
github.com/ethyca/fides,2ad72af88fa5,exists,.github/workflows/cache_docker_image.yml/action.yml,no
github.com/ethyca/fides,2ad72af88fa5,exists,.github/workflows/cache_docker_image.yml/action.yaml,no
github.com/ethyca/fides,2ad72af88fa5,exists,,yes
github.com/ethyca/fides,2ad72af88fa5,exists,pyproject.toml,yes
github.com/ethyca/fides,2ad72af88fa5,exists,uv.lock,yes
github.com/ethyca/fides,2ad72af88fa5,exists,noxfile.py,yes
github.com/ethyca/fides,2ad72af88fa5,exists,docs/fides/requirements.txt,yes
github.com/exodus-privacy/exodus-core,6da2cce6bf3a,exists,requirements.txt,yes
github.com/fastapi/fastapi,64feaec80244,exists,,yes
github.com/fastapi/fastapi,64feaec80244,exists,pyproject.toml,yes
github.com/fastapi/fastapi,64feaec80244,exists,uv.lock,yes
github.com/fastapi/fastapi,64feaec80244,exists,dist/fastapi*,no
github.com/fastapi/fastapi,64feaec80244,exists,dist/fastapi*/scripts/test.sh,no
github.com/florimondmanca/msgpack-asgi,2875e1f0a0d9,exists,GNUmakefile,no
github.com/florimondmanca/msgpack-asgi,2875e1f0a0d9,exists,makefile,no
github.com/florimondmanca/msgpack-asgi,2875e1f0a0d9,exists,Makefile,yes
github.com/florimondmanca/msgpack-asgi,2875e1f0a0d9,exists,requirements.txt,yes
github.com/future-house/ldp,cb263a360009,exists,,yes
github.com/future-house/ldp,cb263a360009,exists,pyproject.toml,yes
github.com/future-house/ldp,cb263a360009,exists,uv.lock,yes
github.com/future-house/ldp,cb263a360009,exists,setup.py,no
github.com/future-house/ldp,cb263a360009,exists,setup.cfg,no
github.com/futuresearch/futuresearch-python,aabab0a6eddc,exists,,yes
github.com/futuresearch/futuresearch-python,aabab0a6eddc,exists,pyproject.toml,yes
github.com/futuresearch/futuresearch-python,aabab0a6eddc,exists,uv.lock,yes
github.com/futuresearch/futuresearch-python,aabab0a6eddc,exists,futuresearch-mcp,yes
github.com/futuresearch/futuresearch-python,aabab0a6eddc,exists,futuresearch-mcp/pyproject.toml,yes
github.com/futuresearch/futuresearch-python,aabab0a6eddc,exists,mcp-publisher,no
github.com/futuresearch/futuresearch-python,aabab0a6eddc,exists,setup.py,no
github.com/futuresearch/futuresearch-python,aabab0a6eddc,exists,setup.cfg,no
github.com/gabrielsoltz/clauditor,c4af83227860,exists,,yes
github.com/gabrielsoltz/clauditor,c4af83227860,exists,pyproject.toml,yes
github.com/gabrielsoltz/clauditor,c4af83227860,exists,setup.py,no
github.com/gabrielsoltz/clauditor,c4af83227860,exists,setup.cfg,no
github.com/galaxyproject/galaxy,5f29fc5e3d38,exists,run_tests.sh,yes
github.com/galaxyproject/galaxy,5f29fc5e3d38,exists,run.sh,yes
github.com/galaxyproject/galaxy,5f29fc5e3d38,exists,GNUmakefile,no
github.com/galaxyproject/galaxy,5f29fc5e3d38,exists,makefile,no
github.com/galaxyproject/galaxy,5f29fc5e3d38,exists,Makefile,yes
github.com/galaxyproject/galaxy,5f29fc5e3d38,exists,common_startup.sh,no
github.com/galaxyproject/galaxy,5f29fc5e3d38,exists,scripts/common_startup.sh,yes
github.com/galaxyproject/galaxy,5f29fc5e3d38,exists,scripts/common_startup_functions.sh,yes
github.com/galaxyproject/galaxy,5f29fc5e3d38,exists,requirements.txt,yes
github.com/galaxyproject/galaxy,5f29fc5e3d38,exists,lib/galaxy/dependencies/pinned-test-requirements.txt,yes
github.com/galaxyproject/galaxy,5f29fc5e3d38,exists,.ci/check_test_class_names.sh,yes
github.com/galaxyproject/galaxy,5f29fc5e3d38,exists,,yes
github.com/galaxyproject/galaxy,5f29fc5e3d38,exists,tox.ini,yes
github.com/galaxyproject/galaxy,5f29fc5e3d38,exists,lib/galaxy/dependencies/dev-requirements.txt,yes
github.com/galaxyproject/galaxy,5f29fc5e3d38,exists,lib/galaxy/dependencies/pinned-lint-requirements.txt,yes
github.com/galaxyproject/galaxy,5f29fc5e3d38,exists,lib/galaxy/dependencies/pinned-typecheck-requirements.txt,yes
github.com/galaxyproject/galaxy,5f29fc5e3d38,exists,lib/galaxy/dependencies/pinned-requirements.txt,yes
github.com/galaxyproject/galaxy,5f29fc5e3d38,exists,pyproject.toml,yes
github.com/galaxyproject/galaxy,5f29fc5e3d38,exists,setup.py,no
github.com/galaxyproject/galaxy,5f29fc5e3d38,exists,setup.cfg,no
github.com/galaxyproject/galaxy,5f29fc5e3d38,exists,manage_db.sh,yes
github.com/galaxyproject/galaxy,5f29fc5e3d38,exists,check_model.sh,yes
github.com/galaxyproject/galaxy,5f29fc5e3d38,exists,lib/galaxy/dependencies/update_lint_requirements.sh,yes
github.com/galaxyproject/galaxy,5f29fc5e3d38,exists,lib/galaxy/dependencies/update.sh,yes
github.com/galaxyproject/galaxy,5f29fc5e3d38,exists,test/deployment/usegalaxystar.bash,yes
github.com/galaxyproject/galaxy,5f29fc5e3d38,exists,doc/GNUmakefile,no
github.com/galaxyproject/galaxy,5f29fc5e3d38,exists,doc/makefile,no
github.com/galaxyproject/galaxy,5f29fc5e3d38,exists,doc/Makefile,yes
github.com/galaxyproject/galaxy,5f29fc5e3d38,exists,.ci/first_startup.sh,yes
github.com/galaxyproject/galaxy,5f29fc5e3d38,exists,.ci/flake8_wrapper.sh,yes
github.com/galaxyproject/galaxy,5f29fc5e3d38,exists,.ci/flake8_wrapper_docstrings.sh,yes
github.com/galaxyproject/galaxy,5f29fc5e3d38,exists,packages/test.sh,yes
github.com/galaxyproject/galaxy,5f29fc5e3d38,exists,.ci/minikube-test-setup/start_services.sh,yes
github.com/galaxyproject/galaxy,5f29fc5e3d38,exists,test/release.sh,yes
github.com/galaxyproject/galaxy,5f29fc5e3d38,exists,lib/tool_shed/webapp/frontend/GNUmakefile,no
github.com/galaxyproject/galaxy,5f29fc5e3d38,exists,lib/tool_shed/webapp/frontend/makefile,no
github.com/galaxyproject/galaxy,5f29fc5e3d38,exists,lib/tool_shed/webapp/frontend/Makefile,yes
github.com/galaxyproject/galaxy,2b06d179d95c,exists,run_tests.sh,yes
github.com/galaxyproject/galaxy,2b06d179d95c,exists,run.sh,yes
github.com/galaxyproject/galaxy,2b06d179d95c,exists,GNUmakefile,no
github.com/galaxyproject/galaxy,2b06d179d95c,exists,makefile,no
github.com/galaxyproject/galaxy,2b06d179d95c,exists,Makefile,yes
github.com/galaxyproject/galaxy,2b06d179d95c,exists,common_startup.sh,no
github.com/galaxyproject/galaxy,2b06d179d95c,exists,scripts/common_startup.sh,yes
github.com/galaxyproject/galaxy,2b06d179d95c,exists,scripts/common_startup_functions.sh,yes
github.com/galaxyproject/galaxy,2b06d179d95c,exists,requirements.txt,yes
github.com/galaxyproject/galaxy,2b06d179d95c,exists,lib/galaxy/dependencies/pinned-test-requirements.txt,yes
github.com/galaxyproject/galaxy,2b06d179d95c,exists,.ci/check_test_class_names.sh,yes
github.com/galaxyproject/galaxy,2b06d179d95c,exists,,yes
github.com/galaxyproject/galaxy,2b06d179d95c,exists,tox.ini,yes
github.com/galaxyproject/galaxy,2b06d179d95c,exists,lib/galaxy/dependencies/dev-requirements.txt,yes
github.com/galaxyproject/galaxy,2b06d179d95c,exists,lib/galaxy/dependencies/pinned-lint-requirements.txt,yes
github.com/galaxyproject/galaxy,2b06d179d95c,exists,lib/galaxy/dependencies/pinned-typecheck-requirements.txt,yes
github.com/galaxyproject/galaxy,2b06d179d95c,exists,lib/galaxy/dependencies/pinned-requirements.txt,yes
github.com/galaxyproject/galaxy,2b06d179d95c,exists,pyproject.toml,yes
github.com/galaxyproject/galaxy,2b06d179d95c,exists,setup.py,no
github.com/galaxyproject/galaxy,2b06d179d95c,exists,setup.cfg,no
github.com/galaxyproject/galaxy,2b06d179d95c,exists,manage_db.sh,yes
github.com/galaxyproject/galaxy,2b06d179d95c,exists,check_model.sh,yes
github.com/galaxyproject/galaxy,2b06d179d95c,exists,lib/galaxy/dependencies/update_lint_requirements.sh,yes
github.com/galaxyproject/galaxy,2b06d179d95c,exists,lib/galaxy/dependencies/update.sh,yes
github.com/galaxyproject/galaxy,2b06d179d95c,exists,test/deployment/usegalaxystar.bash,yes
github.com/galaxyproject/galaxy,2b06d179d95c,exists,doc/GNUmakefile,no
github.com/galaxyproject/galaxy,2b06d179d95c,exists,doc/makefile,no
github.com/galaxyproject/galaxy,2b06d179d95c,exists,doc/Makefile,yes
github.com/galaxyproject/galaxy,2b06d179d95c,exists,.ci/first_startup.sh,yes
github.com/galaxyproject/galaxy,2b06d179d95c,exists,.ci/flake8_wrapper.sh,yes
github.com/galaxyproject/galaxy,2b06d179d95c,exists,.ci/flake8_wrapper_docstrings.sh,yes
github.com/galaxyproject/galaxy,2b06d179d95c,exists,packages/test.sh,yes
github.com/galaxyproject/galaxy,2b06d179d95c,exists,.ci/minikube-test-setup/start_services.sh,yes
github.com/galaxyproject/galaxy,2b06d179d95c,exists,test/release.sh,yes
github.com/galaxyproject/galaxy,2b06d179d95c,exists,lib/tool_shed/webapp/frontend/GNUmakefile,no
github.com/galaxyproject/galaxy,2b06d179d95c,exists,lib/tool_shed/webapp/frontend/makefile,no
github.com/galaxyproject/galaxy,2b06d179d95c,exists,lib/tool_shed/webapp/frontend/Makefile,yes
github.com/galaxyproject/galaxy,5a0579d2dee8,exists,run_tests.sh,yes
github.com/galaxyproject/galaxy,5a0579d2dee8,exists,run.sh,yes
github.com/galaxyproject/galaxy,5a0579d2dee8,exists,GNUmakefile,no
github.com/galaxyproject/galaxy,5a0579d2dee8,exists,makefile,no
github.com/galaxyproject/galaxy,5a0579d2dee8,exists,Makefile,yes
github.com/galaxyproject/galaxy,5a0579d2dee8,exists,common_startup.sh,no
github.com/galaxyproject/galaxy,5a0579d2dee8,exists,scripts/common_startup.sh,yes
github.com/galaxyproject/galaxy,5a0579d2dee8,exists,scripts/common_startup_functions.sh,yes
github.com/galaxyproject/galaxy,5a0579d2dee8,exists,requirements.txt,yes
github.com/galaxyproject/galaxy,5a0579d2dee8,exists,lib/galaxy/dependencies/pinned-test-requirements.txt,yes
github.com/galaxyproject/galaxy,5a0579d2dee8,exists,.ci/check_test_class_names.sh,yes
github.com/galaxyproject/galaxy,5a0579d2dee8,exists,,yes
github.com/galaxyproject/galaxy,5a0579d2dee8,exists,tox.ini,yes
github.com/galaxyproject/galaxy,5a0579d2dee8,exists,lib/galaxy/dependencies/dev-requirements.txt,yes
github.com/galaxyproject/galaxy,5a0579d2dee8,exists,lib/galaxy/dependencies/pinned-lint-requirements.txt,yes
github.com/galaxyproject/galaxy,5a0579d2dee8,exists,lib/galaxy/dependencies/pinned-typecheck-requirements.txt,yes
github.com/galaxyproject/galaxy,5a0579d2dee8,exists,lib/galaxy/dependencies/pinned-requirements.txt,yes
github.com/galaxyproject/galaxy,5a0579d2dee8,exists,pyproject.toml,yes
github.com/galaxyproject/galaxy,5a0579d2dee8,exists,setup.py,no
github.com/galaxyproject/galaxy,5a0579d2dee8,exists,setup.cfg,no
github.com/galaxyproject/galaxy,5a0579d2dee8,exists,manage_db.sh,yes
github.com/galaxyproject/galaxy,5a0579d2dee8,exists,check_model.sh,yes
github.com/galaxyproject/galaxy,5a0579d2dee8,exists,lib/galaxy/dependencies/update_lint_requirements.sh,yes
github.com/galaxyproject/galaxy,5a0579d2dee8,exists,lib/galaxy/dependencies/update.sh,yes
github.com/galaxyproject/galaxy,5a0579d2dee8,exists,test/deployment/usegalaxystar.bash,yes
github.com/galaxyproject/galaxy,5a0579d2dee8,exists,doc/GNUmakefile,no
github.com/galaxyproject/galaxy,5a0579d2dee8,exists,doc/makefile,no
github.com/galaxyproject/galaxy,5a0579d2dee8,exists,doc/Makefile,yes
github.com/galaxyproject/galaxy,5a0579d2dee8,exists,.ci/first_startup.sh,yes
github.com/galaxyproject/galaxy,5a0579d2dee8,exists,.ci/flake8_wrapper.sh,yes
github.com/galaxyproject/galaxy,5a0579d2dee8,exists,.ci/flake8_wrapper_docstrings.sh,yes
github.com/galaxyproject/galaxy,5a0579d2dee8,exists,packages/test.sh,yes
github.com/galaxyproject/galaxy,5a0579d2dee8,exists,.ci/minikube-test-setup/start_services.sh,yes
github.com/galaxyproject/galaxy,5a0579d2dee8,exists,test/release.sh,yes
github.com/galaxyproject/galaxy,5a0579d2dee8,exists,lib/tool_shed/webapp/frontend/GNUmakefile,no
github.com/galaxyproject/galaxy,5a0579d2dee8,exists,lib/tool_shed/webapp/frontend/makefile,no
github.com/galaxyproject/galaxy,5a0579d2dee8,exists,lib/tool_shed/webapp/frontend/Makefile,yes
github.com/galaxyproject/galaxy,59b15b531423,exists,run_tests.sh,yes
github.com/galaxyproject/galaxy,59b15b531423,exists,run.sh,yes
github.com/galaxyproject/galaxy,59b15b531423,exists,GNUmakefile,no
github.com/galaxyproject/galaxy,59b15b531423,exists,makefile,no
github.com/galaxyproject/galaxy,59b15b531423,exists,Makefile,yes
github.com/galaxyproject/galaxy,59b15b531423,exists,common_startup.sh,no
github.com/galaxyproject/galaxy,59b15b531423,exists,scripts/common_startup.sh,yes
github.com/galaxyproject/galaxy,59b15b531423,exists,scripts/common_startup_functions.sh,yes
github.com/galaxyproject/galaxy,59b15b531423,exists,requirements.txt,yes
github.com/galaxyproject/galaxy,59b15b531423,exists,lib/galaxy/dependencies/pinned-test-requirements.txt,yes
github.com/galaxyproject/galaxy,59b15b531423,exists,.ci/check_test_class_names.sh,yes
github.com/galaxyproject/galaxy,59b15b531423,exists,,yes
github.com/galaxyproject/galaxy,59b15b531423,exists,tox.ini,yes
github.com/galaxyproject/galaxy,59b15b531423,exists,lib/galaxy/dependencies/dev-requirements.txt,yes
github.com/galaxyproject/galaxy,59b15b531423,exists,lib/galaxy/dependencies/pinned-lint-requirements.txt,yes
github.com/galaxyproject/galaxy,59b15b531423,exists,lib/galaxy/dependencies/pinned-typecheck-requirements.txt,yes
github.com/galaxyproject/galaxy,59b15b531423,exists,lib/galaxy/dependencies/pinned-requirements.txt,yes
github.com/galaxyproject/galaxy,59b15b531423,exists,pyproject.toml,yes
github.com/galaxyproject/galaxy,59b15b531423,exists,setup.py,no
github.com/galaxyproject/galaxy,59b15b531423,exists,setup.cfg,no
github.com/galaxyproject/galaxy,59b15b531423,exists,manage_db.sh,yes
github.com/galaxyproject/galaxy,59b15b531423,exists,check_model.sh,yes
github.com/galaxyproject/galaxy,59b15b531423,exists,lib/galaxy/dependencies/update_lint_requirements.sh,yes
github.com/galaxyproject/galaxy,59b15b531423,exists,lib/galaxy/dependencies/update.sh,yes
github.com/galaxyproject/galaxy,59b15b531423,exists,test/deployment/usegalaxystar.bash,yes
github.com/galaxyproject/galaxy,59b15b531423,exists,doc/GNUmakefile,no
github.com/galaxyproject/galaxy,59b15b531423,exists,doc/makefile,no
github.com/galaxyproject/galaxy,59b15b531423,exists,doc/Makefile,yes
github.com/galaxyproject/galaxy,59b15b531423,exists,.ci/first_startup.sh,yes
github.com/galaxyproject/galaxy,59b15b531423,exists,.ci/flake8_wrapper.sh,yes
github.com/galaxyproject/galaxy,59b15b531423,exists,.ci/flake8_wrapper_docstrings.sh,yes
github.com/galaxyproject/galaxy,59b15b531423,exists,packages/test.sh,yes
github.com/galaxyproject/galaxy,59b15b531423,exists,.ci/minikube-test-setup/start_services.sh,yes
github.com/galaxyproject/galaxy,59b15b531423,exists,test/release.sh,yes
github.com/galaxyproject/galaxy,59b15b531423,exists,lib/tool_shed/webapp/frontend/GNUmakefile,no
github.com/galaxyproject/galaxy,59b15b531423,exists,lib/tool_shed/webapp/frontend/makefile,no
github.com/galaxyproject/galaxy,59b15b531423,exists,lib/tool_shed/webapp/frontend/Makefile,yes
github.com/galaxyproject/galaxy,907cbe3ee352,exists,run_tests.sh,yes
github.com/galaxyproject/galaxy,907cbe3ee352,exists,run.sh,yes
github.com/galaxyproject/galaxy,907cbe3ee352,exists,GNUmakefile,no
github.com/galaxyproject/galaxy,907cbe3ee352,exists,makefile,no
github.com/galaxyproject/galaxy,907cbe3ee352,exists,Makefile,yes
github.com/galaxyproject/galaxy,907cbe3ee352,exists,common_startup.sh,no
github.com/galaxyproject/galaxy,907cbe3ee352,exists,scripts/common_startup.sh,yes
github.com/galaxyproject/galaxy,907cbe3ee352,exists,scripts/common_startup_functions.sh,yes
github.com/galaxyproject/galaxy,907cbe3ee352,exists,requirements.txt,yes
github.com/galaxyproject/galaxy,907cbe3ee352,exists,lib/galaxy/dependencies/pinned-test-requirements.txt,yes
github.com/galaxyproject/galaxy,907cbe3ee352,exists,.ci/check_test_class_names.sh,yes
github.com/galaxyproject/galaxy,907cbe3ee352,exists,,yes
github.com/galaxyproject/galaxy,907cbe3ee352,exists,tox.ini,yes
github.com/galaxyproject/galaxy,907cbe3ee352,exists,lib/galaxy/dependencies/dev-requirements.txt,yes
github.com/galaxyproject/galaxy,907cbe3ee352,exists,lib/galaxy/dependencies/pinned-lint-requirements.txt,yes
github.com/galaxyproject/galaxy,907cbe3ee352,exists,lib/galaxy/dependencies/pinned-typecheck-requirements.txt,yes
github.com/galaxyproject/galaxy,907cbe3ee352,exists,lib/galaxy/dependencies/pinned-requirements.txt,yes
github.com/galaxyproject/galaxy,907cbe3ee352,exists,pyproject.toml,yes
github.com/galaxyproject/galaxy,907cbe3ee352,exists,setup.py,no
github.com/galaxyproject/galaxy,907cbe3ee352,exists,setup.cfg,no
github.com/galaxyproject/galaxy,907cbe3ee352,exists,manage_db.sh,yes
github.com/galaxyproject/galaxy,907cbe3ee352,exists,check_model.sh,yes
github.com/galaxyproject/galaxy,907cbe3ee352,exists,lib/galaxy/dependencies/update_lint_requirements.sh,yes
github.com/galaxyproject/galaxy,907cbe3ee352,exists,lib/galaxy/dependencies/update.sh,yes
github.com/galaxyproject/galaxy,907cbe3ee352,exists,test/deployment/usegalaxystar.bash,yes
github.com/galaxyproject/galaxy,907cbe3ee352,exists,doc/GNUmakefile,no
github.com/galaxyproject/galaxy,907cbe3ee352,exists,doc/makefile,no
github.com/galaxyproject/galaxy,907cbe3ee352,exists,doc/Makefile,yes
github.com/galaxyproject/galaxy,907cbe3ee352,exists,.ci/first_startup.sh,yes
github.com/galaxyproject/galaxy,907cbe3ee352,exists,.ci/flake8_wrapper.sh,yes
github.com/galaxyproject/galaxy,907cbe3ee352,exists,.ci/flake8_wrapper_docstrings.sh,yes
github.com/galaxyproject/galaxy,907cbe3ee352,exists,packages/test.sh,yes
github.com/galaxyproject/galaxy,907cbe3ee352,exists,.ci/minikube-test-setup/start_services.sh,yes
github.com/galaxyproject/galaxy,907cbe3ee352,exists,test/release.sh,yes
github.com/galaxyproject/galaxy,907cbe3ee352,exists,lib/tool_shed/webapp/frontend/GNUmakefile,no
github.com/galaxyproject/galaxy,907cbe3ee352,exists,lib/tool_shed/webapp/frontend/makefile,no
github.com/galaxyproject/galaxy,907cbe3ee352,exists,lib/tool_shed/webapp/frontend/Makefile,yes
github.com/galaxyproject/galaxy,bbac30d66bac,exists,galaxy root/.github/actions/install_apptainer/action.yml,no
github.com/galaxyproject/galaxy,bbac30d66bac,exists,galaxy root/.github/actions/install_apptainer/action.yaml,no
github.com/galaxyproject/galaxy,bbac30d66bac,exists,run_tests.sh,yes
github.com/galaxyproject/galaxy,bbac30d66bac,exists,run.sh,yes
github.com/galaxyproject/galaxy,bbac30d66bac,exists,GNUmakefile,no
github.com/galaxyproject/galaxy,bbac30d66bac,exists,makefile,no
github.com/galaxyproject/galaxy,bbac30d66bac,exists,Makefile,yes
github.com/galaxyproject/galaxy,bbac30d66bac,exists,common_startup.sh,no
github.com/galaxyproject/galaxy,bbac30d66bac,exists,scripts/common_startup.sh,yes
github.com/galaxyproject/galaxy,bbac30d66bac,exists,scripts/common_startup_functions.sh,yes
github.com/galaxyproject/galaxy,bbac30d66bac,exists,requirements.txt,yes
github.com/galaxyproject/galaxy,bbac30d66bac,exists,lib/galaxy/dependencies/pinned-test-requirements.txt,yes
github.com/galaxyproject/galaxy,bbac30d66bac,exists,.ci/check_test_class_names.sh,yes
github.com/galaxyproject/galaxy,bbac30d66bac,exists,,yes
github.com/galaxyproject/galaxy,bbac30d66bac,exists,tox.ini,yes
github.com/galaxyproject/galaxy,bbac30d66bac,exists,lib/galaxy/dependencies/dev-requirements.txt,yes
github.com/galaxyproject/galaxy,bbac30d66bac,exists,lib/galaxy/dependencies/pinned-lint-requirements.txt,yes
github.com/galaxyproject/galaxy,bbac30d66bac,exists,lib/galaxy/dependencies/pinned-typecheck-requirements.txt,yes
github.com/galaxyproject/galaxy,bbac30d66bac,exists,lib/galaxy/dependencies/pinned-requirements.txt,yes
github.com/galaxyproject/galaxy,bbac30d66bac,exists,pyproject.toml,yes
github.com/galaxyproject/galaxy,bbac30d66bac,exists,setup.py,no
github.com/galaxyproject/galaxy,bbac30d66bac,exists,setup.cfg,no
github.com/galaxyproject/galaxy,bbac30d66bac,exists,manage_db.sh,yes
github.com/galaxyproject/galaxy,bbac30d66bac,exists,check_model.sh,yes
github.com/galaxyproject/galaxy,bbac30d66bac,exists,lib/galaxy/dependencies/update_lint_requirements.sh,yes
github.com/galaxyproject/galaxy,bbac30d66bac,exists,lib/galaxy/dependencies/update.sh,yes
github.com/galaxyproject/galaxy,bbac30d66bac,exists,test/deployment/usegalaxystar.bash,yes
github.com/galaxyproject/galaxy,bbac30d66bac,exists,doc/GNUmakefile,no
github.com/galaxyproject/galaxy,bbac30d66bac,exists,doc/makefile,no
github.com/galaxyproject/galaxy,bbac30d66bac,exists,doc/Makefile,yes
github.com/galaxyproject/galaxy,bbac30d66bac,exists,.ci/first_startup.sh,yes
github.com/galaxyproject/galaxy,bbac30d66bac,exists,.ci/flake8_wrapper.sh,yes
github.com/galaxyproject/galaxy,bbac30d66bac,exists,.ci/flake8_wrapper_docstrings.sh,yes
github.com/galaxyproject/galaxy,bbac30d66bac,exists,packages/test.sh,yes
github.com/galaxyproject/galaxy,bbac30d66bac,exists,.ci/minikube-test-setup/start_services.sh,yes
github.com/galaxyproject/galaxy,bbac30d66bac,exists,test/release.sh,yes
github.com/galaxyproject/galaxy,bbac30d66bac,exists,lib/tool_shed/webapp/frontend/GNUmakefile,no
github.com/galaxyproject/galaxy,bbac30d66bac,exists,lib/tool_shed/webapp/frontend/makefile,no
github.com/galaxyproject/galaxy,bbac30d66bac,exists,lib/tool_shed/webapp/frontend/Makefile,yes
github.com/gam-team/gam,9590916750f5,exists,src/rust.sh,no
github.com/gam-team/gam,9590916750f5,exists,,yes
github.com/gam-team/gam,9590916750f5,exists,pyproject.toml,yes
github.com/gam-team/gam,9590916750f5,exists,setup.py,no
github.com/gam-team/gam,9590916750f5,exists,setup.cfg,no
github.com/gam-team/gam,9590916750f5,exists,.github/actions/decrypt.sh,yes
github.com/gam-team/gam,31b4b70f0fdb,exists,src/rust.sh,no
github.com/gam-team/gam,31b4b70f0fdb,exists,,yes
github.com/gam-team/gam,31b4b70f0fdb,exists,pyproject.toml,yes
github.com/gam-team/gam,31b4b70f0fdb,exists,setup.py,no
github.com/gam-team/gam,31b4b70f0fdb,exists,setup.cfg,no
github.com/gam-team/gam,31b4b70f0fdb,exists,.github/actions/decrypt.sh,yes
github.com/gangadhar24377/envio,448be469eb14,exists,,yes
github.com/gangadhar24377/envio,448be469eb14,exists,pyproject.toml,yes
github.com/gangadhar24377/envio,448be469eb14,exists,uv.lock,yes
github.com/gangadhar24377/envio,448be469eb14,exists,setup.py,no
github.com/gangadhar24377/envio,448be469eb14,exists,setup.cfg,no
github.com/geonode/geonode,95f757be6e8f,exists,tests/test.sh,yes
github.com/geonode/geonode,2e61721e39c5,exists,tests/test.sh,yes
github.com/geonode/geonode,5c0036db6886,exists,tests/test.sh,yes
github.com/gfz/el_paso,aa2121a174a1,exists,,yes
github.com/gfz/el_paso,aa2121a174a1,exists,pyproject.toml,yes
github.com/gfz/el_paso,aa2121a174a1,exists,setup.py,yes
github.com/gfz/el_paso,aa2121a174a1,exists,setup.cfg,no
github.com/githubsecuritylab/seclab-taskflow-agent,e51455a3936c,exists,,yes
github.com/githubsecuritylab/seclab-taskflow-agent,e51455a3936c,exists,pyproject.toml,yes
github.com/githubsecuritylab/seclab-taskflow-agent,e51455a3936c,exists,hatch.toml,no
github.com/githubsecuritylab/seclab-taskflow-agent,e51455a3936c,exists,setup.py,no
github.com/githubsecuritylab/seclab-taskflow-agent,e51455a3936c,exists,setup.cfg,no
github.com/good0007/nanobot-webui,f3cdbae6e372,exists,GNUmakefile,no
github.com/good0007/nanobot-webui,f3cdbae6e372,exists,makefile,no
github.com/good0007/nanobot-webui,f3cdbae6e372,exists,Makefile,yes
github.com/gsi-fing-udelar/tectonic,daf03feb09fb,exists,,yes
github.com/gsi-fing-udelar/tectonic,daf03feb09fb,exists,pyproject.toml,yes
github.com/gsi-fing-udelar/tectonic,daf03feb09fb,exists,poetry.lock,yes
github.com/hewlettpackard/py-spiffe,c6cb9bb8ed10,exists,dev,yes
github.com/hewlettpackard/py-spiffe,c6cb9bb8ed10,exists,,yes
github.com/hewlettpackard/py-spiffe,c6cb9bb8ed10,exists,pyproject.toml,yes
github.com/hewlettpackard/py-spiffe,c6cb9bb8ed10,exists,uv.lock,yes
github.com/hewlettpackard/py-spiffe,c6cb9bb8ed10,exists,.github/workflows/scripts/run-spire.sh,yes
github.com/hewlettpackard/py-spiffe,c6cb9bb8ed10,exists,.github/workflows/scripts/cleanup-spire.sh,yes
github.com/home-assistant/core,426213dd2982,exists,.github/actions/cache-apt-packages/action.yml,yes
github.com/home-assistant/core,426213dd2982,exists,,yes
github.com/home-assistant/core,426213dd2982,exists,pyproject.toml,yes
github.com/home-assistant/core,426213dd2982,exists,setup.py,no
github.com/home-assistant/core,426213dd2982,exists,setup.cfg,no
github.com/home-assistant/core,426213dd2982,exists,script/check_requirements/requirements.txt,yes
github.com/home-assistant/core,426213dd2982,exists,requirements.txt,yes
github.com/home-assistant/core,426213dd2982,exists,requirements_all.txt,yes
github.com/home-assistant/core,426213dd2982,exists,requirements_test.txt,yes
github.com/home-assistant/core,426213dd2982,exists,homeassistant/package_constraints.txt,yes
github.com/home-assistant/core,426213dd2982,exists,requirements_test_pre_commit.txt,yes
github.com/home-assistant/core,426213dd2982,exists,script/check_dirty,yes
github.com/homeassistant-ai/ha-mcp,a5013a7e677d,exists,,yes
github.com/homeassistant-ai/ha-mcp,a5013a7e677d,exists,pyproject.toml,yes
github.com/homeassistant-ai/ha-mcp,a5013a7e677d,exists,setup.py,no
github.com/homeassistant-ai/ha-mcp,a5013a7e677d,exists,setup.cfg,no
github.com/homeassistant-ai/ha-mcp,a5013a7e677d,exists,dist/ha-mcp,no
github.com/homeassistant-ai/ha-mcp,a5013a7e677d,exists,uv.lock,yes
github.com/homeassistant-ai/ha-mcp,a5013a7e677d,exists,mcp-publisher,no
github.com/homeassistant-ai/ha-mcp,a5013a7e677d,exists,scripts/install-macos.sh,yes
github.com/homeassistant-ai/ha-mcp,2c0148ba512a,exists,,yes
github.com/homeassistant-ai/ha-mcp,2c0148ba512a,exists,pyproject.toml,yes
github.com/homeassistant-ai/ha-mcp,2c0148ba512a,exists,setup.py,no
github.com/homeassistant-ai/ha-mcp,2c0148ba512a,exists,setup.cfg,no
github.com/homeassistant-ai/ha-mcp,2c0148ba512a,exists,dist/ha-mcp,no
github.com/homeassistant-ai/ha-mcp,2c0148ba512a,exists,tests/haos_image_build/requirements.txt,yes
github.com/homeassistant-ai/ha-mcp,2c0148ba512a,exists,uv.lock,yes
github.com/homeassistant-ai/ha-mcp,2c0148ba512a,exists,tests,yes
github.com/homeassistant-ai/ha-mcp,2c0148ba512a,exists,tests/pyproject.toml,no
github.com/homeassistant-ai/ha-mcp,2c0148ba512a,exists,mcp-publisher,no
github.com/homeassistant-ai/ha-mcp,2c0148ba512a,exists,scripts/install.sh,yes
github.com/hydrolix/mcp-hydrolix,77e927caccf8,exists,,yes
github.com/hydrolix/mcp-hydrolix,77e927caccf8,exists,pyproject.toml,yes
github.com/hydrolix/mcp-hydrolix,77e927caccf8,exists,uv.lock,yes
github.com/i-am-bee/agentstack,c056473d6149,exists,.github/actions/setup/action.yml,yes
github.com/i-am-bee/agentstack,c056473d6149,exists,.github/actions/maximize-build-space/action.yml,yes
github.com/i-am-bee/agentstack,c056473d6149,exists,,yes
github.com/i-am-bee/agentstack,c056473d6149,exists,pyproject.toml,no
github.com/i-am-bee/agentstack,4df0fef605e2,exists,.github/actions/setup/action.yml,yes
github.com/i-am-bee/agentstack,4df0fef605e2,exists,.github/actions/maximize-build-space/action.yml,yes
github.com/i-am-bee/agentstack,4df0fef605e2,exists,,yes
github.com/i-am-bee/agentstack,4df0fef605e2,exists,pyproject.toml,no
github.com/i-am-bee/agentstack,89af8855d5b4,exists,.github/actions/setup/action.yml,yes
github.com/i-am-bee/agentstack,89af8855d5b4,exists,,yes
github.com/i-am-bee/agentstack,89af8855d5b4,exists,pyproject.toml,no
github.com/i-am-bee/agentstack,79c786049d39,exists,.github/actions/setup/action.yml,yes
github.com/i-am-bee/agentstack,79c786049d39,exists,,yes
github.com/i-am-bee/agentstack,79c786049d39,exists,pyproject.toml,no
github.com/ibm/guardx,7edb8ec3e4f3,exists,GNUmakefile,no
github.com/ibm/guardx,7edb8ec3e4f3,exists,makefile,no
github.com/ibm/guardx,7edb8ec3e4f3,exists,Makefile,yes
github.com/ibm/guardx,7edb8ec3e4f3,exists,,yes
github.com/ibm/guardx,7edb8ec3e4f3,exists,pyproject.toml,yes
github.com/icecube/flarestack,b7320b2dd60b,exists,,yes
github.com/icecube/flarestack,b7320b2dd60b,exists,pyproject.toml,yes
github.com/icecube/flarestack,b7320b2dd60b,exists,poetry.lock,yes
github.com/icecube/flarestack,b7320b2dd60b,exists,conda_env.yml,yes
github.com/icecube/flarestack,b7320b2dd60b,exists,setup.py,no
github.com/icecube/flarestack,b7320b2dd60b,exists,setup.cfg,no
github.com/igrafx/mining-python-sdk,99f55277a5c6,exists,,yes
github.com/igrafx/mining-python-sdk,99f55277a5c6,exists,pyproject.toml,yes
github.com/igrafx/mining-python-sdk,99f55277a5c6,exists,poetry.lock,yes
github.com/imshakil/sinduk,0d295db0a4d1,exists,requirements.txt,yes
github.com/imshakil/sinduk,0d295db0a4d1,exists,,yes
github.com/imshakil/sinduk,0d295db0a4d1,exists,pyproject.toml,yes
github.com/imshakil/sinduk,0d295db0a4d1,exists,setup.py,no
github.com/imshakil/sinduk,0d295db0a4d1,exists,setup.cfg,no
github.com/imshakil/sinduk,3ce1faf409db,exists,requirements.txt,yes
github.com/imshakil/sinduk,3ce1faf409db,exists,,yes
github.com/imshakil/sinduk,3ce1faf409db,exists,pyproject.toml,yes
github.com/imshakil/sinduk,3ce1faf409db,exists,setup.py,no
github.com/imshakil/sinduk,3ce1faf409db,exists,setup.cfg,no
github.com/indico/indico,4422f1d4a99e,exists,,yes
github.com/indico/indico,4422f1d4a99e,exists,pyproject.toml,yes
github.com/indico/indico,4422f1d4a99e,exists,setup.py,no
github.com/indico/indico,4422f1d4a99e,exists,setup.cfg,no
github.com/indico/indico,4422f1d4a99e,exists,bin/maintenance/check_eof_linebreaks.sh,yes
github.com/indico/indico,4422f1d4a99e,exists,requirements.txt,yes
github.com/indico/indico,4422f1d4a99e,exists,requirements.dev.txt,yes
github.com/indico/indico,4422f1d4a99e,exists,tx,no
github.com/indico/indico,978930bed7c0,exists,,yes
github.com/indico/indico,978930bed7c0,exists,pyproject.toml,yes
github.com/indico/indico,978930bed7c0,exists,setup.py,no
github.com/indico/indico,978930bed7c0,exists,setup.cfg,no
github.com/indico/indico,978930bed7c0,exists,bin/maintenance/check_eof_linebreaks.sh,yes
github.com/indico/indico,978930bed7c0,exists,bin/maintenance/check_trailing_whitespace.sh,yes
github.com/indico/indico,978930bed7c0,exists,requirements.txt,yes
github.com/indico/indico,978930bed7c0,exists,requirements.dev.txt,yes
github.com/indico/indico,978930bed7c0,exists,tx,no
github.com/indico/indico,d4c8c7127176,exists,,yes
github.com/indico/indico,d4c8c7127176,exists,pyproject.toml,yes
github.com/indico/indico,d4c8c7127176,exists,setup.py,no
github.com/indico/indico,d4c8c7127176,exists,setup.cfg,no
github.com/indico/indico,d4c8c7127176,exists,bin/maintenance/check_eof_linebreaks.sh,yes
github.com/indico/indico,d4c8c7127176,exists,bin/maintenance/check_trailing_whitespace.sh,yes
github.com/indico/indico,d4c8c7127176,exists,requirements.txt,yes
github.com/indico/indico,d4c8c7127176,exists,requirements.dev.txt,yes
github.com/indico/indico,d4c8c7127176,exists,tx,no
github.com/infaktum/pypublib,fcefdd01810b,exists,requirements.txt,yes
github.com/infaktum/pypublib,fcefdd01810b,exists,requirements/runtime.txt,yes
github.com/infaktum/pypublib,fcefdd01810b,exists,,yes
github.com/infaktum/pypublib,fcefdd01810b,exists,pyproject.toml,yes
github.com/infaktum/pypublib,fcefdd01810b,exists,setup.py,no
github.com/infaktum/pypublib,fcefdd01810b,exists,setup.cfg,no
github.com/introlab/opentera,b0fe8a249769,exists,Miniconda3-latest-Linux-x86_64.sh,no
github.com/introlab/opentera,b0fe8a249769,exists,teraserver/GNUmakefile,no
github.com/introlab/opentera,b0fe8a249769,exists,teraserver/makefile,no
github.com/introlab/opentera,b0fe8a249769,exists,teraserver/Makefile,no
github.com/introlab/opentera,b0fe8a249769,exists,teraserver/python/config/start_nginx.sh,yes
github.com/introlab/opentera,b0fe8a249769,exists,docs/requirements.txt,yes
github.com/introlab/opentera,b0fe8a249769,exists,docs/GNUmakefile,no
github.com/introlab/opentera,b0fe8a249769,exists,docs/makefile,no
github.com/introlab/opentera,b0fe8a249769,exists,docs/Makefile,yes
github.com/introlab/opentera,b0fe8a249769,exists,teraserver/python/env/requirements.txt,yes
github.com/iqtlabs/faucetconfrpc,74c1a9b30f32,exists,install-docker.sh,yes
github.com/iqtlabs/faucetconfrpc,74c1a9b30f32,exists,,yes
github.com/iqtlabs/faucetconfrpc,74c1a9b30f32,exists,pyproject.toml,yes
github.com/iqtlabs/faucetconfrpc,74c1a9b30f32,exists,poetry.lock,yes
github.com/iqtlabs/faucetconfrpc,74c1a9b30f32,exists,src/faucetconfrpc/generate_pb_grpc.sh,yes
github.com/iqtlabs/faucetconfrpc,74c1a9b30f32,exists,tests/codecheck.sh,yes
github.com/iqtlabs/faucetconfrpc,573f533e04fd,exists,install-docker.sh,yes
github.com/iqtlabs/faucetconfrpc,573f533e04fd,exists,,yes
github.com/iqtlabs/faucetconfrpc,573f533e04fd,exists,pyproject.toml,yes
github.com/iqtlabs/faucetconfrpc,573f533e04fd,exists,poetry.lock,yes
github.com/iqtlabs/faucetconfrpc,573f533e04fd,exists,src/faucetconfrpc/generate_pb_grpc.sh,yes
github.com/iqtlabs/faucetconfrpc,573f533e04fd,exists,tests/codecheck.sh,yes
github.com/isa-tools/isa-api,ee5ba747d38a,exists,get_test_data.sh,yes
github.com/isa-tools/isa-api,ee5ba747d38a,exists,,yes
github.com/isa-tools/isa-api,ee5ba747d38a,exists,pyproject.toml,yes
github.com/isa-tools/isa-api,ee5ba747d38a,exists,uv.lock,yes
github.com/iterorganization/imas-mcp,8e1edf9794a4,exists,,yes
github.com/iterorganization/imas-mcp,8e1edf9794a4,exists,pyproject.toml,yes
github.com/iterorganization/imas-mcp,8e1edf9794a4,exists,uv.lock,yes
github.com/its-me-abi/frida_down,97c2b9f3c3be,exists,requirements.txt,yes
github.com/ivanostanin/lucius-mcp,80b0fdd2a0d7,exists,.github/actions/setup-python/action.yml,yes
github.com/ivanostanin/lucius-mcp,80b0fdd2a0d7,exists,.github/actions/resolve-cli-artifact-name/action.yml,yes
github.com/ivanostanin/lucius-mcp,80b0fdd2a0d7,exists,.github/actions/python-setup/action.yml,yes
github.com/ivanostanin/lucius-mcp,80b0fdd2a0d7,exists,,yes
github.com/ivanostanin/lucius-mcp,80b0fdd2a0d7,exists,pyproject.toml,yes
github.com/ivanostanin/lucius-mcp,80b0fdd2a0d7,exists,setup.py,no
github.com/ivanostanin/lucius-mcp,80b0fdd2a0d7,exists,setup.cfg,no
github.com/ivanostanin/lucius-mcp,80b0fdd2a0d7,exists,uv.lock,yes
github.com/ivanostanin/lucius-mcp,80b0fdd2a0d7,exists,deployment/scripts/build-mcpb.sh,yes
github.com/ivanostanin/lucius-mcp,80b0fdd2a0d7,exists,mcp-publisher,no
github.com/jahlives/openssl_encrypt,f2bac787c683,exists,requirements-prod.txt,yes
github.com/jahlives/openssl_encrypt,f2bac787c683,exists,requirements.txt,yes
github.com/jahlives/openssl_encrypt,f2bac787c683,exists,flatpak/build-flatpak.sh,yes
github.com/jahlives/openssl_encrypt,f2bac787c683,exists,flatpak/generate-flatpakrepo.sh,yes
github.com/jahlives/openssl_encrypt,f2bac787c683,exists,,yes
github.com/jahlives/openssl_encrypt,f2bac787c683,exists,pyproject.toml,yes
github.com/jahlives/openssl_encrypt,f2bac787c683,exists,setup.py,yes
github.com/jahlives/openssl_encrypt,f2bac787c683,exists,setup.cfg,no
github.com/jakerslam/pqts,2fb1d0921646,exists,requirements.txt,yes
github.com/jakerslam/pqts,2fb1d0921646,exists,,yes
github.com/jakerslam/pqts,2fb1d0921646,exists,pyproject.toml,yes
github.com/jakerslam/pqts,2fb1d0921646,exists,setup.py,no
github.com/jakerslam/pqts,2fb1d0921646,exists,setup.cfg,no
github.com/jakerslam/pqts,2fb1d0921646,exists,GNUmakefile,no
github.com/jakerslam/pqts,2fb1d0921646,exists,makefile,no
github.com/jakerslam/pqts,2fb1d0921646,exists,Makefile,yes
github.com/jakerslam/pqts,2fb1d0921646,exists,scripts/bootstrap_env.sh,yes
github.com/janmaartenvandoorn/laelaps,ba37d2410c72,exists,,yes
github.com/janmaartenvandoorn/laelaps,ba37d2410c72,exists,pyproject.toml,yes
github.com/janmaartenvandoorn/laelaps,ba37d2410c72,exists,setup.py,no
github.com/janmaartenvandoorn/laelaps,ba37d2410c72,exists,setup.cfg,no
github.com/jantman/biweeklybudget,a7f2292c26c3,exists,,yes
github.com/jantman/biweeklybudget,a7f2292c26c3,exists,tox.ini,yes
github.com/jantman/biweeklybudget,a7f2292c26c3,exists,requirements.txt,yes
github.com/jantman/biweeklybudget,a7f2292c26c3,exists,pyproject.toml,no
github.com/jantman/biweeklybudget,a7f2292c26c3,exists,setup.py,yes
github.com/jantman/biweeklybudget,a7f2292c26c3,exists,setup.cfg,yes
github.com/jemsbhai/trustgraph-jac,5f52b95cf323,exists,,yes
github.com/jemsbhai/trustgraph-jac,5f52b95cf323,exists,pyproject.toml,yes
github.com/jemsbhai/trustgraph-jac,5f52b95cf323,exists,poetry.lock,yes
github.com/jeremiah-k/meshtastic-matrix-relay,048f6503722b,exists,stable,no
github.com/jeremiah-k/meshtastic-matrix-relay,048f6503722b,exists,scripts/ci/helm_render_validate.sh,yes
github.com/jeremiah-k/meshtastic-matrix-relay,048f6503722b,exists,scripts/ci/check_container_paths.sh,yes
github.com/jeremiah-k/meshtastic-matrix-relay,048f6503722b,exists,,yes
github.com/jeremiah-k/meshtastic-matrix-relay,048f6503722b,exists,pyproject.toml,yes
github.com/jeremiah-k/meshtastic-matrix-relay,048f6503722b,exists,setup.py,yes
github.com/jeremiah-k/meshtastic-matrix-relay,048f6503722b,exists,setup.cfg,no
github.com/jeremiah-k/meshtastic-matrix-relay,048f6503722b,exists,requirements.txt,yes
github.com/jeremiah-k/meshtastic-matrix-relay,28790bc80583,exists,scripts/ci/helm_render_validate.sh,yes
github.com/jeremiah-k/meshtastic-matrix-relay,28790bc80583,exists,scripts/ci/check_container_paths.sh,yes
github.com/jeremiah-k/meshtastic-matrix-relay,28790bc80583,exists,,yes
github.com/jeremiah-k/meshtastic-matrix-relay,28790bc80583,exists,pyproject.toml,yes
github.com/jeremiah-k/meshtastic-matrix-relay,28790bc80583,exists,setup.py,yes
github.com/jeremiah-k/meshtastic-matrix-relay,28790bc80583,exists,setup.cfg,no
github.com/jnstockley/bsn,dbeb74c233d2,exists,,yes
github.com/jnstockley/bsn,dbeb74c233d2,exists,pyproject.toml,yes
github.com/jnstockley/bsn,dbeb74c233d2,exists,uv.lock,yes
github.com/jnstockley/bsn,dbeb74c233d2,exists,scripts/lint.sh,yes
github.com/jnstockley/email-to-calendar,252e3763b8b1,exists,,yes
github.com/jnstockley/email-to-calendar,252e3763b8b1,exists,pyproject.toml,yes
github.com/jnstockley/email-to-calendar,252e3763b8b1,exists,uv.lock,yes
github.com/jnstockley/email-to-calendar,252e3763b8b1,exists,scripts/lint.sh,yes
github.com/jovijovi/pypepper,d030bd50b6fe,exists,requirements-dev.txt,yes
github.com/jovijovi/pypepper,d030bd50b6fe,exists,requirements.txt,yes
github.com/jovijovi/pypepper,d030bd50b6fe,exists,GNUmakefile,no
github.com/jovijovi/pypepper,d030bd50b6fe,exists,makefile,no
github.com/jovijovi/pypepper,d030bd50b6fe,exists,Makefile,yes
github.com/jovijovi/pypepper,89e890eaca69,exists,requirements-dev.txt,yes
github.com/jovijovi/pypepper,89e890eaca69,exists,requirements.txt,yes
github.com/jovijovi/pypepper,89e890eaca69,exists,GNUmakefile,no
github.com/jovijovi/pypepper,89e890eaca69,exists,makefile,no
github.com/jovijovi/pypepper,89e890eaca69,exists,Makefile,yes
github.com/jovijovi/pypepper,c35568bcc3da,exists,requirements-dev.txt,yes
github.com/jovijovi/pypepper,c35568bcc3da,exists,requirements.txt,yes
github.com/jovijovi/pypepper,c35568bcc3da,exists,GNUmakefile,no
github.com/jovijovi/pypepper,c35568bcc3da,exists,makefile,no
github.com/jovijovi/pypepper,c35568bcc3da,exists,Makefile,yes
github.com/jqueguiner/whatsapp-desktop-mcp,a103b72a3f34,exists,,yes
github.com/jqueguiner/whatsapp-desktop-mcp,a103b72a3f34,exists,pyproject.toml,yes
github.com/jqueguiner/whatsapp-desktop-mcp,a103b72a3f34,exists,uv.lock,yes
github.com/jqueguiner/whatsapp-desktop-mcp,a103b72a3f34,exists,scripts/build-pkg.sh,yes
github.com/jundi77/stexus,ff2bfe4126e4,exists,requirements.txt,yes
github.com/jundi77/stexus,ff2bfe4126e4,exists,,yes
github.com/jundi77/stexus,ff2bfe4126e4,exists,pyproject.toml,yes
github.com/jundi77/stexus,ff2bfe4126e4,exists,setup.py,no
github.com/jundi77/stexus,ff2bfe4126e4,exists,setup.cfg,no
github.com/kagenti/adk,3e465e5ca37d,exists,.github/actions/setup/action.yml,yes
github.com/kagenti/adk,decc395550fc,exists,.github/actions/setup/action.yml,yes
github.com/kamikaze/python3-commons,ae6686e02800,exists,,yes
github.com/kamikaze/python3-commons,ae6686e02800,exists,pyproject.toml,yes
github.com/kamikaze/python3-commons,ae6686e02800,exists,uv.lock,yes
github.com/katanaml/sparrow,986e52f50087,exists,requirements_sparrow_parse.txt,no
github.com/kenyonxu/superlocalmemory,58f58768a8ff,exists,,yes
github.com/kenyonxu/superlocalmemory,58f58768a8ff,exists,pyproject.toml,yes
github.com/kenyonxu/superlocalmemory,58f58768a8ff,exists,uv.lock,no
github.com/kenyonxu/superlocalmemory,58f58768a8ff,exists,setup.py,no
github.com/kenyonxu/superlocalmemory,58f58768a8ff,exists,setup.cfg,no
github.com/kiln-ai/kiln,92076e017b52,exists,,yes
github.com/kiln-ai/kiln,92076e017b52,exists,pyproject.toml,yes
github.com/kiln-ai/kiln,92076e017b52,exists,uv.lock,yes
github.com/kiln-ai/kiln,92076e017b52,exists,libs/core,yes
github.com/kiln-ai/kiln,92076e017b52,exists,libs/core/pyproject.toml,yes
github.com/kiln-ai/kiln,92076e017b52,exists,libs/pyproject.toml,no
github.com/kiln-ai/kiln,92076e017b52,exists,app/web_ui/src/lib/check_schema.sh,yes
github.com/kiln-ai/kiln,92076e017b52,exists,misspell,no
github.com/klein-business/legal-text-mcp-de,db7cc68b7308,exists,,yes
github.com/klein-business/legal-text-mcp-de,db7cc68b7308,exists,pyproject.toml,yes
github.com/klein-business/legal-text-mcp-de,db7cc68b7308,exists,uv.lock,yes
github.com/kodamonkey/mcp-server-presto,db7b70b8db14,exists,,yes
github.com/kodamonkey/mcp-server-presto,db7b70b8db14,exists,pyproject.toml,yes
github.com/kodamonkey/mcp-server-presto,db7b70b8db14,exists,uv.lock,yes
github.com/l6e-ai/l6e-mcp,ae4260387166,exists,,yes
github.com/l6e-ai/l6e-mcp,ae4260387166,exists,pyproject.toml,yes
github.com/l6e-ai/l6e-mcp,ae4260387166,exists,setup.py,no
github.com/l6e-ai/l6e-mcp,ae4260387166,exists,setup.cfg,no
github.com/lalit-jayanti/eden-soma-retargeter,b3ef2708d84b,exists,,yes
github.com/lalit-jayanti/eden-soma-retargeter,b3ef2708d84b,exists,pyproject.toml,yes
github.com/lalit-jayanti/eden-soma-retargeter,b3ef2708d84b,exists,setup.py,no
github.com/lalit-jayanti/eden-soma-retargeter,b3ef2708d84b,exists,setup.cfg,no
github.com/lalit-jayanti/eden-soma-retargeter,b3ef2708d84b,exists,uv.lock,yes
github.com/lsst-sqre/safir,c92b4a4f8efe,exists,,yes
github.com/lsst-sqre/safir,c92b4a4f8efe,exists,pyproject.toml,yes
github.com/lsst-sqre/safir,c92b4a4f8efe,exists,uv.lock,yes
github.com/lsst-sqre/safir,c92b4a4f8efe,exists,noxfile.py,yes
github.com/lsst-sqre/safir,c92b4a4f8efe,exists,GNUmakefile,no
github.com/lsst-sqre/safir,c92b4a4f8efe,exists,makefile,no
github.com/lsst-sqre/safir,c92b4a4f8efe,exists,Makefile,yes
github.com/luisalejandro/agoras,a18eb448be58,exists,requirements-dev.txt,yes
github.com/luisalejandro/agoras,a18eb448be58,exists,,yes
github.com/luisalejandro/agoras,a18eb448be58,exists,tox.ini,yes
github.com/luisalejandro/agoras,a18eb448be58,exists,packages/common,yes
github.com/luisalejandro/agoras,a18eb448be58,exists,packages/common/pyproject.toml,no
github.com/luisalejandro/agoras,a18eb448be58,exists,packages/common/setup.py,yes
github.com/luisalejandro/agoras,a18eb448be58,exists,packages/common/setup.cfg,no
github.com/luisalejandro/agoras,a18eb448be58,exists,packages/media,yes
github.com/luisalejandro/agoras,a18eb448be58,exists,packages/media/pyproject.toml,no
github.com/luisalejandro/agoras,a18eb448be58,exists,packages/media/setup.py,yes
github.com/luisalejandro/agoras,a18eb448be58,exists,packages/media/setup.cfg,no
github.com/luisalejandro/agoras,a18eb448be58,exists,packages/core,yes
github.com/luisalejandro/agoras,a18eb448be58,exists,packages/core/pyproject.toml,no
github.com/luisalejandro/agoras,a18eb448be58,exists,packages/core/setup.py,yes
github.com/luisalejandro/agoras,a18eb448be58,exists,packages/core/setup.cfg,no
github.com/luisalejandro/agoras,a18eb448be58,exists,packages/platforms,yes
github.com/luisalejandro/agoras,a18eb448be58,exists,packages/platforms/pyproject.toml,no
github.com/luisalejandro/agoras,a18eb448be58,exists,packages/platforms/setup.py,yes
github.com/luisalejandro/agoras,a18eb448be58,exists,packages/platforms/setup.cfg,no
github.com/luisalejandro/agoras,a18eb448be58,exists,packages/cli,yes
github.com/luisalejandro/agoras,a18eb448be58,exists,packages/cli/pyproject.toml,no
github.com/luisalejandro/agoras,a18eb448be58,exists,packages/cli/setup.py,yes
github.com/luisalejandro/agoras,a18eb448be58,exists,packages/cli/setup.cfg,no
github.com/luisalejandro/agoras,a18eb448be58,exists,docs/requirements.txt,yes
github.com/luisalejandro/agoras,a18eb448be58,exists,docs/GNUmakefile,no
github.com/luisalejandro/agoras,a18eb448be58,exists,docs/makefile,no
github.com/luisalejandro/agoras,a18eb448be58,exists,docs/Makefile,yes
github.com/luisalejandro/agoras,a18eb448be58,exists,packages/common/requirements-dev.txt,no
github.com/luisalejandro/agoras,a18eb448be58,exists,packages/common/packages/common,no
github.com/luisalejandro/agoras,a18eb448be58,exists,packages/common/packages/media,no
github.com/luisalejandro/agoras,a18eb448be58,exists,packages/common/packages/core,no
github.com/luisalejandro/agoras,a18eb448be58,exists,packages/common/packages/platforms,no
github.com/luisalejandro/agoras,a18eb448be58,exists,packages/common/packages/cli,no
github.com/luisalejandro/agoras,a18eb448be58,exists,packages/media/requirements-dev.txt,no
github.com/luisalejandro/agoras,a18eb448be58,exists,packages/media/packages/common,no
github.com/luisalejandro/agoras,a18eb448be58,exists,packages/media/packages/media,no
github.com/luisalejandro/agoras,a18eb448be58,exists,packages/media/packages/core,no
github.com/luisalejandro/agoras,a18eb448be58,exists,packages/media/packages/platforms,no
github.com/luisalejandro/agoras,a18eb448be58,exists,packages/media/packages/cli,no
github.com/luisalejandro/agoras,a18eb448be58,exists,packages/core/requirements-dev.txt,no
github.com/luisalejandro/agoras,a18eb448be58,exists,packages/core/packages/common,no
github.com/luisalejandro/agoras,a18eb448be58,exists,packages/core/packages/media,no
github.com/luisalejandro/agoras,a18eb448be58,exists,packages/core/packages/core,no
github.com/luisalejandro/agoras,a18eb448be58,exists,packages/core/packages/platforms,no
github.com/luisalejandro/agoras,a18eb448be58,exists,packages/core/packages/cli,no
github.com/luisalejandro/agoras,a18eb448be58,exists,packages/platforms/requirements-dev.txt,no
github.com/luisalejandro/agoras,a18eb448be58,exists,packages/platforms/packages/common,no
github.com/luisalejandro/agoras,a18eb448be58,exists,packages/platforms/packages/media,no
github.com/luisalejandro/agoras,a18eb448be58,exists,packages/platforms/packages/core,no
github.com/luisalejandro/agoras,a18eb448be58,exists,packages/platforms/packages/platforms,no
github.com/luisalejandro/agoras,a18eb448be58,exists,packages/platforms/packages/cli,no
github.com/luisalejandro/agoras,a18eb448be58,exists,packages/cli/requirements-dev.txt,no
github.com/luisalejandro/agoras,a18eb448be58,exists,packages/cli/packages/common,no
github.com/luisalejandro/agoras,a18eb448be58,exists,packages/cli/packages/media,no
github.com/luisalejandro/agoras,a18eb448be58,exists,packages/cli/packages/core,no
github.com/luisalejandro/agoras,a18eb448be58,exists,packages/cli/packages/platforms,no
github.com/luisalejandro/agoras,a18eb448be58,exists,packages/cli/packages/cli,no
github.com/luisalejandro/agoras,a18eb448be58,exists,pyproject.toml,yes
github.com/luisalejandro/agoras,a18eb448be58,exists,setup.py,yes
github.com/luisalejandro/agoras,a18eb448be58,exists,setup.cfg,yes
github.com/marcpage/devops-driver,4cbb32135a0b,exists,GNUmakefile,no
github.com/marcpage/devops-driver,4cbb32135a0b,exists,makefile,no
github.com/marcpage/devops-driver,4cbb32135a0b,exists,Makefile,yes
github.com/marcpage/devops-driver,4cbb32135a0b,exists,,yes
github.com/marcpage/devops-driver,4cbb32135a0b,exists,pyproject.toml,yes
github.com/marcpage/devops-driver,4cbb32135a0b,exists,setup.py,no
github.com/marcpage/devops-driver,4cbb32135a0b,exists,setup.cfg,no
github.com/maschmann/mcp-context-memory,96522fbadb2c,exists,,yes
github.com/maschmann/mcp-context-memory,96522fbadb2c,exists,pyproject.toml,yes
github.com/maschmann/mcp-context-memory,96522fbadb2c,exists,uv.lock,yes
github.com/masterplanner25/aindy-runtime,cb1a5d896885,exists,,yes
github.com/masterplanner25/aindy-runtime,cb1a5d896885,exists,pyproject.toml,yes
github.com/masterplanner25/aindy-runtime,cb1a5d896885,exists,setup.py,no
github.com/masterplanner25/aindy-runtime,cb1a5d896885,exists,setup.cfg,no
github.com/masterplanner25/aindy-runtime,cb1a5d896885,exists,AINDY/requirements.txt,yes
github.com/medium-tech/mspec,d7eb33550f5d,exists,,yes
github.com/medium-tech/mspec,d7eb33550f5d,exists,pyproject.toml,yes
github.com/medium-tech/mspec,d7eb33550f5d,exists,setup.py,no
github.com/medium-tech/mspec,d7eb33550f5d,exists,setup.cfg,no
github.com/medium-tech/mspec,d7eb33550f5d,exists,templates/py,yes
github.com/medium-tech/mspec,d7eb33550f5d,exists,templates/py/pyproject.toml,yes
github.com/medium-tech/mspec,d7eb33550f5d,exists,templates/py/setup.py,no
github.com/medium-tech/mspec,d7eb33550f5d,exists,templates/py/setup.cfg,no
github.com/medium-tech/mspec,d7eb33550f5d,exists,requirements-dev.txt,yes
github.com/melonattacker/threat-thinker,74ad1b0f5568,exists,,yes
github.com/melonattacker/threat-thinker,74ad1b0f5568,exists,pyproject.toml,yes
github.com/melonattacker/threat-thinker,74ad1b0f5568,exists,uv.lock,yes
github.com/melonattacker/threat-thinker,74ad1b0f5568,exists,setup.py,no
github.com/melonattacker/threat-thinker,74ad1b0f5568,exists,setup.cfg,no
github.com/meltanolabs/tap-github,8f35a7b0859d,exists,,yes
github.com/meltanolabs/tap-github,8f35a7b0859d,exists,tox.ini,no
github.com/meltanolabs/tap-github,8f35a7b0859d,exists,tox.toml,no
github.com/meltanolabs/tap-github,8f35a7b0859d,exists,pyproject.toml,yes
github.com/meltanolabs/tap-github,8f35a7b0859d,exists,setup.py,no
github.com/meltanolabs/tap-github,8f35a7b0859d,exists,setup.cfg,no
github.com/meltanolabs/tap-github,8f35a7b0859d,exists,uv.lock,yes
github.com/mergifyio/sql-compare,ebc6fb3f0886,exists,requirements-poetry.txt,yes
github.com/mergifyio/sql-compare,ebc6fb3f0886,exists,,yes
github.com/mergifyio/sql-compare,ebc6fb3f0886,exists,pyproject.toml,yes
github.com/mergifyio/sql-compare,ebc6fb3f0886,exists,poetry.lock,yes
github.com/meridianlabs-ai/inspect_harbor,5f49ac99f33c,exists,,yes
github.com/meridianlabs-ai/inspect_harbor,5f49ac99f33c,exists,pyproject.toml,yes
github.com/meridianlabs-ai/inspect_harbor,5f49ac99f33c,exists,uv.lock,yes
github.com/meridianlabs-ai/inspect_harbor,5f49ac99f33c,exists,setup.py,no
github.com/meridianlabs-ai/inspect_harbor,5f49ac99f33c,exists,setup.cfg,no
github.com/meridianlabs-ai/inspect_harbor,5f49ac99f33c,exists,GNUmakefile,no
github.com/meridianlabs-ai/inspect_harbor,5f49ac99f33c,exists,makefile,no
github.com/meridianlabs-ai/inspect_harbor,5f49ac99f33c,exists,Makefile,yes
github.com/mervinpraison/praisonai,ffd78f0eb6d4,exists,.github/actions/claude-issue-triage-action/action.yml,yes
github.com/mervinpraison/praisonai,ffd78f0eb6d4,exists,.github/actions/gemini/action.yml,yes
github.com/mervinpraison/praisonai,ffd78f0eb6d4,exists,src/praisonai-agents,yes
github.com/mervinpraison/praisonai,ffd78f0eb6d4,exists,src/praisonai-agents/pyproject.toml,yes
github.com/mervinpraison/praisonai,ffd78f0eb6d4,exists,src/praisonai-agents/setup.py,no
github.com/mervinpraison/praisonai,ffd78f0eb6d4,exists,src/praisonai-agents/setup.cfg,no
github.com/mervinpraison/praisonai,ffd78f0eb6d4,exists,src/praisonai,yes
github.com/mervinpraison/praisonai,ffd78f0eb6d4,exists,src/praisonai/pyproject.toml,yes
github.com/mervinpraison/praisonai,ffd78f0eb6d4,exists,src/praisonai/setup.py,no
github.com/mervinpraison/praisonai,ffd78f0eb6d4,exists,src/praisonai/setup.cfg,no
github.com/mervinpraison/praisonai,ffd78f0eb6d4,exists,,yes
github.com/mervinpraison/praisonai,ffd78f0eb6d4,exists,pyproject.toml,no
github.com/mervinpraison/praisonai,ffd78f0eb6d4,exists,setup.sh,no
github.com/metaculus/forecasting-tools,7f7dd2f39645,exists,,yes
github.com/metaculus/forecasting-tools,7f7dd2f39645,exists,pyproject.toml,yes
github.com/metaculus/forecasting-tools,7f7dd2f39645,exists,poetry.lock,yes
github.com/microsoft/graphrag,b1f0e6c34583,exists,,yes
github.com/microsoft/graphrag,b1f0e6c34583,exists,pyproject.toml,yes
github.com/microsoft/graphrag,b1f0e6c34583,exists,uv.lock,yes
github.com/microsoft/graphrag,b1f0e6c34583,exists,scripts/semver-check.sh,yes
github.com/microsoft/graphrag,b1f0e6c34583,exists,scripts/spellcheck.sh,yes
github.com/mindsdb/mindsdb,86be14b66b16,exists,requirements/requirements-dev.txt,yes
github.com/mindsdb/mindsdb,86be14b66b16,exists,requirements/requirements.txt,yes
github.com/mindsdb/mindsdb,86be14b66b16,exists,requirements/requirements-test.txt,yes
github.com/mindsdb/mindsdb,86be14b66b16,exists,GNUmakefile,no
github.com/mindsdb/mindsdb,86be14b66b16,exists,makefile,no
github.com/mindsdb/mindsdb,86be14b66b16,exists,Makefile,yes
github.com/mindsdb/mindsdb,86be14b66b16,exists,,yes
github.com/mindsdb/mindsdb,86be14b66b16,exists,pyproject.toml,yes
github.com/mindsdb/mindsdb,86be14b66b16,exists,uv.lock,no
github.com/mindsdb/mindsdb,86be14b66b16,exists,setup.py,yes
github.com/mindsdb/mindsdb,86be14b66b16,exists,setup.cfg,no
github.com/mistralai/mistral-vibe,f71bfd3b8cdd,exists,,yes
github.com/mistralai/mistral-vibe,f71bfd3b8cdd,exists,pyproject.toml,yes
github.com/mistralai/mistral-vibe,f71bfd3b8cdd,exists,uv.lock,yes
github.com/mistralai/mistral-vibe,ad0d5c952078,exists,,yes
github.com/mistralai/mistral-vibe,ad0d5c952078,exists,pyproject.toml,yes
github.com/mistralai/mistral-vibe,ad0d5c952078,exists,uv.lock,yes
github.com/mistralai/mistral-vibe,474a0e4055b2,exists,scripts/ci/setup-linux-pyinstaller-build.sh,yes
github.com/mistralai/mistral-vibe,474a0e4055b2,exists,scripts/ci/inject-sentry-dsn.sh,yes
github.com/mistralai/mistral-vibe,474a0e4055b2,exists,scripts/ci/build-pyinstaller-binaries.sh,yes
github.com/mistralai/mistral-vibe,474a0e4055b2,exists,,yes
github.com/mistralai/mistral-vibe,474a0e4055b2,exists,pyproject.toml,yes
github.com/mistralai/mistral-vibe,474a0e4055b2,exists,uv.lock,yes
github.com/mistralai/mistral-vibe,474a0e4055b2,exists,scripts/ci/clear-linux-execstack.sh,yes
github.com/mistralai/mistral-vibe,474a0e4055b2,exists,scripts/ci/smoke-pyinstaller-cli.sh,yes
github.com/mlflow/mlflow,5709d813e178,exists,.github/actions/setup-python/action.yml,yes
github.com/mlflow/mlflow,5709d813e178,exists,.github/actions/setup-node/action.yml,yes
github.com/mlflow/mlflow,5709d813e178,exists,.github/actions/untracked/action.yml,yes
github.com/mlflow/mlflow,5709d813e178,exists,.github/actions/setup-java/action.yml,yes
github.com/mlflow/mlflow,5709d813e178,exists,.github/actions/validate-author/action.yml,yes
github.com/mlflow/mlflow,5709d813e178,exists,.github/actions/free-disk-space/action.yml,yes
github.com/mlflow/mlflow,5709d813e178,exists,.github/actions/setup-pyenv/action.yml,yes
github.com/mlflow/mlflow,5709d813e178,exists,.github/actions/show-versions/action.yml,yes
github.com/mlflow/mlflow,5709d813e178,exists,.github/actions/pipdeptree/action.yml,yes
github.com/mlflow/mlflow,5709d813e178,exists,.github/actions/update-requirements/action.yml,yes
github.com/mlflow/mlflow,5709d813e178,exists,,yes
github.com/mlflow/mlflow,5709d813e178,exists,pyproject.toml,yes
github.com/mlflow/mlflow,5709d813e178,exists,uv.lock,yes
github.com/mlflow/mlflow,5709d813e178,exists,dev/generate-protos.sh,yes
github.com/mlflow/mlflow,5709d813e178,exists,tests/db/update_schemas.sh,yes
github.com/mlflow/mlflow,5709d813e178,exists,tests/db/compose.sh,yes
github.com/mlflow/mlflow,5709d813e178,exists,docs/api_reference/build-rdoc.sh,yes
github.com/mlflow/mlflow,5709d813e178,exists,mlflow/R/mlflow/mlflow-r-dev,no
github.com/mlflow/mlflow,5709d813e178,exists,docs/api_reference,yes
github.com/mlflow/mlflow,5709d813e178,exists,docs/api_reference/pyproject.toml,no
github.com/mlflow/mlflow,5709d813e178,exists,docs/pyproject.toml,no
github.com/mlflow/mlflow,5709d813e178,exists,dev/install-skinny.sh,yes
github.com/mlflow/mlflow,5709d813e178,exists,dev/requirements.txt,yes
github.com/mlflow/mlflow,5709d813e178,exists,libs/tracing,yes
github.com/mlflow/mlflow,5709d813e178,exists,libs/tracing/pyproject.toml,yes
github.com/mlflow/mlflow,5709d813e178,exists,libs/tracing/setup.py,no
github.com/mlflow/mlflow,5709d813e178,exists,libs/tracing/setup.cfg,no
github.com/mlflow/mlflow,5709d813e178,exists,setup.py,no
github.com/mlflow/mlflow,5709d813e178,exists,setup.cfg,no
github.com/mlflow/mlflow,5709d813e178,exists,requirements/test-requirements.txt,yes
github.com/mlflow/mlflow,5709d813e178,exists,dev/test-dev-env-setup.sh,yes
github.com/mlflow/mlflow,5709d813e178,exists,dev/dev-env-setup.sh,yes
github.com/mlflow/mlflow,5709d813e178,exists,dev/install-common-deps.sh,yes
github.com/mlflow/mlflow,5709d813e178,exists,libs/skinny,yes
github.com/mlflow/mlflow,5709d813e178,exists,libs/skinny/pyproject.toml,yes
github.com/mlflow/mlflow,5709d813e178,exists,libs/skinny/setup.py,no
github.com/mlflow/mlflow,5709d813e178,exists,libs/skinny/setup.cfg,no
github.com/mlflow/mlflow,5709d813e178,exists,tests/resources/mlflow-test-plugin,yes
github.com/mlflow/mlflow,5709d813e178,exists,tests/resources/mlflow-test-plugin/pyproject.toml,yes
github.com/mlflow/mlflow,5709d813e178,exists,tests/resources/mlflow-test-plugin/setup.py,no
github.com/mlflow/mlflow,5709d813e178,exists,tests/resources/mlflow-test-plugin/setup.cfg,no
github.com/mlflow/mlflow,5709d813e178,exists,dev/remove-conda-envs.sh,yes
github.com/mlflow/mlflow,5709d813e178,exists,dev/find-unused-media.sh,yes
github.com/mlflow/mlflow,5709d813e178,exists,dev/run-python-skinny-tests.sh,yes
github.com/mlflow/mlflow,5709d813e178,exists,requirements/extra-ml-requirements.txt,yes
github.com/mlflow/mlflow,5709d813e178,exists,dev/setup-ssh.sh,yes
github.com/mlflow/mlflow,5709d813e178,exists,mlflow/java,yes
github.com/mlflow/mlflow,5709d813e178,exists,mlflow/java/pyproject.toml,no
github.com/mlflow/mlflow,5709d813e178,exists,mlflow/pyproject.toml,no
github.com/mlflow/mlflow,5709d813e178,exists,mlflow/protos/opentelemetry/update.sh,yes
github.com/mlflow/mlflow,5709d813e178,exists,dev/test-generate-protos.sh,yes
github.com/mlflow/mlflow,5709d813e178,exists,mlflow/R/mlflow/build-package.sh,yes
github.com/mlflow/mlflow,5709d813e178,exists,2.1.71,no
github.com/mlflow/mlflow,5709d813e178,exists,.claude/scripts/stream.sh,yes
github.com/mlflow/mlflow,5709d813e178,exists,requirements/dev-requirements.txt,yes
github.com/mlflow/mlflow,5709d813e178,exists,requirements/lint-requirements.txt,yes
github.com/mlflow/mlflow,5709d813e178,exists,dev/clint,yes
github.com/mlflow/mlflow,5709d813e178,exists,dev/clint/pyproject.toml,yes
github.com/mlflow/mlflow,5709d813e178,exists,dev/clint/setup.py,no
github.com/mlflow/mlflow,5709d813e178,exists,dev/clint/setup.cfg,no
github.com/mlflow/mlflow,5709d813e178,exists,requirements/doc-requirements.txt,yes
github.com/mlflow/mlflow,5709d813e178,exists,requirements/doc-min-requirements.txt,yes
github.com/mostafa/django-saml2-auth,594fe3f8a4b7,exists,,yes
github.com/mostafa/django-saml2-auth,594fe3f8a4b7,exists,pyproject.toml,yes
github.com/mostafa/django-saml2-auth,594fe3f8a4b7,exists,uv.lock,yes
github.com/mostafa/django-saml2-auth,594fe3f8a4b7,exists,setup.py,no
github.com/mostafa/django-saml2-auth,594fe3f8a4b7,exists,setup.cfg,no
github.com/mshekow/package-version-check-mcp,f9adf2ab350e,exists,,yes
github.com/mshekow/package-version-check-mcp,f9adf2ab350e,exists,pyproject.toml,yes
github.com/mshekow/package-version-check-mcp,f9adf2ab350e,exists,poetry.lock,yes
github.com/mts-ai/openautonlu,4143a46cc9a2,exists,,yes
github.com/mts-ai/openautonlu,4143a46cc9a2,exists,pyproject.toml,yes
github.com/mts-ai/openautonlu,4143a46cc9a2,exists,setup.py,no
github.com/mts-ai/openautonlu,4143a46cc9a2,exists,setup.cfg,no
github.com/mts-ai/openautonlu,4143a46cc9a2,exists,uv.lock,yes
github.com/naavre/naavre-communicator-jupyterlab,264409fc3d44,exists,,yes
github.com/naavre/naavre-communicator-jupyterlab,264409fc3d44,exists,pyproject.toml,yes
github.com/naavre/naavre-communicator-jupyterlab,264409fc3d44,exists,setup.py,yes
github.com/naavre/naavre-communicator-jupyterlab,264409fc3d44,exists,setup.cfg,no
github.com/nationallibraryofnorway/maalfrid_toolkit,cff3de8472fa,exists,,yes
github.com/nationallibraryofnorway/maalfrid_toolkit,cff3de8472fa,exists,pyproject.toml,yes
github.com/nationallibraryofnorway/maalfrid_toolkit,cff3de8472fa,exists,pdm.lock,yes
github.com/nchain-innovation/chain-gang,0c8f6d4e1eba,exists,python/tests.sh,yes
github.com/nchain-innovation/chain-gang,793e37d4da5c,exists,python/tests.sh,yes
github.com/neednlab/cn_pii_anonymization,f4ffb49f1c7c,exists,,yes
github.com/neednlab/cn_pii_anonymization,f4ffb49f1c7c,exists,pyproject.toml,yes
github.com/neednlab/cn_pii_anonymization,f4ffb49f1c7c,exists,uv.lock,yes
github.com/neednlab/cn_pii_anonymization,039b67e77570,exists,,yes
github.com/neednlab/cn_pii_anonymization,039b67e77570,exists,pyproject.toml,yes
github.com/neednlab/cn_pii_anonymization,039b67e77570,exists,uv.lock,yes
github.com/netflix/lemur,9b8166aad10c,exists,GNUmakefile,no
github.com/netflix/lemur,9b8166aad10c,exists,makefile,no
github.com/netflix/lemur,9b8166aad10c,exists,Makefile,yes
github.com/netflix/lemur,d6277f366ec6,exists,GNUmakefile,no
github.com/netflix/lemur,d6277f366ec6,exists,makefile,no
github.com/netflix/lemur,d6277f366ec6,exists,Makefile,yes
github.com/netflix/lemur,3a3c2c201d42,exists,GNUmakefile,no
github.com/netflix/lemur,3a3c2c201d42,exists,makefile,no
github.com/netflix/lemur,3a3c2c201d42,exists,Makefile,yes
github.com/nofusscomputing/centurion_erp,75eb25a2cc00,exists,requirements.txt,yes
github.com/nousresearch/hermes-agent,11f5c1ecf016,exists,,yes
github.com/nousresearch/hermes-agent,11f5c1ecf016,exists,pyproject.toml,yes
github.com/nousresearch/hermes-agent,11f5c1ecf016,exists,setup.py,no
github.com/nousresearch/hermes-agent,11f5c1ecf016,exists,setup.cfg,no
github.com/nousresearch/hermes-agent,11f5c1ecf016,exists,mini-swe-agent,yes
github.com/nousresearch/hermes-agent,11f5c1ecf016,exists,mini-swe-agent/pyproject.toml,no
github.com/nousresearch/hermes-agent,11f5c1ecf016,exists,mini-swe-agent/setup.py,no
github.com/nousresearch/hermes-agent,11f5c1ecf016,exists,mini-swe-agent/setup.cfg,no
github.com/nousresearch/hermes-agent,11f5c1ecf016,exists,tinker-atropos,yes
github.com/nousresearch/hermes-agent,11f5c1ecf016,exists,tinker-atropos/pyproject.toml,no
github.com/nousresearch/hermes-agent,11f5c1ecf016,exists,tinker-atropos/setup.py,no
github.com/nousresearch/hermes-agent,11f5c1ecf016,exists,tinker-atropos/setup.cfg,no
github.com/nousresearch/hermes-agent,ba9964ff0d68,exists,.github/actions/hermes-smoke-test/action.yml,yes
github.com/nousresearch/hermes-agent,ba9964ff0d68,exists,.github/actions/nix-setup/action.yml,yes
github.com/nousresearch/hermes-agent,ba9964ff0d68,exists,,yes
github.com/nousresearch/hermes-agent,ba9964ff0d68,exists,pyproject.toml,yes
github.com/nousresearch/hermes-agent,ba9964ff0d68,exists,setup.py,yes
github.com/nousresearch/hermes-agent,ba9964ff0d68,exists,setup.cfg,no
github.com/nousresearch/hermes-agent,ba9964ff0d68,exists,uv.lock,yes
github.com/nousresearch/hermes-agent,ba9964ff0d68,exists,GNUmakefile,no
github.com/nousresearch/hermes-agent,ba9964ff0d68,exists,makefile,no
github.com/nousresearch/hermes-agent,ba9964ff0d68,exists,Makefile,no
github.com/nsphung/mcp-snowflake-server,7a693c28b04f,exists,,yes
github.com/nsphung/mcp-snowflake-server,7a693c28b04f,exists,pyproject.toml,yes
github.com/nsphung/mcp-snowflake-server,7a693c28b04f,exists,uv.lock,yes
github.com/nsphung/mcp-snowflake-server,7a693c28b04f,exists,mcp-publisher,no
github.com/nsphung/mcp-snowflake-server,7a693c28b04f,exists,GNUmakefile,no
github.com/nsphung/mcp-snowflake-server,7a693c28b04f,exists,makefile,no
github.com/nsphung/mcp-snowflake-server,7a693c28b04f,exists,Makefile,yes
github.com/nucypher/nucypher,547a9646d929,exists,,yes
github.com/nucypher/nucypher,547a9646d929,exists,pyproject.toml,yes
github.com/nucypher/nucypher,547a9646d929,exists,setup.py,yes
github.com/nucypher/nucypher,547a9646d929,exists,setup.cfg,yes
github.com/nvidia/garak,069acbd1f488,exists,requirements.txt,yes
github.com/nvidia/garak,069acbd1f488,exists,,yes
github.com/nvidia/garak,069acbd1f488,exists,pyproject.toml,yes
github.com/nvidia/garak,069acbd1f488,exists,setup.py,no
github.com/nvidia/garak,069acbd1f488,exists,setup.cfg,no
github.com/nvidia/nemo-agent-toolkit,76294609fd71,exists,ci/scripts/github/checks.sh,yes
github.com/nvidia/nemo-agent-toolkit,76294609fd71,exists,ci/scripts/github/tests.sh,yes
github.com/nvidia/nemo-agent-toolkit,76294609fd71,exists,ci/scripts/github/docs.sh,yes
github.com/nvidia/nemo-agent-toolkit,76294609fd71,exists,ci/scripts/github/build_wheel.sh,yes
github.com/nvidia/nemo-agent-toolkit,76294609fd71,exists,ci/scripts/gitlab/checks.sh,yes
github.com/nvidia/nemo-agent-toolkit,76294609fd71,exists,ci/scripts/gitlab/model_health_check.sh,yes
github.com/nvidia/nemo-agent-toolkit,76294609fd71,exists,ci/scripts/gitlab/tests.sh,yes
github.com/nvidia/nemo-agent-toolkit,76294609fd71,exists,ci/scripts/gitlab/docs.sh,yes
github.com/nvidia/nemo-agent-toolkit,76294609fd71,exists,docs/GNUmakefile,no
github.com/nvidia/nemo-agent-toolkit,76294609fd71,exists,docs/makefile,no
github.com/nvidia/nemo-agent-toolkit,76294609fd71,exists,docs/Makefile,yes
github.com/nvidia/nemo-agent-toolkit,76294609fd71,exists,ci/scripts/gitlab/build_wheel.sh,yes
github.com/nvidia/nemo-agent-toolkit,76294609fd71,exists,ci/scripts/gitlab/artifactory_upload.sh,yes
github.com/nvidia/nemo-agent-toolkit,5e893d8a923b,exists,ci/scripts/github/checks.sh,yes
github.com/nvidia/nemo-agent-toolkit,5e893d8a923b,exists,ci/scripts/github/tests.sh,yes
github.com/nvidia/nemo-agent-toolkit,5e893d8a923b,exists,ci/scripts/github/docs.sh,yes
github.com/nvidia/nemo-agent-toolkit,5e893d8a923b,exists,ci/scripts/github/build_wheel.sh,yes
github.com/nvidia/nemo-agent-toolkit,5e893d8a923b,exists,ci/scripts/gitlab/checks.sh,yes
github.com/nvidia/nemo-agent-toolkit,5e893d8a923b,exists,ci/scripts/gitlab/model_health_check.sh,yes
github.com/nvidia/nemo-agent-toolkit,5e893d8a923b,exists,ci/scripts/gitlab/tests.sh,yes
github.com/nvidia/nemo-agent-toolkit,5e893d8a923b,exists,ci/scripts/gitlab/docs.sh,yes
github.com/nvidia/nemo-agent-toolkit,5e893d8a923b,exists,docs/GNUmakefile,no
github.com/nvidia/nemo-agent-toolkit,5e893d8a923b,exists,docs/makefile,no
github.com/nvidia/nemo-agent-toolkit,5e893d8a923b,exists,docs/Makefile,yes
github.com/nvidia/nemo-agent-toolkit,5e893d8a923b,exists,ci/scripts/gitlab/build_wheel.sh,yes
github.com/nvidia/nemo-agent-toolkit,5e893d8a923b,exists,ci/scripts/gitlab/artifactory_upload.sh,yes
github.com/nvidia/nemo-agent-toolkit,45f4f910b269,exists,ci/scripts/github/checks.sh,yes
github.com/nvidia/nemo-agent-toolkit,45f4f910b269,exists,ci/scripts/github/tests.sh,yes
github.com/nvidia/nemo-agent-toolkit,45f4f910b269,exists,ci/scripts/github/docs.sh,yes
github.com/nvidia/nemo-agent-toolkit,45f4f910b269,exists,ci/scripts/github/build_wheel.sh,yes
github.com/nvidia/nemo-agent-toolkit,45f4f910b269,exists,ci/scripts/gitlab/checks.sh,yes
github.com/nvidia/nemo-agent-toolkit,45f4f910b269,exists,ci/scripts/gitlab/model_health_check.sh,yes
github.com/nvidia/nemo-agent-toolkit,45f4f910b269,exists,ci/scripts/gitlab/tests.sh,yes
github.com/nvidia/nemo-agent-toolkit,45f4f910b269,exists,ci/scripts/gitlab/docs.sh,yes
github.com/nvidia/nemo-agent-toolkit,45f4f910b269,exists,docs/GNUmakefile,no
github.com/nvidia/nemo-agent-toolkit,45f4f910b269,exists,docs/makefile,no
github.com/nvidia/nemo-agent-toolkit,45f4f910b269,exists,docs/Makefile,yes
github.com/nvidia/nemo-agent-toolkit,45f4f910b269,exists,ci/scripts/gitlab/build_wheel.sh,yes
github.com/nvidia/nemo-agent-toolkit,45f4f910b269,exists,ci/scripts/gitlab/artifactory_upload.sh,yes
github.com/ocadotechnology/codeforlife-package-python,ad46e0f56c5b,exists,,yes
github.com/ocadotechnology/codeforlife-package-python,ad46e0f56c5b,exists,Pipfile,yes
github.com/ocadotechnology/codeforlife-portal,f0c3312944fe,exists,,yes
github.com/ocadotechnology/codeforlife-portal,f0c3312944fe,exists,Pipfile,yes
github.com/ocadotechnology/codeforlife-portal,f0c3312944fe,exists,Pipfile.lock,yes
github.com/ocadotechnology/codeforlife-portal,16e98aaf080b,exists,,yes
github.com/ocadotechnology/codeforlife-portal,16e98aaf080b,exists,Pipfile,yes
github.com/ocadotechnology/codeforlife-portal,16e98aaf080b,exists,Pipfile.lock,yes
github.com/ocadotechnology/codeforlife-portal,5fd0dc821627,exists,,yes
github.com/ocadotechnology/codeforlife-portal,5fd0dc821627,exists,Pipfile,yes
github.com/ocadotechnology/codeforlife-portal,5fd0dc821627,exists,Pipfile.lock,yes
github.com/ocadotechnology/codeforlife-portal,72e719656332,exists,,yes
github.com/ocadotechnology/codeforlife-portal,72e719656332,exists,Pipfile,yes
github.com/ocadotechnology/codeforlife-portal,72e719656332,exists,Pipfile.lock,yes
github.com/ocadotechnology/codeforlife-portal,c3610addade1,exists,,yes
github.com/ocadotechnology/codeforlife-portal,c3610addade1,exists,Pipfile,yes
github.com/ocadotechnology/codeforlife-portal,c3610addade1,exists,Pipfile.lock,yes
github.com/ocadotechnology/codeforlife-portal,c1557c335aeb,exists,,yes
github.com/ocadotechnology/codeforlife-portal,c1557c335aeb,exists,Pipfile,yes
github.com/ocadotechnology/codeforlife-portal,c1557c335aeb,exists,Pipfile.lock,yes
github.com/ocadotechnology/codeforlife-portal,65c4db95226f,exists,,yes
github.com/ocadotechnology/codeforlife-portal,65c4db95226f,exists,Pipfile,yes
github.com/ocadotechnology/codeforlife-portal,65c4db95226f,exists,Pipfile.lock,yes
github.com/ocadotechnology/rapid-router,49256b6b92c9,exists,,yes
github.com/ocadotechnology/rapid-router,49256b6b92c9,exists,Pipfile,yes
github.com/ocadotechnology/rapid-router,49256b6b92c9,exists,Pipfile.lock,yes
github.com/oharatech/aksesa-cli,5d5cfa24e02f,exists,GNUmakefile,no
github.com/oharatech/aksesa-cli,5d5cfa24e02f,exists,makefile,no
github.com/oharatech/aksesa-cli,5d5cfa24e02f,exists,Makefile,yes
github.com/oharatech/aksesa-cli,5d5cfa24e02f,exists,,yes
github.com/oharatech/aksesa-cli,5d5cfa24e02f,exists,pyproject.toml,yes
github.com/oharatech/aksesa-cli,5d5cfa24e02f,exists,uv.lock,yes
github.com/oharatech/aksesa-cli,5d5cfa24e02f,exists,sdks/kimi-sdk,yes
github.com/oharatech/aksesa-cli,5d5cfa24e02f,exists,sdks/kimi-sdk/pyproject.toml,yes
github.com/oharatech/aksesa-cli,5d5cfa24e02f,exists,sdks/pyproject.toml,no
github.com/oharatech/aksesa-cli,5d5cfa24e02f,exists,packages/kosong,yes
github.com/oharatech/aksesa-cli,5d5cfa24e02f,exists,packages/kosong/pyproject.toml,yes
github.com/oharatech/aksesa-cli,5d5cfa24e02f,exists,packages/pyproject.toml,no
github.com/oharatech/aksesa-cli,5d5cfa24e02f,exists,packages/kaos,yes
github.com/oharatech/aksesa-cli,5d5cfa24e02f,exists,packages/kaos/pyproject.toml,yes
github.com/okkymabruri/news-watch,3c4548ec6360,exists,,yes
github.com/okkymabruri/news-watch,3c4548ec6360,exists,pyproject.toml,yes
github.com/okkymabruri/news-watch,3c4548ec6360,exists,uv.lock,yes
github.com/oneidentity/bldr,56818e2e714e,exists,GNUmakefile,no
github.com/oneidentity/bldr,56818e2e714e,exists,makefile,no
github.com/oneidentity/bldr,56818e2e714e,exists,Makefile,yes
github.com/oneidentity/bldr,56818e2e714e,exists,,yes
github.com/oneidentity/bldr,56818e2e714e,exists,pyproject.toml,no
github.com/oneidentity/bldr,56818e2e714e,exists,setup.py,yes
github.com/oneidentity/bldr,56818e2e714e,exists,setup.cfg,yes
github.com/oneidentity/bldr,56818e2e714e,exists,requirements-dev.txt,yes
github.com/opea-project/genaicomps,8130a3fb9cd8,exists,.github/env/_vllm_versions.sh,yes
github.com/opea-project/genaicomps,8130a3fb9cd8,exists,.github/workflows/scripts/get_cicd_list.sh,yes
github.com/opea-project/genaicomps,8130a3fb9cd8,exists,.github/workflows/scripts/get_test_matrix.sh,yes
github.com/opea-project/genaicomps,8130a3fb9cd8,exists,.github/workflows/scripts/k8s-utils.sh,yes
github.com/opea-project/genaicomps,8130a3fb9cd8,exists,.github/workflows/scripts/freeze_images.sh,yes
github.com/opea-project/genaicomps,8130a3fb9cd8,exists,.github/workflows/scripts/freeze_requirements.sh,yes
github.com/opea-project/genaicomps,8130a3fb9cd8,exists,.github/workflows/scripts/codeScan/trellix.sh,yes
github.com/opea-project/genaicomps,8130a3fb9cd8,exists,.github/workflows/scripts/change_color,yes
github.com/opea-project/genaicomps,8130a3fb9cd8,exists,,yes
github.com/opea-project/genaicomps,8130a3fb9cd8,exists,pyproject.toml,yes
github.com/opea-project/genaicomps,8130a3fb9cd8,exists,setup.py,yes
github.com/opea-project/genaicomps,8130a3fb9cd8,exists,setup.cfg,no
github.com/open-mpic/open-mpic-core-python,5bf677ed79ba,exists,,yes
github.com/open-mpic/open-mpic-core-python,5bf677ed79ba,exists,pyproject.toml,yes
github.com/open-mpic/open-mpic-core-python,5bf677ed79ba,exists,hatch.toml,no
github.com/open-mpic/open-mpic-core-python,5bf677ed79ba,exists,setup.py,no
github.com/open-mpic/open-mpic-core-python,5bf677ed79ba,exists,setup.cfg,no
github.com/opensanctions/yente,22d6562c22e9,exists,,yes
github.com/opensanctions/yente,22d6562c22e9,exists,pyproject.toml,yes
github.com/opensanctions/yente,22d6562c22e9,exists,setup.py,no
github.com/opensanctions/yente,22d6562c22e9,exists,setup.cfg,no
github.com/opensanctions/yente,22d6562c22e9,exists,GNUmakefile,no
github.com/opensanctions/yente,22d6562c22e9,exists,makefile,no
github.com/opensanctions/yente,22d6562c22e9,exists,Makefile,yes
github.com/opensanctions/yente,22d6562c22e9,exists,uv.lock,no
github.com/openwallet-foundation/acapy,e52d3c08916c,exists,.github/actions/is-release/action.yml,yes
github.com/openwallet-foundation/acapy,e52d3c08916c,exists,.github/actions/run-integration-tests/action.yml,yes
github.com/openwallet-foundation/acapy,e52d3c08916c,exists,.github/actions/run-unit-tests/action.yml,yes
github.com/openwallet-foundation/acapy,e52d3c08916c,exists,.github/actions/run-postgres-tests/action.yml,yes
github.com/openwallet-foundation/acapy,e52d3c08916c,exists,demo/run_bdd,yes
github.com/openwallet-foundation/acapy,e52d3c08916c,exists,owl-agent-test-harness/manage,no
github.com/openwallet-foundation/acapy,e52d3c08916c,exists,,yes
github.com/openwallet-foundation/acapy,e52d3c08916c,exists,pyproject.toml,yes
github.com/openwallet-foundation/acapy,e52d3c08916c,exists,poetry.lock,yes
github.com/openwallet-foundation/acapy,e52d3c08916c,exists,setup.py,no
github.com/openwallet-foundation/acapy,e52d3c08916c,exists,setup.cfg,no
github.com/openwallet-foundation/acapy,e52d3c08916c,exists,mkdocs-requirements.txt,yes
github.com/openwallet-foundation/acapy,e52d3c08916c,exists,scripts/prepmkdocs.sh,yes
github.com/openwallet-foundation/acapy,e52d3c08916c,exists,scenarios,yes
github.com/openwallet-foundation/acapy,e52d3c08916c,exists,scenarios/pyproject.toml,yes
github.com/openwallet-foundation/acapy,e52d3c08916c,exists,scenarios/poetry.lock,yes
github.com/opsmill/infrahub,7a97d8e609da,exists,,yes
github.com/opsmill/infrahub,7a97d8e609da,exists,pyproject.toml,yes
github.com/opsmill/infrahub,7a97d8e609da,exists,uv.lock,yes
github.com/opsmill/infrahub,7a97d8e609da,exists,development,yes
github.com/opsmill/infrahub,7a97d8e609da,exists,development/pyproject.toml,no
github.com/opsmill/infrahub,7a97d8e609da,exists,<(,no
github.com/opsmill/infrahub,7a97d8e609da,exists,actionlint,no
github.com/opsmill/infrahub,7a97d8e609da,exists,python_testcontainers,yes
github.com/opsmill/infrahub,7a97d8e609da,exists,python_testcontainers/pyproject.toml,yes
github.com/opsmill/infrahub,7a97d8e609da,exists,python_testcontainers/uv.lock,yes
github.com/opsmill/infrahub,7a97d8e609da,exists,docs,yes
github.com/opsmill/infrahub,7a97d8e609da,exists,docs/pyproject.toml,no
github.com/opsmill/infrahub,7a97d8e609da,exists,vale,no
github.com/opsmill/infrahub,7a97d8e609da,exists,frontend/app,yes
github.com/opsmill/infrahub,7a97d8e609da,exists,frontend/app/pyproject.toml,no
github.com/opsmill/infrahub,7a97d8e609da,exists,frontend/pyproject.toml,no
github.com/oraios/serena,fd3e29ac50e2,exists,,yes
github.com/oraios/serena,fd3e29ac50e2,exists,pyproject.toml,yes
github.com/oraios/serena,fd3e29ac50e2,exists,setup.py,no
github.com/oraios/serena,fd3e29ac50e2,exists,setup.cfg,no
github.com/oraios/serena,fd3e29ac50e2,exists,uv.lock,yes
github.com/oraios/serena,fd3e29ac50e2,exists,swiftly,no
github.com/oraios/serena,981f560fa334,exists,,yes
github.com/oraios/serena,981f560fa334,exists,pyproject.toml,yes
github.com/oraios/serena,981f560fa334,exists,setup.py,no
github.com/oraios/serena,981f560fa334,exists,setup.cfg,no
github.com/oraios/serena,981f560fa334,exists,uv.lock,yes
github.com/oraios/serena,981f560fa334,exists,swiftly,no
github.com/ornl/opensampl,8e3d5a9f7b57,exists,,yes
github.com/ornl/opensampl,8e3d5a9f7b57,exists,pyproject.toml,yes
github.com/ornl/opensampl,8e3d5a9f7b57,exists,uv.lock,yes
github.com/oscal-compass/compliance-trestle,e2de2dde5840,exists,.github/actions/snyk-test/action.yml,no
github.com/oscal-compass/compliance-trestle,e2de2dde5840,exists,.github/actions/snyk-test/action.yaml,yes
github.com/oscal-compass/compliance-trestle,e2de2dde5840,exists,GNUmakefile,no
github.com/oscal-compass/compliance-trestle,e2de2dde5840,exists,makefile,no
github.com/oscal-compass/compliance-trestle,e2de2dde5840,exists,Makefile,yes
github.com/oscal-compass/compliance-trestle,e2de2dde5840,exists,,yes
github.com/oscal-compass/compliance-trestle,e2de2dde5840,exists,pyproject.toml,yes
github.com/oscal-compass/compliance-trestle,e2de2dde5840,exists,setup.py,no
github.com/oscal-compass/compliance-trestle,e2de2dde5840,exists,setup.cfg,no
github.com/oscal-compass/compliance-trestle,e2de2dde5840,exists,tests/manual_tests/test_binary.sh,yes
github.com/oscal-compass/compliance-trestle,e2de2dde5840,exists,hatch.toml,no
github.com/oscal-compass/compliance-trestle,e2de2dde5840,exists,requirements.txt,no
github.com/osism/netbox-manager,662aaf2aa87d,exists,,yes
github.com/osism/netbox-manager,662aaf2aa87d,exists,Pipfile,yes
github.com/otakup0pe/avakas,f7ee0945dacd,exists,GNUmakefile,no
github.com/otakup0pe/avakas,f7ee0945dacd,exists,makefile,no
github.com/otakup0pe/avakas,f7ee0945dacd,exists,Makefile,yes
github.com/otakup0pe/avakas,f7ee0945dacd,exists,scripts/integration,yes
github.com/palewire/datawrapper-mcp,508cd5338ef0,exists,,yes
github.com/palewire/datawrapper-mcp,508cd5338ef0,exists,pyproject.toml,yes
github.com/palewire/datawrapper-mcp,508cd5338ef0,exists,uv.lock,yes
github.com/palewire/datawrapper-mcp,508cd5338ef0,exists,mcp-publisher,no
github.com/palewire/datawrapper-mcp,508cd5338ef0,exists,GNUmakefile,no
github.com/palewire/datawrapper-mcp,508cd5338ef0,exists,makefile,no
github.com/palewire/datawrapper-mcp,508cd5338ef0,exists,Makefile,yes
github.com/pantos-io/common,b64e042a9860,exists,GNUmakefile,no
github.com/pantos-io/common,b64e042a9860,exists,makefile,no
github.com/pantos-io/common,b64e042a9860,exists,Makefile,yes
github.com/pantos-io/common,b64e042a9860,exists,,yes
github.com/pantos-io/common,b64e042a9860,exists,pyproject.toml,yes
github.com/pantos-io/common,b64e042a9860,exists,poetry.lock,yes
github.com/paulborie/whisperx-nemo-parallel,d951f945151a,exists,constraints.txt,no
github.com/phenobarbital/ai-parrot,dd4c70085cf5,exists,,yes
github.com/phenobarbital/ai-parrot,dd4c70085cf5,exists,pyproject.toml,yes
github.com/phenobarbital/ai-parrot,dd4c70085cf5,exists,uv.lock,no
github.com/phenobarbital/ai-parrot,dd4c70085cf5,exists,GNUmakefile,no
github.com/phenobarbital/ai-parrot,dd4c70085cf5,exists,makefile,no
github.com/phenobarbital/ai-parrot,dd4c70085cf5,exists,Makefile,yes
github.com/pibrewing/craftbeerpi4,0c834b698f74,exists,requirements.txt,yes
github.com/plone/cookieplone,ab7d65ac76a8,exists,,yes
github.com/plone/cookieplone,ab7d65ac76a8,exists,pyproject.toml,yes
github.com/plone/cookieplone,ab7d65ac76a8,exists,uv.lock,yes
github.com/plone/cookieplone,ab7d65ac76a8,exists,GNUmakefile,no
github.com/plone/cookieplone,ab7d65ac76a8,exists,makefile,no
github.com/plone/cookieplone,ab7d65ac76a8,exists,Makefile,yes
github.com/plone/cookieplone,ab7d65ac76a8,exists,docs/GNUmakefile,no
github.com/plone/cookieplone,ab7d65ac76a8,exists,docs/makefile,no
github.com/plone/cookieplone,ab7d65ac76a8,exists,docs/Makefile,yes
github.com/pollen-robotics/reachy_mini,f7a58c9b7a78,exists,,yes
github.com/pollen-robotics/reachy_mini,f7a58c9b7a78,exists,pyproject.toml,yes
github.com/pollen-robotics/reachy_mini,f7a58c9b7a78,exists,uv.lock,yes
github.com/pretalx/pretalx,0c271cfd6b09,exists,justfile,yes
github.com/pretalx/pretalx,0c271cfd6b09,exists,,yes
github.com/pretalx/pretalx,0c271cfd6b09,exists,pyproject.toml,yes
github.com/pretalx/pretalx,0c271cfd6b09,exists,uv.lock,yes
github.com/projectsyn/commodore,53a7ed44c259,exists,GNUmakefile,no
github.com/projectsyn/commodore,53a7ed44c259,exists,makefile,no
github.com/projectsyn/commodore,53a7ed44c259,exists,Makefile,yes
github.com/projectsyn/commodore,53a7ed44c259,exists,,yes
github.com/projectsyn/commodore,53a7ed44c259,exists,pyproject.toml,yes
github.com/projectsyn/commodore,53a7ed44c259,exists,poetry.lock,yes
github.com/projectsyn/commodore,53a7ed44c259,exists,tox.ini,yes
github.com/projectsyn/commodore,53a7ed44c259,exists,setup.py,no
github.com/projectsyn/commodore,53a7ed44c259,exists,setup.cfg,no
github.com/projectsyn/commodore,c3ad72174321,exists,GNUmakefile,no
github.com/projectsyn/commodore,c3ad72174321,exists,makefile,no
github.com/projectsyn/commodore,c3ad72174321,exists,Makefile,yes
github.com/projectsyn/commodore,c3ad72174321,exists,,yes
github.com/projectsyn/commodore,c3ad72174321,exists,pyproject.toml,yes
github.com/projectsyn/commodore,c3ad72174321,exists,poetry.lock,yes
github.com/projectsyn/commodore,c3ad72174321,exists,tox.ini,yes
github.com/projectsyn/commodore,c3ad72174321,exists,setup.py,no
github.com/projectsyn/commodore,c3ad72174321,exists,setup.cfg,no
github.com/prosuite/prosuite-mcp,da6072d12dc3,exists,,yes
github.com/prosuite/prosuite-mcp,da6072d12dc3,exists,pyproject.toml,yes
github.com/prosuite/prosuite-mcp,da6072d12dc3,exists,uv.lock,no
github.com/pwilkin/grizabella,89f1e73e7d4f,exists,,yes
github.com/pwilkin/grizabella,89f1e73e7d4f,exists,pyproject.toml,yes
github.com/pwilkin/grizabella,89f1e73e7d4f,exists,poetry.lock,yes
github.com/python-gino/gino-starlette,e83ddfbe70ed,exists,,yes
github.com/python-gino/gino-starlette,e83ddfbe70ed,exists,pyproject.toml,yes
github.com/python-gino/gino-starlette,e83ddfbe70ed,exists,poetry.lock,yes
github.com/qualixar/superlocalmemory,58f58768a8ff,exists,,yes
github.com/qualixar/superlocalmemory,58f58768a8ff,exists,pyproject.toml,yes
github.com/qualixar/superlocalmemory,58f58768a8ff,exists,uv.lock,no
github.com/qualixar/superlocalmemory,58f58768a8ff,exists,setup.py,no
github.com/qualixar/superlocalmemory,58f58768a8ff,exists,setup.cfg,no
github.com/quantbelt/jupyter-quant,70c4e90001b1,exists,,yes
github.com/quantbelt/jupyter-quant,70c4e90001b1,exists,pyproject.toml,yes
github.com/quantbelt/jupyter-quant,70c4e90001b1,exists,setup.py,no
github.com/quantbelt/jupyter-quant,70c4e90001b1,exists,setup.cfg,no
github.com/quantbelt/jupyter-quant,a82fddfc37f2,exists,,yes
github.com/quantbelt/jupyter-quant,a82fddfc37f2,exists,pyproject.toml,yes
github.com/quantbelt/jupyter-quant,a82fddfc37f2,exists,setup.py,no
github.com/quantbelt/jupyter-quant,a82fddfc37f2,exists,setup.cfg,no
github.com/rahmatnazali/pimage,929f329e276f,exists,requirements.txt,yes
github.com/railtownai/railtracks,bfae26e2f8f1,exists,.github/actions/install-deps/action.yml,no
github.com/railtownai/railtracks,bfae26e2f8f1,exists,.github/actions/install-deps/action.yaml,yes
github.com/railtownai/railtracks,bfae26e2f8f1,exists,packages/railtracks,yes
github.com/railtownai/railtracks,bfae26e2f8f1,exists,packages/railtracks/pyproject.toml,yes
github.com/railtownai/railtracks,bfae26e2f8f1,exists,packages/railtracks/setup.py,no
github.com/railtownai/railtracks,bfae26e2f8f1,exists,packages/railtracks/setup.cfg,no
github.com/railtownai/railtracks,bfae26e2f8f1,exists,docs/scripts/requirements.txt,yes
github.com/railtownai/railtracks,bfae26e2f8f1,exists,scripts/check_licenses.sh,yes
github.com/railtownai/railtracks,bfae26e2f8f1,exists,scripts/docs_validation.sh,yes
github.com/railtownai/railtracks,bfae26e2f8f1,exists,scripts/generate_api_docs.sh,yes
github.com/railtownai/railtracks,bfae26e2f8f1,exists,,yes
github.com/railtownai/railtracks,bfae26e2f8f1,exists,pyproject.toml,yes
github.com/railtownai/railtracks,bfae26e2f8f1,exists,uv.lock,yes
github.com/rchapin/rsyncdirector,f4ee66441263,exists,,yes
github.com/rchapin/rsyncdirector,f4ee66441263,exists,pyproject.toml,yes
github.com/rchapin/rsyncdirector,f4ee66441263,exists,setup.py,no
github.com/rchapin/rsyncdirector,f4ee66441263,exists,setup.cfg,no
github.com/rchapin/rsyncdirector,f4ee66441263,exists,requirements.txt,yes
github.com/rchapin/rsyncdirector,f4ee66441263,exists,requirements_test.txt,yes
github.com/rchapin/rsyncdirector,f4ee66441263,exists,requirements_test.in,yes
github.com/red-hat-ai-innovation-team/sdg_hub,b0b856ece666,exists,.github/actions/free-disk-space/action.yml,yes
github.com/red-hat-ai-innovation-team/sdg_hub,b0b856ece666,exists,,yes
github.com/red-hat-ai-innovation-team/sdg_hub,b0b856ece666,exists,pyproject.toml,yes
github.com/red-hat-ai-innovation-team/sdg_hub,b0b856ece666,exists,uv.lock,yes
github.com/red-hat-ai-innovation-team/sdg_hub,b0b856ece666,exists,GNUmakefile,no
github.com/red-hat-ai-innovation-team/sdg_hub,b0b856ece666,exists,makefile,no
github.com/red-hat-ai-innovation-team/sdg_hub,b0b856ece666,exists,Makefile,yes
github.com/red-hat-ai-innovation-team/sdg_hub,b0b856ece666,exists,setup.py,no
github.com/red-hat-ai-innovation-team/sdg_hub,b0b856ece666,exists,setup.cfg,no
github.com/redhat-performance/cloud-governance,bbac8d27dd71,exists,requirements.txt,yes
github.com/redhat-performance/cloud-governance,bbac8d27dd71,exists,tests_requirements.txt,yes
github.com/redhat-performance/cloud-governance,bbac8d27dd71,exists,requirmenets.txt,no
github.com/redis/agent-memory-server,85d2a83d53ea,exists,agent-memory-client/agent-memory-client-java/gradlew,yes
github.com/redis/agent-memory-server,85d2a83d53ea,exists,agent-memory-client,yes
github.com/redis/agent-memory-server,85d2a83d53ea,exists,agent-memory-client/pyproject.toml,yes
github.com/redis/agent-memory-server,85d2a83d53ea,exists,pyproject.toml,yes
github.com/redis/agent-memory-server,85d2a83d53ea,exists,uv.lock,yes
github.com/redis/agent-memory-server,85d2a83d53ea,exists,,yes
github.com/redis/agent-memory-server,85d2a83d53ea,exists,GNUmakefile,no
github.com/redis/agent-memory-server,85d2a83d53ea,exists,makefile,no
github.com/redis/agent-memory-server,85d2a83d53ea,exists,Makefile,yes
github.com/redis/agent-memory-server,85d2a83d53ea,exists,agent-memory-client/setup.py,no
github.com/redis/agent-memory-server,85d2a83d53ea,exists,agent-memory-client/setup.cfg,no
github.com/reqstool/reqstool-python-poetry-plugin,ff00e385c6fb,exists,,yes
github.com/reqstool/reqstool-python-poetry-plugin,ff00e385c6fb,exists,pyproject.toml,yes
github.com/reqstool/reqstool-python-poetry-plugin,ff00e385c6fb,exists,poetry.lock,no
github.com/rivm-bioinformatics/gen-epix-api,724a2236702a,exists,requirements.txt,yes
github.com/rivm-bioinformatics/gen-epix-api,724a2236702a,exists,dev-requirements.txt,yes
github.com/rivm-bioinformatics/gen-epix-api,963b288db091,exists,requirements.txt,yes
github.com/rivm-bioinformatics/gen-epix-api,963b288db091,exists,dev-requirements.txt,yes
github.com/rivm-bioinformatics/gen-epix-api,b1d956f6f1db,exists,requirements.txt,yes
github.com/rivm-bioinformatics/gen-epix-api,b1d956f6f1db,exists,dev-requirements.txt,yes
github.com/rlaphoenix/nton,f14dee485bbe,exists,,yes
github.com/rlaphoenix/nton,f14dee485bbe,exists,pyproject.toml,yes
github.com/rlaphoenix/nton,f14dee485bbe,exists,uv.lock,yes
github.com/rmednitzer/relay-shell,c07672aa663d,exists,,yes
github.com/rmednitzer/relay-shell,c07672aa663d,exists,pyproject.toml,yes
github.com/rmednitzer/relay-shell,c07672aa663d,exists,setup.py,no
github.com/rmednitzer/relay-shell,c07672aa663d,exists,setup.cfg,no
github.com/rmednitzer/relay-shell,c07672aa663d,exists,requirements.txt,yes
github.com/rootly-ai-labs/rootly-mcp-server,64798572e05d,exists,,yes
github.com/rootly-ai-labs/rootly-mcp-server,64798572e05d,exists,pyproject.toml,yes
github.com/rootly-ai-labs/rootly-mcp-server,64798572e05d,exists,uv.lock,yes
github.com/rootly-ai-labs/rootly-mcp-server,64798572e05d,exists,setup.py,no
github.com/rootly-ai-labs/rootly-mcp-server,64798572e05d,exists,setup.cfg,no
github.com/roquerodrigo/ttlock-ble,880f01e76d74,exists,,yes
github.com/roquerodrigo/ttlock-ble,880f01e76d74,exists,pyproject.toml,yes
github.com/roquerodrigo/ttlock-ble,880f01e76d74,exists,uv.lock,yes
github.com/rotationalio/guidelight,648a9f9cc237,exists,requirements.txt,yes
github.com/sagewai/platform,f5e6c9aef9d5,exists,,yes
github.com/sagewai/platform,f5e6c9aef9d5,exists,pyproject.toml,yes
github.com/sagewai/platform,f5e6c9aef9d5,exists,uv.lock,yes
github.com/sagewai/platform,f5e6c9aef9d5,exists,packages/sdk,yes
github.com/sagewai/platform,f5e6c9aef9d5,exists,packages/sdk/pyproject.toml,yes
github.com/sagewai/platform,f5e6c9aef9d5,exists,packages/pyproject.toml,no
github.com/sagewai/platform,f5e6c9aef9d5,exists,setup.py,no
github.com/sagewai/platform,f5e6c9aef9d5,exists,setup.cfg,no
github.com/sagewai/platform,f5e6c9aef9d5,exists,sagewai,no
github.com/sagewai/platform,f5e6c9aef9d5,exists,scripts/release.sh,yes
github.com/saigontechnology/agentcrew,aba034c13d61,exists,,yes
github.com/saigontechnology/agentcrew,aba034c13d61,exists,pyproject.toml,yes
github.com/saigontechnology/agentcrew,aba034c13d61,exists,uv.lock,yes
github.com/saintangels/cs-mini-2024z-automl_project_2,91441d329bed,exists,deploy.sh,yes
github.com/samhammerag/sag_py_auth,0c3892e38321,exists,requirements-dev.txt,yes
github.com/samhammerag/sag_py_auth,0c3892e38321,exists,requirements.txt,yes
github.com/samr1/fittrackee,80c19816b7a4,exists,,yes
github.com/samr1/fittrackee,80c19816b7a4,exists,pyproject.toml,yes
github.com/samr1/fittrackee,80c19816b7a4,exists,poetry.lock,yes
github.com/samr1/fittrackee,80c19816b7a4,exists,GNUmakefile,no
github.com/samr1/fittrackee,80c19816b7a4,exists,makefile,no
github.com/samr1/fittrackee,80c19816b7a4,exists,Makefile,yes
github.com/samr1/fittrackee,680e1e8f4ce4,exists,,yes
github.com/samr1/fittrackee,680e1e8f4ce4,exists,pyproject.toml,yes
github.com/samr1/fittrackee,680e1e8f4ce4,exists,poetry.lock,yes
github.com/samr1/fittrackee,680e1e8f4ce4,exists,GNUmakefile,no
github.com/samr1/fittrackee,680e1e8f4ce4,exists,makefile,no
github.com/samr1/fittrackee,680e1e8f4ce4,exists,Makefile,yes
github.com/sciapp/sampledb,fc95ee51f462,exists,requirements.txt,yes
github.com/sciapp/sampledb,fc95ee51f462,exists,requirements.test.txt,yes
github.com/sciapp/sampledb,fc95ee51f462,exists,requirements.analyze.txt,yes
github.com/sciapp/sampledb,fc95ee51f462,exists,requirements.without_requests.txt,no
github.com/sciapp/sampledb,fc95ee51f462,exists,requirements.documentation.txt,yes
github.com/sciapp/sampledb,fc95ee51f462,exists,sampledb-docs/requirements.txt,no
github.com/sciapp/sampledb,fc95ee51f462,exists,sampledb-docs/GNUmakefile,no
github.com/sciapp/sampledb,fc95ee51f462,exists,sampledb-docs/makefile,no
github.com/sciapp/sampledb,fc95ee51f462,exists,sampledb-docs/Makefile,no
github.com/sciapp/sampledb,a94624049cec,exists,requirements.txt,yes
github.com/sciapp/sampledb,a94624049cec,exists,requirements.test.txt,yes
github.com/sciapp/sampledb,a94624049cec,exists,requirements.analyze.txt,yes
github.com/sciapp/sampledb,a94624049cec,exists,requirements.without_requests.txt,no
github.com/sciapp/sampledb,a94624049cec,exists,requirements.documentation.txt,yes
github.com/sciapp/sampledb,a94624049cec,exists,sampledb-docs/requirements.txt,no
github.com/sciapp/sampledb,a94624049cec,exists,sampledb-docs/GNUmakefile,no
github.com/sciapp/sampledb,a94624049cec,exists,sampledb-docs/makefile,no
github.com/sciapp/sampledb,a94624049cec,exists,sampledb-docs/Makefile,no
github.com/sciapp/sampledb,0aecc69a2bc2,exists,requirements.txt,yes
github.com/sciapp/sampledb,0aecc69a2bc2,exists,requirements.test.txt,yes
github.com/sciapp/sampledb,0aecc69a2bc2,exists,requirements.analyze.txt,yes
github.com/sciapp/sampledb,0aecc69a2bc2,exists,requirements.without_requests.txt,no
github.com/sciapp/sampledb,0aecc69a2bc2,exists,requirements.documentation.txt,yes
github.com/sciapp/sampledb,0aecc69a2bc2,exists,sampledb-docs/requirements.txt,no
github.com/sciapp/sampledb,0aecc69a2bc2,exists,sampledb-docs/GNUmakefile,no
github.com/sciapp/sampledb,0aecc69a2bc2,exists,sampledb-docs/makefile,no
github.com/sciapp/sampledb,0aecc69a2bc2,exists,sampledb-docs/Makefile,no
github.com/sciapp/sampledb,61d603fed137,exists,requirements.txt,yes
github.com/sciapp/sampledb,61d603fed137,exists,requirements.test.txt,yes
github.com/sciapp/sampledb,61d603fed137,exists,requirements.analyze.txt,yes
github.com/sciapp/sampledb,61d603fed137,exists,requirements.without_requests.txt,no
github.com/sciapp/sampledb,61d603fed137,exists,requirements.documentation.txt,yes
github.com/sciapp/sampledb,61d603fed137,exists,sampledb-docs/requirements.txt,no
github.com/sciapp/sampledb,61d603fed137,exists,sampledb-docs/GNUmakefile,no
github.com/sciapp/sampledb,61d603fed137,exists,sampledb-docs/makefile,no
github.com/sciapp/sampledb,61d603fed137,exists,sampledb-docs/Makefile,no
github.com/scilifelabdatacentre/dds_cli,a12b26cf3e7a,exists,,yes
github.com/scilifelabdatacentre/dds_cli,a12b26cf3e7a,exists,pyproject.toml,yes
github.com/scilifelabdatacentre/dds_cli,a12b26cf3e7a,exists,setup.py,yes
github.com/scilifelabdatacentre/dds_cli,a12b26cf3e7a,exists,setup.cfg,no
github.com/scilifelabdatacentre/dds_cli,a12b26cf3e7a,exists,tests/requirements-test.txt,yes
github.com/scilifelabdatacentre/dds_cli,a12b26cf3e7a,exists,requirements.txt,yes
github.com/scilifelabdatacentre/dds_cli,a12b26cf3e7a,exists,dist/dds_cli_ubuntu-latest_x86_64,no
github.com/scilifelabdatacentre/dds_cli,a12b26cf3e7a,exists,requirements-dev.txt,yes
github.com/scottconverse/productteam,8bdac7d79085,exists,,yes
github.com/scottconverse/productteam,8bdac7d79085,exists,pyproject.toml,yes
github.com/scottconverse/productteam,8bdac7d79085,exists,setup.py,no
github.com/scottconverse/productteam,8bdac7d79085,exists,setup.cfg,no
github.com/scottconverse/productteam,8bdac7d79085,exists,requirements-dev.txt,yes
github.com/scottrbk/forgetful,5fc8650975b3,exists,,yes
github.com/scottrbk/forgetful,5fc8650975b3,exists,pyproject.toml,yes
github.com/scottrbk/forgetful,5fc8650975b3,exists,uv.lock,yes
github.com/scottrbk/forgetful,5fc8650975b3,exists,setup.py,no
github.com/scottrbk/forgetful,5fc8650975b3,exists,setup.cfg,no
github.com/security-experts-community/py-ptsandbox,471ba7c1d072,exists,,yes
github.com/security-experts-community/py-ptsandbox,471ba7c1d072,exists,pyproject.toml,yes
github.com/security-experts-community/py-ptsandbox,471ba7c1d072,exists,uv.lock,yes
github.com/seifreed/euvd-cli,e9b41c305926,exists,requirements.txt,yes
github.com/seifreed/euvd-cli,e9b41c305926,exists,,yes
github.com/seifreed/euvd-cli,e9b41c305926,exists,pyproject.toml,no
github.com/seifreed/euvd-cli,e9b41c305926,exists,setup.py,yes
github.com/seifreed/euvd-cli,e9b41c305926,exists,setup.cfg,no
github.com/shakenfist/kerbside,78ebd3f99837,exists,,yes
github.com/shakenfist/kerbside,78ebd3f99837,exists,tox.ini,yes
github.com/shakenfist/kerbside,78ebd3f99837,exists,pyproject.toml,yes
github.com/shakenfist/kerbside,78ebd3f99837,exists,setup.py,no
github.com/shakenfist/kerbside,78ebd3f99837,exists,setup.cfg,no
github.com/shakenfist/kerbside,78ebd3f99837,exists,tools/flake8wrap.sh,yes
github.com/snowflakedb/snowflake-cli,3029b4d29a43,exists,,yes
github.com/snowflakedb/snowflake-cli,3029b4d29a43,exists,pyproject.toml,yes
github.com/snowflakedb/snowflake-cli,3029b4d29a43,exists,setup.py,no
github.com/snowflakedb/snowflake-cli,3029b4d29a43,exists,setup.cfg,no
github.com/snowflakedb/snowflake-cli,3029b4d29a43,exists,hatch.toml,no
github.com/snowflakedb/snowflake-cli,83b8ab3a26ea,exists,,yes
github.com/snowflakedb/snowflake-cli,83b8ab3a26ea,exists,pyproject.toml,yes
github.com/snowflakedb/snowflake-cli,83b8ab3a26ea,exists,setup.py,no
github.com/snowflakedb/snowflake-cli,83b8ab3a26ea,exists,setup.cfg,no
github.com/snowflakedb/snowflake-cli,83b8ab3a26ea,exists,hatch.toml,no
github.com/softwareunderstanding/rsmetacheck-bot,73c514d6a8b1,exists,.github/actions/setup-uv/action.yml,yes
github.com/softwareunderstanding/rsmetacheck-bot,73c514d6a8b1,exists,.github/actions/run-analysis/action.yml,yes
github.com/softwareunderstanding/rsmetacheck-bot,73c514d6a8b1,exists,,yes
github.com/softwareunderstanding/rsmetacheck-bot,73c514d6a8b1,exists,pyproject.toml,yes
github.com/softwareunderstanding/rsmetacheck-bot,73c514d6a8b1,exists,uv.lock,yes
github.com/solacelabs/solace-agent-mesh,fdce9e48633f,exists,.github/actions/push-docker/action.yml,yes
github.com/solacelabs/solace-agent-mesh,fdce9e48633f,exists,workflows-repo/.github/actions/validate-dependency-conflicts/action.yml,no
github.com/solacelabs/solace-agent-mesh,fdce9e48633f,exists,workflows-repo/.github/actions/validate-dependency-conflicts/action.yaml,no
github.com/solacelabs/solace-agent-mesh,fdce9e48633f,exists,,yes
github.com/solacelabs/solace-agent-mesh,fdce9e48633f,exists,pyproject.toml,yes
github.com/solacelabs/solace-agent-mesh,fdce9e48633f,exists,uv.lock,yes
github.com/solacelabs/solace-agent-mesh,fdce9e48633f,exists,hatch.toml,no
github.com/solacelabs/solace-agent-mesh,fdce9e48633f,exists,setup.py,no
github.com/solacelabs/solace-agent-mesh,fdce9e48633f,exists,setup.cfg,no
github.com/solacelabs/solace-agent-mesh,fdce9e48633f,exists,client/webui/frontend/node_modules/.bin/playwright,no
github.com/solacelabs/solace-agent-mesh,fdce9e48633f,exists,sam-test-infrastructure @ {root:uri}/tests/sam-test-infrastructure,no
github.com/solacelabs/solace-agent-mesh,1fa10a68d067,exists,.github/actions/push-docker/action.yml,yes
github.com/solacelabs/solace-agent-mesh,1fa10a68d067,exists,workflows-repo/.github/actions/validate-dependency-conflicts/action.yml,no
github.com/solacelabs/solace-agent-mesh,1fa10a68d067,exists,workflows-repo/.github/actions/validate-dependency-conflicts/action.yaml,no
github.com/solacelabs/solace-agent-mesh,1fa10a68d067,exists,,yes
github.com/solacelabs/solace-agent-mesh,1fa10a68d067,exists,pyproject.toml,yes
github.com/solacelabs/solace-agent-mesh,1fa10a68d067,exists,uv.lock,yes
github.com/solacelabs/solace-agent-mesh,1fa10a68d067,exists,hatch.toml,no
github.com/solacelabs/solace-agent-mesh,1fa10a68d067,exists,setup.py,no
github.com/solacelabs/solace-agent-mesh,1fa10a68d067,exists,setup.cfg,no
github.com/solacelabs/solace-agent-mesh,1fa10a68d067,exists,client/webui/frontend/node_modules/.bin/playwright,no
github.com/solacelabs/solace-agent-mesh,1fa10a68d067,exists,sam-test-infrastructure @ {root:uri}/tests/sam-test-infrastructure,no
github.com/sonocent/daktari,d5293baf79bf,exists,requirements-dev.txt,yes
github.com/sonocent/daktari,d5293baf79bf,exists,requirements.txt,yes
github.com/sonocent/daktari,9f5064aa2632,exists,requirements-dev.txt,yes
github.com/sonocent/daktari,9f5064aa2632,exists,requirements.txt,yes
github.com/speced/bikeshed,9b97aaefea09,exists,,yes
github.com/speced/bikeshed,9b97aaefea09,exists,pyproject.toml,yes
github.com/speced/bikeshed,9b97aaefea09,exists,setup.py,yes
github.com/speced/bikeshed,9b97aaefea09,exists,setup.cfg,no
github.com/speced/bikeshed,9b97aaefea09,exists,requirements-dev.txt,yes
github.com/speced/bikeshed,9b97aaefea09,exists,requirements.txt,yes
github.com/speced/bikeshed,9b97aaefea09,exists,.github/workflows/update-tests/requirements.txt,yes
github.com/spignotti/litresearch,184709c18c6c,exists,,yes
github.com/spignotti/litresearch,184709c18c6c,exists,pyproject.toml,yes
github.com/spignotti/litresearch,184709c18c6c,exists,uv.lock,yes
github.com/spignotti/litresearch,184709c18c6c,exists,noxfile.py,yes
github.com/stanfordnlp/dspy,940629124348,exists,,yes
github.com/stanfordnlp/dspy,940629124348,exists,pyproject.toml,yes
github.com/stanfordnlp/dspy,940629124348,exists,setup.py,no
github.com/stanfordnlp/dspy,940629124348,exists,setup.cfg,no
github.com/stanfordnlp/dspy,940629124348,exists,docs/requirements.txt,yes
github.com/stanfordnlp/dspy,940629124348,exists,uv.lock,yes
github.com/steveyegge/beads,dc398f5acc77,exists,scripts/check-versions.sh,yes
github.com/steveyegge/beads,dc398f5acc77,exists,scripts/check-doc-flags.sh,yes
github.com/steveyegge/beads,dc398f5acc77,exists,.github/scripts/embedded-test-shard.sh,yes
github.com/steveyegge/beads,dc398f5acc77,exists,GNUmakefile,no
github.com/steveyegge/beads,dc398f5acc77,exists,makefile,no
github.com/steveyegge/beads,dc398f5acc77,exists,Makefile,yes
github.com/steveyegge/beads,dc398f5acc77,exists,scripts/generate-llms-full.sh,yes
github.com/stuffanthings/qbit_manage,b326ba6e4484,exists,,yes
github.com/stuffanthings/qbit_manage,b326ba6e4484,exists,pyproject.toml,yes
github.com/stuffanthings/qbit_manage,b326ba6e4484,exists,setup.py,yes
github.com/stuffanthings/qbit_manage,b326ba6e4484,exists,setup.cfg,no
github.com/stuffanthings/qbit_manage,b326ba6e4484,exists,scripts/pre-commit/update_develop_version.sh,yes
github.com/suitable-adventures/suitable-loop,e6c142d0fbe6,exists,,yes
github.com/suitable-adventures/suitable-loop,e6c142d0fbe6,exists,pyproject.toml,yes
github.com/suitable-adventures/suitable-loop,e6c142d0fbe6,exists,uv.lock,no
github.com/suitable-adventures/suitable-loop,e6c142d0fbe6,exists,setup.py,no
github.com/suitable-adventures/suitable-loop,e6c142d0fbe6,exists,setup.cfg,no
github.com/supervisely/supervisely,4690d8548ae6,exists,,yes
github.com/supervisely/supervisely,4690d8548ae6,exists,pyproject.toml,yes
github.com/supervisely/supervisely,4690d8548ae6,exists,setup.py,yes
github.com/supervisely/supervisely,4690d8548ae6,exists,setup.cfg,no
github.com/swival/swival,8ec03a676abb,exists,,yes
github.com/swival/swival,8ec03a676abb,exists,pyproject.toml,yes
github.com/swival/swival,8ec03a676abb,exists,uv.lock,yes
github.com/talkinglibrary/talklib,6107a228a8d8,exists,,yes
github.com/talkinglibrary/talklib,6107a228a8d8,exists,pyproject.toml,yes
github.com/talkinglibrary/talklib,6107a228a8d8,exists,setup.py,no
github.com/talkinglibrary/talklib,6107a228a8d8,exists,setup.cfg,no
github.com/taylorleese/mcp-toolz,c12840942814,exists,requirements-pip.txt,yes
github.com/taylorleese/mcp-toolz,c12840942814,exists,requirements-dev.txt,yes
github.com/taylorleese/mcp-toolz,c12840942814,exists,GNUmakefile,no
github.com/taylorleese/mcp-toolz,c12840942814,exists,makefile,no
github.com/taylorleese/mcp-toolz,c12840942814,exists,Makefile,yes
github.com/taylorleese/mcp-toolz,c12840942814,exists,,yes
github.com/taylorleese/mcp-toolz,c12840942814,exists,pyproject.toml,yes
github.com/taylorleese/mcp-toolz,c12840942814,exists,setup.py,no
github.com/taylorleese/mcp-toolz,c12840942814,exists,setup.cfg,no
github.com/teeay/usable-vibe,278a61ec7fba,exists,,yes
github.com/teeay/usable-vibe,278a61ec7fba,exists,pyproject.toml,yes
github.com/teeay/usable-vibe,278a61ec7fba,exists,uv.lock,yes
github.com/tellor-io/telliot-feeds,1c8ef10ee1a6,exists,,yes
github.com/tellor-io/telliot-feeds,1c8ef10ee1a6,exists,tox.ini,yes
github.com/tellor-io/telliot-feeds,1c8ef10ee1a6,exists,pyproject.toml,yes
github.com/tellor-io/telliot-feeds,1c8ef10ee1a6,exists,setup.py,yes
github.com/tellor-io/telliot-feeds,1c8ef10ee1a6,exists,setup.cfg,yes
github.com/tellor-io/telliot-feeds,1c8ef10ee1a6,exists,telliot-core @ git+https:/github.com/tellor-io/telliot-core.git@main,no
github.com/thaersaidi/genesismesh,9b703773ed86,exists,requirements.txt,yes
github.com/thaersaidi/genesismesh,9b703773ed86,exists,requirements-dev.txt,yes
github.com/thaersaidi/genesismesh,9b703773ed86,exists,docs/requirements.txt,yes
github.com/thaersaidi/genesismesh,9b703773ed86,exists,,yes
github.com/thaersaidi/genesismesh,9b703773ed86,exists,pyproject.toml,yes
github.com/thaersaidi/genesismesh,9b703773ed86,exists,setup.py,yes
github.com/thaersaidi/genesismesh,9b703773ed86,exists,setup.cfg,no
github.com/thataverageguy/llm-gate,31c3a7c6590a,exists,,yes
github.com/thataverageguy/llm-gate,31c3a7c6590a,exists,pyproject.toml,yes
github.com/thataverageguy/llm-gate,31c3a7c6590a,exists,uv.lock,yes
github.com/thelastpickle/cassandra-medusa,27688aa9d94e,exists,,yes
github.com/thelastpickle/cassandra-medusa,27688aa9d94e,exists,pyproject.toml,yes
github.com/thelastpickle/cassandra-medusa,27688aa9d94e,exists,poetry.lock,yes
github.com/thelastpickle/cassandra-medusa,27688aa9d94e,exists,tox.ini,yes
github.com/thelastpickle/cassandra-medusa,27688aa9d94e,exists,setup.py,no
github.com/thelastpickle/cassandra-medusa,27688aa9d94e,exists,setup.cfg,no
github.com/thelastpickle/cassandra-medusa,27688aa9d94e,exists,__out__,no
github.com/thelastpickle/cassandra-medusa,27688aa9d94e,exists,__out__/pyproject.toml,no
github.com/thelastpickle/cassandra-medusa,27688aa9d94e,exists,fossa,no
github.com/theredtower/secure-string-cipher,44126f19fada,exists,,yes
github.com/theredtower/secure-string-cipher,44126f19fada,exists,pyproject.toml,yes
github.com/theredtower/secure-string-cipher,44126f19fada,exists,uv.lock,yes
github.com/theredtower/secure-string-cipher,44126f19fada,exists,GNUmakefile,no
github.com/theredtower/secure-string-cipher,44126f19fada,exists,makefile,no
github.com/theredtower/secure-string-cipher,44126f19fada,exists,Makefile,yes
github.com/thinkst/opencanary,3873d125741b,exists,,yes
github.com/thinkst/opencanary,3873d125741b,exists,pyproject.toml,yes
github.com/thinkst/opencanary,3873d125741b,exists,uv.lock,yes
github.com/thinkst/opencanary,3873d125741b,exists,setup.py,no
github.com/thinkst/opencanary,3873d125741b,exists,setup.cfg,no
github.com/thuuyen98/pier-qa,4924cc01deed,exists,,yes
github.com/thuuyen98/pier-qa,4924cc01deed,exists,pyproject.toml,yes
github.com/thuuyen98/pier-qa,4924cc01deed,exists,setup.py,yes
github.com/thuuyen98/pier-qa,4924cc01deed,exists,setup.cfg,no
github.com/tokmacher/tok,a959f07c1467,exists,,yes
github.com/tokmacher/tok,a959f07c1467,exists,pyproject.toml,yes
github.com/tokmacher/tok,a959f07c1467,exists,uv.lock,yes
github.com/tokmacher/tok,a959f07c1467,exists,setup.py,no
github.com/tokmacher/tok,a959f07c1467,exists,setup.cfg,no
github.com/toluaina/pgsync,239c9e216275,exists,requirements/dev.txt,yes
github.com/toluaina/pgsync,239c9e216275,exists,,yes
github.com/toluaina/pgsync,239c9e216275,exists,tox.ini,no
github.com/toluaina/pgsync,239c9e216275,exists,tox.toml,no
github.com/toluaina/pgsync,239c9e216275,exists,pyproject.toml,yes
github.com/toluaina/pgsync,239c9e216275,exists,setup.cfg,yes
github.com/traceloop/opentelemetry-mcp-server,28bdb9e55c82,exists,,yes
github.com/traceloop/opentelemetry-mcp-server,28bdb9e55c82,exists,pyproject.toml,yes
github.com/traceloop/opentelemetry-mcp-server,28bdb9e55c82,exists,uv.lock,yes
github.com/traceloop/opentelemetry-mcp-server,28bdb9e55c82,exists,setup.py,no
github.com/traceloop/opentelemetry-mcp-server,28bdb9e55c82,exists,setup.cfg,no
github.com/tvick64889/forgepair,928bb49c4b5f,exists,,yes
github.com/tvick64889/forgepair,928bb49c4b5f,exists,pyproject.toml,yes
github.com/tvick64889/forgepair,928bb49c4b5f,exists,setup.py,no
github.com/tvick64889/forgepair,928bb49c4b5f,exists,setup.cfg,no
github.com/tvick64889/forgepair,928bb49c4b5f,exists,requirements.txt,yes
github.com/tvick64889/forgepair,928bb49c4b5f,exists,requirements/requirements-dev.txt,yes
github.com/tvick64889/forgepair,928bb49c4b5f,exists,requirements-dev.txt,no
github.com/tvick64889/forgepair,5dc9490bb35f,exists,,yes
github.com/tvick64889/forgepair,5dc9490bb35f,exists,pyproject.toml,yes
github.com/tvick64889/forgepair,5dc9490bb35f,exists,setup.py,no
github.com/tvick64889/forgepair,5dc9490bb35f,exists,setup.cfg,no
github.com/tvick64889/forgepair,5dc9490bb35f,exists,requirements.txt,yes
github.com/tvick64889/forgepair,5dc9490bb35f,exists,requirements/requirements-dev.txt,yes
github.com/tvick64889/forgepair,5dc9490bb35f,exists,requirements-dev.txt,no
github.com/tykling/certgrinder,b2e6cffb4394,exists,,yes
github.com/tykling/certgrinder,b2e6cffb4394,exists,tox.ini,yes
github.com/tykling/certgrinder,b2e6cffb4394,exists,client,yes
github.com/tykling/certgrinder,b2e6cffb4394,exists,client/pyproject.toml,yes
github.com/tykling/certgrinder,b2e6cffb4394,exists,client/setup.py,no
github.com/tykling/certgrinder,b2e6cffb4394,exists,client/setup.cfg,no
github.com/tykling/certgrinder,b2e6cffb4394,exists,server,yes
github.com/tykling/certgrinder,b2e6cffb4394,exists,server/pyproject.toml,yes
github.com/tykling/certgrinder,b2e6cffb4394,exists,server/setup.py,no
github.com/tykling/certgrinder,b2e6cffb4394,exists,server/setup.cfg,no
github.com/tykling/certgrinder,b2e6cffb4394,exists,pyproject.toml,no
github.com/tykling/certgrinder,b2e6cffb4394,exists,setup.py,no
github.com/tykling/certgrinder,b2e6cffb4394,exists,setup.cfg,no
github.com/ukwhatn/wikidot.py,c9dc67ae4fd2,exists,GNUmakefile,no
github.com/ukwhatn/wikidot.py,c9dc67ae4fd2,exists,makefile,no
github.com/ukwhatn/wikidot.py,c9dc67ae4fd2,exists,Makefile,yes
github.com/ukwhatn/wikidot.py,c9dc67ae4fd2,exists,,yes
github.com/ukwhatn/wikidot.py,c9dc67ae4fd2,exists,pyproject.toml,yes
github.com/ukwhatn/wikidot.py,c9dc67ae4fd2,exists,uv.lock,yes
github.com/ulyssev/c2c_gpx,af86d91a96a4,exists,requirements.txt,yes
github.com/ulyssev/c2c_gpx,af86d91a96a4,exists,,yes
github.com/ulyssev/c2c_gpx,af86d91a96a4,exists,pyproject.toml,yes
github.com/ulyssev/c2c_gpx,af86d91a96a4,exists,setup.py,no
github.com/ulyssev/c2c_gpx,af86d91a96a4,exists,setup.cfg,no
github.com/unibo-dtm-se-2425-orecchiettetris/orecchiettetris-artifact,9c0fc5386626,exists,,yes
github.com/unibo-dtm-se-2425-orecchiettetris/orecchiettetris-artifact,9c0fc5386626,exists,pyproject.toml,yes
github.com/unibo-dtm-se-2425-orecchiettetris/orecchiettetris-artifact,9c0fc5386626,exists,poetry.lock,yes
github.com/unibo-dtm-se-2425-orecchiettetris/orecchiettetris-artifact,9c0fc5386626,exists,requirements.txt,yes
github.com/unitycatalog/unitycatalog,00a629b9c4cd,exists,requirements-docs.txt,yes
github.com/unitycatalog/unitycatalog,00a629b9c4cd,exists,ai/dev/start_unitycatalog.sh,yes
github.com/unitycatalog/unitycatalog,00a629b9c4cd,exists,ai/dev/teardown_server.sh,yes
github.com/unitycatalog/unitycatalog,00a629b9c4cd,exists,dev/install-uv.sh,yes
github.com/unitycatalog/unitycatalog,00a629b9c4cd,exists,clients/python/run-tests.sh,yes
github.com/unitycatalog/unitycatalog,00a629b9c4cd,exists,.github/scripts/install-uv.sh,yes
github.com/unitycatalog/unitycatalog,00a629b9c4cd,exists,ai/requirements/lint-requirements.lock,yes
github.com/unitycatalog/unitycatalog,00a629b9c4cd,exists,ai/core/requirements-dev.lock,yes
github.com/unitycatalog/unitycatalog,00a629b9c4cd,exists,ai/dev/install_client.sh,yes
github.com/unitycatalog/unitycatalog,00a629b9c4cd,exists,ai,yes
github.com/unitycatalog/unitycatalog,00a629b9c4cd,exists,ai/pyproject.toml,no
github.com/unitycatalog/unitycatalog,00a629b9c4cd,exists,pyproject.toml,no
github.com/unitycatalog/unitycatalog,00a629b9c4cd,exists,ai/core/requirements-databricks-dev.lock,yes
github.com/unitycatalog/unitycatalog,00a629b9c4cd,exists,ai/integrations/openai,yes
github.com/unitycatalog/unitycatalog,00a629b9c4cd,exists,ai/integrations/openai/pyproject.toml,yes
github.com/unitycatalog/unitycatalog,00a629b9c4cd,exists,ai/integrations/pyproject.toml,no
github.com/unitycatalog/unitycatalog,00a629b9c4cd,exists,ai/integrations/openai/uv.lock,yes
github.com/unitycatalog/unitycatalog,00a629b9c4cd,exists,ai/integrations/langchain,yes
github.com/unitycatalog/unitycatalog,00a629b9c4cd,exists,ai/integrations/langchain/pyproject.toml,yes
github.com/unitycatalog/unitycatalog,00a629b9c4cd,exists,ai/integrations/langchain/uv.lock,yes
github.com/unitycatalog/unitycatalog,00a629b9c4cd,exists,ai/integrations/anthropic,yes
github.com/unitycatalog/unitycatalog,00a629b9c4cd,exists,ai/integrations/anthropic/pyproject.toml,yes
github.com/unitycatalog/unitycatalog,00a629b9c4cd,exists,ai/integrations/anthropic/uv.lock,yes
github.com/unitycatalog/unitycatalog,00a629b9c4cd,exists,ai/integrations/autogen,yes
github.com/unitycatalog/unitycatalog,00a629b9c4cd,exists,ai/integrations/autogen/pyproject.toml,yes
github.com/unitycatalog/unitycatalog,00a629b9c4cd,exists,ai/integrations/autogen/uv.lock,yes
github.com/unitycatalog/unitycatalog,00a629b9c4cd,exists,ai/integrations/gemini,yes
github.com/unitycatalog/unitycatalog,00a629b9c4cd,exists,ai/integrations/gemini/pyproject.toml,yes
github.com/unitycatalog/unitycatalog,00a629b9c4cd,exists,ai/integrations/gemini/uv.lock,yes
github.com/unitycatalog/unitycatalog,00a629b9c4cd,exists,ai/integrations/litellm,yes
github.com/unitycatalog/unitycatalog,00a629b9c4cd,exists,ai/integrations/litellm/pyproject.toml,yes
github.com/unitycatalog/unitycatalog,00a629b9c4cd,exists,ai/integrations/litellm/uv.lock,yes
github.com/unitycatalog/unitycatalog,00a629b9c4cd,exists,ai/integrations/dspy,yes
github.com/unitycatalog/unitycatalog,00a629b9c4cd,exists,ai/integrations/dspy/pyproject.toml,yes
github.com/unitycatalog/unitycatalog,00a629b9c4cd,exists,ai/integrations/dspy/uv.lock,yes
github.com/unitycatalog/unitycatalog,00a629b9c4cd,exists,ai/integrations/llama_index,yes
github.com/unitycatalog/unitycatalog,00a629b9c4cd,exists,ai/integrations/llama_index/pyproject.toml,yes
github.com/unitycatalog/unitycatalog,00a629b9c4cd,exists,ai/integrations/llama_index/uv.lock,yes
github.com/unitycatalog/unitycatalog,00a629b9c4cd,exists,ai/integrations/crewai,yes
github.com/unitycatalog/unitycatalog,00a629b9c4cd,exists,ai/integrations/crewai/pyproject.toml,yes
github.com/unitycatalog/unitycatalog,00a629b9c4cd,exists,ai/integrations/crewai/uv.lock,yes
github.com/urlbug/codefox-cli,a0739285b664,exists,,yes
github.com/urlbug/codefox-cli,a0739285b664,exists,pyproject.toml,yes
github.com/urlbug/codefox-cli,a0739285b664,exists,setup.py,yes
github.com/urlbug/codefox-cli,a0739285b664,exists,setup.cfg,no
github.com/urlbug/codefox-cli,a0739285b664,exists,requirements.txt,yes
github.com/urlbug/codefox-cli,7b5f855fb6b5,exists,,yes
github.com/urlbug/codefox-cli,7b5f855fb6b5,exists,pyproject.toml,yes
github.com/urlbug/codefox-cli,7b5f855fb6b5,exists,setup.py,yes
github.com/urlbug/codefox-cli,7b5f855fb6b5,exists,setup.cfg,no
github.com/usnistgov/nemo-custom-forms,8469cc2ed37b,exists,,yes
github.com/usnistgov/nemo-custom-forms,8469cc2ed37b,exists,pyproject.toml,yes
github.com/usnistgov/nemo-custom-forms,8469cc2ed37b,exists,setup.py,no
github.com/usnistgov/nemo-custom-forms,8469cc2ed37b,exists,setup.cfg,no
github.com/vahagn-madatyan/0xpwn,15c897712882,exists,,yes
github.com/vahagn-madatyan/0xpwn,15c897712882,exists,pyproject.toml,yes
github.com/vahagn-madatyan/0xpwn,15c897712882,exists,setup.py,no
github.com/vahagn-madatyan/0xpwn,15c897712882,exists,setup.cfg,no
github.com/vahagn-madatyan/policyfoundry,d597a6b68004,exists,,yes
github.com/vahagn-madatyan/policyfoundry,d597a6b68004,exists,pyproject.toml,yes
github.com/vahagn-madatyan/policyfoundry,d597a6b68004,exists,uv.lock,yes
github.com/vantage6/vantage6,ce838cd24d29,exists,GNUmakefile,no
github.com/vantage6/vantage6,ce838cd24d29,exists,makefile,no
github.com/vantage6/vantage6,ce838cd24d29,exists,Makefile,yes
github.com/vantage6/vantage6,ce838cd24d29,exists,vantage6-common/GNUmakefile,no
github.com/vantage6/vantage6,ce838cd24d29,exists,vantage6-common/makefile,no
github.com/vantage6/vantage6,ce838cd24d29,exists,vantage6-common/Makefile,yes
github.com/vantage6/vantage6,ce838cd24d29,exists,vantage6-client/GNUmakefile,no
github.com/vantage6/vantage6,ce838cd24d29,exists,vantage6-client/makefile,no
github.com/vantage6/vantage6,ce838cd24d29,exists,vantage6-client/Makefile,yes
github.com/vantage6/vantage6,ce838cd24d29,exists,vantage6-algorithm-tools/GNUmakefile,no
github.com/vantage6/vantage6,ce838cd24d29,exists,vantage6-algorithm-tools/makefile,no
github.com/vantage6/vantage6,ce838cd24d29,exists,vantage6-algorithm-tools/Makefile,yes
github.com/vantage6/vantage6,ce838cd24d29,exists,vantage6/GNUmakefile,no
github.com/vantage6/vantage6,ce838cd24d29,exists,vantage6/makefile,no
github.com/vantage6/vantage6,ce838cd24d29,exists,vantage6/Makefile,yes
github.com/vantage6/vantage6,ce838cd24d29,exists,vantage6-node/GNUmakefile,no
github.com/vantage6/vantage6,ce838cd24d29,exists,vantage6-node/makefile,no
github.com/vantage6/vantage6,ce838cd24d29,exists,vantage6-node/Makefile,yes
github.com/vantage6/vantage6,ce838cd24d29,exists,vantage6-backend-common/GNUmakefile,no
github.com/vantage6/vantage6,ce838cd24d29,exists,vantage6-backend-common/makefile,no
github.com/vantage6/vantage6,ce838cd24d29,exists,vantage6-backend-common/Makefile,yes
github.com/vantage6/vantage6,ce838cd24d29,exists,vantage6-server/GNUmakefile,no
github.com/vantage6/vantage6,ce838cd24d29,exists,vantage6-server/makefile,no
github.com/vantage6/vantage6,ce838cd24d29,exists,vantage6-server/Makefile,yes
github.com/vantage6/vantage6,ce838cd24d29,exists,vantage6-algorithm-store/GNUmakefile,no
github.com/vantage6/vantage6,ce838cd24d29,exists,vantage6-algorithm-store/makefile,no
github.com/vantage6/vantage6,ce838cd24d29,exists,vantage6-algorithm-store/Makefile,yes
github.com/vantage6/vantage6,ce838cd24d29,exists,requirements.txt,yes
github.com/vantage6/vantage6,ce838cd24d29,exists,vantage6-common,yes
github.com/vantage6/vantage6,ce838cd24d29,exists,vantage6-common/pyproject.toml,no
github.com/vantage6/vantage6,ce838cd24d29,exists,vantage6-common/setup.py,yes
github.com/vantage6/vantage6,ce838cd24d29,exists,vantage6-common/setup.cfg,no
github.com/vantage6/vantage6,ce838cd24d29,exists,vantage6-client,yes
github.com/vantage6/vantage6,ce838cd24d29,exists,vantage6-client/pyproject.toml,no
github.com/vantage6/vantage6,ce838cd24d29,exists,vantage6-client/setup.py,yes
github.com/vantage6/vantage6,ce838cd24d29,exists,vantage6-client/setup.cfg,no
github.com/vantage6/vantage6,ce838cd24d29,exists,vantage6-algorithm-tools,yes
github.com/vantage6/vantage6,ce838cd24d29,exists,vantage6-algorithm-tools/pyproject.toml,no
github.com/vantage6/vantage6,ce838cd24d29,exists,vantage6-algorithm-tools/setup.py,yes
github.com/vantage6/vantage6,ce838cd24d29,exists,vantage6-algorithm-tools/setup.cfg,no
github.com/vantage6/vantage6,ce838cd24d29,exists,vantage6,yes
github.com/vantage6/vantage6,ce838cd24d29,exists,vantage6/pyproject.toml,no
github.com/vantage6/vantage6,ce838cd24d29,exists,vantage6/setup.py,yes
github.com/vantage6/vantage6,ce838cd24d29,exists,vantage6/setup.cfg,no
github.com/vantage6/vantage6,ce838cd24d29,exists,vantage6-node,yes
github.com/vantage6/vantage6,ce838cd24d29,exists,vantage6-node/pyproject.toml,no
github.com/vantage6/vantage6,ce838cd24d29,exists,vantage6-node/setup.py,yes
github.com/vantage6/vantage6,ce838cd24d29,exists,vantage6-node/setup.cfg,no
github.com/vantage6/vantage6,ce838cd24d29,exists,vantage6-backend-common,yes
github.com/vantage6/vantage6,ce838cd24d29,exists,vantage6-backend-common/pyproject.toml,no
github.com/vantage6/vantage6,ce838cd24d29,exists,vantage6-backend-common/setup.py,yes
github.com/vantage6/vantage6,ce838cd24d29,exists,vantage6-backend-common/setup.cfg,no
github.com/vantage6/vantage6,ce838cd24d29,exists,vantage6-server,yes
github.com/vantage6/vantage6,ce838cd24d29,exists,vantage6-server/pyproject.toml,no
github.com/vantage6/vantage6,ce838cd24d29,exists,vantage6-server/setup.py,yes
github.com/vantage6/vantage6,ce838cd24d29,exists,vantage6-server/setup.cfg,no
github.com/vantage6/vantage6,ce838cd24d29,exists,vantage6-algorithm-store,yes
github.com/vantage6/vantage6,ce838cd24d29,exists,vantage6-algorithm-store/pyproject.toml,no
github.com/vantage6/vantage6,ce838cd24d29,exists,vantage6-algorithm-store/setup.py,yes
github.com/vantage6/vantage6,ce838cd24d29,exists,vantage6-algorithm-store/setup.cfg,no
github.com/vasilistotskas/grooveshop-django-api,60138e5b22e0,exists,,yes
github.com/vasilistotskas/grooveshop-django-api,60138e5b22e0,exists,pyproject.toml,yes
github.com/vasilistotskas/grooveshop-django-api,60138e5b22e0,exists,uv.lock,yes
github.com/vast-ai/vast-cli,a7aa16c004f4,exists,,yes
github.com/vast-ai/vast-cli,a7aa16c004f4,exists,pyproject.toml,yes
github.com/vast-ai/vast-cli,a7aa16c004f4,exists,poetry.lock,yes
github.com/vectorize-io/hindsight,45ffc7fe9038,exists,,yes
github.com/vectorize-io/hindsight,45ffc7fe9038,exists,pyproject.toml,yes
github.com/vectorize-io/hindsight,45ffc7fe9038,exists,uv.lock,yes
github.com/vectorize-io/hindsight,45ffc7fe9038,exists,hindsight-api-slim,yes
github.com/vectorize-io/hindsight,45ffc7fe9038,exists,hindsight-api-slim/pyproject.toml,yes
github.com/vectorize-io/hindsight,45ffc7fe9038,exists,scripts/dev/start-api.sh,yes
github.com/vectorize-io/hindsight,45ffc7fe9038,exists,hindsight-cli/smoke-test.sh,yes
github.com/vectorize-io/hindsight,45ffc7fe9038,exists,docker/test-image.sh,yes
github.com/vectorize-io/hindsight,45ffc7fe9038,exists,hindsight-clients/python,yes
github.com/vectorize-io/hindsight,45ffc7fe9038,exists,hindsight-clients/python/pyproject.toml,yes
github.com/vectorize-io/hindsight,45ffc7fe9038,exists,hindsight-clients/pyproject.toml,no
github.com/vectorize-io/hindsight,45ffc7fe9038,exists,hindsight-embed,yes
github.com/vectorize-io/hindsight,45ffc7fe9038,exists,hindsight-embed/pyproject.toml,yes
github.com/vectorize-io/hindsight,45ffc7fe9038,exists,hindsight-integration-tests,yes
github.com/vectorize-io/hindsight,45ffc7fe9038,exists,hindsight-integration-tests/pyproject.toml,yes
github.com/vectorize-io/hindsight,45ffc7fe9038,exists,hindsight-integrations/ag2,yes
github.com/vectorize-io/hindsight,45ffc7fe9038,exists,hindsight-integrations/ag2/pyproject.toml,yes
github.com/vectorize-io/hindsight,45ffc7fe9038,exists,hindsight-integrations/pyproject.toml,no
github.com/vectorize-io/hindsight,45ffc7fe9038,exists,hindsight-integrations/crewai,yes
github.com/vectorize-io/hindsight,45ffc7fe9038,exists,hindsight-integrations/crewai/pyproject.toml,yes
github.com/vectorize-io/hindsight,45ffc7fe9038,exists,hindsight-integrations/litellm,yes
github.com/vectorize-io/hindsight,45ffc7fe9038,exists,hindsight-integrations/litellm/pyproject.toml,yes
github.com/vectorize-io/hindsight,45ffc7fe9038,exists,hindsight-integrations/pydantic-ai,yes
github.com/vectorize-io/hindsight,45ffc7fe9038,exists,hindsight-integrations/pydantic-ai/pyproject.toml,yes
github.com/vectorize-io/hindsight,45ffc7fe9038,exists,hindsight-integrations/hermes,yes
github.com/vectorize-io/hindsight,45ffc7fe9038,exists,hindsight-integrations/hermes/pyproject.toml,yes
github.com/vectorize-io/hindsight,45ffc7fe9038,exists,hindsight-integrations/llamaindex,yes
github.com/vectorize-io/hindsight,45ffc7fe9038,exists,hindsight-integrations/llamaindex/pyproject.toml,yes
github.com/vectorize-io/hindsight,45ffc7fe9038,exists,scripts/smoke-test-slim.sh,yes
github.com/vectorize-io/hindsight,45ffc7fe9038,exists,hindsight-embed/test.sh,yes
github.com/vectorize-io/hindsight,45ffc7fe9038,exists,hindsight-all,yes
github.com/vectorize-io/hindsight,45ffc7fe9038,exists,hindsight-all/pyproject.toml,yes
github.com/vectorize-io/hindsight,45ffc7fe9038,exists,scripts/test-doc-examples.sh,yes
github.com/vectorize-io/hindsight,45ffc7fe9038,exists,hindsight-dev,yes
github.com/vectorize-io/hindsight,45ffc7fe9038,exists,hindsight-dev/pyproject.toml,yes
github.com/vectorize-io/hindsight,45ffc7fe9038,exists,hindsight-api,yes
github.com/vectorize-io/hindsight,45ffc7fe9038,exists,hindsight-api/pyproject.toml,yes
github.com/vectorize-io/hindsight,45ffc7fe9038,exists,scripts/generate-openapi.sh,yes
github.com/vectorize-io/hindsight,45ffc7fe9038,exists,scripts/generate-clients.sh,yes
github.com/vectorize-io/hindsight,45ffc7fe9038,exists,scripts/generate-docs-skill.sh,yes
github.com/vectorize-io/hindsight,45ffc7fe9038,exists,scripts/hooks/lint.sh,yes
github.com/vida-nyu/bdi-kit,1cb42ff0aa22,exists,,yes
github.com/vida-nyu/bdi-kit,1cb42ff0aa22,exists,pyproject.toml,no
github.com/vida-nyu/bdi-kit,1cb42ff0aa22,exists,setup.py,yes
github.com/vida-nyu/bdi-kit,1cb42ff0aa22,exists,setup.cfg,no
github.com/vision-web3-foundation/common,3fa44a2451a0,exists,GNUmakefile,no
github.com/vision-web3-foundation/common,3fa44a2451a0,exists,makefile,no
github.com/vision-web3-foundation/common,3fa44a2451a0,exists,Makefile,yes
github.com/vision-web3-foundation/common,3fa44a2451a0,exists,,yes
github.com/vision-web3-foundation/common,3fa44a2451a0,exists,pyproject.toml,yes
github.com/vision-web3-foundation/common,3fa44a2451a0,exists,poetry.lock,yes
github.com/weblateorg/weblate,4e37dd461beb,exists,.github/actions/cflite-run-fuzzers/action.yml,yes
github.com/weblateorg/weblate,4e37dd461beb,exists,.github/actions/auto-commit/action.yml,yes
github.com/weblateorg/weblate,4e37dd461beb,exists,ci/apt-install,yes
github.com/weblateorg/weblate,4e37dd461beb,exists,ci/print-versions,yes
github.com/weblateorg/weblate,4e37dd461beb,exists,ci/lib.sh,yes
github.com/weblateorg/weblate,4e37dd461beb,exists,ci/pip-install,yes
github.com/weblateorg/weblate,4e37dd461beb,exists,,yes
github.com/weblateorg/weblate,4e37dd461beb,exists,pyproject.toml,yes
github.com/weblateorg/weblate,4e37dd461beb,exists,uv.lock,yes
github.com/weblateorg/weblate,4e37dd461beb,exists,ci/prepare-database,yes
github.com/weblateorg/weblate,4e37dd461beb,exists,docs/GNUmakefile,no
github.com/weblateorg/weblate,4e37dd461beb,exists,docs/makefile,no
github.com/weblateorg/weblate,4e37dd461beb,exists,docs/Makefile,yes
github.com/weblateorg/weblate,4e37dd461beb,exists,ci/run-docs,yes
github.com/weblateorg/weblate,4e37dd461beb,exists,ci/run-checkmigrate,yes
github.com/weblateorg/weblate,4e37dd461beb,exists,ci/run-migrate,yes
github.com/weblateorg/weblate,4e37dd461beb,exists,setup.py,yes
github.com/weblateorg/weblate,4e37dd461beb,exists,setup.cfg,no
github.com/weblateorg/weblate,4e37dd461beb,exists,scripts/filter-mypy.sh,yes
github.com/weblateorg/weblate,4e37dd461beb,exists,requirements-lint.txt,no
github.com/weblateorg/weblate,4e37dd461beb,exists,rundev.sh,yes
github.com/weblateorg/weblate,3b689ed1d7ce,exists,.github/actions/cflite-run-fuzzers/action.yml,yes
github.com/weblateorg/weblate,3b689ed1d7ce,exists,.github/actions/auto-commit/action.yml,yes
github.com/weblateorg/weblate,3b689ed1d7ce,exists,.github/actions/pre-commit-setup/action.yml,yes
github.com/weblateorg/weblate,3b689ed1d7ce,exists,ci/apt-install,yes
github.com/weblateorg/weblate,3b689ed1d7ce,exists,ci/print-versions,yes
github.com/weblateorg/weblate,3b689ed1d7ce,exists,ci/lib.sh,yes
github.com/weblateorg/weblate,3b689ed1d7ce,exists,ci/pip-install,yes
github.com/weblateorg/weblate,3b689ed1d7ce,exists,,yes
github.com/weblateorg/weblate,3b689ed1d7ce,exists,pyproject.toml,yes
github.com/weblateorg/weblate,3b689ed1d7ce,exists,uv.lock,yes
github.com/weblateorg/weblate,3b689ed1d7ce,exists,ci/prepare-database,yes
github.com/weblateorg/weblate,3b689ed1d7ce,exists,docs/GNUmakefile,no
github.com/weblateorg/weblate,3b689ed1d7ce,exists,docs/makefile,no
github.com/weblateorg/weblate,3b689ed1d7ce,exists,docs/Makefile,yes
github.com/weblateorg/weblate,3b689ed1d7ce,exists,ci/run-docs,yes
github.com/weblateorg/weblate,3b689ed1d7ce,exists,ci/run-checkmigrate,yes
github.com/weblateorg/weblate,3b689ed1d7ce,exists,ci/run-migrate,yes
github.com/weblateorg/weblate,3b689ed1d7ce,exists,setup.py,yes
github.com/weblateorg/weblate,3b689ed1d7ce,exists,setup.cfg,no
github.com/weblateorg/weblate,3b689ed1d7ce,exists,scripts/filter-mypy.sh,yes
github.com/weblateorg/weblate,3b689ed1d7ce,exists,requirements-lint.txt,no
github.com/weblateorg/weblate,3b689ed1d7ce,exists,rundev.sh,yes
github.com/weblateorg/weblate,4f2c2f527a57,exists,.github/actions/cflite-run-fuzzers/action.yml,yes
github.com/weblateorg/weblate,4f2c2f527a57,exists,.github/actions/auto-commit/action.yml,yes
github.com/weblateorg/weblate,4f2c2f527a57,exists,.github/actions/pre-commit-setup/action.yml,yes
github.com/weblateorg/weblate,4f2c2f527a57,exists,ci/apt-install,yes
github.com/weblateorg/weblate,4f2c2f527a57,exists,ci/print-versions,yes
github.com/weblateorg/weblate,4f2c2f527a57,exists,ci/lib.sh,yes
github.com/weblateorg/weblate,4f2c2f527a57,exists,ci/pip-install,yes
github.com/weblateorg/weblate,4f2c2f527a57,exists,,yes
github.com/weblateorg/weblate,4f2c2f527a57,exists,pyproject.toml,yes
github.com/weblateorg/weblate,4f2c2f527a57,exists,uv.lock,yes
github.com/weblateorg/weblate,4f2c2f527a57,exists,ci/prepare-database,yes
github.com/weblateorg/weblate,4f2c2f527a57,exists,docs/GNUmakefile,no
github.com/weblateorg/weblate,4f2c2f527a57,exists,docs/makefile,no
github.com/weblateorg/weblate,4f2c2f527a57,exists,docs/Makefile,yes
github.com/weblateorg/weblate,4f2c2f527a57,exists,ci/run-docs,yes
github.com/weblateorg/weblate,4f2c2f527a57,exists,ci/run-checkmigrate,yes
github.com/weblateorg/weblate,4f2c2f527a57,exists,ci/run-migrate,yes
github.com/weblateorg/weblate,4f2c2f527a57,exists,setup.py,yes
github.com/weblateorg/weblate,4f2c2f527a57,exists,setup.cfg,no
github.com/weblateorg/weblate,4f2c2f527a57,exists,scripts/filter-mypy.sh,yes
github.com/weblateorg/weblate,4f2c2f527a57,exists,requirements-lint.txt,no
github.com/weblateorg/weblate,4f2c2f527a57,exists,rundev.sh,yes
github.com/websolutespa/ws-mark-flow,1adb05919fd2,exists,requirements.txt,yes
github.com/websolutespa/ws-mark-flow,1adb05919fd2,exists,,yes
github.com/websolutespa/ws-mark-flow,1adb05919fd2,exists,pyproject.toml,yes
github.com/websolutespa/ws-mark-flow,1adb05919fd2,exists,setup.py,yes
github.com/websolutespa/ws-mark-flow,1adb05919fd2,exists,setup.cfg,no
github.com/websolutespa/ws-mark-flow,865292e15d2f,exists,requirements.txt,yes
github.com/websolutespa/ws-mark-flow,865292e15d2f,exists,,yes
github.com/websolutespa/ws-mark-flow,865292e15d2f,exists,pyproject.toml,yes
github.com/websolutespa/ws-mark-flow,865292e15d2f,exists,setup.py,yes
github.com/websolutespa/ws-mark-flow,865292e15d2f,exists,setup.cfg,no
github.com/wessexwater/chellow,b10d186ba4b5,exists,,yes
github.com/wessexwater/chellow,b10d186ba4b5,exists,tox.ini,no
github.com/wessexwater/chellow,b10d186ba4b5,exists,tox.toml,no
github.com/wessexwater/chellow,b10d186ba4b5,exists,pyproject.toml,yes
github.com/wessexwater/chellow,b10d186ba4b5,exists,setup.py,no
github.com/wessexwater/chellow,b10d186ba4b5,exists,setup.cfg,no
github.com/wimmics/t2s-metrics,528fd8d3266c,exists,requirements.txt,yes
github.com/wimmics/t2s-metrics,528fd8d3266c,exists,,yes
github.com/wimmics/t2s-metrics,528fd8d3266c,exists,pyproject.toml,no
github.com/wimmics/t2s-metrics,528fd8d3266c,exists,setup.py,yes
github.com/wimmics/t2s-metrics,528fd8d3266c,exists,setup.cfg,no
github.com/ynewtime/markitai,16aca0e23ebb,exists,,yes
github.com/ynewtime/markitai,16aca0e23ebb,exists,pyproject.toml,yes
github.com/ynewtime/markitai,16aca0e23ebb,exists,uv.lock,yes
github.com/zepben/evolve-sdk-python,f50d9080df27,exists,,yes
github.com/zepben/evolve-sdk-python,f50d9080df27,exists,pyproject.toml,yes
github.com/zepben/evolve-sdk-python,f50d9080df27,exists,setup.py,yes
github.com/zepben/evolve-sdk-python,f50d9080df27,exists,setup.cfg,no
github.com/zetaalphavector/platform,df8fc3689e3d,exists,.github/actions/sigstore/action.yml,yes
github.com/zetaalphavector/platform,7676a14f68fa,exists,.github/actions/sigstore/action.yml,yes
github.com/zetaalphavector/platform,96bb95d86fa7,exists,.github/actions/sigstore/action.yml,yes
github.com/ziyacivan/django-ai-sdk,4cd5b4c88931,exists,,yes
github.com/ziyacivan/django-ai-sdk,4cd5b4c88931,exists,pyproject.toml,yes
github.com/ziyacivan/django-ai-sdk,4cd5b4c88931,exists,setup.py,no
github.com/ziyacivan/django-ai-sdk,4cd5b4c88931,exists,setup.cfg,no
gitlab.com/nemo-community/nemo-ce,b0578312edb7,exists,,yes
gitlab.com/nemo-community/nemo-ce,b0578312edb7,exists,pyproject.toml,yes
gitlab.com/nemo-community/nemo-ce,b0578312edb7,exists,setup.py,no
gitlab.com/nemo-community/nemo-ce,b0578312edb7,exists,setup.cfg,no
gitlab.com/nemo-community/nemo-ce,5d9e751bf19c,exists,,yes
gitlab.com/nemo-community/nemo-ce,5d9e751bf19c,exists,pyproject.toml,yes
gitlab.com/nemo-community/nemo-ce,5d9e751bf19c,exists,setup.py,no
gitlab.com/nemo-community/nemo-ce,5d9e751bf19c,exists,setup.cfg,no
gitlab.com/nemo-community/nemo-ce,493ef54b7952,exists,,yes
gitlab.com/nemo-community/nemo-ce,493ef54b7952,exists,pyproject.toml,yes
gitlab.com/nemo-community/nemo-ce,493ef54b7952,exists,setup.py,no
gitlab.com/nemo-community/nemo-ce,493ef54b7952,exists,setup.cfg,no
