project,date,n
aiobotocore,2025-10-01,30571952
aiobotocore,2025-10-02,27275793
aiobotocore,2025-10-03,25361792
aiobotocore,2025-10-04,22558977
aiobotocore,2025-10-05,23828847
aiobotocore,2025-10-06,26379884
aiobotocore,2025-10-07,33309522
aiobotocore,2025-10-08,31953868
aiobotocore,2025-10-09,31424203
aiobotocore,2025-10-10,42564470
aiobotocore,2025-10-11,24892143
aiobotocore,2025-10-12,25790426
aiobotocore,2025-10-13,26556736
aiobotocore,2025-10-14,30052649
aiobotocore,2025-10-15,41052181
aiobotocore,2025-10-16,35951198
aiobotocore,2025-10-17,33894844
aiobotocore,2025-10-18,39764039
aiobotocore,2025-10-19,22993104
aiobotocore,2025-10-20,19724720
aiobotocore,2025-10-21,27930006
aiobotocore,2025-10-22,35190895
aiobotocore,2025-10-23,33263694
aiobotocore,2025-10-24,29543964
aiobotocore,2025-10-25,30753019
aiobotocore,2025-10-26,19489082
aiobotocore,2025-10-27,27299289
aiobotocore,2025-10-28,26682625
aiobotocore,2025-10-29,14072692
aiobotocore,2025-10-30,28338754
aiobotocore,2025-10-31,27466160
aiobotocore,2025-11-01,32144801
aiobotocore,2025-11-02,30929395
aiobotocore,2025-11-03,35653882
aiobotocore,2025-11-04,41637269
aiobotocore,2025-11-05,36482956
aiobotocore,2025-11-06,38840063
aiobotocore,2025-11-07,36689442
aiobotocore,2025-11-08,25542648
aiobotocore,2025-11-09,24608087
aiobotocore,2025-11-10,27672469
aiobotocore,2025-11-11,35343718
aiobotocore,2025-11-12,33374136
aiobotocore,2025-11-13,32482332
aiobotocore,2025-11-14,30982703
aiobotocore,2025-11-15,27419776
aiobotocore,2025-11-16,25462845
aiobotocore,2025-11-17,29097782
aiobotocore,2025-11-18,30081218
aiobotocore,2025-11-19,34689636
aiobotocore,2025-11-20,29601481
aiobotocore,2025-11-21,30280076
aiobotocore,2025-11-22,29167423
aiobotocore,2025-11-23,27731574
aiobotocore,2025-11-24,30798647
aiobotocore,2025-11-25,33866354
aiobotocore,2025-11-26,32042506
aiobotocore,2025-11-27,26994484
aiobotocore,2025-11-28,17063192
aiobotocore,2025-11-29,13657191
aiobotocore,2025-11-30,14377392
aiobotocore,2025-12-01,29801823
aiobotocore,2025-12-02,34280193
aiobotocore,2025-12-03,33357808
aiobotocore,2025-12-04,33805703
aiobotocore,2025-12-05,30987295
aiobotocore,2025-12-06,26586336
aiobotocore,2025-12-07,27309896
aiobotocore,2025-12-08,30948429
aiobotocore,2025-12-09,30785865
aiobotocore,2025-12-10,32524456
aiobotocore,2025-12-11,27481519
aiobotocore,2025-12-12,26152310
aiobotocore,2025-12-13,21459270
aiobotocore,2025-12-14,21330322
aiobotocore,2025-12-15,28255658
aiobotocore,2025-12-16,36364433
aiobotocore,2025-12-17,34098766
aiobotocore,2025-12-18,35106220
aiobotocore,2025-12-19,31973055
aiobotocore,2025-12-20,26810346
aiobotocore,2025-12-21,25377011
aiobotocore,2025-12-22,30172397
aiobotocore,2025-12-23,27347690
aiobotocore,2025-12-24,26727435
aiobotocore,2025-12-25,24768320
aiobotocore,2025-12-26,23180706
aiobotocore,2025-12-27,20879404
aiobotocore,2025-12-28,20967102
aiobotocore,2025-12-29,25891953
aiobotocore,2025-12-30,28413092
aiobotocore,2025-12-31,29593806
aiobotocore,2026-01-01,29359097
aiobotocore,2026-01-02,28389450
aiobotocore,2026-01-03,22900074
aiobotocore,2026-01-04,23563851
aiobotocore,2026-01-05,28287914
aiobotocore,2026-01-06,28195180
aiobotocore,2026-01-07,27961879
aiobotocore,2026-01-08,27029585
aiobotocore,2026-01-09,28742651
aiobotocore,2026-01-10,23363715
aiobotocore,2026-01-11,22443125
aiobotocore,2026-01-12,27954271
aiobotocore,2026-01-13,29890465
aiobotocore,2026-01-14,28272916
aiobotocore,2026-01-15,37865964
aiobotocore,2026-01-16,31605358
aiobotocore,2026-01-17,26122234
aiobotocore,2026-01-18,25967361
aiobotocore,2026-01-19,30771599
aiobotocore,2026-01-20,33118777
aiobotocore,2026-01-21,33292382
aiobotocore,2026-01-22,31646798
aiobotocore,2026-01-23,30888264
aiobotocore,2026-01-24,42430340
aiobotocore,2026-01-25,29495557
aiobotocore,2026-01-26,34073316
aiobotocore,2026-01-27,33529870
aiobotocore,2026-01-28,28478665
aiobotocore,2026-01-29,29553762
aiobotocore,2026-01-30,30601155
aiobotocore,2026-01-31,24646299
aiohttp,2025-10-01,10433793
aiohttp,2025-10-02,10354347
aiohttp,2025-10-03,10208597
aiohttp,2025-10-04,6440556
aiohttp,2025-10-05,5939073
aiohttp,2025-10-06,9615921
aiohttp,2025-10-07,10795712
aiohttp,2025-10-08,10572012
aiohttp,2025-10-09,10797347
aiohttp,2025-10-10,10551414
aiohttp,2025-10-11,6751755
aiohttp,2025-10-12,6304545
aiohttp,2025-10-13,9731364
aiohttp,2025-10-14,10789023
aiohttp,2025-10-15,12351099
aiohttp,2025-10-16,11942703
aiohttp,2025-10-17,11401369
aiohttp,2025-10-18,8182662
aiohttp,2025-10-19,7003446
aiohttp,2025-10-20,9297859
aiohttp,2025-10-21,11078601
aiohttp,2025-10-22,10914098
aiohttp,2025-10-23,10862557
aiohttp,2025-10-24,10759922
aiohttp,2025-10-25,7402763
aiohttp,2025-10-26,6699519
aiohttp,2025-10-27,10574925
aiohttp,2025-10-28,10717239
aiohttp,2025-10-29,10628146
aiohttp,2025-10-30,10916444
aiohttp,2025-10-31,9426294
aiohttp,2025-11-01,6699247
aiohttp,2025-11-02,6269067
aiohttp,2025-11-03,9842635
aiohttp,2025-11-04,10444201
aiohttp,2025-11-05,10270823
aiohttp,2025-11-06,10296492
aiohttp,2025-11-07,9669609
aiohttp,2025-11-08,6332354
aiohttp,2025-11-09,6224157
aiohttp,2025-11-10,9842134
aiohttp,2025-11-11,9892552
aiohttp,2025-11-12,10343873
aiohttp,2025-11-13,10385558
aiohttp,2025-11-14,10001502
aiohttp,2025-11-15,6513503
aiohttp,2025-11-16,6362273
aiohttp,2025-11-17,9813943
aiohttp,2025-11-18,10434193
aiohttp,2025-11-19,10993459
aiohttp,2025-11-20,10673572
aiohttp,2025-11-21,10274247
aiohttp,2025-11-22,7193175
aiohttp,2025-11-23,6731616
aiohttp,2025-11-24,10440576
aiohttp,2025-11-25,11031004
aiohttp,2025-11-26,10711906
aiohttp,2025-11-27,9378424
aiohttp,2025-11-28,8636704
aiohttp,2025-11-29,6706049
aiohttp,2025-11-30,7101184
aiohttp,2025-12-01,10851513
aiohttp,2025-12-02,11719195
aiohttp,2025-12-03,12140325
aiohttp,2025-12-04,11655810
aiohttp,2025-12-05,10784472
aiohttp,2025-12-06,6977331
aiohttp,2025-12-07,6957345
aiohttp,2025-12-08,10429477
aiohttp,2025-12-09,11383582
aiohttp,2025-12-10,11153753
aiohttp,2025-12-11,10850360
aiohttp,2025-12-12,9965714
aiohttp,2025-12-13,6601998
aiohttp,2025-12-14,6269984
aiohttp,2025-12-15,9995820
aiohttp,2025-12-16,10904855
aiohttp,2025-12-17,10943895
aiohttp,2025-12-18,10900847
aiohttp,2025-12-19,10344096
aiohttp,2025-12-20,6906273
aiohttp,2025-12-21,6430221
aiohttp,2025-12-22,9189563
aiohttp,2025-12-23,9060168
aiohttp,2025-12-24,8121925
aiohttp,2025-12-25,6724718
aiohttp,2025-12-26,7073555
aiohttp,2025-12-27,6162243
aiohttp,2025-12-28,6443655
aiohttp,2025-12-29,7956505
aiohttp,2025-12-30,8194446
aiohttp,2025-12-31,7731222
aiohttp,2026-01-01,6845683
aiohttp,2026-01-02,7766923
aiohttp,2026-01-03,6622651
aiohttp,2026-01-04,7063952
aiohttp,2026-01-05,10161126
aiohttp,2026-01-06,10810938
aiohttp,2026-01-07,11271909
aiohttp,2026-01-08,11809845
aiohttp,2026-01-09,11437833
aiohttp,2026-01-10,7233081
aiohttp,2026-01-11,6889005
aiohttp,2026-01-12,10859055
aiohttp,2026-01-13,11773964
aiohttp,2026-01-14,12108510
aiohttp,2026-01-15,11799448
aiohttp,2026-01-16,11102934
aiohttp,2026-01-17,7338095
aiohttp,2026-01-18,7257080
aiohttp,2026-01-19,10177293
aiohttp,2026-01-20,11545497
aiohttp,2026-01-21,12007932
aiohttp,2026-01-22,12293986
aiohttp,2026-01-23,11541117
aiohttp,2026-01-24,8206856
aiohttp,2026-01-25,7507084
aiohttp,2026-01-26,11716970
aiohttp,2026-01-27,13130414
aiohttp,2026-01-28,12703621
aiohttp,2026-01-29,12431980
aiohttp,2026-01-30,11380453
aiohttp,2026-01-31,7602506
annotated-types,2025-10-01,13585997
annotated-types,2025-10-02,11979044
annotated-types,2025-10-03,10873622
annotated-types,2025-10-04,6547692
annotated-types,2025-10-05,6604297
annotated-types,2025-10-06,11985987
annotated-types,2025-10-07,14207032
annotated-types,2025-10-08,14069920
annotated-types,2025-10-09,11930006
annotated-types,2025-10-10,12012299
annotated-types,2025-10-11,8338088
annotated-types,2025-10-12,7914305
annotated-types,2025-10-13,12210380
annotated-types,2025-10-14,12887393
annotated-types,2025-10-15,12329486
annotated-types,2025-10-16,13511066
annotated-types,2025-10-17,14294676
annotated-types,2025-10-18,8827097
annotated-types,2025-10-19,8357681
annotated-types,2025-10-20,11630865
annotated-types,2025-10-21,13901894
annotated-types,2025-10-22,13412350
annotated-types,2025-10-23,14020731
annotated-types,2025-10-24,14032849
annotated-types,2025-10-25,8677919
annotated-types,2025-10-26,8549494
annotated-types,2025-10-27,14030205
annotated-types,2025-10-28,13148768
annotated-types,2025-10-29,13231952
annotated-types,2025-10-30,13842887
annotated-types,2025-10-31,13270855
annotated-types,2025-11-01,8659020
annotated-types,2025-11-02,8584032
annotated-types,2025-11-03,13497731
annotated-types,2025-11-04,13102171
annotated-types,2025-11-05,12788858
annotated-types,2025-11-06,13008026
annotated-types,2025-11-07,12131856
annotated-types,2025-11-08,7411468
annotated-types,2025-11-09,7443705
annotated-types,2025-11-10,12881181
annotated-types,2025-11-11,12985580
annotated-types,2025-11-12,14571361
annotated-types,2025-11-13,14913621
annotated-types,2025-11-14,15060353
annotated-types,2025-11-15,9276619
annotated-types,2025-11-16,8766436
annotated-types,2025-11-17,14069394
annotated-types,2025-11-18,14906663
annotated-types,2025-11-19,15104971
annotated-types,2025-11-20,15544500
annotated-types,2025-11-21,13844631
annotated-types,2025-11-22,9930000
annotated-types,2025-11-23,8886053
annotated-types,2025-11-24,15910161
annotated-types,2025-11-25,16013527
annotated-types,2025-11-26,15290930
annotated-types,2025-11-27,12943529
annotated-types,2025-11-28,11850708
annotated-types,2025-11-29,9343312
annotated-types,2025-11-30,8296412
annotated-types,2025-12-01,15261843
annotated-types,2025-12-02,16459682
annotated-types,2025-12-03,16995911
annotated-types,2025-12-04,15718432
annotated-types,2025-12-05,14570806
annotated-types,2025-12-06,9255008
annotated-types,2025-12-07,8930424
annotated-types,2025-12-08,13977987
annotated-types,2025-12-09,15547016
annotated-types,2025-12-10,14486143
annotated-types,2025-12-11,13941732
annotated-types,2025-12-12,13433868
annotated-types,2025-12-13,8539685
annotated-types,2025-12-14,7786130
annotated-types,2025-12-15,13448531
annotated-types,2025-12-16,14685647
annotated-types,2025-12-17,14470498
annotated-types,2025-12-18,14363017
annotated-types,2025-12-19,13312977
annotated-types,2025-12-20,8894260
annotated-types,2025-12-21,8576444
annotated-types,2025-12-22,11849580
annotated-types,2025-12-23,11554503
annotated-types,2025-12-24,10085747
annotated-types,2025-12-25,8638202
annotated-types,2025-12-26,8822021
annotated-types,2025-12-27,7718962
annotated-types,2025-12-28,8182075
annotated-types,2025-12-29,10850620
annotated-types,2025-12-30,10788462
annotated-types,2025-12-31,9988400
annotated-types,2026-01-01,8470960
annotated-types,2026-01-02,9826823
annotated-types,2026-01-03,7605991
annotated-types,2026-01-04,7940567
annotated-types,2026-01-05,12560307
annotated-types,2026-01-06,13326352
annotated-types,2026-01-07,13623311
annotated-types,2026-01-08,15256362
annotated-types,2026-01-09,15674766
annotated-types,2026-01-10,9333680
annotated-types,2026-01-11,9017930
annotated-types,2026-01-12,14705907
annotated-types,2026-01-13,15087641
annotated-types,2026-01-14,14723258
annotated-types,2026-01-15,14587054
annotated-types,2026-01-16,14353331
annotated-types,2026-01-17,8863063
annotated-types,2026-01-18,8745027
annotated-types,2026-01-19,13764759
annotated-types,2026-01-20,15277695
annotated-types,2026-01-21,15323263
annotated-types,2026-01-22,15248618
annotated-types,2026-01-23,14126538
annotated-types,2026-01-24,8620446
annotated-types,2026-01-25,8475784
annotated-types,2026-01-26,14233004
annotated-types,2026-01-27,16070293
annotated-types,2026-01-28,16334171
annotated-types,2026-01-29,16533967
annotated-types,2026-01-30,14903318
annotated-types,2026-01-31,9102441
anyio,2025-10-01,14277326
anyio,2025-10-02,13195344
anyio,2025-10-03,11846150
anyio,2025-10-04,7190360
anyio,2025-10-05,7033695
anyio,2025-10-06,12611636
anyio,2025-10-07,14360192
anyio,2025-10-08,14355983
anyio,2025-10-09,12748680
anyio,2025-10-10,12168242
anyio,2025-10-11,8716825
anyio,2025-10-12,8234361
anyio,2025-10-13,12955342
anyio,2025-10-14,13498030
anyio,2025-10-15,13117057
anyio,2025-10-16,14219496
anyio,2025-10-17,14342380
anyio,2025-10-18,8419993
anyio,2025-10-19,8624014
anyio,2025-10-20,12407135
anyio,2025-10-21,14483511
anyio,2025-10-22,13995315
anyio,2025-10-23,14427477
anyio,2025-10-24,14828283
anyio,2025-10-25,8998131
anyio,2025-10-26,9063764
anyio,2025-10-27,14860401
anyio,2025-10-28,14187732
anyio,2025-10-29,13914190
anyio,2025-10-30,14637288
anyio,2025-10-31,14102107
anyio,2025-11-01,9169303
anyio,2025-11-02,8832551
anyio,2025-11-03,14175898
anyio,2025-11-04,14436316
anyio,2025-11-05,14330319
anyio,2025-11-06,14347656
anyio,2025-11-07,13198436
anyio,2025-11-08,8877750
anyio,2025-11-09,8561382
anyio,2025-11-10,14008065
anyio,2025-11-11,13763810
anyio,2025-11-12,15103365
anyio,2025-11-13,15482636
anyio,2025-11-14,16025143
anyio,2025-11-15,10577412
anyio,2025-11-16,10206382
anyio,2025-11-17,15297431
anyio,2025-11-18,16045574
anyio,2025-11-19,15678713
anyio,2025-11-20,16254612
anyio,2025-11-21,14407876
anyio,2025-11-22,10355222
anyio,2025-11-23,9328942
anyio,2025-11-24,15550162
anyio,2025-11-25,16153232
anyio,2025-11-26,15363755
anyio,2025-11-27,13271056
anyio,2025-11-28,12260217
anyio,2025-11-29,9949419
anyio,2025-11-30,9088713
anyio,2025-12-01,16829433
anyio,2025-12-02,17663333
anyio,2025-12-03,17525307
anyio,2025-12-04,16585117
anyio,2025-12-05,15268803
anyio,2025-12-06,10037997
anyio,2025-12-07,9511215
anyio,2025-12-08,15988886
anyio,2025-12-09,15948353
anyio,2025-12-10,15179773
anyio,2025-12-11,14546760
anyio,2025-12-12,14031102
anyio,2025-12-13,8639864
anyio,2025-12-14,8112181
anyio,2025-12-15,14236935
anyio,2025-12-16,15587929
anyio,2025-12-17,15513024
anyio,2025-12-18,15436526
anyio,2025-12-19,13945461
anyio,2025-12-20,9567869
anyio,2025-12-21,9193136
anyio,2025-12-22,12780390
anyio,2025-12-23,12658039
anyio,2025-12-24,10942983
anyio,2025-12-25,9191357
anyio,2025-12-26,9408062
anyio,2025-12-27,8387681
anyio,2025-12-28,8761204
anyio,2025-12-29,11620032
anyio,2025-12-30,11613537
anyio,2025-12-31,10400265
anyio,2026-01-01,8988811
anyio,2026-01-02,10367807
anyio,2026-01-03,8129598
anyio,2026-01-04,8527315
anyio,2026-01-05,13677466
anyio,2026-01-06,14865995
anyio,2026-01-07,15435089
anyio,2026-01-08,16192477
anyio,2026-01-09,16424658
anyio,2026-01-10,10143261
anyio,2026-01-11,9666410
anyio,2026-01-12,15823010
anyio,2026-01-13,16242813
anyio,2026-01-14,16016884
anyio,2026-01-15,15828155
anyio,2026-01-16,15173888
anyio,2026-01-17,9661540
anyio,2026-01-18,9495431
anyio,2026-01-19,14639320
anyio,2026-01-20,16027648
anyio,2026-01-21,16018550
anyio,2026-01-22,16147644
anyio,2026-01-23,15016876
anyio,2026-01-24,9292075
anyio,2026-01-25,9313224
anyio,2026-01-26,15629805
anyio,2026-01-27,17133697
anyio,2026-01-28,16500243
anyio,2026-01-29,17137938
anyio,2026-01-30,15879189
anyio,2026-01-31,9764986
boto3,2025-10-01,57882089
boto3,2025-10-02,52305584
boto3,2025-10-03,50593839
boto3,2025-10-04,35967360
boto3,2025-10-05,35023583
boto3,2025-10-06,51983727
boto3,2025-10-07,53333939
boto3,2025-10-08,50666911
boto3,2025-10-09,51196749
boto3,2025-10-10,46041716
boto3,2025-10-11,33966067
boto3,2025-10-12,36462376
boto3,2025-10-13,46315985
boto3,2025-10-14,54229013
boto3,2025-10-15,57855935
boto3,2025-10-16,50916150
boto3,2025-10-17,55555981
boto3,2025-10-18,35836543
boto3,2025-10-19,31887298
boto3,2025-10-20,38851446
boto3,2025-10-21,54581732
boto3,2025-10-22,52541512
boto3,2025-10-23,52964438
boto3,2025-10-24,53985907
boto3,2025-10-25,34915227
boto3,2025-10-26,29352503
boto3,2025-10-27,47180652
boto3,2025-10-28,51746544
boto3,2025-10-29,51603210
boto3,2025-10-30,53247630
boto3,2025-10-31,43837833
boto3,2025-11-01,33381798
boto3,2025-11-02,31746836
boto3,2025-11-03,46032330
boto3,2025-11-04,48054459
boto3,2025-11-05,50519171
boto3,2025-11-06,51277553
boto3,2025-11-07,48970641
boto3,2025-11-08,34043380
boto3,2025-11-09,32666179
boto3,2025-11-10,46766590
boto3,2025-11-11,48734085
boto3,2025-11-12,56686186
boto3,2025-11-13,56400250
boto3,2025-11-14,50107574
boto3,2025-11-15,33131462
boto3,2025-11-16,32199856
boto3,2025-11-17,47141919
boto3,2025-11-18,48002332
boto3,2025-11-19,54878766
boto3,2025-11-20,56352993
boto3,2025-11-21,59273892
boto3,2025-11-22,41284912
boto3,2025-11-23,33937673
boto3,2025-11-24,51453576
boto3,2025-11-25,57164893
boto3,2025-11-26,54336948
boto3,2025-11-27,49766393
boto3,2025-11-28,45162436
boto3,2025-11-29,30871108
boto3,2025-11-30,31624178
boto3,2025-12-01,48530331
boto3,2025-12-02,57550742
boto3,2025-12-03,60967868
boto3,2025-12-04,58124108
boto3,2025-12-05,53197344
boto3,2025-12-06,37982189
boto3,2025-12-07,39229932
boto3,2025-12-08,50886639
boto3,2025-12-09,59442653
boto3,2025-12-10,54300274
boto3,2025-12-11,55091735
boto3,2025-12-12,53940437
boto3,2025-12-13,38045729
boto3,2025-12-14,33389502
boto3,2025-12-15,47318261
boto3,2025-12-16,51869561
boto3,2025-12-17,53144059
boto3,2025-12-18,52541645
boto3,2025-12-19,53940324
boto3,2025-12-20,36829075
boto3,2025-12-21,34687942
boto3,2025-12-22,48066875
boto3,2025-12-23,47041529
boto3,2025-12-24,41714771
boto3,2025-12-25,35813194
boto3,2025-12-26,37363765
boto3,2025-12-27,32040834
boto3,2025-12-28,32547737
boto3,2025-12-29,43615649
boto3,2025-12-30,43855055
boto3,2025-12-31,45385875
boto3,2026-01-01,37979768
boto3,2026-01-02,43212493
boto3,2026-01-03,36167047
boto3,2026-01-04,34982627
boto3,2026-01-05,53021313
boto3,2026-01-06,56914206
boto3,2026-01-07,59520763
boto3,2026-01-08,63461634
boto3,2026-01-09,60787170
boto3,2026-01-10,40202925
boto3,2026-01-11,36400647
boto3,2026-01-12,55200215
boto3,2026-01-13,63634548
boto3,2026-01-14,64832135
boto3,2026-01-15,59340576
boto3,2026-01-16,54732132
boto3,2026-01-17,39249189
boto3,2026-01-18,39769100
boto3,2026-01-19,52071642
boto3,2026-01-20,61346095
boto3,2026-01-21,58211418
boto3,2026-01-22,56719606
boto3,2026-01-23,55253365
boto3,2026-01-24,38452426
boto3,2026-01-25,36323204
boto3,2026-01-26,51096438
boto3,2026-01-27,65082337
boto3,2026-01-28,67391459
boto3,2026-01-29,69242380
boto3,2026-01-30,60346876
boto3,2026-01-31,40920529
botocore,2025-10-01,39940793
botocore,2025-10-02,39492955
botocore,2025-10-03,39307523
botocore,2025-10-04,24256872
botocore,2025-10-05,24542900
botocore,2025-10-06,34335703
botocore,2025-10-07,38197631
botocore,2025-10-08,40180353
botocore,2025-10-09,38654537
botocore,2025-10-10,36880841
botocore,2025-10-11,26934314
botocore,2025-10-12,29953393
botocore,2025-10-13,35762359
botocore,2025-10-14,36671094
botocore,2025-10-15,38180372
botocore,2025-10-16,36564475
botocore,2025-10-17,38702039
botocore,2025-10-18,26716604
botocore,2025-10-19,23944278
botocore,2025-10-20,28644637
botocore,2025-10-21,35921784
botocore,2025-10-22,40273682
botocore,2025-10-23,37687468
botocore,2025-10-24,40739844
botocore,2025-10-25,25969033
botocore,2025-10-26,22228667
botocore,2025-10-27,34854492
botocore,2025-10-28,37857044
botocore,2025-10-29,38681966
botocore,2025-10-30,40071929
botocore,2025-10-31,33627302
botocore,2025-11-01,25319223
botocore,2025-11-02,23674911
botocore,2025-11-03,33938567
botocore,2025-11-04,35491515
botocore,2025-11-05,37583420
botocore,2025-11-06,37387265
botocore,2025-11-07,35084808
botocore,2025-11-08,23790388
botocore,2025-11-09,24186871
botocore,2025-11-10,35222679
botocore,2025-11-11,34083838
botocore,2025-11-12,35598138
botocore,2025-11-13,35892774
botocore,2025-11-14,33435739
botocore,2025-11-15,23613168
botocore,2025-11-16,23313869
botocore,2025-11-17,34730224
botocore,2025-11-18,36043287
botocore,2025-11-19,38545387
botocore,2025-11-20,38035332
botocore,2025-11-21,36732351
botocore,2025-11-22,25016114
botocore,2025-11-23,23859014
botocore,2025-11-24,35510361
botocore,2025-11-25,39836151
botocore,2025-11-26,37949729
botocore,2025-11-27,36406436
botocore,2025-11-28,33593148
botocore,2025-11-29,24056079
botocore,2025-11-30,24516424
botocore,2025-12-01,36715112
botocore,2025-12-02,41886890
botocore,2025-12-03,40603767
botocore,2025-12-04,38194284
botocore,2025-12-05,37161704
botocore,2025-12-06,26322529
botocore,2025-12-07,25203107
botocore,2025-12-08,36168104
botocore,2025-12-09,39786485
botocore,2025-12-10,37663473
botocore,2025-12-11,36793046
botocore,2025-12-12,35611441
botocore,2025-12-13,23756205
botocore,2025-12-14,23246695
botocore,2025-12-15,35510174
botocore,2025-12-16,37304854
botocore,2025-12-17,37455171
botocore,2025-12-18,38001820
botocore,2025-12-19,34930772
botocore,2025-12-20,24792513
botocore,2025-12-21,24353661
botocore,2025-12-22,34749260
botocore,2025-12-23,34920589
botocore,2025-12-24,30225246
botocore,2025-12-25,25930721
botocore,2025-12-26,28416299
botocore,2025-12-27,22637930
botocore,2025-12-28,23182522
botocore,2025-12-29,34309189
botocore,2025-12-30,31803296
botocore,2025-12-31,32738618
botocore,2026-01-01,25670286
botocore,2026-01-02,30432345
botocore,2026-01-03,26793656
botocore,2026-01-04,26006500
botocore,2026-01-05,42162613
botocore,2026-01-06,41315696
botocore,2026-01-07,42597881
botocore,2026-01-08,42371217
botocore,2026-01-09,39177288
botocore,2026-01-10,29342201
botocore,2026-01-11,26690489
botocore,2026-01-12,38888104
botocore,2026-01-13,42085567
botocore,2026-01-14,44598167
botocore,2026-01-15,39847822
botocore,2026-01-16,37411414
botocore,2026-01-17,27210811
botocore,2026-01-18,26401335
botocore,2026-01-19,36172010
botocore,2026-01-20,40145515
botocore,2026-01-21,41259188
botocore,2026-01-22,40846694
botocore,2026-01-23,38931620
botocore,2026-01-24,27894133
botocore,2026-01-25,26405907
botocore,2026-01-26,38709571
botocore,2026-01-27,46597136
botocore,2026-01-28,43096614
botocore,2026-01-29,45413145
botocore,2026-01-30,40659818
botocore,2026-01-31,28049881
certifi,2025-10-01,33630136
certifi,2025-10-02,31773030
certifi,2025-10-03,29327213
certifi,2025-10-04,19394140
certifi,2025-10-05,19946247
certifi,2025-10-06,33299241
certifi,2025-10-07,35194453
certifi,2025-10-08,34663961
certifi,2025-10-09,33251670
certifi,2025-10-10,31961580
certifi,2025-10-11,21481772
certifi,2025-10-12,20676851
certifi,2025-10-13,31900389
certifi,2025-10-14,33621332
certifi,2025-10-15,34077639
certifi,2025-10-16,34979280
certifi,2025-10-17,33915581
certifi,2025-10-18,21793612
certifi,2025-10-19,21308754
certifi,2025-10-20,29705422
certifi,2025-10-21,35377601
certifi,2025-10-22,56604559
certifi,2025-10-23,69618664
certifi,2025-10-24,35602542
certifi,2025-10-25,55291157
certifi,2025-10-26,21509867
certifi,2025-10-27,51468836
certifi,2025-10-28,35919439
certifi,2025-10-29,33767413
certifi,2025-10-30,34786581
certifi,2025-10-31,32380919
certifi,2025-11-01,22092116
certifi,2025-11-02,21472087
certifi,2025-11-03,33874500
certifi,2025-11-04,34430306
certifi,2025-11-05,33969295
certifi,2025-11-06,34321267
certifi,2025-11-07,31874757
certifi,2025-11-08,20641858
certifi,2025-11-09,20684471
certifi,2025-11-10,33423332
certifi,2025-11-11,32816230
certifi,2025-11-12,37921485
certifi,2025-11-13,37427915
certifi,2025-11-14,36227849
certifi,2025-11-15,23501128
certifi,2025-11-16,22861140
certifi,2025-11-17,35673613
certifi,2025-11-18,37012471
certifi,2025-11-19,37658971
certifi,2025-11-20,37391707
certifi,2025-11-21,34883788
certifi,2025-11-22,23947220
certifi,2025-11-23,22769203
certifi,2025-11-24,36078953
certifi,2025-11-25,37442042
certifi,2025-11-26,36121451
certifi,2025-11-27,31902484
certifi,2025-11-28,29407431
certifi,2025-11-29,21859603
certifi,2025-11-30,21497965
certifi,2025-12-01,36263015
certifi,2025-12-02,38425201
certifi,2025-12-03,38639335
certifi,2025-12-04,37390866
certifi,2025-12-05,34913233
certifi,2025-12-06,23590174
certifi,2025-12-07,23053257
certifi,2025-12-08,36131742
certifi,2025-12-09,37806521
certifi,2025-12-10,36407284
certifi,2025-12-11,35628902
certifi,2025-12-12,33358110
certifi,2025-12-13,21986790
certifi,2025-12-14,21121646
certifi,2025-12-15,34251068
certifi,2025-12-16,37038297
certifi,2025-12-17,36938823
certifi,2025-12-18,36319920
certifi,2025-12-19,33439283
certifi,2025-12-20,23273742
certifi,2025-12-21,22747133
certifi,2025-12-22,30719147
certifi,2025-12-23,30037659
certifi,2025-12-24,26329798
certifi,2025-12-25,22835898
certifi,2025-12-26,23310694
certifi,2025-12-27,20720106
certifi,2025-12-28,21391124
certifi,2025-12-29,39505146
certifi,2025-12-30,36089493
certifi,2025-12-31,25646063
certifi,2026-01-01,22683183
certifi,2026-01-02,25578107
certifi,2026-01-03,21033165
certifi,2026-01-04,23261980
certifi,2026-01-05,39731567
certifi,2026-01-06,35520328
certifi,2026-01-07,36472706
certifi,2026-01-08,38178070
certifi,2026-01-09,37290567
certifi,2026-01-10,24446224
certifi,2026-01-11,23664644
certifi,2026-01-12,37092438
certifi,2026-01-13,38653631
certifi,2026-01-14,38164197
certifi,2026-01-15,39680167
certifi,2026-01-16,54697351
certifi,2026-01-17,23842986
certifi,2026-01-18,23868469
certifi,2026-01-19,34478138
certifi,2026-01-20,37976619
certifi,2026-01-21,38422086
certifi,2026-01-22,38870079
certifi,2026-01-23,36457881
certifi,2026-01-24,24433670
certifi,2026-01-25,23772133
certifi,2026-01-26,36401151
certifi,2026-01-27,40635766
certifi,2026-01-28,39197231
certifi,2026-01-29,40051206
certifi,2026-01-30,36802559
certifi,2026-01-31,24322785
cffi,2025-10-01,19613459
cffi,2025-10-02,19160085
cffi,2025-10-03,17816776
cffi,2025-10-04,10552483
cffi,2025-10-05,10249336
cffi,2025-10-06,18509971
cffi,2025-10-07,19389881
cffi,2025-10-08,19780145
cffi,2025-10-09,19215333
cffi,2025-10-10,18128577
cffi,2025-10-11,10645676
cffi,2025-10-12,10202577
cffi,2025-10-13,17713363
cffi,2025-10-14,19319732
cffi,2025-10-15,20972726
cffi,2025-10-16,20585162
cffi,2025-10-17,19217057
cffi,2025-10-18,11889129
cffi,2025-10-19,11039059
cffi,2025-10-20,16887444
cffi,2025-10-21,19953341
cffi,2025-10-22,19677586
cffi,2025-10-23,19441918
cffi,2025-10-24,19411065
cffi,2025-10-25,11753683
cffi,2025-10-26,11110762
cffi,2025-10-27,19592202
cffi,2025-10-28,19692891
cffi,2025-10-29,19056889
cffi,2025-10-30,19527828
cffi,2025-10-31,17939409
cffi,2025-11-01,11052994
cffi,2025-11-02,10646778
cffi,2025-11-03,18822690
cffi,2025-11-04,19993888
cffi,2025-11-05,19843784
cffi,2025-11-06,20061627
cffi,2025-11-07,18364068
cffi,2025-11-08,11088014
cffi,2025-11-09,11080488
cffi,2025-11-10,19924079
cffi,2025-11-11,20114063
cffi,2025-11-12,21297497
cffi,2025-11-13,21312381
cffi,2025-11-14,19922468
cffi,2025-11-15,12059180
cffi,2025-11-16,12041672
cffi,2025-11-17,20420976
cffi,2025-11-18,21347912
cffi,2025-11-19,21922224
cffi,2025-11-20,21564394
cffi,2025-11-21,20545192
cffi,2025-11-22,12825517
cffi,2025-11-23,12386364
cffi,2025-11-24,20965737
cffi,2025-11-25,21745326
cffi,2025-11-26,21237726
cffi,2025-11-27,18918031
cffi,2025-11-28,17720779
cffi,2025-11-29,12453923
cffi,2025-11-30,12508293
cffi,2025-12-01,22244710
cffi,2025-12-02,23378074
cffi,2025-12-03,23449940
cffi,2025-12-04,22554150
cffi,2025-12-05,20486244
cffi,2025-12-06,12811515
cffi,2025-12-07,12700877
cffi,2025-12-08,21087051
cffi,2025-12-09,22514726
cffi,2025-12-10,21886502
cffi,2025-12-11,21434056
cffi,2025-12-12,19850359
cffi,2025-12-13,12157758
cffi,2025-12-14,11575676
cffi,2025-12-15,20588173
cffi,2025-12-16,21779775
cffi,2025-12-17,21536000
cffi,2025-12-18,21144702
cffi,2025-12-19,19646319
cffi,2025-12-20,12565188
cffi,2025-12-21,11816288
cffi,2025-12-22,17899822
cffi,2025-12-23,17698051
cffi,2025-12-24,14987740
cffi,2025-12-25,12355251
cffi,2025-12-26,12893433
cffi,2025-12-27,11270895
cffi,2025-12-28,11664108
cffi,2025-12-29,15605046
cffi,2025-12-30,15812789
cffi,2025-12-31,14402318
cffi,2026-01-01,12499463
cffi,2026-01-02,14887270
cffi,2026-01-03,11678283
cffi,2026-01-04,12143274
cffi,2026-01-05,19384948
cffi,2026-01-06,20790425
cffi,2026-01-07,21456160
cffi,2026-01-08,24066790
cffi,2026-01-09,23758186
cffi,2026-01-10,13650788
cffi,2026-01-11,12534962
cffi,2026-01-12,21328165
cffi,2026-01-13,23060534
cffi,2026-01-14,22790939
cffi,2026-01-15,22204723
cffi,2026-01-16,20810833
cffi,2026-01-17,13030501
cffi,2026-01-18,12864754
cffi,2026-01-19,19691155
cffi,2026-01-20,22258896
cffi,2026-01-21,23324123
cffi,2026-01-22,23062851
cffi,2026-01-23,21787293
cffi,2026-01-24,13160698
cffi,2026-01-25,12948458
cffi,2026-01-26,22277325
cffi,2026-01-27,26967226
cffi,2026-01-28,26278761
cffi,2026-01-29,26475945
cffi,2026-01-30,24580415
cffi,2026-01-31,15490769
charset-normalizer,2025-10-01,32380762
charset-normalizer,2025-10-02,30543304
charset-normalizer,2025-10-03,27980788
charset-normalizer,2025-10-04,18278850
charset-normalizer,2025-10-05,17869092
charset-normalizer,2025-10-06,30033162
charset-normalizer,2025-10-07,32242992
charset-normalizer,2025-10-08,31850134
charset-normalizer,2025-10-09,30308651
charset-normalizer,2025-10-10,29225287
charset-normalizer,2025-10-11,19661312
charset-normalizer,2025-10-12,18962193
charset-normalizer,2025-10-13,29475957
charset-normalizer,2025-10-14,33081787
charset-normalizer,2025-10-15,32901396
charset-normalizer,2025-10-16,33564350
charset-normalizer,2025-10-17,32470849
charset-normalizer,2025-10-18,20745098
charset-normalizer,2025-10-19,20292042
charset-normalizer,2025-10-20,28543093
charset-normalizer,2025-10-21,34103679
charset-normalizer,2025-10-22,55529733
charset-normalizer,2025-10-23,68467109
charset-normalizer,2025-10-24,34308745
charset-normalizer,2025-10-25,54464907
charset-normalizer,2025-10-26,20629159
charset-normalizer,2025-10-27,50267344
charset-normalizer,2025-10-28,34419056
charset-normalizer,2025-10-29,32283112
charset-normalizer,2025-10-30,33220186
charset-normalizer,2025-10-31,31063667
charset-normalizer,2025-11-01,20882814
charset-normalizer,2025-11-02,20357473
charset-normalizer,2025-11-03,32343884
charset-normalizer,2025-11-04,32785195
charset-normalizer,2025-11-05,32534542
charset-normalizer,2025-11-06,33054249
charset-normalizer,2025-11-07,30698269
charset-normalizer,2025-11-08,19612087
charset-normalizer,2025-11-09,19587270
charset-normalizer,2025-11-10,31917543
charset-normalizer,2025-11-11,31363369
charset-normalizer,2025-11-12,33904563
charset-normalizer,2025-11-13,34366469
charset-normalizer,2025-11-14,33410256
charset-normalizer,2025-11-15,21111962
charset-normalizer,2025-11-16,20581291
charset-normalizer,2025-11-17,32472084
charset-normalizer,2025-11-18,33708578
charset-normalizer,2025-11-19,35031309
charset-normalizer,2025-11-20,34750625
charset-normalizer,2025-11-21,32370690
charset-normalizer,2025-11-22,22205700
charset-normalizer,2025-11-23,20944087
charset-normalizer,2025-11-24,33362679
charset-normalizer,2025-11-25,34598649
charset-normalizer,2025-11-26,33665862
charset-normalizer,2025-11-27,29827814
charset-normalizer,2025-11-28,27361318
charset-normalizer,2025-11-29,20403172
charset-normalizer,2025-11-30,20024061
charset-normalizer,2025-12-01,34030827
charset-normalizer,2025-12-02,36182444
charset-normalizer,2025-12-03,36593762
charset-normalizer,2025-12-04,35177384
charset-normalizer,2025-12-05,32640748
charset-normalizer,2025-12-06,21904048
charset-normalizer,2025-12-07,21218342
charset-normalizer,2025-12-08,33321081
charset-normalizer,2025-12-09,35057520
charset-normalizer,2025-12-10,33763378
charset-normalizer,2025-12-11,32744653
charset-normalizer,2025-12-12,30942862
charset-normalizer,2025-12-13,20379354
charset-normalizer,2025-12-14,19553705
charset-normalizer,2025-12-15,31927321
charset-normalizer,2025-12-16,34471506
charset-normalizer,2025-12-17,34272690
charset-normalizer,2025-12-18,33573008
charset-normalizer,2025-12-19,31183302
charset-normalizer,2025-12-20,21398887
charset-normalizer,2025-12-21,20848626
charset-normalizer,2025-12-22,28434248
charset-normalizer,2025-12-23,28264085
charset-normalizer,2025-12-24,24455704
charset-normalizer,2025-12-25,21133527
charset-normalizer,2025-12-26,21638971
charset-normalizer,2025-12-27,19196430
charset-normalizer,2025-12-28,19901030
charset-normalizer,2025-12-29,37805683
charset-normalizer,2025-12-30,34453853
charset-normalizer,2025-12-31,24081234
charset-normalizer,2026-01-01,21115536
charset-normalizer,2026-01-02,24062809
charset-normalizer,2026-01-03,19658826
charset-normalizer,2026-01-04,20335393
charset-normalizer,2026-01-05,35685092
charset-normalizer,2026-01-06,31697003
charset-normalizer,2026-01-07,32869297
charset-normalizer,2026-01-08,34764752
charset-normalizer,2026-01-09,33943513
charset-normalizer,2026-01-10,21986611
charset-normalizer,2026-01-11,21300324
charset-normalizer,2026-01-12,33362412
charset-normalizer,2026-01-13,34887825
charset-normalizer,2026-01-14,34585052
charset-normalizer,2026-01-15,35963720
charset-normalizer,2026-01-16,51593691
charset-normalizer,2026-01-17,21621600
charset-normalizer,2026-01-18,21568367
charset-normalizer,2026-01-19,31414884
charset-normalizer,2026-01-20,34707024
charset-normalizer,2026-01-21,35167640
charset-normalizer,2026-01-22,35316203
charset-normalizer,2026-01-23,33360599
charset-normalizer,2026-01-24,21642709
charset-normalizer,2026-01-25,20997893
charset-normalizer,2026-01-26,33146571
charset-normalizer,2026-01-27,37568689
charset-normalizer,2026-01-28,36001920
charset-normalizer,2026-01-29,36486690
charset-normalizer,2026-01-30,33427192
charset-normalizer,2026-01-31,21925982
click,2025-10-01,17197334
click,2025-10-02,16077490
click,2025-10-03,14700962
click,2025-10-04,8466053
click,2025-10-05,8079944
click,2025-10-06,15827338
click,2025-10-07,17871158
click,2025-10-08,17877741
click,2025-10-09,16066046
click,2025-10-10,15280876
click,2025-10-11,10101454
click,2025-10-12,9484778
click,2025-10-13,15701855
click,2025-10-14,16713253
click,2025-10-15,16762114
click,2025-10-16,17904701
click,2025-10-17,17851057
click,2025-10-18,10302706
click,2025-10-19,10308286
click,2025-10-20,15108890
click,2025-10-21,18086837
click,2025-10-22,17698814
click,2025-10-23,18046916
click,2025-10-24,18569533
click,2025-10-25,11080411
click,2025-10-26,10656528
click,2025-10-27,18520230
click,2025-10-28,17858118
click,2025-10-29,17571633
click,2025-10-30,18344723
click,2025-10-31,17407586
click,2025-11-01,11080805
click,2025-11-02,10331422
click,2025-11-03,17354782
click,2025-11-04,17457040
click,2025-11-05,17032432
click,2025-11-06,17415419
click,2025-11-07,16422341
click,2025-11-08,9839100
click,2025-11-09,9709110
click,2025-11-10,17205905
click,2025-11-11,16912520
click,2025-11-12,18708948
click,2025-11-13,19110428
click,2025-11-14,19027804
click,2025-11-15,11438690
click,2025-11-16,11603927
click,2025-11-17,18967154
click,2025-11-18,19616278
click,2025-11-19,20102192
click,2025-11-20,20344953
click,2025-11-21,18428396
click,2025-11-22,12386901
click,2025-11-23,11471849
click,2025-11-24,19677825
click,2025-11-25,20371405
click,2025-11-26,19263742
click,2025-11-27,16760043
click,2025-11-28,15312321
click,2025-11-29,10947441
click,2025-11-30,10380675
click,2025-12-01,19621682
click,2025-12-02,21206412
click,2025-12-03,21686794
click,2025-12-04,20576285
click,2025-12-05,18810635
click,2025-12-06,12027651
click,2025-12-07,11398122
click,2025-12-08,18810259
click,2025-12-09,20161216
click,2025-12-10,19132406
click,2025-12-11,18147608
click,2025-12-12,17563286
click,2025-12-13,10712021
click,2025-12-14,9946794
click,2025-12-15,17626216
click,2025-12-16,19498210
click,2025-12-17,19561238
click,2025-12-18,19071936
click,2025-12-19,17275541
click,2025-12-20,11237500
click,2025-12-21,10786818
click,2025-12-22,15432007
click,2025-12-23,15296650
click,2025-12-24,12982835
click,2025-12-25,11385537
click,2025-12-26,11726235
click,2025-12-27,10281896
click,2025-12-28,10763474
click,2025-12-29,13996019
click,2025-12-30,13860490
click,2025-12-31,12532914
click,2026-01-01,10540776
click,2026-01-02,12382350
click,2026-01-03,9669525
click,2026-01-04,10293009
click,2026-01-05,16612614
click,2026-01-06,17302919
click,2026-01-07,18086545
click,2026-01-08,19432195
click,2026-01-09,19390069
click,2026-01-10,11570504
click,2026-01-11,11030520
click,2026-01-12,18662520
click,2026-01-13,19498381
click,2026-01-14,19281994
click,2026-01-15,18768282
click,2026-01-16,18121723
click,2026-01-17,10993720
click,2026-01-18,11001952
click,2026-01-19,17357433
click,2026-01-20,19551359
click,2026-01-21,19726933
click,2026-01-22,19728421
click,2026-01-23,18345774
click,2026-01-24,11047011
click,2026-01-25,10678163
click,2026-01-26,18292600
click,2026-01-27,20770746
click,2026-01-28,19844463
click,2026-01-29,20707984
click,2026-01-30,18931502
click,2026-01-31,11228787
cryptography,2025-10-01,22707156
cryptography,2025-10-02,21166113
cryptography,2025-10-03,19443792
cryptography,2025-10-04,12648612
cryptography,2025-10-05,12571221
cryptography,2025-10-06,21180006
cryptography,2025-10-07,21454078
cryptography,2025-10-08,21624670
cryptography,2025-10-09,21029805
cryptography,2025-10-10,19546259
cryptography,2025-10-11,12150418
cryptography,2025-10-12,11915235
cryptography,2025-10-13,19365041
cryptography,2025-10-14,20413253
cryptography,2025-10-15,21487441
cryptography,2025-10-16,23021000
cryptography,2025-10-17,21330675
cryptography,2025-10-18,13754289
cryptography,2025-10-19,13322373
cryptography,2025-10-20,18993946
cryptography,2025-10-21,22901104
cryptography,2025-10-22,22455108
cryptography,2025-10-23,22054858
cryptography,2025-10-24,21364938
cryptography,2025-10-25,13411240
cryptography,2025-10-26,12981597
cryptography,2025-10-27,21456056
cryptography,2025-10-28,22195863
cryptography,2025-10-29,21985917
cryptography,2025-10-30,22444214
cryptography,2025-10-31,20818815
cryptography,2025-11-01,13661450
cryptography,2025-11-02,13187159
cryptography,2025-11-03,21721318
cryptography,2025-11-04,22608932
cryptography,2025-11-05,22429693
cryptography,2025-11-06,22842811
cryptography,2025-11-07,21181879
cryptography,2025-11-08,13534258
cryptography,2025-11-09,13585734
cryptography,2025-11-10,22433740
cryptography,2025-11-11,21745146
cryptography,2025-11-12,22895284
cryptography,2025-11-13,23003883
cryptography,2025-11-14,21610722
cryptography,2025-11-15,13973881
cryptography,2025-11-16,13830800
cryptography,2025-11-17,22161672
cryptography,2025-11-18,23094244
cryptography,2025-11-19,23524547
cryptography,2025-11-20,23367352
cryptography,2025-11-21,21906561
cryptography,2025-11-22,14496118
cryptography,2025-11-23,14043336
cryptography,2025-11-24,22392139
cryptography,2025-11-25,23295328
cryptography,2025-11-26,22543148
cryptography,2025-11-27,20253654
cryptography,2025-11-28,18949028
cryptography,2025-11-29,13926271
cryptography,2025-11-30,14016720
cryptography,2025-12-01,23538770
cryptography,2025-12-02,24637715
cryptography,2025-12-03,24625168
cryptography,2025-12-04,24011530
cryptography,2025-12-05,21623129
cryptography,2025-12-06,14037901
cryptography,2025-12-07,13843098
cryptography,2025-12-08,22235786
cryptography,2025-12-09,23688386
cryptography,2025-12-10,23288941
cryptography,2025-12-11,22799303
cryptography,2025-12-12,21170351
cryptography,2025-12-13,13510678
cryptography,2025-12-14,13161432
cryptography,2025-12-15,22247972
cryptography,2025-12-16,23330241
cryptography,2025-12-17,22985460
cryptography,2025-12-18,22514490
cryptography,2025-12-19,20884302
cryptography,2025-12-20,13892101
cryptography,2025-12-21,13169745
cryptography,2025-12-22,19144561
cryptography,2025-12-23,18970509
cryptography,2025-12-24,16188496
cryptography,2025-12-25,13573455
cryptography,2025-12-26,14081307
cryptography,2025-12-27,12315854
cryptography,2025-12-28,12687001
cryptography,2025-12-29,16688884
cryptography,2025-12-30,16970769
cryptography,2025-12-31,15420773
cryptography,2026-01-01,13598941
cryptography,2026-01-02,15818563
cryptography,2026-01-03,12595602
cryptography,2026-01-04,13010668
cryptography,2026-01-05,20258807
cryptography,2026-01-06,21714536
cryptography,2026-01-07,22425933
cryptography,2026-01-08,24942730
cryptography,2026-01-09,24622059
cryptography,2026-01-10,14757245
cryptography,2026-01-11,13650144
cryptography,2026-01-12,22322043
cryptography,2026-01-13,23997290
cryptography,2026-01-14,23766568
cryptography,2026-01-15,23038150
cryptography,2026-01-16,21763152
cryptography,2026-01-17,14023108
cryptography,2026-01-18,13873234
cryptography,2026-01-19,20757090
cryptography,2026-01-20,23155312
cryptography,2026-01-21,24154850
cryptography,2026-01-22,23988485
cryptography,2026-01-23,22700306
cryptography,2026-01-24,14154451
cryptography,2026-01-25,13948734
cryptography,2026-01-26,23043255
cryptography,2026-01-27,27889966
cryptography,2026-01-28,29565596
cryptography,2026-01-29,29113696
cryptography,2026-01-30,27013478
cryptography,2026-01-31,17497289
filelock,2025-10-01,12578532
filelock,2025-10-02,11773785
filelock,2025-10-03,10462795
filelock,2025-10-04,5759008
filelock,2025-10-05,5747214
filelock,2025-10-06,11356297
filelock,2025-10-07,12005210
filelock,2025-10-08,12171938
filelock,2025-10-09,12187524
filelock,2025-10-10,11454997
filelock,2025-10-11,6010729
filelock,2025-10-12,5813330
filelock,2025-10-13,11223807
filelock,2025-10-14,11914675
filelock,2025-10-15,12788328
filelock,2025-10-16,12428135
filelock,2025-10-17,11525787
filelock,2025-10-18,6403166
filelock,2025-10-19,5840563
filelock,2025-10-20,10416497
filelock,2025-10-21,12647261
filelock,2025-10-22,12372043
filelock,2025-10-23,12054489
filelock,2025-10-24,11996810
filelock,2025-10-25,6761793
filelock,2025-10-26,6090593
filelock,2025-10-27,12102501
filelock,2025-10-28,12354353
filelock,2025-10-29,12293343
filelock,2025-10-30,12522096
filelock,2025-10-31,11000263
filelock,2025-11-01,6325801
filelock,2025-11-02,5946476
filelock,2025-11-03,11946561
filelock,2025-11-04,12418266
filelock,2025-11-05,12321612
filelock,2025-11-06,12646376
filelock,2025-11-07,11511227
filelock,2025-11-08,6201696
filelock,2025-11-09,6068793
filelock,2025-11-10,12319662
filelock,2025-11-11,11733650
filelock,2025-11-12,12467491
filelock,2025-11-13,12509533
filelock,2025-11-14,11546799
filelock,2025-11-15,5992327
filelock,2025-11-16,6142636
filelock,2025-11-17,11897555
filelock,2025-11-18,12504374
filelock,2025-11-19,13100034
filelock,2025-11-20,12856804
filelock,2025-11-21,12013134
filelock,2025-11-22,6734006
filelock,2025-11-23,6326953
filelock,2025-11-24,12301805
filelock,2025-11-25,12845359
filelock,2025-11-26,12382064
filelock,2025-11-27,10740050
filelock,2025-11-28,9834696
filelock,2025-11-29,6852204
filelock,2025-11-30,6371261
filelock,2025-12-01,13280452
filelock,2025-12-02,14088376
filelock,2025-12-03,14592240
filelock,2025-12-04,14181568
filelock,2025-12-05,12934241
filelock,2025-12-06,7507025
filelock,2025-12-07,7434021
filelock,2025-12-08,13312203
filelock,2025-12-09,14473569
filelock,2025-12-10,13842295
filelock,2025-12-11,13326853
filelock,2025-12-12,12688879
filelock,2025-12-13,7809182
filelock,2025-12-14,6971055
filelock,2025-12-15,13421769
filelock,2025-12-16,15793611
filelock,2025-12-17,15383225
filelock,2025-12-18,15143668
filelock,2025-12-19,13803482
filelock,2025-12-20,8092479
filelock,2025-12-21,8325912
filelock,2025-12-22,11737766
filelock,2025-12-23,11231620
filelock,2025-12-24,9684218
filelock,2025-12-25,8080038
filelock,2025-12-26,8421882
filelock,2025-12-27,6834921
filelock,2025-12-28,7533555
filelock,2025-12-29,10421804
filelock,2025-12-30,11341974
filelock,2025-12-31,9938081
filelock,2026-01-01,8343987
filelock,2026-01-02,9553931
filelock,2026-01-03,7628472
filelock,2026-01-04,7815202
filelock,2026-01-05,12932282
filelock,2026-01-06,13482755
filelock,2026-01-07,14136417
filelock,2026-01-08,15618088
filelock,2026-01-09,15928215
filelock,2026-01-10,9446334
filelock,2026-01-11,9066007
filelock,2026-01-12,15454394
filelock,2026-01-13,15914590
filelock,2026-01-14,16429079
filelock,2026-01-15,15554466
filelock,2026-01-16,14906512
filelock,2026-01-17,8723928
filelock,2026-01-18,8443171
filelock,2026-01-19,13693371
filelock,2026-01-20,15564361
filelock,2026-01-21,15450339
filelock,2026-01-22,15289382
filelock,2026-01-23,14236540
filelock,2026-01-24,7694317
filelock,2026-01-25,7862844
filelock,2026-01-26,14182952
filelock,2026-01-27,15879338
filelock,2026-01-28,15320883
filelock,2026-01-29,15822942
filelock,2026-01-30,14313745
filelock,2026-01-31,7973855
fsspec,2025-10-01,17199219
fsspec,2025-10-02,16647315
fsspec,2025-10-03,16281598
fsspec,2025-10-04,13455555
fsspec,2025-10-05,14185203
fsspec,2025-10-06,15008643
fsspec,2025-10-07,19462233
fsspec,2025-10-08,18491847
fsspec,2025-10-09,17193099
fsspec,2025-10-10,17032871
fsspec,2025-10-11,11920435
fsspec,2025-10-12,13433349
fsspec,2025-10-13,15974562
fsspec,2025-10-14,16400327
fsspec,2025-10-15,18168020
fsspec,2025-10-16,19188429
fsspec,2025-10-17,17550244
fsspec,2025-10-18,13575471
fsspec,2025-10-19,12552054
fsspec,2025-10-20,11070245
fsspec,2025-10-21,15473479
fsspec,2025-10-22,16330733
fsspec,2025-10-23,16613488
fsspec,2025-10-24,15653304
fsspec,2025-10-25,11547995
fsspec,2025-10-26,11045238
fsspec,2025-10-27,14665481
fsspec,2025-10-28,14890148
fsspec,2025-10-29,11907798
fsspec,2025-10-30,15987315
fsspec,2025-10-31,15593967
fsspec,2025-11-01,14558631
fsspec,2025-11-02,16359563
fsspec,2025-11-03,21394839
fsspec,2025-11-04,22649327
fsspec,2025-11-05,21031431
fsspec,2025-11-06,19713386
fsspec,2025-11-07,19708197
fsspec,2025-11-08,15185729
fsspec,2025-11-09,14976295
fsspec,2025-11-10,17880643
fsspec,2025-11-11,19170815
fsspec,2025-11-12,19464835
fsspec,2025-11-13,19821100
fsspec,2025-11-14,18999798
fsspec,2025-11-15,17403966
fsspec,2025-11-16,14508701
fsspec,2025-11-17,18455953
fsspec,2025-11-18,19498835
fsspec,2025-11-19,21651662
fsspec,2025-11-20,20355781
fsspec,2025-11-21,20568779
fsspec,2025-11-22,17806311
fsspec,2025-11-23,16410354
fsspec,2025-11-24,20154707
fsspec,2025-11-25,18692872
fsspec,2025-11-26,19406809
fsspec,2025-11-27,17179365
fsspec,2025-11-28,13106856
fsspec,2025-11-29,11445117
fsspec,2025-11-30,11811877
fsspec,2025-12-01,19592392
fsspec,2025-12-02,21637794
fsspec,2025-12-03,21323769
fsspec,2025-12-04,20575989
fsspec,2025-12-05,19941461
fsspec,2025-12-06,16202831
fsspec,2025-12-07,16132670
fsspec,2025-12-08,19878315
fsspec,2025-12-09,20353215
fsspec,2025-12-10,21244438
fsspec,2025-12-11,18840959
fsspec,2025-12-12,18086521
fsspec,2025-12-13,15098609
fsspec,2025-12-14,14472724
fsspec,2025-12-15,19152121
fsspec,2025-12-16,20898381
fsspec,2025-12-17,19508953
fsspec,2025-12-18,21016991
fsspec,2025-12-19,19385268
fsspec,2025-12-20,16888067
fsspec,2025-12-21,15959602
fsspec,2025-12-22,19721768
fsspec,2025-12-23,17711503
fsspec,2025-12-24,17141780
fsspec,2025-12-25,15436997
fsspec,2025-12-26,14882362
fsspec,2025-12-27,13114476
fsspec,2025-12-28,13155971
fsspec,2025-12-29,16206288
fsspec,2025-12-30,18067842
fsspec,2025-12-31,18334787
fsspec,2026-01-01,17913551
fsspec,2026-01-02,17677889
fsspec,2026-01-03,14094767
fsspec,2026-01-04,14470987
fsspec,2026-01-05,17887036
fsspec,2026-01-06,18173836
fsspec,2026-01-07,17882570
fsspec,2026-01-08,18388641
fsspec,2026-01-09,19378704
fsspec,2026-01-10,15011112
fsspec,2026-01-11,14205729
fsspec,2026-01-12,18245362
fsspec,2026-01-13,19732594
fsspec,2026-01-14,20028152
fsspec,2026-01-15,20319765
fsspec,2026-01-16,19844363
fsspec,2026-01-17,15856480
fsspec,2026-01-18,14795196
fsspec,2026-01-19,17896392
fsspec,2026-01-20,19491076
fsspec,2026-01-21,21063545
fsspec,2026-01-22,21445314
fsspec,2026-01-23,18915727
fsspec,2026-01-24,14853995
fsspec,2026-01-25,14369483
fsspec,2026-01-26,18586128
fsspec,2026-01-27,20296691
fsspec,2026-01-28,19450592
fsspec,2026-01-29,20230084
fsspec,2026-01-30,19795915
fsspec,2026-01-31,15917571
grpcio-status,2025-10-01,27697933
grpcio-status,2025-10-02,26704384
grpcio-status,2025-10-03,27960456
grpcio-status,2025-10-04,20746028
grpcio-status,2025-10-05,20228518
grpcio-status,2025-10-06,26933989
grpcio-status,2025-10-07,28701368
grpcio-status,2025-10-08,28569251
grpcio-status,2025-10-09,28301124
grpcio-status,2025-10-10,26151458
grpcio-status,2025-10-11,20246628
grpcio-status,2025-10-12,19623835
grpcio-status,2025-10-13,26526920
grpcio-status,2025-10-14,26418421
grpcio-status,2025-10-15,27195689
grpcio-status,2025-10-16,26254327
grpcio-status,2025-10-17,25494774
grpcio-status,2025-10-18,19826158
grpcio-status,2025-10-19,19170600
grpcio-status,2025-10-20,22699865
grpcio-status,2025-10-21,27260496
grpcio-status,2025-10-22,26845808
grpcio-status,2025-10-23,26606070
grpcio-status,2025-10-24,25541833
grpcio-status,2025-10-25,21034905
grpcio-status,2025-10-26,19817724
grpcio-status,2025-10-27,26239436
grpcio-status,2025-10-28,27216003
grpcio-status,2025-10-29,27094627
grpcio-status,2025-10-30,27609216
grpcio-status,2025-10-31,26107688
grpcio-status,2025-11-01,20823839
grpcio-status,2025-11-02,19070820
grpcio-status,2025-11-03,26518630
grpcio-status,2025-11-04,27344779
grpcio-status,2025-11-05,27919788
grpcio-status,2025-11-06,29008231
grpcio-status,2025-11-07,26541995
grpcio-status,2025-11-08,20661532
grpcio-status,2025-11-09,21017289
grpcio-status,2025-11-10,26986994
grpcio-status,2025-11-11,28540644
grpcio-status,2025-11-12,28716961
grpcio-status,2025-11-13,29386866
grpcio-status,2025-11-14,28317229
grpcio-status,2025-11-15,22281755
grpcio-status,2025-11-16,22090607
grpcio-status,2025-11-17,28530985
grpcio-status,2025-11-18,27720577
grpcio-status,2025-11-19,28329764
grpcio-status,2025-11-20,28536342
grpcio-status,2025-11-21,26859549
grpcio-status,2025-11-22,21811113
grpcio-status,2025-11-23,20726369
grpcio-status,2025-11-24,27073282
grpcio-status,2025-11-25,28461502
grpcio-status,2025-11-26,27325846
grpcio-status,2025-11-27,25934503
grpcio-status,2025-11-28,24201318
grpcio-status,2025-11-29,19974750
grpcio-status,2025-11-30,20038900
grpcio-status,2025-12-01,26937658
grpcio-status,2025-12-02,28040821
grpcio-status,2025-12-03,28764307
grpcio-status,2025-12-04,28351492
grpcio-status,2025-12-05,26900985
grpcio-status,2025-12-06,20535602
grpcio-status,2025-12-07,20054786
grpcio-status,2025-12-08,26399741
grpcio-status,2025-12-09,27874999
grpcio-status,2025-12-10,27238348
grpcio-status,2025-12-11,26949142
grpcio-status,2025-12-12,25329794
grpcio-status,2025-12-13,20027309
grpcio-status,2025-12-14,19015879
grpcio-status,2025-12-15,25313756
grpcio-status,2025-12-16,26700366
grpcio-status,2025-12-17,28330128
grpcio-status,2025-12-18,27108953
grpcio-status,2025-12-19,25475377
grpcio-status,2025-12-20,23467546
grpcio-status,2025-12-21,20011320
grpcio-status,2025-12-22,24416995
grpcio-status,2025-12-23,24978855
grpcio-status,2025-12-24,23394814
grpcio-status,2025-12-25,21005238
grpcio-status,2025-12-26,21036084
grpcio-status,2025-12-27,18899189
grpcio-status,2025-12-28,18755262
grpcio-status,2025-12-29,22648501
grpcio-status,2025-12-30,22673423
grpcio-status,2025-12-31,21659703
grpcio-status,2026-01-01,20203900
grpcio-status,2026-01-02,21758027
grpcio-status,2026-01-03,19286238
grpcio-status,2026-01-04,19245199
grpcio-status,2026-01-05,24794847
grpcio-status,2026-01-06,26734436
grpcio-status,2026-01-07,27792333
grpcio-status,2026-01-08,27640798
grpcio-status,2026-01-09,26849587
grpcio-status,2026-01-10,21418379
grpcio-status,2026-01-11,20770082
grpcio-status,2026-01-12,26006504
grpcio-status,2026-01-13,26977920
grpcio-status,2026-01-14,27099902
grpcio-status,2026-01-15,26344271
grpcio-status,2026-01-16,25916006
grpcio-status,2026-01-17,20129399
grpcio-status,2026-01-18,19777364
grpcio-status,2026-01-19,24756104
grpcio-status,2026-01-20,26069234
grpcio-status,2026-01-21,25773743
grpcio-status,2026-01-22,25700298
grpcio-status,2026-01-23,24415138
grpcio-status,2026-01-24,18266712
grpcio-status,2026-01-25,18796183
grpcio-status,2026-01-26,23647339
grpcio-status,2026-01-27,26991731
grpcio-status,2026-01-28,26000288
grpcio-status,2026-01-29,26401287
grpcio-status,2026-01-30,24607586
grpcio-status,2026-01-31,18602455
idna,2025-10-01,30916439
idna,2025-10-02,29022761
idna,2025-10-03,27141303
idna,2025-10-04,17936518
idna,2025-10-05,17465847
idna,2025-10-06,29247810
idna,2025-10-07,31316015
idna,2025-10-08,30753207
idna,2025-10-09,29595335
idna,2025-10-10,28421792
idna,2025-10-11,19525635
idna,2025-10-12,19422905
idna,2025-10-13,31297939
idna,2025-10-14,32571050
idna,2025-10-15,33047459
idna,2025-10-16,33657678
idna,2025-10-17,32670148
idna,2025-10-18,21117164
idna,2025-10-19,20638713
idna,2025-10-20,28616670
idna,2025-10-21,34213945
idna,2025-10-22,55377130
idna,2025-10-23,68431995
idna,2025-10-24,34434287
idna,2025-10-25,54604773
idna,2025-10-26,20781933
idna,2025-10-27,50218543
idna,2025-10-28,34442029
idna,2025-10-29,32351474
idna,2025-10-30,33396405
idna,2025-10-31,31244350
idna,2025-11-01,21260610
idna,2025-11-02,20687338
idna,2025-11-03,32416882
idna,2025-11-04,33033864
idna,2025-11-05,32644270
idna,2025-11-06,33034610
idna,2025-11-07,30662307
idna,2025-11-08,19986816
idna,2025-11-09,20000208
idna,2025-11-10,32258631
idna,2025-11-11,31845085
idna,2025-11-12,34075515
idna,2025-11-13,34466803
idna,2025-11-14,33897486
idna,2025-11-15,22021980
idna,2025-11-16,21394296
idna,2025-11-17,33116532
idna,2025-11-18,34600450
idna,2025-11-19,35495931
idna,2025-11-20,35334020
idna,2025-11-21,32776975
idna,2025-11-22,22630976
idna,2025-11-23,21383422
idna,2025-11-24,33775854
idna,2025-11-25,35192387
idna,2025-11-26,34279980
idna,2025-11-27,30084731
idna,2025-11-28,27691559
idna,2025-11-29,20701126
idna,2025-11-30,20319227
idna,2025-12-01,34257476
idna,2025-12-02,36462149
idna,2025-12-03,36796073
idna,2025-12-04,35531403
idna,2025-12-05,33212897
idna,2025-12-06,22466663
idna,2025-12-07,21830169
idna,2025-12-08,34742821
idna,2025-12-09,35790485
idna,2025-12-10,34493786
idna,2025-12-11,33522234
idna,2025-12-12,31683319
idna,2025-12-13,21057678
idna,2025-12-14,20212719
idna,2025-12-15,32565354
idna,2025-12-16,35018984
idna,2025-12-17,34837490
idna,2025-12-18,34197991
idna,2025-12-19,31824745
idna,2025-12-20,22117638
idna,2025-12-21,21641615
idna,2025-12-22,29263549
idna,2025-12-23,28638751
idna,2025-12-24,25037965
idna,2025-12-25,21734502
idna,2025-12-26,22312591
idna,2025-12-27,19808980
idna,2025-12-28,20445395
idna,2025-12-29,38362204
idna,2025-12-30,34884231
idna,2025-12-31,24568330
idna,2026-01-01,21714294
idna,2026-01-02,24672955
idna,2026-01-03,20069293
idna,2026-01-04,20784130
idna,2026-01-05,36433679
idna,2026-01-06,32418977
idna,2026-01-07,33540052
idna,2026-01-08,35400782
idna,2026-01-09,34641246
idna,2026-01-10,22829856
idna,2026-01-11,22053361
idna,2026-01-12,34237824
idna,2026-01-13,35708500
idna,2026-01-14,35261534
idna,2026-01-15,36601760
idna,2026-01-16,52430910
idna,2026-01-17,22358635
idna,2026-01-18,22296073
idna,2026-01-19,32355751
idna,2026-01-20,35491191
idna,2026-01-21,35751266
idna,2026-01-22,36078525
idna,2026-01-23,34080239
idna,2026-01-24,22521197
idna,2026-01-25,21745699
idna,2026-01-26,33826885
idna,2026-01-27,38181657
idna,2026-01-28,36740632
idna,2026-01-29,37473855
idna,2026-01-30,34525018
idna,2026-01-31,22851400
litellm,2025-10-01,1751439
litellm,2025-10-02,1418886
litellm,2025-10-03,1364230
litellm,2025-10-04,804553
litellm,2025-10-05,471348
litellm,2025-10-06,1105224
litellm,2025-10-07,1202218
litellm,2025-10-08,1211093
litellm,2025-10-09,1086229
litellm,2025-10-10,1047026
litellm,2025-10-11,557247
litellm,2025-10-12,510735
litellm,2025-10-13,1013211
litellm,2025-10-14,1111343
litellm,2025-10-15,1254369
litellm,2025-10-16,1311585
litellm,2025-10-17,1075207
litellm,2025-10-18,637292
litellm,2025-10-19,629261
litellm,2025-10-20,1046267
litellm,2025-10-21,1267781
litellm,2025-10-22,1331374
litellm,2025-10-23,1286357
litellm,2025-10-24,1356083
litellm,2025-10-25,896290
litellm,2025-10-26,758521
litellm,2025-10-27,1394388
litellm,2025-10-28,1456445
litellm,2025-10-29,2028772
litellm,2025-10-30,2409521
litellm,2025-10-31,1907946
litellm,2025-11-01,1136018
litellm,2025-11-02,1152574
litellm,2025-11-03,1960831
litellm,2025-11-04,1572956
litellm,2025-11-05,1800776
litellm,2025-11-06,1565818
litellm,2025-11-07,1638536
litellm,2025-11-08,1021122
litellm,2025-11-09,1022241
litellm,2025-11-10,1989504
litellm,2025-11-11,1379157
litellm,2025-11-12,1406986
litellm,2025-11-13,1452795
litellm,2025-11-14,1297389
litellm,2025-11-15,1096868
litellm,2025-11-16,1138902
litellm,2025-11-17,1665308
litellm,2025-11-18,1539539
litellm,2025-11-19,1635351
litellm,2025-11-20,1625400
litellm,2025-11-21,1466256
litellm,2025-11-22,852808
litellm,2025-11-23,791718
litellm,2025-11-24,1367017
litellm,2025-11-25,1579804
litellm,2025-11-26,1475719
litellm,2025-11-27,1305230
litellm,2025-11-28,1264582
litellm,2025-11-29,850721
litellm,2025-11-30,907872
litellm,2025-12-01,1659408
litellm,2025-12-02,1861225
litellm,2025-12-03,1986173
litellm,2025-12-04,1872449
litellm,2025-12-05,1795009
litellm,2025-12-06,1040992
litellm,2025-12-07,1079180
litellm,2025-12-08,1741497
litellm,2025-12-09,2207572
litellm,2025-12-10,2402900
litellm,2025-12-11,2280007
litellm,2025-12-12,2226620
litellm,2025-12-13,3036159
litellm,2025-12-14,2624820
litellm,2025-12-15,2700013
litellm,2025-12-16,2632843
litellm,2025-12-17,2646039
litellm,2025-12-18,2864831
litellm,2025-12-19,2580841
litellm,2025-12-20,1849328
litellm,2025-12-21,1416951
litellm,2025-12-22,2326807
litellm,2025-12-23,2292506
litellm,2025-12-24,1955446
litellm,2025-12-25,1519499
litellm,2025-12-26,1739757
litellm,2025-12-27,1472808
litellm,2025-12-28,1559561
litellm,2025-12-29,2058728
litellm,2025-12-30,2076236
litellm,2025-12-31,2211548
litellm,2026-01-01,1871019
litellm,2026-01-02,2135083
litellm,2026-01-03,1916399
litellm,2026-01-04,1964654
litellm,2026-01-05,2586765
litellm,2026-01-06,2760072
litellm,2026-01-07,2590395
litellm,2026-01-08,2509589
litellm,2026-01-09,2373721
litellm,2026-01-10,1358952
litellm,2026-01-11,1226225
litellm,2026-01-12,2327360
litellm,2026-01-13,2479104
litellm,2026-01-14,2411886
litellm,2026-01-15,2331103
litellm,2026-01-16,1830105
litellm,2026-01-17,1252969
litellm,2026-01-18,1215350
litellm,2026-01-19,1633091
litellm,2026-01-20,1811121
litellm,2026-01-21,2002644
litellm,2026-01-22,1950334
litellm,2026-01-23,1962793
litellm,2026-01-24,1062145
litellm,2026-01-25,1072253
litellm,2026-01-26,2242904
litellm,2026-01-27,2419522
litellm,2026-01-28,1999736
litellm,2026-01-29,2083146
litellm,2026-01-30,2023136
litellm,2026-01-31,1064897
numpy,2025-10-01,20588306
numpy,2025-10-02,19507160
numpy,2025-10-03,18756921
numpy,2025-10-04,13204248
numpy,2025-10-05,12681635
numpy,2025-10-06,19682503
numpy,2025-10-07,20727790
numpy,2025-10-08,21089997
numpy,2025-10-09,21199752
numpy,2025-10-10,20623059
numpy,2025-10-11,14173005
numpy,2025-10-12,13393466
numpy,2025-10-13,19886729
numpy,2025-10-14,21315327
numpy,2025-10-15,22901784
numpy,2025-10-16,23053224
numpy,2025-10-17,21875612
numpy,2025-10-18,15723134
numpy,2025-10-19,14577053
numpy,2025-10-20,18790943
numpy,2025-10-21,22828581
numpy,2025-10-22,22220370
numpy,2025-10-23,22224674
numpy,2025-10-24,21458602
numpy,2025-10-25,15559666
numpy,2025-10-26,14326580
numpy,2025-10-27,21848325
numpy,2025-10-28,22387423
numpy,2025-10-29,22426621
numpy,2025-10-30,23282206
numpy,2025-10-31,21074606
numpy,2025-11-01,15122624
numpy,2025-11-02,14474149
numpy,2025-11-03,21425431
numpy,2025-11-04,22214380
numpy,2025-11-05,22023544
numpy,2025-11-06,22615918
numpy,2025-11-07,21026905
numpy,2025-11-08,14771171
numpy,2025-11-09,14533816
numpy,2025-11-10,21474660
numpy,2025-11-11,21607364
numpy,2025-11-12,22616248
numpy,2025-11-13,22238467
numpy,2025-11-14,21329241
numpy,2025-11-15,15221489
numpy,2025-11-16,14849078
numpy,2025-11-17,24751440
numpy,2025-11-18,24493327
numpy,2025-11-19,25671990
numpy,2025-11-20,24946635
numpy,2025-11-21,23890341
numpy,2025-11-22,17117905
numpy,2025-11-23,16305652
numpy,2025-11-24,23413867
numpy,2025-11-25,24038517
numpy,2025-11-26,23854870
numpy,2025-11-27,21754726
numpy,2025-11-28,20104369
numpy,2025-11-29,15578423
numpy,2025-11-30,16404784
numpy,2025-12-01,24065054
numpy,2025-12-02,25243758
numpy,2025-12-03,25770471
numpy,2025-12-04,25249624
numpy,2025-12-05,23392815
numpy,2025-12-06,16584332
numpy,2025-12-07,16797799
numpy,2025-12-08,24049870
numpy,2025-12-09,25108289
numpy,2025-12-10,25463667
numpy,2025-12-11,25444615
numpy,2025-12-12,23265947
numpy,2025-12-13,16976254
numpy,2025-12-14,15701135
numpy,2025-12-15,23569723
numpy,2025-12-16,25758226
numpy,2025-12-17,25943105
numpy,2025-12-18,25719321
numpy,2025-12-19,24399721
numpy,2025-12-20,18606694
numpy,2025-12-21,19102371
numpy,2025-12-22,23250170
numpy,2025-12-23,20998482
numpy,2025-12-24,18962141
numpy,2025-12-25,16393263
numpy,2025-12-26,17076961
numpy,2025-12-27,14708502
numpy,2025-12-28,15146697
numpy,2025-12-29,18467004
numpy,2025-12-30,19497571
numpy,2025-12-31,18117724
numpy,2026-01-01,15807490
numpy,2026-01-02,17502969
numpy,2026-01-03,14615143
numpy,2026-01-04,15296169
numpy,2026-01-05,21230552
numpy,2026-01-06,22820103
numpy,2026-01-07,23614153
numpy,2026-01-08,25028721
numpy,2026-01-09,23474603
numpy,2026-01-10,17103004
numpy,2026-01-11,16575753
numpy,2026-01-12,24264723
numpy,2026-01-13,25690245
numpy,2026-01-14,26724797
numpy,2026-01-15,25615914
numpy,2026-01-16,25605436
numpy,2026-01-17,17445831
numpy,2026-01-18,16132920
numpy,2026-01-19,22475324
numpy,2026-01-20,24811931
numpy,2026-01-21,25929579
numpy,2026-01-22,25628764
numpy,2026-01-23,23844702
numpy,2026-01-24,16803414
numpy,2026-01-25,15550015
numpy,2026-01-26,23099027
numpy,2026-01-27,25800810
numpy,2026-01-28,24949809
numpy,2026-01-29,25734221
numpy,2026-01-30,23717824
numpy,2026-01-31,16365467
packaging,2025-10-01,28276802
packaging,2025-10-02,26545950
packaging,2025-10-03,24336670
packaging,2025-10-04,14595187
packaging,2025-10-05,14227414
packaging,2025-10-06,26366526
packaging,2025-10-07,27919194
packaging,2025-10-08,27646182
packaging,2025-10-09,27669337
packaging,2025-10-10,26241017
packaging,2025-10-11,14260275
packaging,2025-10-12,13822580
packaging,2025-10-13,25262769
packaging,2025-10-14,27214253
packaging,2025-10-15,28584387
packaging,2025-10-16,27962345
packaging,2025-10-17,26623317
packaging,2025-10-18,15816861
packaging,2025-10-19,14699066
packaging,2025-10-20,23851372
packaging,2025-10-21,29058199
packaging,2025-10-22,27675945
packaging,2025-10-23,28051740
packaging,2025-10-24,27837941
packaging,2025-10-25,16435091
packaging,2025-10-26,14486868
packaging,2025-10-27,27830134
packaging,2025-10-28,28763792
packaging,2025-10-29,28651790
packaging,2025-10-30,29575487
packaging,2025-10-31,26287548
packaging,2025-11-01,16599710
packaging,2025-11-02,15516576
packaging,2025-11-03,28290419
packaging,2025-11-04,29070168
packaging,2025-11-05,29031285
packaging,2025-11-06,29295888
packaging,2025-11-07,27596868
packaging,2025-11-08,16178776
packaging,2025-11-09,15783463
packaging,2025-11-10,28822193
packaging,2025-11-11,28461578
packaging,2025-11-12,30457466
packaging,2025-11-13,29854203
packaging,2025-11-14,28145682
packaging,2025-11-15,16188994
packaging,2025-11-16,16224957
packaging,2025-11-17,28744526
packaging,2025-11-18,30491725
packaging,2025-11-19,31028776
packaging,2025-11-20,30738077
packaging,2025-11-21,28847787
packaging,2025-11-22,17228651
packaging,2025-11-23,16942742
packaging,2025-11-24,29833764
packaging,2025-11-25,31261713
packaging,2025-11-26,30351167
packaging,2025-11-27,26875249
packaging,2025-11-28,24915308
packaging,2025-11-29,17576392
packaging,2025-11-30,16847969
packaging,2025-12-01,31243649
packaging,2025-12-02,33047471
packaging,2025-12-03,33735695
packaging,2025-12-04,32665608
packaging,2025-12-05,30269539
packaging,2025-12-06,18903522
packaging,2025-12-07,19096312
packaging,2025-12-08,33255083
packaging,2025-12-09,33439503
packaging,2025-12-10,34279783
packaging,2025-12-11,33326558
packaging,2025-12-12,30214437
packaging,2025-12-13,18870683
packaging,2025-12-14,18469265
packaging,2025-12-15,33064507
packaging,2025-12-16,35790041
packaging,2025-12-17,36122683
packaging,2025-12-18,34063731
packaging,2025-12-19,32360157
packaging,2025-12-20,20765622
packaging,2025-12-21,21209565
packaging,2025-12-22,29645829
packaging,2025-12-23,27420707
packaging,2025-12-24,25456007
packaging,2025-12-25,22383799
packaging,2025-12-26,23770804
packaging,2025-12-27,21112220
packaging,2025-12-28,21651072
packaging,2025-12-29,24818475
packaging,2025-12-30,25555458
packaging,2025-12-31,23977943
packaging,2026-01-01,20789708
packaging,2026-01-02,23803164
packaging,2026-01-03,19243090
packaging,2026-01-04,20203803
packaging,2026-01-05,31492774
packaging,2026-01-06,32638454
packaging,2026-01-07,33511171
packaging,2026-01-08,37863574
packaging,2026-01-09,34361134
packaging,2026-01-10,22353095
packaging,2026-01-11,21390576
packaging,2026-01-12,34787927
packaging,2026-01-13,37280013
packaging,2026-01-14,37059107
packaging,2026-01-15,35725110
packaging,2026-01-16,35329795
packaging,2026-01-17,22373993
packaging,2026-01-18,21623068
packaging,2026-01-19,32364501
packaging,2026-01-20,36678061
packaging,2026-01-21,37518044
packaging,2026-01-22,50405053
packaging,2026-01-23,46063480
packaging,2026-01-24,29854942
packaging,2026-01-25,25975517
packaging,2026-01-26,44705821
packaging,2026-01-27,48201975
packaging,2026-01-28,45452125
packaging,2026-01-29,47590852
packaging,2026-01-30,44201022
packaging,2026-01-31,28731252
pandas,2025-10-01,16731749
pandas,2025-10-02,16054058
pandas,2025-10-03,15833785
pandas,2025-10-04,11517974
pandas,2025-10-05,11260705
pandas,2025-10-06,15859279
pandas,2025-10-07,16819138
pandas,2025-10-08,16808826
pandas,2025-10-09,17055684
pandas,2025-10-10,16637060
pandas,2025-10-11,12015539
pandas,2025-10-12,11775542
pandas,2025-10-13,16432451
pandas,2025-10-14,17474909
pandas,2025-10-15,18239940
pandas,2025-10-16,17961492
pandas,2025-10-17,17347143
pandas,2025-10-18,13367491
pandas,2025-10-19,12265420
pandas,2025-10-20,14420587
pandas,2025-10-21,17835063
pandas,2025-10-22,17795507
pandas,2025-10-23,17897584
pandas,2025-10-24,17131164
pandas,2025-10-25,13033005
pandas,2025-10-26,12130320
pandas,2025-10-27,17105490
pandas,2025-10-28,17472803
pandas,2025-10-29,17482222
pandas,2025-10-30,18045094
pandas,2025-10-31,16597161
pandas,2025-11-01,12713837
pandas,2025-11-02,12423101
pandas,2025-11-03,17400064
pandas,2025-11-04,18076335
pandas,2025-11-05,17781772
pandas,2025-11-06,17878781
pandas,2025-11-07,16952323
pandas,2025-11-08,12693820
pandas,2025-11-09,12532642
pandas,2025-11-10,17605556
pandas,2025-11-11,17682555
pandas,2025-11-12,18469994
pandas,2025-11-13,18132125
pandas,2025-11-14,17470744
pandas,2025-11-15,13630538
pandas,2025-11-16,12754362
pandas,2025-11-17,17772742
pandas,2025-11-18,18155729
pandas,2025-11-19,19637195
pandas,2025-11-20,19174339
pandas,2025-11-21,18060100
pandas,2025-11-22,13691012
pandas,2025-11-23,13135198
pandas,2025-11-24,17988821
pandas,2025-11-25,18270559
pandas,2025-11-26,18177016
pandas,2025-11-27,16874717
pandas,2025-11-28,15775476
pandas,2025-11-29,12927562
pandas,2025-11-30,13739282
pandas,2025-12-01,18445117
pandas,2025-12-02,19304655
pandas,2025-12-03,19598913
pandas,2025-12-04,19178016
pandas,2025-12-05,18051145
pandas,2025-12-06,13299195
pandas,2025-12-07,13074570
pandas,2025-12-08,17901800
pandas,2025-12-09,19021413
pandas,2025-12-10,19065739
pandas,2025-12-11,18515482
pandas,2025-12-12,17869248
pandas,2025-12-13,13944203
pandas,2025-12-14,12823484
pandas,2025-12-15,18149658
pandas,2025-12-16,19241396
pandas,2025-12-17,18882274
pandas,2025-12-18,18871361
pandas,2025-12-19,18142956
pandas,2025-12-20,13475499
pandas,2025-12-21,12968547
pandas,2025-12-22,16138972
pandas,2025-12-23,15639589
pandas,2025-12-24,14108193
pandas,2025-12-25,12420627
pandas,2025-12-26,12886744
pandas,2025-12-27,11132178
pandas,2025-12-28,11506865
pandas,2025-12-29,13983345
pandas,2025-12-30,15310559
pandas,2025-12-31,14030926
pandas,2026-01-01,12220207
pandas,2026-01-02,13293187
pandas,2026-01-03,11306314
pandas,2026-01-04,11799914
pandas,2026-01-05,15607722
pandas,2026-01-06,16429691
pandas,2026-01-07,16908062
pandas,2026-01-08,17580934
pandas,2026-01-09,17052796
pandas,2026-01-10,12230192
pandas,2026-01-11,11914837
pandas,2026-01-12,16911418
pandas,2026-01-13,17928702
pandas,2026-01-14,19330819
pandas,2026-01-15,18137418
pandas,2026-01-16,18714405
pandas,2026-01-17,13455966
pandas,2026-01-18,11826329
pandas,2026-01-19,15919799
pandas,2026-01-20,17579523
pandas,2026-01-21,17918078
pandas,2026-01-22,18395194
pandas,2026-01-23,17648419
pandas,2026-01-24,12458700
pandas,2026-01-25,11851760
pandas,2026-01-26,17231427
pandas,2026-01-27,19208679
pandas,2026-01-28,18412986
pandas,2026-01-29,18790859
pandas,2026-01-30,17383212
pandas,2026-01-31,12231426
pathspec,2025-10-01,8748004
pathspec,2025-10-02,8373278
pathspec,2025-10-03,7437240
pathspec,2025-10-04,3639995
pathspec,2025-10-05,3611461
pathspec,2025-10-06,8557908
pathspec,2025-10-07,8882195
pathspec,2025-10-08,8801591
pathspec,2025-10-09,8739022
pathspec,2025-10-10,7963435
pathspec,2025-10-11,3767711
pathspec,2025-10-12,3722914
pathspec,2025-10-13,8210800
pathspec,2025-10-14,8803948
pathspec,2025-10-15,9144258
pathspec,2025-10-16,8929935
pathspec,2025-10-17,8227886
pathspec,2025-10-18,4012148
pathspec,2025-10-19,3994737
pathspec,2025-10-20,7888552
pathspec,2025-10-21,9431684
pathspec,2025-10-22,9129353
pathspec,2025-10-23,9008653
pathspec,2025-10-24,8458095
pathspec,2025-10-25,4202202
pathspec,2025-10-26,3882857
pathspec,2025-10-27,9112956
pathspec,2025-10-28,9805839
pathspec,2025-10-29,9093442
pathspec,2025-10-30,9654549
pathspec,2025-10-31,8255788
pathspec,2025-11-01,4589154
pathspec,2025-11-02,3958766
pathspec,2025-11-03,9264533
pathspec,2025-11-04,9539486
pathspec,2025-11-05,9535256
pathspec,2025-11-06,9598682
pathspec,2025-11-07,8854362
pathspec,2025-11-08,4307290
pathspec,2025-11-09,4346524
pathspec,2025-11-10,9650413
pathspec,2025-11-11,9349944
pathspec,2025-11-12,10528107
pathspec,2025-11-13,10027215
pathspec,2025-11-14,9374689
pathspec,2025-11-15,4528989
pathspec,2025-11-16,4481080
pathspec,2025-11-17,9624389
pathspec,2025-11-18,9840839
pathspec,2025-11-19,10263470
pathspec,2025-11-20,10404494
pathspec,2025-11-21,9251561
pathspec,2025-11-22,4703250
pathspec,2025-11-23,4505427
pathspec,2025-11-24,9579722
pathspec,2025-11-25,10316749
pathspec,2025-11-26,9761724
pathspec,2025-11-27,8676073
pathspec,2025-11-28,7815813
pathspec,2025-11-29,4658900
pathspec,2025-11-30,4580790
pathspec,2025-12-01,10726862
pathspec,2025-12-02,11069307
pathspec,2025-12-03,10896695
pathspec,2025-12-04,10438635
pathspec,2025-12-05,9539967
pathspec,2025-12-06,4987743
pathspec,2025-12-07,5115704
pathspec,2025-12-08,10639000
pathspec,2025-12-09,10799065
pathspec,2025-12-10,10431214
pathspec,2025-12-11,10161596
pathspec,2025-12-12,9291787
pathspec,2025-12-13,4516263
pathspec,2025-12-14,4399868
pathspec,2025-12-15,10007622
pathspec,2025-12-16,11171277
pathspec,2025-12-17,10563878
pathspec,2025-12-18,9979689
pathspec,2025-12-19,8804469
pathspec,2025-12-20,4821027
pathspec,2025-12-21,4400296
pathspec,2025-12-22,7881513
pathspec,2025-12-23,7707869
pathspec,2025-12-24,5901232
pathspec,2025-12-25,4582840
pathspec,2025-12-26,4842651
pathspec,2025-12-27,4464504
pathspec,2025-12-28,4333535
pathspec,2025-12-29,6623817
pathspec,2025-12-30,6712567
pathspec,2025-12-31,5615105
pathspec,2026-01-01,4622815
pathspec,2026-01-02,5923345
pathspec,2026-01-03,4290430
pathspec,2026-01-04,4597931
pathspec,2026-01-05,8985244
pathspec,2026-01-06,12863167
pathspec,2026-01-07,12835042
pathspec,2026-01-08,13396602
pathspec,2026-01-09,13406231
pathspec,2026-01-10,7416102
pathspec,2026-01-11,6868414
pathspec,2026-01-12,13133312
pathspec,2026-01-13,13932176
pathspec,2026-01-14,14579138
pathspec,2026-01-15,14110368
pathspec,2026-01-16,12784633
pathspec,2026-01-17,7638397
pathspec,2026-01-18,7240998
pathspec,2026-01-19,11919377
pathspec,2026-01-20,13309432
pathspec,2026-01-21,13042427
pathspec,2026-01-22,13471519
pathspec,2026-01-23,12793059
pathspec,2026-01-24,6352789
pathspec,2026-01-25,6268157
pathspec,2026-01-26,12366613
pathspec,2026-01-27,15041007
pathspec,2026-01-28,13834883
pathspec,2026-01-29,13851993
pathspec,2026-01-30,12771187
pathspec,2026-01-31,7058999
platformdirs,2025-10-01,14884803
platformdirs,2025-10-02,13810774
platformdirs,2025-10-03,13057669
platformdirs,2025-10-04,7580019
platformdirs,2025-10-05,7532259
platformdirs,2025-10-06,13802924
platformdirs,2025-10-07,14740102
platformdirs,2025-10-08,14686240
platformdirs,2025-10-09,14600978
platformdirs,2025-10-10,13460499
platformdirs,2025-10-11,7317171
platformdirs,2025-10-12,7396409
platformdirs,2025-10-13,13604781
platformdirs,2025-10-14,14268681
platformdirs,2025-10-15,15068711
platformdirs,2025-10-16,14730927
platformdirs,2025-10-17,13891127
platformdirs,2025-10-18,7965516
platformdirs,2025-10-19,7663746
platformdirs,2025-10-20,12193388
platformdirs,2025-10-21,14709902
platformdirs,2025-10-22,14372744
platformdirs,2025-10-23,14311102
platformdirs,2025-10-24,14288457
platformdirs,2025-10-25,8284727
platformdirs,2025-10-26,7524599
platformdirs,2025-10-27,14349017
platformdirs,2025-10-28,14443187
platformdirs,2025-10-29,14363187
platformdirs,2025-10-30,14846782
platformdirs,2025-10-31,13227133
platformdirs,2025-11-01,8183718
platformdirs,2025-11-02,7857140
platformdirs,2025-11-03,14558910
platformdirs,2025-11-04,15067248
platformdirs,2025-11-05,14549497
platformdirs,2025-11-06,14626252
platformdirs,2025-11-07,13715090
platformdirs,2025-11-08,7949470
platformdirs,2025-11-09,7986054
platformdirs,2025-11-10,14769013
platformdirs,2025-11-11,14153952
platformdirs,2025-11-12,14930972
platformdirs,2025-11-13,14940152
platformdirs,2025-11-14,13874596
platformdirs,2025-11-15,8082834
platformdirs,2025-11-16,7951056
platformdirs,2025-11-17,14467998
platformdirs,2025-11-18,15008301
platformdirs,2025-11-19,15246405
platformdirs,2025-11-20,15058393
platformdirs,2025-11-21,13989741
platformdirs,2025-11-22,8445954
platformdirs,2025-11-23,8282982
platformdirs,2025-11-24,14834925
platformdirs,2025-11-25,15342061
platformdirs,2025-11-26,14884799
platformdirs,2025-11-27,13266281
platformdirs,2025-11-28,12316026
platformdirs,2025-11-29,9295066
platformdirs,2025-11-30,8625215
platformdirs,2025-12-01,16397054
platformdirs,2025-12-02,16944857
platformdirs,2025-12-03,17295581
platformdirs,2025-12-04,16534639
platformdirs,2025-12-05,15380031
platformdirs,2025-12-06,9650164
platformdirs,2025-12-07,9224971
platformdirs,2025-12-08,16289125
platformdirs,2025-12-09,16945703
platformdirs,2025-12-10,16229548
platformdirs,2025-12-11,15461161
platformdirs,2025-12-12,14905794
platformdirs,2025-12-13,9340314
platformdirs,2025-12-14,8348339
platformdirs,2025-12-15,15676638
platformdirs,2025-12-16,17132657
platformdirs,2025-12-17,16562245
platformdirs,2025-12-18,16025881
platformdirs,2025-12-19,14547418
platformdirs,2025-12-20,9202597
platformdirs,2025-12-21,9460156
platformdirs,2025-12-22,13057381
platformdirs,2025-12-23,12671875
platformdirs,2025-12-24,10598363
platformdirs,2025-12-25,9438227
platformdirs,2025-12-26,9393249
platformdirs,2025-12-27,8210034
platformdirs,2025-12-28,8780001
platformdirs,2025-12-29,12072827
platformdirs,2025-12-30,12733322
platformdirs,2025-12-31,11177508
platformdirs,2026-01-01,9401781
platformdirs,2026-01-02,10607324
platformdirs,2026-01-03,8128639
platformdirs,2026-01-04,8561109
platformdirs,2026-01-05,14054756
platformdirs,2026-01-06,14645716
platformdirs,2026-01-07,15113389
platformdirs,2026-01-08,16280496
platformdirs,2026-01-09,16302143
platformdirs,2026-01-10,9794342
platformdirs,2026-01-11,9565624
platformdirs,2026-01-12,16028636
platformdirs,2026-01-13,16610579
platformdirs,2026-01-14,16981850
platformdirs,2026-01-15,16496181
platformdirs,2026-01-16,15668123
platformdirs,2026-01-17,9646846
platformdirs,2026-01-18,9337464
platformdirs,2026-01-19,14719871
platformdirs,2026-01-20,16577935
platformdirs,2026-01-21,16315983
platformdirs,2026-01-22,16367251
platformdirs,2026-01-23,15326394
platformdirs,2026-01-24,8635920
platformdirs,2026-01-25,8862387
platformdirs,2026-01-26,15376137
platformdirs,2026-01-27,16991621
platformdirs,2026-01-28,16324186
platformdirs,2026-01-29,16917596
platformdirs,2026-01-30,15456440
platformdirs,2026-01-31,8882285
protobuf,2025-10-01,14383473
protobuf,2025-10-02,13931912
protobuf,2025-10-03,13385185
protobuf,2025-10-04,9224147
protobuf,2025-10-05,8665647
protobuf,2025-10-06,13527575
protobuf,2025-10-07,14883229
protobuf,2025-10-08,14786211
protobuf,2025-10-09,14977134
protobuf,2025-10-10,15082040
protobuf,2025-10-11,9704464
protobuf,2025-10-12,9370550
protobuf,2025-10-13,13916049
protobuf,2025-10-14,14916832
protobuf,2025-10-15,15669204
protobuf,2025-10-16,15114735
protobuf,2025-10-17,14293018
protobuf,2025-10-18,9807916
protobuf,2025-10-19,8704508
protobuf,2025-10-20,12436789
protobuf,2025-10-21,15813572
protobuf,2025-10-22,16656836
protobuf,2025-10-23,16685894
protobuf,2025-10-24,15942747
protobuf,2025-10-25,11518794
protobuf,2025-10-26,9726882
protobuf,2025-10-27,14680886
protobuf,2025-10-28,15356827
protobuf,2025-10-29,15423480
protobuf,2025-10-30,17282211
protobuf,2025-10-31,15586057
protobuf,2025-11-01,11221316
protobuf,2025-11-02,10865113
protobuf,2025-11-03,16439241
protobuf,2025-11-04,16349686
protobuf,2025-11-05,15553632
protobuf,2025-11-06,16026968
protobuf,2025-11-07,15018488
protobuf,2025-11-08,9948834
protobuf,2025-11-09,10141246
protobuf,2025-11-10,16147024
protobuf,2025-11-11,17188427
protobuf,2025-11-12,17869359
protobuf,2025-11-13,18137135
protobuf,2025-11-14,16552860
protobuf,2025-11-15,11614109
protobuf,2025-11-16,11681637
protobuf,2025-11-17,16966059
protobuf,2025-11-18,17379071
protobuf,2025-11-19,17826148
protobuf,2025-11-20,17325266
protobuf,2025-11-21,16930727
protobuf,2025-11-22,11990571
protobuf,2025-11-23,11461436
protobuf,2025-11-24,16705366
protobuf,2025-11-25,17345087
protobuf,2025-11-26,16905057
protobuf,2025-11-27,14669703
protobuf,2025-11-28,14169219
protobuf,2025-11-29,10949454
protobuf,2025-11-30,11019991
protobuf,2025-12-01,16075369
protobuf,2025-12-02,17515844
protobuf,2025-12-03,18126349
protobuf,2025-12-04,17743364
protobuf,2025-12-05,16056683
protobuf,2025-12-06,11061586
protobuf,2025-12-07,10607125
protobuf,2025-12-08,16089624
protobuf,2025-12-09,18229762
protobuf,2025-12-10,17345809
protobuf,2025-12-11,17094378
protobuf,2025-12-12,15614247
protobuf,2025-12-13,10830475
protobuf,2025-12-14,10591413
protobuf,2025-12-15,15768634
protobuf,2025-12-16,16909553
protobuf,2025-12-17,17595229
protobuf,2025-12-18,16821235
protobuf,2025-12-19,15749845
protobuf,2025-12-20,12461903
protobuf,2025-12-21,13240758
protobuf,2025-12-22,17777289
protobuf,2025-12-23,17755656
protobuf,2025-12-24,15620742
protobuf,2025-12-25,13558562
protobuf,2025-12-26,13803508
protobuf,2025-12-27,9840591
protobuf,2025-12-28,9668493
protobuf,2025-12-29,25018196
protobuf,2025-12-30,21646589
protobuf,2025-12-31,13976655
protobuf,2026-01-01,13828012
protobuf,2026-01-02,15226646
protobuf,2026-01-03,13175959
protobuf,2026-01-04,13393293
protobuf,2026-01-05,23018682
protobuf,2026-01-06,17663737
protobuf,2026-01-07,16771670
protobuf,2026-01-08,17764533
protobuf,2026-01-09,16896080
protobuf,2026-01-10,11098583
protobuf,2026-01-11,10939728
protobuf,2026-01-12,16509129
protobuf,2026-01-13,17574523
protobuf,2026-01-14,17769573
protobuf,2026-01-15,19349708
protobuf,2026-01-16,36145962
protobuf,2026-01-17,11581833
protobuf,2026-01-18,10632189
protobuf,2026-01-19,15047739
protobuf,2026-01-20,16965566
protobuf,2026-01-21,17405683
protobuf,2026-01-22,17626057
protobuf,2026-01-23,16452200
protobuf,2026-01-24,11155943
protobuf,2026-01-25,10207980
protobuf,2026-01-26,15991538
protobuf,2026-01-27,18057392
protobuf,2026-01-28,17572902
protobuf,2026-01-29,18080427
protobuf,2026-01-30,16725013
protobuf,2026-01-31,10632928
pydantic,2025-10-01,20374998
pydantic,2025-10-02,17846572
pydantic,2025-10-03,15979919
pydantic,2025-10-04,10679534
pydantic,2025-10-05,10847990
pydantic,2025-10-06,18077868
pydantic,2025-10-07,21445718
pydantic,2025-10-08,21049604
pydantic,2025-10-09,17997792
pydantic,2025-10-10,17952264
pydantic,2025-10-11,12543633
pydantic,2025-10-12,11821961
pydantic,2025-10-13,18033591
pydantic,2025-10-14,20013244
pydantic,2025-10-15,19256323
pydantic,2025-10-16,19943012
pydantic,2025-10-17,21735420
pydantic,2025-10-18,13900685
pydantic,2025-10-19,12626269
pydantic,2025-10-20,17305083
pydantic,2025-10-21,20682288
pydantic,2025-10-22,19944270
pydantic,2025-10-23,20314640
pydantic,2025-10-24,20526109
pydantic,2025-10-25,13038480
pydantic,2025-10-26,12493135
pydantic,2025-10-27,20038180
pydantic,2025-10-28,19638381
pydantic,2025-10-29,19817531
pydantic,2025-10-30,20420274
pydantic,2025-10-31,19191437
pydantic,2025-11-01,13090895
pydantic,2025-11-02,13043490
pydantic,2025-11-03,20182897
pydantic,2025-11-04,19598687
pydantic,2025-11-05,21366714
pydantic,2025-11-06,21839669
pydantic,2025-11-07,19785458
pydantic,2025-11-08,12449479
pydantic,2025-11-09,12445999
pydantic,2025-11-10,19751645
pydantic,2025-11-11,20038097
pydantic,2025-11-12,21153506
pydantic,2025-11-13,21398003
pydantic,2025-11-14,20811751
pydantic,2025-11-15,13738596
pydantic,2025-11-16,12885048
pydantic,2025-11-17,20539746
pydantic,2025-11-18,21630265
pydantic,2025-11-19,21682354
pydantic,2025-11-20,21952578
pydantic,2025-11-21,19887890
pydantic,2025-11-22,14194128
pydantic,2025-11-23,12941537
pydantic,2025-11-24,23115843
pydantic,2025-11-25,22880760
pydantic,2025-11-26,23202930
pydantic,2025-11-27,20007832
pydantic,2025-11-28,17868457
pydantic,2025-11-29,14555800
pydantic,2025-11-30,12657620
pydantic,2025-12-01,21777339
pydantic,2025-12-02,23568202
pydantic,2025-12-03,24751409
pydantic,2025-12-04,22950480
pydantic,2025-12-05,21265926
pydantic,2025-12-06,13857957
pydantic,2025-12-07,13358355
pydantic,2025-12-08,20020284
pydantic,2025-12-09,22865873
pydantic,2025-12-10,21714429
pydantic,2025-12-11,20926529
pydantic,2025-12-12,20284583
pydantic,2025-12-13,13783345
pydantic,2025-12-14,11985046
pydantic,2025-12-15,19858029
pydantic,2025-12-16,21368838
pydantic,2025-12-17,22510709
pydantic,2025-12-18,21009945
pydantic,2025-12-19,19229201
pydantic,2025-12-20,14953309
pydantic,2025-12-21,13099320
pydantic,2025-12-22,17352777
pydantic,2025-12-23,16825019
pydantic,2025-12-24,14796764
pydantic,2025-12-25,12712210
pydantic,2025-12-26,12977463
pydantic,2025-12-27,11369623
pydantic,2025-12-28,12044078
pydantic,2025-12-29,15674391
pydantic,2025-12-30,15526746
pydantic,2025-12-31,14585617
pydantic,2026-01-01,12500937
pydantic,2026-01-02,14427307
pydantic,2026-01-03,11331375
pydantic,2026-01-04,11820091
pydantic,2026-01-05,17853902
pydantic,2026-01-06,19439157
pydantic,2026-01-07,19762777
pydantic,2026-01-08,22161317
pydantic,2026-01-09,22402742
pydantic,2026-01-10,13743936
pydantic,2026-01-11,13276434
pydantic,2026-01-12,21059287
pydantic,2026-01-13,21758199
pydantic,2026-01-14,21432996
pydantic,2026-01-15,21598376
pydantic,2026-01-16,20576362
pydantic,2026-01-17,12808186
pydantic,2026-01-18,12733777
pydantic,2026-01-19,19794334
pydantic,2026-01-20,21880109
pydantic,2026-01-21,21803057
pydantic,2026-01-22,21724564
pydantic,2026-01-23,20392691
pydantic,2026-01-24,12963620
pydantic,2026-01-25,12812926
pydantic,2026-01-26,20283197
pydantic,2026-01-27,22852331
pydantic,2026-01-28,23651428
pydantic,2026-01-29,23142903
pydantic,2026-01-30,20951317
pydantic,2026-01-31,13119856
pydantic-core,2025-10-01,15438953
pydantic-core,2025-10-02,13801911
pydantic-core,2025-10-03,12868062
pydantic-core,2025-10-04,7856313
pydantic-core,2025-10-05,7784222
pydantic-core,2025-10-06,13813313
pydantic-core,2025-10-07,16593703
pydantic-core,2025-10-08,16957382
pydantic-core,2025-10-09,14665802
pydantic-core,2025-10-10,14531957
pydantic-core,2025-10-11,10143311
pydantic-core,2025-10-12,9559208
pydantic-core,2025-10-13,14955505
pydantic-core,2025-10-14,16926312
pydantic-core,2025-10-15,15711643
pydantic-core,2025-10-16,16516928
pydantic-core,2025-10-17,17232328
pydantic-core,2025-10-18,10834071
pydantic-core,2025-10-19,10202581
pydantic-core,2025-10-20,14053431
pydantic-core,2025-10-21,16684171
pydantic-core,2025-10-22,16265390
pydantic-core,2025-10-23,16677172
pydantic-core,2025-10-24,16725520
pydantic-core,2025-10-25,10446172
pydantic-core,2025-10-26,10338922
pydantic-core,2025-10-27,16655876
pydantic-core,2025-10-28,15944330
pydantic-core,2025-10-29,16006638
pydantic-core,2025-10-30,16839114
pydantic-core,2025-10-31,15929041
pydantic-core,2025-11-01,10632242
pydantic-core,2025-11-02,10385220
pydantic-core,2025-11-03,16189214
pydantic-core,2025-11-04,15888444
pydantic-core,2025-11-05,17465499
pydantic-core,2025-11-06,17900943
pydantic-core,2025-11-07,16178924
pydantic-core,2025-11-08,10271633
pydantic-core,2025-11-09,10242898
pydantic-core,2025-11-10,16637898
pydantic-core,2025-11-11,16439465
pydantic-core,2025-11-12,17955804
pydantic-core,2025-11-13,17913442
pydantic-core,2025-11-14,17894463
pydantic-core,2025-11-15,11527409
pydantic-core,2025-11-16,10945159
pydantic-core,2025-11-17,17230526
pydantic-core,2025-11-18,17787892
pydantic-core,2025-11-19,18262018
pydantic-core,2025-11-20,18725932
pydantic-core,2025-11-21,16530645
pydantic-core,2025-11-22,11794188
pydantic-core,2025-11-23,10710183
pydantic-core,2025-11-24,18606531
pydantic-core,2025-11-25,18680985
pydantic-core,2025-11-26,17912694
pydantic-core,2025-11-27,15446312
pydantic-core,2025-11-28,14058771
pydantic-core,2025-11-29,11066426
pydantic-core,2025-11-30,10286703
pydantic-core,2025-12-01,18057543
pydantic-core,2025-12-02,19398386
pydantic-core,2025-12-03,19794366
pydantic-core,2025-12-04,18382790
pydantic-core,2025-12-05,16947293
pydantic-core,2025-12-06,10998614
pydantic-core,2025-12-07,10647521
pydantic-core,2025-12-08,16412268
pydantic-core,2025-12-09,18229158
pydantic-core,2025-12-10,17217613
pydantic-core,2025-12-11,16521988
pydantic-core,2025-12-12,15813835
pydantic-core,2025-12-13,10201011
pydantic-core,2025-12-14,9409538
pydantic-core,2025-12-15,15800667
pydantic-core,2025-12-16,17182747
pydantic-core,2025-12-17,17680146
pydantic-core,2025-12-18,17004307
pydantic-core,2025-12-19,15620785
pydantic-core,2025-12-20,11469048
pydantic-core,2025-12-21,10562537
pydantic-core,2025-12-22,14281941
pydantic-core,2025-12-23,13966478
pydantic-core,2025-12-24,12136978
pydantic-core,2025-12-25,10401981
pydantic-core,2025-12-26,10559302
pydantic-core,2025-12-27,9332080
pydantic-core,2025-12-28,10020126
pydantic-core,2025-12-29,12986846
pydantic-core,2025-12-30,12874411
pydantic-core,2025-12-31,11881301
pydantic-core,2026-01-01,10137714
pydantic-core,2026-01-02,11739699
pydantic-core,2026-01-03,9232784
pydantic-core,2026-01-04,9692328
pydantic-core,2026-01-05,14897225
pydantic-core,2026-01-06,15804205
pydantic-core,2026-01-07,16199539
pydantic-core,2026-01-08,17851389
pydantic-core,2026-01-09,18113463
pydantic-core,2026-01-10,11152556
pydantic-core,2026-01-11,10711831
pydantic-core,2026-01-12,17145330
pydantic-core,2026-01-13,17622526
pydantic-core,2026-01-14,17178865
pydantic-core,2026-01-15,17129349
pydantic-core,2026-01-16,16677242
pydantic-core,2026-01-17,10383775
pydantic-core,2026-01-18,10289168
pydantic-core,2026-01-19,15983688
pydantic-core,2026-01-20,17802822
pydantic-core,2026-01-21,17830668
pydantic-core,2026-01-22,17863867
pydantic-core,2026-01-23,16728199
pydantic-core,2026-01-24,10571983
pydantic-core,2026-01-25,10315809
pydantic-core,2026-01-26,16864403
pydantic-core,2026-01-27,18803180
pydantic-core,2026-01-28,18962973
pydantic-core,2026-01-29,19305321
pydantic-core,2026-01-30,17411595
pydantic-core,2026-01-31,10795326
pygments,2025-10-01,13933252
pygments,2025-10-02,12723181
pygments,2025-10-03,11568210
pygments,2025-10-04,6905479
pygments,2025-10-05,6464574
pygments,2025-10-06,12717385
pygments,2025-10-07,14487312
pygments,2025-10-08,14124028
pygments,2025-10-09,12707344
pygments,2025-10-10,11825548
pygments,2025-10-11,8280418
pygments,2025-10-12,7357097
pygments,2025-10-13,12506019
pygments,2025-10-14,13173435
pygments,2025-10-15,13068328
pygments,2025-10-16,14137479
pygments,2025-10-17,14335069
pygments,2025-10-18,8172232
pygments,2025-10-19,8519657
pygments,2025-10-20,12352694
pygments,2025-10-21,15275252
pygments,2025-10-22,14075458
pygments,2025-10-23,14668719
pygments,2025-10-24,16158473
pygments,2025-10-25,9460988
pygments,2025-10-26,8940587
pygments,2025-10-27,14828443
pygments,2025-10-28,13853626
pygments,2025-10-29,13545889
pygments,2025-10-30,14415307
pygments,2025-10-31,14371629
pygments,2025-11-01,9159863
pygments,2025-11-02,8517986
pygments,2025-11-03,13944104
pygments,2025-11-04,13488379
pygments,2025-11-05,13355758
pygments,2025-11-06,13631798
pygments,2025-11-07,12992765
pygments,2025-11-08,7772608
pygments,2025-11-09,7626567
pygments,2025-11-10,13724091
pygments,2025-11-11,13457469
pygments,2025-11-12,15211769
pygments,2025-11-13,15669410
pygments,2025-11-14,16140834
pygments,2025-11-15,9637095
pygments,2025-11-16,9405267
pygments,2025-11-17,15141631
pygments,2025-11-18,15825990
pygments,2025-11-19,16314273
pygments,2025-11-20,16870045
pygments,2025-11-21,14969222
pygments,2025-11-22,10608463
pygments,2025-11-23,9297996
pygments,2025-11-24,15929932
pygments,2025-11-25,16633128
pygments,2025-11-26,16618029
pygments,2025-11-27,14211495
pygments,2025-11-28,13148554
pygments,2025-11-29,9849361
pygments,2025-11-30,8912968
pygments,2025-12-01,16575738
pygments,2025-12-02,17140830
pygments,2025-12-03,17259537
pygments,2025-12-04,16470038
pygments,2025-12-05,15897314
pygments,2025-12-06,10722603
pygments,2025-12-07,10399554
pygments,2025-12-08,16488419
pygments,2025-12-09,16934682
pygments,2025-12-10,18133077
pygments,2025-12-11,16091922
pygments,2025-12-12,15562130
pygments,2025-12-13,9833205
pygments,2025-12-14,10072677
pygments,2025-12-15,17179058
pygments,2025-12-16,18226078
pygments,2025-12-17,19071270
pygments,2025-12-18,18004701
pygments,2025-12-19,17671889
pygments,2025-12-20,11674114
pygments,2025-12-21,12524313
pygments,2025-12-22,16326767
pygments,2025-12-23,14506163
pygments,2025-12-24,14456579
pygments,2025-12-25,13631244
pygments,2025-12-26,14925882
pygments,2025-12-27,13311209
pygments,2025-12-28,13916608
pygments,2025-12-29,13935369
pygments,2025-12-30,13339114
pygments,2025-12-31,13358259
pygments,2026-01-01,11961855
pygments,2026-01-02,13601389
pygments,2026-01-03,10958640
pygments,2026-01-04,11660385
pygments,2026-01-05,17232281
pygments,2026-01-06,17304917
pygments,2026-01-07,17492433
pygments,2026-01-08,20845263
pygments,2026-01-09,19127288
pygments,2026-01-10,13456873
pygments,2026-01-11,12398818
pygments,2026-01-12,18635395
pygments,2026-01-13,19331391
pygments,2026-01-14,18588577
pygments,2026-01-15,18232605
pygments,2026-01-16,18459195
pygments,2026-01-17,12139414
pygments,2026-01-18,11973495
pygments,2026-01-19,16895236
pygments,2026-01-20,18992138
pygments,2026-01-21,18929262
pygments,2026-01-22,18697965
pygments,2026-01-23,17012975
pygments,2026-01-24,12377066
pygments,2026-01-25,9260713
pygments,2026-01-26,16600747
pygments,2026-01-27,18223342
pygments,2026-01-28,17447970
pygments,2026-01-29,20004395
pygments,2026-01-30,17886486
pygments,2026-01-31,11294205
pyjwt,2025-10-01,10469602
pyjwt,2025-10-02,9589937
pyjwt,2025-10-03,8912274
pyjwt,2025-10-04,5739137
pyjwt,2025-10-05,5564455
pyjwt,2025-10-06,9337334
pyjwt,2025-10-07,9758291
pyjwt,2025-10-08,9912374
pyjwt,2025-10-09,9816047
pyjwt,2025-10-10,9189640
pyjwt,2025-10-11,5707026
pyjwt,2025-10-12,5425845
pyjwt,2025-10-13,8966455
pyjwt,2025-10-14,9711877
pyjwt,2025-10-15,10098331
pyjwt,2025-10-16,9978161
pyjwt,2025-10-17,9316177
pyjwt,2025-10-18,5597468
pyjwt,2025-10-19,5500577
pyjwt,2025-10-20,8279142
pyjwt,2025-10-21,10224648
pyjwt,2025-10-22,10080772
pyjwt,2025-10-23,10001571
pyjwt,2025-10-24,9470299
pyjwt,2025-10-25,5829130
pyjwt,2025-10-26,5637614
pyjwt,2025-10-27,9847202
pyjwt,2025-10-28,10156823
pyjwt,2025-10-29,10033095
pyjwt,2025-10-30,10452852
pyjwt,2025-10-31,10076756
pyjwt,2025-11-01,6477893
pyjwt,2025-11-02,6170707
pyjwt,2025-11-03,10289149
pyjwt,2025-11-04,10922767
pyjwt,2025-11-05,10869120
pyjwt,2025-11-06,11040809
pyjwt,2025-11-07,10347537
pyjwt,2025-11-08,6605412
pyjwt,2025-11-09,6450739
pyjwt,2025-11-10,10864577
pyjwt,2025-11-11,10687439
pyjwt,2025-11-12,11342771
pyjwt,2025-11-13,11331441
pyjwt,2025-11-14,10490564
pyjwt,2025-11-15,6661524
pyjwt,2025-11-16,6576264
pyjwt,2025-11-17,10918232
pyjwt,2025-11-18,11626647
pyjwt,2025-11-19,11639415
pyjwt,2025-11-20,11568261
pyjwt,2025-11-21,10905081
pyjwt,2025-11-22,7123643
pyjwt,2025-11-23,6673217
pyjwt,2025-11-24,11078234
pyjwt,2025-11-25,11479095
pyjwt,2025-11-26,11109678
pyjwt,2025-11-27,9830682
pyjwt,2025-11-28,9185003
pyjwt,2025-11-29,6614000
pyjwt,2025-11-30,6681278
pyjwt,2025-12-01,11608863
pyjwt,2025-12-02,12412168
pyjwt,2025-12-03,12383898
pyjwt,2025-12-04,12250490
pyjwt,2025-12-05,11502725
pyjwt,2025-12-06,7796571
pyjwt,2025-12-07,7648593
pyjwt,2025-12-08,11725627
pyjwt,2025-12-09,12451630
pyjwt,2025-12-10,12338947
pyjwt,2025-12-11,12189761
pyjwt,2025-12-12,11386838
pyjwt,2025-12-13,7521409
pyjwt,2025-12-14,7233129
pyjwt,2025-12-15,11895300
pyjwt,2025-12-16,12514609
pyjwt,2025-12-17,12278288
pyjwt,2025-12-18,12200863
pyjwt,2025-12-19,11204646
pyjwt,2025-12-20,7479487
pyjwt,2025-12-21,7049067
pyjwt,2025-12-22,10428713
pyjwt,2025-12-23,10322612
pyjwt,2025-12-24,9021878
pyjwt,2025-12-25,7485598
pyjwt,2025-12-26,7852196
pyjwt,2025-12-27,6763171
pyjwt,2025-12-28,6953443
pyjwt,2025-12-29,9204490
pyjwt,2025-12-30,9340671
pyjwt,2025-12-31,8508587
pyjwt,2026-01-01,7500975
pyjwt,2026-01-02,8676161
pyjwt,2026-01-03,7115786
pyjwt,2026-01-04,7276334
pyjwt,2026-01-05,11132523
pyjwt,2026-01-06,11946587
pyjwt,2026-01-07,12347580
pyjwt,2026-01-08,12641177
pyjwt,2026-01-09,12227145
pyjwt,2026-01-10,7850544
pyjwt,2026-01-11,7616049
pyjwt,2026-01-12,12256926
pyjwt,2026-01-13,13274379
pyjwt,2026-01-14,13312837
pyjwt,2026-01-15,12757115
pyjwt,2026-01-16,12116957
pyjwt,2026-01-17,7743230
pyjwt,2026-01-18,7621310
pyjwt,2026-01-19,11254609
pyjwt,2026-01-20,12558540
pyjwt,2026-01-21,12976792
pyjwt,2026-01-22,12962248
pyjwt,2026-01-23,12368104
pyjwt,2026-01-24,7887897
pyjwt,2026-01-25,7657214
pyjwt,2026-01-26,12437774
pyjwt,2026-01-27,13873662
pyjwt,2026-01-28,13522662
pyjwt,2026-01-29,13711811
pyjwt,2026-01-30,12845252
pyjwt,2026-01-31,8679535
pytest,2025-10-01,10270621
pytest,2025-10-02,9874233
pytest,2025-10-03,8710694
pytest,2025-10-04,4900010
pytest,2025-10-05,4783359
pytest,2025-10-06,9699673
pytest,2025-10-07,10325124
pytest,2025-10-08,10113887
pytest,2025-10-09,10122785
pytest,2025-10-10,9550653
pytest,2025-10-11,4908294
pytest,2025-10-12,4719924
pytest,2025-10-13,9242475
pytest,2025-10-14,9830600
pytest,2025-10-15,10750850
pytest,2025-10-16,10636008
pytest,2025-10-17,10064231
pytest,2025-10-18,5319943
pytest,2025-10-19,5221688
pytest,2025-10-20,9180634
pytest,2025-10-21,11554868
pytest,2025-10-22,10476130
pytest,2025-10-23,10458882
pytest,2025-10-24,11625848
pytest,2025-10-25,6292537
pytest,2025-10-26,5161091
pytest,2025-10-27,10226867
pytest,2025-10-28,10516162
pytest,2025-10-29,10339009
pytest,2025-10-30,10844091
pytest,2025-10-31,9856997
pytest,2025-11-01,5626626
pytest,2025-11-02,5265358
pytest,2025-11-03,10221103
pytest,2025-11-04,10859848
pytest,2025-11-05,10737089
pytest,2025-11-06,10894146
pytest,2025-11-07,10349130
pytest,2025-11-08,6016673
pytest,2025-11-09,6055221
pytest,2025-11-10,11593739
pytest,2025-11-11,10837740
pytest,2025-11-12,11888525
pytest,2025-11-13,11927968
pytest,2025-11-14,11161250
pytest,2025-11-15,5901589
pytest,2025-11-16,6160752
pytest,2025-11-17,11532246
pytest,2025-11-18,12119780
pytest,2025-11-19,12273542
pytest,2025-11-20,11702592
pytest,2025-11-21,11282097
pytest,2025-11-22,6730259
pytest,2025-11-23,6373653
pytest,2025-11-24,11713294
pytest,2025-11-25,12495989
pytest,2025-11-26,12977331
pytest,2025-11-27,11270690
pytest,2025-11-28,10259432
pytest,2025-11-29,7537945
pytest,2025-11-30,6497590
pytest,2025-12-01,12849912
pytest,2025-12-02,13971446
pytest,2025-12-03,13536392
pytest,2025-12-04,13138167
pytest,2025-12-05,12623259
pytest,2025-12-06,8363891
pytest,2025-12-07,8556922
pytest,2025-12-08,14191719
pytest,2025-12-09,14436358
pytest,2025-12-10,15985632
pytest,2025-12-11,14806044
pytest,2025-12-12,13383699
pytest,2025-12-13,8544689
pytest,2025-12-14,8635269
pytest,2025-12-15,15295936
pytest,2025-12-16,16192367
pytest,2025-12-17,16916518
pytest,2025-12-18,15927020
pytest,2025-12-19,15735926
pytest,2025-12-20,9875388
pytest,2025-12-21,11031108
pytest,2025-12-22,14234063
pytest,2025-12-23,12227502
pytest,2025-12-24,12343144
pytest,2025-12-25,11624848
pytest,2025-12-26,12973649
pytest,2025-12-27,11418962
pytest,2025-12-28,11741244
pytest,2025-12-29,11894715
pytest,2025-12-30,11904691
pytest,2025-12-31,11618591
pytest,2026-01-01,10408771
pytest,2026-01-02,11716981
pytest,2026-01-03,9404545
pytest,2026-01-04,9839451
pytest,2026-01-05,14869668
pytest,2026-01-06,15261361
pytest,2026-01-07,15140295
pytest,2026-01-08,18259415
pytest,2026-01-09,16464965
pytest,2026-01-10,12015496
pytest,2026-01-11,11157176
pytest,2026-01-12,16738949
pytest,2026-01-13,17351499
pytest,2026-01-14,17051711
pytest,2026-01-15,16464755
pytest,2026-01-16,16960130
pytest,2026-01-17,10805457
pytest,2026-01-18,10369847
pytest,2026-01-19,15093458
pytest,2026-01-20,17069464
pytest,2026-01-21,16410024
pytest,2026-01-22,16327460
pytest,2026-01-23,14802160
pytest,2026-01-24,10855545
pytest,2026-01-25,7549430
pytest,2026-01-26,13785971
pytest,2026-01-27,15396381
pytest,2026-01-28,14781441
pytest,2026-01-29,17393647
pytest,2026-01-30,15345816
pytest,2026-01-31,9580458
python-dotenv,2025-10-01,9659796
python-dotenv,2025-10-02,8814654
python-dotenv,2025-10-03,8380563
python-dotenv,2025-10-04,5458508
python-dotenv,2025-10-05,5345965
python-dotenv,2025-10-06,8848224
python-dotenv,2025-10-07,9018380
python-dotenv,2025-10-08,9291491
python-dotenv,2025-10-09,9101216
python-dotenv,2025-10-10,8739818
python-dotenv,2025-10-11,5555117
python-dotenv,2025-10-12,5359389
python-dotenv,2025-10-13,8495242
python-dotenv,2025-10-14,8964115
python-dotenv,2025-10-15,9382177
python-dotenv,2025-10-16,9310449
python-dotenv,2025-10-17,8904320
python-dotenv,2025-10-18,5542771
python-dotenv,2025-10-19,5352184
python-dotenv,2025-10-20,8108700
python-dotenv,2025-10-21,9571079
python-dotenv,2025-10-22,9426262
python-dotenv,2025-10-23,9223244
python-dotenv,2025-10-24,8738320
python-dotenv,2025-10-25,5322799
python-dotenv,2025-10-26,5517826
python-dotenv,2025-10-27,9733862
python-dotenv,2025-10-28,9929378
python-dotenv,2025-10-29,9806054
python-dotenv,2025-10-30,9975649
python-dotenv,2025-10-31,8831222
python-dotenv,2025-11-01,5808611
python-dotenv,2025-11-02,5662482
python-dotenv,2025-11-03,9495356
python-dotenv,2025-11-04,10063749
python-dotenv,2025-11-05,9902390
python-dotenv,2025-11-06,10001769
python-dotenv,2025-11-07,9338463
python-dotenv,2025-11-08,5731355
python-dotenv,2025-11-09,5817644
python-dotenv,2025-11-10,9596323
python-dotenv,2025-11-11,9334549
python-dotenv,2025-11-12,9992519
python-dotenv,2025-11-13,9884149
python-dotenv,2025-11-14,9190733
python-dotenv,2025-11-15,5779032
python-dotenv,2025-11-16,5938428
python-dotenv,2025-11-17,9953921
python-dotenv,2025-11-18,10781198
python-dotenv,2025-11-19,10663814
python-dotenv,2025-11-20,10744623
python-dotenv,2025-11-21,9956716
python-dotenv,2025-11-22,6556556
python-dotenv,2025-11-23,6203475
python-dotenv,2025-11-24,10394646
python-dotenv,2025-11-25,10689102
python-dotenv,2025-11-26,10526631
python-dotenv,2025-11-27,9365622
python-dotenv,2025-11-28,8579872
python-dotenv,2025-11-29,5990983
python-dotenv,2025-11-30,6262409
python-dotenv,2025-12-01,11073969
python-dotenv,2025-12-02,11603517
python-dotenv,2025-12-03,11736508
python-dotenv,2025-12-04,11343424
python-dotenv,2025-12-05,10338916
python-dotenv,2025-12-06,6737498
python-dotenv,2025-12-07,6628756
python-dotenv,2025-12-08,10266129
python-dotenv,2025-12-09,11085948
python-dotenv,2025-12-10,10879709
python-dotenv,2025-12-11,10616165
python-dotenv,2025-12-12,9616915
python-dotenv,2025-12-13,6227718
python-dotenv,2025-12-14,6134990
python-dotenv,2025-12-15,10333853
python-dotenv,2025-12-16,11016433
python-dotenv,2025-12-17,10854092
python-dotenv,2025-12-18,10690922
python-dotenv,2025-12-19,9733657
python-dotenv,2025-12-20,6381104
python-dotenv,2025-12-21,5956838
python-dotenv,2025-12-22,9128619
python-dotenv,2025-12-23,8959836
python-dotenv,2025-12-24,7823130
python-dotenv,2025-12-25,6244272
python-dotenv,2025-12-26,6559360
python-dotenv,2025-12-27,5655615
python-dotenv,2025-12-28,5969712
python-dotenv,2025-12-29,7982583
python-dotenv,2025-12-30,8138101
python-dotenv,2025-12-31,7404340
python-dotenv,2026-01-01,6430856
python-dotenv,2026-01-02,7337415
python-dotenv,2026-01-03,5965332
python-dotenv,2026-01-04,6321503
python-dotenv,2026-01-05,9718019
python-dotenv,2026-01-06,10442206
python-dotenv,2026-01-07,10755963
python-dotenv,2026-01-08,11435881
python-dotenv,2026-01-09,10903128
python-dotenv,2026-01-10,6767566
python-dotenv,2026-01-11,6460449
python-dotenv,2026-01-12,10849130
python-dotenv,2026-01-13,11510134
python-dotenv,2026-01-14,11588060
python-dotenv,2026-01-15,11129550
python-dotenv,2026-01-16,10659946
python-dotenv,2026-01-17,6820774
python-dotenv,2026-01-18,6835064
python-dotenv,2026-01-19,10424645
python-dotenv,2026-01-20,11306638
python-dotenv,2026-01-21,11774186
python-dotenv,2026-01-22,11909286
python-dotenv,2026-01-23,11057623
python-dotenv,2026-01-24,6974518
python-dotenv,2026-01-25,6922328
python-dotenv,2026-01-26,11438379
python-dotenv,2026-01-27,12629502
python-dotenv,2026-01-28,12094675
python-dotenv,2026-01-29,12495145
python-dotenv,2026-01-30,11486661
python-dotenv,2026-01-31,7123757
requests,2025-10-01,34454418
requests,2025-10-02,32571963
requests,2025-10-03,30250621
requests,2025-10-04,20424857
requests,2025-10-05,20017057
requests,2025-10-06,32391257
requests,2025-10-07,34756238
requests,2025-10-08,34152693
requests,2025-10-09,32901181
requests,2025-10-10,31676244
requests,2025-10-11,21822270
requests,2025-10-12,21032854
requests,2025-10-13,31664748
requests,2025-10-14,33545061
requests,2025-10-15,33919772
requests,2025-10-16,34909021
requests,2025-10-17,33984409
requests,2025-10-18,22465356
requests,2025-10-19,21916634
requests,2025-10-20,29739808
requests,2025-10-21,35719959
requests,2025-10-22,56960991
requests,2025-10-23,70016394
requests,2025-10-24,35952576
requests,2025-10-25,56097371
requests,2025-10-26,22239171
requests,2025-10-27,51867252
requests,2025-10-28,36143574
requests,2025-10-29,33907384
requests,2025-10-30,34987577
requests,2025-10-31,32839108
requests,2025-11-01,22765304
requests,2025-11-02,22006994
requests,2025-11-03,33974735
requests,2025-11-04,34516079
requests,2025-11-05,34116302
requests,2025-11-06,34604331
requests,2025-11-07,32252208
requests,2025-11-08,21379598
requests,2025-11-09,21388884
requests,2025-11-10,33601838
requests,2025-11-11,33147011
requests,2025-11-12,35735938
requests,2025-11-13,36219487
requests,2025-11-14,35258427
requests,2025-11-15,22901645
requests,2025-11-16,22281638
requests,2025-11-17,34159797
requests,2025-11-18,35350344
requests,2025-11-19,36803399
requests,2025-11-20,36527048
requests,2025-11-21,34183558
requests,2025-11-22,24083367
requests,2025-11-23,22697391
requests,2025-11-24,35076233
requests,2025-11-25,36551886
requests,2025-11-26,35616966
requests,2025-11-27,31990688
requests,2025-11-28,29392226
requests,2025-11-29,22235691
requests,2025-11-30,21839404
requests,2025-12-01,35862338
requests,2025-12-02,38098502
requests,2025-12-03,38351729
requests,2025-12-04,37024465
requests,2025-12-05,34713514
requests,2025-12-06,23816808
requests,2025-12-07,23078286
requests,2025-12-08,35369143
requests,2025-12-09,37395611
requests,2025-12-10,36202432
requests,2025-12-11,35161575
requests,2025-12-12,33340792
requests,2025-12-13,22669114
requests,2025-12-14,21675075
requests,2025-12-15,34226671
requests,2025-12-16,36774884
requests,2025-12-17,36535300
requests,2025-12-18,35960124
requests,2025-12-19,33530492
requests,2025-12-20,23589064
requests,2025-12-21,22971220
requests,2025-12-22,30882032
requests,2025-12-23,30481880
requests,2025-12-24,26807863
requests,2025-12-25,23510736
requests,2025-12-26,24014701
requests,2025-12-27,21371317
requests,2025-12-28,22091387
requests,2025-12-29,40235259
requests,2025-12-30,37023177
requests,2025-12-31,26321678
requests,2026-01-01,23286865
requests,2026-01-02,26227059
requests,2026-01-03,21650974
requests,2026-01-04,22290439
requests,2026-01-05,37758776
requests,2026-01-06,34056922
requests,2026-01-07,35132099
requests,2026-01-08,37038268
requests,2026-01-09,36222892
requests,2026-01-10,24158272
requests,2026-01-11,23412231
requests,2026-01-12,35600365
requests,2026-01-13,37194300
requests,2026-01-14,37004190
requests,2026-01-15,38012762
requests,2026-01-16,54734096
requests,2026-01-17,24785494
requests,2026-01-18,23809796
requests,2026-01-19,33658648
requests,2026-01-20,37131980
requests,2026-01-21,37589257
requests,2026-01-22,37637292
requests,2026-01-23,35543075
requests,2026-01-24,23466906
requests,2026-01-25,23140491
requests,2026-01-26,35122863
requests,2026-01-27,39634409
requests,2026-01-28,38224048
requests,2026-01-29,38775643
requests,2026-01-30,35736051
requests,2026-01-31,24355766
rpds-py,2025-10-01,8647789
rpds-py,2025-10-02,8226911
rpds-py,2025-10-03,7716083
rpds-py,2025-10-04,4731368
rpds-py,2025-10-05,4666942
rpds-py,2025-10-06,8256628
rpds-py,2025-10-07,8433695
rpds-py,2025-10-08,8671848
rpds-py,2025-10-09,8292343
rpds-py,2025-10-10,7953101
rpds-py,2025-10-11,4811626
rpds-py,2025-10-12,4633024
rpds-py,2025-10-13,7756016
rpds-py,2025-10-14,8184815
rpds-py,2025-10-15,8662687
rpds-py,2025-10-16,8648058
rpds-py,2025-10-17,8096322
rpds-py,2025-10-18,4909288
rpds-py,2025-10-19,4578662
rpds-py,2025-10-20,7238663
rpds-py,2025-10-21,8785112
rpds-py,2025-10-22,8827248
rpds-py,2025-10-23,9112004
rpds-py,2025-10-24,8338873
rpds-py,2025-10-25,4865892
rpds-py,2025-10-26,4682026
rpds-py,2025-10-27,8531045
rpds-py,2025-10-28,9033971
rpds-py,2025-10-29,8887322
rpds-py,2025-10-30,9077232
rpds-py,2025-10-31,8011108
rpds-py,2025-11-01,4936625
rpds-py,2025-11-02,4680957
rpds-py,2025-11-03,8438352
rpds-py,2025-11-04,8823586
rpds-py,2025-11-05,8730655
rpds-py,2025-11-06,8842320
rpds-py,2025-11-07,8272625
rpds-py,2025-11-08,4868259
rpds-py,2025-11-09,4786587
rpds-py,2025-11-10,8696634
rpds-py,2025-11-11,8588315
rpds-py,2025-11-12,9439798
rpds-py,2025-11-13,9085804
rpds-py,2025-11-14,8391445
rpds-py,2025-11-15,4984211
rpds-py,2025-11-16,5254768
rpds-py,2025-11-17,9539022
rpds-py,2025-11-18,9731331
rpds-py,2025-11-19,9883468
rpds-py,2025-11-20,9732558
rpds-py,2025-11-21,8893044
rpds-py,2025-11-22,5801535
rpds-py,2025-11-23,5353363
rpds-py,2025-11-24,9186687
rpds-py,2025-11-25,9780139
rpds-py,2025-11-26,9465873
rpds-py,2025-11-27,8402868
rpds-py,2025-11-28,7652032
rpds-py,2025-11-29,5527483
rpds-py,2025-11-30,5556801
rpds-py,2025-12-01,10740991
rpds-py,2025-12-02,10904471
rpds-py,2025-12-03,10881391
rpds-py,2025-12-04,10170302
rpds-py,2025-12-05,9241141
rpds-py,2025-12-06,5650976
rpds-py,2025-12-07,5724898
rpds-py,2025-12-08,9255145
rpds-py,2025-12-09,9965325
rpds-py,2025-12-10,9847012
rpds-py,2025-12-11,9402043
rpds-py,2025-12-12,8732508
rpds-py,2025-12-13,5132474
rpds-py,2025-12-14,5089285
rpds-py,2025-12-15,9043936
rpds-py,2025-12-16,9690327
rpds-py,2025-12-17,9564027
rpds-py,2025-12-18,9589136
rpds-py,2025-12-19,8767220
rpds-py,2025-12-20,5622576
rpds-py,2025-12-21,5108273
rpds-py,2025-12-22,7940460
rpds-py,2025-12-23,7840495
rpds-py,2025-12-24,6720653
rpds-py,2025-12-25,5392909
rpds-py,2025-12-26,5588696
rpds-py,2025-12-27,4909749
rpds-py,2025-12-28,5222649
rpds-py,2025-12-29,6889588
rpds-py,2025-12-30,6938699
rpds-py,2025-12-31,6480204
rpds-py,2026-01-01,5518125
rpds-py,2026-01-02,6366503
rpds-py,2026-01-03,5081296
rpds-py,2026-01-04,5397260
rpds-py,2026-01-05,8497718
rpds-py,2026-01-06,8970266
rpds-py,2026-01-07,9453757
rpds-py,2026-01-08,10253692
rpds-py,2026-01-09,9668814
rpds-py,2026-01-10,5702530
rpds-py,2026-01-11,5432568
rpds-py,2026-01-12,9493443
rpds-py,2026-01-13,10243585
rpds-py,2026-01-14,10266045
rpds-py,2026-01-15,10297556
rpds-py,2026-01-16,9472282
rpds-py,2026-01-17,5931333
rpds-py,2026-01-18,5867842
rpds-py,2026-01-19,8870520
rpds-py,2026-01-20,9961032
rpds-py,2026-01-21,10504849
rpds-py,2026-01-22,10636808
rpds-py,2026-01-23,9865914
rpds-py,2026-01-24,6084807
rpds-py,2026-01-25,5754853
rpds-py,2026-01-26,10195213
rpds-py,2026-01-27,11304837
rpds-py,2026-01-28,10739656
rpds-py,2026-01-29,11128856
rpds-py,2026-01-30,10139850
rpds-py,2026-01-31,6059405
s3transfer,2025-10-01,22641798
s3transfer,2025-10-02,21446732
s3transfer,2025-10-03,20627685
s3transfer,2025-10-04,15553917
s3transfer,2025-10-05,15655896
s3transfer,2025-10-06,21433217
s3transfer,2025-10-07,22669785
s3transfer,2025-10-08,22482974
s3transfer,2025-10-09,22250894
s3transfer,2025-10-10,23194704
s3transfer,2025-10-11,15337685
s3transfer,2025-10-12,15339714
s3transfer,2025-10-13,20640857
s3transfer,2025-10-14,21982899
s3transfer,2025-10-15,22920108
s3transfer,2025-10-16,22602992
s3transfer,2025-10-17,21630936
s3transfer,2025-10-18,16849707
s3transfer,2025-10-19,15630784
s3transfer,2025-10-20,17108032
s3transfer,2025-10-21,22389028
s3transfer,2025-10-22,22357614
s3transfer,2025-10-23,22492067
s3transfer,2025-10-24,26643186
s3transfer,2025-10-25,15615428
s3transfer,2025-10-26,14862137
s3transfer,2025-10-27,21053308
s3transfer,2025-10-28,21826000
s3transfer,2025-10-29,24368825
s3transfer,2025-10-30,25435926
s3transfer,2025-10-31,21013702
s3transfer,2025-11-01,16173180
s3transfer,2025-11-02,16042673
s3transfer,2025-11-03,22253132
s3transfer,2025-11-04,23251639
s3transfer,2025-11-05,23388916
s3transfer,2025-11-06,23070577
s3transfer,2025-11-07,21720008
s3transfer,2025-11-08,15675495
s3transfer,2025-11-09,15871590
s3transfer,2025-11-10,21771290
s3transfer,2025-11-11,21729995
s3transfer,2025-11-12,22563728
s3transfer,2025-11-13,23236135
s3transfer,2025-11-14,21875060
s3transfer,2025-11-15,16346649
s3transfer,2025-11-16,15534425
s3transfer,2025-11-17,21817273
s3transfer,2025-11-18,22742153
s3transfer,2025-11-19,23716939
s3transfer,2025-11-20,23875905
s3transfer,2025-11-21,23193998
s3transfer,2025-11-22,17674248
s3transfer,2025-11-23,17022617
s3transfer,2025-11-24,23678654
s3transfer,2025-11-25,24568791
s3transfer,2025-11-26,24123617
s3transfer,2025-11-27,21930911
s3transfer,2025-11-28,20312690
s3transfer,2025-11-29,16403201
s3transfer,2025-11-30,17012548
s3transfer,2025-12-01,24604549
s3transfer,2025-12-02,25607879
s3transfer,2025-12-03,25922083
s3transfer,2025-12-04,25375074
s3transfer,2025-12-05,23762955
s3transfer,2025-12-06,17365285
s3transfer,2025-12-07,17350674
s3transfer,2025-12-08,23805480
s3transfer,2025-12-09,26323904
s3transfer,2025-12-10,24678614
s3transfer,2025-12-11,24205898
s3transfer,2025-12-12,22774805
s3transfer,2025-12-13,16754559
s3transfer,2025-12-14,16287578
s3transfer,2025-12-15,23315449
s3transfer,2025-12-16,24435847
s3transfer,2025-12-17,24250895
s3transfer,2025-12-18,24292603
s3transfer,2025-12-19,22925559
s3transfer,2025-12-20,16892058
s3transfer,2025-12-21,16693336
s3transfer,2025-12-22,21690686
s3transfer,2025-12-23,21599067
s3transfer,2025-12-24,19329411
s3transfer,2025-12-25,16968818
s3transfer,2025-12-26,17381233
s3transfer,2025-12-27,15502339
s3transfer,2025-12-28,15740692
s3transfer,2025-12-29,19653512
s3transfer,2025-12-30,19921119
s3transfer,2025-12-31,18858189
s3transfer,2026-01-01,17283423
s3transfer,2026-01-02,18886400
s3transfer,2026-01-03,16006742
s3transfer,2026-01-04,16314617
s3transfer,2026-01-05,22600649
s3transfer,2026-01-06,23183894
s3transfer,2026-01-07,23923573
s3transfer,2026-01-08,24256611
s3transfer,2026-01-09,23543226
s3transfer,2026-01-10,16604836
s3transfer,2026-01-11,16316469
s3transfer,2026-01-12,23349778
s3transfer,2026-01-13,25104469
s3transfer,2026-01-14,25026418
s3transfer,2026-01-15,24805618
s3transfer,2026-01-16,23538568
s3transfer,2026-01-17,16950894
s3transfer,2026-01-18,17050196
s3transfer,2026-01-19,22411018
s3transfer,2026-01-20,24570441
s3transfer,2026-01-21,24874061
s3transfer,2026-01-22,24920667
s3transfer,2026-01-23,24007676
s3transfer,2026-01-24,17726720
s3transfer,2026-01-25,17008577
s3transfer,2026-01-26,23819356
s3transfer,2026-01-27,26449338
s3transfer,2026-01-28,25696079
s3transfer,2026-01-29,25851133
s3transfer,2026-01-30,23449434
s3transfer,2026-01-31,17022335
starlette,2025-10-01,7321559
starlette,2025-10-02,6771259
starlette,2025-10-03,6191943
starlette,2025-10-04,3597816
starlette,2025-10-05,3333154
starlette,2025-10-06,6467210
starlette,2025-10-07,8035283
starlette,2025-10-08,8100975
starlette,2025-10-09,6554971
starlette,2025-10-10,6268316
starlette,2025-10-11,5138346
starlette,2025-10-12,4778901
starlette,2025-10-13,6989269
starlette,2025-10-14,7232028
starlette,2025-10-15,6399693
starlette,2025-10-16,7755123
starlette,2025-10-17,8199270
starlette,2025-10-18,4733458
starlette,2025-10-19,5204192
starlette,2025-10-20,6811639
starlette,2025-10-21,7865097
starlette,2025-10-22,7676850
starlette,2025-10-23,8074213
starlette,2025-10-24,8639834
starlette,2025-10-25,5129672
starlette,2025-10-26,5400070
starlette,2025-10-27,8478612
starlette,2025-10-28,8072424
starlette,2025-10-29,7948797
starlette,2025-10-30,8410975
starlette,2025-10-31,8450838
starlette,2025-11-01,5790981
starlette,2025-11-02,5570406
starlette,2025-11-03,8346108
starlette,2025-11-04,8387654
starlette,2025-11-05,8296359
starlette,2025-11-06,8048149
starlette,2025-11-07,7358998
starlette,2025-11-08,5251991
starlette,2025-11-09,5030126
starlette,2025-11-10,7796178
starlette,2025-11-11,7598573
starlette,2025-11-12,9109486
starlette,2025-11-13,9241986
starlette,2025-11-14,9876366
starlette,2025-11-15,6690871
starlette,2025-11-16,6429119
starlette,2025-11-17,9038036
starlette,2025-11-18,9404775
starlette,2025-11-19,9152035
starlette,2025-11-20,9832230
starlette,2025-11-21,8447034
starlette,2025-11-22,6749489
starlette,2025-11-23,5875460
starlette,2025-11-24,9393370
starlette,2025-11-25,9723478
starlette,2025-11-26,9168017
starlette,2025-11-27,7718318
starlette,2025-11-28,7115820
starlette,2025-11-29,5566238
starlette,2025-11-30,5116503
starlette,2025-12-01,9484271
starlette,2025-12-02,10274163
starlette,2025-12-03,10153414
starlette,2025-12-04,9325880
starlette,2025-12-05,8662604
starlette,2025-12-06,5847347
starlette,2025-12-07,5569983
starlette,2025-12-08,8189852
starlette,2025-12-09,8843886
starlette,2025-12-10,8166093
starlette,2025-12-11,7800964
starlette,2025-12-12,7647324
starlette,2025-12-13,4790179
starlette,2025-12-14,4484514
starlette,2025-12-15,7666680
starlette,2025-12-16,8687827
starlette,2025-12-17,8701020
starlette,2025-12-18,8745288
starlette,2025-12-19,7676966
starlette,2025-12-20,5647555
starlette,2025-12-21,5447018
starlette,2025-12-22,6865712
starlette,2025-12-23,6945697
starlette,2025-12-24,6106802
starlette,2025-12-25,5282715
starlette,2025-12-26,5272935
starlette,2025-12-27,4578976
starlette,2025-12-28,4881404
starlette,2025-12-29,6515146
starlette,2025-12-30,6467641
starlette,2025-12-31,5761961
starlette,2026-01-01,4828744
starlette,2026-01-02,5555960
starlette,2026-01-03,4397189
starlette,2026-01-04,4595741
starlette,2026-01-05,7282962
starlette,2026-01-06,7790690
starlette,2026-01-07,8009616
starlette,2026-01-08,8437838
starlette,2026-01-09,8991442
starlette,2026-01-10,5817054
starlette,2026-01-11,5848876
starlette,2026-01-12,9081758
starlette,2026-01-13,8885589
starlette,2026-01-14,8852780
starlette,2026-01-15,8611778
starlette,2026-01-16,8546819
starlette,2026-01-17,5447316
starlette,2026-01-18,5723574
starlette,2026-01-19,8329618
starlette,2026-01-20,9358840
starlette,2026-01-21,10035517
starlette,2026-01-22,10205110
starlette,2026-01-23,8368698
starlette,2026-01-24,5345164
starlette,2026-01-25,5320417
starlette,2026-01-26,8599156
starlette,2026-01-27,9544383
starlette,2026-01-28,9107148
starlette,2026-01-29,9930651
starlette,2026-01-30,9010663
starlette,2026-01-31,5578575
tqdm,2025-10-01,9320059
tqdm,2025-10-02,8564074
tqdm,2025-10-03,8084719
tqdm,2025-10-04,5348416
tqdm,2025-10-05,5261682
tqdm,2025-10-06,8618490
tqdm,2025-10-07,9173147
tqdm,2025-10-08,9419504
tqdm,2025-10-09,9053672
tqdm,2025-10-10,9122696
tqdm,2025-10-11,5568376
tqdm,2025-10-12,5324155
tqdm,2025-10-13,8396834
tqdm,2025-10-14,8981169
tqdm,2025-10-15,9660595
tqdm,2025-10-16,9288311
tqdm,2025-10-17,8958949
tqdm,2025-10-18,6388460
tqdm,2025-10-19,5529155
tqdm,2025-10-20,8044881
tqdm,2025-10-21,9468290
tqdm,2025-10-22,9528455
tqdm,2025-10-23,9751486
tqdm,2025-10-24,9052911
tqdm,2025-10-25,6156341
tqdm,2025-10-26,5634391
tqdm,2025-10-27,9222695
tqdm,2025-10-28,9500368
tqdm,2025-10-29,9361106
tqdm,2025-10-30,9697294
tqdm,2025-10-31,8645569
tqdm,2025-11-01,5974247
tqdm,2025-11-02,5504538
tqdm,2025-11-03,8939351
tqdm,2025-11-04,9722646
tqdm,2025-11-05,9701364
tqdm,2025-11-06,9984145
tqdm,2025-11-07,9392213
tqdm,2025-11-08,6008391
tqdm,2025-11-09,5778681
tqdm,2025-11-10,9354880
tqdm,2025-11-11,9375949
tqdm,2025-11-12,9822225
tqdm,2025-11-13,9748901
tqdm,2025-11-14,9256177
tqdm,2025-11-15,5909769
tqdm,2025-11-16,5920429
tqdm,2025-11-17,9213534
tqdm,2025-11-18,9645695
tqdm,2025-11-19,10343620
tqdm,2025-11-20,10027922
tqdm,2025-11-21,9622596
tqdm,2025-11-22,6547733
tqdm,2025-11-23,6072407
tqdm,2025-11-24,9614572
tqdm,2025-11-25,10041775
tqdm,2025-11-26,10014565
tqdm,2025-11-27,8857572
tqdm,2025-11-28,8120254
tqdm,2025-11-29,5923602
tqdm,2025-11-30,5937056
tqdm,2025-12-01,10210628
tqdm,2025-12-02,10809782
tqdm,2025-12-03,11297263
tqdm,2025-12-04,11044625
tqdm,2025-12-05,10147873
tqdm,2025-12-06,6557789
tqdm,2025-12-07,6808016
tqdm,2025-12-08,10010497
tqdm,2025-12-09,10750262
tqdm,2025-12-10,10445327
tqdm,2025-12-11,10184113
tqdm,2025-12-12,9571453
tqdm,2025-12-13,6061069
tqdm,2025-12-14,5910220
tqdm,2025-12-15,9543693
tqdm,2025-12-16,10273198
tqdm,2025-12-17,10194665
tqdm,2025-12-18,10251553
tqdm,2025-12-19,9554648
tqdm,2025-12-20,6175654
tqdm,2025-12-21,5702907
tqdm,2025-12-22,8605124
tqdm,2025-12-23,8445286
tqdm,2025-12-24,7490246
tqdm,2025-12-25,6039441
tqdm,2025-12-26,6407523
tqdm,2025-12-27,5542163
tqdm,2025-12-28,5833989
tqdm,2025-12-29,7235504
tqdm,2025-12-30,7353858
tqdm,2025-12-31,6875220
tqdm,2026-01-01,6032066
tqdm,2026-01-02,6918539
tqdm,2026-01-03,5694812
tqdm,2026-01-04,5915017
tqdm,2026-01-05,8873882
tqdm,2026-01-06,9512857
tqdm,2026-01-07,9949521
tqdm,2026-01-08,10732987
tqdm,2026-01-09,10505767
tqdm,2026-01-10,6580492
tqdm,2026-01-11,6191870
tqdm,2026-01-12,9844819
tqdm,2026-01-13,10444108
tqdm,2026-01-14,10611803
tqdm,2026-01-15,10115062
tqdm,2026-01-16,9536493
tqdm,2026-01-17,6001355
tqdm,2026-01-18,5918959
tqdm,2026-01-19,8751018
tqdm,2026-01-20,9978195
tqdm,2026-01-21,10530569
tqdm,2026-01-22,10547137
tqdm,2026-01-23,9661628
tqdm,2026-01-24,5917979
tqdm,2026-01-25,5667630
tqdm,2026-01-26,9741291
tqdm,2026-01-27,11058989
tqdm,2026-01-28,10697710
tqdm,2026-01-29,10618925
tqdm,2026-01-30,9866450
tqdm,2026-01-31,6840694
typing-extensions,2025-10-01,37818176
typing-extensions,2025-10-02,35375113
typing-extensions,2025-10-03,32552499
typing-extensions,2025-10-04,22146364
typing-extensions,2025-10-05,21422361
typing-extensions,2025-10-06,34249893
typing-extensions,2025-10-07,37294429
typing-extensions,2025-10-08,36072385
typing-extensions,2025-10-09,34036403
typing-extensions,2025-10-10,33180245
typing-extensions,2025-10-11,22706719
typing-extensions,2025-10-12,22293425
typing-extensions,2025-10-13,32984643
typing-extensions,2025-10-14,34413922
typing-extensions,2025-10-15,34962573
typing-extensions,2025-10-16,36152749
typing-extensions,2025-10-17,36253840
typing-extensions,2025-10-18,24778235
typing-extensions,2025-10-19,23262617
typing-extensions,2025-10-20,30574358
typing-extensions,2025-10-21,36962161
typing-extensions,2025-10-22,35303910
typing-extensions,2025-10-23,36160573
typing-extensions,2025-10-24,36375225
typing-extensions,2025-10-25,24164390
typing-extensions,2025-10-26,22842399
typing-extensions,2025-10-27,36290908
typing-extensions,2025-10-28,35581127
typing-extensions,2025-10-29,35936711
typing-extensions,2025-10-30,36671198
typing-extensions,2025-10-31,33908465
typing-extensions,2025-11-01,23316619
typing-extensions,2025-11-02,23132432
typing-extensions,2025-11-03,35302288
typing-extensions,2025-11-04,35307017
typing-extensions,2025-11-05,35005842
typing-extensions,2025-11-06,35209549
typing-extensions,2025-11-07,33284748
typing-extensions,2025-11-08,22400142
typing-extensions,2025-11-09,22179984
typing-extensions,2025-11-10,34775498
typing-extensions,2025-11-11,34593759
typing-extensions,2025-11-12,36754410
typing-extensions,2025-11-13,37426254
typing-extensions,2025-11-14,36409119
typing-extensions,2025-11-15,24159768
typing-extensions,2025-11-16,23278969
typing-extensions,2025-11-17,36858569
typing-extensions,2025-11-18,38106639
typing-extensions,2025-11-19,38262503
typing-extensions,2025-11-20,38189686
typing-extensions,2025-11-21,36091881
typing-extensions,2025-11-22,25014767
typing-extensions,2025-11-23,23645305
typing-extensions,2025-11-24,37752274
typing-extensions,2025-11-25,38787217
typing-extensions,2025-11-26,37205030
typing-extensions,2025-11-27,32779396
typing-extensions,2025-11-28,31081365
typing-extensions,2025-11-29,24165028
typing-extensions,2025-11-30,23052677
typing-extensions,2025-12-01,37684114
typing-extensions,2025-12-02,39958282
typing-extensions,2025-12-03,40688174
typing-extensions,2025-12-04,38890151
typing-extensions,2025-12-05,37110928
typing-extensions,2025-12-06,25852456
typing-extensions,2025-12-07,23605544
typing-extensions,2025-12-08,36843778
typing-extensions,2025-12-09,38519315
typing-extensions,2025-12-10,37617447
typing-extensions,2025-12-11,37059832
typing-extensions,2025-12-12,34204326
typing-extensions,2025-12-13,23584663
typing-extensions,2025-12-14,21856416
typing-extensions,2025-12-15,34989681
typing-extensions,2025-12-16,37867245
typing-extensions,2025-12-17,37661626
typing-extensions,2025-12-18,37115164
typing-extensions,2025-12-19,34599688
typing-extensions,2025-12-20,24223869
typing-extensions,2025-12-21,23504349
typing-extensions,2025-12-22,31352627
typing-extensions,2025-12-23,30608461
typing-extensions,2025-12-24,27341158
typing-extensions,2025-12-25,23793815
typing-extensions,2025-12-26,24308085
typing-extensions,2025-12-27,21530544
typing-extensions,2025-12-28,22531871
typing-extensions,2025-12-29,40759537
typing-extensions,2025-12-30,37604123
typing-extensions,2025-12-31,27034917
typing-extensions,2026-01-01,23895726
typing-extensions,2026-01-02,26802991
typing-extensions,2026-01-03,21633530
typing-extensions,2026-01-04,22386492
typing-extensions,2026-01-05,38016761
typing-extensions,2026-01-06,34509472
typing-extensions,2026-01-07,35173933
typing-extensions,2026-01-08,39364405
typing-extensions,2026-01-09,39284978
typing-extensions,2026-01-10,25371520
typing-extensions,2026-01-11,23832383
typing-extensions,2026-01-12,36271500
typing-extensions,2026-01-13,37903682
typing-extensions,2026-01-14,38298125
typing-extensions,2026-01-15,39291933
typing-extensions,2026-01-16,54987185
typing-extensions,2026-01-17,23920562
typing-extensions,2026-01-18,23430730
typing-extensions,2026-01-19,33681030
typing-extensions,2026-01-20,37125231
typing-extensions,2026-01-21,38777251
typing-extensions,2026-01-22,39181607
typing-extensions,2026-01-23,35915245
typing-extensions,2026-01-24,23607463
typing-extensions,2026-01-25,22982760
typing-extensions,2026-01-26,35082143
typing-extensions,2026-01-27,39690954
typing-extensions,2026-01-28,39238889
typing-extensions,2026-01-29,39798120
typing-extensions,2026-01-30,36778545
typing-extensions,2026-01-31,24392881
typing-inspection,2025-10-01,11022886
typing-inspection,2025-10-02,9960512
typing-inspection,2025-10-03,8748128
typing-inspection,2025-10-04,5289967
typing-inspection,2025-10-05,5046815
typing-inspection,2025-10-06,9639381
typing-inspection,2025-10-07,11225219
typing-inspection,2025-10-08,11329471
typing-inspection,2025-10-09,9864290
typing-inspection,2025-10-10,9954112
typing-inspection,2025-10-11,7073391
typing-inspection,2025-10-12,6603490
typing-inspection,2025-10-13,10084221
typing-inspection,2025-10-14,10667523
typing-inspection,2025-10-15,10084701
typing-inspection,2025-10-16,11374823
typing-inspection,2025-10-17,11705425
typing-inspection,2025-10-18,6926993
typing-inspection,2025-10-19,7040279
typing-inspection,2025-10-20,9815532
typing-inspection,2025-10-21,11409306
typing-inspection,2025-10-22,11135104
typing-inspection,2025-10-23,11581958
typing-inspection,2025-10-24,11723261
typing-inspection,2025-10-25,7144197
typing-inspection,2025-10-26,7239598
typing-inspection,2025-10-27,11759766
typing-inspection,2025-10-28,10752478
typing-inspection,2025-10-29,10762257
typing-inspection,2025-10-30,11660134
typing-inspection,2025-10-31,11165042
typing-inspection,2025-11-01,7265304
typing-inspection,2025-11-02,7006844
typing-inspection,2025-11-03,10940760
typing-inspection,2025-11-04,10766331
typing-inspection,2025-11-05,10369999
typing-inspection,2025-11-06,10519475
typing-inspection,2025-11-07,9992232
typing-inspection,2025-11-08,6073505
typing-inspection,2025-11-09,6081421
typing-inspection,2025-11-10,10411902
typing-inspection,2025-11-11,10243572
typing-inspection,2025-11-12,12009826
typing-inspection,2025-11-13,12334803
typing-inspection,2025-11-14,12622592
typing-inspection,2025-11-15,7745533
typing-inspection,2025-11-16,7479388
typing-inspection,2025-11-17,11532165
typing-inspection,2025-11-18,12455186
typing-inspection,2025-11-19,12479813
typing-inspection,2025-11-20,12852037
typing-inspection,2025-11-21,11513964
typing-inspection,2025-11-22,8686557
typing-inspection,2025-11-23,7665674
typing-inspection,2025-11-24,12458255
typing-inspection,2025-11-25,12981092
typing-inspection,2025-11-26,12327455
typing-inspection,2025-11-27,10634803
typing-inspection,2025-11-28,9759899
typing-inspection,2025-11-29,7409791
typing-inspection,2025-11-30,7013354
typing-inspection,2025-12-01,12852316
typing-inspection,2025-12-02,13757048
typing-inspection,2025-12-03,13769613
typing-inspection,2025-12-04,12880263
typing-inspection,2025-12-05,11917598
typing-inspection,2025-12-06,7838609
typing-inspection,2025-12-07,7489394
typing-inspection,2025-12-08,11604980
typing-inspection,2025-12-09,12448065
typing-inspection,2025-12-10,11744438
typing-inspection,2025-12-11,11303325
typing-inspection,2025-12-12,10831850
typing-inspection,2025-12-13,6809532
typing-inspection,2025-12-14,6525230
typing-inspection,2025-12-15,11014896
typing-inspection,2025-12-16,12047902
typing-inspection,2025-12-17,12220164
typing-inspection,2025-12-18,11984877
typing-inspection,2025-12-19,10983473
typing-inspection,2025-12-20,7673845
typing-inspection,2025-12-21,7613444
typing-inspection,2025-12-22,10244401
typing-inspection,2025-12-23,10137352
typing-inspection,2025-12-24,8805667
typing-inspection,2025-12-25,7556261
typing-inspection,2025-12-26,7624810
typing-inspection,2025-12-27,6666024
typing-inspection,2025-12-28,7285388
typing-inspection,2025-12-29,9517631
typing-inspection,2025-12-30,9470216
typing-inspection,2025-12-31,8614887
typing-inspection,2026-01-01,7296401
typing-inspection,2026-01-02,8228534
typing-inspection,2026-01-03,6440911
typing-inspection,2026-01-04,6775776
typing-inspection,2026-01-05,10775977
typing-inspection,2026-01-06,11166536
typing-inspection,2026-01-07,11624240
typing-inspection,2026-01-08,12500044
typing-inspection,2026-01-09,12966535
typing-inspection,2026-01-10,8079176
typing-inspection,2026-01-11,7631101
typing-inspection,2026-01-12,12370699
typing-inspection,2026-01-13,12579576
typing-inspection,2026-01-14,12436552
typing-inspection,2026-01-15,12238722
typing-inspection,2026-01-16,11927218
typing-inspection,2026-01-17,7521820
typing-inspection,2026-01-18,7417796
typing-inspection,2026-01-19,11342301
typing-inspection,2026-01-20,12698852
typing-inspection,2026-01-21,12593625
typing-inspection,2026-01-22,12667053
typing-inspection,2026-01-23,11821108
typing-inspection,2026-01-24,7337048
typing-inspection,2026-01-25,7230712
typing-inspection,2026-01-26,12170005
typing-inspection,2026-01-27,13305938
typing-inspection,2026-01-28,12963448
typing-inspection,2026-01-29,13610069
typing-inspection,2026-01-30,12480921
typing-inspection,2026-01-31,7705636
urllib3,2025-10-01,37291599
urllib3,2025-10-02,35489374
urllib3,2025-10-03,33386663
urllib3,2025-10-04,22576190
urllib3,2025-10-05,22240617
urllib3,2025-10-06,35900981
urllib3,2025-10-07,37995601
urllib3,2025-10-08,37641228
urllib3,2025-10-09,36365338
urllib3,2025-10-10,36759681
urllib3,2025-10-11,24263645
urllib3,2025-10-12,23265628
urllib3,2025-10-13,35852839
urllib3,2025-10-14,37769135
urllib3,2025-10-15,37860607
urllib3,2025-10-16,38442288
urllib3,2025-10-17,37966608
urllib3,2025-10-18,24965264
urllib3,2025-10-19,24646538
urllib3,2025-10-20,32629914
urllib3,2025-10-21,39084663
urllib3,2025-10-22,60605924
urllib3,2025-10-23,73873572
urllib3,2025-10-24,44961963
urllib3,2025-10-25,58645804
urllib3,2025-10-26,24738120
urllib3,2025-10-27,55070526
urllib3,2025-10-28,39568343
urllib3,2025-10-29,40351019
urllib3,2025-10-30,41798927
urllib3,2025-10-31,36242989
urllib3,2025-11-01,25145358
urllib3,2025-11-02,24358264
urllib3,2025-11-03,37064346
urllib3,2025-11-04,37734426
urllib3,2025-11-05,37634928
urllib3,2025-11-06,37788608
urllib3,2025-11-07,35167455
urllib3,2025-11-08,23661523
urllib3,2025-11-09,23683789
urllib3,2025-11-10,36876312
urllib3,2025-11-11,36709356
urllib3,2025-11-12,39216850
urllib3,2025-11-13,39893670
urllib3,2025-11-14,38473602
urllib3,2025-11-15,25298271
urllib3,2025-11-16,24769355
urllib3,2025-11-17,37559387
urllib3,2025-11-18,38851858
urllib3,2025-11-19,40335813
urllib3,2025-11-20,40419848
urllib3,2025-11-21,37480994
urllib3,2025-11-22,26450696
urllib3,2025-11-23,25021287
urllib3,2025-11-24,38387496
urllib3,2025-11-25,40124509
urllib3,2025-11-26,38774686
urllib3,2025-11-27,35067802
urllib3,2025-11-28,32386279
urllib3,2025-11-29,24868025
urllib3,2025-11-30,24343838
urllib3,2025-12-01,39277259
urllib3,2025-12-02,41909275
urllib3,2025-12-03,42372261
urllib3,2025-12-04,40943853
urllib3,2025-12-05,39428096
urllib3,2025-12-06,28854282
urllib3,2025-12-07,27496928
urllib3,2025-12-08,41692326
urllib3,2025-12-09,44835001
urllib3,2025-12-10,41887281
urllib3,2025-12-11,41294938
urllib3,2025-12-12,39174442
urllib3,2025-12-13,26658273
urllib3,2025-12-14,25662539
urllib3,2025-12-15,39931934
urllib3,2025-12-16,42636114
urllib3,2025-12-17,42307790
urllib3,2025-12-18,41751054
urllib3,2025-12-19,38860403
urllib3,2025-12-20,27593111
urllib3,2025-12-21,27339288
urllib3,2025-12-22,35748679
urllib3,2025-12-23,35218446
urllib3,2025-12-24,31097179
urllib3,2025-12-25,27255837
urllib3,2025-12-26,27878861
urllib3,2025-12-27,24790343
urllib3,2025-12-28,25612332
urllib3,2025-12-29,44794480
urllib3,2025-12-30,41342011
urllib3,2025-12-31,30457435
urllib3,2026-01-01,27248854
urllib3,2026-01-02,30262980
urllib3,2026-01-03,25199014
urllib3,2026-01-04,25853516
urllib3,2026-01-05,42764898
urllib3,2026-01-06,38929183
urllib3,2026-01-07,40980792
urllib3,2026-01-08,43704162
urllib3,2026-01-09,42713581
urllib3,2026-01-10,28744935
urllib3,2026-01-11,27985572
urllib3,2026-01-12,42015657
urllib3,2026-01-13,43539203
urllib3,2026-01-14,42970323
urllib3,2026-01-15,44536196
urllib3,2026-01-16,59249259
urllib3,2026-01-17,27597131
urllib3,2026-01-18,27539186
urllib3,2026-01-19,38991123
urllib3,2026-01-20,42864990
urllib3,2026-01-21,43506524
urllib3,2026-01-22,43967725
urllib3,2026-01-23,41645996
urllib3,2026-01-24,28432126
urllib3,2026-01-25,27773044
urllib3,2026-01-26,41007762
urllib3,2026-01-27,45576086
urllib3,2026-01-28,44259115
urllib3,2026-01-29,45230828
urllib3,2026-01-30,41662502
urllib3,2026-01-31,28354105
uvicorn,2025-10-01,7240607
uvicorn,2025-10-02,6677040
uvicorn,2025-10-03,6072496
uvicorn,2025-10-04,3516948
uvicorn,2025-10-05,3236242
uvicorn,2025-10-06,6384385
uvicorn,2025-10-07,7925050
uvicorn,2025-10-08,8030791
uvicorn,2025-10-09,6480419
uvicorn,2025-10-10,6255192
uvicorn,2025-10-11,5124001
uvicorn,2025-10-12,4840553
uvicorn,2025-10-13,7041999
uvicorn,2025-10-14,7251908
uvicorn,2025-10-15,6387931
uvicorn,2025-10-16,7744135
uvicorn,2025-10-17,8210549
uvicorn,2025-10-18,4825369
uvicorn,2025-10-19,5339127
uvicorn,2025-10-20,7082826
uvicorn,2025-10-21,8035809
uvicorn,2025-10-22,7795170
uvicorn,2025-10-23,8168122
uvicorn,2025-10-24,8740877
uvicorn,2025-10-25,5193895
uvicorn,2025-10-26,5459084
uvicorn,2025-10-27,8558352
uvicorn,2025-10-28,7731886
uvicorn,2025-10-29,7611882
uvicorn,2025-10-30,8258626
uvicorn,2025-10-31,8400963
uvicorn,2025-11-01,5602038
uvicorn,2025-11-02,5300274
uvicorn,2025-11-03,7947151
uvicorn,2025-11-04,7428882
uvicorn,2025-11-05,7311632
uvicorn,2025-11-06,7301390
uvicorn,2025-11-07,6932015
uvicorn,2025-11-08,4298160
uvicorn,2025-11-09,4375499
uvicorn,2025-11-10,7458025
uvicorn,2025-11-11,7270790
uvicorn,2025-11-12,8571028
uvicorn,2025-11-13,9037002
uvicorn,2025-11-14,9621773
uvicorn,2025-11-15,5997709
uvicorn,2025-11-16,5699279
uvicorn,2025-11-17,8468875
uvicorn,2025-11-18,9094433
uvicorn,2025-11-19,8961115
uvicorn,2025-11-20,9671063
uvicorn,2025-11-21,8319481
uvicorn,2025-11-22,6657469
uvicorn,2025-11-23,5734378
uvicorn,2025-11-24,9186912
uvicorn,2025-11-25,9587906
uvicorn,2025-11-26,9009887
uvicorn,2025-11-27,7628846
uvicorn,2025-11-28,7022382
uvicorn,2025-11-29,5451365
uvicorn,2025-11-30,4969752
uvicorn,2025-12-01,9285903
uvicorn,2025-12-02,10013435
uvicorn,2025-12-03,9887848
uvicorn,2025-12-04,9089895
uvicorn,2025-12-05,8460974
uvicorn,2025-12-06,5678413
uvicorn,2025-12-07,5458061
uvicorn,2025-12-08,8031137
uvicorn,2025-12-09,8582175
uvicorn,2025-12-10,7977973
uvicorn,2025-12-11,7587027
uvicorn,2025-12-12,7382212
uvicorn,2025-12-13,4641680
uvicorn,2025-12-14,4303659
uvicorn,2025-12-15,7415460
uvicorn,2025-12-16,8391254
uvicorn,2025-12-17,8442776
uvicorn,2025-12-18,8323894
uvicorn,2025-12-19,7440592
uvicorn,2025-12-20,5475261
uvicorn,2025-12-21,5534830
uvicorn,2025-12-22,7277857
uvicorn,2025-12-23,7119930
uvicorn,2025-12-24,6237963
uvicorn,2025-12-25,5397266
uvicorn,2025-12-26,5403162
uvicorn,2025-12-27,4726279
uvicorn,2025-12-28,4991749
uvicorn,2025-12-29,6734045
uvicorn,2025-12-30,6625779
uvicorn,2025-12-31,5846483
uvicorn,2026-01-01,4875582
uvicorn,2026-01-02,5872900
uvicorn,2026-01-03,4602351
uvicorn,2026-01-04,4832002
uvicorn,2026-01-05,7498552
uvicorn,2026-01-06,7865899
uvicorn,2026-01-07,8060451
uvicorn,2026-01-08,8482366
uvicorn,2026-01-09,9028553
uvicorn,2026-01-10,5783727
uvicorn,2026-01-11,5532694
uvicorn,2026-01-12,8586488
uvicorn,2026-01-13,8474749
uvicorn,2026-01-14,8470284
uvicorn,2026-01-15,8256726
uvicorn,2026-01-16,8221526
uvicorn,2026-01-17,5239850
uvicorn,2026-01-18,5319043
uvicorn,2026-01-19,7837836
uvicorn,2026-01-20,8815433
uvicorn,2026-01-21,8461495
uvicorn,2026-01-22,8516637
uvicorn,2026-01-23,7921827
uvicorn,2026-01-24,5055446
uvicorn,2026-01-25,5048056
uvicorn,2026-01-26,8222266
uvicorn,2026-01-27,9028913
uvicorn,2026-01-28,8580925
uvicorn,2026-01-29,9278389
uvicorn,2026-01-30,8512710
uvicorn,2026-01-31,5228850
