"date","version","installer","type","ci","downloads"
"2026-03-19","0.1.1","Browser","sdist","false",1
"2026-03-19","0.13.0","Browser","sdist","false",1
"2026-03-19","0.21.0","bandersnatch","bdist_wheel","false",1
"2026-03-19","0.21.0","bandersnatch","sdist","false",1
"2026-03-19","0.21.1","bandersnatch","bdist_wheel","false",1
"2026-03-19","0.21.1","bandersnatch","sdist","false",1
"2026-03-19","0.21.2","bandersnatch","bdist_wheel","false",1
"2026-03-19","0.21.2","bandersnatch","sdist","false",1
"2026-03-19","0.22.0","bandersnatch","bdist_wheel","false",1
"2026-03-19","0.22.0","bandersnatch","sdist","false",1
"2026-03-19","0.22.1","bandersnatch","bdist_wheel","false",1
"2026-03-19","0.22.1","bandersnatch","sdist","false",1
"2026-03-19","0.22.2","bandersnatch","bdist_wheel","false",1
"2026-03-19","0.22.2","bandersnatch","sdist","false",1
"2026-03-19","0.22.3","bandersnatch","bdist_wheel","false",1
"2026-03-19","0.22.3","bandersnatch","sdist","false",1
"2026-03-19","0.22.4","Nexus","bdist_wheel","false",1
"2026-03-19","0.22.4","Nexus","sdist","false",1
"2026-03-19","0.22.4","bandersnatch","bdist_wheel","false",1
"2026-03-19","0.22.4","bandersnatch","sdist","false",1
"2026-03-19","0.23.0","Nexus","bdist_wheel","false",1
"2026-03-19","0.23.0","Nexus","sdist","false",1
"2026-03-19","0.23.0","bandersnatch","bdist_wheel","false",3
"2026-03-19","0.23.0","bandersnatch","sdist","false",3
"2026-03-19","0.23.1","Nexus","bdist_wheel","false",1
"2026-03-19","0.23.1","Nexus","sdist","false",1
"2026-03-19","0.23.1","bandersnatch","bdist_wheel","false",4
"2026-03-19","0.23.1","bandersnatch","sdist","false",4
"2026-03-19","0.23.1","uv","bdist_wheel","false",2
"2026-03-19","0.23.2","Nexus","bdist_wheel","false",1
"2026-03-19","0.23.2","Nexus","sdist","false",1
"2026-03-19","0.23.2","bandersnatch","bdist_wheel","false",4
"2026-03-19","0.23.2","bandersnatch","sdist","false",4
"2026-03-19","0.24.0","","bdist_wheel","false",1
"2026-03-19","0.24.0","","sdist","false",1
"2026-03-19","0.24.0","Nexus","bdist_wheel","false",1
"2026-03-19","0.24.0","Nexus","sdist","false",1
"2026-03-19","0.24.0","bandersnatch","bdist_wheel","false",5
"2026-03-19","0.24.0","bandersnatch","sdist","false",5
"2026-03-19","0.25.0","","bdist_wheel","false",1
"2026-03-19","0.25.0","","sdist","false",3
"2026-03-19","0.25.0","Browser","bdist_wheel","false",3
"2026-03-19","0.25.0","Browser","sdist","false",3
"2026-03-19","0.25.0","Nexus","bdist_wheel","false",1
"2026-03-19","0.25.0","Nexus","sdist","false",1
"2026-03-19","0.25.0","bandersnatch","bdist_wheel","false",10
"2026-03-19","0.25.0","bandersnatch","sdist","false",10
"2026-03-19","0.25.1","","bdist_wheel","false",2
"2026-03-19","0.25.1","","sdist","false",4
"2026-03-19","0.25.1","Browser","bdist_wheel","false",4
"2026-03-19","0.25.1","Browser","sdist","false",3
"2026-03-19","0.25.1","Nexus","bdist_wheel","false",1
"2026-03-19","0.25.1","Nexus","sdist","false",1
"2026-03-19","0.25.1","bandersnatch","bdist_wheel","false",10
"2026-03-19","0.25.1","bandersnatch","sdist","false",10
"2026-03-19","0.25.1","pip","bdist_wheel","false",6
"2026-03-19","0.25.1","uv","bdist_wheel","false",262
"2026-03-20","0.0.1","Browser","bdist_wheel","false",1
"2026-03-20","0.1.1","Browser","bdist_wheel","false",1
"2026-03-20","0.1.2","Browser","bdist_wheel","false",1
"2026-03-20","0.1.3","Browser","bdist_wheel","false",1
"2026-03-20","0.1.4","Browser","bdist_wheel","false",1
"2026-03-20","0.1.5","Browser","bdist_wheel","false",1
"2026-03-20","0.1.8","Browser","bdist_wheel","false",1
"2026-03-20","0.10.0","Browser","bdist_wheel","false",1
"2026-03-20","0.10.1","Browser","bdist_wheel","false",1
"2026-03-20","0.10.2","Browser","bdist_wheel","false",1
"2026-03-20","0.11.0","Browser","bdist_wheel","false",1
"2026-03-20","0.11.1","Browser","bdist_wheel","false",1
"2026-03-20","0.11.2","Browser","bdist_wheel","false",1
"2026-03-20","0.11.3","Browser","bdist_wheel","false",1
"2026-03-20","0.12.1","Browser","bdist_wheel","false",1
"2026-03-20","0.13.2","Browser","bdist_wheel","false",1
"2026-03-20","0.14.0","Browser","bdist_wheel","false",1
"2026-03-20","0.15.0","Browser","bdist_wheel","false",1
"2026-03-20","0.16.0","Browser","bdist_wheel","false",1
"2026-03-20","0.16.1","Browser","bdist_wheel","false",1
"2026-03-20","0.17.0","Browser","bdist_wheel","false",1
"2026-03-20","0.17.2","Browser","bdist_wheel","false",1
"2026-03-20","0.18.0","Browser","bdist_wheel","false",1
"2026-03-20","0.19.2","Browser","bdist_wheel","false",1
"2026-03-20","0.2.0","Browser","bdist_wheel","false",1
"2026-03-20","0.20.0","Browser","bdist_wheel","false",1
"2026-03-20","0.20.0","bandersnatch","bdist_wheel","false",1
"2026-03-20","0.20.0","bandersnatch","sdist","false",1
"2026-03-20","0.21.0","bandersnatch","bdist_wheel","false",1
"2026-03-20","0.21.0","bandersnatch","sdist","false",1
"2026-03-20","0.21.1","Browser","bdist_wheel","false",1
"2026-03-20","0.21.1","bandersnatch","bdist_wheel","false",1
"2026-03-20","0.21.1","bandersnatch","sdist","false",1
"2026-03-20","0.21.2","bandersnatch","bdist_wheel","false",1
"2026-03-20","0.21.2","bandersnatch","sdist","false",1
"2026-03-20","0.22.0","Browser","bdist_wheel","false",1
"2026-03-20","0.22.0","bandersnatch","bdist_wheel","false",1
"2026-03-20","0.22.0","bandersnatch","sdist","false",1
"2026-03-20","0.22.1","Browser","bdist_wheel","false",1
"2026-03-20","0.22.1","bandersnatch","bdist_wheel","false",1
"2026-03-20","0.22.1","bandersnatch","sdist","false",1
"2026-03-20","0.22.2","bandersnatch","bdist_wheel","false",1
"2026-03-20","0.22.2","bandersnatch","sdist","false",1
"2026-03-20","0.22.3","Browser","bdist_wheel","false",1
"2026-03-20","0.22.3","bandersnatch","bdist_wheel","false",1
"2026-03-20","0.22.3","bandersnatch","sdist","false",1
"2026-03-20","0.22.4","bandersnatch","bdist_wheel","false",1
"2026-03-20","0.22.4","bandersnatch","sdist","false",1
"2026-03-20","0.23.0","bandersnatch","bdist_wheel","false",1
"2026-03-20","0.23.0","bandersnatch","sdist","false",1
"2026-03-20","0.23.1","Browser","bdist_wheel","false",1
"2026-03-20","0.23.1","bandersnatch","bdist_wheel","false",1
"2026-03-20","0.23.1","bandersnatch","sdist","false",1
"2026-03-20","0.23.1","uv","bdist_wheel","false",12
"2026-03-20","0.23.2","Browser","bdist_wheel","false",1
"2026-03-20","0.23.2","bandersnatch","bdist_wheel","false",1
"2026-03-20","0.23.2","bandersnatch","sdist","false",1
"2026-03-20","0.24.0","bandersnatch","bdist_wheel","false",1
"2026-03-20","0.24.0","bandersnatch","sdist","false",1
"2026-03-20","0.25.0","bandersnatch","bdist_wheel","false",2
"2026-03-20","0.25.0","bandersnatch","sdist","false",2
"2026-03-20","0.25.1","","bdist_wheel","false",1
"2026-03-20","0.25.1","","sdist","false",1
"2026-03-20","0.25.1","Browser","bdist_wheel","false",6
"2026-03-20","0.25.1","bandersnatch","bdist_wheel","false",2
"2026-03-20","0.25.1","bandersnatch","sdist","false",2
"2026-03-20","0.25.1","pip","bdist_wheel","false",6
"2026-03-20","0.25.1","uv","bdist_wheel","false",352
"2026-03-20","0.3.0","Browser","bdist_wheel","false",1
"2026-03-20","0.3.1","Browser","bdist_wheel","false",1
"2026-03-20","0.5.1","Browser","bdist_wheel","false",1
"2026-03-20","0.6.0","Browser","bdist_wheel","false",1
"2026-03-20","0.6.1","Browser","bdist_wheel","false",1
"2026-03-20","0.6.2","Browser","bdist_wheel","false",1
"2026-03-20","0.6.3","Browser","bdist_wheel","false",1
"2026-03-20","0.6.4","Browser","bdist_wheel","false",1
"2026-03-20","0.7.0","Browser","bdist_wheel","false",1
"2026-03-20","0.7.1","Browser","bdist_wheel","false",1
"2026-03-20","0.7.2","Browser","bdist_wheel","false",1
"2026-03-20","0.8.1","Browser","bdist_wheel","false",1
"2026-03-20","0.8.2","Browser","bdist_wheel","false",1
"2026-03-20","0.9.1","Browser","bdist_wheel","false",1
"2026-03-21","0.1.9","Browser","sdist","false",1
"2026-03-21","0.11.3","Browser","sdist","false",1
"2026-03-21","0.21.0","Browser","bdist_wheel","false",1
"2026-03-21","0.21.0","Browser","sdist","false",1
"2026-03-21","0.21.1","Browser","bdist_wheel","false",1
"2026-03-21","0.21.1","Browser","sdist","false",1
"2026-03-21","0.21.2","Browser","bdist_wheel","false",1
"2026-03-21","0.21.2","Browser","sdist","false",1
"2026-03-21","0.22.0","Browser","bdist_wheel","false",2
"2026-03-21","0.22.0","Browser","sdist","false",1
"2026-03-21","0.22.1","Browser","bdist_wheel","false",1
"2026-03-21","0.22.1","Browser","sdist","false",1
"2026-03-21","0.22.2","Browser","bdist_wheel","false",1
"2026-03-21","0.22.2","Browser","sdist","false",1
"2026-03-21","0.22.2","bandersnatch","bdist_wheel","false",1
"2026-03-21","0.22.2","bandersnatch","sdist","false",1
"2026-03-21","0.22.3","Browser","bdist_wheel","false",1
"2026-03-21","0.22.3","Browser","sdist","false",1
"2026-03-21","0.22.3","bandersnatch","bdist_wheel","false",1
"2026-03-21","0.22.3","bandersnatch","sdist","false",1
"2026-03-21","0.22.4","Browser","bdist_wheel","false",1
"2026-03-21","0.22.4","Browser","sdist","false",1
"2026-03-21","0.22.4","bandersnatch","bdist_wheel","false",1
"2026-03-21","0.22.4","bandersnatch","sdist","false",1
"2026-03-21","0.23.0","Browser","bdist_wheel","false",1
"2026-03-21","0.23.0","Browser","sdist","false",1
"2026-03-21","0.23.0","bandersnatch","bdist_wheel","false",1
"2026-03-21","0.23.0","bandersnatch","sdist","false",1
"2026-03-21","0.23.1","","bdist_wheel","false",1
"2026-03-21","0.23.1","","sdist","false",1
"2026-03-21","0.23.1","Browser","bdist_wheel","false",1
"2026-03-21","0.23.1","Browser","sdist","false",1
"2026-03-21","0.23.1","bandersnatch","bdist_wheel","false",1
"2026-03-21","0.23.1","bandersnatch","sdist","false",1
"2026-03-21","0.23.2","Browser","bdist_wheel","false",1
"2026-03-21","0.23.2","Browser","sdist","false",2
"2026-03-21","0.23.2","bandersnatch","bdist_wheel","false",1
"2026-03-21","0.23.2","bandersnatch","sdist","false",1
"2026-03-21","0.24.0","Browser","bdist_wheel","false",1
"2026-03-21","0.24.0","Browser","sdist","false",1
"2026-03-21","0.24.0","bandersnatch","bdist_wheel","false",1
"2026-03-21","0.24.0","bandersnatch","sdist","false",1
"2026-03-21","0.25.0","","bdist_wheel","false",1
"2026-03-21","0.25.0","","sdist","false",1
"2026-03-21","0.25.0","Browser","bdist_wheel","false",1
"2026-03-21","0.25.0","Browser","sdist","false",1
"2026-03-21","0.25.0","bandersnatch","bdist_wheel","false",1
"2026-03-21","0.25.0","bandersnatch","sdist","false",1
"2026-03-21","0.25.1","","bdist_wheel","false",1
"2026-03-21","0.25.1","","sdist","false",1
"2026-03-21","0.25.1","Browser","bdist_wheel","false",2
"2026-03-21","0.25.1","Browser","sdist","false",3
"2026-03-21","0.25.1","bandersnatch","bdist_wheel","false",1
"2026-03-21","0.25.1","bandersnatch","sdist","false",1
"2026-03-21","0.25.1","pip","bdist_wheel","false",10
"2026-03-21","0.25.1","uv","bdist_wheel","false",284
"2026-03-22","0.1.3","uv","bdist_wheel","true",2
"2026-03-22","0.25.0","","bdist_wheel","false",2
"2026-03-22","0.25.0","","sdist","false",2
"2026-03-22","0.25.0","bandersnatch","bdist_wheel","false",1
"2026-03-22","0.25.0","bandersnatch","sdist","false",1
"2026-03-22","0.25.1","","bdist_wheel","false",3
"2026-03-22","0.25.1","","sdist","false",2
"2026-03-22","0.25.1","bandersnatch","bdist_wheel","false",2
"2026-03-22","0.25.1","bandersnatch","sdist","false",2
"2026-03-22","0.25.1","pip","bdist_wheel","false",2
"2026-03-22","0.25.1","uv","bdist_wheel","false",369
"2026-03-22","0.25.1","uv","bdist_wheel","true",8
"2026-03-23","0.1.2","Browser","sdist","false",1
"2026-03-23","0.1.3","uv","bdist_wheel","false",2
"2026-03-23","0.2.0","Browser","bdist_wheel","false",1
"2026-03-23","0.21.0","Browser","bdist_wheel","false",1
"2026-03-23","0.22.3","bandersnatch","bdist_wheel","false",1
"2026-03-23","0.22.3","bandersnatch","sdist","false",1
"2026-03-23","0.22.4","bandersnatch","bdist_wheel","false",1
"2026-03-23","0.22.4","bandersnatch","sdist","false",1
"2026-03-23","0.23.0","bandersnatch","bdist_wheel","false",1
"2026-03-23","0.23.0","bandersnatch","sdist","false",1
"2026-03-23","0.23.1","bandersnatch","bdist_wheel","false",1
"2026-03-23","0.23.1","bandersnatch","sdist","false",1
"2026-03-23","0.23.2","bandersnatch","bdist_wheel","false",1
"2026-03-23","0.23.2","bandersnatch","sdist","false",1
"2026-03-23","0.24.0","bandersnatch","bdist_wheel","false",3
"2026-03-23","0.24.0","bandersnatch","sdist","false",3
"2026-03-23","0.25.0","bandersnatch","bdist_wheel","false",3
"2026-03-23","0.25.0","bandersnatch","sdist","false",3
"2026-03-23","0.25.1","bandersnatch","bdist_wheel","false",3
"2026-03-23","0.25.1","bandersnatch","sdist","false",3
"2026-03-23","0.25.1","pip","bdist_wheel","false",2
"2026-03-23","0.25.1","uv","bdist_wheel","false",274
"2026-03-23","0.25.1","uv","bdist_wheel","true",16
"2026-03-24","0.16.2","Browser","sdist","false",1
"2026-03-24","0.18.0","bandersnatch","bdist_wheel","false",1
"2026-03-24","0.18.0","bandersnatch","sdist","false",1
"2026-03-24","0.19.0","bandersnatch","bdist_wheel","false",1
"2026-03-24","0.19.0","bandersnatch","sdist","false",1
"2026-03-24","0.19.1","bandersnatch","bdist_wheel","false",1
"2026-03-24","0.19.1","bandersnatch","sdist","false",1
"2026-03-24","0.19.2","bandersnatch","bdist_wheel","false",1
"2026-03-24","0.19.2","bandersnatch","sdist","false",1
"2026-03-24","0.20.0","bandersnatch","bdist_wheel","false",1
"2026-03-24","0.20.0","bandersnatch","sdist","false",1
"2026-03-24","0.21.0","Browser","bdist_wheel","false",1
"2026-03-24","0.21.0","bandersnatch","bdist_wheel","false",1
"2026-03-24","0.21.0","bandersnatch","sdist","false",1
"2026-03-24","0.21.1","bandersnatch","bdist_wheel","false",1
"2026-03-24","0.21.1","bandersnatch","sdist","false",1
"2026-03-24","0.21.2","bandersnatch","bdist_wheel","false",1
"2026-03-24","0.21.2","bandersnatch","sdist","false",1
"2026-03-24","0.22.0","bandersnatch","bdist_wheel","false",1
"2026-03-24","0.22.0","bandersnatch","sdist","false",1
"2026-03-24","0.22.1","bandersnatch","bdist_wheel","false",1
"2026-03-24","0.22.1","bandersnatch","sdist","false",1
"2026-03-24","0.22.2","bandersnatch","bdist_wheel","false",1
"2026-03-24","0.22.2","bandersnatch","sdist","false",1
"2026-03-24","0.22.3","bandersnatch","bdist_wheel","false",1
"2026-03-24","0.22.3","bandersnatch","sdist","false",1
"2026-03-24","0.22.4","bandersnatch","bdist_wheel","false",1
"2026-03-24","0.22.4","bandersnatch","sdist","false",1
"2026-03-24","0.23.0","bandersnatch","bdist_wheel","false",1
"2026-03-24","0.23.0","bandersnatch","sdist","false",1
"2026-03-24","0.23.1","bandersnatch","bdist_wheel","false",1
"2026-03-24","0.23.1","bandersnatch","sdist","false",1
"2026-03-24","0.23.1","uv","bdist_wheel","false",2
"2026-03-24","0.23.2","bandersnatch","bdist_wheel","false",1
"2026-03-24","0.23.2","bandersnatch","sdist","false",1
"2026-03-24","0.24.0","bandersnatch","bdist_wheel","false",2
"2026-03-24","0.24.0","bandersnatch","sdist","false",2
"2026-03-24","0.24.0","uv","bdist_wheel","false",1
"2026-03-24","0.25.0","","bdist_wheel","false",1
"2026-03-24","0.25.0","","sdist","false",1
"2026-03-24","0.25.0","bandersnatch","bdist_wheel","false",4
"2026-03-24","0.25.0","bandersnatch","sdist","false",4
"2026-03-24","0.25.0","pip","bdist_wheel","false",2
"2026-03-24","0.25.1","","bdist_wheel","false",1
"2026-03-24","0.25.1","","sdist","false",1
"2026-03-24","0.25.1","Browser","bdist_wheel","false",1
"2026-03-24","0.25.1","Browser","sdist","false",1
"2026-03-24","0.25.1","bandersnatch","bdist_wheel","false",4
"2026-03-24","0.25.1","bandersnatch","sdist","false",4
"2026-03-24","0.25.1","pip","bdist_wheel","false",11
"2026-03-24","0.25.1","uv","bdist_wheel","false",457
"2026-03-24","0.25.1","uv","bdist_wheel","true",41
"2026-03-24","0.5.0","Browser","sdist","false",2
"2026-03-25","0.1.10","Browser","sdist","false",1
"2026-03-25","0.1.8","Browser","sdist","false",1
"2026-03-25","0.18.0","Browser","bdist_wheel","false",1
"2026-03-25","0.22.2","bandersnatch","bdist_wheel","false",1
"2026-03-25","0.22.2","bandersnatch","sdist","false",1
"2026-03-25","0.22.3","bandersnatch","bdist_wheel","false",2
"2026-03-25","0.22.3","bandersnatch","sdist","false",2
"2026-03-25","0.22.4","bandersnatch","bdist_wheel","false",2
"2026-03-25","0.22.4","bandersnatch","sdist","false",2
"2026-03-25","0.23.0","","bdist_wheel","false",1
"2026-03-25","0.23.0","","sdist","false",1
"2026-03-25","0.23.0","bandersnatch","bdist_wheel","false",2
"2026-03-25","0.23.0","bandersnatch","sdist","false",2
"2026-03-25","0.23.1","bandersnatch","bdist_wheel","false",2
"2026-03-25","0.23.1","bandersnatch","sdist","false",2
"2026-03-25","0.23.1","uv","bdist_wheel","false",4
"2026-03-25","0.23.2","bandersnatch","bdist_wheel","false",2
"2026-03-25","0.23.2","bandersnatch","sdist","false",2
"2026-03-25","0.24.0","Browser","sdist","false",1
"2026-03-25","0.24.0","bandersnatch","bdist_wheel","false",2
"2026-03-25","0.24.0","bandersnatch","sdist","false",2
"2026-03-25","0.25.0","Browser","bdist_wheel","false",1
"2026-03-25","0.25.0","Browser","sdist","false",1
"2026-03-25","0.25.0","bandersnatch","bdist_wheel","false",2
"2026-03-25","0.25.0","bandersnatch","sdist","false",2
"2026-03-25","0.25.1","","bdist_wheel","false",1
"2026-03-25","0.25.1","","sdist","false",1
"2026-03-25","0.25.1","Browser","sdist","false",2
"2026-03-25","0.25.1","bandersnatch","bdist_wheel","false",3
"2026-03-25","0.25.1","bandersnatch","sdist","false",3
"2026-03-25","0.25.1","pip","bdist_wheel","false",4
"2026-03-25","0.25.1","uv","bdist_wheel","false",269
"2026-03-25","0.25.1","uv","bdist_wheel","true",97
"2026-03-25","0.9.0","Browser","bdist_wheel","false",1
"2026-03-26","0.17.0","Browser","bdist_wheel","false",1
"2026-03-26","0.17.2","Browser","bdist_wheel","false",1
"2026-03-26","0.19.1","Browser","bdist_wheel","false",1
"2026-03-26","0.20.0","Browser","sdist","false",1
"2026-03-26","0.21.2","Browser","bdist_wheel","false",1
"2026-03-26","0.22.1","","bdist_wheel","false",1
"2026-03-26","0.23.2","","sdist","false",10
"2026-03-26","0.25.0","","bdist_wheel","false",1
"2026-03-26","0.25.0","Browser","sdist","false",1
"2026-03-26","0.25.1","","bdist_wheel","false",1
"2026-03-26","0.25.1","pip","bdist_wheel","false",2
"2026-03-26","0.25.1","uv","bdist_wheel","false",214
"2026-03-26","0.25.1","uv","bdist_wheel","true",68
"2026-03-26","0.7.2","","bdist_wheel","false",1
"2026-03-27","0.0.1","","bdist_wheel","false",1
"2026-03-27","0.0.1","","sdist","false",1
"2026-03-27","0.0.1","Browser","bdist_wheel","false",1
"2026-03-27","0.0.1","Browser","sdist","false",1
"2026-03-27","0.1.1","","bdist_wheel","false",1
"2026-03-27","0.1.1","","sdist","false",1
"2026-03-27","0.1.10","","bdist_wheel","false",1
"2026-03-27","0.1.10","","sdist","false",1
"2026-03-27","0.1.10","Browser","sdist","false",1
"2026-03-27","0.1.11","","bdist_wheel","false",1
"2026-03-27","0.1.11","","sdist","false",1
"2026-03-27","0.1.11","Browser","sdist","false",1
"2026-03-27","0.1.2","","bdist_wheel","false",1
"2026-03-27","0.1.2","","sdist","false",1
"2026-03-27","0.1.3","","bdist_wheel","false",1
"2026-03-27","0.1.3","","sdist","false",1
"2026-03-27","0.1.4","","bdist_wheel","false",1
"2026-03-27","0.1.4","","sdist","false",1
"2026-03-27","0.1.5","","bdist_wheel","false",1
"2026-03-27","0.1.5","","sdist","false",1
"2026-03-27","0.1.6","","bdist_wheel","false",1
"2026-03-27","0.1.6","","sdist","false",1
"2026-03-27","0.1.7","","bdist_wheel","false",1
"2026-03-27","0.1.7","","sdist","false",1
"2026-03-27","0.1.8","","bdist_wheel","false",1
"2026-03-27","0.1.8","","sdist","false",1
"2026-03-27","0.1.9","","bdist_wheel","false",1
"2026-03-27","0.1.9","","sdist","false",1
"2026-03-27","0.1.9","Browser","sdist","false",1
"2026-03-27","0.10.0","","bdist_wheel","false",1
"2026-03-27","0.10.0","","sdist","false",1
"2026-03-27","0.10.0","Browser","sdist","false",1
"2026-03-27","0.10.1","","bdist_wheel","false",1
"2026-03-27","0.10.1","","sdist","false",1
"2026-03-27","0.10.2","","bdist_wheel","false",1
"2026-03-27","0.10.2","","sdist","false",1
"2026-03-27","0.10.3","","bdist_wheel","false",1
"2026-03-27","0.10.3","","sdist","false",1
"2026-03-27","0.11.0","","bdist_wheel","false",1
"2026-03-27","0.11.0","","sdist","false",1
"2026-03-27","0.11.1","","bdist_wheel","false",1
"2026-03-27","0.11.1","","sdist","false",1
"2026-03-27","0.11.2","","bdist_wheel","false",1
"2026-03-27","0.11.2","","sdist","false",1
"2026-03-27","0.11.3","","bdist_wheel","false",1
"2026-03-27","0.11.3","","sdist","false",1
"2026-03-27","0.12.0","","bdist_wheel","false",1
"2026-03-27","0.12.0","","sdist","false",1
"2026-03-27","0.12.0","Browser","sdist","false",1
"2026-03-27","0.12.1","","bdist_wheel","false",1
"2026-03-27","0.12.1","","sdist","false",1
"2026-03-27","0.13.0","","bdist_wheel","false",1
"2026-03-27","0.13.0","","sdist","false",1
"2026-03-27","0.13.1","","bdist_wheel","false",1
"2026-03-27","0.13.1","","sdist","false",1
"2026-03-27","0.13.2","","bdist_wheel","false",1
"2026-03-27","0.13.2","","sdist","false",1
"2026-03-27","0.14.0","","bdist_wheel","false",1
"2026-03-27","0.14.0","","sdist","false",1
"2026-03-27","0.14.1","","bdist_wheel","false",1
"2026-03-27","0.14.1","","sdist","false",1
"2026-03-27","0.15.0","","bdist_wheel","false",1
"2026-03-27","0.15.0","","sdist","false",1
"2026-03-27","0.16.0","","bdist_wheel","false",1
"2026-03-27","0.16.0","","sdist","false",1
"2026-03-27","0.16.1","","bdist_wheel","false",1
"2026-03-27","0.16.1","","sdist","false",1
"2026-03-27","0.16.2","","bdist_wheel","false",1
"2026-03-27","0.16.2","","sdist","false",1
"2026-03-27","0.17.0","","bdist_wheel","false",1
"2026-03-27","0.17.0","","sdist","false",1
"2026-03-27","0.17.1","","bdist_wheel","false",1
"2026-03-27","0.17.1","","sdist","false",1
"2026-03-27","0.17.2","","bdist_wheel","false",1
"2026-03-27","0.17.2","","sdist","false",1
"2026-03-27","0.18.0","","bdist_wheel","false",1
"2026-03-27","0.18.0","","sdist","false",1
"2026-03-27","0.19.0","","bdist_wheel","false",1
"2026-03-27","0.19.0","","sdist","false",1
"2026-03-27","0.19.1","","bdist_wheel","false",1
"2026-03-27","0.19.1","","sdist","false",1
"2026-03-27","0.19.2","","bdist_wheel","false",1
"2026-03-27","0.19.2","","sdist","false",1
"2026-03-27","0.19.2","Browser","bdist_wheel","false",1
"2026-03-27","0.2.0","","bdist_wheel","false",1
"2026-03-27","0.2.0","","sdist","false",1
"2026-03-27","0.2.0","Browser","sdist","false",1
"2026-03-27","0.20.0","","bdist_wheel","false",1
"2026-03-27","0.20.0","","sdist","false",1
"2026-03-27","0.21.0","","bdist_wheel","false",1
"2026-03-27","0.21.0","","sdist","false",1
"2026-03-27","0.21.1","","bdist_wheel","false",1
"2026-03-27","0.21.1","","sdist","false",1
"2026-03-27","0.21.2","","bdist_wheel","false",1
"2026-03-27","0.21.2","","sdist","false",1
"2026-03-27","0.22.0","","bdist_wheel","false",1
"2026-03-27","0.22.0","","sdist","false",1
"2026-03-27","0.22.1","","bdist_wheel","false",1
"2026-03-27","0.22.1","","sdist","false",1
"2026-03-27","0.22.2","","bdist_wheel","false",1
"2026-03-27","0.22.2","","sdist","false",1
"2026-03-27","0.22.3","","bdist_wheel","false",1
"2026-03-27","0.22.3","","sdist","false",1
"2026-03-27","0.22.4","","bdist_wheel","false",1
"2026-03-27","0.22.4","","sdist","false",1
"2026-03-27","0.23.0","","bdist_wheel","false",1
"2026-03-27","0.23.0","","sdist","false",1
"2026-03-27","0.23.1","","bdist_wheel","false",1
"2026-03-27","0.23.1","","sdist","false",1
"2026-03-27","0.23.2","","bdist_wheel","false",1
"2026-03-27","0.23.2","","sdist","false",1
"2026-03-27","0.24.0","","bdist_wheel","false",1
"2026-03-27","0.24.0","","sdist","false",1
"2026-03-27","0.25.0","","bdist_wheel","false",1
"2026-03-27","0.25.0","","sdist","false",1
"2026-03-27","0.25.0","Browser","sdist","false",2
"2026-03-27","0.25.1","","bdist_wheel","false",1
"2026-03-27","0.25.1","","sdist","false",1
"2026-03-27","0.25.1","pip","bdist_wheel","false",4
"2026-03-27","0.25.1","uv","bdist_wheel","false",746
"2026-03-27","0.25.1","uv","bdist_wheel","true",90
"2026-03-27","0.3.0","","bdist_wheel","false",1
"2026-03-27","0.3.0","","sdist","false",1
"2026-03-27","0.3.1","","bdist_wheel","false",1
"2026-03-27","0.3.1","","sdist","false",1
"2026-03-27","0.4.0","","bdist_wheel","false",1
"2026-03-27","0.4.0","","sdist","false",1
"2026-03-27","0.4.1","","bdist_wheel","false",1
"2026-03-27","0.4.1","","sdist","false",1
"2026-03-27","0.5.0","","bdist_wheel","false",1
"2026-03-27","0.5.0","","sdist","false",1
"2026-03-27","0.5.1","","bdist_wheel","false",1
"2026-03-27","0.5.1","","sdist","false",1
"2026-03-27","0.6.0","","bdist_wheel","false",1
"2026-03-27","0.6.0","","sdist","false",1
"2026-03-27","0.6.1","","bdist_wheel","false",1
"2026-03-27","0.6.1","","sdist","false",1
"2026-03-27","0.6.2","","bdist_wheel","false",1
"2026-03-27","0.6.2","","sdist","false",1
"2026-03-27","0.6.3","","bdist_wheel","false",1
"2026-03-27","0.6.3","","sdist","false",1
"2026-03-27","0.6.4","","bdist_wheel","false",1
"2026-03-27","0.6.4","","sdist","false",1
"2026-03-27","0.6.4","Browser","sdist","false",1
"2026-03-27","0.7.0","","bdist_wheel","false",1
"2026-03-27","0.7.0","","sdist","false",1
"2026-03-27","0.7.0","Browser","sdist","false",1
"2026-03-27","0.7.1","","bdist_wheel","false",1
"2026-03-27","0.7.1","","sdist","false",1
"2026-03-27","0.7.2","","bdist_wheel","false",1
"2026-03-27","0.7.2","","sdist","false",1
"2026-03-27","0.7.2","Browser","sdist","false",1
"2026-03-27","0.8.0","","bdist_wheel","false",1
"2026-03-27","0.8.0","","sdist","false",1
"2026-03-27","0.8.0","Browser","sdist","false",1
"2026-03-27","0.8.1","","bdist_wheel","false",1
"2026-03-27","0.8.1","","sdist","false",1
"2026-03-27","0.8.1","Browser","sdist","false",1
"2026-03-27","0.8.2","","bdist_wheel","false",1
"2026-03-27","0.8.2","","sdist","false",1
"2026-03-27","0.8.2","Browser","sdist","false",1
"2026-03-27","0.9.0","","bdist_wheel","false",1
"2026-03-27","0.9.0","","sdist","false",1
"2026-03-27","0.9.0","Browser","sdist","false",1
"2026-03-27","0.9.1","","bdist_wheel","false",1
"2026-03-27","0.9.1","","sdist","false",1
"2026-03-27","0.9.1","Browser","sdist","false",1
"2026-03-28","0.1.3","Browser","sdist","false",1
"2026-03-28","0.10.1","Browser","sdist","false",1
"2026-03-28","0.10.2","Browser","sdist","false",1
"2026-03-28","0.10.3","Browser","sdist","false",1
"2026-03-28","0.11.0","Browser","sdist","false",1
"2026-03-28","0.11.2","Browser","sdist","false",1
"2026-03-28","0.11.3","Browser","sdist","false",1
"2026-03-28","0.12.1","Browser","sdist","false",1
"2026-03-28","0.13.0","Browser","sdist","false",1
"2026-03-28","0.13.1","Browser","sdist","false",1
"2026-03-28","0.16.0","Browser","sdist","false",1
"2026-03-28","0.16.1","Browser","sdist","false",1
"2026-03-28","0.18.0","Browser","sdist","false",1
"2026-03-28","0.20.0","requests","sdist","false",8
"2026-03-28","0.21.1","Browser","bdist_wheel","false",1
"2026-03-28","0.23.2","Browser","bdist_wheel","false",1
"2026-03-28","0.24.0","Browser","bdist_wheel","false",1
"2026-03-28","0.24.0","Browser","sdist","false",1
"2026-03-28","0.24.0","bandersnatch","bdist_wheel","false",1
"2026-03-28","0.24.0","bandersnatch","sdist","false",1
"2026-03-28","0.25.0","Browser","bdist_wheel","false",2
"2026-03-28","0.25.0","bandersnatch","bdist_wheel","false",1
"2026-03-28","0.25.0","bandersnatch","sdist","false",1
"2026-03-28","0.25.1","Browser","bdist_wheel","false",4
"2026-03-28","0.25.1","Browser","sdist","false",3
"2026-03-28","0.25.1","bandersnatch","bdist_wheel","false",1
"2026-03-28","0.25.1","bandersnatch","sdist","false",1
"2026-03-28","0.25.1","uv","bdist_wheel","false",240
"2026-03-28","0.25.1","uv","bdist_wheel","true",18
"2026-03-28","0.3.0","Browser","sdist","false",1
"2026-03-28","0.3.1","Browser","sdist","false",1
"2026-03-28","0.4.0","Browser","sdist","false",2
"2026-03-28","0.4.1","Browser","sdist","false",1
"2026-03-28","0.5.0","Browser","sdist","false",1
"2026-03-28","0.5.1","Browser","sdist","false",1
"2026-03-28","0.6.0","Browser","sdist","false",1
"2026-03-28","0.6.1","Browser","sdist","false",1
"2026-03-28","0.6.2","Browser","sdist","false",1
"2026-03-28","0.6.3","Browser","sdist","false",1
"2026-03-28","0.7.1","Browser","sdist","false",1
"2026-03-29","0.0.1","bandersnatch","bdist_wheel","false",1
"2026-03-29","0.0.1","bandersnatch","sdist","false",1
"2026-03-29","0.1.1","bandersnatch","bdist_wheel","false",1
"2026-03-29","0.1.1","bandersnatch","sdist","false",1
"2026-03-29","0.1.10","bandersnatch","bdist_wheel","false",1
"2026-03-29","0.1.10","bandersnatch","sdist","false",1
"2026-03-29","0.1.11","bandersnatch","bdist_wheel","false",1
"2026-03-29","0.1.11","bandersnatch","sdist","false",1
"2026-03-29","0.1.2","bandersnatch","bdist_wheel","false",1
"2026-03-29","0.1.2","bandersnatch","sdist","false",1
"2026-03-29","0.1.3","bandersnatch","bdist_wheel","false",1
"2026-03-29","0.1.3","bandersnatch","sdist","false",1
"2026-03-29","0.1.3","uv","bdist_wheel","true",2
"2026-03-29","0.1.4","bandersnatch","bdist_wheel","false",1
"2026-03-29","0.1.4","bandersnatch","sdist","false",1
"2026-03-29","0.1.5","bandersnatch","bdist_wheel","false",1
"2026-03-29","0.1.5","bandersnatch","sdist","false",1
"2026-03-29","0.1.6","bandersnatch","bdist_wheel","false",1
"2026-03-29","0.1.6","bandersnatch","sdist","false",1
"2026-03-29","0.1.7","bandersnatch","bdist_wheel","false",1
"2026-03-29","0.1.7","bandersnatch","sdist","false",1
"2026-03-29","0.1.7","pip","bdist_wheel","false",2
"2026-03-29","0.1.8","bandersnatch","bdist_wheel","false",1
"2026-03-29","0.1.8","bandersnatch","sdist","false",1
"2026-03-29","0.1.9","bandersnatch","bdist_wheel","false",1
"2026-03-29","0.1.9","bandersnatch","sdist","false",1
"2026-03-29","0.10.0","bandersnatch","bdist_wheel","false",1
"2026-03-29","0.10.0","bandersnatch","sdist","false",1
"2026-03-29","0.10.1","bandersnatch","bdist_wheel","false",1
"2026-03-29","0.10.1","bandersnatch","sdist","false",1
"2026-03-29","0.10.2","bandersnatch","bdist_wheel","false",1
"2026-03-29","0.10.2","bandersnatch","sdist","false",1
"2026-03-29","0.10.3","bandersnatch","bdist_wheel","false",1
"2026-03-29","0.10.3","bandersnatch","sdist","false",1
"2026-03-29","0.11.0","bandersnatch","bdist_wheel","false",1
"2026-03-29","0.11.0","bandersnatch","sdist","false",1
"2026-03-29","0.11.1","bandersnatch","bdist_wheel","false",1
"2026-03-29","0.11.1","bandersnatch","sdist","false",1
"2026-03-29","0.11.2","bandersnatch","bdist_wheel","false",1
"2026-03-29","0.11.2","bandersnatch","sdist","false",1
"2026-03-29","0.11.3","bandersnatch","bdist_wheel","false",1
"2026-03-29","0.11.3","bandersnatch","sdist","false",1
"2026-03-29","0.12.0","bandersnatch","bdist_wheel","false",1
"2026-03-29","0.12.0","bandersnatch","sdist","false",1
"2026-03-29","0.12.1","bandersnatch","bdist_wheel","false",1
"2026-03-29","0.12.1","bandersnatch","sdist","false",1
"2026-03-29","0.13.0","bandersnatch","bdist_wheel","false",1
"2026-03-29","0.13.0","bandersnatch","sdist","false",1
"2026-03-29","0.13.1","bandersnatch","bdist_wheel","false",1
"2026-03-29","0.13.1","bandersnatch","sdist","false",1
"2026-03-29","0.13.2","Browser","sdist","false",1
"2026-03-29","0.13.2","bandersnatch","bdist_wheel","false",1
"2026-03-29","0.13.2","bandersnatch","sdist","false",1
"2026-03-29","0.14.0","Browser","sdist","false",1
"2026-03-29","0.14.0","bandersnatch","bdist_wheel","false",1
"2026-03-29","0.14.0","bandersnatch","sdist","false",1
"2026-03-29","0.14.1","Browser","sdist","false",1
"2026-03-29","0.14.1","bandersnatch","bdist_wheel","false",1
"2026-03-29","0.14.1","bandersnatch","sdist","false",1
"2026-03-29","0.15.0","Browser","sdist","false",1
"2026-03-29","0.15.0","bandersnatch","bdist_wheel","false",1
"2026-03-29","0.15.0","bandersnatch","sdist","false",1
"2026-03-29","0.16.0","bandersnatch","bdist_wheel","false",1
"2026-03-29","0.16.0","bandersnatch","sdist","false",1
"2026-03-29","0.16.1","bandersnatch","bdist_wheel","false",1
"2026-03-29","0.16.1","bandersnatch","sdist","false",1
"2026-03-29","0.16.2","Browser","sdist","false",1
"2026-03-29","0.16.2","bandersnatch","bdist_wheel","false",1
"2026-03-29","0.16.2","bandersnatch","sdist","false",1
"2026-03-29","0.17.0","Browser","sdist","false",1
"2026-03-29","0.17.0","bandersnatch","bdist_wheel","false",1
"2026-03-29","0.17.0","bandersnatch","sdist","false",1
"2026-03-29","0.17.1","Browser","sdist","false",1
"2026-03-29","0.17.1","bandersnatch","bdist_wheel","false",1
"2026-03-29","0.17.1","bandersnatch","sdist","false",1
"2026-03-29","0.17.2","Browser","sdist","false",1
"2026-03-29","0.17.2","bandersnatch","bdist_wheel","false",1
"2026-03-29","0.17.2","bandersnatch","sdist","false",1
"2026-03-29","0.18.0","bandersnatch","bdist_wheel","false",1
"2026-03-29","0.18.0","bandersnatch","sdist","false",1
"2026-03-29","0.19.0","bandersnatch","bdist_wheel","false",1
"2026-03-29","0.19.0","bandersnatch","sdist","false",1
"2026-03-29","0.19.1","bandersnatch","bdist_wheel","false",1
"2026-03-29","0.19.1","bandersnatch","sdist","false",1
"2026-03-29","0.19.2","Browser","sdist","false",1
"2026-03-29","0.19.2","bandersnatch","bdist_wheel","false",1
"2026-03-29","0.19.2","bandersnatch","sdist","false",1
"2026-03-29","0.2.0","bandersnatch","bdist_wheel","false",1
"2026-03-29","0.2.0","bandersnatch","sdist","false",1
"2026-03-29","0.20.0","bandersnatch","bdist_wheel","false",1
"2026-03-29","0.20.0","bandersnatch","sdist","false",1
"2026-03-29","0.21.0","bandersnatch","bdist_wheel","false",1
"2026-03-29","0.21.0","bandersnatch","sdist","false",1
"2026-03-29","0.21.1","bandersnatch","bdist_wheel","false",1
"2026-03-29","0.21.1","bandersnatch","sdist","false",1
"2026-03-29","0.21.2","bandersnatch","bdist_wheel","false",1
"2026-03-29","0.21.2","bandersnatch","sdist","false",1
"2026-03-29","0.22.0","bandersnatch","bdist_wheel","false",1
"2026-03-29","0.22.0","bandersnatch","sdist","false",1
"2026-03-29","0.22.1","bandersnatch","bdist_wheel","false",1
"2026-03-29","0.22.1","bandersnatch","sdist","false",1
"2026-03-29","0.22.2","bandersnatch","bdist_wheel","false",1
"2026-03-29","0.22.2","bandersnatch","sdist","false",1
"2026-03-29","0.22.3","bandersnatch","bdist_wheel","false",1
"2026-03-29","0.22.3","bandersnatch","sdist","false",1
"2026-03-29","0.22.4","bandersnatch","bdist_wheel","false",1
"2026-03-29","0.22.4","bandersnatch","sdist","false",1
"2026-03-29","0.22.4","uv","bdist_wheel","false",22
"2026-03-29","0.23.0","bandersnatch","bdist_wheel","false",1
"2026-03-29","0.23.0","bandersnatch","sdist","false",1
"2026-03-29","0.23.1","bandersnatch","bdist_wheel","false",1
"2026-03-29","0.23.1","bandersnatch","sdist","false",1
"2026-03-29","0.23.2","bandersnatch","bdist_wheel","false",1
"2026-03-29","0.23.2","bandersnatch","sdist","false",1
"2026-03-29","0.24.0","bandersnatch","bdist_wheel","false",2
"2026-03-29","0.24.0","bandersnatch","sdist","false",2
"2026-03-29","0.25.0","bandersnatch","bdist_wheel","false",3
"2026-03-29","0.25.0","bandersnatch","sdist","false",3
"2026-03-29","0.25.1","","sdist","false",1
"2026-03-29","0.25.1","Browser","bdist_wheel","false",1
"2026-03-29","0.25.1","Browser","sdist","false",1
"2026-03-29","0.25.1","bandersnatch","bdist_wheel","false",3
"2026-03-29","0.25.1","bandersnatch","sdist","false",3
"2026-03-29","0.25.1","pip","bdist_wheel","false",10
"2026-03-29","0.25.1","uv","bdist_wheel","false",111
"2026-03-29","0.25.1","uv","bdist_wheel","true",12
"2026-03-29","0.3.0","bandersnatch","bdist_wheel","false",1
"2026-03-29","0.3.0","bandersnatch","sdist","false",1
"2026-03-29","0.3.1","bandersnatch","bdist_wheel","false",1
"2026-03-29","0.3.1","bandersnatch","sdist","false",1
"2026-03-29","0.4.0","bandersnatch","bdist_wheel","false",1
"2026-03-29","0.4.0","bandersnatch","sdist","false",1
"2026-03-29","0.4.1","bandersnatch","bdist_wheel","false",1
"2026-03-29","0.4.1","bandersnatch","sdist","false",1
"2026-03-29","0.5.0","bandersnatch","bdist_wheel","false",1
"2026-03-29","0.5.0","bandersnatch","sdist","false",1
"2026-03-29","0.5.1","bandersnatch","bdist_wheel","false",1
"2026-03-29","0.5.1","bandersnatch","sdist","false",1
"2026-03-29","0.6.0","Browser","sdist","false",1
"2026-03-29","0.6.0","bandersnatch","bdist_wheel","false",1
"2026-03-29","0.6.0","bandersnatch","sdist","false",1
"2026-03-29","0.6.1","bandersnatch","bdist_wheel","false",1
"2026-03-29","0.6.1","bandersnatch","sdist","false",1
"2026-03-29","0.6.2","bandersnatch","bdist_wheel","false",1
"2026-03-29","0.6.2","bandersnatch","sdist","false",1
"2026-03-29","0.6.3","bandersnatch","bdist_wheel","false",1
"2026-03-29","0.6.3","bandersnatch","sdist","false",1
"2026-03-29","0.6.4","Browser","bdist_wheel","false",1
"2026-03-29","0.6.4","bandersnatch","bdist_wheel","false",1
"2026-03-29","0.6.4","bandersnatch","sdist","false",1
"2026-03-29","0.7.0","bandersnatch","bdist_wheel","false",1
"2026-03-29","0.7.0","bandersnatch","sdist","false",1
"2026-03-29","0.7.1","bandersnatch","bdist_wheel","false",1
"2026-03-29","0.7.1","bandersnatch","sdist","false",1
"2026-03-29","0.7.2","bandersnatch","bdist_wheel","false",1
"2026-03-29","0.7.2","bandersnatch","sdist","false",1
"2026-03-29","0.8.0","bandersnatch","bdist_wheel","false",1
"2026-03-29","0.8.0","bandersnatch","sdist","false",1
"2026-03-29","0.8.1","bandersnatch","bdist_wheel","false",1
"2026-03-29","0.8.1","bandersnatch","sdist","false",1
"2026-03-29","0.8.2","bandersnatch","bdist_wheel","false",1
"2026-03-29","0.8.2","bandersnatch","sdist","false",1
"2026-03-29","0.9.0","bandersnatch","bdist_wheel","false",1
"2026-03-29","0.9.0","bandersnatch","sdist","false",1
"2026-03-29","0.9.1","bandersnatch","bdist_wheel","false",1
"2026-03-29","0.9.1","bandersnatch","sdist","false",1
"2026-03-30","0.0.1","Browser","sdist","false",1
"2026-03-30","0.0.2","Browser","sdist","false",1
"2026-03-30","0.1.0","Browser","sdist","false",1
"2026-03-30","0.1.1","Browser","sdist","false",1
"2026-03-30","0.1.2","Browser","sdist","false",1
"2026-03-30","0.1.3","Browser","sdist","false",1
"2026-03-30","0.1.4","Browser","sdist","false",1
"2026-03-30","0.1.5","Browser","sdist","false",1
"2026-03-30","0.1.6","Browser","sdist","false",1
"2026-03-30","0.1.7","Browser","sdist","false",2
"2026-03-30","0.19.1","Browser","sdist","false",1
"2026-03-30","0.20.0","","sdist","false",1
"2026-03-30","0.20.0","Browser","sdist","false",2
"2026-03-30","0.22.4","uv","bdist_wheel","false",52
"2026-03-30","0.23.0","Browser","bdist_wheel","false",1
"2026-03-30","0.23.0","Browser","sdist","false",1
"2026-03-30","0.25.1","uv","bdist_wheel","false",295
"2026-03-30","0.25.1","uv","bdist_wheel","true",56
"2026-03-31","0.1.4","Browser","bdist_wheel","false",1
"2026-03-31","0.1.4","Browser","sdist","false",1
"2026-03-31","0.1.7","Browser","bdist_wheel","false",1
"2026-03-31","0.1.7","Browser","sdist","false",1
"2026-03-31","0.1.8","Browser","sdist","false",1
"2026-03-31","0.11.2","Browser","sdist","false",1
"2026-03-31","0.17.1","bandersnatch","bdist_wheel","false",1
"2026-03-31","0.17.1","bandersnatch","sdist","false",1
"2026-03-31","0.17.2","Browser","sdist","false",1
"2026-03-31","0.17.2","bandersnatch","bdist_wheel","false",1
"2026-03-31","0.17.2","bandersnatch","sdist","false",1
"2026-03-31","0.18.0","bandersnatch","bdist_wheel","false",1
"2026-03-31","0.18.0","bandersnatch","sdist","false",1
"2026-03-31","0.19.0","bandersnatch","bdist_wheel","false",1
"2026-03-31","0.19.0","bandersnatch","sdist","false",1
"2026-03-31","0.19.1","bandersnatch","bdist_wheel","false",1
"2026-03-31","0.19.1","bandersnatch","sdist","false",1
"2026-03-31","0.19.2","bandersnatch","bdist_wheel","false",1
"2026-03-31","0.19.2","bandersnatch","sdist","false",1
"2026-03-31","0.2.0","Browser","sdist","false",1
"2026-03-31","0.20.0","bandersnatch","bdist_wheel","false",1
"2026-03-31","0.20.0","bandersnatch","sdist","false",1
"2026-03-31","0.21.0","bandersnatch","bdist_wheel","false",1
"2026-03-31","0.21.0","bandersnatch","sdist","false",1
"2026-03-31","0.21.1","bandersnatch","bdist_wheel","false",1
"2026-03-31","0.21.1","bandersnatch","sdist","false",1
"2026-03-31","0.21.2","bandersnatch","bdist_wheel","false",1
"2026-03-31","0.21.2","bandersnatch","sdist","false",1
"2026-03-31","0.22.0","bandersnatch","bdist_wheel","false",1
"2026-03-31","0.22.0","bandersnatch","sdist","false",1
"2026-03-31","0.22.1","bandersnatch","bdist_wheel","false",1
"2026-03-31","0.22.1","bandersnatch","sdist","false",1
"2026-03-31","0.22.2","bandersnatch","bdist_wheel","false",1
"2026-03-31","0.22.2","bandersnatch","sdist","false",1
"2026-03-31","0.22.3","bandersnatch","bdist_wheel","false",1
"2026-03-31","0.22.3","bandersnatch","sdist","false",1
"2026-03-31","0.22.4","bandersnatch","bdist_wheel","false",1
"2026-03-31","0.22.4","bandersnatch","sdist","false",1
"2026-03-31","0.22.4","uv","bdist_wheel","false",22
"2026-03-31","0.23.0","bandersnatch","bdist_wheel","false",1
"2026-03-31","0.23.0","bandersnatch","sdist","false",1
"2026-03-31","0.23.1","bandersnatch","bdist_wheel","false",1
"2026-03-31","0.23.1","bandersnatch","sdist","false",1
"2026-03-31","0.23.2","","sdist","false",1
"2026-03-31","0.23.2","bandersnatch","bdist_wheel","false",1
"2026-03-31","0.23.2","bandersnatch","sdist","false",1
"2026-03-31","0.24.0","","sdist","false",1
"2026-03-31","0.24.0","bandersnatch","bdist_wheel","false",1
"2026-03-31","0.24.0","bandersnatch","sdist","false",1
"2026-03-31","0.24.0","pip","bdist_wheel","false",2
"2026-03-31","0.25.0","","sdist","false",1
"2026-03-31","0.25.0","bandersnatch","bdist_wheel","false",1
"2026-03-31","0.25.0","bandersnatch","sdist","false",1
"2026-03-31","0.25.1","","sdist","false",1
"2026-03-31","0.25.1","Browser","bdist_wheel","false",1
"2026-03-31","0.25.1","bandersnatch","bdist_wheel","false",1
"2026-03-31","0.25.1","bandersnatch","sdist","false",1
"2026-03-31","0.25.1","pip","bdist_wheel","false",4
"2026-03-31","0.25.1","uv","bdist_wheel","false",956
"2026-03-31","0.25.1","uv","bdist_wheel","true",80
"2026-03-31","0.5.0","Browser","bdist_wheel","false",1
"2026-03-31","0.6.1","Browser","bdist_wheel","false",1
"2026-03-31","0.6.1","Browser","sdist","false",1
"2026-04-01","0.0.1","","bdist_wheel","false",1
"2026-04-01","0.1.5","Browser","sdist","false",1
"2026-04-01","0.20.0","Browser","bdist_wheel","false",3
"2026-04-01","0.21.0","","sdist","false",1
"2026-04-01","0.23.1","uv","bdist_wheel","false",2
"2026-04-01","0.24.0","pip","bdist_wheel","false",11
"2026-04-01","0.25.1","pip","bdist_wheel","false",4
"2026-04-01","0.25.1","uv","bdist_wheel","false",170
"2026-04-01","0.25.1","uv","bdist_wheel","true",117
"2026-04-01","0.9.1","","bdist_wheel","false",1
"2026-04-01","0.9.1","requests","sdist","false",1
"2026-04-02","0.10.0","bandersnatch","bdist_wheel","false",1
"2026-04-02","0.10.0","bandersnatch","sdist","false",1
"2026-04-02","0.10.1","bandersnatch","bdist_wheel","false",1
"2026-04-02","0.10.1","bandersnatch","sdist","false",1
"2026-04-02","0.10.2","bandersnatch","bdist_wheel","false",1
"2026-04-02","0.10.2","bandersnatch","sdist","false",1
"2026-04-02","0.10.3","bandersnatch","bdist_wheel","false",1
"2026-04-02","0.10.3","bandersnatch","sdist","false",1
"2026-04-02","0.11.0","bandersnatch","bdist_wheel","false",1
"2026-04-02","0.11.0","bandersnatch","sdist","false",1
"2026-04-02","0.11.1","bandersnatch","bdist_wheel","false",1
"2026-04-02","0.11.1","bandersnatch","sdist","false",1
"2026-04-02","0.11.2","bandersnatch","bdist_wheel","false",1
"2026-04-02","0.11.2","bandersnatch","sdist","false",1
"2026-04-02","0.11.3","bandersnatch","bdist_wheel","false",1
"2026-04-02","0.11.3","bandersnatch","sdist","false",1
"2026-04-02","0.12.0","bandersnatch","bdist_wheel","false",1
"2026-04-02","0.12.0","bandersnatch","sdist","false",1
"2026-04-02","0.12.1","bandersnatch","bdist_wheel","false",1
"2026-04-02","0.12.1","bandersnatch","sdist","false",1
"2026-04-02","0.13.0","bandersnatch","bdist_wheel","false",1
"2026-04-02","0.13.0","bandersnatch","sdist","false",1
"2026-04-02","0.13.1","bandersnatch","bdist_wheel","false",1
"2026-04-02","0.13.1","bandersnatch","sdist","false",1
"2026-04-02","0.13.2","bandersnatch","bdist_wheel","false",1
"2026-04-02","0.13.2","bandersnatch","sdist","false",1
"2026-04-02","0.14.0","bandersnatch","bdist_wheel","false",1
"2026-04-02","0.14.0","bandersnatch","sdist","false",1
"2026-04-02","0.14.1","bandersnatch","bdist_wheel","false",1
"2026-04-02","0.14.1","bandersnatch","sdist","false",1
"2026-04-02","0.15.0","bandersnatch","bdist_wheel","false",1
"2026-04-02","0.15.0","bandersnatch","sdist","false",1
"2026-04-02","0.16.0","bandersnatch","bdist_wheel","false",1
"2026-04-02","0.16.0","bandersnatch","sdist","false",1
"2026-04-02","0.16.1","bandersnatch","bdist_wheel","false",1
"2026-04-02","0.16.1","bandersnatch","sdist","false",1
"2026-04-02","0.16.2","bandersnatch","bdist_wheel","false",1
"2026-04-02","0.16.2","bandersnatch","sdist","false",1
"2026-04-02","0.17.0","bandersnatch","bdist_wheel","false",1
"2026-04-02","0.17.0","bandersnatch","sdist","false",1
"2026-04-02","0.17.1","bandersnatch","bdist_wheel","false",1
"2026-04-02","0.17.1","bandersnatch","sdist","false",1
"2026-04-02","0.17.2","bandersnatch","bdist_wheel","false",1
"2026-04-02","0.17.2","bandersnatch","sdist","false",1
"2026-04-02","0.18.0","bandersnatch","bdist_wheel","false",1
"2026-04-02","0.18.0","bandersnatch","sdist","false",1
"2026-04-02","0.19.0","bandersnatch","bdist_wheel","false",1
"2026-04-02","0.19.0","bandersnatch","sdist","false",1
"2026-04-02","0.19.1","bandersnatch","bdist_wheel","false",1
"2026-04-02","0.19.1","bandersnatch","sdist","false",1
"2026-04-02","0.19.2","bandersnatch","bdist_wheel","false",1
"2026-04-02","0.19.2","bandersnatch","sdist","false",1
"2026-04-02","0.20.0","bandersnatch","bdist_wheel","false",1
"2026-04-02","0.20.0","bandersnatch","sdist","false",1
"2026-04-02","0.21.0","bandersnatch","bdist_wheel","false",1
"2026-04-02","0.21.0","bandersnatch","sdist","false",1
"2026-04-02","0.21.1","","sdist","false",1
"2026-04-02","0.21.1","bandersnatch","bdist_wheel","false",1
"2026-04-02","0.21.1","bandersnatch","sdist","false",1
"2026-04-02","0.21.2","","sdist","false",1
"2026-04-02","0.21.2","bandersnatch","bdist_wheel","false",1
"2026-04-02","0.21.2","bandersnatch","sdist","false",1
"2026-04-02","0.22.0","","sdist","false",1
"2026-04-02","0.22.0","bandersnatch","bdist_wheel","false",1
"2026-04-02","0.22.0","bandersnatch","sdist","false",1
"2026-04-02","0.22.1","bandersnatch","bdist_wheel","false",1
"2026-04-02","0.22.1","bandersnatch","sdist","false",1
"2026-04-02","0.22.2","bandersnatch","bdist_wheel","false",1
"2026-04-02","0.22.2","bandersnatch","sdist","false",1
"2026-04-02","0.22.3","bandersnatch","bdist_wheel","false",1
"2026-04-02","0.22.3","bandersnatch","sdist","false",1
"2026-04-02","0.22.4","bandersnatch","bdist_wheel","false",1
"2026-04-02","0.22.4","bandersnatch","sdist","false",1
"2026-04-02","0.22.4","uv","bdist_wheel","false",2
"2026-04-02","0.23.0","bandersnatch","bdist_wheel","false",1
"2026-04-02","0.23.0","bandersnatch","sdist","false",1
"2026-04-02","0.23.1","bandersnatch","bdist_wheel","false",2
"2026-04-02","0.23.1","bandersnatch","sdist","false",2
"2026-04-02","0.23.2","bandersnatch","bdist_wheel","false",2
"2026-04-02","0.23.2","bandersnatch","sdist","false",2
"2026-04-02","0.24.0","bandersnatch","bdist_wheel","false",1
"2026-04-02","0.24.0","bandersnatch","sdist","false",1
"2026-04-02","0.24.0","pip","bdist_wheel","false",3
"2026-04-02","0.25.0","bandersnatch","bdist_wheel","false",1
"2026-04-02","0.25.0","bandersnatch","sdist","false",1
"2026-04-02","0.25.1","bandersnatch","bdist_wheel","false",1
"2026-04-02","0.25.1","bandersnatch","sdist","false",1
"2026-04-02","0.25.1","pip","bdist_wheel","false",4
"2026-04-02","0.25.1","uv","bdist_wheel","false",397
"2026-04-02","0.25.1","uv","bdist_wheel","true",154
"2026-04-02","0.6.4","bandersnatch","bdist_wheel","false",1
"2026-04-02","0.6.4","bandersnatch","sdist","false",1
"2026-04-02","0.7.0","bandersnatch","bdist_wheel","false",1
"2026-04-02","0.7.0","bandersnatch","sdist","false",1
"2026-04-02","0.7.1","bandersnatch","bdist_wheel","false",1
"2026-04-02","0.7.1","bandersnatch","sdist","false",1
"2026-04-02","0.7.2","bandersnatch","bdist_wheel","false",1
"2026-04-02","0.7.2","bandersnatch","sdist","false",1
"2026-04-02","0.8.0","bandersnatch","bdist_wheel","false",1
"2026-04-02","0.8.0","bandersnatch","sdist","false",1
"2026-04-02","0.8.1","bandersnatch","bdist_wheel","false",1
"2026-04-02","0.8.1","bandersnatch","sdist","false",1
"2026-04-02","0.8.2","bandersnatch","bdist_wheel","false",1
"2026-04-02","0.8.2","bandersnatch","sdist","false",1
"2026-04-02","0.9.0","bandersnatch","bdist_wheel","false",1
"2026-04-02","0.9.0","bandersnatch","sdist","false",1
"2026-04-02","0.9.1","bandersnatch","bdist_wheel","false",1
"2026-04-02","0.9.1","bandersnatch","sdist","false",1
"2026-04-03","0.0.1","Browser","bdist_wheel","false",1
"2026-04-03","0.0.1","Browser","sdist","false",1
"2026-04-03","0.1.1","Browser","bdist_wheel","false",1
"2026-04-03","0.1.1","Browser","sdist","false",1
"2026-04-03","0.1.10","Browser","bdist_wheel","false",1
"2026-04-03","0.1.10","Browser","sdist","false",1
"2026-04-03","0.1.11","Browser","bdist_wheel","false",1
"2026-04-03","0.1.11","Browser","sdist","false",1
"2026-04-03","0.1.2","Browser","bdist_wheel","false",1
"2026-04-03","0.1.2","Browser","sdist","false",1
"2026-04-03","0.1.3","Browser","bdist_wheel","false",1
"2026-04-03","0.1.3","Browser","sdist","false",1
"2026-04-03","0.1.4","Browser","bdist_wheel","false",1
"2026-04-03","0.1.4","Browser","sdist","false",1
"2026-04-03","0.1.5","Browser","bdist_wheel","false",1
"2026-04-03","0.1.5","Browser","sdist","false",1
"2026-04-03","0.1.6","","bdist_wheel","false",1
"2026-04-03","0.1.6","Browser","sdist","false",1
"2026-04-03","0.1.7","Browser","bdist_wheel","false",1
"2026-04-03","0.1.7","Browser","sdist","false",1
"2026-04-03","0.1.8","Browser","bdist_wheel","false",1
"2026-04-03","0.1.8","Browser","sdist","false",1
"2026-04-03","0.1.9","Browser","bdist_wheel","false",1
"2026-04-03","0.1.9","Browser","sdist","false",1
"2026-04-03","0.10.0","Browser","sdist","false",1
"2026-04-03","0.19.0","Browser","sdist","false",1
"2026-04-03","0.19.1","Browser","sdist","false",1
"2026-04-03","0.2.0","Browser","bdist_wheel","false",1
"2026-04-03","0.2.0","Browser","sdist","false",1
"2026-04-03","0.22.0","Browser","bdist_wheel","false",1
"2026-04-03","0.22.1","","sdist","false",1
"2026-04-03","0.22.2","Browser","bdist_wheel","false",1
"2026-04-03","0.22.3","Browser","sdist","false",1
"2026-04-03","0.22.4","","bdist_wheel","false",2
"2026-04-03","0.22.4","","sdist","false",1
"2026-04-03","0.22.4","uv","bdist_wheel","false",10
"2026-04-03","0.23.0","","bdist_wheel","false",2
"2026-04-03","0.23.0","","sdist","false",1
"2026-04-03","0.23.1","","bdist_wheel","false",2
"2026-04-03","0.23.1","","sdist","false",1
"2026-04-03","0.23.2","","bdist_wheel","false",2
"2026-04-03","0.23.2","","sdist","false",1
"2026-04-03","0.24.0","","bdist_wheel","false",2
"2026-04-03","0.24.0","","sdist","false",1
"2026-04-03","0.25.0","","bdist_wheel","false",2
"2026-04-03","0.25.0","","sdist","false",1
"2026-04-03","0.25.1","","bdist_wheel","false",5
"2026-04-03","0.25.1","","sdist","false",1
"2026-04-03","0.25.1","uv","bdist_wheel","false",1194
"2026-04-03","0.25.1","uv","bdist_wheel","true",110
"2026-04-03","0.3.0","Browser","bdist_wheel","false",1
"2026-04-03","0.3.0","Browser","sdist","false",1
"2026-04-03","0.3.1","Browser","bdist_wheel","false",1
"2026-04-03","0.3.1","Browser","sdist","false",1
"2026-04-03","0.4.0","Browser","bdist_wheel","false",1
"2026-04-03","0.4.0","Browser","sdist","false",1
"2026-04-03","0.4.1","Browser","bdist_wheel","false",1
"2026-04-03","0.4.1","Browser","sdist","false",1
"2026-04-03","0.5.0","Browser","bdist_wheel","false",1
"2026-04-03","0.5.0","Browser","sdist","false",1
"2026-04-03","0.5.1","","sdist","false",1
"2026-04-03","0.5.1","Browser","bdist_wheel","false",1
"2026-04-03","0.6.0","Browser","bdist_wheel","false",2
"2026-04-03","0.6.0","Browser","sdist","false",2
"2026-04-03","0.6.1","Browser","bdist_wheel","false",1
"2026-04-03","0.6.1","Browser","sdist","false",1
"2026-04-03","0.6.2","Browser","bdist_wheel","false",1
"2026-04-03","0.6.2","Browser","sdist","false",1
"2026-04-03","0.6.3","Browser","bdist_wheel","false",1
"2026-04-03","0.6.3","Browser","sdist","false",1
"2026-04-03","0.6.4","Browser","bdist_wheel","false",1
"2026-04-03","0.6.4","Browser","sdist","false",1
"2026-04-03","0.7.0","Browser","bdist_wheel","false",1
"2026-04-03","0.7.0","Browser","sdist","false",1
"2026-04-03","0.7.1","Browser","bdist_wheel","false",1
"2026-04-03","0.7.1","Browser","sdist","false",1
"2026-04-03","0.7.2","Browser","bdist_wheel","false",1
"2026-04-03","0.7.2","Browser","sdist","false",1
"2026-04-04","0.1.7","pip","bdist_wheel","false",1
"2026-04-04","0.17.0","Browser","sdist","false",1
"2026-04-04","0.19.2","bandersnatch","bdist_wheel","false",1
"2026-04-04","0.19.2","bandersnatch","sdist","false",1
"2026-04-04","0.20.0","bandersnatch","bdist_wheel","false",1
"2026-04-04","0.20.0","bandersnatch","sdist","false",1
"2026-04-04","0.21.0","bandersnatch","bdist_wheel","false",1
"2026-04-04","0.21.0","bandersnatch","sdist","false",1
"2026-04-04","0.21.1","bandersnatch","bdist_wheel","false",1
"2026-04-04","0.21.1","bandersnatch","sdist","false",1
"2026-04-04","0.21.2","bandersnatch","bdist_wheel","false",1
"2026-04-04","0.21.2","bandersnatch","sdist","false",1
"2026-04-04","0.22.0","bandersnatch","bdist_wheel","false",1
"2026-04-04","0.22.0","bandersnatch","sdist","false",1
"2026-04-04","0.22.1","bandersnatch","bdist_wheel","false",1
"2026-04-04","0.22.1","bandersnatch","sdist","false",1
"2026-04-04","0.22.2","","sdist","false",1
"2026-04-04","0.22.2","bandersnatch","bdist_wheel","false",1
"2026-04-04","0.22.2","bandersnatch","sdist","false",1
"2026-04-04","0.22.3","bandersnatch","bdist_wheel","false",1
"2026-04-04","0.22.3","bandersnatch","sdist","false",1
"2026-04-04","0.22.4","bandersnatch","bdist_wheel","false",1
"2026-04-04","0.22.4","bandersnatch","sdist","false",1
"2026-04-04","0.22.4","uv","bdist_wheel","false",12
"2026-04-04","0.23.0","bandersnatch","bdist_wheel","false",1
"2026-04-04","0.23.0","bandersnatch","sdist","false",1
"2026-04-04","0.23.1","bandersnatch","bdist_wheel","false",1
"2026-04-04","0.23.1","bandersnatch","sdist","false",1
"2026-04-04","0.23.2","bandersnatch","bdist_wheel","false",1
"2026-04-04","0.23.2","bandersnatch","sdist","false",1
"2026-04-04","0.24.0","bandersnatch","bdist_wheel","false",3
"2026-04-04","0.24.0","bandersnatch","sdist","false",3
"2026-04-04","0.25.0","bandersnatch","bdist_wheel","false",3
"2026-04-04","0.25.0","bandersnatch","sdist","false",3
"2026-04-04","0.25.1","bandersnatch","bdist_wheel","false",3
"2026-04-04","0.25.1","bandersnatch","sdist","false",3
"2026-04-04","0.25.1","pip","bdist_wheel","false",8
"2026-04-04","0.25.1","uv","bdist_wheel","false",171
"2026-04-04","0.25.1","uv","bdist_wheel","true",66
"2026-04-05","0.1.11","Browser","sdist","false",1
"2026-04-05","0.1.3","uv","bdist_wheel","true",2
"2026-04-05","0.22.3","","sdist","false",2
"2026-04-05","0.22.4","","sdist","false",2
"2026-04-05","0.23.0","","sdist","false",1
"2026-04-05","0.23.1","","sdist","false",1
"2026-04-05","0.23.1","Browser","bdist_wheel","false",1
"2026-04-05","0.23.1","Browser","sdist","false",1
"2026-04-05","0.23.2","","sdist","false",1
"2026-04-05","0.24.0","","sdist","false",1
"2026-04-05","0.25.0","","sdist","false",1
"2026-04-05","0.25.1","","sdist","false",1
"2026-04-05","0.25.1","pip","bdist_wheel","false",5
"2026-04-05","0.25.1","requests","bdist_wheel","false",2
"2026-04-05","0.25.1","uv","bdist_wheel","false",286
"2026-04-05","0.25.1","uv","bdist_wheel","true",178
"2026-04-06","0.10.1","uv","bdist_wheel","false",1
"2026-04-06","0.10.2","uv","bdist_wheel","false",1
"2026-04-06","0.10.3","uv","bdist_wheel","false",1
"2026-04-06","0.11.0","uv","bdist_wheel","false",1
"2026-04-06","0.11.1","Browser","sdist","false",1
"2026-04-06","0.11.1","uv","bdist_wheel","false",1
"2026-04-06","0.11.2","uv","bdist_wheel","false",1
"2026-04-06","0.11.3","uv","bdist_wheel","false",1
"2026-04-06","0.12.0","uv","bdist_wheel","false",1
"2026-04-06","0.12.1","uv","bdist_wheel","false",1
"2026-04-06","0.13.0","uv","bdist_wheel","false",1
"2026-04-06","0.13.1","uv","bdist_wheel","false",1
"2026-04-06","0.13.2","uv","bdist_wheel","false",1
"2026-04-06","0.14.0","uv","bdist_wheel","false",1
"2026-04-06","0.14.1","uv","bdist_wheel","false",1
"2026-04-06","0.15.0","uv","bdist_wheel","false",1
"2026-04-06","0.16.0","uv","bdist_wheel","false",1
"2026-04-06","0.16.1","uv","bdist_wheel","false",2
"2026-04-06","0.16.2","uv","bdist_wheel","false",1
"2026-04-06","0.17.0","uv","bdist_wheel","false",1
"2026-04-06","0.17.1","uv","bdist_wheel","false",1
"2026-04-06","0.17.2","uv","bdist_wheel","false",1
"2026-04-06","0.18.0","uv","bdist_wheel","false",1
"2026-04-06","0.19.0","uv","bdist_wheel","false",1
"2026-04-06","0.19.1","uv","bdist_wheel","false",1
"2026-04-06","0.19.2","uv","bdist_wheel","false",1
"2026-04-06","0.20.0","uv","bdist_wheel","false",1
"2026-04-06","0.21.0","uv","bdist_wheel","false",1
"2026-04-06","0.21.1","uv","bdist_wheel","false",1
"2026-04-06","0.21.2","uv","bdist_wheel","false",1
"2026-04-06","0.22.0","uv","bdist_wheel","false",1
"2026-04-06","0.22.1","uv","bdist_wheel","false",1
"2026-04-06","0.22.2","uv","bdist_wheel","false",1
"2026-04-06","0.22.3","uv","bdist_wheel","false",1
"2026-04-06","0.22.4","Browser","bdist_wheel","false",1
"2026-04-06","0.22.4","uv","bdist_wheel","false",1
"2026-04-06","0.23.0","","sdist","false",1
"2026-04-06","0.23.0","uv","bdist_wheel","false",1
"2026-04-06","0.23.1","","sdist","false",1
"2026-04-06","0.23.1","uv","bdist_wheel","false",1
"2026-04-06","0.23.2","uv","bdist_wheel","false",1
"2026-04-06","0.24.0","uv","bdist_wheel","false",1
"2026-04-06","0.25.0","uv","bdist_wheel","false",1
"2026-04-06","0.25.1","","sdist","false",1
"2026-04-06","0.25.1","Browser","sdist","false",2
"2026-04-06","0.25.1","pip","bdist_wheel","false",6
"2026-04-06","0.25.1","uv","bdist_wheel","false",1089
"2026-04-06","0.25.1","uv","bdist_wheel","true",104
"2026-04-07","0.21.0","Browser","bdist_wheel","false",2
"2026-04-07","0.21.0","Browser","sdist","false",2
"2026-04-07","0.22.3","Browser","sdist","false",1
"2026-04-07","0.22.3","requests","bdist_wheel","false",1
"2026-04-07","0.22.3","requests","sdist","false",1
"2026-04-07","0.22.4","requests","bdist_wheel","false",1
"2026-04-07","0.22.4","requests","sdist","false",1
"2026-04-07","0.23.0","requests","bdist_wheel","false",1
"2026-04-07","0.23.0","requests","sdist","false",1
"2026-04-07","0.23.1","requests","bdist_wheel","false",1
"2026-04-07","0.23.1","requests","sdist","false",1
"2026-04-07","0.23.2","requests","bdist_wheel","false",1
"2026-04-07","0.23.2","requests","sdist","false",1
"2026-04-07","0.24.0","requests","bdist_wheel","false",1
"2026-04-07","0.24.0","requests","sdist","false",1
"2026-04-07","0.25.0","requests","bdist_wheel","false",1
"2026-04-07","0.25.0","requests","sdist","false",1
"2026-04-07","0.25.1","","bdist_wheel","false",1
"2026-04-07","0.25.1","pip","bdist_wheel","false",6
"2026-04-07","0.25.1","requests","bdist_wheel","false",1
"2026-04-07","0.25.1","requests","sdist","false",1
"2026-04-07","0.25.1","uv","bdist_wheel","false",1512
"2026-04-07","0.25.1","uv","bdist_wheel","true",62
"2026-04-08","0.0.1","bandersnatch","bdist_wheel","false",1
"2026-04-08","0.0.1","bandersnatch","sdist","false",1
"2026-04-08","0.1.1","bandersnatch","bdist_wheel","false",1
"2026-04-08","0.1.1","bandersnatch","sdist","false",1
"2026-04-08","0.1.10","Browser","sdist","false",1
"2026-04-08","0.1.10","bandersnatch","bdist_wheel","false",1
"2026-04-08","0.1.10","bandersnatch","sdist","false",1
"2026-04-08","0.1.11","bandersnatch","bdist_wheel","false",1
"2026-04-08","0.1.11","bandersnatch","sdist","false",1
"2026-04-08","0.1.2","bandersnatch","bdist_wheel","false",1
"2026-04-08","0.1.2","bandersnatch","sdist","false",1
"2026-04-08","0.1.3","bandersnatch","bdist_wheel","false",1
"2026-04-08","0.1.3","bandersnatch","sdist","false",1
"2026-04-08","0.1.4","bandersnatch","bdist_wheel","false",1
"2026-04-08","0.1.4","bandersnatch","sdist","false",1
"2026-04-08","0.1.5","bandersnatch","bdist_wheel","false",1
"2026-04-08","0.1.5","bandersnatch","sdist","false",1
"2026-04-08","0.1.6","bandersnatch","bdist_wheel","false",1
"2026-04-08","0.1.6","bandersnatch","sdist","false",1
"2026-04-08","0.1.7","bandersnatch","bdist_wheel","false",1
"2026-04-08","0.1.7","bandersnatch","sdist","false",1
"2026-04-08","0.1.8","Browser","sdist","false",1
"2026-04-08","0.1.8","bandersnatch","bdist_wheel","false",1
"2026-04-08","0.1.8","bandersnatch","sdist","false",1
"2026-04-08","0.1.9","bandersnatch","bdist_wheel","false",1
"2026-04-08","0.1.9","bandersnatch","sdist","false",1
"2026-04-08","0.10.0","bandersnatch","bdist_wheel","false",1
"2026-04-08","0.10.0","bandersnatch","sdist","false",1
"2026-04-08","0.10.1","bandersnatch","bdist_wheel","false",1
"2026-04-08","0.10.1","bandersnatch","sdist","false",1
"2026-04-08","0.10.2","bandersnatch","bdist_wheel","false",1
"2026-04-08","0.10.2","bandersnatch","sdist","false",1
"2026-04-08","0.10.3","bandersnatch","bdist_wheel","false",1
"2026-04-08","0.10.3","bandersnatch","sdist","false",1
"2026-04-08","0.11.0","bandersnatch","bdist_wheel","false",1
"2026-04-08","0.11.0","bandersnatch","sdist","false",1
"2026-04-08","0.11.1","bandersnatch","bdist_wheel","false",1
"2026-04-08","0.11.1","bandersnatch","sdist","false",1
"2026-04-08","0.11.2","bandersnatch","bdist_wheel","false",1
"2026-04-08","0.11.2","bandersnatch","sdist","false",1
"2026-04-08","0.11.3","bandersnatch","bdist_wheel","false",1
"2026-04-08","0.11.3","bandersnatch","sdist","false",1
"2026-04-08","0.12.0","bandersnatch","bdist_wheel","false",1
"2026-04-08","0.12.0","bandersnatch","sdist","false",1
"2026-04-08","0.12.1","bandersnatch","bdist_wheel","false",1
"2026-04-08","0.12.1","bandersnatch","sdist","false",1
"2026-04-08","0.13.0","bandersnatch","bdist_wheel","false",1
"2026-04-08","0.13.0","bandersnatch","sdist","false",1
"2026-04-08","0.13.1","bandersnatch","bdist_wheel","false",1
"2026-04-08","0.13.1","bandersnatch","sdist","false",1
"2026-04-08","0.13.2","bandersnatch","bdist_wheel","false",1
"2026-04-08","0.13.2","bandersnatch","sdist","false",1
"2026-04-08","0.14.0","bandersnatch","bdist_wheel","false",1
"2026-04-08","0.14.0","bandersnatch","sdist","false",1
"2026-04-08","0.14.1","bandersnatch","bdist_wheel","false",1
"2026-04-08","0.14.1","bandersnatch","sdist","false",1
"2026-04-08","0.15.0","bandersnatch","bdist_wheel","false",1
"2026-04-08","0.15.0","bandersnatch","sdist","false",1
"2026-04-08","0.16.0","bandersnatch","bdist_wheel","false",1
"2026-04-08","0.16.0","bandersnatch","sdist","false",1
"2026-04-08","0.16.1","bandersnatch","bdist_wheel","false",1
"2026-04-08","0.16.1","bandersnatch","sdist","false",1
"2026-04-08","0.16.2","bandersnatch","bdist_wheel","false",1
"2026-04-08","0.16.2","bandersnatch","sdist","false",1
"2026-04-08","0.17.0","bandersnatch","bdist_wheel","false",1
"2026-04-08","0.17.0","bandersnatch","sdist","false",1
"2026-04-08","0.17.1","bandersnatch","bdist_wheel","false",1
"2026-04-08","0.17.1","bandersnatch","sdist","false",1
"2026-04-08","0.17.2","bandersnatch","bdist_wheel","false",1
"2026-04-08","0.17.2","bandersnatch","sdist","false",1
"2026-04-08","0.18.0","Browser","sdist","false",1
"2026-04-08","0.18.0","bandersnatch","bdist_wheel","false",1
"2026-04-08","0.18.0","bandersnatch","sdist","false",1
"2026-04-08","0.19.0","bandersnatch","bdist_wheel","false",1
"2026-04-08","0.19.0","bandersnatch","sdist","false",1
"2026-04-08","0.19.1","bandersnatch","bdist_wheel","false",1
"2026-04-08","0.19.1","bandersnatch","sdist","false",1
"2026-04-08","0.19.2","","sdist","false",2
"2026-04-08","0.19.2","bandersnatch","bdist_wheel","false",1
"2026-04-08","0.19.2","bandersnatch","sdist","false",1
"2026-04-08","0.2.0","bandersnatch","bdist_wheel","false",1
"2026-04-08","0.2.0","bandersnatch","sdist","false",1
"2026-04-08","0.20.0","bandersnatch","bdist_wheel","false",1
"2026-04-08","0.20.0","bandersnatch","sdist","false",1
"2026-04-08","0.21.0","bandersnatch","bdist_wheel","false",1
"2026-04-08","0.21.0","bandersnatch","sdist","false",1
"2026-04-08","0.21.1","bandersnatch","bdist_wheel","false",1
"2026-04-08","0.21.1","bandersnatch","sdist","false",1
"2026-04-08","0.21.2","bandersnatch","bdist_wheel","false",1
"2026-04-08","0.21.2","bandersnatch","sdist","false",1
"2026-04-08","0.22.0","bandersnatch","bdist_wheel","false",1
"2026-04-08","0.22.0","bandersnatch","sdist","false",1
"2026-04-08","0.22.1","bandersnatch","bdist_wheel","false",1
"2026-04-08","0.22.1","bandersnatch","sdist","false",1
"2026-04-08","0.22.2","bandersnatch","bdist_wheel","false",1
"2026-04-08","0.22.2","bandersnatch","sdist","false",1
"2026-04-08","0.22.3","Browser","bdist_wheel","false",1
"2026-04-08","0.22.3","bandersnatch","bdist_wheel","false",1
"2026-04-08","0.22.3","bandersnatch","sdist","false",1
"2026-04-08","0.22.4","bandersnatch","bdist_wheel","false",1
"2026-04-08","0.22.4","bandersnatch","sdist","false",1
"2026-04-08","0.23.0","bandersnatch","bdist_wheel","false",1
"2026-04-08","0.23.0","bandersnatch","sdist","false",1
"2026-04-08","0.23.1","bandersnatch","bdist_wheel","false",1
"2026-04-08","0.23.1","bandersnatch","sdist","false",1
"2026-04-08","0.23.2","bandersnatch","bdist_wheel","false",1
"2026-04-08","0.23.2","bandersnatch","sdist","false",1
"2026-04-08","0.24.0","bandersnatch","bdist_wheel","false",1
"2026-04-08","0.24.0","bandersnatch","sdist","false",1
"2026-04-08","0.25.0","bandersnatch","bdist_wheel","false",1
"2026-04-08","0.25.0","bandersnatch","sdist","false",1
"2026-04-08","0.25.1","","bdist_wheel","false",1
"2026-04-08","0.25.1","","sdist","false",4
"2026-04-08","0.25.1","Browser","bdist_wheel","false",1
"2026-04-08","0.25.1","Browser","sdist","false",1
"2026-04-08","0.25.1","bandersnatch","bdist_wheel","false",2
"2026-04-08","0.25.1","bandersnatch","sdist","false",1
"2026-04-08","0.25.1","devpi","bdist_wheel","false",4
"2026-04-08","0.25.1","pip","bdist_wheel","false",4
"2026-04-08","0.25.1","uv","bdist_wheel","false",1324
"2026-04-08","0.25.1","uv","bdist_wheel","true",120
"2026-04-08","0.26.0","","bdist_wheel","false",25
"2026-04-08","0.26.0","","sdist","false",73
"2026-04-08","0.26.0","Browser","bdist_wheel","false",13
"2026-04-08","0.26.0","Browser","sdist","false",14
"2026-04-08","0.26.0","bandersnatch","bdist_wheel","false",6
"2026-04-08","0.26.0","bandersnatch","sdist","false",6
"2026-04-08","0.26.0","devpi","bdist_wheel","false",2
"2026-04-08","0.26.0","pip","bdist_wheel","false",9
"2026-04-08","0.26.0","pip","sdist","false",1
"2026-04-08","0.26.0","requests","bdist_wheel","false",11
"2026-04-08","0.26.0","requests","sdist","false",20
"2026-04-08","0.26.0","uv","bdist_wheel","false",779
"2026-04-08","0.26.0","uv","bdist_wheel","true",8
"2026-04-08","0.3.0","bandersnatch","bdist_wheel","false",1
"2026-04-08","0.3.0","bandersnatch","sdist","false",1
"2026-04-08","0.3.1","bandersnatch","bdist_wheel","false",1
"2026-04-08","0.3.1","bandersnatch","sdist","false",1
"2026-04-08","0.4.0","bandersnatch","bdist_wheel","false",1
"2026-04-08","0.4.0","bandersnatch","sdist","false",1
"2026-04-08","0.4.1","bandersnatch","bdist_wheel","false",1
"2026-04-08","0.4.1","bandersnatch","sdist","false",1
"2026-04-08","0.5.0","bandersnatch","bdist_wheel","false",1
"2026-04-08","0.5.0","bandersnatch","sdist","false",1
"2026-04-08","0.5.1","Browser","sdist","false",1
"2026-04-08","0.5.1","bandersnatch","bdist_wheel","false",1
"2026-04-08","0.5.1","bandersnatch","sdist","false",1
"2026-04-08","0.6.0","bandersnatch","bdist_wheel","false",1
"2026-04-08","0.6.0","bandersnatch","sdist","false",1
"2026-04-08","0.6.1","bandersnatch","bdist_wheel","false",1
"2026-04-08","0.6.1","bandersnatch","sdist","false",1
"2026-04-08","0.6.2","bandersnatch","bdist_wheel","false",1
"2026-04-08","0.6.2","bandersnatch","sdist","false",1
"2026-04-08","0.6.3","bandersnatch","bdist_wheel","false",1
"2026-04-08","0.6.3","bandersnatch","sdist","false",1
"2026-04-08","0.6.4","bandersnatch","bdist_wheel","false",1
"2026-04-08","0.6.4","bandersnatch","sdist","false",1
"2026-04-08","0.7.0","bandersnatch","bdist_wheel","false",1
"2026-04-08","0.7.0","bandersnatch","sdist","false",1
"2026-04-08","0.7.1","bandersnatch","bdist_wheel","false",1
"2026-04-08","0.7.1","bandersnatch","sdist","false",1
"2026-04-08","0.7.2","bandersnatch","bdist_wheel","false",1
"2026-04-08","0.7.2","bandersnatch","sdist","false",1
"2026-04-08","0.8.0","bandersnatch","bdist_wheel","false",1
"2026-04-08","0.8.0","bandersnatch","sdist","false",1
"2026-04-08","0.8.1","bandersnatch","bdist_wheel","false",1
"2026-04-08","0.8.1","bandersnatch","sdist","false",1
"2026-04-08","0.8.2","bandersnatch","bdist_wheel","false",1
"2026-04-08","0.8.2","bandersnatch","sdist","false",1
"2026-04-08","0.9.0","bandersnatch","bdist_wheel","false",1
"2026-04-08","0.9.0","bandersnatch","sdist","false",1
"2026-04-08","0.9.1","bandersnatch","bdist_wheel","false",1
"2026-04-08","0.9.1","bandersnatch","sdist","false",1
"2026-04-09","0.0.1","Browser","bdist_wheel","false",1
"2026-04-09","0.0.1","Browser","sdist","false",1
"2026-04-09","0.0.1","bandersnatch","bdist_wheel","false",1
"2026-04-09","0.0.1","bandersnatch","sdist","false",1
"2026-04-09","0.1.1","bandersnatch","bdist_wheel","false",1
"2026-04-09","0.1.1","bandersnatch","sdist","false",1
"2026-04-09","0.1.10","bandersnatch","bdist_wheel","false",1
"2026-04-09","0.1.10","bandersnatch","sdist","false",1
"2026-04-09","0.1.11","bandersnatch","bdist_wheel","false",1
"2026-04-09","0.1.11","bandersnatch","sdist","false",1
"2026-04-09","0.1.2","bandersnatch","bdist_wheel","false",1
"2026-04-09","0.1.2","bandersnatch","sdist","false",1
"2026-04-09","0.1.3","bandersnatch","bdist_wheel","false",1
"2026-04-09","0.1.3","bandersnatch","sdist","false",1
"2026-04-09","0.1.4","bandersnatch","bdist_wheel","false",1
"2026-04-09","0.1.4","bandersnatch","sdist","false",1
"2026-04-09","0.1.5","bandersnatch","bdist_wheel","false",1
"2026-04-09","0.1.5","bandersnatch","sdist","false",1
"2026-04-09","0.1.6","bandersnatch","bdist_wheel","false",1
"2026-04-09","0.1.6","bandersnatch","sdist","false",1
"2026-04-09","0.1.7","bandersnatch","bdist_wheel","false",1
"2026-04-09","0.1.7","bandersnatch","sdist","false",1
"2026-04-09","0.1.8","bandersnatch","bdist_wheel","false",1
"2026-04-09","0.1.8","bandersnatch","sdist","false",1
"2026-04-09","0.1.9","bandersnatch","bdist_wheel","false",1
"2026-04-09","0.1.9","bandersnatch","sdist","false",1
"2026-04-09","0.10.0","bandersnatch","bdist_wheel","false",1
"2026-04-09","0.10.0","bandersnatch","sdist","false",1
"2026-04-09","0.10.1","bandersnatch","bdist_wheel","false",1
"2026-04-09","0.10.1","bandersnatch","sdist","false",1
"2026-04-09","0.10.2","bandersnatch","bdist_wheel","false",1
"2026-04-09","0.10.2","bandersnatch","sdist","false",1
"2026-04-09","0.10.3","bandersnatch","bdist_wheel","false",1
"2026-04-09","0.10.3","bandersnatch","sdist","false",1
"2026-04-09","0.11.0","bandersnatch","bdist_wheel","false",1
"2026-04-09","0.11.0","bandersnatch","sdist","false",1
"2026-04-09","0.11.1","bandersnatch","bdist_wheel","false",1
"2026-04-09","0.11.1","bandersnatch","sdist","false",1
"2026-04-09","0.11.2","bandersnatch","bdist_wheel","false",1
"2026-04-09","0.11.2","bandersnatch","sdist","false",1
"2026-04-09","0.11.3","bandersnatch","bdist_wheel","false",1
"2026-04-09","0.11.3","bandersnatch","sdist","false",1
"2026-04-09","0.12.0","bandersnatch","bdist_wheel","false",1
"2026-04-09","0.12.0","bandersnatch","sdist","false",1
"2026-04-09","0.12.1","bandersnatch","bdist_wheel","false",1
"2026-04-09","0.12.1","bandersnatch","sdist","false",1
"2026-04-09","0.13.0","bandersnatch","bdist_wheel","false",1
"2026-04-09","0.13.0","bandersnatch","sdist","false",1
"2026-04-09","0.13.1","bandersnatch","bdist_wheel","false",1
"2026-04-09","0.13.1","bandersnatch","sdist","false",1
"2026-04-09","0.13.2","bandersnatch","bdist_wheel","false",1
"2026-04-09","0.13.2","bandersnatch","sdist","false",1
"2026-04-09","0.14.0","bandersnatch","bdist_wheel","false",1
"2026-04-09","0.14.0","bandersnatch","sdist","false",1
"2026-04-09","0.14.1","bandersnatch","bdist_wheel","false",1
"2026-04-09","0.14.1","bandersnatch","sdist","false",1
"2026-04-09","0.15.0","bandersnatch","bdist_wheel","false",1
"2026-04-09","0.15.0","bandersnatch","sdist","false",1
"2026-04-09","0.16.0","bandersnatch","bdist_wheel","false",1
"2026-04-09","0.16.0","bandersnatch","sdist","false",1
"2026-04-09","0.16.1","bandersnatch","bdist_wheel","false",1
"2026-04-09","0.16.1","bandersnatch","sdist","false",1
"2026-04-09","0.16.2","bandersnatch","bdist_wheel","false",1
"2026-04-09","0.16.2","bandersnatch","sdist","false",1
"2026-04-09","0.17.0","bandersnatch","bdist_wheel","false",1
"2026-04-09","0.17.0","bandersnatch","sdist","false",1
"2026-04-09","0.17.1","bandersnatch","bdist_wheel","false",1
"2026-04-09","0.17.1","bandersnatch","sdist","false",1
"2026-04-09","0.17.2","bandersnatch","bdist_wheel","false",1
"2026-04-09","0.17.2","bandersnatch","sdist","false",1
"2026-04-09","0.18.0","Browser","sdist","false",1
"2026-04-09","0.18.0","bandersnatch","bdist_wheel","false",1
"2026-04-09","0.18.0","bandersnatch","sdist","false",1
"2026-04-09","0.19.0","bandersnatch","bdist_wheel","false",1
"2026-04-09","0.19.0","bandersnatch","sdist","false",1
"2026-04-09","0.19.1","bandersnatch","bdist_wheel","false",1
"2026-04-09","0.19.1","bandersnatch","sdist","false",1
"2026-04-09","0.19.2","bandersnatch","bdist_wheel","false",1
"2026-04-09","0.19.2","bandersnatch","sdist","false",1
"2026-04-09","0.2.0","bandersnatch","bdist_wheel","false",1
"2026-04-09","0.2.0","bandersnatch","sdist","false",1
"2026-04-09","0.20.0","bandersnatch","bdist_wheel","false",1
"2026-04-09","0.20.0","bandersnatch","sdist","false",1
"2026-04-09","0.21.0","bandersnatch","bdist_wheel","false",1
"2026-04-09","0.21.0","bandersnatch","sdist","false",1
"2026-04-09","0.21.1","bandersnatch","bdist_wheel","false",1
"2026-04-09","0.21.1","bandersnatch","sdist","false",1
"2026-04-09","0.21.2","bandersnatch","bdist_wheel","false",1
"2026-04-09","0.21.2","bandersnatch","sdist","false",1
"2026-04-09","0.22.0","bandersnatch","bdist_wheel","false",1
"2026-04-09","0.22.0","bandersnatch","sdist","false",1
"2026-04-09","0.22.1","bandersnatch","bdist_wheel","false",1
"2026-04-09","0.22.1","bandersnatch","sdist","false",1
"2026-04-09","0.22.2","bandersnatch","bdist_wheel","false",1
"2026-04-09","0.22.2","bandersnatch","sdist","false",1
"2026-04-09","0.22.3","bandersnatch","bdist_wheel","false",1
"2026-04-09","0.22.3","bandersnatch","sdist","false",1
"2026-04-09","0.22.4","bandersnatch","bdist_wheel","false",1
"2026-04-09","0.22.4","bandersnatch","sdist","false",1
"2026-04-09","0.23.0","bandersnatch","bdist_wheel","false",1
"2026-04-09","0.23.0","bandersnatch","sdist","false",1
"2026-04-09","0.23.1","bandersnatch","bdist_wheel","false",1
"2026-04-09","0.23.1","bandersnatch","sdist","false",1
"2026-04-09","0.23.1","requests","bdist_wheel","false",1
"2026-04-09","0.23.2","bandersnatch","bdist_wheel","false",1
"2026-04-09","0.23.2","bandersnatch","sdist","false",1
"2026-04-09","0.24.0","bandersnatch","bdist_wheel","false",2
"2026-04-09","0.24.0","bandersnatch","sdist","false",2
"2026-04-09","0.24.0","uv","bdist_wheel","false",1
"2026-04-09","0.25.0","bandersnatch","bdist_wheel","false",2
"2026-04-09","0.25.0","bandersnatch","sdist","false",2
"2026-04-09","0.25.1","bandersnatch","bdist_wheel","false",2
"2026-04-09","0.25.1","bandersnatch","sdist","false",2
"2026-04-09","0.25.1","uv","bdist_wheel","true",106
"2026-04-09","0.26.0","","bdist_wheel","false",4
"2026-04-09","0.26.0","","sdist","false",4
"2026-04-09","0.26.0","Browser","bdist_wheel","false",3
"2026-04-09","0.26.0","Browser","sdist","false",1
"2026-04-09","0.26.0","bandersnatch","bdist_wheel","false",18
"2026-04-09","0.26.0","bandersnatch","sdist","false",18
"2026-04-09","0.26.0","requests","bdist_wheel","false",1
"2026-04-09","0.26.0","requests","sdist","false",3
"2026-04-09","0.26.0","uv","bdist_wheel","false",2392
"2026-04-09","0.26.0","uv","bdist_wheel","true",36
"2026-04-09","0.3.0","bandersnatch","bdist_wheel","false",1
"2026-04-09","0.3.0","bandersnatch","sdist","false",1
"2026-04-09","0.3.1","bandersnatch","bdist_wheel","false",1
"2026-04-09","0.3.1","bandersnatch","sdist","false",1
"2026-04-09","0.4.0","bandersnatch","bdist_wheel","false",1
"2026-04-09","0.4.0","bandersnatch","sdist","false",1
"2026-04-09","0.4.1","bandersnatch","bdist_wheel","false",1
"2026-04-09","0.4.1","bandersnatch","sdist","false",1
"2026-04-09","0.5.0","bandersnatch","bdist_wheel","false",1
"2026-04-09","0.5.0","bandersnatch","sdist","false",1
"2026-04-09","0.5.1","bandersnatch","bdist_wheel","false",1
"2026-04-09","0.5.1","bandersnatch","sdist","false",1
"2026-04-09","0.6.0","bandersnatch","bdist_wheel","false",1
"2026-04-09","0.6.0","bandersnatch","sdist","false",1
"2026-04-09","0.6.1","bandersnatch","bdist_wheel","false",1
"2026-04-09","0.6.1","bandersnatch","sdist","false",1
"2026-04-09","0.6.2","bandersnatch","bdist_wheel","false",1
"2026-04-09","0.6.2","bandersnatch","sdist","false",1
"2026-04-09","0.6.3","bandersnatch","bdist_wheel","false",1
"2026-04-09","0.6.3","bandersnatch","sdist","false",1
"2026-04-09","0.6.4","bandersnatch","bdist_wheel","false",1
"2026-04-09","0.6.4","bandersnatch","sdist","false",1
"2026-04-09","0.7.0","bandersnatch","bdist_wheel","false",1
"2026-04-09","0.7.0","bandersnatch","sdist","false",1
"2026-04-09","0.7.1","bandersnatch","bdist_wheel","false",1
"2026-04-09","0.7.1","bandersnatch","sdist","false",1
"2026-04-09","0.7.2","bandersnatch","bdist_wheel","false",1
"2026-04-09","0.7.2","bandersnatch","sdist","false",1
"2026-04-09","0.8.0","bandersnatch","bdist_wheel","false",1
"2026-04-09","0.8.0","bandersnatch","sdist","false",1
"2026-04-09","0.8.1","bandersnatch","bdist_wheel","false",1
"2026-04-09","0.8.1","bandersnatch","sdist","false",1
"2026-04-09","0.8.2","bandersnatch","bdist_wheel","false",1
"2026-04-09","0.8.2","bandersnatch","sdist","false",1
"2026-04-09","0.9.0","bandersnatch","bdist_wheel","false",1
"2026-04-09","0.9.0","bandersnatch","sdist","false",1
"2026-04-09","0.9.1","bandersnatch","bdist_wheel","false",1
"2026-04-09","0.9.1","bandersnatch","sdist","false",1
"2026-04-10","0.1.11","Browser","bdist_wheel","false",1
"2026-04-10","0.1.7","Browser","bdist_wheel","false",1
"2026-04-10","0.10.0","bandersnatch","bdist_wheel","false",1
"2026-04-10","0.10.0","bandersnatch","sdist","false",1
"2026-04-10","0.10.1","bandersnatch","bdist_wheel","false",1
"2026-04-10","0.10.1","bandersnatch","sdist","false",1
"2026-04-10","0.10.2","bandersnatch","bdist_wheel","false",1
"2026-04-10","0.10.2","bandersnatch","sdist","false",1
"2026-04-10","0.10.3","bandersnatch","bdist_wheel","false",1
"2026-04-10","0.10.3","bandersnatch","sdist","false",1
"2026-04-10","0.11.0","bandersnatch","bdist_wheel","false",1
"2026-04-10","0.11.0","bandersnatch","sdist","false",1
"2026-04-10","0.11.1","Browser","sdist","false",1
"2026-04-10","0.11.1","bandersnatch","bdist_wheel","false",1
"2026-04-10","0.11.1","bandersnatch","sdist","false",1
"2026-04-10","0.11.2","bandersnatch","bdist_wheel","false",1
"2026-04-10","0.11.2","bandersnatch","sdist","false",1
"2026-04-10","0.11.3","bandersnatch","bdist_wheel","false",1
"2026-04-10","0.11.3","bandersnatch","sdist","false",1
"2026-04-10","0.12.0","bandersnatch","bdist_wheel","false",1
"2026-04-10","0.12.0","bandersnatch","sdist","false",1
"2026-04-10","0.12.1","bandersnatch","bdist_wheel","false",1
"2026-04-10","0.12.1","bandersnatch","sdist","false",1
"2026-04-10","0.13.0","bandersnatch","bdist_wheel","false",1
"2026-04-10","0.13.0","bandersnatch","sdist","false",1
"2026-04-10","0.13.1","bandersnatch","bdist_wheel","false",1
"2026-04-10","0.13.1","bandersnatch","sdist","false",1
"2026-04-10","0.13.2","bandersnatch","bdist_wheel","false",1
"2026-04-10","0.13.2","bandersnatch","sdist","false",1
"2026-04-10","0.14.0","bandersnatch","bdist_wheel","false",1
"2026-04-10","0.14.0","bandersnatch","sdist","false",1
"2026-04-10","0.14.1","bandersnatch","bdist_wheel","false",1
"2026-04-10","0.14.1","bandersnatch","sdist","false",1
"2026-04-10","0.15.0","bandersnatch","bdist_wheel","false",1
"2026-04-10","0.15.0","bandersnatch","sdist","false",1
"2026-04-10","0.16.0","bandersnatch","bdist_wheel","false",1
"2026-04-10","0.16.0","bandersnatch","sdist","false",1
"2026-04-10","0.16.1","bandersnatch","bdist_wheel","false",1
"2026-04-10","0.16.1","bandersnatch","sdist","false",1
"2026-04-10","0.16.2","bandersnatch","bdist_wheel","false",1
"2026-04-10","0.16.2","bandersnatch","sdist","false",1
"2026-04-10","0.17.0","bandersnatch","bdist_wheel","false",1
"2026-04-10","0.17.0","bandersnatch","sdist","false",1
"2026-04-10","0.17.1","bandersnatch","bdist_wheel","false",1
"2026-04-10","0.17.1","bandersnatch","sdist","false",1
"2026-04-10","0.17.2","bandersnatch","bdist_wheel","false",1
"2026-04-10","0.17.2","bandersnatch","sdist","false",1
"2026-04-10","0.18.0","bandersnatch","bdist_wheel","false",1
"2026-04-10","0.18.0","bandersnatch","sdist","false",1
"2026-04-10","0.19.0","bandersnatch","bdist_wheel","false",1
"2026-04-10","0.19.0","bandersnatch","sdist","false",1
"2026-04-10","0.19.1","bandersnatch","bdist_wheel","false",1
"2026-04-10","0.19.1","bandersnatch","sdist","false",1
"2026-04-10","0.19.2","bandersnatch","bdist_wheel","false",1
"2026-04-10","0.19.2","bandersnatch","sdist","false",1
"2026-04-10","0.20.0","bandersnatch","bdist_wheel","false",1
"2026-04-10","0.20.0","bandersnatch","sdist","false",1
"2026-04-10","0.21.0","bandersnatch","bdist_wheel","false",1
"2026-04-10","0.21.0","bandersnatch","sdist","false",1
"2026-04-10","0.21.1","Browser","bdist_wheel","false",1
"2026-04-10","0.21.1","Browser","sdist","false",3
"2026-04-10","0.21.1","bandersnatch","bdist_wheel","false",1
"2026-04-10","0.21.1","bandersnatch","sdist","false",1
"2026-04-10","0.21.2","bandersnatch","bdist_wheel","false",1
"2026-04-10","0.21.2","bandersnatch","sdist","false",1
"2026-04-10","0.22.0","Browser","bdist_wheel","false",2
"2026-04-10","0.22.0","bandersnatch","bdist_wheel","false",1
"2026-04-10","0.22.0","bandersnatch","sdist","false",1
"2026-04-10","0.22.1","bandersnatch","bdist_wheel","false",1
"2026-04-10","0.22.1","bandersnatch","sdist","false",1
"2026-04-10","0.22.2","bandersnatch","bdist_wheel","false",1
"2026-04-10","0.22.2","bandersnatch","sdist","false",1
"2026-04-10","0.22.3","bandersnatch","bdist_wheel","false",1
"2026-04-10","0.22.3","bandersnatch","sdist","false",1
"2026-04-10","0.22.4","bandersnatch","bdist_wheel","false",1
"2026-04-10","0.22.4","bandersnatch","sdist","false",1
"2026-04-10","0.23.0","bandersnatch","bdist_wheel","false",1
"2026-04-10","0.23.0","bandersnatch","sdist","false",1
"2026-04-10","0.23.1","bandersnatch","bdist_wheel","false",1
"2026-04-10","0.23.1","bandersnatch","sdist","false",1
"2026-04-10","0.23.2","bandersnatch","bdist_wheel","false",1
"2026-04-10","0.23.2","bandersnatch","sdist","false",1
"2026-04-10","0.24.0","bandersnatch","bdist_wheel","false",1
"2026-04-10","0.24.0","bandersnatch","sdist","false",1
"2026-04-10","0.24.0","pip","bdist_wheel","false",22
"2026-04-10","0.25.0","bandersnatch","bdist_wheel","false",1
"2026-04-10","0.25.0","bandersnatch","sdist","false",1
"2026-04-10","0.25.1","Browser","sdist","false",1
"2026-04-10","0.25.1","bandersnatch","bdist_wheel","false",1
"2026-04-10","0.25.1","bandersnatch","sdist","false",1
"2026-04-10","0.25.1","uv","bdist_wheel","false",2
"2026-04-10","0.25.1","uv","bdist_wheel","true",174
"2026-04-10","0.26.0","","bdist_wheel","false",2
"2026-04-10","0.26.0","","sdist","false",3
"2026-04-10","0.26.0","Browser","bdist_wheel","false",3
"2026-04-10","0.26.0","Browser","sdist","false",4
"2026-04-10","0.26.0","bandersnatch","bdist_wheel","false",5
"2026-04-10","0.26.0","bandersnatch","sdist","false",5
"2026-04-10","0.26.0","pip","bdist_wheel","false",2
"2026-04-10","0.26.0","uv","bdist_wheel","false",649
"2026-04-10","0.26.0","uv","bdist_wheel","true",38
"2026-04-10","0.26.1","","bdist_wheel","false",25
"2026-04-10","0.26.1","","sdist","false",69
"2026-04-10","0.26.1","Browser","bdist_wheel","false",17
"2026-04-10","0.26.1","Browser","sdist","false",18
"2026-04-10","0.26.1","bandersnatch","bdist_wheel","false",16
"2026-04-10","0.26.1","bandersnatch","sdist","false",16
"2026-04-10","0.26.1","devpi","bdist_wheel","false",2
"2026-04-10","0.26.1","pip","bdist_wheel","false",9
"2026-04-10","0.26.1","pip","sdist","false",2
"2026-04-10","0.26.1","requests","bdist_wheel","false",8
"2026-04-10","0.26.1","requests","sdist","false",17
"2026-04-10","0.26.1","uv","bdist_wheel","false",615
"2026-04-10","0.26.1","uv","bdist_wheel","true",14
"2026-04-10","0.5.1","bandersnatch","bdist_wheel","false",1
"2026-04-10","0.5.1","bandersnatch","sdist","false",1
"2026-04-10","0.6.0","bandersnatch","bdist_wheel","false",1
"2026-04-10","0.6.0","bandersnatch","sdist","false",1
"2026-04-10","0.6.1","bandersnatch","bdist_wheel","false",1
"2026-04-10","0.6.1","bandersnatch","sdist","false",1
"2026-04-10","0.6.2","bandersnatch","bdist_wheel","false",1
"2026-04-10","0.6.2","bandersnatch","sdist","false",1
"2026-04-10","0.6.3","bandersnatch","bdist_wheel","false",1
"2026-04-10","0.6.3","bandersnatch","sdist","false",1
"2026-04-10","0.6.4","bandersnatch","bdist_wheel","false",1
"2026-04-10","0.6.4","bandersnatch","sdist","false",1
"2026-04-10","0.7.0","bandersnatch","bdist_wheel","false",1
"2026-04-10","0.7.0","bandersnatch","sdist","false",1
"2026-04-10","0.7.1","bandersnatch","bdist_wheel","false",1
"2026-04-10","0.7.1","bandersnatch","sdist","false",1
"2026-04-10","0.7.2","bandersnatch","bdist_wheel","false",1
"2026-04-10","0.7.2","bandersnatch","sdist","false",1
"2026-04-10","0.8.0","bandersnatch","bdist_wheel","false",1
"2026-04-10","0.8.0","bandersnatch","sdist","false",1
"2026-04-10","0.8.1","bandersnatch","bdist_wheel","false",1
"2026-04-10","0.8.1","bandersnatch","sdist","false",1
"2026-04-10","0.8.2","bandersnatch","bdist_wheel","false",1
"2026-04-10","0.8.2","bandersnatch","sdist","false",1
"2026-04-10","0.9.0","bandersnatch","bdist_wheel","false",1
"2026-04-10","0.9.0","bandersnatch","sdist","false",1
"2026-04-10","0.9.1","bandersnatch","bdist_wheel","false",1
"2026-04-10","0.9.1","bandersnatch","sdist","false",1
"2026-04-11","0.1.9","Browser","sdist","false",1
"2026-04-11","0.11.1","","bdist_wheel","false",1
"2026-04-11","0.17.2","Browser","sdist","false",1
"2026-04-11","0.18.0","requests","bdist_wheel","false",1
"2026-04-11","0.18.0","requests","sdist","false",1
"2026-04-11","0.22.0","Browser","bdist_wheel","false",2
"2026-04-11","0.22.1","Browser","bdist_wheel","false",2
"2026-04-11","0.22.1","Browser","sdist","false",2
"2026-04-11","0.24.0","pip","bdist_wheel","false",12
"2026-04-11","0.25.0","bandersnatch","bdist_wheel","false",1
"2026-04-11","0.25.0","bandersnatch","sdist","false",1
"2026-04-11","0.25.1","bandersnatch","bdist_wheel","false",1
"2026-04-11","0.25.1","bandersnatch","sdist","false",1
"2026-04-11","0.25.1","uv","bdist_wheel","true",44
"2026-04-11","0.26.0","","bdist_wheel","false",1
"2026-04-11","0.26.0","bandersnatch","bdist_wheel","false",3
"2026-04-11","0.26.0","bandersnatch","sdist","false",3
"2026-04-11","0.26.1","","bdist_wheel","false",2
"2026-04-11","0.26.1","","sdist","false",2
"2026-04-11","0.26.1","Browser","bdist_wheel","false",1
"2026-04-11","0.26.1","Browser","sdist","false",1
"2026-04-11","0.26.1","bandersnatch","bdist_wheel","false",8
"2026-04-11","0.26.1","bandersnatch","sdist","false",8
"2026-04-11","0.26.1","pip","bdist_wheel","false",2
"2026-04-11","0.26.1","requests","bdist_wheel","false",1
"2026-04-11","0.26.1","requests","sdist","false",2
"2026-04-11","0.26.1","uv","bdist_wheel","false",1252
"2026-04-11","0.26.1","uv","bdist_wheel","true",6
"2026-04-12","0.1.10","Browser","bdist_wheel","false",1
"2026-04-12","0.1.5","Browser","bdist_wheel","false",1
"2026-04-12","0.1.8","Browser","bdist_wheel","false",1
"2026-04-12","0.1.9","Browser","bdist_wheel","false",1
"2026-04-12","0.16.0","bandersnatch","bdist_wheel","false",1
"2026-04-12","0.16.0","bandersnatch","sdist","false",1
"2026-04-12","0.16.1","bandersnatch","bdist_wheel","false",1
"2026-04-12","0.16.1","bandersnatch","sdist","false",1
"2026-04-12","0.16.2","bandersnatch","bdist_wheel","false",1
"2026-04-12","0.16.2","bandersnatch","sdist","false",1
"2026-04-12","0.17.0","bandersnatch","bdist_wheel","false",1
"2026-04-12","0.17.0","bandersnatch","sdist","false",1
"2026-04-12","0.17.1","bandersnatch","bdist_wheel","false",1
"2026-04-12","0.17.1","bandersnatch","sdist","false",1
"2026-04-12","0.17.2","Browser","bdist_wheel","false",1
"2026-04-12","0.17.2","bandersnatch","bdist_wheel","false",1
"2026-04-12","0.17.2","bandersnatch","sdist","false",1
"2026-04-12","0.18.0","Browser","bdist_wheel","false",1
"2026-04-12","0.18.0","bandersnatch","bdist_wheel","false",1
"2026-04-12","0.18.0","bandersnatch","sdist","false",1
"2026-04-12","0.19.0","bandersnatch","bdist_wheel","false",1
"2026-04-12","0.19.0","bandersnatch","sdist","false",1
"2026-04-12","0.19.1","bandersnatch","bdist_wheel","false",1
"2026-04-12","0.19.1","bandersnatch","sdist","false",1
"2026-04-12","0.19.2","bandersnatch","bdist_wheel","false",1
"2026-04-12","0.19.2","bandersnatch","sdist","false",1
"2026-04-12","0.20.0","bandersnatch","bdist_wheel","false",1
"2026-04-12","0.20.0","bandersnatch","sdist","false",1
"2026-04-12","0.21.0","bandersnatch","bdist_wheel","false",1
"2026-04-12","0.21.0","bandersnatch","sdist","false",1
"2026-04-12","0.21.1","bandersnatch","bdist_wheel","false",1
"2026-04-12","0.21.1","bandersnatch","sdist","false",1
"2026-04-12","0.21.2","bandersnatch","bdist_wheel","false",1
"2026-04-12","0.21.2","bandersnatch","sdist","false",1
"2026-04-12","0.22.0","bandersnatch","bdist_wheel","false",1
"2026-04-12","0.22.0","bandersnatch","sdist","false",1
"2026-04-12","0.22.1","bandersnatch","bdist_wheel","false",1
"2026-04-12","0.22.1","bandersnatch","sdist","false",1
"2026-04-12","0.22.2","bandersnatch","bdist_wheel","false",1
"2026-04-12","0.22.2","bandersnatch","sdist","false",1
"2026-04-12","0.22.3","bandersnatch","bdist_wheel","false",1
"2026-04-12","0.22.3","bandersnatch","sdist","false",1
"2026-04-12","0.22.4","bandersnatch","bdist_wheel","false",1
"2026-04-12","0.22.4","bandersnatch","sdist","false",1
"2026-04-12","0.23.0","bandersnatch","bdist_wheel","false",1
"2026-04-12","0.23.0","bandersnatch","sdist","false",1
"2026-04-12","0.23.1","bandersnatch","bdist_wheel","false",1
"2026-04-12","0.23.1","bandersnatch","sdist","false",1
"2026-04-12","0.23.2","bandersnatch","bdist_wheel","false",1
"2026-04-12","0.23.2","bandersnatch","sdist","false",1
"2026-04-12","0.24.0","bandersnatch","bdist_wheel","false",1
"2026-04-12","0.24.0","bandersnatch","sdist","false",1
"2026-04-12","0.24.0","pip","bdist_wheel","false",15
"2026-04-12","0.25.0","bandersnatch","bdist_wheel","false",1
"2026-04-12","0.25.0","bandersnatch","sdist","false",1
"2026-04-12","0.25.1","Browser","sdist","false",1
"2026-04-12","0.25.1","bandersnatch","bdist_wheel","false",1
"2026-04-12","0.25.1","bandersnatch","sdist","false",1
"2026-04-12","0.25.1","uv","bdist_wheel","false",4
"2026-04-12","0.25.1","uv","bdist_wheel","true",136
"2026-04-12","0.26.0","Browser","bdist_wheel","false",1
"2026-04-12","0.26.0","Browser","sdist","false",1
"2026-04-12","0.26.0","Nexus","bdist_wheel","false",1
"2026-04-12","0.26.0","Nexus","sdist","false",1
"2026-04-12","0.26.0","bandersnatch","bdist_wheel","false",2
"2026-04-12","0.26.0","bandersnatch","sdist","false",2
"2026-04-12","0.26.0","uv","bdist_wheel","false",2
"2026-04-12","0.26.1","","bdist_wheel","false",1
"2026-04-12","0.26.1","Browser","bdist_wheel","false",2
"2026-04-12","0.26.1","Browser","sdist","false",2
"2026-04-12","0.26.1","Nexus","bdist_wheel","false",1
"2026-04-12","0.26.1","Nexus","sdist","false",1
"2026-04-12","0.26.1","bandersnatch","bdist_wheel","false",7
"2026-04-12","0.26.1","bandersnatch","sdist","false",7
"2026-04-12","0.26.1","pip","bdist_wheel","false",12
"2026-04-12","0.26.1","poetry","bdist_wheel","false",1
"2026-04-12","0.26.1","requests","bdist_wheel","false",1
"2026-04-12","0.26.1","uv","bdist_wheel","false",1099
"2026-04-12","0.26.1","uv","bdist_wheel","true",2
"2026-04-12","0.5.1","Browser","bdist_wheel","false",1
"2026-04-12","0.6.0","Browser","bdist_wheel","false",1
"2026-04-13","0.0.1","Browser","bdist_wheel","false",1
"2026-04-13","0.0.1","Browser","sdist","false",1
"2026-04-13","0.0.1","bandersnatch","bdist_wheel","false",1
"2026-04-13","0.0.1","bandersnatch","sdist","false",1
"2026-04-13","0.1.1","Browser","bdist_wheel","false",1
"2026-04-13","0.1.1","Browser","sdist","false",1
"2026-04-13","0.1.1","bandersnatch","bdist_wheel","false",1
"2026-04-13","0.1.1","bandersnatch","sdist","false",1
"2026-04-13","0.1.10","Browser","bdist_wheel","false",1
"2026-04-13","0.1.10","Browser","sdist","false",1
"2026-04-13","0.1.10","bandersnatch","bdist_wheel","false",1
"2026-04-13","0.1.10","bandersnatch","sdist","false",1
"2026-04-13","0.1.11","Browser","bdist_wheel","false",1
"2026-04-13","0.1.11","Browser","sdist","false",1
"2026-04-13","0.1.11","bandersnatch","bdist_wheel","false",1
"2026-04-13","0.1.11","bandersnatch","sdist","false",1
"2026-04-13","0.1.2","Browser","bdist_wheel","false",1
"2026-04-13","0.1.2","Browser","sdist","false",1
"2026-04-13","0.1.2","bandersnatch","bdist_wheel","false",1
"2026-04-13","0.1.2","bandersnatch","sdist","false",1
"2026-04-13","0.1.3","Browser","bdist_wheel","false",1
"2026-04-13","0.1.3","Browser","sdist","false",1
"2026-04-13","0.1.3","bandersnatch","bdist_wheel","false",1
"2026-04-13","0.1.3","bandersnatch","sdist","false",1
"2026-04-13","0.1.4","Browser","bdist_wheel","false",1
"2026-04-13","0.1.4","Browser","sdist","false",1
"2026-04-13","0.1.4","bandersnatch","bdist_wheel","false",1
"2026-04-13","0.1.4","bandersnatch","sdist","false",1
"2026-04-13","0.1.5","Browser","bdist_wheel","false",1
"2026-04-13","0.1.5","Browser","sdist","false",1
"2026-04-13","0.1.5","bandersnatch","bdist_wheel","false",1
"2026-04-13","0.1.5","bandersnatch","sdist","false",1
"2026-04-13","0.1.6","Browser","bdist_wheel","false",1
"2026-04-13","0.1.6","Browser","sdist","false",1
"2026-04-13","0.1.6","bandersnatch","bdist_wheel","false",1
"2026-04-13","0.1.6","bandersnatch","sdist","false",1
"2026-04-13","0.1.7","Browser","bdist_wheel","false",1
"2026-04-13","0.1.7","Browser","sdist","false",1
"2026-04-13","0.1.7","bandersnatch","bdist_wheel","false",1
"2026-04-13","0.1.7","bandersnatch","sdist","false",1
"2026-04-13","0.1.8","Browser","bdist_wheel","false",1
"2026-04-13","0.1.8","Browser","sdist","false",1
"2026-04-13","0.1.8","bandersnatch","bdist_wheel","false",1
"2026-04-13","0.1.8","bandersnatch","sdist","false",1
"2026-04-13","0.1.9","Browser","bdist_wheel","false",1
"2026-04-13","0.1.9","Browser","sdist","false",1
"2026-04-13","0.1.9","bandersnatch","bdist_wheel","false",1
"2026-04-13","0.1.9","bandersnatch","sdist","false",1
"2026-04-13","0.10.0","bandersnatch","bdist_wheel","false",1
"2026-04-13","0.10.0","bandersnatch","sdist","false",1
"2026-04-13","0.10.1","bandersnatch","bdist_wheel","false",1
"2026-04-13","0.10.1","bandersnatch","sdist","false",1
"2026-04-13","0.10.2","bandersnatch","bdist_wheel","false",1
"2026-04-13","0.10.2","bandersnatch","sdist","false",1
"2026-04-13","0.10.3","bandersnatch","bdist_wheel","false",1
"2026-04-13","0.10.3","bandersnatch","sdist","false",1
"2026-04-13","0.11.0","bandersnatch","bdist_wheel","false",1
"2026-04-13","0.11.0","bandersnatch","sdist","false",1
"2026-04-13","0.11.1","bandersnatch","bdist_wheel","false",1
"2026-04-13","0.11.1","bandersnatch","sdist","false",1
"2026-04-13","0.11.2","bandersnatch","bdist_wheel","false",1
"2026-04-13","0.11.2","bandersnatch","sdist","false",1
"2026-04-13","0.11.3","bandersnatch","bdist_wheel","false",1
"2026-04-13","0.11.3","bandersnatch","sdist","false",1
"2026-04-13","0.12.0","bandersnatch","bdist_wheel","false",1
"2026-04-13","0.12.0","bandersnatch","sdist","false",1
"2026-04-13","0.12.1","bandersnatch","bdist_wheel","false",1
"2026-04-13","0.12.1","bandersnatch","sdist","false",1
"2026-04-13","0.13.0","bandersnatch","bdist_wheel","false",1
"2026-04-13","0.13.0","bandersnatch","sdist","false",1
"2026-04-13","0.13.1","bandersnatch","bdist_wheel","false",1
"2026-04-13","0.13.1","bandersnatch","sdist","false",1
"2026-04-13","0.13.2","bandersnatch","bdist_wheel","false",1
"2026-04-13","0.13.2","bandersnatch","sdist","false",1
"2026-04-13","0.14.0","bandersnatch","bdist_wheel","false",1
"2026-04-13","0.14.0","bandersnatch","sdist","false",1
"2026-04-13","0.14.1","bandersnatch","bdist_wheel","false",1
"2026-04-13","0.14.1","bandersnatch","sdist","false",1
"2026-04-13","0.15.0","bandersnatch","bdist_wheel","false",1
"2026-04-13","0.15.0","bandersnatch","sdist","false",1
"2026-04-13","0.16.0","bandersnatch","bdist_wheel","false",1
"2026-04-13","0.16.0","bandersnatch","sdist","false",1
"2026-04-13","0.16.1","bandersnatch","bdist_wheel","false",1
"2026-04-13","0.16.1","bandersnatch","sdist","false",1
"2026-04-13","0.16.2","bandersnatch","bdist_wheel","false",1
"2026-04-13","0.16.2","bandersnatch","sdist","false",1
"2026-04-13","0.17.0","bandersnatch","bdist_wheel","false",1
"2026-04-13","0.17.0","bandersnatch","sdist","false",2
"2026-04-13","0.17.1","bandersnatch","bdist_wheel","false",1
"2026-04-13","0.17.1","bandersnatch","sdist","false",1
"2026-04-13","0.17.2","bandersnatch","bdist_wheel","false",1
"2026-04-13","0.17.2","bandersnatch","sdist","false",1
"2026-04-13","0.18.0","bandersnatch","bdist_wheel","false",1
"2026-04-13","0.18.0","bandersnatch","sdist","false",1
"2026-04-13","0.19.0","bandersnatch","bdist_wheel","false",1
"2026-04-13","0.19.0","bandersnatch","sdist","false",1
"2026-04-13","0.19.1","bandersnatch","bdist_wheel","false",1
"2026-04-13","0.19.1","bandersnatch","sdist","false",1
"2026-04-13","0.19.2","bandersnatch","bdist_wheel","false",1
"2026-04-13","0.19.2","bandersnatch","sdist","false",1
"2026-04-13","0.2.0","Browser","bdist_wheel","false",1
"2026-04-13","0.2.0","Browser","sdist","false",1
"2026-04-13","0.2.0","bandersnatch","bdist_wheel","false",1
"2026-04-13","0.2.0","bandersnatch","sdist","false",1
"2026-04-13","0.20.0","bandersnatch","bdist_wheel","false",1
"2026-04-13","0.20.0","bandersnatch","sdist","false",1
"2026-04-13","0.21.0","Browser","sdist","false",1
"2026-04-13","0.21.0","bandersnatch","bdist_wheel","false",1
"2026-04-13","0.21.0","bandersnatch","sdist","false",1
"2026-04-13","0.21.1","bandersnatch","bdist_wheel","false",1
"2026-04-13","0.21.1","bandersnatch","sdist","false",1
"2026-04-13","0.21.2","bandersnatch","bdist_wheel","false",1
"2026-04-13","0.21.2","bandersnatch","sdist","false",1
"2026-04-13","0.22.0","Browser","sdist","false",2
"2026-04-13","0.22.0","bandersnatch","bdist_wheel","false",1
"2026-04-13","0.22.0","bandersnatch","sdist","false",1
"2026-04-13","0.22.1","bandersnatch","bdist_wheel","false",1
"2026-04-13","0.22.1","bandersnatch","sdist","false",1
"2026-04-13","0.22.2","Browser","sdist","false",4
"2026-04-13","0.22.2","bandersnatch","bdist_wheel","false",2
"2026-04-13","0.22.2","bandersnatch","sdist","false",2
"2026-04-13","0.22.3","bandersnatch","bdist_wheel","false",2
"2026-04-13","0.22.3","bandersnatch","sdist","false",2
"2026-04-13","0.22.4","bandersnatch","bdist_wheel","false",2
"2026-04-13","0.22.4","bandersnatch","sdist","false",2
"2026-04-13","0.23.0","bandersnatch","bdist_wheel","false",2
"2026-04-13","0.23.0","bandersnatch","sdist","false",2
"2026-04-13","0.23.1","bandersnatch","bdist_wheel","false",2
"2026-04-13","0.23.1","bandersnatch","sdist","false",2
"2026-04-13","0.23.2","bandersnatch","bdist_wheel","false",2
"2026-04-13","0.23.2","bandersnatch","sdist","false",2
"2026-04-13","0.24.0","bandersnatch","bdist_wheel","false",2
"2026-04-13","0.24.0","bandersnatch","sdist","false",2
"2026-04-13","0.24.0","pip","bdist_wheel","false",12
"2026-04-13","0.25.0","bandersnatch","bdist_wheel","false",2
"2026-04-13","0.25.0","bandersnatch","sdist","false",2
"2026-04-13","0.25.1","Browser","sdist","false",1
"2026-04-13","0.25.1","bandersnatch","bdist_wheel","false",2
"2026-04-13","0.25.1","bandersnatch","sdist","false",2
"2026-04-13","0.25.1","uv","bdist_wheel","false",2
"2026-04-13","0.25.1","uv","bdist_wheel","true",74
"2026-04-13","0.26.0","Browser","bdist_wheel","false",1
"2026-04-13","0.26.0","Browser","sdist","false",1
"2026-04-13","0.26.0","bandersnatch","bdist_wheel","false",5
"2026-04-13","0.26.0","bandersnatch","sdist","false",5
"2026-04-13","0.26.0","uv","bdist_wheel","false",1
"2026-04-13","0.26.1","","bdist_wheel","false",2
"2026-04-13","0.26.1","","sdist","false",1
"2026-04-13","0.26.1","bandersnatch","bdist_wheel","false",7
"2026-04-13","0.26.1","bandersnatch","sdist","false",7
"2026-04-13","0.26.1","pip","bdist_wheel","false",2
"2026-04-13","0.26.1","uv","bdist_wheel","false",2552
"2026-04-13","0.26.1","uv","bdist_wheel","true",42
"2026-04-13","0.3.0","Browser","bdist_wheel","false",1
"2026-04-13","0.3.0","Browser","sdist","false",1
"2026-04-13","0.3.0","bandersnatch","bdist_wheel","false",1
"2026-04-13","0.3.0","bandersnatch","sdist","false",1
"2026-04-13","0.3.1","Browser","bdist_wheel","false",1
"2026-04-13","0.3.1","Browser","sdist","false",1
"2026-04-13","0.3.1","bandersnatch","bdist_wheel","false",1
"2026-04-13","0.3.1","bandersnatch","sdist","false",1
"2026-04-13","0.4.0","Browser","bdist_wheel","false",1
"2026-04-13","0.4.0","Browser","sdist","false",1
"2026-04-13","0.4.0","bandersnatch","bdist_wheel","false",1
"2026-04-13","0.4.0","bandersnatch","sdist","false",1
"2026-04-13","0.4.1","Browser","bdist_wheel","false",1
"2026-04-13","0.4.1","Browser","sdist","false",1
"2026-04-13","0.4.1","bandersnatch","bdist_wheel","false",1
"2026-04-13","0.4.1","bandersnatch","sdist","false",1
"2026-04-13","0.5.0","Browser","bdist_wheel","false",1
"2026-04-13","0.5.0","Browser","sdist","false",1
"2026-04-13","0.5.0","bandersnatch","bdist_wheel","false",1
"2026-04-13","0.5.0","bandersnatch","sdist","false",1
"2026-04-13","0.5.1","Browser","bdist_wheel","false",1
"2026-04-13","0.5.1","Browser","sdist","false",1
"2026-04-13","0.5.1","bandersnatch","bdist_wheel","false",1
"2026-04-13","0.5.1","bandersnatch","sdist","false",1
"2026-04-13","0.6.0","Browser","bdist_wheel","false",1
"2026-04-13","0.6.0","Browser","sdist","false",1
"2026-04-13","0.6.0","bandersnatch","bdist_wheel","false",1
"2026-04-13","0.6.0","bandersnatch","sdist","false",1
"2026-04-13","0.6.1","Browser","bdist_wheel","false",1
"2026-04-13","0.6.1","Browser","sdist","false",1
"2026-04-13","0.6.1","bandersnatch","bdist_wheel","false",1
"2026-04-13","0.6.1","bandersnatch","sdist","false",1
"2026-04-13","0.6.2","Browser","bdist_wheel","false",1
"2026-04-13","0.6.2","Browser","sdist","false",1
"2026-04-13","0.6.2","bandersnatch","bdist_wheel","false",1
"2026-04-13","0.6.2","bandersnatch","sdist","false",1
"2026-04-13","0.6.3","Browser","bdist_wheel","false",1
"2026-04-13","0.6.3","Browser","sdist","false",1
"2026-04-13","0.6.3","bandersnatch","bdist_wheel","false",1
"2026-04-13","0.6.3","bandersnatch","sdist","false",1
"2026-04-13","0.6.4","Browser","bdist_wheel","false",1
"2026-04-13","0.6.4","Browser","sdist","false",1
"2026-04-13","0.6.4","bandersnatch","bdist_wheel","false",1
"2026-04-13","0.6.4","bandersnatch","sdist","false",1
"2026-04-13","0.7.0","Browser","bdist_wheel","false",1
"2026-04-13","0.7.0","Browser","sdist","false",1
"2026-04-13","0.7.0","bandersnatch","bdist_wheel","false",1
"2026-04-13","0.7.0","bandersnatch","sdist","false",1
"2026-04-13","0.7.1","Browser","bdist_wheel","false",1
"2026-04-13","0.7.1","Browser","sdist","false",1
"2026-04-13","0.7.1","bandersnatch","bdist_wheel","false",1
"2026-04-13","0.7.1","bandersnatch","sdist","false",1
"2026-04-13","0.7.2","Browser","bdist_wheel","false",1
"2026-04-13","0.7.2","Browser","sdist","false",1
"2026-04-13","0.7.2","bandersnatch","bdist_wheel","false",1
"2026-04-13","0.7.2","bandersnatch","sdist","false",1
"2026-04-13","0.8.0","Browser","bdist_wheel","false",1
"2026-04-13","0.8.0","Browser","sdist","false",1
"2026-04-13","0.8.0","bandersnatch","bdist_wheel","false",1
"2026-04-13","0.8.0","bandersnatch","sdist","false",1
"2026-04-13","0.8.1","Browser","bdist_wheel","false",1
"2026-04-13","0.8.1","Browser","sdist","false",1
"2026-04-13","0.8.1","bandersnatch","bdist_wheel","false",1
"2026-04-13","0.8.1","bandersnatch","sdist","false",1
"2026-04-13","0.8.2","Browser","bdist_wheel","false",1
"2026-04-13","0.8.2","Browser","sdist","false",1
"2026-04-13","0.8.2","bandersnatch","bdist_wheel","false",1
"2026-04-13","0.8.2","bandersnatch","sdist","false",1
"2026-04-13","0.9.0","bandersnatch","bdist_wheel","false",1
"2026-04-13","0.9.0","bandersnatch","sdist","false",1
"2026-04-13","0.9.1","bandersnatch","bdist_wheel","false",1
"2026-04-13","0.9.1","bandersnatch","sdist","false",1
"2026-04-14","0.0.1","Browser","bdist_wheel","false",1
"2026-04-14","0.0.1","Browser","sdist","false",1
"2026-04-14","0.0.1","bandersnatch","bdist_wheel","false",2
"2026-04-14","0.0.1","bandersnatch","sdist","false",2
"2026-04-14","0.1.1","Browser","bdist_wheel","false",2
"2026-04-14","0.1.1","Browser","sdist","false",2
"2026-04-14","0.1.1","bandersnatch","bdist_wheel","false",2
"2026-04-14","0.1.1","bandersnatch","sdist","false",2
"2026-04-14","0.1.10","Browser","bdist_wheel","false",1
"2026-04-14","0.1.10","Browser","sdist","false",1
"2026-04-14","0.1.10","bandersnatch","bdist_wheel","false",2
"2026-04-14","0.1.10","bandersnatch","sdist","false",2
"2026-04-14","0.1.11","Browser","bdist_wheel","false",1
"2026-04-14","0.1.11","Browser","sdist","false",1
"2026-04-14","0.1.11","bandersnatch","bdist_wheel","false",2
"2026-04-14","0.1.11","bandersnatch","sdist","false",2
"2026-04-14","0.1.2","Browser","bdist_wheel","false",1
"2026-04-14","0.1.2","Browser","sdist","false",1
"2026-04-14","0.1.2","bandersnatch","bdist_wheel","false",2
"2026-04-14","0.1.2","bandersnatch","sdist","false",2
"2026-04-14","0.1.3","Browser","bdist_wheel","false",1
"2026-04-14","0.1.3","Browser","sdist","false",1
"2026-04-14","0.1.3","bandersnatch","bdist_wheel","false",2
"2026-04-14","0.1.3","bandersnatch","sdist","false",2
"2026-04-14","0.1.4","Browser","bdist_wheel","false",2
"2026-04-14","0.1.4","Browser","sdist","false",2
"2026-04-14","0.1.4","bandersnatch","bdist_wheel","false",2
"2026-04-14","0.1.4","bandersnatch","sdist","false",2
"2026-04-14","0.1.5","Browser","bdist_wheel","false",1
"2026-04-14","0.1.5","Browser","sdist","false",1
"2026-04-14","0.1.5","bandersnatch","bdist_wheel","false",2
"2026-04-14","0.1.5","bandersnatch","sdist","false",2
"2026-04-14","0.1.6","Browser","bdist_wheel","false",1
"2026-04-14","0.1.6","Browser","sdist","false",1
"2026-04-14","0.1.6","bandersnatch","bdist_wheel","false",2
"2026-04-14","0.1.6","bandersnatch","sdist","false",2
"2026-04-14","0.1.7","Browser","bdist_wheel","false",1
"2026-04-14","0.1.7","Browser","sdist","false",1
"2026-04-14","0.1.7","bandersnatch","bdist_wheel","false",2
"2026-04-14","0.1.7","bandersnatch","sdist","false",2
"2026-04-14","0.1.8","Browser","bdist_wheel","false",1
"2026-04-14","0.1.8","Browser","sdist","false",1
"2026-04-14","0.1.8","bandersnatch","bdist_wheel","false",2
"2026-04-14","0.1.8","bandersnatch","sdist","false",2
"2026-04-14","0.1.9","Browser","bdist_wheel","false",1
"2026-04-14","0.1.9","Browser","sdist","false",1
"2026-04-14","0.1.9","bandersnatch","bdist_wheel","false",2
"2026-04-14","0.1.9","bandersnatch","sdist","false",2
"2026-04-14","0.10.0","bandersnatch","bdist_wheel","false",2
"2026-04-14","0.10.0","bandersnatch","sdist","false",2
"2026-04-14","0.10.1","bandersnatch","bdist_wheel","false",2
"2026-04-14","0.10.1","bandersnatch","sdist","false",2
"2026-04-14","0.10.2","bandersnatch","bdist_wheel","false",2
"2026-04-14","0.10.2","bandersnatch","sdist","false",2
"2026-04-14","0.10.3","bandersnatch","bdist_wheel","false",2
"2026-04-14","0.10.3","bandersnatch","sdist","false",2
"2026-04-14","0.11.0","bandersnatch","bdist_wheel","false",2
"2026-04-14","0.11.0","bandersnatch","sdist","false",2
"2026-04-14","0.11.1","bandersnatch","bdist_wheel","false",2
"2026-04-14","0.11.1","bandersnatch","sdist","false",2
"2026-04-14","0.11.2","bandersnatch","bdist_wheel","false",2
"2026-04-14","0.11.2","bandersnatch","sdist","false",2
"2026-04-14","0.11.3","bandersnatch","bdist_wheel","false",2
"2026-04-14","0.11.3","bandersnatch","sdist","false",2
"2026-04-14","0.12.0","bandersnatch","bdist_wheel","false",2
"2026-04-14","0.12.0","bandersnatch","sdist","false",2
"2026-04-14","0.12.1","bandersnatch","bdist_wheel","false",2
"2026-04-14","0.12.1","bandersnatch","sdist","false",2
"2026-04-14","0.13.0","bandersnatch","bdist_wheel","false",2
"2026-04-14","0.13.0","bandersnatch","sdist","false",2
"2026-04-14","0.13.1","bandersnatch","bdist_wheel","false",2
"2026-04-14","0.13.1","bandersnatch","sdist","false",2
"2026-04-14","0.13.2","bandersnatch","bdist_wheel","false",2
"2026-04-14","0.13.2","bandersnatch","sdist","false",2
"2026-04-14","0.14.0","bandersnatch","bdist_wheel","false",2
"2026-04-14","0.14.0","bandersnatch","sdist","false",2
"2026-04-14","0.14.1","bandersnatch","bdist_wheel","false",2
"2026-04-14","0.14.1","bandersnatch","sdist","false",2
"2026-04-14","0.15.0","bandersnatch","bdist_wheel","false",2
"2026-04-14","0.15.0","bandersnatch","sdist","false",2
"2026-04-14","0.16.0","bandersnatch","bdist_wheel","false",2
"2026-04-14","0.16.0","bandersnatch","sdist","false",2
"2026-04-14","0.16.1","bandersnatch","bdist_wheel","false",2
"2026-04-14","0.16.1","bandersnatch","sdist","false",2
"2026-04-14","0.16.2","bandersnatch","bdist_wheel","false",2
"2026-04-14","0.16.2","bandersnatch","sdist","false",2
"2026-04-14","0.17.0","bandersnatch","bdist_wheel","false",2
"2026-04-14","0.17.0","bandersnatch","sdist","false",2
"2026-04-14","0.17.1","bandersnatch","bdist_wheel","false",2
"2026-04-14","0.17.1","bandersnatch","sdist","false",2
"2026-04-14","0.17.2","bandersnatch","bdist_wheel","false",2
"2026-04-14","0.17.2","bandersnatch","sdist","false",2
"2026-04-14","0.18.0","bandersnatch","bdist_wheel","false",2
"2026-04-14","0.18.0","bandersnatch","sdist","false",2
"2026-04-14","0.19.0","bandersnatch","bdist_wheel","false",2
"2026-04-14","0.19.0","bandersnatch","sdist","false",2
"2026-04-14","0.19.1","bandersnatch","bdist_wheel","false",2
"2026-04-14","0.19.1","bandersnatch","sdist","false",2
"2026-04-14","0.19.2","bandersnatch","bdist_wheel","false",2
"2026-04-14","0.19.2","bandersnatch","sdist","false",2
"2026-04-14","0.2.0","Browser","bdist_wheel","false",1
"2026-04-14","0.2.0","Browser","sdist","false",1
"2026-04-14","0.2.0","bandersnatch","bdist_wheel","false",2
"2026-04-14","0.2.0","bandersnatch","sdist","false",2
"2026-04-14","0.20.0","bandersnatch","bdist_wheel","false",2
"2026-04-14","0.20.0","bandersnatch","sdist","false",2
"2026-04-14","0.21.0","bandersnatch","bdist_wheel","false",2
"2026-04-14","0.21.0","bandersnatch","sdist","false",2
"2026-04-14","0.21.1","Browser","bdist_wheel","false",2
"2026-04-14","0.21.1","bandersnatch","bdist_wheel","false",2
"2026-04-14","0.21.1","bandersnatch","sdist","false",2
"2026-04-14","0.21.2","bandersnatch","bdist_wheel","false",2
"2026-04-14","0.21.2","bandersnatch","sdist","false",2
"2026-04-14","0.22.0","bandersnatch","bdist_wheel","false",2
"2026-04-14","0.22.0","bandersnatch","sdist","false",2
"2026-04-14","0.22.1","bandersnatch","bdist_wheel","false",2
"2026-04-14","0.22.1","bandersnatch","sdist","false",2
"2026-04-14","0.22.2","Browser","bdist_wheel","false",2
"2026-04-14","0.22.2","bandersnatch","bdist_wheel","false",2
"2026-04-14","0.22.2","bandersnatch","sdist","false",2
"2026-04-14","0.22.3","bandersnatch","bdist_wheel","false",2
"2026-04-14","0.22.3","bandersnatch","sdist","false",2
"2026-04-14","0.22.4","bandersnatch","bdist_wheel","false",2
"2026-04-14","0.22.4","bandersnatch","sdist","false",2
"2026-04-14","0.23.0","bandersnatch","bdist_wheel","false",2
"2026-04-14","0.23.0","bandersnatch","sdist","false",2
"2026-04-14","0.23.1","bandersnatch","bdist_wheel","false",2
"2026-04-14","0.23.1","bandersnatch","sdist","false",2
"2026-04-14","0.23.2","bandersnatch","bdist_wheel","false",2
"2026-04-14","0.23.2","bandersnatch","sdist","false",2
"2026-04-14","0.24.0","bandersnatch","bdist_wheel","false",2
"2026-04-14","0.24.0","bandersnatch","sdist","false",2
"2026-04-14","0.25.0","bandersnatch","bdist_wheel","false",2
"2026-04-14","0.25.0","bandersnatch","sdist","false",2
"2026-04-14","0.25.1","bandersnatch","bdist_wheel","false",2
"2026-04-14","0.25.1","bandersnatch","sdist","false",2
"2026-04-14","0.25.1","uv","bdist_wheel","false",320
"2026-04-14","0.25.1","uv","bdist_wheel","true",26
"2026-04-14","0.26.0","","bdist_wheel","false",1
"2026-04-14","0.26.0","","sdist","false",1
"2026-04-14","0.26.0","bandersnatch","bdist_wheel","false",5
"2026-04-14","0.26.0","bandersnatch","sdist","false",5
"2026-04-14","0.26.1","","bdist_wheel","false",3
"2026-04-14","0.26.1","","sdist","false",3
"2026-04-14","0.26.1","Browser","bdist_wheel","false",3
"2026-04-14","0.26.1","Browser","sdist","false",2
"2026-04-14","0.26.1","bandersnatch","bdist_wheel","false",5
"2026-04-14","0.26.1","bandersnatch","sdist","false",5
"2026-04-14","0.26.1","pip","bdist_wheel","false",4
"2026-04-14","0.26.1","uv","bdist_wheel","false",1412
"2026-04-14","0.26.1","uv","bdist_wheel","true",88
"2026-04-14","0.3.0","Browser","bdist_wheel","false",1
"2026-04-14","0.3.0","Browser","sdist","false",1
"2026-04-14","0.3.0","bandersnatch","bdist_wheel","false",2
"2026-04-14","0.3.0","bandersnatch","sdist","false",2
"2026-04-14","0.3.1","Browser","bdist_wheel","false",1
"2026-04-14","0.3.1","Browser","sdist","false",1
"2026-04-14","0.3.1","bandersnatch","bdist_wheel","false",2
"2026-04-14","0.3.1","bandersnatch","sdist","false",2
"2026-04-14","0.4.0","Browser","bdist_wheel","false",2
"2026-04-14","0.4.0","Browser","sdist","false",2
"2026-04-14","0.4.0","bandersnatch","bdist_wheel","false",2
"2026-04-14","0.4.0","bandersnatch","sdist","false",2
"2026-04-14","0.4.1","Browser","bdist_wheel","false",1
"2026-04-14","0.4.1","Browser","sdist","false",1
"2026-04-14","0.4.1","bandersnatch","bdist_wheel","false",2
"2026-04-14","0.4.1","bandersnatch","sdist","false",2
"2026-04-14","0.5.0","Browser","bdist_wheel","false",1
"2026-04-14","0.5.0","Browser","sdist","false",1
"2026-04-14","0.5.0","bandersnatch","bdist_wheel","false",2
"2026-04-14","0.5.0","bandersnatch","sdist","false",2
"2026-04-14","0.5.1","Browser","bdist_wheel","false",1
"2026-04-14","0.5.1","Browser","sdist","false",2
"2026-04-14","0.5.1","bandersnatch","bdist_wheel","false",2
"2026-04-14","0.5.1","bandersnatch","sdist","false",2
"2026-04-14","0.6.0","Browser","bdist_wheel","false",2
"2026-04-14","0.6.0","Browser","sdist","false",2
"2026-04-14","0.6.0","bandersnatch","bdist_wheel","false",2
"2026-04-14","0.6.0","bandersnatch","sdist","false",2
"2026-04-14","0.6.1","Browser","bdist_wheel","false",1
"2026-04-14","0.6.1","Browser","sdist","false",1
"2026-04-14","0.6.1","bandersnatch","bdist_wheel","false",2
"2026-04-14","0.6.1","bandersnatch","sdist","false",2
"2026-04-14","0.6.2","Browser","bdist_wheel","false",1
"2026-04-14","0.6.2","Browser","sdist","false",1
"2026-04-14","0.6.2","bandersnatch","bdist_wheel","false",2
"2026-04-14","0.6.2","bandersnatch","sdist","false",2
"2026-04-14","0.6.3","Browser","bdist_wheel","false",2
"2026-04-14","0.6.3","Browser","sdist","false",1
"2026-04-14","0.6.3","bandersnatch","bdist_wheel","false",2
"2026-04-14","0.6.3","bandersnatch","sdist","false",2
"2026-04-14","0.6.4","Browser","bdist_wheel","false",2
"2026-04-14","0.6.4","Browser","sdist","false",2
"2026-04-14","0.6.4","bandersnatch","bdist_wheel","false",2
"2026-04-14","0.6.4","bandersnatch","sdist","false",2
"2026-04-14","0.7.0","Browser","bdist_wheel","false",1
"2026-04-14","0.7.0","Browser","sdist","false",1
"2026-04-14","0.7.0","bandersnatch","bdist_wheel","false",2
"2026-04-14","0.7.0","bandersnatch","sdist","false",2
"2026-04-14","0.7.1","Browser","bdist_wheel","false",1
"2026-04-14","0.7.1","Browser","sdist","false",1
"2026-04-14","0.7.1","bandersnatch","bdist_wheel","false",2
"2026-04-14","0.7.1","bandersnatch","sdist","false",2
"2026-04-14","0.7.2","Browser","bdist_wheel","false",1
"2026-04-14","0.7.2","Browser","sdist","false",1
"2026-04-14","0.7.2","bandersnatch","bdist_wheel","false",2
"2026-04-14","0.7.2","bandersnatch","sdist","false",2
"2026-04-14","0.8.0","Browser","bdist_wheel","false",1
"2026-04-14","0.8.0","Browser","sdist","false",1
"2026-04-14","0.8.0","bandersnatch","bdist_wheel","false",2
"2026-04-14","0.8.0","bandersnatch","sdist","false",2
"2026-04-14","0.8.1","Browser","bdist_wheel","false",1
"2026-04-14","0.8.1","Browser","sdist","false",1
"2026-04-14","0.8.1","bandersnatch","bdist_wheel","false",2
"2026-04-14","0.8.1","bandersnatch","sdist","false",2
"2026-04-14","0.8.2","Browser","bdist_wheel","false",1
"2026-04-14","0.8.2","Browser","sdist","false",1
"2026-04-14","0.8.2","bandersnatch","bdist_wheel","false",2
"2026-04-14","0.8.2","bandersnatch","sdist","false",2
"2026-04-14","0.9.0","bandersnatch","bdist_wheel","false",2
"2026-04-14","0.9.0","bandersnatch","sdist","false",2
"2026-04-14","0.9.1","bandersnatch","bdist_wheel","false",2
"2026-04-14","0.9.1","bandersnatch","sdist","false",2
"2026-04-15","0.0.1","Browser","sdist","false",1
"2026-04-15","0.0.1","uv","bdist_wheel","false",1
"2026-04-15","0.1.1","uv","bdist_wheel","false",1
"2026-04-15","0.1.10","uv","bdist_wheel","false",1
"2026-04-15","0.1.11","uv","bdist_wheel","false",1
"2026-04-15","0.1.2","Browser","bdist_wheel","false",1
"2026-04-15","0.1.2","Browser","sdist","false",1
"2026-04-15","0.1.2","uv","bdist_wheel","false",1
"2026-04-15","0.1.3","uv","bdist_wheel","false",1
"2026-04-15","0.1.4","Browser","sdist","false",1
"2026-04-15","0.1.4","uv","bdist_wheel","false",1
"2026-04-15","0.1.5","Browser","sdist","false",1
"2026-04-15","0.1.5","uv","bdist_wheel","false",1
"2026-04-15","0.1.6","uv","bdist_wheel","false",1
"2026-04-15","0.1.7","Browser","sdist","false",1
"2026-04-15","0.1.7","uv","bdist_wheel","false",1
"2026-04-15","0.1.8","uv","bdist_wheel","false",1
"2026-04-15","0.1.9","uv","bdist_wheel","false",1
"2026-04-15","0.10.0","uv","bdist_wheel","false",1
"2026-04-15","0.10.1","uv","bdist_wheel","false",1
"2026-04-15","0.10.2","uv","bdist_wheel","false",1
"2026-04-15","0.10.3","uv","bdist_wheel","false",1
"2026-04-15","0.11.0","uv","bdist_wheel","false",1
"2026-04-15","0.11.1","uv","bdist_wheel","false",1
"2026-04-15","0.11.2","uv","bdist_wheel","false",1
"2026-04-15","0.11.3","uv","bdist_wheel","false",1
"2026-04-15","0.12.0","uv","bdist_wheel","false",1
"2026-04-15","0.12.1","uv","bdist_wheel","false",1
"2026-04-15","0.13.0","uv","bdist_wheel","false",1
"2026-04-15","0.13.1","uv","bdist_wheel","false",1
"2026-04-15","0.13.2","uv","bdist_wheel","false",1
"2026-04-15","0.14.0","uv","bdist_wheel","false",1
"2026-04-15","0.14.1","uv","bdist_wheel","false",1
"2026-04-15","0.15.0","uv","bdist_wheel","false",1
"2026-04-15","0.16.0","uv","bdist_wheel","false",1
"2026-04-15","0.16.1","uv","bdist_wheel","false",1
"2026-04-15","0.16.2","uv","bdist_wheel","false",1
"2026-04-15","0.17.0","uv","bdist_wheel","false",1
"2026-04-15","0.17.1","uv","bdist_wheel","false",1
"2026-04-15","0.17.2","uv","bdist_wheel","false",1
"2026-04-15","0.18.0","uv","bdist_wheel","false",1
"2026-04-15","0.19.0","uv","bdist_wheel","false",1
"2026-04-15","0.19.1","uv","bdist_wheel","false",1
"2026-04-15","0.19.2","uv","bdist_wheel","false",1
"2026-04-15","0.2.0","uv","bdist_wheel","false",1
"2026-04-15","0.20.0","uv","bdist_wheel","false",1
"2026-04-15","0.21.0","uv","bdist_wheel","false",1
"2026-04-15","0.21.1","uv","bdist_wheel","false",1
"2026-04-15","0.21.2","Browser","bdist_wheel","false",1
"2026-04-15","0.21.2","uv","bdist_wheel","false",1
"2026-04-15","0.22.0","uv","bdist_wheel","false",1
"2026-04-15","0.22.1","uv","bdist_wheel","false",1
"2026-04-15","0.22.2","uv","bdist_wheel","false",1
"2026-04-15","0.22.3","uv","bdist_wheel","false",1
"2026-04-15","0.22.4","uv","bdist_wheel","false",1
"2026-04-15","0.23.0","uv","bdist_wheel","false",1
"2026-04-15","0.23.1","uv","bdist_wheel","false",1
"2026-04-15","0.23.2","uv","bdist_wheel","false",1
"2026-04-15","0.24.0","uv","bdist_wheel","false",2
"2026-04-15","0.25.0","uv","bdist_wheel","false",1
"2026-04-15","0.25.1","uv","bdist_wheel","false",5
"2026-04-15","0.25.1","uv","bdist_wheel","true",12
"2026-04-15","0.26.0","bandersnatch","bdist_wheel","false",2
"2026-04-15","0.26.0","bandersnatch","sdist","false",2
"2026-04-15","0.26.0","uv","bdist_wheel","false",1
"2026-04-15","0.26.1","","bdist_wheel","false",1
"2026-04-15","0.26.1","Browser","sdist","false",1
"2026-04-15","0.26.1","bandersnatch","bdist_wheel","false",2
"2026-04-15","0.26.1","bandersnatch","sdist","false",2
"2026-04-15","0.26.1","pip","bdist_wheel","false",6
"2026-04-15","0.26.1","uv","bdist_wheel","false",1467
"2026-04-15","0.26.1","uv","bdist_wheel","true",52
"2026-04-15","0.3.0","Browser","sdist","false",1
"2026-04-15","0.3.0","uv","bdist_wheel","false",1
"2026-04-15","0.3.1","uv","bdist_wheel","false",1
"2026-04-15","0.4.0","uv","bdist_wheel","false",1
"2026-04-15","0.4.1","uv","bdist_wheel","false",1
"2026-04-15","0.5.0","uv","bdist_wheel","false",1
"2026-04-15","0.5.1","uv","bdist_wheel","false",1
"2026-04-15","0.6.0","uv","bdist_wheel","false",1
"2026-04-15","0.6.1","Browser","sdist","false",1
"2026-04-15","0.6.1","uv","bdist_wheel","false",1
"2026-04-15","0.6.2","uv","bdist_wheel","false",1
"2026-04-15","0.6.3","Browser","sdist","false",1
"2026-04-15","0.6.3","uv","bdist_wheel","false",1
"2026-04-15","0.6.4","uv","bdist_wheel","false",1
"2026-04-15","0.7.0","uv","bdist_wheel","false",1
"2026-04-15","0.7.1","uv","bdist_wheel","false",1
"2026-04-15","0.7.2","uv","bdist_wheel","false",1
"2026-04-15","0.8.0","uv","bdist_wheel","false",1
"2026-04-15","0.8.1","Browser","bdist_wheel","false",2
"2026-04-15","0.8.1","Browser","sdist","false",2
"2026-04-15","0.8.1","uv","bdist_wheel","false",1
"2026-04-15","0.8.2","uv","bdist_wheel","false",1
"2026-04-15","0.9.0","uv","bdist_wheel","false",1
"2026-04-15","0.9.1","uv","bdist_wheel","false",1
"2026-04-16","0.0.1","","bdist_wheel","false",2
"2026-04-16","0.0.1","","sdist","false",1
"2026-04-16","0.0.1","Browser","bdist_wheel","false",2
"2026-04-16","0.0.1","Browser","sdist","false",2
"2026-04-16","0.1.1","","bdist_wheel","false",2
"2026-04-16","0.1.1","","sdist","false",1
"2026-04-16","0.1.1","Browser","bdist_wheel","false",2
"2026-04-16","0.1.1","Browser","sdist","false",2
"2026-04-16","0.1.10","","bdist_wheel","false",2
"2026-04-16","0.1.10","","sdist","false",1
"2026-04-16","0.1.11","","bdist_wheel","false",2
"2026-04-16","0.1.11","","sdist","false",1
"2026-04-16","0.1.2","","bdist_wheel","false",2
"2026-04-16","0.1.2","","sdist","false",1
"2026-04-16","0.1.3","","bdist_wheel","false",2
"2026-04-16","0.1.3","","sdist","false",1
"2026-04-16","0.1.3","Browser","bdist_wheel","false",1
"2026-04-16","0.1.3","Browser","sdist","false",1
"2026-04-16","0.21.0","Browser","sdist","false",2
"2026-04-16","0.24.0","pip","bdist_wheel","false",5
"2026-04-16","0.25.1","uv","bdist_wheel","false",400
"2026-04-16","0.25.1","uv","bdist_wheel","true",28
"2026-04-16","0.26.1","","bdist_wheel","false",2
"2026-04-16","0.26.1","","sdist","false",1
"2026-04-16","0.26.1","Browser","bdist_wheel","false",2
"2026-04-16","0.26.1","Browser","sdist","false",1
"2026-04-16","0.26.1","bandersnatch","bdist_wheel","false",1
"2026-04-16","0.26.1","bandersnatch","sdist","false",1
"2026-04-16","0.26.1","pip","bdist_wheel","false",10
"2026-04-16","0.26.1","uv","bdist_wheel","false",2057
"2026-04-16","0.26.1","uv","bdist_wheel","true",64
"2026-04-17","0.23.1","pip","bdist_wheel","false",1
"2026-04-17","0.24.0","pip","bdist_wheel","false",35
"2026-04-17","0.25.1","uv","bdist_wheel","true",54
"2026-04-17","0.26.1","","bdist_wheel","false",1
"2026-04-17","0.26.1","bandersnatch","bdist_wheel","false",1
"2026-04-17","0.26.1","bandersnatch","sdist","false",1
"2026-04-17","0.26.1","uv","bdist_wheel","false",4070
"2026-04-17","0.26.1","uv","bdist_wheel","true",26
"2026-04-17","0.4.1","Browser","bdist_wheel","false",1
"2026-04-17","0.4.1","Browser","sdist","false",1
"2026-04-18","0.0.1","Browser","bdist_wheel","false",1
"2026-04-18","0.0.1","Browser","sdist","false",1
"2026-04-18","0.1.1","Browser","bdist_wheel","false",1
"2026-04-18","0.1.1","Browser","sdist","false",1
"2026-04-18","0.1.10","Browser","bdist_wheel","false",1
"2026-04-18","0.1.10","Browser","sdist","false",1
"2026-04-18","0.1.11","Browser","bdist_wheel","false",1
"2026-04-18","0.1.11","Browser","sdist","false",1
"2026-04-18","0.1.2","","sdist","false",1
"2026-04-18","0.1.2","Browser","bdist_wheel","false",1
"2026-04-18","0.1.2","Browser","sdist","false",1
"2026-04-18","0.1.3","","sdist","false",1
"2026-04-18","0.1.3","Browser","bdist_wheel","false",1
"2026-04-18","0.1.3","Browser","sdist","false",1
"2026-04-18","0.1.4","","sdist","false",1
"2026-04-18","0.1.4","Browser","bdist_wheel","false",1
"2026-04-18","0.1.4","Browser","sdist","false",1
"2026-04-18","0.1.5","Browser","bdist_wheel","false",1
"2026-04-18","0.1.5","Browser","sdist","false",1
"2026-04-18","0.1.6","Browser","bdist_wheel","false",1
"2026-04-18","0.1.6","Browser","sdist","false",1
"2026-04-18","0.1.7","","sdist","false",1
"2026-04-18","0.1.7","Browser","bdist_wheel","false",1
"2026-04-18","0.1.7","Browser","sdist","false",1
"2026-04-18","0.1.8","Browser","bdist_wheel","false",1
"2026-04-18","0.1.8","Browser","sdist","false",1
"2026-04-18","0.1.9","Browser","bdist_wheel","false",1
"2026-04-18","0.1.9","Browser","sdist","false",1
"2026-04-18","0.12.0","","sdist","false",1
"2026-04-18","0.16.0","","sdist","false",1
"2026-04-18","0.19.0","","sdist","false",1
"2026-04-18","0.19.2","","sdist","false",1
"2026-04-18","0.2.0","Browser","bdist_wheel","false",1
"2026-04-18","0.2.0","Browser","sdist","false",1
"2026-04-18","0.25.0","","sdist","false",1
"2026-04-18","0.25.0","Browser","bdist_wheel","false",1
"2026-04-18","0.25.1","bandersnatch","bdist_wheel","false",1
"2026-04-18","0.25.1","bandersnatch","sdist","false",1
"2026-04-18","0.25.1","pip","bdist_wheel","false",1
"2026-04-18","0.25.1","uv","bdist_wheel","true",67
"2026-04-18","0.26.0","Browser","sdist","false",1
"2026-04-18","0.26.0","bandersnatch","bdist_wheel","false",1
"2026-04-18","0.26.0","bandersnatch","sdist","false",1
"2026-04-18","0.26.0","uv","bdist_wheel","false",3
"2026-04-18","0.26.1","bandersnatch","bdist_wheel","false",1
"2026-04-18","0.26.1","bandersnatch","sdist","false",1
"2026-04-18","0.26.1","uv","bdist_wheel","false",2072
"2026-04-18","0.26.1","uv","bdist_wheel","true",6
"2026-04-18","0.3.0","Browser","bdist_wheel","false",1
"2026-04-18","0.3.0","Browser","sdist","false",1
"2026-04-18","0.3.1","","sdist","false",1
"2026-04-18","0.3.1","Browser","bdist_wheel","false",1
"2026-04-18","0.3.1","Browser","sdist","false",1
"2026-04-18","0.4.0","Browser","bdist_wheel","false",1
"2026-04-18","0.4.0","Browser","sdist","false",1
"2026-04-18","0.4.1","","sdist","false",1
"2026-04-18","0.4.1","Browser","bdist_wheel","false",1
"2026-04-18","0.4.1","Browser","sdist","false",1
"2026-04-18","0.5.0","Browser","bdist_wheel","false",1
"2026-04-18","0.5.0","Browser","sdist","false",1
"2026-04-18","0.5.1","Browser","bdist_wheel","false",1
"2026-04-18","0.5.1","Browser","sdist","false",1
"2026-04-18","0.6.0","Browser","bdist_wheel","false",1
"2026-04-18","0.6.0","Browser","sdist","false",1
"2026-04-18","0.6.1","Browser","bdist_wheel","false",1
"2026-04-18","0.6.1","Browser","sdist","false",1
"2026-04-18","0.6.2","Browser","bdist_wheel","false",1
"2026-04-18","0.6.2","Browser","sdist","false",1
"2026-04-18","0.6.3","Browser","bdist_wheel","false",1
"2026-04-18","0.6.3","Browser","sdist","false",1
"2026-04-18","0.6.4","Browser","bdist_wheel","false",1
"2026-04-18","0.6.4","Browser","sdist","false",1
"2026-04-18","0.7.0","Browser","bdist_wheel","false",1
"2026-04-18","0.7.0","Browser","sdist","false",1
"2026-04-18","0.7.1","","sdist","false",1
"2026-04-18","0.7.1","Browser","bdist_wheel","false",1
"2026-04-18","0.7.1","Browser","sdist","false",1
"2026-04-18","0.7.2","Browser","bdist_wheel","false",1
"2026-04-18","0.7.2","Browser","sdist","false",1
"2026-04-18","0.8.0","","sdist","false",1
"2026-04-18","0.8.0","Browser","bdist_wheel","false",1
"2026-04-18","0.8.0","Browser","sdist","false",1
"2026-04-18","0.8.1","Browser","bdist_wheel","false",1
"2026-04-18","0.8.1","Browser","sdist","false",1
"2026-04-18","0.8.2","Browser","bdist_wheel","false",1
"2026-04-18","0.8.2","Browser","sdist","false",1
"2026-04-18","0.9.0","Browser","bdist_wheel","false",1
"2026-04-18","0.9.0","Browser","sdist","false",1
"2026-04-19","0.0.1","","bdist_wheel","false",2
"2026-04-19","0.0.1","","sdist","false",1
"2026-04-19","0.0.1","Browser","bdist_wheel","false",1
"2026-04-19","0.0.1","Browser","sdist","false",1
"2026-04-19","0.1.1","","bdist_wheel","false",2
"2026-04-19","0.1.1","","sdist","false",1
"2026-04-19","0.1.1","Browser","bdist_wheel","false",1
"2026-04-19","0.1.1","Browser","sdist","false",1
"2026-04-19","0.1.10","","bdist_wheel","false",2
"2026-04-19","0.1.10","","sdist","false",1
"2026-04-19","0.1.10","Browser","bdist_wheel","false",1
"2026-04-19","0.1.10","Browser","sdist","false",1
"2026-04-19","0.1.11","","bdist_wheel","false",2
"2026-04-19","0.1.11","","sdist","false",1
"2026-04-19","0.1.11","Browser","bdist_wheel","false",1
"2026-04-19","0.1.11","Browser","sdist","false",1
"2026-04-19","0.1.2","","bdist_wheel","false",2
"2026-04-19","0.1.2","","sdist","false",1
"2026-04-19","0.1.2","Browser","bdist_wheel","false",1
"2026-04-19","0.1.2","Browser","sdist","false",1
"2026-04-19","0.1.3","","bdist_wheel","false",2
"2026-04-19","0.1.3","","sdist","false",1
"2026-04-19","0.1.3","Browser","bdist_wheel","false",1
"2026-04-19","0.1.3","Browser","sdist","false",1
"2026-04-19","0.1.4","","bdist_wheel","false",2
"2026-04-19","0.1.4","","sdist","false",2
"2026-04-19","0.1.4","Browser","bdist_wheel","false",1
"2026-04-19","0.1.5","","bdist_wheel","false",2
"2026-04-19","0.1.5","","sdist","false",1
"2026-04-19","0.1.5","Browser","bdist_wheel","false",1
"2026-04-19","0.1.5","Browser","sdist","false",1
"2026-04-19","0.1.6","","bdist_wheel","false",2
"2026-04-19","0.1.6","","sdist","false",1
"2026-04-19","0.1.6","Browser","bdist_wheel","false",1
"2026-04-19","0.1.6","Browser","sdist","false",1
"2026-04-19","0.1.7","","bdist_wheel","false",3
"2026-04-19","0.1.7","","sdist","false",1
"2026-04-19","0.1.7","Browser","bdist_wheel","false",1
"2026-04-19","0.1.7","Browser","sdist","false",1
"2026-04-19","0.1.8","","bdist_wheel","false",2
"2026-04-19","0.1.8","","sdist","false",1
"2026-04-19","0.1.8","Browser","bdist_wheel","false",1
"2026-04-19","0.1.8","Browser","sdist","false",1
"2026-04-19","0.1.9","","bdist_wheel","false",2
"2026-04-19","0.1.9","","sdist","false",1
"2026-04-19","0.1.9","Browser","bdist_wheel","false",1
"2026-04-19","0.1.9","Browser","sdist","false",1
"2026-04-19","0.10.0","","bdist_wheel","false",2
"2026-04-19","0.10.0","","sdist","false",2
"2026-04-19","0.10.1","","bdist_wheel","false",2
"2026-04-19","0.10.1","","sdist","false",1
"2026-04-19","0.10.2","","bdist_wheel","false",3
"2026-04-19","0.10.2","","sdist","false",1
"2026-04-19","0.10.3","","bdist_wheel","false",2
"2026-04-19","0.10.3","","sdist","false",1
"2026-04-19","0.11.0","","bdist_wheel","false",2
"2026-04-19","0.11.0","","sdist","false",2
"2026-04-19","0.11.1","","bdist_wheel","false",2
"2026-04-19","0.11.1","","sdist","false",1
"2026-04-19","0.11.2","","bdist_wheel","false",2
"2026-04-19","0.11.2","","sdist","false",1
"2026-04-19","0.11.3","","bdist_wheel","false",2
"2026-04-19","0.11.3","","sdist","false",1
"2026-04-19","0.12.0","","bdist_wheel","false",2
"2026-04-19","0.12.0","","sdist","false",1
"2026-04-19","0.12.1","","bdist_wheel","false",2
"2026-04-19","0.12.1","","sdist","false",1
"2026-04-19","0.13.0","","bdist_wheel","false",2
"2026-04-19","0.13.0","","sdist","false",1
"2026-04-19","0.13.1","","bdist_wheel","false",2
"2026-04-19","0.13.1","","sdist","false",1
"2026-04-19","0.13.2","","bdist_wheel","false",2
"2026-04-19","0.13.2","","sdist","false",1
"2026-04-19","0.14.0","","bdist_wheel","false",2
"2026-04-19","0.14.0","","sdist","false",1
"2026-04-19","0.14.1","","bdist_wheel","false",2
"2026-04-19","0.14.1","","sdist","false",2
"2026-04-19","0.15.0","","bdist_wheel","false",2
"2026-04-19","0.15.0","","sdist","false",1
"2026-04-19","0.15.0","bandersnatch","bdist_wheel","false",1
"2026-04-19","0.15.0","bandersnatch","sdist","false",1
"2026-04-19","0.16.0","","bdist_wheel","false",2
"2026-04-19","0.16.0","","sdist","false",1
"2026-04-19","0.16.0","bandersnatch","bdist_wheel","false",1
"2026-04-19","0.16.0","bandersnatch","sdist","false",1
"2026-04-19","0.16.1","","bdist_wheel","false",2
"2026-04-19","0.16.1","","sdist","false",1
"2026-04-19","0.16.1","bandersnatch","bdist_wheel","false",1
"2026-04-19","0.16.1","bandersnatch","sdist","false",1
"2026-04-19","0.16.2","","bdist_wheel","false",2
"2026-04-19","0.16.2","","sdist","false",1
"2026-04-19","0.16.2","bandersnatch","bdist_wheel","false",1
"2026-04-19","0.16.2","bandersnatch","sdist","false",1
"2026-04-19","0.17.0","","bdist_wheel","false",2
"2026-04-19","0.17.0","","sdist","false",1
"2026-04-19","0.17.0","bandersnatch","bdist_wheel","false",1
"2026-04-19","0.17.0","bandersnatch","sdist","false",1
"2026-04-19","0.17.1","","bdist_wheel","false",2
"2026-04-19","0.17.1","","sdist","false",1
"2026-04-19","0.17.1","bandersnatch","bdist_wheel","false",1
"2026-04-19","0.17.1","bandersnatch","sdist","false",1
"2026-04-19","0.17.2","","bdist_wheel","false",3
"2026-04-19","0.17.2","","sdist","false",1
"2026-04-19","0.17.2","bandersnatch","bdist_wheel","false",1
"2026-04-19","0.17.2","bandersnatch","sdist","false",1
"2026-04-19","0.18.0","","bdist_wheel","false",2
"2026-04-19","0.18.0","","sdist","false",1
"2026-04-19","0.18.0","bandersnatch","bdist_wheel","false",1
"2026-04-19","0.18.0","bandersnatch","sdist","false",1
"2026-04-19","0.19.0","","bdist_wheel","false",2
"2026-04-19","0.19.0","","sdist","false",1
"2026-04-19","0.19.0","bandersnatch","bdist_wheel","false",1
"2026-04-19","0.19.0","bandersnatch","sdist","false",1
"2026-04-19","0.19.1","","bdist_wheel","false",2
"2026-04-19","0.19.1","","sdist","false",1
"2026-04-19","0.19.1","bandersnatch","bdist_wheel","false",1
"2026-04-19","0.19.1","bandersnatch","sdist","false",1
"2026-04-19","0.19.2","","bdist_wheel","false",2
"2026-04-19","0.19.2","","sdist","false",1
"2026-04-19","0.19.2","bandersnatch","bdist_wheel","false",1
"2026-04-19","0.19.2","bandersnatch","sdist","false",1
"2026-04-19","0.2.0","","bdist_wheel","false",2
"2026-04-19","0.2.0","","sdist","false",1
"2026-04-19","0.2.0","Browser","bdist_wheel","false",1
"2026-04-19","0.2.0","Browser","sdist","false",1
"2026-04-19","0.20.0","","bdist_wheel","false",2
"2026-04-19","0.20.0","","sdist","false",1
"2026-04-19","0.20.0","bandersnatch","bdist_wheel","false",1
"2026-04-19","0.20.0","bandersnatch","sdist","false",1
"2026-04-19","0.21.0","","bdist_wheel","false",2
"2026-04-19","0.21.0","","sdist","false",2
"2026-04-19","0.21.0","bandersnatch","bdist_wheel","false",1
"2026-04-19","0.21.0","bandersnatch","sdist","false",1
"2026-04-19","0.21.1","","bdist_wheel","false",2
"2026-04-19","0.21.1","","sdist","false",1
"2026-04-19","0.21.1","Browser","sdist","false",1
"2026-04-19","0.21.1","bandersnatch","bdist_wheel","false",1
"2026-04-19","0.21.1","bandersnatch","sdist","false",1
"2026-04-19","0.21.2","","bdist_wheel","false",2
"2026-04-19","0.21.2","","sdist","false",1
"2026-04-19","0.21.2","bandersnatch","bdist_wheel","false",1
"2026-04-19","0.21.2","bandersnatch","sdist","false",1
"2026-04-19","0.22.0","","bdist_wheel","false",2
"2026-04-19","0.22.0","","sdist","false",1
"2026-04-19","0.22.0","bandersnatch","bdist_wheel","false",1
"2026-04-19","0.22.0","bandersnatch","sdist","false",1
"2026-04-19","0.22.1","","bdist_wheel","false",2
"2026-04-19","0.22.1","","sdist","false",1
"2026-04-19","0.22.1","bandersnatch","bdist_wheel","false",1
"2026-04-19","0.22.1","bandersnatch","sdist","false",1
"2026-04-19","0.22.2","","bdist_wheel","false",2
"2026-04-19","0.22.2","","sdist","false",1
"2026-04-19","0.22.2","bandersnatch","bdist_wheel","false",1
"2026-04-19","0.22.2","bandersnatch","sdist","false",1
"2026-04-19","0.22.3","","bdist_wheel","false",3
"2026-04-19","0.22.3","","sdist","false",1
"2026-04-19","0.22.3","bandersnatch","bdist_wheel","false",1
"2026-04-19","0.22.3","bandersnatch","sdist","false",1
"2026-04-19","0.22.4","","bdist_wheel","false",2
"2026-04-19","0.22.4","","sdist","false",1
"2026-04-19","0.22.4","bandersnatch","bdist_wheel","false",1
"2026-04-19","0.22.4","bandersnatch","sdist","false",1
"2026-04-19","0.23.0","","bdist_wheel","false",2
"2026-04-19","0.23.0","","sdist","false",1
"2026-04-19","0.23.0","bandersnatch","bdist_wheel","false",1
"2026-04-19","0.23.0","bandersnatch","sdist","false",1
"2026-04-19","0.23.1","","bdist_wheel","false",2
"2026-04-19","0.23.1","","sdist","false",1
"2026-04-19","0.23.1","bandersnatch","bdist_wheel","false",1
"2026-04-19","0.23.1","bandersnatch","sdist","false",1
"2026-04-19","0.23.2","","bdist_wheel","false",3
"2026-04-19","0.23.2","","sdist","false",1
"2026-04-19","0.23.2","bandersnatch","bdist_wheel","false",1
"2026-04-19","0.23.2","bandersnatch","sdist","false",1
"2026-04-19","0.24.0","","bdist_wheel","false",2
"2026-04-19","0.24.0","","sdist","false",1
"2026-04-19","0.24.0","bandersnatch","bdist_wheel","false",1
"2026-04-19","0.24.0","bandersnatch","sdist","false",1
"2026-04-19","0.24.0","pip","bdist_wheel","false",5
"2026-04-19","0.24.0","uv","bdist_wheel","false",3
"2026-04-19","0.25.0","","bdist_wheel","false",2
"2026-04-19","0.25.0","","sdist","false",1
"2026-04-19","0.25.0","bandersnatch","bdist_wheel","false",1
"2026-04-19","0.25.0","bandersnatch","sdist","false",1
"2026-04-19","0.25.1","","bdist_wheel","false",2
"2026-04-19","0.25.1","","sdist","false",1
"2026-04-19","0.25.1","bandersnatch","bdist_wheel","false",1
"2026-04-19","0.25.1","bandersnatch","sdist","false",1
"2026-04-19","0.25.1","uv","bdist_wheel","true",112
"2026-04-19","0.26.0","Browser","bdist_wheel","false",1
"2026-04-19","0.26.0","bandersnatch","bdist_wheel","false",3
"2026-04-19","0.26.0","bandersnatch","sdist","false",3
"2026-04-19","0.26.1","bandersnatch","bdist_wheel","false",3
"2026-04-19","0.26.1","bandersnatch","sdist","false",3
"2026-04-19","0.26.1","uv","bdist_wheel","false",2432
"2026-04-19","0.26.1","uv","bdist_wheel","true",2
"2026-04-19","0.3.0","Browser","bdist_wheel","false",1
"2026-04-19","0.3.0","Browser","sdist","false",1
"2026-04-19","0.3.1","Browser","bdist_wheel","false",1
"2026-04-19","0.3.1","Browser","sdist","false",1
"2026-04-19","0.4.0","Browser","bdist_wheel","false",1
"2026-04-19","0.4.0","Browser","sdist","false",1
"2026-04-19","0.4.1","Browser","bdist_wheel","false",1
"2026-04-19","0.4.1","Browser","sdist","false",1
"2026-04-19","0.5.0","Browser","bdist_wheel","false",1
"2026-04-19","0.5.0","Browser","sdist","false",1
"2026-04-19","0.5.1","","bdist_wheel","false",1
"2026-04-19","0.5.1","Browser","sdist","false",1
"2026-04-19","0.6.0","Browser","bdist_wheel","false",1
"2026-04-19","0.6.0","Browser","sdist","false",1
"2026-04-19","0.6.1","Browser","bdist_wheel","false",1
"2026-04-19","0.6.1","Browser","sdist","false",1
"2026-04-19","0.6.2","Browser","bdist_wheel","false",1
"2026-04-19","0.6.2","Browser","sdist","false",1
"2026-04-19","0.6.3","Browser","bdist_wheel","false",1
"2026-04-19","0.6.3","Browser","sdist","false",1
"2026-04-19","0.6.4","","sdist","false",1
"2026-04-19","0.6.4","Browser","bdist_wheel","false",1
"2026-04-19","0.7.0","Browser","bdist_wheel","false",1
"2026-04-19","0.7.0","Browser","sdist","false",1
"2026-04-19","0.7.1","Browser","bdist_wheel","false",1
"2026-04-19","0.7.1","Browser","sdist","false",1
"2026-04-19","0.7.2","","bdist_wheel","false",1
"2026-04-19","0.7.2","Browser","bdist_wheel","false",1
"2026-04-19","0.7.2","Browser","sdist","false",1
"2026-04-19","0.8.0","Browser","bdist_wheel","false",1
"2026-04-19","0.8.0","Browser","sdist","false",1
"2026-04-19","0.8.1","Browser","bdist_wheel","false",1
"2026-04-19","0.8.1","Browser","sdist","false",1
"2026-04-19","0.8.2","Browser","bdist_wheel","false",1
"2026-04-19","0.8.2","Browser","sdist","false",1
"2026-04-19","0.9.0","Browser","bdist_wheel","false",1
"2026-04-19","0.9.0","Browser","sdist","false",1
"2026-04-19","0.9.1","Browser","bdist_wheel","false",1
"2026-04-19","0.9.1","Browser","sdist","false",1
"2026-04-20","0.0.1","","bdist_wheel","false",1
"2026-04-20","0.0.1","bandersnatch","bdist_wheel","false",1
"2026-04-20","0.0.1","bandersnatch","sdist","false",1
"2026-04-20","0.1.1","bandersnatch","bdist_wheel","false",1
"2026-04-20","0.1.1","bandersnatch","sdist","false",1
"2026-04-20","0.1.10","bandersnatch","bdist_wheel","false",1
"2026-04-20","0.1.10","bandersnatch","sdist","false",1
"2026-04-20","0.1.11","bandersnatch","bdist_wheel","false",1
"2026-04-20","0.1.11","bandersnatch","sdist","false",1
"2026-04-20","0.1.2","bandersnatch","bdist_wheel","false",1
"2026-04-20","0.1.2","bandersnatch","sdist","false",1
"2026-04-20","0.1.3","bandersnatch","bdist_wheel","false",1
"2026-04-20","0.1.3","bandersnatch","sdist","false",1
"2026-04-20","0.1.4","bandersnatch","bdist_wheel","false",1
"2026-04-20","0.1.4","bandersnatch","sdist","false",1
"2026-04-20","0.1.5","","bdist_wheel","false",1
"2026-04-20","0.1.5","bandersnatch","bdist_wheel","false",1
"2026-04-20","0.1.5","bandersnatch","sdist","false",1
"2026-04-20","0.1.6","bandersnatch","bdist_wheel","false",1
"2026-04-20","0.1.6","bandersnatch","sdist","false",1
"2026-04-20","0.1.7","bandersnatch","bdist_wheel","false",1
"2026-04-20","0.1.7","bandersnatch","sdist","false",1
"2026-04-20","0.1.8","bandersnatch","bdist_wheel","false",1
"2026-04-20","0.1.8","bandersnatch","sdist","false",1
"2026-04-20","0.1.9","bandersnatch","bdist_wheel","false",1
"2026-04-20","0.1.9","bandersnatch","sdist","false",1
"2026-04-20","0.10.0","bandersnatch","bdist_wheel","false",1
"2026-04-20","0.10.0","bandersnatch","sdist","false",1
"2026-04-20","0.10.1","bandersnatch","bdist_wheel","false",1
"2026-04-20","0.10.1","bandersnatch","sdist","false",1
"2026-04-20","0.10.2","bandersnatch","bdist_wheel","false",1
"2026-04-20","0.10.2","bandersnatch","sdist","false",1
"2026-04-20","0.10.3","bandersnatch","bdist_wheel","false",1
"2026-04-20","0.10.3","bandersnatch","sdist","false",1
"2026-04-20","0.11.0","bandersnatch","bdist_wheel","false",1
"2026-04-20","0.11.0","bandersnatch","sdist","false",1
"2026-04-20","0.11.1","bandersnatch","bdist_wheel","false",1
"2026-04-20","0.11.1","bandersnatch","sdist","false",1
"2026-04-20","0.11.2","bandersnatch","bdist_wheel","false",1
"2026-04-20","0.11.2","bandersnatch","sdist","false",1
"2026-04-20","0.11.3","","bdist_wheel","false",1
"2026-04-20","0.11.3","bandersnatch","bdist_wheel","false",1
"2026-04-20","0.11.3","bandersnatch","sdist","false",1
"2026-04-20","0.12.0","bandersnatch","bdist_wheel","false",1
"2026-04-20","0.12.0","bandersnatch","sdist","false",1
"2026-04-20","0.12.1","","bdist_wheel","false",1
"2026-04-20","0.12.1","bandersnatch","bdist_wheel","false",1
"2026-04-20","0.12.1","bandersnatch","sdist","false",1
"2026-04-20","0.13.0","","bdist_wheel","false",1
"2026-04-20","0.13.0","bandersnatch","bdist_wheel","false",1
"2026-04-20","0.13.0","bandersnatch","sdist","false",1
"2026-04-20","0.13.1","bandersnatch","bdist_wheel","false",1
"2026-04-20","0.13.1","bandersnatch","sdist","false",1
"2026-04-20","0.13.2","Browser","sdist","false",2
"2026-04-20","0.13.2","bandersnatch","bdist_wheel","false",1
"2026-04-20","0.13.2","bandersnatch","sdist","false",1
"2026-04-20","0.14.0","bandersnatch","bdist_wheel","false",1
"2026-04-20","0.14.0","bandersnatch","sdist","false",1
"2026-04-20","0.14.1","bandersnatch","bdist_wheel","false",1
"2026-04-20","0.14.1","bandersnatch","sdist","false",1
"2026-04-20","0.15.0","bandersnatch","bdist_wheel","false",1
"2026-04-20","0.15.0","bandersnatch","sdist","false",1
"2026-04-20","0.16.0","Browser","sdist","false",1
"2026-04-20","0.16.0","bandersnatch","bdist_wheel","false",1
"2026-04-20","0.16.0","bandersnatch","sdist","false",1
"2026-04-20","0.16.1","","bdist_wheel","false",1
"2026-04-20","0.16.1","bandersnatch","bdist_wheel","false",1
"2026-04-20","0.16.1","bandersnatch","sdist","false",1
"2026-04-20","0.16.2","bandersnatch","bdist_wheel","false",1
"2026-04-20","0.16.2","bandersnatch","sdist","false",1
"2026-04-20","0.17.0","bandersnatch","bdist_wheel","false",1
"2026-04-20","0.17.0","bandersnatch","sdist","false",1
"2026-04-20","0.17.1","bandersnatch","bdist_wheel","false",1
"2026-04-20","0.17.1","bandersnatch","sdist","false",1
"2026-04-20","0.17.2","Browser","bdist_wheel","false",1
"2026-04-20","0.17.2","bandersnatch","bdist_wheel","false",1
"2026-04-20","0.17.2","bandersnatch","sdist","false",1
"2026-04-20","0.18.0","bandersnatch","bdist_wheel","false",1
"2026-04-20","0.18.0","bandersnatch","sdist","false",1
"2026-04-20","0.19.0","bandersnatch","bdist_wheel","false",1
"2026-04-20","0.19.0","bandersnatch","sdist","false",1
"2026-04-20","0.19.1","bandersnatch","bdist_wheel","false",1
"2026-04-20","0.19.1","bandersnatch","sdist","false",1
"2026-04-20","0.19.2","Browser","sdist","false",1
"2026-04-20","0.19.2","bandersnatch","bdist_wheel","false",1
"2026-04-20","0.19.2","bandersnatch","sdist","false",1
"2026-04-20","0.2.0","bandersnatch","bdist_wheel","false",1
"2026-04-20","0.2.0","bandersnatch","sdist","false",1
"2026-04-20","0.20.0","bandersnatch","bdist_wheel","false",1
"2026-04-20","0.20.0","bandersnatch","sdist","false",1
"2026-04-20","0.21.0","bandersnatch","bdist_wheel","false",1
"2026-04-20","0.21.0","bandersnatch","sdist","false",1
"2026-04-20","0.21.1","bandersnatch","bdist_wheel","false",1
"2026-04-20","0.21.1","bandersnatch","sdist","false",1
"2026-04-20","0.21.2","bandersnatch","bdist_wheel","false",1
"2026-04-20","0.21.2","bandersnatch","sdist","false",1
"2026-04-20","0.22.0","bandersnatch","bdist_wheel","false",1
"2026-04-20","0.22.0","bandersnatch","sdist","false",1
"2026-04-20","0.22.1","bandersnatch","bdist_wheel","false",1
"2026-04-20","0.22.1","bandersnatch","sdist","false",1
"2026-04-20","0.22.2","bandersnatch","bdist_wheel","false",1
"2026-04-20","0.22.2","bandersnatch","sdist","false",1
"2026-04-20","0.22.3","Browser","bdist_wheel","false",1
"2026-04-20","0.22.3","bandersnatch","bdist_wheel","false",1
"2026-04-20","0.22.3","bandersnatch","sdist","false",1
"2026-04-20","0.22.4","bandersnatch","bdist_wheel","false",1
"2026-04-20","0.22.4","bandersnatch","sdist","false",1
"2026-04-20","0.23.0","bandersnatch","bdist_wheel","false",1
"2026-04-20","0.23.0","bandersnatch","sdist","false",1
"2026-04-20","0.23.1","Browser","sdist","false",1
"2026-04-20","0.23.1","bandersnatch","bdist_wheel","false",1
"2026-04-20","0.23.1","bandersnatch","sdist","false",1
"2026-04-20","0.23.2","bandersnatch","bdist_wheel","false",1
"2026-04-20","0.23.2","bandersnatch","sdist","false",1
"2026-04-20","0.24.0","bandersnatch","bdist_wheel","false",1
"2026-04-20","0.24.0","bandersnatch","sdist","false",1
"2026-04-20","0.24.0","pip","bdist_wheel","false",11
"2026-04-20","0.25.0","bandersnatch","bdist_wheel","false",1
"2026-04-20","0.25.0","bandersnatch","sdist","false",1
"2026-04-20","0.25.1","bandersnatch","bdist_wheel","false",1
"2026-04-20","0.25.1","bandersnatch","sdist","false",1
"2026-04-20","0.25.1","uv","bdist_wheel","true",50
"2026-04-20","0.26.0","bandersnatch","bdist_wheel","false",1
"2026-04-20","0.26.0","bandersnatch","sdist","false",1
"2026-04-20","0.26.0","pip","bdist_wheel","false",1
"2026-04-20","0.26.0","pip","sdist","false",1
"2026-04-20","0.26.1","Browser","sdist","false",1
"2026-04-20","0.26.1","bandersnatch","bdist_wheel","false",1
"2026-04-20","0.26.1","bandersnatch","sdist","false",1
"2026-04-20","0.26.1","pip","bdist_wheel","false",9
"2026-04-20","0.26.1","pip","sdist","false",1
"2026-04-20","0.26.1","uv","bdist_wheel","false",1508
"2026-04-20","0.26.1","uv","bdist_wheel","true",14
"2026-04-20","0.3.0","Browser","bdist_wheel","false",1
"2026-04-20","0.3.0","Browser","sdist","false",1
"2026-04-20","0.3.0","bandersnatch","bdist_wheel","false",1
"2026-04-20","0.3.0","bandersnatch","sdist","false",1
"2026-04-20","0.3.1","Browser","bdist_wheel","false",1
"2026-04-20","0.3.1","Browser","sdist","false",1
"2026-04-20","0.3.1","bandersnatch","bdist_wheel","false",1
"2026-04-20","0.3.1","bandersnatch","sdist","false",1
"2026-04-20","0.4.0","bandersnatch","bdist_wheel","false",1
"2026-04-20","0.4.0","bandersnatch","sdist","false",1
"2026-04-20","0.4.1","bandersnatch","bdist_wheel","false",1
"2026-04-20","0.4.1","bandersnatch","sdist","false",1
"2026-04-20","0.5.0","bandersnatch","bdist_wheel","false",1
"2026-04-20","0.5.0","bandersnatch","sdist","false",1
"2026-04-20","0.5.1","bandersnatch","bdist_wheel","false",1
"2026-04-20","0.5.1","bandersnatch","sdist","false",1
"2026-04-20","0.6.0","bandersnatch","bdist_wheel","false",1
"2026-04-20","0.6.0","bandersnatch","sdist","false",1
"2026-04-20","0.6.1","bandersnatch","bdist_wheel","false",1
"2026-04-20","0.6.1","bandersnatch","sdist","false",1
"2026-04-20","0.6.2","bandersnatch","bdist_wheel","false",1
"2026-04-20","0.6.2","bandersnatch","sdist","false",1
"2026-04-20","0.6.3","bandersnatch","bdist_wheel","false",1
"2026-04-20","0.6.3","bandersnatch","sdist","false",1
"2026-04-20","0.6.4","bandersnatch","bdist_wheel","false",1
"2026-04-20","0.6.4","bandersnatch","sdist","false",1
"2026-04-20","0.7.0","bandersnatch","bdist_wheel","false",1
"2026-04-20","0.7.0","bandersnatch","sdist","false",1
"2026-04-20","0.7.1","bandersnatch","bdist_wheel","false",1
"2026-04-20","0.7.1","bandersnatch","sdist","false",1
"2026-04-20","0.7.2","bandersnatch","bdist_wheel","false",1
"2026-04-20","0.7.2","bandersnatch","sdist","false",1
"2026-04-20","0.8.0","bandersnatch","bdist_wheel","false",1
"2026-04-20","0.8.0","bandersnatch","sdist","false",1
"2026-04-20","0.8.1","bandersnatch","bdist_wheel","false",1
"2026-04-20","0.8.1","bandersnatch","sdist","false",1
"2026-04-20","0.8.2","bandersnatch","bdist_wheel","false",1
"2026-04-20","0.8.2","bandersnatch","sdist","false",1
"2026-04-20","0.9.0","bandersnatch","bdist_wheel","false",1
"2026-04-20","0.9.0","bandersnatch","sdist","false",1
"2026-04-20","0.9.1","bandersnatch","bdist_wheel","false",1
"2026-04-20","0.9.1","bandersnatch","sdist","false",1
"2026-04-20","0.9.1","requests","sdist","false",4
"2026-04-21","0.0.1","","bdist_wheel","false",4
"2026-04-21","0.0.1","","sdist","false",2
"2026-04-21","0.0.1","bandersnatch","bdist_wheel","false",1
"2026-04-21","0.0.1","bandersnatch","sdist","false",1
"2026-04-21","0.1.1","","bdist_wheel","false",2
"2026-04-21","0.1.1","","sdist","false",1
"2026-04-21","0.1.1","bandersnatch","bdist_wheel","false",1
"2026-04-21","0.1.1","bandersnatch","sdist","false",1
"2026-04-21","0.1.10","","bdist_wheel","false",4
"2026-04-21","0.1.10","","sdist","false",2
"2026-04-21","0.1.10","bandersnatch","bdist_wheel","false",1
"2026-04-21","0.1.10","bandersnatch","sdist","false",1
"2026-04-21","0.1.11","","bdist_wheel","false",2
"2026-04-21","0.1.11","","sdist","false",1
"2026-04-21","0.1.11","Browser","sdist","false",1
"2026-04-21","0.1.11","bandersnatch","bdist_wheel","false",1
"2026-04-21","0.1.11","bandersnatch","sdist","false",1
"2026-04-21","0.1.2","","bdist_wheel","false",4
"2026-04-21","0.1.2","","sdist","false",2
"2026-04-21","0.1.2","bandersnatch","bdist_wheel","false",1
"2026-04-21","0.1.2","bandersnatch","sdist","false",1
"2026-04-21","0.1.3","","bdist_wheel","false",4
"2026-04-21","0.1.3","","sdist","false",2
"2026-04-21","0.1.3","bandersnatch","bdist_wheel","false",1
"2026-04-21","0.1.3","bandersnatch","sdist","false",1
"2026-04-21","0.1.4","bandersnatch","bdist_wheel","false",1
"2026-04-21","0.1.4","bandersnatch","sdist","false",1
"2026-04-21","0.1.5","","bdist_wheel","false",4
"2026-04-21","0.1.5","","sdist","false",2
"2026-04-21","0.1.5","bandersnatch","bdist_wheel","false",1
"2026-04-21","0.1.5","bandersnatch","sdist","false",1
"2026-04-21","0.1.6","","bdist_wheel","false",4
"2026-04-21","0.1.6","","sdist","false",2
"2026-04-21","0.1.6","bandersnatch","bdist_wheel","false",1
"2026-04-21","0.1.6","bandersnatch","sdist","false",1
"2026-04-21","0.1.7","","bdist_wheel","false",4
"2026-04-21","0.1.7","","sdist","false",2
"2026-04-21","0.1.7","bandersnatch","bdist_wheel","false",1
"2026-04-21","0.1.7","bandersnatch","sdist","false",1
"2026-04-21","0.1.8","","bdist_wheel","false",4
"2026-04-21","0.1.8","","sdist","false",2
"2026-04-21","0.1.8","bandersnatch","bdist_wheel","false",1
"2026-04-21","0.1.8","bandersnatch","sdist","false",1
"2026-04-21","0.1.9","","bdist_wheel","false",4
"2026-04-21","0.1.9","","sdist","false",2
"2026-04-21","0.1.9","bandersnatch","bdist_wheel","false",1
"2026-04-21","0.1.9","bandersnatch","sdist","false",1
"2026-04-21","0.10.0","","bdist_wheel","false",4
"2026-04-21","0.10.0","","sdist","false",2
"2026-04-21","0.10.0","bandersnatch","bdist_wheel","false",1
"2026-04-21","0.10.0","bandersnatch","sdist","false",1
"2026-04-21","0.10.1","","bdist_wheel","false",4
"2026-04-21","0.10.1","","sdist","false",2
"2026-04-21","0.10.1","bandersnatch","bdist_wheel","false",1
"2026-04-21","0.10.1","bandersnatch","sdist","false",1
"2026-04-21","0.10.2","","bdist_wheel","false",4
"2026-04-21","0.10.2","","sdist","false",2
"2026-04-21","0.10.2","bandersnatch","bdist_wheel","false",1
"2026-04-21","0.10.2","bandersnatch","sdist","false",1
"2026-04-21","0.10.3","","bdist_wheel","false",4
"2026-04-21","0.10.3","","sdist","false",2
"2026-04-21","0.10.3","bandersnatch","bdist_wheel","false",1
"2026-04-21","0.10.3","bandersnatch","sdist","false",1
"2026-04-21","0.11.0","","bdist_wheel","false",4
"2026-04-21","0.11.0","","sdist","false",2
"2026-04-21","0.11.0","bandersnatch","bdist_wheel","false",1
"2026-04-21","0.11.0","bandersnatch","sdist","false",1
"2026-04-21","0.11.1","","bdist_wheel","false",4
"2026-04-21","0.11.1","","sdist","false",2
"2026-04-21","0.11.1","bandersnatch","bdist_wheel","false",1
"2026-04-21","0.11.1","bandersnatch","sdist","false",1
"2026-04-21","0.11.2","","bdist_wheel","false",4
"2026-04-21","0.11.2","","sdist","false",2
"2026-04-21","0.11.2","bandersnatch","bdist_wheel","false",1
"2026-04-21","0.11.2","bandersnatch","sdist","false",1
"2026-04-21","0.11.3","","bdist_wheel","false",4
"2026-04-21","0.11.3","","sdist","false",2
"2026-04-21","0.11.3","bandersnatch","bdist_wheel","false",1
"2026-04-21","0.11.3","bandersnatch","sdist","false",1
"2026-04-21","0.12.0","","bdist_wheel","false",4
"2026-04-21","0.12.0","","sdist","false",2
"2026-04-21","0.12.0","Browser","sdist","false",1
"2026-04-21","0.12.0","bandersnatch","bdist_wheel","false",1
"2026-04-21","0.12.0","bandersnatch","sdist","false",1
"2026-04-21","0.12.1","Browser","sdist","false",1
"2026-04-21","0.12.1","bandersnatch","bdist_wheel","false",1
"2026-04-21","0.12.1","bandersnatch","sdist","false",1
"2026-04-21","0.13.0","","bdist_wheel","false",4
"2026-04-21","0.13.0","","sdist","false",2
"2026-04-21","0.13.0","bandersnatch","bdist_wheel","false",1
"2026-04-21","0.13.0","bandersnatch","sdist","false",1
"2026-04-21","0.13.1","","bdist_wheel","false",4
"2026-04-21","0.13.1","","sdist","false",2
"2026-04-21","0.13.1","Browser","sdist","false",1
"2026-04-21","0.13.1","bandersnatch","bdist_wheel","false",1
"2026-04-21","0.13.1","bandersnatch","sdist","false",1
"2026-04-21","0.13.2","","bdist_wheel","false",4
"2026-04-21","0.13.2","","sdist","false",2
"2026-04-21","0.13.2","bandersnatch","bdist_wheel","false",1
"2026-04-21","0.13.2","bandersnatch","sdist","false",1
"2026-04-21","0.14.0","","bdist_wheel","false",4
"2026-04-21","0.14.0","","sdist","false",2
"2026-04-21","0.14.0","bandersnatch","bdist_wheel","false",1
"2026-04-21","0.14.0","bandersnatch","sdist","false",1
"2026-04-21","0.14.1","bandersnatch","bdist_wheel","false",1
"2026-04-21","0.14.1","bandersnatch","sdist","false",1
"2026-04-21","0.15.0","","bdist_wheel","false",4
"2026-04-21","0.15.0","","sdist","false",2
"2026-04-21","0.15.0","bandersnatch","bdist_wheel","false",1
"2026-04-21","0.15.0","bandersnatch","sdist","false",1
"2026-04-21","0.16.0","bandersnatch","bdist_wheel","false",1
"2026-04-21","0.16.0","bandersnatch","sdist","false",1
"2026-04-21","0.16.1","","bdist_wheel","false",4
"2026-04-21","0.16.1","","sdist","false",2
"2026-04-21","0.16.1","bandersnatch","bdist_wheel","false",1
"2026-04-21","0.16.1","bandersnatch","sdist","false",1
"2026-04-21","0.16.2","","bdist_wheel","false",4
"2026-04-21","0.16.2","","sdist","false",2
"2026-04-21","0.16.2","bandersnatch","bdist_wheel","false",1
"2026-04-21","0.16.2","bandersnatch","sdist","false",1
"2026-04-21","0.17.0","","bdist_wheel","false",4
"2026-04-21","0.17.0","","sdist","false",2
"2026-04-21","0.17.0","bandersnatch","bdist_wheel","false",1
"2026-04-21","0.17.0","bandersnatch","sdist","false",1
"2026-04-21","0.17.1","","bdist_wheel","false",4
"2026-04-21","0.17.1","","sdist","false",2
"2026-04-21","0.17.1","bandersnatch","bdist_wheel","false",1
"2026-04-21","0.17.1","bandersnatch","sdist","false",1
"2026-04-21","0.17.2","","bdist_wheel","false",5
"2026-04-21","0.17.2","","sdist","false",2
"2026-04-21","0.17.2","bandersnatch","bdist_wheel","false",1
"2026-04-21","0.17.2","bandersnatch","sdist","false",1
"2026-04-21","0.18.0","bandersnatch","bdist_wheel","false",1
"2026-04-21","0.18.0","bandersnatch","sdist","false",1
"2026-04-21","0.19.0","Browser","sdist","false",1
"2026-04-21","0.19.0","bandersnatch","bdist_wheel","false",1
"2026-04-21","0.19.0","bandersnatch","sdist","false",1
"2026-04-21","0.19.1","Browser","bdist_wheel","false",1
"2026-04-21","0.19.1","bandersnatch","bdist_wheel","false",1
"2026-04-21","0.19.1","bandersnatch","sdist","false",1
"2026-04-21","0.19.2","bandersnatch","bdist_wheel","false",1
"2026-04-21","0.19.2","bandersnatch","sdist","false",1
"2026-04-21","0.2.0","bandersnatch","bdist_wheel","false",1
"2026-04-21","0.2.0","bandersnatch","sdist","false",2
"2026-04-21","0.20.0","","bdist_wheel","false",5
"2026-04-21","0.20.0","","sdist","false",2
"2026-04-21","0.20.0","bandersnatch","bdist_wheel","false",1
"2026-04-21","0.20.0","bandersnatch","sdist","false",1
"2026-04-21","0.21.0","","bdist_wheel","false",4
"2026-04-21","0.21.0","","sdist","false",2
"2026-04-21","0.21.0","bandersnatch","bdist_wheel","false",1
"2026-04-21","0.21.0","bandersnatch","sdist","false",1
"2026-04-21","0.21.1","","bdist_wheel","false",4
"2026-04-21","0.21.1","","sdist","false",2
"2026-04-21","0.21.1","bandersnatch","bdist_wheel","false",1
"2026-04-21","0.21.1","bandersnatch","sdist","false",1
"2026-04-21","0.21.2","","bdist_wheel","false",4
"2026-04-21","0.21.2","","sdist","false",2
"2026-04-21","0.21.2","bandersnatch","bdist_wheel","false",1
"2026-04-21","0.21.2","bandersnatch","sdist","false",1
"2026-04-21","0.22.0","bandersnatch","bdist_wheel","false",1
"2026-04-21","0.22.0","bandersnatch","sdist","false",1
"2026-04-21","0.22.1","","bdist_wheel","false",4
"2026-04-21","0.22.1","","sdist","false",2
"2026-04-21","0.22.1","bandersnatch","bdist_wheel","false",1
"2026-04-21","0.22.1","bandersnatch","sdist","false",1
"2026-04-21","0.22.2","Browser","sdist","false",1
"2026-04-21","0.22.2","bandersnatch","bdist_wheel","false",1
"2026-04-21","0.22.2","bandersnatch","sdist","false",1
"2026-04-21","0.22.3","","bdist_wheel","false",4
"2026-04-21","0.22.3","","sdist","false",2
"2026-04-21","0.22.3","bandersnatch","bdist_wheel","false",1
"2026-04-21","0.22.3","bandersnatch","sdist","false",1
"2026-04-21","0.22.4","bandersnatch","bdist_wheel","false",1
"2026-04-21","0.22.4","bandersnatch","sdist","false",1
"2026-04-21","0.23.0","bandersnatch","bdist_wheel","false",1
"2026-04-21","0.23.0","bandersnatch","sdist","false",1
"2026-04-21","0.23.1","","bdist_wheel","false",4
"2026-04-21","0.23.1","","sdist","false",2
"2026-04-21","0.23.1","bandersnatch","bdist_wheel","false",1
"2026-04-21","0.23.1","bandersnatch","sdist","false",1
"2026-04-21","0.23.2","","bdist_wheel","false",4
"2026-04-21","0.23.2","","sdist","false",2
"2026-04-21","0.23.2","bandersnatch","bdist_wheel","false",1
"2026-04-21","0.23.2","bandersnatch","sdist","false",1
"2026-04-21","0.24.0","","bdist_wheel","false",4
"2026-04-21","0.24.0","","sdist","false",2
"2026-04-21","0.24.0","Browser","sdist","false",1
"2026-04-21","0.24.0","bandersnatch","bdist_wheel","false",1
"2026-04-21","0.24.0","bandersnatch","sdist","false",1
"2026-04-21","0.24.0","pip","bdist_wheel","false",8
"2026-04-21","0.25.0","","bdist_wheel","false",4
"2026-04-21","0.25.0","","sdist","false",2
"2026-04-21","0.25.0","bandersnatch","bdist_wheel","false",1
"2026-04-21","0.25.0","bandersnatch","sdist","false",1
"2026-04-21","0.25.1","","sdist","false",1
"2026-04-21","0.25.1","bandersnatch","bdist_wheel","false",1
"2026-04-21","0.25.1","bandersnatch","sdist","false",1
"2026-04-21","0.25.1","uv","bdist_wheel","true",6
"2026-04-21","0.26.0","","bdist_wheel","false",5
"2026-04-21","0.26.0","","sdist","false",3
"2026-04-21","0.26.0","bandersnatch","bdist_wheel","false",1
"2026-04-21","0.26.0","bandersnatch","sdist","false",1
"2026-04-21","0.26.1","","bdist_wheel","false",5
"2026-04-21","0.26.1","","sdist","false",4
"2026-04-21","0.26.1","bandersnatch","bdist_wheel","false",1
"2026-04-21","0.26.1","bandersnatch","sdist","false",1
"2026-04-21","0.26.1","pip","bdist_wheel","false",6
"2026-04-21","0.26.1","uv","bdist_wheel","false",631
"2026-04-21","0.26.1","uv","bdist_wheel","true",16
"2026-04-21","0.3.0","","bdist_wheel","false",2
"2026-04-21","0.3.0","","sdist","false",1
"2026-04-21","0.3.0","bandersnatch","bdist_wheel","false",1
"2026-04-21","0.3.0","bandersnatch","sdist","false",1
"2026-04-21","0.3.1","","bdist_wheel","false",4
"2026-04-21","0.3.1","","sdist","false",2
"2026-04-21","0.3.1","bandersnatch","bdist_wheel","false",1
"2026-04-21","0.3.1","bandersnatch","sdist","false",1
"2026-04-21","0.4.0","","bdist_wheel","false",4
"2026-04-21","0.4.0","","sdist","false",2
"2026-04-21","0.4.0","bandersnatch","bdist_wheel","false",1
"2026-04-21","0.4.0","bandersnatch","sdist","false",1
"2026-04-21","0.4.1","","bdist_wheel","false",5
"2026-04-21","0.4.1","","sdist","false",2
"2026-04-21","0.4.1","bandersnatch","bdist_wheel","false",1
"2026-04-21","0.4.1","bandersnatch","sdist","false",1
"2026-04-21","0.5.0","","bdist_wheel","false",4
"2026-04-21","0.5.0","","sdist","false",2
"2026-04-21","0.5.0","bandersnatch","bdist_wheel","false",1
"2026-04-21","0.5.0","bandersnatch","sdist","false",1
"2026-04-21","0.5.1","","bdist_wheel","false",4
"2026-04-21","0.5.1","","sdist","false",2
"2026-04-21","0.5.1","bandersnatch","bdist_wheel","false",1
"2026-04-21","0.5.1","bandersnatch","sdist","false",1
"2026-04-21","0.6.0","","bdist_wheel","false",4
"2026-04-21","0.6.0","","sdist","false",2
"2026-04-21","0.6.0","bandersnatch","bdist_wheel","false",1
"2026-04-21","0.6.0","bandersnatch","sdist","false",1
"2026-04-21","0.6.1","","bdist_wheel","false",5
"2026-04-21","0.6.1","","sdist","false",2
"2026-04-21","0.6.1","bandersnatch","bdist_wheel","false",1
"2026-04-21","0.6.1","bandersnatch","sdist","false",1
"2026-04-21","0.6.2","","bdist_wheel","false",4
"2026-04-21","0.6.2","","sdist","false",2
"2026-04-21","0.6.2","bandersnatch","bdist_wheel","false",1
"2026-04-21","0.6.2","bandersnatch","sdist","false",1
"2026-04-21","0.6.3","","bdist_wheel","false",4
"2026-04-21","0.6.3","","sdist","false",2
"2026-04-21","0.6.3","bandersnatch","bdist_wheel","false",1
"2026-04-21","0.6.3","bandersnatch","sdist","false",1
"2026-04-21","0.6.4","","bdist_wheel","false",4
"2026-04-21","0.6.4","","sdist","false",2
"2026-04-21","0.6.4","bandersnatch","bdist_wheel","false",1
"2026-04-21","0.6.4","bandersnatch","sdist","false",1
"2026-04-21","0.7.0","","bdist_wheel","false",4
"2026-04-21","0.7.0","","sdist","false",2
"2026-04-21","0.7.0","bandersnatch","bdist_wheel","false",1
"2026-04-21","0.7.0","bandersnatch","sdist","false",1
"2026-04-21","0.7.1","","bdist_wheel","false",4
"2026-04-21","0.7.1","","sdist","false",2
"2026-04-21","0.7.1","bandersnatch","bdist_wheel","false",1
"2026-04-21","0.7.1","bandersnatch","sdist","false",1
"2026-04-21","0.7.2","","bdist_wheel","false",4
"2026-04-21","0.7.2","","sdist","false",3
"2026-04-21","0.7.2","bandersnatch","bdist_wheel","false",1
"2026-04-21","0.7.2","bandersnatch","sdist","false",1
"2026-04-21","0.8.0","","bdist_wheel","false",2
"2026-04-21","0.8.0","","sdist","false",1
"2026-04-21","0.8.0","bandersnatch","bdist_wheel","false",1
"2026-04-21","0.8.0","bandersnatch","sdist","false",1
"2026-04-21","0.8.1","","bdist_wheel","false",4
"2026-04-21","0.8.1","","sdist","false",2
"2026-04-21","0.8.1","bandersnatch","bdist_wheel","false",1
"2026-04-21","0.8.1","bandersnatch","sdist","false",1
"2026-04-21","0.8.2","","bdist_wheel","false",4
"2026-04-21","0.8.2","","sdist","false",2
"2026-04-21","0.8.2","bandersnatch","bdist_wheel","false",1
"2026-04-21","0.8.2","bandersnatch","sdist","false",1
"2026-04-21","0.9.0","","bdist_wheel","false",2
"2026-04-21","0.9.0","","sdist","false",1
"2026-04-21","0.9.0","bandersnatch","bdist_wheel","false",1
"2026-04-21","0.9.0","bandersnatch","sdist","false",1
"2026-04-21","0.9.1","","bdist_wheel","false",4
"2026-04-21","0.9.1","","sdist","false",2
"2026-04-21","0.9.1","bandersnatch","bdist_wheel","false",1
"2026-04-21","0.9.1","bandersnatch","sdist","false",1
"2026-04-22","0.0.1","","bdist_wheel","false",1
"2026-04-22","0.0.1","Browser","bdist_wheel","false",2
"2026-04-22","0.0.1","Browser","sdist","false",2
"2026-04-22","0.1.1","","bdist_wheel","false",1
"2026-04-22","0.1.1","Browser","bdist_wheel","false",2
"2026-04-22","0.1.1","Browser","sdist","false",2
"2026-04-22","0.1.10","","bdist_wheel","false",1
"2026-04-22","0.1.10","Browser","bdist_wheel","false",2
"2026-04-22","0.1.10","Browser","sdist","false",1
"2026-04-22","0.1.11","","bdist_wheel","false",1
"2026-04-22","0.1.11","Browser","bdist_wheel","false",1
"2026-04-22","0.1.11","Browser","sdist","false",1
"2026-04-22","0.1.2","","bdist_wheel","false",1
"2026-04-22","0.1.2","Browser","bdist_wheel","false",1
"2026-04-22","0.1.2","Browser","sdist","false",1
"2026-04-22","0.1.3","","bdist_wheel","false",1
"2026-04-22","0.1.3","Browser","bdist_wheel","false",1
"2026-04-22","0.1.3","Browser","sdist","false",1
"2026-04-22","0.1.4","","bdist_wheel","false",1
"2026-04-22","0.1.4","Browser","bdist_wheel","false",1
"2026-04-22","0.1.4","Browser","sdist","false",1
"2026-04-22","0.1.5","","bdist_wheel","false",1
"2026-04-22","0.1.5","Browser","bdist_wheel","false",1
"2026-04-22","0.1.5","Browser","sdist","false",1
"2026-04-22","0.1.6","","bdist_wheel","false",1
"2026-04-22","0.1.6","Browser","bdist_wheel","false",1
"2026-04-22","0.1.6","Browser","sdist","false",1
"2026-04-22","0.1.7","","bdist_wheel","false",1
"2026-04-22","0.1.7","Browser","bdist_wheel","false",1
"2026-04-22","0.1.7","Browser","sdist","false",1
"2026-04-22","0.1.8","","bdist_wheel","false",1
"2026-04-22","0.1.8","Browser","bdist_wheel","false",1
"2026-04-22","0.1.8","Browser","sdist","false",1
"2026-04-22","0.1.9","","bdist_wheel","false",1
"2026-04-22","0.1.9","Browser","bdist_wheel","false",1
"2026-04-22","0.1.9","Browser","sdist","false",1
"2026-04-22","0.10.0","","bdist_wheel","false",1
"2026-04-22","0.10.0","Browser","bdist_wheel","false",2
"2026-04-22","0.10.0","Browser","sdist","false",1
"2026-04-22","0.10.1","","bdist_wheel","false",1
"2026-04-22","0.10.2","","bdist_wheel","false",1
"2026-04-22","0.10.3","","bdist_wheel","false",1
"2026-04-22","0.11.0","","bdist_wheel","false",1
"2026-04-22","0.11.0","Browser","sdist","false",1
"2026-04-22","0.11.1","","bdist_wheel","false",1
"2026-04-22","0.11.1","Browser","sdist","false",1
"2026-04-22","0.11.2","","bdist_wheel","false",1
"2026-04-22","0.11.3","","bdist_wheel","false",1
"2026-04-22","0.12.0","","bdist_wheel","false",1
"2026-04-22","0.12.1","","bdist_wheel","false",1
"2026-04-22","0.13.0","","bdist_wheel","false",1
"2026-04-22","0.13.0","Browser","sdist","false",1
"2026-04-22","0.13.1","","bdist_wheel","false",1
"2026-04-22","0.13.2","","bdist_wheel","false",1
"2026-04-22","0.14.0","","bdist_wheel","false",1
"2026-04-22","0.14.1","","bdist_wheel","false",1
"2026-04-22","0.15.0","","bdist_wheel","false",1
"2026-04-22","0.16.0","","bdist_wheel","false",1
"2026-04-22","0.16.1","","bdist_wheel","false",1
"2026-04-22","0.16.2","","bdist_wheel","false",1
"2026-04-22","0.17.0","","bdist_wheel","false",1
"2026-04-22","0.17.1","","bdist_wheel","false",1
"2026-04-22","0.17.2","","bdist_wheel","false",1
"2026-04-22","0.17.2","Browser","bdist_wheel","false",1
"2026-04-22","0.17.2","Browser","sdist","false",1
"2026-04-22","0.18.0","","bdist_wheel","false",1
"2026-04-22","0.19.0","","bdist_wheel","false",1
"2026-04-22","0.19.1","","bdist_wheel","false",1
"2026-04-22","0.19.2","","bdist_wheel","false",1
"2026-04-22","0.2.0","","bdist_wheel","false",1
"2026-04-22","0.2.0","Browser","bdist_wheel","false",2
"2026-04-22","0.2.0","Browser","sdist","false",1
"2026-04-22","0.20.0","","bdist_wheel","false",1
"2026-04-22","0.21.0","","bdist_wheel","false",1
"2026-04-22","0.21.1","","bdist_wheel","false",1
"2026-04-22","0.21.2","","bdist_wheel","false",1
"2026-04-22","0.22.0","","bdist_wheel","false",1
"2026-04-22","0.22.0","Browser","sdist","false",1
"2026-04-22","0.22.1","","bdist_wheel","false",1
"2026-04-22","0.22.2","","bdist_wheel","false",1
"2026-04-22","0.22.3","","bdist_wheel","false",1
"2026-04-22","0.22.4","","bdist_wheel","false",1
"2026-04-22","0.22.4","Browser","sdist","false",1
"2026-04-22","0.23.0","","bdist_wheel","false",1
"2026-04-22","0.23.1","","bdist_wheel","false",1
"2026-04-22","0.23.2","","bdist_wheel","false",1
"2026-04-22","0.24.0","","bdist_wheel","false",1
"2026-04-22","0.24.0","bandersnatch","bdist_wheel","false",1
"2026-04-22","0.24.0","bandersnatch","sdist","false",1
"2026-04-22","0.25.0","","bdist_wheel","false",1
"2026-04-22","0.25.0","bandersnatch","bdist_wheel","false",1
"2026-04-22","0.25.0","bandersnatch","sdist","false",1
"2026-04-22","0.25.1","","bdist_wheel","false",1
"2026-04-22","0.25.1","bandersnatch","bdist_wheel","false",1
"2026-04-22","0.25.1","bandersnatch","sdist","false",1
"2026-04-22","0.25.1","uv","bdist_wheel","false",1
"2026-04-22","0.25.1","uv","bdist_wheel","true",50
"2026-04-22","0.26.0","","bdist_wheel","false",1
"2026-04-22","0.26.0","","sdist","false",1
"2026-04-22","0.26.0","bandersnatch","bdist_wheel","false",1
"2026-04-22","0.26.0","bandersnatch","sdist","false",1
"2026-04-22","0.26.1","","bdist_wheel","false",2
"2026-04-22","0.26.1","Browser","sdist","false",2
"2026-04-22","0.26.1","bandersnatch","bdist_wheel","false",1
"2026-04-22","0.26.1","bandersnatch","sdist","false",1
"2026-04-22","0.26.1","pip","bdist_wheel","false",8
"2026-04-22","0.26.1","uv","bdist_wheel","false",756
"2026-04-22","0.26.1","uv","bdist_wheel","true",6
"2026-04-22","0.3.0","","bdist_wheel","false",1
"2026-04-22","0.3.0","Browser","bdist_wheel","false",1
"2026-04-22","0.3.0","Browser","sdist","false",1
"2026-04-22","0.3.1","","bdist_wheel","false",1
"2026-04-22","0.3.1","Browser","bdist_wheel","false",1
"2026-04-22","0.3.1","Browser","sdist","false",1
"2026-04-22","0.4.0","","bdist_wheel","false",1
"2026-04-22","0.4.0","Browser","bdist_wheel","false",1
"2026-04-22","0.4.0","Browser","sdist","false",2
"2026-04-22","0.4.1","","bdist_wheel","false",1
"2026-04-22","0.4.1","Browser","bdist_wheel","false",1
"2026-04-22","0.4.1","Browser","sdist","false",1
"2026-04-22","0.5.0","","bdist_wheel","false",1
"2026-04-22","0.5.0","Browser","bdist_wheel","false",1
"2026-04-22","0.5.0","Browser","sdist","false",1
"2026-04-22","0.5.1","","bdist_wheel","false",1
"2026-04-22","0.5.1","Browser","bdist_wheel","false",1
"2026-04-22","0.5.1","Browser","sdist","false",1
"2026-04-22","0.6.0","","bdist_wheel","false",1
"2026-04-22","0.6.0","Browser","bdist_wheel","false",1
"2026-04-22","0.6.0","Browser","sdist","false",2
"2026-04-22","0.6.1","","bdist_wheel","false",1
"2026-04-22","0.6.1","Browser","bdist_wheel","false",1
"2026-04-22","0.6.1","Browser","sdist","false",1
"2026-04-22","0.6.2","","bdist_wheel","false",1
"2026-04-22","0.6.2","Browser","bdist_wheel","false",2
"2026-04-22","0.6.2","Browser","sdist","false",2
"2026-04-22","0.6.3","","bdist_wheel","false",1
"2026-04-22","0.6.3","Browser","bdist_wheel","false",1
"2026-04-22","0.6.3","Browser","sdist","false",1
"2026-04-22","0.6.4","","bdist_wheel","false",1
"2026-04-22","0.6.4","Browser","bdist_wheel","false",1
"2026-04-22","0.6.4","Browser","sdist","false",1
"2026-04-22","0.7.0","","bdist_wheel","false",1
"2026-04-22","0.7.0","Browser","bdist_wheel","false",1
"2026-04-22","0.7.0","Browser","sdist","false",1
"2026-04-22","0.7.1","","bdist_wheel","false",1
"2026-04-22","0.7.1","Browser","bdist_wheel","false",1
"2026-04-22","0.7.1","Browser","sdist","false",1
"2026-04-22","0.7.2","","bdist_wheel","false",1
"2026-04-22","0.7.2","Browser","bdist_wheel","false",1
"2026-04-22","0.7.2","Browser","sdist","false",1
"2026-04-22","0.8.0","","bdist_wheel","false",1
"2026-04-22","0.8.0","Browser","bdist_wheel","false",1
"2026-04-22","0.8.0","Browser","sdist","false",1
"2026-04-22","0.8.1","","bdist_wheel","false",1
"2026-04-22","0.8.1","Browser","bdist_wheel","false",1
"2026-04-22","0.8.1","Browser","sdist","false",1
"2026-04-22","0.8.2","","bdist_wheel","false",1
"2026-04-22","0.8.2","Browser","bdist_wheel","false",1
"2026-04-22","0.8.2","Browser","sdist","false",1
"2026-04-22","0.9.0","","bdist_wheel","false",1
"2026-04-22","0.9.0","Browser","bdist_wheel","false",1
"2026-04-22","0.9.0","Browser","sdist","false",1
"2026-04-22","0.9.1","","bdist_wheel","false",1
"2026-04-22","0.9.1","Browser","bdist_wheel","false",2
"2026-04-22","0.9.1","Browser","sdist","false",1
"2026-04-23","0.23.1","Browser","bdist_wheel","false",1
"2026-04-23","0.25.1","bandersnatch","bdist_wheel","false",1
"2026-04-23","0.25.1","bandersnatch","sdist","false",1
"2026-04-23","0.25.1","uv","bdist_wheel","true",56
"2026-04-23","0.26.0","bandersnatch","bdist_wheel","false",1
"2026-04-23","0.26.0","bandersnatch","sdist","false",1
"2026-04-23","0.26.1","bandersnatch","bdist_wheel","false",1
"2026-04-23","0.26.1","bandersnatch","sdist","false",1
"2026-04-23","0.26.1","pip","bdist_wheel","false",14
"2026-04-23","0.26.1","uv","bdist_wheel","false",1575
"2026-04-23","0.26.1","uv","bdist_wheel","true",22
"2026-04-24","0.16.0","Browser","bdist_wheel","false",1
"2026-04-24","0.25.0","bandersnatch","bdist_wheel","false",1
"2026-04-24","0.25.0","bandersnatch","sdist","false",1
"2026-04-24","0.25.1","Browser","sdist","false",2
"2026-04-24","0.25.1","bandersnatch","bdist_wheel","false",1
"2026-04-24","0.25.1","bandersnatch","sdist","false",1
"2026-04-24","0.25.1","uv","bdist_wheel","false",2
"2026-04-24","0.25.1","uv","bdist_wheel","true",68
"2026-04-24","0.26.0","Browser","bdist_wheel","false",2
"2026-04-24","0.26.0","bandersnatch","bdist_wheel","false",2
"2026-04-24","0.26.0","bandersnatch","sdist","false",3
"2026-04-24","0.26.1","bandersnatch","bdist_wheel","false",2
"2026-04-24","0.26.1","bandersnatch","sdist","false",2
"2026-04-24","0.26.1","pip","bdist_wheel","false",3
"2026-04-24","0.26.1","requests","bdist_wheel","false",2
"2026-04-24","0.26.1","uv","bdist_wheel","false",1649
"2026-04-24","0.26.1","uv","bdist_wheel","true",18
"2026-04-24","0.5.1","Browser","bdist_wheel","false",1
"2026-04-24","0.5.1","Browser","sdist","false",1
"2026-04-25","0.21.1","Browser","bdist_wheel","false",1
"2026-04-25","0.25.1","uv","bdist_wheel","true",16
"2026-04-25","0.26.1","","bdist_wheel","false",1
"2026-04-25","0.26.1","pip","bdist_wheel","false",7
"2026-04-25","0.26.1","uv","bdist_wheel","false",669
"2026-04-25","0.26.1","uv","bdist_wheel","true",44
"2026-04-26","0.0.1","bandersnatch","bdist_wheel","false",1
"2026-04-26","0.0.1","bandersnatch","sdist","false",1
"2026-04-26","0.1.1","bandersnatch","bdist_wheel","false",1
"2026-04-26","0.1.1","bandersnatch","sdist","false",1
"2026-04-26","0.1.10","bandersnatch","bdist_wheel","false",1
"2026-04-26","0.1.10","bandersnatch","sdist","false",1
"2026-04-26","0.1.11","bandersnatch","bdist_wheel","false",1
"2026-04-26","0.1.11","bandersnatch","sdist","false",1
"2026-04-26","0.1.2","bandersnatch","bdist_wheel","false",1
"2026-04-26","0.1.2","bandersnatch","sdist","false",1
"2026-04-26","0.1.3","bandersnatch","bdist_wheel","false",1
"2026-04-26","0.1.3","bandersnatch","sdist","false",1
"2026-04-26","0.1.4","bandersnatch","bdist_wheel","false",1
"2026-04-26","0.1.4","bandersnatch","sdist","false",1
"2026-04-26","0.1.5","bandersnatch","bdist_wheel","false",1
"2026-04-26","0.1.5","bandersnatch","sdist","false",1
"2026-04-26","0.1.6","bandersnatch","bdist_wheel","false",1
"2026-04-26","0.1.6","bandersnatch","sdist","false",1
"2026-04-26","0.1.7","bandersnatch","bdist_wheel","false",1
"2026-04-26","0.1.7","bandersnatch","sdist","false",1
"2026-04-26","0.1.8","bandersnatch","bdist_wheel","false",1
"2026-04-26","0.1.8","bandersnatch","sdist","false",1
"2026-04-26","0.1.9","bandersnatch","bdist_wheel","false",1
"2026-04-26","0.1.9","bandersnatch","sdist","false",1
"2026-04-26","0.10.0","bandersnatch","bdist_wheel","false",1
"2026-04-26","0.10.0","bandersnatch","sdist","false",1
"2026-04-26","0.10.1","bandersnatch","bdist_wheel","false",1
"2026-04-26","0.10.1","bandersnatch","sdist","false",1
"2026-04-26","0.10.2","bandersnatch","bdist_wheel","false",1
"2026-04-26","0.10.2","bandersnatch","sdist","false",1
"2026-04-26","0.10.3","bandersnatch","bdist_wheel","false",1
"2026-04-26","0.10.3","bandersnatch","sdist","false",1
"2026-04-26","0.11.0","bandersnatch","bdist_wheel","false",1
"2026-04-26","0.11.0","bandersnatch","sdist","false",1
"2026-04-26","0.11.1","bandersnatch","bdist_wheel","false",1
"2026-04-26","0.11.1","bandersnatch","sdist","false",1
"2026-04-26","0.11.2","bandersnatch","bdist_wheel","false",1
"2026-04-26","0.11.2","bandersnatch","sdist","false",1
"2026-04-26","0.11.3","bandersnatch","bdist_wheel","false",1
"2026-04-26","0.11.3","bandersnatch","sdist","false",1
"2026-04-26","0.12.0","bandersnatch","bdist_wheel","false",1
"2026-04-26","0.12.0","bandersnatch","sdist","false",1
"2026-04-26","0.12.1","bandersnatch","bdist_wheel","false",1
"2026-04-26","0.12.1","bandersnatch","sdist","false",1
"2026-04-26","0.13.0","bandersnatch","bdist_wheel","false",1
"2026-04-26","0.13.0","bandersnatch","sdist","false",1
"2026-04-26","0.13.1","bandersnatch","bdist_wheel","false",1
"2026-04-26","0.13.1","bandersnatch","sdist","false",1
"2026-04-26","0.13.2","bandersnatch","bdist_wheel","false",1
"2026-04-26","0.13.2","bandersnatch","sdist","false",1
"2026-04-26","0.14.0","bandersnatch","bdist_wheel","false",1
"2026-04-26","0.14.0","bandersnatch","sdist","false",1
"2026-04-26","0.14.1","bandersnatch","bdist_wheel","false",1
"2026-04-26","0.14.1","bandersnatch","sdist","false",1
"2026-04-26","0.15.0","bandersnatch","bdist_wheel","false",1
"2026-04-26","0.15.0","bandersnatch","sdist","false",1
"2026-04-26","0.16.0","bandersnatch","bdist_wheel","false",1
"2026-04-26","0.16.0","bandersnatch","sdist","false",1
"2026-04-26","0.16.1","bandersnatch","bdist_wheel","false",1
"2026-04-26","0.16.1","bandersnatch","sdist","false",1
"2026-04-26","0.16.2","bandersnatch","bdist_wheel","false",1
"2026-04-26","0.16.2","bandersnatch","sdist","false",1
"2026-04-26","0.17.0","bandersnatch","bdist_wheel","false",1
"2026-04-26","0.17.0","bandersnatch","sdist","false",1
"2026-04-26","0.17.1","bandersnatch","bdist_wheel","false",1
"2026-04-26","0.17.1","bandersnatch","sdist","false",1
"2026-04-26","0.17.2","bandersnatch","bdist_wheel","false",1
"2026-04-26","0.17.2","bandersnatch","sdist","false",1
"2026-04-26","0.18.0","bandersnatch","bdist_wheel","false",1
"2026-04-26","0.18.0","bandersnatch","sdist","false",1
"2026-04-26","0.19.0","bandersnatch","bdist_wheel","false",1
"2026-04-26","0.19.0","bandersnatch","sdist","false",1
"2026-04-26","0.19.1","bandersnatch","bdist_wheel","false",1
"2026-04-26","0.19.1","bandersnatch","sdist","false",1
"2026-04-26","0.19.2","bandersnatch","bdist_wheel","false",1
"2026-04-26","0.19.2","bandersnatch","sdist","false",1
"2026-04-26","0.2.0","bandersnatch","bdist_wheel","false",1
"2026-04-26","0.2.0","bandersnatch","sdist","false",1
"2026-04-26","0.20.0","bandersnatch","bdist_wheel","false",1
"2026-04-26","0.20.0","bandersnatch","sdist","false",1
"2026-04-26","0.21.0","bandersnatch","bdist_wheel","false",1
"2026-04-26","0.21.0","bandersnatch","sdist","false",1
"2026-04-26","0.21.1","bandersnatch","bdist_wheel","false",1
"2026-04-26","0.21.1","bandersnatch","sdist","false",1
"2026-04-26","0.21.2","bandersnatch","bdist_wheel","false",1
"2026-04-26","0.21.2","bandersnatch","sdist","false",1
"2026-04-26","0.22.0","bandersnatch","bdist_wheel","false",1
"2026-04-26","0.22.0","bandersnatch","sdist","false",1
"2026-04-26","0.22.1","bandersnatch","bdist_wheel","false",1
"2026-04-26","0.22.1","bandersnatch","sdist","false",1
"2026-04-26","0.22.2","bandersnatch","bdist_wheel","false",1
"2026-04-26","0.22.2","bandersnatch","sdist","false",1
"2026-04-26","0.22.3","bandersnatch","bdist_wheel","false",1
"2026-04-26","0.22.3","bandersnatch","sdist","false",1
"2026-04-26","0.22.4","bandersnatch","bdist_wheel","false",1
"2026-04-26","0.22.4","bandersnatch","sdist","false",1
"2026-04-26","0.23.0","bandersnatch","bdist_wheel","false",1
"2026-04-26","0.23.0","bandersnatch","sdist","false",1
"2026-04-26","0.23.1","bandersnatch","bdist_wheel","false",1
"2026-04-26","0.23.1","bandersnatch","sdist","false",1
"2026-04-26","0.23.1","uv","bdist_wheel","false",3
"2026-04-26","0.23.2","bandersnatch","bdist_wheel","false",1
"2026-04-26","0.23.2","bandersnatch","sdist","false",1
"2026-04-26","0.24.0","bandersnatch","bdist_wheel","false",1
"2026-04-26","0.24.0","bandersnatch","sdist","false",1
"2026-04-26","0.24.0","pip","bdist_wheel","false",4
"2026-04-26","0.25.0","bandersnatch","bdist_wheel","false",1
"2026-04-26","0.25.0","bandersnatch","sdist","false",1
"2026-04-26","0.25.1","bandersnatch","bdist_wheel","false",1
"2026-04-26","0.25.1","bandersnatch","sdist","false",1
"2026-04-26","0.25.1","uv","bdist_wheel","true",2
"2026-04-26","0.26.0","bandersnatch","bdist_wheel","false",1
"2026-04-26","0.26.0","bandersnatch","sdist","false",1
"2026-04-26","0.26.1","","bdist_wheel","false",1
"2026-04-26","0.26.1","bandersnatch","bdist_wheel","false",1
"2026-04-26","0.26.1","bandersnatch","sdist","false",1
"2026-04-26","0.26.1","pip","bdist_wheel","false",5
"2026-04-26","0.26.1","uv","bdist_wheel","false",655
"2026-04-26","0.26.1","uv","bdist_wheel","true",86
"2026-04-26","0.3.0","bandersnatch","bdist_wheel","false",1
"2026-04-26","0.3.0","bandersnatch","sdist","false",1
"2026-04-26","0.3.1","bandersnatch","bdist_wheel","false",1
"2026-04-26","0.3.1","bandersnatch","sdist","false",1
"2026-04-26","0.4.0","bandersnatch","bdist_wheel","false",1
"2026-04-26","0.4.0","bandersnatch","sdist","false",1
"2026-04-26","0.4.1","bandersnatch","bdist_wheel","false",1
"2026-04-26","0.4.1","bandersnatch","sdist","false",1
"2026-04-26","0.5.0","bandersnatch","bdist_wheel","false",1
"2026-04-26","0.5.0","bandersnatch","sdist","false",1
"2026-04-26","0.5.1","bandersnatch","bdist_wheel","false",1
"2026-04-26","0.5.1","bandersnatch","sdist","false",1
"2026-04-26","0.6.0","bandersnatch","bdist_wheel","false",1
"2026-04-26","0.6.0","bandersnatch","sdist","false",1
"2026-04-26","0.6.1","bandersnatch","bdist_wheel","false",1
"2026-04-26","0.6.1","bandersnatch","sdist","false",1
"2026-04-26","0.6.2","bandersnatch","bdist_wheel","false",1
"2026-04-26","0.6.2","bandersnatch","sdist","false",1
"2026-04-26","0.6.3","bandersnatch","bdist_wheel","false",1
"2026-04-26","0.6.3","bandersnatch","sdist","false",1
"2026-04-26","0.6.4","bandersnatch","bdist_wheel","false",1
"2026-04-26","0.6.4","bandersnatch","sdist","false",1
"2026-04-26","0.7.0","bandersnatch","bdist_wheel","false",1
"2026-04-26","0.7.0","bandersnatch","sdist","false",1
"2026-04-26","0.7.1","bandersnatch","bdist_wheel","false",1
"2026-04-26","0.7.1","bandersnatch","sdist","false",1
"2026-04-26","0.7.2","bandersnatch","bdist_wheel","false",1
"2026-04-26","0.7.2","bandersnatch","sdist","false",1
"2026-04-26","0.8.0","bandersnatch","bdist_wheel","false",1
"2026-04-26","0.8.0","bandersnatch","sdist","false",1
"2026-04-26","0.8.1","bandersnatch","bdist_wheel","false",1
"2026-04-26","0.8.1","bandersnatch","sdist","false",1
"2026-04-26","0.8.2","bandersnatch","bdist_wheel","false",1
"2026-04-26","0.8.2","bandersnatch","sdist","false",1
"2026-04-26","0.9.0","bandersnatch","bdist_wheel","false",1
"2026-04-26","0.9.0","bandersnatch","sdist","false",1
"2026-04-26","0.9.1","bandersnatch","bdist_wheel","false",1
"2026-04-26","0.9.1","bandersnatch","sdist","false",1
"2026-04-27","0.0.1","bandersnatch","bdist_wheel","false",1
"2026-04-27","0.0.1","bandersnatch","sdist","false",1
"2026-04-27","0.1.1","bandersnatch","bdist_wheel","false",1
"2026-04-27","0.1.1","bandersnatch","sdist","false",1
"2026-04-27","0.1.10","bandersnatch","bdist_wheel","false",1
"2026-04-27","0.1.10","bandersnatch","sdist","false",1
"2026-04-27","0.1.11","bandersnatch","bdist_wheel","false",1
"2026-04-27","0.1.11","bandersnatch","sdist","false",1
"2026-04-27","0.1.2","bandersnatch","bdist_wheel","false",1
"2026-04-27","0.1.2","bandersnatch","sdist","false",1
"2026-04-27","0.1.3","bandersnatch","bdist_wheel","false",1
"2026-04-27","0.1.3","bandersnatch","sdist","false",1
"2026-04-27","0.1.4","bandersnatch","bdist_wheel","false",1
"2026-04-27","0.1.4","bandersnatch","sdist","false",1
"2026-04-27","0.1.5","bandersnatch","bdist_wheel","false",1
"2026-04-27","0.1.5","bandersnatch","sdist","false",1
"2026-04-27","0.1.6","Browser","sdist","false",1
"2026-04-27","0.1.6","bandersnatch","bdist_wheel","false",1
"2026-04-27","0.1.6","bandersnatch","sdist","false",1
"2026-04-27","0.1.7","bandersnatch","bdist_wheel","false",1
"2026-04-27","0.1.7","bandersnatch","sdist","false",1
"2026-04-27","0.1.8","bandersnatch","bdist_wheel","false",1
"2026-04-27","0.1.8","bandersnatch","sdist","false",1
"2026-04-27","0.1.9","bandersnatch","bdist_wheel","false",1
"2026-04-27","0.1.9","bandersnatch","sdist","false",1
"2026-04-27","0.10.0","bandersnatch","bdist_wheel","false",1
"2026-04-27","0.10.0","bandersnatch","sdist","false",1
"2026-04-27","0.10.1","Browser","sdist","false",1
"2026-04-27","0.10.1","bandersnatch","bdist_wheel","false",1
"2026-04-27","0.10.1","bandersnatch","sdist","false",1
"2026-04-27","0.10.2","Browser","sdist","false",1
"2026-04-27","0.10.2","bandersnatch","bdist_wheel","false",1
"2026-04-27","0.10.2","bandersnatch","sdist","false",1
"2026-04-27","0.10.3","bandersnatch","bdist_wheel","false",1
"2026-04-27","0.10.3","bandersnatch","sdist","false",1
"2026-04-27","0.11.0","bandersnatch","bdist_wheel","false",1
"2026-04-27","0.11.0","bandersnatch","sdist","false",1
"2026-04-27","0.11.1","bandersnatch","bdist_wheel","false",1
"2026-04-27","0.11.1","bandersnatch","sdist","false",1
"2026-04-27","0.11.2","bandersnatch","bdist_wheel","false",1
"2026-04-27","0.11.2","bandersnatch","sdist","false",1
"2026-04-27","0.11.3","bandersnatch","bdist_wheel","false",1
"2026-04-27","0.11.3","bandersnatch","sdist","false",1
"2026-04-27","0.12.0","Browser","bdist_wheel","false",1
"2026-04-27","0.12.0","Browser","sdist","false",1
"2026-04-27","0.12.0","bandersnatch","bdist_wheel","false",1
"2026-04-27","0.12.0","bandersnatch","sdist","false",1
"2026-04-27","0.12.1","Browser","sdist","false",1
"2026-04-27","0.12.1","bandersnatch","bdist_wheel","false",1
"2026-04-27","0.12.1","bandersnatch","sdist","false",1
"2026-04-27","0.13.0","bandersnatch","bdist_wheel","false",1
"2026-04-27","0.13.0","bandersnatch","sdist","false",1
"2026-04-27","0.13.1","bandersnatch","bdist_wheel","false",1
"2026-04-27","0.13.1","bandersnatch","sdist","false",1
"2026-04-27","0.13.2","Browser","sdist","false",1
"2026-04-27","0.13.2","bandersnatch","bdist_wheel","false",1
"2026-04-27","0.13.2","bandersnatch","sdist","false",1
"2026-04-27","0.14.0","bandersnatch","bdist_wheel","false",1
"2026-04-27","0.14.0","bandersnatch","sdist","false",1
"2026-04-27","0.14.1","bandersnatch","bdist_wheel","false",1
"2026-04-27","0.14.1","bandersnatch","sdist","false",1
"2026-04-27","0.15.0","bandersnatch","bdist_wheel","false",2
"2026-04-27","0.15.0","bandersnatch","sdist","false",2
"2026-04-27","0.16.0","bandersnatch","bdist_wheel","false",2
"2026-04-27","0.16.0","bandersnatch","sdist","false",2
"2026-04-27","0.16.1","Browser","sdist","false",1
"2026-04-27","0.16.1","bandersnatch","bdist_wheel","false",2
"2026-04-27","0.16.1","bandersnatch","sdist","false",2
"2026-04-27","0.16.2","bandersnatch","bdist_wheel","false",2
"2026-04-27","0.16.2","bandersnatch","sdist","false",2
"2026-04-27","0.17.0","bandersnatch","bdist_wheel","false",2
"2026-04-27","0.17.0","bandersnatch","sdist","false",2
"2026-04-27","0.17.1","bandersnatch","bdist_wheel","false",2
"2026-04-27","0.17.1","bandersnatch","sdist","false",2
"2026-04-27","0.17.2","bandersnatch","bdist_wheel","false",1
"2026-04-27","0.17.2","bandersnatch","sdist","false",1
"2026-04-27","0.18.0","bandersnatch","bdist_wheel","false",1
"2026-04-27","0.18.0","bandersnatch","sdist","false",1
"2026-04-27","0.19.0","bandersnatch","bdist_wheel","false",1
"2026-04-27","0.19.0","bandersnatch","sdist","false",1
"2026-04-27","0.19.1","bandersnatch","bdist_wheel","false",1
"2026-04-27","0.19.1","bandersnatch","sdist","false",1
"2026-04-27","0.19.2","bandersnatch","bdist_wheel","false",1
"2026-04-27","0.19.2","bandersnatch","sdist","false",1
"2026-04-27","0.2.0","Browser","bdist_wheel","false",1
"2026-04-27","0.2.0","bandersnatch","bdist_wheel","false",1
"2026-04-27","0.2.0","bandersnatch","sdist","false",1
"2026-04-27","0.20.0","bandersnatch","bdist_wheel","false",2
"2026-04-27","0.20.0","bandersnatch","sdist","false",2
"2026-04-27","0.21.0","Browser","bdist_wheel","false",1
"2026-04-27","0.21.0","bandersnatch","bdist_wheel","false",2
"2026-04-27","0.21.0","bandersnatch","sdist","false",2
"2026-04-27","0.21.1","bandersnatch","bdist_wheel","false",2
"2026-04-27","0.21.1","bandersnatch","sdist","false",2
"2026-04-27","0.21.2","bandersnatch","bdist_wheel","false",2
"2026-04-27","0.21.2","bandersnatch","sdist","false",2
"2026-04-27","0.22.0","bandersnatch","bdist_wheel","false",2
"2026-04-27","0.22.0","bandersnatch","sdist","false",2
"2026-04-27","0.22.1","bandersnatch","bdist_wheel","false",2
"2026-04-27","0.22.1","bandersnatch","sdist","false",2
"2026-04-27","0.22.2","bandersnatch","bdist_wheel","false",2
"2026-04-27","0.22.2","bandersnatch","sdist","false",2
"2026-04-27","0.22.3","bandersnatch","bdist_wheel","false",2
"2026-04-27","0.22.3","bandersnatch","sdist","false",2
"2026-04-27","0.22.4","bandersnatch","bdist_wheel","false",2
"2026-04-27","0.22.4","bandersnatch","sdist","false",2
"2026-04-27","0.23.0","bandersnatch","bdist_wheel","false",2
"2026-04-27","0.23.0","bandersnatch","sdist","false",2
"2026-04-27","0.23.1","bandersnatch","bdist_wheel","false",2
"2026-04-27","0.23.1","bandersnatch","sdist","false",2
"2026-04-27","0.23.2","bandersnatch","bdist_wheel","false",2
"2026-04-27","0.23.2","bandersnatch","sdist","false",2
"2026-04-27","0.24.0","bandersnatch","bdist_wheel","false",2
"2026-04-27","0.24.0","bandersnatch","sdist","false",2
"2026-04-27","0.25.0","bandersnatch","bdist_wheel","false",2
"2026-04-27","0.25.0","bandersnatch","sdist","false",2
"2026-04-27","0.25.1","bandersnatch","bdist_wheel","false",2
"2026-04-27","0.25.1","bandersnatch","sdist","false",2
"2026-04-27","0.26.0","bandersnatch","bdist_wheel","false",2
"2026-04-27","0.26.0","bandersnatch","sdist","false",2
"2026-04-27","0.26.1","bandersnatch","bdist_wheel","false",2
"2026-04-27","0.26.1","bandersnatch","sdist","false",1
"2026-04-27","0.26.1","pip","bdist_wheel","false",16
"2026-04-27","0.26.1","pip","bdist_wheel","true",6
"2026-04-27","0.26.1","uv","bdist_wheel","false",937
"2026-04-27","0.26.1","uv","bdist_wheel","true",118
"2026-04-27","0.3.0","bandersnatch","bdist_wheel","false",1
"2026-04-27","0.3.0","bandersnatch","sdist","false",1
"2026-04-27","0.3.1","bandersnatch","bdist_wheel","false",1
"2026-04-27","0.3.1","bandersnatch","sdist","false",1
"2026-04-27","0.4.0","bandersnatch","bdist_wheel","false",1
"2026-04-27","0.4.0","bandersnatch","sdist","false",1
"2026-04-27","0.4.1","bandersnatch","bdist_wheel","false",1
"2026-04-27","0.4.1","bandersnatch","sdist","false",1
"2026-04-27","0.5.0","Browser","sdist","false",1
"2026-04-27","0.5.0","bandersnatch","bdist_wheel","false",1
"2026-04-27","0.5.0","bandersnatch","sdist","false",1
"2026-04-27","0.5.1","bandersnatch","bdist_wheel","false",1
"2026-04-27","0.5.1","bandersnatch","sdist","false",1
"2026-04-27","0.6.0","bandersnatch","bdist_wheel","false",1
"2026-04-27","0.6.0","bandersnatch","sdist","false",1
"2026-04-27","0.6.1","bandersnatch","bdist_wheel","false",1
"2026-04-27","0.6.1","bandersnatch","sdist","false",1
"2026-04-27","0.6.2","Browser","sdist","false",1
"2026-04-27","0.6.2","bandersnatch","bdist_wheel","false",1
"2026-04-27","0.6.2","bandersnatch","sdist","false",1
"2026-04-27","0.6.3","bandersnatch","bdist_wheel","false",1
"2026-04-27","0.6.3","bandersnatch","sdist","false",1
"2026-04-27","0.6.4","bandersnatch","bdist_wheel","false",1
"2026-04-27","0.6.4","bandersnatch","sdist","false",1
"2026-04-27","0.7.0","bandersnatch","bdist_wheel","false",1
"2026-04-27","0.7.0","bandersnatch","sdist","false",1
"2026-04-27","0.7.1","bandersnatch","bdist_wheel","false",1
"2026-04-27","0.7.1","bandersnatch","sdist","false",1
"2026-04-27","0.7.2","bandersnatch","bdist_wheel","false",1
"2026-04-27","0.7.2","bandersnatch","sdist","false",1
"2026-04-27","0.8.0","bandersnatch","bdist_wheel","false",1
"2026-04-27","0.8.0","bandersnatch","sdist","false",1
"2026-04-27","0.8.1","bandersnatch","bdist_wheel","false",1
"2026-04-27","0.8.1","bandersnatch","sdist","false",1
"2026-04-27","0.8.2","bandersnatch","bdist_wheel","false",1
"2026-04-27","0.8.2","bandersnatch","sdist","false",1
"2026-04-27","0.9.0","bandersnatch","bdist_wheel","false",1
"2026-04-27","0.9.0","bandersnatch","sdist","false",1
"2026-04-27","0.9.1","Browser","sdist","false",1
"2026-04-27","0.9.1","bandersnatch","bdist_wheel","false",1
"2026-04-27","0.9.1","bandersnatch","sdist","false",1
"2026-04-28","0.10.3","Browser","sdist","false",1
"2026-04-28","0.14.0","Browser","sdist","false",1
"2026-04-28","0.17.2","Browser","sdist","false",1
"2026-04-28","0.18.0","Browser","sdist","false",1
"2026-04-28","0.2.0","Browser","sdist","false",1
"2026-04-28","0.21.0","Browser","bdist_wheel","false",1
"2026-04-28","0.21.0","requests","sdist","false",1
"2026-04-28","0.26.0","Browser","sdist","false",2
"2026-04-28","0.26.1","","bdist_wheel","false",4
"2026-04-28","0.26.1","Browser","bdist_wheel","false",3
"2026-04-28","0.26.1","pip","bdist_wheel","false",12
"2026-04-28","0.26.1","pip","bdist_wheel","true",3
"2026-04-28","0.26.1","uv","bdist_wheel","false",1021
"2026-04-28","0.26.1","uv","bdist_wheel","true",128
"2026-04-28","0.3.1","Browser","sdist","false",1
"2026-04-28","0.8.1","Browser","sdist","false",1
"2026-04-28","0.9.0","Browser","sdist","false",1
"2026-04-29","0.10.1","Browser","bdist_wheel","false",1
"2026-04-29","0.26.0","bandersnatch","bdist_wheel","false",1
"2026-04-29","0.26.0","bandersnatch","sdist","false",1
"2026-04-29","0.26.1","","bdist_wheel","false",1
"2026-04-29","0.26.1","Browser","sdist","false",1
"2026-04-29","0.26.1","bandersnatch","bdist_wheel","false",1
"2026-04-29","0.26.1","bandersnatch","sdist","false",1
"2026-04-29","0.26.1","pip","bdist_wheel","false",4
"2026-04-29","0.26.1","uv","bdist_wheel","false",1004
"2026-04-29","0.26.1","uv","bdist_wheel","true",96
"2026-04-29","0.6.4","Browser","bdist_wheel","false",1
"2026-04-30","0.0.1","bandersnatch","bdist_wheel","false",1
"2026-04-30","0.0.1","bandersnatch","sdist","false",1
"2026-04-30","0.1.1","bandersnatch","bdist_wheel","false",1
"2026-04-30","0.1.1","bandersnatch","sdist","false",1
"2026-04-30","0.1.10","bandersnatch","bdist_wheel","false",1
"2026-04-30","0.1.10","bandersnatch","sdist","false",1
"2026-04-30","0.1.11","bandersnatch","bdist_wheel","false",1
"2026-04-30","0.1.11","bandersnatch","sdist","false",1
"2026-04-30","0.1.2","bandersnatch","bdist_wheel","false",1
"2026-04-30","0.1.2","bandersnatch","sdist","false",1
"2026-04-30","0.1.3","bandersnatch","bdist_wheel","false",1
"2026-04-30","0.1.3","bandersnatch","sdist","false",1
"2026-04-30","0.1.4","Browser","sdist","false",1
"2026-04-30","0.1.4","bandersnatch","bdist_wheel","false",1
"2026-04-30","0.1.4","bandersnatch","sdist","false",1
"2026-04-30","0.1.5","bandersnatch","bdist_wheel","false",1
"2026-04-30","0.1.5","bandersnatch","sdist","false",1
"2026-04-30","0.1.6","bandersnatch","bdist_wheel","false",1
"2026-04-30","0.1.6","bandersnatch","sdist","false",1
"2026-04-30","0.1.7","bandersnatch","bdist_wheel","false",1
"2026-04-30","0.1.7","bandersnatch","sdist","false",1
"2026-04-30","0.1.8","bandersnatch","bdist_wheel","false",1
"2026-04-30","0.1.8","bandersnatch","sdist","false",1
"2026-04-30","0.1.9","bandersnatch","bdist_wheel","false",1
"2026-04-30","0.1.9","bandersnatch","sdist","false",1
"2026-04-30","0.10.0","bandersnatch","bdist_wheel","false",1
"2026-04-30","0.10.0","bandersnatch","sdist","false",1
"2026-04-30","0.10.1","bandersnatch","bdist_wheel","false",1
"2026-04-30","0.10.1","bandersnatch","sdist","false",1
"2026-04-30","0.10.2","bandersnatch","bdist_wheel","false",1
"2026-04-30","0.10.2","bandersnatch","sdist","false",1
"2026-04-30","0.10.3","bandersnatch","bdist_wheel","false",1
"2026-04-30","0.10.3","bandersnatch","sdist","false",1
"2026-04-30","0.11.0","bandersnatch","bdist_wheel","false",1
"2026-04-30","0.11.0","bandersnatch","sdist","false",1
"2026-04-30","0.11.1","bandersnatch","bdist_wheel","false",1
"2026-04-30","0.11.1","bandersnatch","sdist","false",1
"2026-04-30","0.11.2","bandersnatch","bdist_wheel","false",1
"2026-04-30","0.11.2","bandersnatch","sdist","false",1
"2026-04-30","0.11.3","bandersnatch","bdist_wheel","false",1
"2026-04-30","0.11.3","bandersnatch","sdist","false",1
"2026-04-30","0.12.0","bandersnatch","bdist_wheel","false",1
"2026-04-30","0.12.0","bandersnatch","sdist","false",1
"2026-04-30","0.12.1","bandersnatch","bdist_wheel","false",1
"2026-04-30","0.12.1","bandersnatch","sdist","false",1
"2026-04-30","0.13.0","bandersnatch","bdist_wheel","false",1
"2026-04-30","0.13.0","bandersnatch","sdist","false",1
"2026-04-30","0.13.1","bandersnatch","bdist_wheel","false",1
"2026-04-30","0.13.1","bandersnatch","sdist","false",1
"2026-04-30","0.13.2","bandersnatch","bdist_wheel","false",1
"2026-04-30","0.13.2","bandersnatch","sdist","false",1
"2026-04-30","0.14.0","","sdist","false",1
"2026-04-30","0.14.0","bandersnatch","bdist_wheel","false",1
"2026-04-30","0.14.0","bandersnatch","sdist","false",1
"2026-04-30","0.14.1","","sdist","false",1
"2026-04-30","0.14.1","bandersnatch","bdist_wheel","false",1
"2026-04-30","0.14.1","bandersnatch","sdist","false",1
"2026-04-30","0.15.0","","sdist","false",1
"2026-04-30","0.15.0","bandersnatch","bdist_wheel","false",1
"2026-04-30","0.15.0","bandersnatch","sdist","false",1
"2026-04-30","0.16.0","","sdist","false",1
"2026-04-30","0.16.0","bandersnatch","bdist_wheel","false",1
"2026-04-30","0.16.0","bandersnatch","sdist","false",1
"2026-04-30","0.16.1","","sdist","false",1
"2026-04-30","0.16.1","bandersnatch","bdist_wheel","false",1
"2026-04-30","0.16.1","bandersnatch","sdist","false",1
"2026-04-30","0.16.2","","sdist","false",1
"2026-04-30","0.16.2","bandersnatch","bdist_wheel","false",1
"2026-04-30","0.16.2","bandersnatch","sdist","false",1
"2026-04-30","0.17.0","","sdist","false",1
"2026-04-30","0.17.0","bandersnatch","bdist_wheel","false",1
"2026-04-30","0.17.0","bandersnatch","sdist","false",1
"2026-04-30","0.17.1","","sdist","false",1
"2026-04-30","0.17.1","bandersnatch","bdist_wheel","false",1
"2026-04-30","0.17.1","bandersnatch","sdist","false",1
"2026-04-30","0.17.2","","sdist","false",1
"2026-04-30","0.17.2","bandersnatch","bdist_wheel","false",1
"2026-04-30","0.17.2","bandersnatch","sdist","false",1
"2026-04-30","0.18.0","","sdist","false",1
"2026-04-30","0.18.0","bandersnatch","bdist_wheel","false",1
"2026-04-30","0.18.0","bandersnatch","sdist","false",1
"2026-04-30","0.19.0","","sdist","false",1
"2026-04-30","0.19.0","bandersnatch","bdist_wheel","false",1
"2026-04-30","0.19.0","bandersnatch","sdist","false",1
"2026-04-30","0.19.1","","sdist","false",1
"2026-04-30","0.19.1","bandersnatch","bdist_wheel","false",1
"2026-04-30","0.19.1","bandersnatch","sdist","false",1
"2026-04-30","0.19.2","","sdist","false",1
"2026-04-30","0.19.2","bandersnatch","bdist_wheel","false",1
"2026-04-30","0.19.2","bandersnatch","sdist","false",1
"2026-04-30","0.2.0","bandersnatch","bdist_wheel","false",1
"2026-04-30","0.2.0","bandersnatch","sdist","false",1
"2026-04-30","0.20.0","","sdist","false",1
"2026-04-30","0.20.0","bandersnatch","bdist_wheel","false",1
"2026-04-30","0.20.0","bandersnatch","sdist","false",1
"2026-04-30","0.21.0","","sdist","false",1
"2026-04-30","0.21.0","Browser","sdist","false",2
"2026-04-30","0.21.0","bandersnatch","bdist_wheel","false",1
"2026-04-30","0.21.0","bandersnatch","sdist","false",1
"2026-04-30","0.21.0","requests","sdist","false",1
"2026-04-30","0.21.1","","sdist","false",1
"2026-04-30","0.21.1","bandersnatch","bdist_wheel","false",1
"2026-04-30","0.21.1","bandersnatch","sdist","false",1
"2026-04-30","0.21.2","","sdist","false",1
"2026-04-30","0.21.2","bandersnatch","bdist_wheel","false",1
"2026-04-30","0.21.2","bandersnatch","sdist","false",1
"2026-04-30","0.22.0","","sdist","false",1
"2026-04-30","0.22.0","bandersnatch","bdist_wheel","false",1
"2026-04-30","0.22.0","bandersnatch","sdist","false",1
"2026-04-30","0.22.1","","sdist","false",1
"2026-04-30","0.22.1","bandersnatch","bdist_wheel","false",1
"2026-04-30","0.22.1","bandersnatch","sdist","false",1
"2026-04-30","0.22.2","","sdist","false",1
"2026-04-30","0.22.2","bandersnatch","bdist_wheel","false",1
"2026-04-30","0.22.2","bandersnatch","sdist","false",1
"2026-04-30","0.22.3","","sdist","false",1
"2026-04-30","0.22.3","bandersnatch","bdist_wheel","false",1
"2026-04-30","0.22.3","bandersnatch","sdist","false",1
"2026-04-30","0.22.4","","sdist","false",1
"2026-04-30","0.22.4","bandersnatch","bdist_wheel","false",1
"2026-04-30","0.22.4","bandersnatch","sdist","false",1
"2026-04-30","0.23.0","","sdist","false",1
"2026-04-30","0.23.0","bandersnatch","bdist_wheel","false",1
"2026-04-30","0.23.0","bandersnatch","sdist","false",1
"2026-04-30","0.23.1","","sdist","false",1
"2026-04-30","0.23.1","bandersnatch","bdist_wheel","false",1
"2026-04-30","0.23.1","bandersnatch","sdist","false",1
"2026-04-30","0.23.2","","sdist","false",1
"2026-04-30","0.23.2","bandersnatch","bdist_wheel","false",1
"2026-04-30","0.23.2","bandersnatch","sdist","false",1
"2026-04-30","0.24.0","","sdist","false",1
"2026-04-30","0.24.0","bandersnatch","bdist_wheel","false",1
"2026-04-30","0.24.0","bandersnatch","sdist","false",1
"2026-04-30","0.25.0","","sdist","false",1
"2026-04-30","0.25.0","bandersnatch","bdist_wheel","false",1
"2026-04-30","0.25.0","bandersnatch","sdist","false",1
"2026-04-30","0.25.1","","sdist","false",1
"2026-04-30","0.25.1","bandersnatch","bdist_wheel","false",1
"2026-04-30","0.25.1","bandersnatch","sdist","false",1
"2026-04-30","0.26.0","","sdist","false",1
"2026-04-30","0.26.0","bandersnatch","bdist_wheel","false",1
"2026-04-30","0.26.0","bandersnatch","sdist","false",1
"2026-04-30","0.26.1","","sdist","false",1
"2026-04-30","0.26.1","bandersnatch","bdist_wheel","false",1
"2026-04-30","0.26.1","bandersnatch","sdist","false",1
"2026-04-30","0.26.1","pip","bdist_wheel","false",6
"2026-04-30","0.26.1","uv","bdist_wheel","false",1394
"2026-04-30","0.26.1","uv","bdist_wheel","true",120
"2026-04-30","0.3.0","bandersnatch","bdist_wheel","false",1
"2026-04-30","0.3.0","bandersnatch","sdist","false",1
"2026-04-30","0.3.1","bandersnatch","bdist_wheel","false",1
"2026-04-30","0.3.1","bandersnatch","sdist","false",1
"2026-04-30","0.4.0","bandersnatch","bdist_wheel","false",1
"2026-04-30","0.4.0","bandersnatch","sdist","false",1
"2026-04-30","0.4.1","bandersnatch","bdist_wheel","false",1
"2026-04-30","0.4.1","bandersnatch","sdist","false",1
"2026-04-30","0.5.0","bandersnatch","bdist_wheel","false",1
"2026-04-30","0.5.0","bandersnatch","sdist","false",1
"2026-04-30","0.5.1","bandersnatch","bdist_wheel","false",1
"2026-04-30","0.5.1","bandersnatch","sdist","false",1
"2026-04-30","0.6.0","bandersnatch","bdist_wheel","false",1
"2026-04-30","0.6.0","bandersnatch","sdist","false",1
"2026-04-30","0.6.1","bandersnatch","bdist_wheel","false",1
"2026-04-30","0.6.1","bandersnatch","sdist","false",1
"2026-04-30","0.6.2","bandersnatch","bdist_wheel","false",1
"2026-04-30","0.6.2","bandersnatch","sdist","false",1
"2026-04-30","0.6.3","bandersnatch","bdist_wheel","false",1
"2026-04-30","0.6.3","bandersnatch","sdist","false",1
"2026-04-30","0.6.4","bandersnatch","bdist_wheel","false",1
"2026-04-30","0.6.4","bandersnatch","sdist","false",1
"2026-04-30","0.7.0","bandersnatch","bdist_wheel","false",1
"2026-04-30","0.7.0","bandersnatch","sdist","false",1
"2026-04-30","0.7.1","bandersnatch","bdist_wheel","false",1
"2026-04-30","0.7.1","bandersnatch","sdist","false",1
"2026-04-30","0.7.2","bandersnatch","bdist_wheel","false",1
"2026-04-30","0.7.2","bandersnatch","sdist","false",1
"2026-04-30","0.8.0","bandersnatch","bdist_wheel","false",1
"2026-04-30","0.8.0","bandersnatch","sdist","false",1
"2026-04-30","0.8.1","bandersnatch","bdist_wheel","false",1
"2026-04-30","0.8.1","bandersnatch","sdist","false",1
"2026-04-30","0.8.2","bandersnatch","bdist_wheel","false",1
"2026-04-30","0.8.2","bandersnatch","sdist","false",1
"2026-04-30","0.9.0","bandersnatch","bdist_wheel","false",1
"2026-04-30","0.9.0","bandersnatch","sdist","false",1
"2026-04-30","0.9.1","bandersnatch","bdist_wheel","false",1
"2026-04-30","0.9.1","bandersnatch","sdist","false",1
"2026-05-01","0.0.1","Browser","bdist_wheel","false",1
"2026-05-01","0.26.1","pip","bdist_wheel","false",14
"2026-05-01","0.26.1","uv","bdist_wheel","false",1237
"2026-05-01","0.26.1","uv","bdist_wheel","true",84
"2026-05-02","0.1.11","Browser","sdist","false",1
"2026-05-02","0.1.3","Browser","sdist","false",1
"2026-05-02","0.1.9","Browser","sdist","false",1
"2026-05-02","0.26.1","","bdist_wheel","false",1
"2026-05-02","0.26.1","pip","bdist_wheel","false",8
"2026-05-02","0.26.1","uv","bdist_wheel","false",665
"2026-05-02","0.26.1","uv","bdist_wheel","true",82
"2026-05-02","0.3.0","Browser","sdist","false",1
"2026-05-02","0.3.1","Browser","bdist_wheel","false",1
"2026-05-02","0.3.1","Browser","sdist","false",1
"2026-05-02","0.4.0","Browser","sdist","false",1
"2026-05-02","0.4.1","Browser","sdist","false",1
"2026-05-02","0.6.1","Browser","sdist","false",1
"2026-05-02","0.6.2","Browser","sdist","false",1
"2026-05-02","0.7.2","Browser","bdist_wheel","false",1
"2026-05-02","0.7.2","Browser","sdist","false",1
"2026-05-02","0.8.0","Browser","sdist","false",1
"2026-05-02","0.9.0","Browser","sdist","false",1
"2026-05-03","0.22.1","Browser","bdist_wheel","false",2
"2026-05-03","0.24.0","uv","bdist_wheel","false",2
"2026-05-03","0.25.0","uv","bdist_wheel","false",2
"2026-05-03","0.25.1","uv","bdist_wheel","true",2
"2026-05-03","0.26.0","","bdist_wheel","false",2
"2026-05-03","0.26.0","","sdist","false",1
"2026-05-03","0.26.0","bandersnatch","bdist_wheel","false",1
"2026-05-03","0.26.0","bandersnatch","sdist","false",1
"2026-05-03","0.26.1","","bdist_wheel","false",2
"2026-05-03","0.26.1","","sdist","false",1
"2026-05-03","0.26.1","bandersnatch","bdist_wheel","false",1
"2026-05-03","0.26.1","bandersnatch","sdist","false",1
"2026-05-03","0.26.1","uv","bdist_wheel","false",226
"2026-05-03","0.26.1","uv","bdist_wheel","true",76
"2026-05-04","0.21.0","Browser","sdist","false",1
"2026-05-04","0.26.0","Browser","bdist_wheel","false",2
"2026-05-04","0.26.0","Browser","sdist","false",2
"2026-05-04","0.26.0","bandersnatch","bdist_wheel","false",1
"2026-05-04","0.26.0","bandersnatch","sdist","false",1
"2026-05-04","0.26.1","","sdist","false",3
"2026-05-04","0.26.1","Browser","bdist_wheel","false",2
"2026-05-04","0.26.1","Browser","sdist","false",2
"2026-05-04","0.26.1","bandersnatch","bdist_wheel","false",1
"2026-05-04","0.26.1","bandersnatch","sdist","false",1
"2026-05-04","0.26.1","pip","bdist_wheel","false",6
"2026-05-04","0.26.1","requests","bdist_wheel","false",2
"2026-05-04","0.26.1","requests","sdist","false",1
"2026-05-04","0.26.1","uv","bdist_wheel","false",592
"2026-05-04","0.26.1","uv","bdist_wheel","true",10
"2026-05-04","0.26.2","","bdist_wheel","false",32
"2026-05-04","0.26.2","","sdist","false",104
"2026-05-04","0.26.2","Browser","bdist_wheel","false",16
"2026-05-04","0.26.2","Browser","sdist","false",17
"2026-05-04","0.26.2","bandersnatch","bdist_wheel","false",14
"2026-05-04","0.26.2","bandersnatch","sdist","false",14
"2026-05-04","0.26.2","pip","bdist_wheel","false",16
"2026-05-04","0.26.2","pip","bdist_wheel","true",2
"2026-05-04","0.26.2","pip","sdist","false",2
"2026-05-04","0.26.2","requests","bdist_wheel","false",12
"2026-05-04","0.26.2","requests","sdist","false",22
"2026-05-04","0.26.2","uv","bdist_wheel","false",2429
"2026-05-04","0.26.2","uv","bdist_wheel","true",26
"2026-05-04","0.3.1","Browser","sdist","false",1
"2026-05-05","0.10.0","Browser","bdist_wheel","false",1
"2026-05-05","0.10.0","Browser","sdist","false",1
"2026-05-05","0.10.1","Browser","bdist_wheel","false",1
"2026-05-05","0.10.1","Browser","sdist","false",1
"2026-05-05","0.10.2","Browser","bdist_wheel","false",1
"2026-05-05","0.10.2","Browser","sdist","false",1
"2026-05-05","0.10.3","Browser","bdist_wheel","false",1
"2026-05-05","0.10.3","Browser","sdist","false",1
"2026-05-05","0.11.0","Browser","bdist_wheel","false",1
"2026-05-05","0.11.0","Browser","sdist","false",1
"2026-05-05","0.11.1","Browser","bdist_wheel","false",1
"2026-05-05","0.11.1","Browser","sdist","false",1
"2026-05-05","0.11.2","Browser","bdist_wheel","false",1
"2026-05-05","0.11.2","Browser","sdist","false",1
"2026-05-05","0.11.3","Browser","bdist_wheel","false",1
"2026-05-05","0.11.3","Browser","sdist","false",1
"2026-05-05","0.12.0","Browser","bdist_wheel","false",1
"2026-05-05","0.12.0","Browser","sdist","false",1
"2026-05-05","0.12.1","Browser","bdist_wheel","false",1
"2026-05-05","0.12.1","Browser","sdist","false",1
"2026-05-05","0.13.0","Browser","bdist_wheel","false",1
"2026-05-05","0.13.0","Browser","sdist","false",1
"2026-05-05","0.13.1","Browser","bdist_wheel","false",1
"2026-05-05","0.13.1","Browser","sdist","false",1
"2026-05-05","0.13.2","Browser","bdist_wheel","false",1
"2026-05-05","0.13.2","Browser","sdist","false",1
"2026-05-05","0.14.0","Browser","bdist_wheel","false",1
"2026-05-05","0.14.0","Browser","sdist","false",1
"2026-05-05","0.14.1","Browser","bdist_wheel","false",1
"2026-05-05","0.14.1","Browser","sdist","false",1
"2026-05-05","0.15.0","Browser","bdist_wheel","false",1
"2026-05-05","0.15.0","Browser","sdist","false",1
"2026-05-05","0.16.0","Browser","bdist_wheel","false",1
"2026-05-05","0.16.0","Browser","sdist","false",1
"2026-05-05","0.16.1","Browser","bdist_wheel","false",1
"2026-05-05","0.16.1","Browser","sdist","false",1
"2026-05-05","0.16.2","Browser","bdist_wheel","false",1
"2026-05-05","0.16.2","Browser","sdist","false",1
"2026-05-05","0.17.0","Browser","bdist_wheel","false",1
"2026-05-05","0.17.0","Browser","sdist","false",1
"2026-05-05","0.17.1","Browser","bdist_wheel","false",1
"2026-05-05","0.17.1","Browser","sdist","false",1
"2026-05-05","0.17.2","Browser","bdist_wheel","false",1
"2026-05-05","0.17.2","Browser","sdist","false",1
"2026-05-05","0.18.0","Browser","bdist_wheel","false",1
"2026-05-05","0.18.0","Browser","sdist","false",1
"2026-05-05","0.19.0","Browser","bdist_wheel","false",1
"2026-05-05","0.19.0","Browser","sdist","false",1
"2026-05-05","0.19.1","Browser","bdist_wheel","false",1
"2026-05-05","0.19.1","Browser","sdist","false",1
"2026-05-05","0.19.2","Browser","bdist_wheel","false",1
"2026-05-05","0.19.2","Browser","sdist","false",1
"2026-05-05","0.20.0","Browser","bdist_wheel","false",1
"2026-05-05","0.20.0","Browser","sdist","false",1
"2026-05-05","0.21.0","Browser","bdist_wheel","false",1
"2026-05-05","0.21.0","Browser","sdist","false",1
"2026-05-05","0.21.0","requests","sdist","false",1
"2026-05-05","0.21.1","Browser","bdist_wheel","false",1
"2026-05-05","0.21.1","Browser","sdist","false",1
"2026-05-05","0.21.2","Browser","bdist_wheel","false",1
"2026-05-05","0.21.2","Browser","sdist","false",1
"2026-05-05","0.22.0","Browser","bdist_wheel","false",1
"2026-05-05","0.22.0","Browser","sdist","false",1
"2026-05-05","0.22.1","Browser","bdist_wheel","false",1
"2026-05-05","0.22.1","Browser","sdist","false",1
"2026-05-05","0.22.2","Browser","bdist_wheel","false",1
"2026-05-05","0.22.2","Browser","sdist","false",1
"2026-05-05","0.22.3","Browser","bdist_wheel","false",1
"2026-05-05","0.22.3","Browser","sdist","false",1
"2026-05-05","0.22.4","Browser","bdist_wheel","false",1
"2026-05-05","0.22.4","Browser","sdist","false",1
"2026-05-05","0.23.0","Browser","bdist_wheel","false",1
"2026-05-05","0.23.0","Browser","sdist","false",1
"2026-05-05","0.23.1","Browser","bdist_wheel","false",1
"2026-05-05","0.23.1","Browser","sdist","false",1
"2026-05-05","0.23.2","Browser","bdist_wheel","false",1
"2026-05-05","0.23.2","Browser","sdist","false",1
"2026-05-05","0.24.0","Browser","bdist_wheel","false",1
"2026-05-05","0.24.0","Browser","sdist","false",1
"2026-05-05","0.25.0","Browser","bdist_wheel","false",1
"2026-05-05","0.25.0","Browser","sdist","false",1
"2026-05-05","0.25.1","Browser","bdist_wheel","false",1
"2026-05-05","0.25.1","Browser","sdist","false",2
"2026-05-05","0.26.0","Browser","bdist_wheel","false",1
"2026-05-05","0.26.0","Browser","sdist","false",2
"2026-05-05","0.26.0","bandersnatch","bdist_wheel","false",3
"2026-05-05","0.26.0","bandersnatch","sdist","false",3
"2026-05-05","0.26.1","Browser","bdist_wheel","false",1
"2026-05-05","0.26.1","Browser","sdist","false",4
"2026-05-05","0.26.1","bandersnatch","bdist_wheel","false",3
"2026-05-05","0.26.1","bandersnatch","sdist","false",3
"2026-05-05","0.26.1","requests","sdist","false",1
"2026-05-05","0.26.1","uv","bdist_wheel","true",26
"2026-05-05","0.26.2","","bdist_wheel","false",4
"2026-05-05","0.26.2","","sdist","false",4
"2026-05-05","0.26.2","Browser","bdist_wheel","false",4
"2026-05-05","0.26.2","Browser","sdist","false",4
"2026-05-05","0.26.2","bandersnatch","bdist_wheel","false",14
"2026-05-05","0.26.2","bandersnatch","sdist","false",14
"2026-05-05","0.26.2","pip","bdist_wheel","false",10
"2026-05-05","0.26.2","requests","bdist_wheel","false",2
"2026-05-05","0.26.2","requests","sdist","false",2
"2026-05-05","0.26.2","uv","bdist_wheel","false",808
"2026-05-05","0.26.2","uv","bdist_wheel","true",78
"2026-05-05","0.8.2","Browser","sdist","false",1
"2026-05-06","0.1.1","Browser","sdist","false",1
"2026-05-06","0.1.2","Browser","sdist","false",1
"2026-05-06","0.1.4","Browser","sdist","false",1
"2026-05-06","0.1.5","Browser","sdist","false",1
"2026-05-06","0.1.8","Browser","sdist","false",1
"2026-05-06","0.2.0","Browser","bdist_wheel","false",1
"2026-05-06","0.2.0","Browser","sdist","false",1
"2026-05-06","0.23.2","","bdist_wheel","false",1
"2026-05-06","0.23.2","","sdist","false",1
"2026-05-06","0.24.0","Browser","sdist","false",1
"2026-05-06","0.26.0","bandersnatch","bdist_wheel","false",2
"2026-05-06","0.26.0","bandersnatch","sdist","false",2
"2026-05-06","0.26.1","","sdist","false",1
"2026-05-06","0.26.1","bandersnatch","bdist_wheel","false",3
"2026-05-06","0.26.1","bandersnatch","sdist","false",3
"2026-05-06","0.26.1","uv","bdist_wheel","false",1
"2026-05-06","0.26.1","uv","bdist_wheel","true",54
"2026-05-06","0.26.2","","bdist_wheel","false",3
"2026-05-06","0.26.2","","sdist","false",4
"2026-05-06","0.26.2","Browser","bdist_wheel","false",1
"2026-05-06","0.26.2","Browser","sdist","false",1
"2026-05-06","0.26.2","Nexus","bdist_wheel","false",1
"2026-05-06","0.26.2","Nexus","sdist","false",1
"2026-05-06","0.26.2","bandersnatch","bdist_wheel","false",5
"2026-05-06","0.26.2","bandersnatch","sdist","false",5
"2026-05-06","0.26.2","pip","bdist_wheel","false",6
"2026-05-06","0.26.2","requests","bdist_wheel","false",2
"2026-05-06","0.26.2","requests","sdist","false",2
"2026-05-06","0.26.2","uv","bdist_wheel","false",2476
"2026-05-06","0.26.2","uv","bdist_wheel","true",144
"2026-05-06","0.5.0","Browser","bdist_wheel","false",1
"2026-05-06","0.5.1","Browser","sdist","false",1
"2026-05-06","0.6.1","Browser","bdist_wheel","false",1
"2026-05-06","0.6.4","Browser","sdist","false",1
"2026-05-06","0.7.0","Browser","sdist","false",1
"2026-05-06","0.7.1","Browser","sdist","false",1
"2026-05-06","0.8.1","Browser","bdist_wheel","false",1
"2026-05-06","0.9.1","Browser","sdist","false",1
"2026-05-07","0.0.1","","bdist_wheel","false",1
"2026-05-07","0.1.1","","bdist_wheel","false",1
"2026-05-07","0.1.10","","bdist_wheel","false",1
"2026-05-07","0.1.11","","bdist_wheel","false",1
"2026-05-07","0.1.2","","bdist_wheel","false",1
"2026-05-07","0.1.3","","bdist_wheel","false",1
"2026-05-07","0.1.4","","bdist_wheel","false",1
"2026-05-07","0.1.5","","bdist_wheel","false",1
"2026-05-07","0.1.6","","bdist_wheel","false",1
"2026-05-07","0.1.7","","bdist_wheel","false",1
"2026-05-07","0.1.8","","bdist_wheel","false",1
"2026-05-07","0.1.9","","bdist_wheel","false",1
"2026-05-07","0.1.9","Browser","bdist_wheel","false",1
"2026-05-07","0.10.0","","bdist_wheel","false",1
"2026-05-07","0.10.1","","bdist_wheel","false",1
"2026-05-07","0.10.2","","bdist_wheel","false",1
"2026-05-07","0.10.3","","bdist_wheel","false",1
"2026-05-07","0.11.0","","bdist_wheel","false",1
"2026-05-07","0.11.1","","bdist_wheel","false",1
"2026-05-07","0.11.2","","bdist_wheel","false",1
"2026-05-07","0.11.3","","bdist_wheel","false",1
"2026-05-07","0.12.0","","bdist_wheel","false",1
"2026-05-07","0.12.1","","bdist_wheel","false",1
"2026-05-07","0.13.0","","bdist_wheel","false",1
"2026-05-07","0.13.1","","bdist_wheel","false",1
"2026-05-07","0.13.2","","bdist_wheel","false",1
"2026-05-07","0.14.0","","bdist_wheel","false",1
"2026-05-07","0.14.1","","bdist_wheel","false",1
"2026-05-07","0.15.0","","bdist_wheel","false",1
"2026-05-07","0.16.0","","bdist_wheel","false",1
"2026-05-07","0.16.1","","bdist_wheel","false",1
"2026-05-07","0.16.2","","bdist_wheel","false",1
"2026-05-07","0.17.0","","bdist_wheel","false",1
"2026-05-07","0.17.1","","bdist_wheel","false",1
"2026-05-07","0.17.2","","bdist_wheel","false",1
"2026-05-07","0.18.0","","bdist_wheel","false",1
"2026-05-07","0.19.0","","bdist_wheel","false",1
"2026-05-07","0.19.1","","bdist_wheel","false",1
"2026-05-07","0.19.2","","bdist_wheel","false",1
"2026-05-07","0.2.0","","bdist_wheel","false",1
"2026-05-07","0.20.0","","bdist_wheel","false",1
"2026-05-07","0.21.0","","bdist_wheel","false",1
"2026-05-07","0.21.1","","bdist_wheel","false",1
"2026-05-07","0.21.2","","bdist_wheel","false",1
"2026-05-07","0.22.0","","bdist_wheel","false",1
"2026-05-07","0.22.1","","bdist_wheel","false",1
"2026-05-07","0.22.2","","bdist_wheel","false",1
"2026-05-07","0.22.3","","bdist_wheel","false",1
"2026-05-07","0.22.4","","bdist_wheel","false",1
"2026-05-07","0.23.0","","bdist_wheel","false",1
"2026-05-07","0.23.1","","bdist_wheel","false",1
"2026-05-07","0.23.2","","bdist_wheel","false",1
"2026-05-07","0.24.0","","bdist_wheel","false",1
"2026-05-07","0.24.0","uv","bdist_wheel","false",1
"2026-05-07","0.25.0","","bdist_wheel","false",1
"2026-05-07","0.25.1","","bdist_wheel","false",1
"2026-05-07","0.25.1","Browser","sdist","false",4
"2026-05-07","0.26.0","","bdist_wheel","false",1
"2026-05-07","0.26.0","Browser","bdist_wheel","false",1
"2026-05-07","0.26.0","Browser","sdist","false",1
"2026-05-07","0.26.0","bandersnatch","bdist_wheel","false",1
"2026-05-07","0.26.0","bandersnatch","sdist","false",1
"2026-05-07","0.26.1","","bdist_wheel","false",1
"2026-05-07","0.26.1","Browser","bdist_wheel","false",1
"2026-05-07","0.26.1","Browser","sdist","false",1
"2026-05-07","0.26.1","bandersnatch","bdist_wheel","false",1
"2026-05-07","0.26.1","bandersnatch","sdist","false",1
"2026-05-07","0.26.1","uv","bdist_wheel","false",62
"2026-05-07","0.26.1","uv","bdist_wheel","true",18
"2026-05-07","0.26.2","","bdist_wheel","false",3
"2026-05-07","0.26.2","","sdist","false",1
"2026-05-07","0.26.2","Browser","bdist_wheel","false",1
"2026-05-07","0.26.2","Browser","sdist","false",1
"2026-05-07","0.26.2","bandersnatch","bdist_wheel","false",2
"2026-05-07","0.26.2","bandersnatch","sdist","false",2
"2026-05-07","0.26.2","pip","bdist_wheel","false",12
"2026-05-07","0.26.2","uv","bdist_wheel","false",11652
"2026-05-07","0.26.2","uv","bdist_wheel","true",124
"2026-05-07","0.3.0","","bdist_wheel","false",1
"2026-05-07","0.3.1","","bdist_wheel","false",1
"2026-05-07","0.4.0","","bdist_wheel","false",1
"2026-05-07","0.4.1","","bdist_wheel","false",1
"2026-05-07","0.5.0","","bdist_wheel","false",1
"2026-05-07","0.5.1","","bdist_wheel","false",1
"2026-05-07","0.6.0","","bdist_wheel","false",1
"2026-05-07","0.6.1","","bdist_wheel","false",1
"2026-05-07","0.6.2","","bdist_wheel","false",1
"2026-05-07","0.6.3","","bdist_wheel","false",1
"2026-05-07","0.6.4","","bdist_wheel","false",1
"2026-05-07","0.7.0","","bdist_wheel","false",1
"2026-05-07","0.7.1","","bdist_wheel","false",1
"2026-05-07","0.7.2","","bdist_wheel","false",1
"2026-05-07","0.8.0","","bdist_wheel","false",1
"2026-05-07","0.8.1","","bdist_wheel","false",1
"2026-05-07","0.8.2","","bdist_wheel","false",1
"2026-05-07","0.9.0","","bdist_wheel","false",1
"2026-05-07","0.9.1","","bdist_wheel","false",1
"2026-05-08","0.1.7","Browser","sdist","false",1
"2026-05-08","0.11.2","Browser","sdist","false",1
"2026-05-08","0.23.2","bandersnatch","bdist_wheel","false",1
"2026-05-08","0.23.2","bandersnatch","sdist","false",1
"2026-05-08","0.24.0","bandersnatch","bdist_wheel","false",1
"2026-05-08","0.24.0","bandersnatch","sdist","false",1
"2026-05-08","0.25.0","bandersnatch","bdist_wheel","false",1
"2026-05-08","0.25.0","bandersnatch","sdist","false",1
"2026-05-08","0.25.1","bandersnatch","bdist_wheel","false",1
"2026-05-08","0.25.1","bandersnatch","sdist","false",1
"2026-05-08","0.25.1","pip","bdist_wheel","false",2
"2026-05-08","0.26.0","bandersnatch","bdist_wheel","false",2
"2026-05-08","0.26.0","bandersnatch","sdist","false",2
"2026-05-08","0.26.0","uv","bdist_wheel","false",4
"2026-05-08","0.26.1","bandersnatch","bdist_wheel","false",2
"2026-05-08","0.26.1","bandersnatch","sdist","false",2
"2026-05-08","0.26.1","uv","bdist_wheel","false",222
"2026-05-08","0.26.1","uv","bdist_wheel","true",2
"2026-05-08","0.26.2","Browser","bdist_wheel","false",2
"2026-05-08","0.26.2","Browser","sdist","false",1
"2026-05-08","0.26.2","bandersnatch","bdist_wheel","false",4
"2026-05-08","0.26.2","bandersnatch","sdist","false",4
"2026-05-08","0.26.2","pip","bdist_wheel","false",10
"2026-05-08","0.26.2","pip","bdist_wheel","true",2
"2026-05-08","0.26.2","uv","bdist_wheel","false",49216
"2026-05-08","0.26.2","uv","bdist_wheel","true",22
"2026-05-08","0.6.2","Browser","sdist","false",1
"2026-05-08","0.8.0","Browser","bdist_wheel","false",1
"2026-05-09","0.0.1","","sdist","false",3
"2026-05-09","0.1.11","Browser","sdist","false",1
"2026-05-09","0.1.3","Browser","sdist","false",1
"2026-05-09","0.1.9","Browser","sdist","false",1
"2026-05-09","0.11.2","","sdist","false",1
"2026-05-09","0.11.3","","sdist","false",2
"2026-05-09","0.12.0","Browser","sdist","false",1
"2026-05-09","0.12.1","Browser","sdist","false",1
"2026-05-09","0.13.1","Browser","sdist","false",1
"2026-05-09","0.13.2","Browser","sdist","false",1
"2026-05-09","0.19.0","Browser","sdist","false",1
"2026-05-09","0.19.2","","bdist_wheel","false",1
"2026-05-09","0.19.2","","sdist","false",1
"2026-05-09","0.19.2","Browser","sdist","false",1
"2026-05-09","0.2.0","","sdist","false",2
"2026-05-09","0.22.2","Browser","sdist","false",1
"2026-05-09","0.23.1","Browser","bdist_wheel","false",1
"2026-05-09","0.23.1","Browser","sdist","false",1
"2026-05-09","0.24.0","Browser","sdist","false",1
"2026-05-09","0.25.0","bandersnatch","bdist_wheel","false",1
"2026-05-09","0.25.0","bandersnatch","sdist","false",1
"2026-05-09","0.25.1","Browser","sdist","false",1
"2026-05-09","0.25.1","bandersnatch","bdist_wheel","false",1
"2026-05-09","0.25.1","bandersnatch","sdist","false",1
"2026-05-09","0.26.0","bandersnatch","bdist_wheel","false",1
"2026-05-09","0.26.0","bandersnatch","sdist","false",1
"2026-05-09","0.26.1","bandersnatch","bdist_wheel","false",2
"2026-05-09","0.26.1","bandersnatch","sdist","false",2
"2026-05-09","0.26.1","pip","bdist_wheel","false",4
"2026-05-09","0.26.2","","bdist_wheel","false",3
"2026-05-09","0.26.2","","sdist","false",2
"2026-05-09","0.26.2","bandersnatch","bdist_wheel","false",3
"2026-05-09","0.26.2","bandersnatch","sdist","false",3
"2026-05-09","0.26.2","pip","bdist_wheel","false",4
"2026-05-09","0.26.2","uv","bdist_wheel","false",42511
"2026-05-09","0.26.2","uv","bdist_wheel","true",12
"2026-05-09","0.3.0","","sdist","false",2
"2026-05-09","0.3.0","Browser","sdist","false",1
"2026-05-09","0.4.0","Browser","sdist","false",1
"2026-05-09","0.4.1","Browser","sdist","false",1
"2026-05-09","0.5.1","Browser","bdist_wheel","false",1
"2026-05-09","0.6.3","Browser","bdist_wheel","false",1
"2026-05-09","0.6.3","Browser","sdist","false",1
"2026-05-09","0.7.2","Browser","sdist","false",1
"2026-05-09","0.8.0","Browser","sdist","false",1
"2026-05-09","0.9.1","","sdist","false",3
"2026-05-10","0.0.1","","sdist","false",1
"2026-05-10","0.1.1","","sdist","false",1
"2026-05-10","0.1.10","","sdist","false",1
"2026-05-10","0.1.11","","sdist","false",1
"2026-05-10","0.1.2","","sdist","false",1
"2026-05-10","0.1.3","","sdist","false",1
"2026-05-10","0.1.4","","sdist","false",1
"2026-05-10","0.1.5","","sdist","false",1
"2026-05-10","0.1.6","","sdist","false",1
"2026-05-10","0.1.7","","sdist","false",1
"2026-05-10","0.1.8","","sdist","false",1
"2026-05-10","0.1.9","","sdist","false",1
"2026-05-10","0.10.0","","sdist","false",1
"2026-05-10","0.10.1","","sdist","false",1
"2026-05-10","0.10.2","","sdist","false",1
"2026-05-10","0.10.3","","sdist","false",1
"2026-05-10","0.11.0","","sdist","false",1
"2026-05-10","0.11.1","","sdist","false",1
"2026-05-10","0.11.2","","sdist","false",1
"2026-05-10","0.11.3","","sdist","false",1
"2026-05-10","0.12.0","","sdist","false",1
"2026-05-10","0.12.1","","sdist","false",1
"2026-05-10","0.13.0","","sdist","false",1
"2026-05-10","0.13.1","","sdist","false",1
"2026-05-10","0.13.2","","sdist","false",1
"2026-05-10","0.14.0","","sdist","false",1
"2026-05-10","0.14.1","","sdist","false",1
"2026-05-10","0.15.0","","sdist","false",1
"2026-05-10","0.16.0","","sdist","false",1
"2026-05-10","0.16.1","","sdist","false",1
"2026-05-10","0.16.2","","sdist","false",1
"2026-05-10","0.17.0","","sdist","false",1
"2026-05-10","0.17.1","","sdist","false",1
"2026-05-10","0.17.2","","sdist","false",1
"2026-05-10","0.17.2","Browser","bdist_wheel","false",1
"2026-05-10","0.18.0","","sdist","false",1
"2026-05-10","0.18.0","Browser","sdist","false",1
"2026-05-10","0.19.0","","sdist","false",1
"2026-05-10","0.19.1","","sdist","false",1
"2026-05-10","0.19.2","","sdist","false",1
"2026-05-10","0.2.0","","sdist","false",1
"2026-05-10","0.20.0","","sdist","false",1
"2026-05-10","0.21.0","","sdist","false",1
"2026-05-10","0.21.0","Browser","sdist","false",1
"2026-05-10","0.21.1","","sdist","false",1
"2026-05-10","0.21.2","","sdist","false",1
"2026-05-10","0.22.0","","sdist","false",1
"2026-05-10","0.22.1","","sdist","false",1
"2026-05-10","0.22.2","","sdist","false",1
"2026-05-10","0.22.3","","sdist","false",1
"2026-05-10","0.22.4","","sdist","false",1
"2026-05-10","0.23.0","","sdist","false",1
"2026-05-10","0.23.1","","sdist","false",1
"2026-05-10","0.23.2","","sdist","false",1
"2026-05-10","0.24.0","","sdist","false",1
"2026-05-10","0.24.0","pip","bdist_wheel","false",7
"2026-05-10","0.25.0","","sdist","false",1
"2026-05-10","0.25.1","","sdist","false",1
"2026-05-10","0.25.1","uv","bdist_wheel","true",2
"2026-05-10","0.26.0","","sdist","false",1
"2026-05-10","0.26.0","uv","bdist_wheel","false",4
"2026-05-10","0.26.1","","sdist","false",1
"2026-05-10","0.26.1","uv","bdist_wheel","false",2
"2026-05-10","0.26.2","","sdist","false",2
"2026-05-10","0.26.2","bandersnatch","bdist_wheel","false",2
"2026-05-10","0.26.2","bandersnatch","sdist","false",2
"2026-05-10","0.26.2","requests","sdist","false",1
"2026-05-10","0.26.2","uv","bdist_wheel","false",56041
"2026-05-10","0.26.2","uv","bdist_wheel","true",18
"2026-05-10","0.3.0","","sdist","false",1
"2026-05-10","0.3.1","","sdist","false",1
"2026-05-10","0.4.0","","sdist","false",1
"2026-05-10","0.4.1","","sdist","false",1
"2026-05-10","0.5.0","","sdist","false",1
"2026-05-10","0.5.1","","sdist","false",1
"2026-05-10","0.6.0","","sdist","false",1
"2026-05-10","0.6.1","","sdist","false",1
"2026-05-10","0.6.2","","sdist","false",1
"2026-05-10","0.6.3","","sdist","false",1
"2026-05-10","0.6.4","","sdist","false",1
"2026-05-10","0.7.0","","sdist","false",1
"2026-05-10","0.7.1","","sdist","false",1
"2026-05-10","0.7.2","","sdist","false",1
"2026-05-10","0.8.0","","sdist","false",1
"2026-05-10","0.8.1","","sdist","false",1
"2026-05-10","0.8.2","","sdist","false",1
"2026-05-10","0.9.0","","sdist","false",1
"2026-05-10","0.9.1","","sdist","false",1
